k,stop_width,n,clusters,unresolved,excess_gross_R,se_gross_R,t,ci_low_R,ci_high_R,p_signal,p_control,signal_gross_R,control_gross_R,cost_R,signal_net_R,control_net_R,excess_net_R,break_even_cost_R,edge_to_cost,required_multiple,exec_tf,regime,band,stage,scenario,signal_real,economics_viable
0.25,0.0025,82662,1416,8,-0.0022229077447920445,0.001534986469568208,-1.448161132923438,-0.005231481225145732,0.0007856657355616431,0.7721806876194623,0.773959013815296,-0.034774140475672066,-0.03255123273088001,0.632,-0.6667741404756721,-0.66455123273088,-0.0022229077447920445,-0.0022229077447920445,-0.0035172590898608297,,5,ALL,primary,B,A_baseline,False,False
0.25,0.0025,82662,1416,8,-0.0022229077447920445,0.001534986469568208,-1.448161132923438,-0.005231481225145732,0.0007856657355616431,0.7721806876194623,0.773959013815296,-0.034774140475672066,-0.03255123273088001,0.552,-0.5867741404756721,-0.58455123273088,-0.0022229077447920445,-0.0022229077447920445,-0.004027006784043559,,5,ALL,primary,B,B_low_slip,False,False
0.25,0.0025,82662,1416,8,-0.0022229077447920445,0.001534986469568208,-1.448161132923438,-0.005231481225145732,0.0007856657355616431,0.7721806876194623,0.773959013815296,-0.034774140475672066,-0.03255123273088001,0.872,-0.9067741404756721,-0.90455123273088,-0.0022229077447920445,-0.0022229077447920445,-0.002549206129348675,,5,ALL,primary,B,C_high_slip,False,False
0.25,0.0025,82662,1416,8,-0.0022229077447920445,0.001534986469568208,-1.448161132923438,-0.005231481225145732,0.0007856657355616431,0.7721806876194623,0.773959013815296,-0.034774140475672066,-0.03255123273088001,0.4104,-0.44517414047567205,-0.44295123273088,-0.0022229077447920445,-0.0022229077447920445,-0.005416441873274963,,5,ALL,primary,B,D_fee_sens,False,False
0.5,0.0025,82660,1415,10,-0.0007621582385676264,0.002471748328428062,-0.30834783210001404,-0.005606784962286628,0.004082468485151375,0.6569199128962013,0.6574280183885797,-0.014620130655698005,-0.013857972417130493,0.632,-0.646620130655698,-0.6458579724171305,-0.0007621582385676264,-0.0007621582385676264,-0.001205946580012067,,5,ALL,primary,B,A_baseline,False,False
0.5,0.0025,82660,1415,10,-0.0007621582385676264,0.002471748328428062,-0.30834783210001404,-0.005606784962286628,0.004082468485151375,0.6569199128962013,0.6574280183885797,-0.014620130655698005,-0.013857972417130493,0.552,-0.566620130655698,-0.5658579724171305,-0.0007621582385676264,-0.0007621582385676264,-0.0013807214466804824,,5,ALL,primary,B,B_low_slip,False,False
0.5,0.0025,82660,1415,10,-0.0007621582385676264,0.002471748328428062,-0.30834783210001404,-0.005606784962286628,0.004082468485151375,0.6569199128962013,0.6574280183885797,-0.014620130655698005,-0.013857972417130493,0.872,-0.886620130655698,-0.8858579724171305,-0.0007621582385676264,-0.0007621582385676264,-0.0008740346772564522,,5,ALL,primary,B,C_high_slip,False,False
0.5,0.0025,82660,1415,10,-0.0007621582385676264,0.002471748328428062,-0.30834783210001404,-0.005606784962286628,0.004082468485151375,0.6569199128962013,0.6574280183885797,-0.014620130655698005,-0.013857972417130493,0.4104,-0.425020130655698,-0.4242579724171305,-0.0007621582385676264,-0.0007621582385676264,-0.0018571107177573743,,5,ALL,primary,B,D_fee_sens,False,False
0.75,0.0025,82657,1415,13,0.0021912844647156322,0.0033826508476457115,0.6478009594873626,-0.004438711196669962,0.008821280126101226,0.5706594722770001,0.5694073097257341,-0.0013459235152498694,-0.0035372079799653733,0.632,-0.6333459235152499,-0.6355372079799654,0.0021912844647156322,0.0021912844647156322,0.0034672222542968863,288.41531538992405,5,ALL,primary,B,A_baseline,False,False
0.75,0.0025,82657,1415,13,0.0021912844647156322,0.0033826508476457115,0.6478009594873626,-0.004438711196669962,0.008821280126101226,0.5706594722770001,0.5694073097257341,-0.0013459235152498694,-0.0035372079799653733,0.552,-0.5533459235152499,-0.5555372079799654,0.0021912844647156322,0.0021912844647156322,0.003969718233180493,251.90704761904763,5,ALL,primary,B,B_low_slip,False,False
0.75,0.0025,82657,1415,13,0.0021912844647156322,0.0033826508476457115,0.6478009594873626,-0.004438711196669962,0.008821280126101226,0.5706594722770001,0.5694073097257341,-0.0013459235152498694,-0.0035372079799653733,0.872,-0.8733459235152499,-0.8755372079799654,0.0021912844647156322,0.0021912844647156322,0.002512940899903248,397.94011870255343,5,ALL,primary,B,C_high_slip,False,False
0.75,0.0025,82657,1415,13,0.0021912844647156322,0.0033826508476457115,0.6478009594873626,-0.004438711196669962,0.008821280126101226,0.5706594722770001,0.5694073097257341,-0.0013459235152498694,-0.0035372079799653733,0.4104,-0.41174592351524986,-0.41393720797996536,0.0021912844647156322,0.0021912844647156322,0.005339387097260313,187.28741366459624,5,ALL,primary,B,D_fee_sens,False,False
1.0,0.0025,82656,1415,14,0.002068815331010453,0.004271758265789013,0.4843006561440652,-0.006303830869936012,0.010441461531956919,0.5021897986837012,0.501155391018196,0.004379597367402344,0.0023107820363919007,0.632,-0.6276204026325977,-0.6296892179636081,0.002068815331010453,0.002068815331010453,0.003273441979446919,305.4888421052632,5,ALL,primary,B,A_baseline,False,False
1.0,0.0025,82656,1415,14,0.002068815331010453,0.004271758265789013,0.4843006561440652,-0.006303830869936012,0.010441461531956919,0.5021897986837012,0.501155391018196,0.004379597367402344,0.0023107820363919007,0.552,-0.5476204026325977,-0.5496892179636081,0.002068815331010453,0.002068815331010453,0.0037478538605261826,266.8193684210527,5,ALL,primary,B,B_low_slip,False,False
1.0,0.0025,82656,1415,14,0.002068815331010453,0.004271758265789013,0.4843006561440652,-0.006303830869936012,0.010441461531956919,0.5021897986837012,0.501155391018196,0.004379597367402344,0.0023107820363919007,0.872,-0.8676204026325977,-0.8696892179636081,0.002068815331010453,0.002068815331010453,0.002372494645654189,421.49726315789474,5,ALL,primary,B,C_high_slip,False,False
1.0,0.0025,82656,1415,14,0.002068815331010453,0.004271758265789013,0.4843006561440652,-0.006303830869936012,0.010441461531956919,0.5021897986837012,0.501155391018196,0.004379597367402344,0.0023107820363919007,0.4104,-0.40602040263259764,-0.4080892179636081,0.002068815331010453,0.002068815331010453,0.005040973028777907,198.3744,5,ALL,primary,B,D_fee_sens,False,False
0.25,0.005,82650,1415,20,0.0008696309739866909,0.0016070369952271137,0.5411393618003117,-0.0022801615366584522,0.004019423484631834,0.7916394434361766,0.7909437386569873,-0.01045069570477919,-0.011320326678765813,0.316,-0.3264506957047792,-0.3273203266787658,0.0008696309739866909,0.0008696309739866909,0.0027519967531224395,363.37252173913043,5,ALL,primary,B,A_baseline,False,False
0.25,0.005,82650,1415,20,0.0008696309739866909,0.0016070369952271137,0.5411393618003117,-0.0022801615366584522,0.004019423484631834,0.7916394434361766,0.7909437386569873,-0.01045069570477919,-0.011320326678765813,0.276,-0.2864506957047792,-0.28732032667876584,0.0008696309739866909,0.0008696309739866909,0.0031508368622706192,317.37600000000003,5,ALL,primary,B,B_low_slip,False,False
0.25,0.005,82650,1415,20,0.0008696309739866909,0.0016070369952271137,0.5411393618003117,-0.0022801615366584522,0.004019423484631834,0.7916394434361766,0.7909437386569873,-0.01045069570477919,-0.011320326678765813,0.436,-0.4464506957047792,-0.4473203266787658,0.0008696309739866909,0.0008696309739866909,0.001994566454097915,501.3620869565217,5,ALL,primary,B,C_high_slip,False,False
0.25,0.005,82650,1415,20,0.0008696309739866909,0.0016070369952271137,0.5411393618003117,-0.0022801615366584522,0.004019423484631834,0.7916394434361766,0.7909437386569873,-0.01045069570477919,-0.011320326678765813,0.2052,-0.21565069570477918,-0.2165203266787658,0.0008696309739866909,0.0008696309739866909,0.004237967709486798,235.9621565217391,5,ALL,primary,B,D_fee_sens,False,False
0.5,0.005,82635,1412,35,0.004919223089489925,0.0026744565994515353,1.8393355459567886,-0.0003227118454350833,0.010161158024414935,0.6657106552913414,0.6624311732316814,-0.0014340170629878468,-0.006353240152477846,0.316,-0.31743401706298785,-0.32235324015247785,0.004919223089489925,0.004919223089489925,0.01556716167560103,64.23778597785979,5,ALL,primary,B,A_baseline,False,False
0.5,0.005,82635,1412,35,0.004919223089489925,0.0026744565994515353,1.8393355459567886,-0.0003227118454350833,0.010161158024414935,0.6657106552913414,0.6624311732316814,-0.0014340170629878468,-0.006353240152477846,0.276,-0.27743401706298787,-0.28235324015247787,0.004919223089489925,0.004919223089489925,0.017823272063369294,56.10642066420665,5,ALL,primary,B,B_low_slip,False,False
0.5,0.005,82635,1412,35,0.004919223089489925,0.0026744565994515353,1.8393355459567886,-0.0003227118454350833,0.010161158024414935,0.6657106552913414,0.6624311732316814,-0.0014340170629878468,-0.006353240152477846,0.436,-0.43743401706298785,-0.44235324015247784,0.004919223089489925,0.004919223089489925,0.01128262176488515,88.63188191881919,5,ALL,primary,B,C_high_slip,False,False
0.5,0.005,82635,1412,35,0.004919223089489925,0.0026744565994515353,1.8393355459567886,-0.0003227118454350833,0.010161158024414935,0.6657106552913414,0.6624311732316814,-0.0014340170629878468,-0.006353240152477846,0.2052,-0.20663401706298784,-0.21155324015247784,0.004919223089489925,0.004919223089489925,0.02397282207353765,41.713904059040594,5,ALL,primary,B,D_fee_sens,False,False
0.75,0.005,82629,1412,41,0.007804463324014571,0.003632166502862283,2.1487074774420063,0.0006854169784044953,0.014923509669624645,0.5744714325478948,0.5700117392198865,0.00532500695881577,-0.00247945636519864,0.316,-0.31067499304118423,-0.31847945636519864,0.007804463324014571,0.007804463324014571,0.024697668746881552,40.48965148284552,5,ALL,primary,B,A_baseline,True,False
0.75,0.005,82629,1412,41,0.007804463324014571,0.003632166502862283,2.1487074774420063,0.0006854169784044953,0.014923509669624645,0.5744714325478948,0.5700117392198865,0.00532500695881577,-0.00247945636519864,0.276,-0.27067499304118425,-0.27847945636519866,0.007804463324014571,0.007804463324014571,0.028277041029038295,35.36437914324482,5,ALL,primary,B,B_low_slip,True,False
0.75,0.005,82629,1412,41,0.007804463324014571,0.003632166502862283,2.1487074774420063,0.0006854169784044953,0.014923509669624645,0.5744714325478948,0.5700117392198865,0.00532500695881577,-0.00247945636519864,0.436,-0.43067499304118423,-0.43847945636519864,0.007804463324014571,0.007804463324014571,0.017900145238565528,55.86546850164761,5,ALL,primary,B,C_high_slip,True,False
0.75,0.005,82629,1412,41,0.007804463324014571,0.003632166502862283,2.1487074774420063,0.0006854169784044953,0.014923509669624645,0.5744714325478948,0.5700117392198865,0.00532500695881577,-0.00247945636519864,0.2052,-0.19987499304118422,-0.20767945636519863,0.007804463324014571,0.007804463324014571,0.03803344699812169,26.29264710215158,5,ALL,primary,B,D_fee_sens,True,False
1.0,0.005,82629,1412,41,0.008919386656016652,0.004433520008265147,2.0118070155065886,0.00022968743981696335,0.01760908587221634,0.506722821285505,0.5022631279574967,0.013445642571010108,0.004526255914993449,0.316,-0.3025543574289899,-0.31147374408500655,0.008919386656016652,0.008919386656016652,0.028225907139293203,35.428445047489824,5,ALL,primary,B,A_baseline,True,False
1.0,0.005,82629,1412,41,0.008919386656016652,0.004433520008265147,2.0118070155065886,0.00022968743981696335,0.01760908587221634,0.506722821285505,0.5022631279574967,0.013445642571010108,0.004526255914993449,0.276,-0.2625543574289899,-0.2714737440850066,0.008919386656016652,0.008919386656016652,0.03231661831890091,30.943831750339218,5,ALL,primary,B,B_low_slip,True,False
1.0,0.005,82629,1412,41,0.008919386656016652,0.004433520008265147,2.0118070155065886,0.00022968743981696335,0.01760908587221634,0.506722821285505,0.5022631279574967,0.013445642571010108,0.004526255914993449,0.436,-0.4225543574289899,-0.43147374408500655,0.008919386656016652,0.008919386656016652,0.02045730884407489,48.88228493894166,5,ALL,primary,B,C_high_slip,True,False
1.0,0.005,82629,1412,41,0.008919386656016652,0.004433520008265147,2.0118070155065886,0.00022968743981696335,0.01760908587221634,0.506722821285505,0.5022631279574967,0.013445642571010108,0.004526255914993449,0.2052,-0.19175435742898989,-0.20067374408500654,0.008919386656016652,0.008919386656016652,0.04346679656928193,23.006066214382635,5,ALL,primary,B,D_fee_sens,True,False
0.25,0.0075,82627,1412,43,0.001232950488339163,0.001656270979322243,0.7444135070480401,-0.0020133406311324334,0.0044792416078107584,0.7940382683626418,0.7930519079719704,-0.007452164546697726,-0.008685115035036883,0.21066666666666667,-0.2181188312133644,-0.21935178170170355,0.001232950488339163,0.001232950488339163,0.005852613077559318,170.86384948875252,5,ALL,primary,B,A_baseline,False,False
0.25,0.0075,82627,1412,43,0.001232950488339163,0.001656270979322243,0.7444135070480401,-0.0020133406311324334,0.0044792416078107584,0.7940382683626418,0.7930519079719704,-0.007452164546697726,-0.008685115035036883,0.18400000000000002,-0.19145216454669775,-0.1926851150350369,0.001232950488339163,0.001232950488339163,0.0067008178714084935,149.23551411042945,5,ALL,primary,B,B_low_slip,False,False
0.25,0.0075,82627,1412,43,0.001232950488339163,0.001656270979322243,0.7444135070480401,-0.0020133406311324334,0.0044792416078107584,0.7940382683626418,0.7930519079719704,-0.007452164546697726,-0.008685115035036883,0.2906666666666667,-0.2981188312133644,-0.29935178170170357,0.001232950488339163,0.001232950488339163,0.004241802138781524,235.74885562372185,5,ALL,primary,B,C_high_slip,False,False
0.25,0.0075,82627,1412,43,0.001232950488339163,0.001656270979322243,0.7444135070480401,-0.0020133406311324334,0.0044792416078107584,0.7940382683626418,0.7930519079719704,-0.007452164546697726,-0.008685115035036883,0.1368,-0.14425216454669773,-0.1454851150350369,0.001232950488339163,0.001232950488339163,0.009012795967391542,110.95336049079754,5,ALL,primary,B,D_fee_sens,False,False
0.5,0.0075,82615,1412,55,0.004439266477032016,0.002665683181181346,1.6653391177059063,-0.0007854725580834217,0.009664005512147453,0.6657749803304485,0.6628154693457604,-0.001337529504327306,-0.005776795981359384,0.21066666666666667,-0.21200419617099397,-0.21644346264802605,0.004439266477032016,0.004439266477032016,0.0210724674542659,47.455287434673934,5,ALL,primary,B,A_baseline,False,False
0.5,0.0075,82615,1412,55,0.004439266477032016,0.002665683181181346,1.6653391177059063,-0.0007854725580834217,0.009664005512147453,0.6657749803304485,0.6628154693457604,-0.001337529504327306,-0.005776795981359384,0.18400000000000002,-0.18533752950432733,-0.1897767959813594,0.004439266477032016,0.004439266477032016,0.024126448244739217,41.44828902522154,5,ALL,primary,B,B_low_slip,False,False
0.5,0.0075,82615,1412,55,0.004439266477032016,0.002665683181181346,1.6653391177059063,-0.0007854725580834217,0.009664005512147453,0.6657749803304485,0.6628154693457604,-0.001337529504327306,-0.005776795981359384,0.2906666666666667,-0.292004196170994,-0.29644346264802607,0.004439266477032016,0.004439266477032016,0.015272705769605559,65.47628266303113,5,ALL,primary,B,C_high_slip,False,False
0.5,0.0075,82615,1412,55,0.004439266477032016,0.002665683181181346,1.6653391177059063,-0.0007854725580834217,0.009664005512147453,0.6657749803304485,0.6628154693457604,-0.001337529504327306,-0.005776795981359384,0.1368,-0.1381375295043273,-0.1425767959813594,0.004439266477032016,0.004439266477032016,0.03245077834087731,30.8159018404908,5,ALL,primary,B,D_fee_sens,False,False
0.75,0.0075,82613,1412,57,0.005444058441165434,0.0036126994530342954,1.5069225967836837,-0.001636832486781785,0.012524949369112652,0.5746432159587475,0.5715323254209386,0.0056256279278079635,0.00018156948664249661,0.21066666666666667,-0.2050410387388587,-0.21048509718002417,0.005444058441165434,0.005444058441165434,0.025842049562494147,38.6966210857884,5,ALL,primary,B,A_baseline,False,False
0.75,0.0075,82613,1412,57,0.005444058441165434,0.0036126994530342954,1.5069225967836837,-0.001636832486781785,0.012524949369112652,0.5746432159587475,0.5715323254209386,0.0056256279278079635,0.00018156948664249661,0.18400000000000002,-0.17837437207219206,-0.18381843051335753,0.005444058441165434,0.005444058441165434,0.02958727413676866,33.79831461923291,5,ALL,primary,B,B_low_slip,False,False
0.75,0.0075,82613,1412,57,0.005444058441165434,0.0036126994530342954,1.5069225967836837,-0.001636832486781785,0.012524949369112652,0.5746432159587475,0.5715323254209386,0.0056256279278079635,0.00018156948664249661,0.2906666666666667,-0.2850410387388587,-0.2904850971800242,0.005444058441165434,0.005444058441165434,0.018729558857220528,53.39154048545489,5,ALL,primary,B,C_high_slip,False,False
0.75,0.0075,82613,1412,57,0.005444058441165434,0.0036126994530342954,1.5069225967836837,-0.001636832486781785,0.012524949369112652,0.5746432159587475,0.5715323254209386,0.0056256279278079635,0.00018156948664249661,0.1368,-0.13117437207219204,-0.1366184305133575,0.005444058441165434,0.005444058441165434,0.039795748838928606,25.128312173429684,5,ALL,primary,B,D_fee_sens,False,False
1.0,0.0075,82613,1412,57,0.004926585404234201,0.0045669917350186886,1.0787375344821026,-0.004024718396402428,0.01387788920487083,0.5048721145582414,0.5024088218561243,0.009744229116482872,0.004817643712248687,0.21066666666666667,-0.2009224375501838,-0.20584902295441798,0.004926585404234201,0.004926585404234201,0.02338569020997247,42.761192465192465,5,ALL,primary,B,A_baseline,False,False
1.0,0.0075,82613,1412,57,0.004926585404234201,0.0045669917350186886,1.0787375344821026,-0.004024718396402428,0.01387788920487083,0.5048721145582414,0.5024088218561243,0.009744229116482872,0.004817643712248687,0.18400000000000002,-0.17425577088351715,-0.17918235628775134,0.004926585404234201,0.004926585404234201,0.02677492067518587,37.348383292383296,5,ALL,primary,B,B_low_slip,False,False
1.0,0.0075,82613,1412,57,0.004926585404234201,0.0045669917350186886,1.0787375344821026,-0.004024718396402428,0.01387788920487083,0.5048721145582414,0.5024088218561243,0.009744229116482872,0.004817643712248687,0.2906666666666667,-0.2809224375501838,-0.285849022954418,0.004926585404234201,0.004926585404234201,0.01694926171181491,58.999619983619986,5,ALL,primary,B,C_high_slip,False,False
1.0,0.0075,82613,1412,57,0.004926585404234201,0.0045669917350186886,1.0787375344821026,-0.004024718396402428,0.01387788920487083,0.5048721145582414,0.5024088218561243,0.009744229116482872,0.004817643712248687,0.1368,-0.12705577088351713,-0.13198235628775132,0.004926585404234201,0.004926585404234201,0.0360130512005424,27.767711056511057,5,ALL,primary,B,D_fee_sens,False,False
0.25,0.01,82619,1412,51,0.0018306926978055894,0.0016977554944079215,1.0783017365195033,-0.0014969080712339362,0.005158293466845116,0.794345126423704,0.7928805722654595,-0.0070685919703699085,-0.008899284668175689,0.158,-0.1650685919703699,-0.1668992846681757,0.0018306926978055894,0.0018306926978055894,0.011586662644339173,86.30612892561984,5,ALL,primary,B,A_baseline,False,False
0.25,0.01,82619,1412,51,0.0018306926978055894,0.0016977554944079215,1.0783017365195033,-0.0014969080712339362,0.005158293466845116,0.794345126423704,0.7928805722654595,-0.0070685919703699085,-0.008899284668175689,0.138,-0.14506859197036992,-0.1468992846681757,0.0018306926978055894,0.0018306926978055894,0.013265889114533256,75.38130247933886,5,ALL,primary,B,B_low_slip,False,False
0.25,0.01,82619,1412,51,0.0018306926978055894,0.0016977554944079215,1.0783017365195033,-0.0014969080712339362,0.005158293466845116,0.794345126423704,0.7928805722654595,-0.0070685919703699085,-0.008899284668175689,0.218,-0.2250685919703699,-0.2268992846681757,0.0018306926978055894,0.0018306926978055894,0.008397672925713712,119.08060826446281,5,ALL,primary,B,C_high_slip,False,False
0.25,0.01,82619,1412,51,0.0018306926978055894,0.0016977554944079215,1.0783017365195033,-0.0014969080712339362,0.005158293466845116,0.794345126423704,0.7928805722654595,-0.0070685919703699085,-0.008899284668175689,0.1026,-0.1096685919703699,-0.11149928466817569,0.0018306926978055894,0.0018306926978055894,0.017843008750541806,56.04435966942149,5,ALL,primary,B,D_fee_sens,False,False
0.5,0.01,82609,1412,61,0.004267089542301686,0.0025570456996978114,1.668757638084437,-0.0007447200291060244,0.009278899113709396,0.668619641927635,0.6657749155661006,0.002929462891452461,-0.001337626650849133,0.158,-0.15507053710854754,-0.15933762665084913,0.004267089542301686,0.004267089542301686,0.027006895837352444,37.02758014184397,5,ALL,primary,B,A_baseline,False,False
0.5,0.01,82609,1412,61,0.004267089542301686,0.0025570456996978114,1.668757638084437,-0.0007447200291060244,0.009278899113709396,0.668619641927635,0.6657749155661006,0.002929462891452461,-0.001337626650849133,0.138,-0.13507053710854755,-0.13933762665084914,0.004267089542301686,0.004267089542301686,0.030920938712331057,32.34054468085107,5,ALL,primary,B,B_low_slip,False,False
0.5,0.01,82609,1412,61,0.004267089542301686,0.0025570456996978114,1.668757638084437,-0.0007447200291060244,0.009278899113709396,0.668619641927635,0.6657749155661006,0.002929462891452461,-0.001337626650849133,0.218,-0.21507053710854754,-0.21933762665084913,0.004267089542301686,0.004267089542301686,0.019573805239915993,51.0886865248227,5,ALL,primary,B,C_high_slip,False,False
0.5,0.01,82609,1412,61,0.004267089542301686,0.0025570456996978114,1.668757638084437,-0.0007447200291060244,0.009278899113709396,0.668619641927635,0.6657749155661006,0.002929462891452461,-0.001337626650849133,0.1026,-0.09967053710854754,-0.10393762665084913,0.004267089542301686,0.004267089542301686,0.04158956668910026,24.044491914893616,5,ALL,primary,B,D_fee_sens,False,False
0.75,0.01,82609,1412,61,0.0026903848248980133,0.0035469940011094965,0.7584971454861393,-0.004261723417276599,0.009642493067072625,0.5730247309615175,0.5714873682044329,0.0027932791826557057,0.00010289435775767686,0.158,-0.1552067208173443,-0.15789710564224232,0.0026903848248980133,0.0026903848248980133,0.01702775205631654,58.727658042744665,5,ALL,primary,B,A_baseline,False,False
0.75,0.01,82609,1412,61,0.0026903848248980133,0.0035469940011094965,0.7584971454861393,-0.004261723417276599,0.009642493067072625,0.5730247309615175,0.5714873682044329,0.0027932791826557057,0.00010289435775767686,0.138,-0.1352067208173443,-0.13789710564224233,0.0026903848248980133,0.0026903848248980133,0.019495542209405893,51.29377727784028,5,ALL,primary,B,B_low_slip,False,False
0.75,0.01,82609,1412,61,0.0026903848248980133,0.0035469940011094965,0.7584971454861393,-0.004261723417276599,0.009642493067072625,0.5730247309615175,0.5714873682044329,0.0027932791826557057,0.00010289435775767686,0.218,-0.2152067208173443,-0.21789710564224232,0.0026903848248980133,0.0026903848248980133,0.012341214793110152,81.02930033745783,5,ALL,primary,B,C_high_slip,False,False
0.75,0.01,82609,1412,61,0.0026903848248980133,0.0035469940011094965,0.7584971454861393,-0.004261723417276599,0.009642493067072625,0.5730247309615175,0.5714873682044329,0.0027932791826557057,0.00010289435775767686,0.1026,-0.09980672081734429,-0.10249710564224232,0.0026903848248980133,0.0026903848248980133,0.02622207431674477,38.13580832395951,5,ALL,primary,B,D_fee_sens,False,False
1.0,0.01,82608,1412,62,0.0039221382916908775,0.004375516267800838,0.8963829755482017,-0.004653873593198765,0.01249815017658052,0.5041400348634515,0.502178965717606,0.008280069726902983,0.004357931435212015,0.158,-0.14971993027309702,-0.153642068564788,0.0039221382916908775,0.0039221382916908775,0.024823660073992896,40.28414814814815,5,ALL,primary,B,A_baseline,False,False
1.0,0.01,82608,1412,62,0.0039221382916908775,0.004375516267800838,0.8963829755482017,-0.004653873593198765,0.01249815017658052,0.5041400348634515,0.502178965717606,0.008280069726902983,0.004357931435212015,0.138,-0.12971993027309703,-0.133642068564788,0.0039221382916908775,0.0039221382916908775,0.02842129196877447,35.18488888888889,5,ALL,primary,B,B_low_slip,False,False
1.0,0.01,82608,1412,62,0.0039221382916908775,0.004375516267800838,0.8963829755482017,-0.004653873593198765,0.01249815017658052,0.5041400348634515,0.502178965717606,0.008280069726902983,0.004357931435212015,0.218,-0.20971993027309702,-0.21364206856478798,0.0039221382916908775,0.0039221382916908775,0.017991460053627877,55.58192592592592,5,ALL,primary,B,C_high_slip,False,False
1.0,0.01,82608,1412,62,0.0039221382916908775,0.004375516267800838,0.8963829755482017,-0.004653873593198765,0.01249815017658052,0.5041400348634515,0.502178965717606,0.008280069726902983,0.004357931435212015,0.1026,-0.09431993027309701,-0.09824206856478798,0.0039221382916908775,0.0039221382916908775,0.03822746872993058,26.1592,5,ALL,primary,B,D_fee_sens,False,False
0.25,0.015,82608,1412,62,0.0034348973465039706,0.001719464828599598,1.9976549036489977,6.474628244875847e-05,0.006805048410559182,0.7962667054038349,0.7935187875266319,-0.004666618245206311,-0.008101515591710129,0.10533333333333333,-0.10999995157853965,-0.11343484892504346,0.0034348973465039706,0.0034348973465039706,0.032609784935164275,30.6656422907489,5,ALL,primary,B,A_baseline,True,False
0.25,0.015,82608,1412,62,0.0034348973465039706,0.001719464828599598,1.9976549036489977,6.474628244875847e-05,0.006805048410559182,0.7962667054038349,0.7935187875266319,-0.004666618245206311,-0.008101515591710129,0.09200000000000001,-0.09666661824520632,-0.10010151559171014,0.0034348973465039706,0.0034348973465039706,0.03733584072286924,26.783915418502207,5,ALL,primary,B,B_low_slip,True,False
0.25,0.015,82608,1412,62,0.0034348973465039706,0.001719464828599598,1.9976549036489977,6.474628244875847e-05,0.006805048410559182,0.7962667054038349,0.7935187875266319,-0.004666618245206311,-0.008101515591710129,0.14533333333333334,-0.14999995157853965,-0.15343484892504347,0.0034348973465039706,0.0034348973465039706,0.023634614769522732,42.31082290748899,5,ALL,primary,B,C_high_slip,True,False
0.25,0.015,82608,1412,62,0.0034348973465039706,0.001719464828599598,1.9976549036489977,6.474628244875847e-05,0.006805048410559182,0.7962667054038349,0.7935187875266319,-0.004666618245206311,-0.008101515591710129,0.0684,-0.07306661824520631,-0.07650151559171013,0.0034348973465039706,0.0034348973465039706,0.05021779746350834,19.91325885462555,5,ALL,primary,B,D_fee_sens,True,False
0.5,0.015,82599,1412,71,0.0022972433080303634,0.002529692741041199,0.9081115942503115,-0.002660954464410386,0.007255441080471113,0.665395464836136,0.6638639692974492,-0.0019068027457960213,-0.004204046053826183,0.10533333333333333,-0.10724013607912936,-0.10953737938715952,0.0022972433080303634,0.0022972433080303634,0.021809271911680667,45.852057971014496,5,ALL,primary,B,A_baseline,False,False
0.5,0.015,82599,1412,71,0.0022972433080303634,0.002529692741041199,0.9081115942503115,-0.002660954464410386,0.007255441080471113,0.665395464836136,0.6638639692974492,-0.0019068027457960213,-0.004204046053826183,0.09200000000000001,-0.09390680274579603,-0.0962040460538262,0.0022972433080303634,0.0022972433080303634,0.024970035956851773,40.04800000000001,5,ALL,primary,B,B_low_slip,False,False
0.5,0.015,82599,1412,71,0.0022972433080303634,0.002529692741041199,0.9081115942503115,-0.002660954464410386,0.007255441080471113,0.665395464836136,0.6638639692974492,-0.0019068027457960213,-0.004204046053826183,0.14533333333333334,-0.14724013607912936,-0.14953737938715952,0.0022972433080303634,0.0022972433080303634,0.015806720009383234,63.26423188405798,5,ALL,primary,B,C_high_slip,False,False
0.5,0.015,82599,1412,71,0.0022972433080303634,0.002529692741041199,0.9081115942503115,-0.002660954464410386,0.007255441080471113,0.665395464836136,0.6638639692974492,-0.0019068027457960213,-0.004204046053826183,0.0684,-0.07030680274579602,-0.07260404605382619,0.0022972433080303634,0.0022972433080303634,0.03358542847997607,29.77481739130435,5,ALL,primary,B,D_fee_sens,False,False
0.75,0.015,82587,1412,83,0.002320280431544916,0.0032526173879570876,0.7133579375600165,-0.004054849648850976,0.008695410511940808,0.5727899064017339,0.5714640318694225,0.0023823362030341855,6.20557714894332e-05,0.10533333333333333,-0.10295099713029915,-0.1052712775618439,0.002320280431544916,0.002320280431544916,0.02202797878048971,45.39681148075669,5,ALL,primary,B,A_baseline,False,False
0.75,0.015,82587,1412,83,0.002320280431544916,0.0032526173879570876,0.7133579375600165,-0.004054849648850976,0.008695410511940808,0.5727899064017339,0.5714640318694225,0.0023823362030341855,6.20557714894332e-05,0.09200000000000001,-0.08961766379696583,-0.09193794422851058,0.002320280431544916,0.002320280431544916,0.0252204394733143,39.65037964774952,5,ALL,primary,B,B_low_slip,False,False
0.75,0.015,82587,1412,83,0.002320280431544916,0.0032526173879570876,0.7133579375600165,-0.004054849648850976,0.008695410511940808,0.5727899064017339,0.5714640318694225,0.0023823362030341855,6.20557714894332e-05,0.14533333333333334,-0.14295099713029916,-0.1452712775618439,0.002320280431544916,0.002320280431544916,0.01596523232714392,62.63610697977822,5,ALL,primary,B,C_high_slip,False,False
0.75,0.015,82587,1412,83,0.002320280431544916,0.0032526173879570876,0.7133579375600165,-0.004054849648850976,0.008695410511940808,0.5727899064017339,0.5714640318694225,0.0023823362030341855,6.20557714894332e-05,0.0684,-0.06601766379696582,-0.06833794422851057,0.002320280431544916,0.002320280431544916,0.03392222853135842,29.47919530332681,5,ALL,primary,B,D_fee_sens,False,False
1.0,0.015,82583,1412,87,0.0028456219803107176,0.004051974770438559,0.7022802809808034,-0.005096248569748859,0.010787492530370294,0.5032876015644866,0.5018647905743313,0.006575203128973195,0.0037295811486626196,0.10533333333333333,-0.09875813020436014,-0.10160375218467071,0.0028456219803107176,0.0028456219803107176,0.027015398547253648,37.01592624113476,5,ALL,primary,B,A_baseline,False,False
1.0,0.015,82583,1412,87,0.0028456219803107176,0.004051974770438559,0.7022802809808034,-0.005096248569748859,0.010787492530370294,0.5032876015644866,0.5018647905743313,0.006575203128973195,0.0037295811486626196,0.09200000000000001,-0.08542479687102682,-0.08827041885133739,0.0028456219803107176,0.0028456219803107176,0.030930673699029534,32.330365957446816,5,ALL,primary,B,B_low_slip,False,False
1.0,0.015,82583,1412,87,0.0028456219803107176,0.004051974770438559,0.7022802809808034,-0.005096248569748859,0.010787492530370294,0.5032876015644866,0.5018647905743313,0.006575203128973195,0.0037295811486626196,0.14533333333333334,-0.13875813020436015,-0.14160375218467072,0.0028456219803107176,0.0028456219803107176,0.019579967754431542,51.07260709219859,5,ALL,primary,B,C_high_slip,False,False
1.0,0.015,82583,1412,87,0.0028456219803107176,0.004051974770438559,0.7022802809808034,-0.005096248569748859,0.010787492530370294,0.5032876015644866,0.5018647905743313,0.006575203128973195,0.0037295811486626196,0.0684,-0.06182479687102681,-0.06467041885133738,0.0028456219803107176,0.0028456219803107176,0.04160266053085844,24.03692425531915,5,ALL,primary,B,D_fee_sens,False,False
0.25,0.02,82598,1412,72,0.0036471827405021914,0.001680985948450484,2.1696687850746925,0.0003524502815392428,0.0069419151994651405,0.799220320104603,0.7963025739122013,-0.0009745998692463065,-0.004621782609748437,0.079,-0.07997459986924631,-0.08362178260974844,0.0036471827405021914,0.0036471827405021914,0.04616687013293913,21.660554356846472,5,ALL,primary,B,A_baseline,True,False
0.25,0.02,82598,1412,72,0.0036471827405021914,0.001680985948450484,2.1696687850746925,0.0003524502815392428,0.0069419151994651405,0.799220320104603,0.7963025739122013,-0.0009745998692463065,-0.004621782609748437,0.069,-0.06997459986924631,-0.07362178260974844,0.0036471827405021914,0.0036471827405021914,0.05285772087684335,18.91871203319502,5,ALL,primary,B,B_low_slip,True,False
0.25,0.02,82598,1412,72,0.0036471827405021914,0.001680985948450484,2.1696687850746925,0.0003524502815392428,0.0069419151994651405,0.799220320104603,0.7963025739122013,-0.0009745998692463065,-0.004621782609748437,0.109,-0.1099745998692463,-0.11362178260974844,0.0036471827405021914,0.0036471827405021914,0.033460392114699006,29.88608132780083,5,ALL,primary,B,C_high_slip,True,False
0.25,0.02,82598,1412,72,0.0036471827405021914,0.001680985948450484,2.1696687850746925,0.0003524502815392428,0.0069419151994651405,0.799220320104603,0.7963025739122013,-0.0009745998692463065,-0.004621782609748437,0.0513,-0.052274599869246305,-0.055921782609748436,0.0036471827405021914,0.0036471827405021914,0.07109518012674837,14.06565112033195,5,ALL,primary,B,D_fee_sens,True,False
0.5,0.02,82569,1412,101,0.0027704102023761944,0.002406803878301918,1.1510743469180433,-0.0019469253990955656,0.007487745803847954,0.6645351160847291,0.6626881759498117,-0.0031973258729063314,-0.005967736075282559,0.079,-0.08219732587290633,-0.08496773607528256,0.0027704102023761944,0.0027704102023761944,0.035068483574382206,28.515632786885245,5,ALL,primary,B,A_baseline,False,False
0.5,0.02,82569,1412,101,0.0027704102023761944,0.002406803878301918,1.1510743469180433,-0.0019469253990955656,0.007487745803847954,0.6645351160847291,0.6626881759498117,-0.0031973258729063314,-0.005967736075282559,0.069,-0.07219732587290634,-0.07496773607528257,0.0027704102023761944,0.0027704102023761944,0.04015087249820571,24.906059016393446,5,ALL,primary,B,B_low_slip,False,False
0.5,0.02,82569,1412,101,0.0027704102023761944,0.002406803878301918,1.1510743469180433,-0.0019469253990955656,0.007487745803847954,0.6645351160847291,0.6626881759498117,-0.0031973258729063314,-0.005967736075282559,0.109,-0.11219732587290633,-0.11496773607528256,0.0027704102023761944,0.0027704102023761944,0.02541660736124949,39.344354098360654,5,ALL,primary,B,C_high_slip,False,False
0.5,0.02,82569,1412,101,0.0027704102023761944,0.002406803878301918,1.1510743469180433,-0.0019469253990955656,0.007487745803847954,0.6645351160847291,0.6626881759498117,-0.0031973258729063314,-0.005967736075282559,0.0513,-0.05449732587290633,-0.05726773607528256,0.0027704102023761944,0.0027704102023761944,0.05400409751220652,18.51711344262295,5,ALL,primary,B,D_fee_sens,False,False
0.75,0.02,82535,1412,135,0.00276700793602714,0.0029733756211460754,0.9305948149802238,-0.0030608082814191674,0.008594824153473448,0.572217846974011,0.5706366995819955,0.0013812322045192449,-0.0013857757315078878,0.079,-0.07761876779548076,-0.08038577573150789,0.00276700793602714,0.00276700793602714,0.03502541691173595,28.550695128626163,5,ALL,primary,B,A_baseline,False,False
0.75,0.02,82535,1412,135,0.00276700793602714,0.0029733756211460754,0.9305948149802238,-0.0030608082814191674,0.008594824153473448,0.572217846974011,0.5706366995819955,0.0013812322045192449,-0.0013857757315078878,0.069,-0.06761876779548076,-0.0703857757315079,0.00276700793602714,0.00276700793602714,0.0401015642902484,24.936683087027916,5,ALL,primary,B,B_low_slip,False,False
0.75,0.02,82535,1412,135,0.00276700793602714,0.0029733756211460754,0.9305948149802238,-0.0030608082814191674,0.008594824153473448,0.572217846974011,0.5706366995819955,0.0013812322045192449,-0.0013857757315078878,0.109,-0.10761876779548075,-0.11038577573150789,0.00276700793602714,0.00276700793602714,0.025385393908505874,39.392731253420905,5,ALL,primary,B,C_high_slip,False,False
0.75,0.02,82535,1412,135,0.00276700793602714,0.0029733756211460754,0.9305948149802238,-0.0030608082814191674,0.008594824153473448,0.572217846974011,0.5706366995819955,0.0013812322045192449,-0.0013857757315078878,0.0513,-0.049918767795480753,-0.052685775731507886,0.00276700793602714,0.00276700793602714,0.05393777653074347,18.539881773399014,5,ALL,primary,B,D_fee_sens,False,False
1.0,0.02,82528,1412,142,0.0017690965490500194,0.0037378293862933253,0.4732951577558147,-0.005557049048084898,0.009095242146184936,0.5027505816207832,0.5018660333462582,0.005501163241566465,0.003732066692516467,0.079,-0.07349883675843354,-0.07526793330748353,0.0017690965490500194,0.0017690965490500194,0.022393627203164804,44.65556164383562,5,ALL,primary,B,A_baseline,False,False
1.0,0.02,82528,1412,142,0.0017690965490500194,0.0037378293862933253,0.4732951577558147,-0.005557049048084898,0.009095242146184936,0.5027505816207832,0.5018660333462582,0.005501163241566465,0.003732066692516467,0.069,-0.06349883675843354,-0.06526793330748354,0.0017690965490500194,0.0017690965490500194,0.02563908042101477,39.00295890410959,5,ALL,primary,B,B_low_slip,False,False
1.0,0.02,82528,1412,142,0.0017690965490500194,0.0037378293862933253,0.4732951577558147,-0.005557049048084898,0.009095242146184936,0.5027505816207832,0.5018660333462582,0.005501163241566465,0.003732066692516467,0.109,-0.10349883675843354,-0.10526793330748353,0.0017690965490500194,0.0017690965490500194,0.016230243569266233,61.6133698630137,5,ALL,primary,B,C_high_slip,False,False
1.0,0.02,82528,1412,142,0.0017690965490500194,0.0037378293862933253,0.4732951577558147,-0.005557049048084898,0.009095242146184936,0.5027505816207832,0.5018660333462582,0.005501163241566465,0.003732066692516467,0.0513,-0.045798836758433534,-0.04756793330748353,0.0017690965490500194,0.0017690965490500194,0.034485312846978936,28.99785205479452,5,ALL,primary,B,D_fee_sens,False,False
0.25,0.03,82549,1412,121,0.002680226289839974,0.0015908828509739936,1.6847414554748936,-0.000437904098069053,0.005798356677749002,0.7924505445250699,0.7903063634931979,-0.009436819343662584,-0.012117045633502577,0.05266666666666667,-0.06210348601032925,-0.06478371230016924,0.002680226289839974,0.002680226289839974,0.05089037259189824,19.65008210922787,5,ALL,primary,B,A_baseline,False,False
0.25,0.03,82549,1412,121,0.002680226289839974,0.0015908828509739936,1.6847414554748936,-0.000437904098069053,0.005798356677749002,0.7924505445250699,0.7903063634931979,-0.009436819343662584,-0.012117045633502577,0.046000000000000006,-0.05543681934366259,-0.05811704563350258,0.002680226289839974,0.002680226289839974,0.058265788909564645,17.162729943502825,5,ALL,primary,B,B_low_slip,False,False
0.25,0.03,82549,1412,121,0.002680226289839974,0.0015908828509739936,1.6847414554748936,-0.000437904098069053,0.005798356677749002,0.7924505445250699,0.7903063634931979,-0.009436819343662584,-0.012117045633502577,0.07266666666666667,-0.08210348601032925,-0.08478371230016925,0.002680226289839974,0.002680226289839974,0.03688384802532074,27.11213860640301,5,ALL,primary,B,C_high_slip,False,False
0.25,0.03,82549,1412,121,0.002680226289839974,0.0015908828509739936,1.6847414554748936,-0.000437904098069053,0.005798356677749002,0.7924505445250699,0.7903063634931979,-0.009436819343662584,-0.012117045633502577,0.0342,-0.043636819343662585,-0.04631704563350258,0.002680226289839974,0.002680226289839974,0.07836918976140275,12.760116610169492,5,ALL,primary,B,D_fee_sens,False,False
0.5,0.03,82486,1412,184,0.00409160342361128,0.0021044435279971535,1.9442685770263226,-3.310589126314127e-05,0.0082163127384857,0.660718182479451,0.6579904468637102,-0.008922726280823468,-0.013014329704434724,0.05266666666666667,-0.061589392947490135,-0.06568099637110139,0.00409160342361128,0.00409160342361128,0.07768867260021417,12.871889382716049,5,ALL,primary,B,A_baseline,False,False
0.5,0.03,82486,1412,184,0.00409160342361128,0.0021044435279971535,1.9442685770263226,-3.310589126314127e-05,0.0082163127384857,0.660718182479451,0.6579904468637102,-0.008922726280823468,-0.013014329704434724,0.046000000000000006,-0.054922726280823474,-0.05901432970443473,0.00409160342361128,0.00409160342361128,0.08894790051328869,11.242536296296297,5,ALL,primary,B,B_low_slip,False,False
0.5,0.03,82486,1412,184,0.00409160342361128,0.0021044435279971535,1.9442685770263226,-3.310589126314127e-05,0.0082163127384857,0.660718182479451,0.6579904468637102,-0.008922726280823468,-0.013014329704434724,0.07266666666666667,-0.08158939294749014,-0.0856809963711014,0.00409160342361128,0.00409160342361128,0.056306469132265315,17.75994864197531,5,ALL,primary,B,C_high_slip,False,False
0.5,0.03,82486,1412,184,0.00409160342361128,0.0021044435279971535,1.9442685770263226,-3.310589126314127e-05,0.0082163127384857,0.660718182479451,0.6579904468637102,-0.008922726280823468,-0.013014329704434724,0.0342,-0.04312272628082347,-0.047214329704434725,0.00409160342361128,0.00409160342361128,0.11963752700617777,8.358581333333333,5,ALL,primary,B,D_fee_sens,False,False
0.75,0.03,82479,1412,191,0.0014852265425138518,0.0026184183613341587,0.5672227801507955,-0.003646873445701099,0.006617326530728803,0.5651135440536379,0.5642648431722014,-0.011051297906133684,-0.012536524448647612,0.05266666666666667,-0.06371796457280035,-0.06520319111531428,0.0014852265425138518,0.0014852265425138518,0.028200503971781997,35.460359183673475,5,ALL,primary,B,A_baseline,False,False
0.75,0.03,82479,1412,191,0.0014852265425138518,0.0026184183613341587,0.5672227801507955,-0.003646873445701099,0.006617326530728803,0.5651135440536379,0.5642648431722014,-0.011051297906133684,-0.012536524448647612,0.046000000000000006,-0.05705129790613369,-0.05853652444864762,0.0014852265425138518,0.0014852265425138518,0.03228753353290982,30.971706122448985,5,ALL,primary,B,B_low_slip,False,False
0.75,0.03,82479,1412,191,0.0014852265425138518,0.0026184183613341587,0.5672227801507955,-0.003646873445701099,0.006617326530728803,0.5651135440536379,0.5642648431722014,-0.011051297906133684,-0.012536524448647612,0.07266666666666667,-0.08371796457280035,-0.08520319111531428,0.0014852265425138518,0.0014852265425138518,0.02043889737404383,48.926318367346944,5,ALL,primary,B,C_high_slip,False,False
0.75,0.03,82479,1412,191,0.0014852265425138518,0.0026184183613341587,0.5672227801507955,-0.003646873445701099,0.006617326530728803,0.5651135440536379,0.5642648431722014,-0.011051297906133684,-0.012536524448647612,0.0342,-0.045251297906133685,-0.046736524448647614,0.0014852265425138518,0.0014852265425138518,0.04342767668169157,23.026790204081635,5,ALL,primary,B,D_fee_sens,False,False
1.0,0.03,82478,1412,192,0.004098062513640001,0.0032496725535925254,1.2610693680843557,-0.002271295691401349,0.01046742071868135,0.5028007468658309,0.5007517156090109,0.005601493731661744,0.0015034312180217668,0.05266666666666667,-0.04706517293500492,-0.0511632354486449,0.004098062513640001,0.004098062513640001,0.07781131355012659,12.851601577909271,5,ALL,primary,B,A_baseline,False,False
1.0,0.03,82478,1412,192,0.004098062513640001,0.0032496725535925254,1.2610693680843557,-0.002271295691401349,0.01046742071868135,0.5028007468658309,0.5007517156090109,0.005601493731661744,0.0015034312180217668,0.046000000000000006,-0.04039850626833826,-0.04449656878197824,0.004098062513640001,0.004098062513640001,0.08908831551391305,11.22481656804734,5,ALL,primary,B,B_low_slip,False,False
1.0,0.03,82478,1412,192,0.004098062513640001,0.0032496725535925254,1.2610693680843557,-0.002271295691401349,0.01046742071868135,0.5028007468658309,0.5007517156090109,0.005601493731661744,0.0015034312180217668,0.07266666666666667,-0.06706517293500493,-0.0711632354486449,0.004098062513640001,0.004098062513640001,0.056395355692293585,17.73195660749507,5,ALL,primary,B,C_high_slip,False,False
1.0,0.03,82478,1412,192,0.004098062513640001,0.0032496725535925254,1.2610693680843557,-0.002271295691401349,0.01046742071868135,0.5028007468658309,0.5007517156090109,0.005601493731661744,0.0015034312180217668,0.0342,-0.028598506268338257,-0.032696568781978234,0.004098062513640001,0.004098062513640001,0.11982638928771931,8.345407100591716,5,ALL,primary,B,D_fee_sens,False,False
0.25,0.05,82482,1412,188,0.001750381901505783,0.0014631076651240146,1.19634524733176,-0.0011173091221372855,0.004618072925148852,0.7864625009092893,0.7850621953880846,-0.016921873863388393,-0.018672255764894174,0.031599999999999996,-0.04852187386338839,-0.05027225576489417,0.001750381901505783,0.001750381901505783,0.05539183232613238,18.053203116883115,5,ALL,primary,B,A_baseline,False,False
0.25,0.05,82482,1412,188,0.001750381901505783,0.0014631076651240146,1.19634524733176,-0.0011173091221372855,0.004618072925148852,0.7864625009092893,0.7850621953880846,-0.016921873863388393,-0.018672255764894174,0.027600000000000003,-0.04452187386338839,-0.046272255764894174,0.001750381901505783,0.001750381901505783,0.06341963411252836,15.767987532467535,5,ALL,primary,B,B_low_slip,False,False
0.25,0.05,82482,1412,188,0.001750381901505783,0.0014631076651240146,1.19634524733176,-0.0011173091221372855,0.004618072925148852,0.7864625009092893,0.7850621953880846,-0.016921873863388393,-0.018672255764894174,0.0436,-0.06052187386338839,-0.062272255764894174,0.001750381901505783,0.001750381901505783,0.04014637388774732,24.90884987012987,5,ALL,primary,B,C_high_slip,False,False
0.25,0.05,82482,1412,188,0.001750381901505783,0.0014631076651240146,1.19634524733176,-0.0011173091221372855,0.004618072925148852,0.7864625009092893,0.7850621953880846,-0.016921873863388393,-0.018672255764894174,0.02052,-0.03744187386338839,-0.03919225576489417,0.001750381901505783,0.001750381901505783,0.0853012622566171,11.723155948051948,5,ALL,primary,B,D_fee_sens,False,False
0.5,0.05,82356,1411,314,0.0021856331050560977,0.001818308447476834,1.2020144921445972,-0.0013782514519984968,0.005749517662110693,0.6521079217057653,0.6506508329690611,-0.021838117441352112,-0.024023750546408262,0.031599999999999996,-0.05343811744135211,-0.05562375054640826,0.0021856331050560977,0.0021856331050560977,0.06916560459038285,14.458053333333334,5,ALL,primary,B,A_baseline,False,False
0.5,0.05,82356,1411,314,0.0021856331050560977,0.001818308447476834,1.2020144921445972,-0.0013782514519984968,0.005749517662110693,0.6521079217057653,0.6506508329690611,-0.021838117441352112,-0.024023750546408262,0.027600000000000003,-0.04943811744135211,-0.05162375054640826,0.0021856331050560977,0.0021856331050560977,0.0791896052556557,12.627920000000003,5,ALL,primary,B,B_low_slip,False,False
0.5,0.05,82356,1411,314,0.0021856331050560977,0.001818308447476834,1.2020144921445972,-0.0013782514519984968,0.005749517662110693,0.6521079217057653,0.6506508329690611,-0.021838117441352112,-0.024023750546408262,0.0436,-0.06543811744135211,-0.06762375054640826,0.0021856331050560977,0.0021856331050560977,0.05012919965724995,19.948453333333337,5,ALL,primary,B,C_high_slip,False,False
0.5,0.05,82356,1411,314,0.0021856331050560977,0.001818308447476834,1.2020144921445972,-0.0013782514519984968,0.005749517662110693,0.6521079217057653,0.6506508329690611,-0.021838117441352112,-0.024023750546408262,0.02052,-0.04235811744135211,-0.04454375054640826,0.0021856331050560977,0.0021856331050560977,0.10651233455439073,9.388584000000002,5,ALL,primary,B,D_fee_sens,False,False
0.75,0.05,82270,1409,400,0.0030099064057372065,0.0023098245586110388,1.3030887538693183,-0.0015173497291404291,0.007537162540614843,0.5698067339248815,0.5680867874073173,-0.0028382156314574747,-0.005848122037194647,0.031599999999999996,-0.03443821563145747,-0.037448122037194644,0.0030099064057372065,0.0030099064057372065,0.09525020271320275,10.498665320545179,5,ALL,primary,B,A_baseline,False,False
0.75,0.05,82270,1409,400,0.0030099064057372065,0.0023098245586110388,1.3030887538693183,-0.0015173497291404291,0.007537162540614843,0.5698067339248815,0.5680867874073173,-0.0028382156314574747,-0.005848122037194647,0.027600000000000003,-0.030438215631457478,-0.03344812203719465,0.0030099064057372065,0.0030099064057372065,0.10905457991801472,9.16972034326098,5,ALL,primary,B,B_low_slip,False,False
0.75,0.05,82270,1409,400,0.0030099064057372065,0.0023098245586110388,1.3030887538693183,-0.0015173497291404291,0.007537162540614843,0.5698067339248815,0.5680867874073173,-0.0028382156314574747,-0.005848122037194647,0.0436,-0.046438215631457475,-0.04944812203719465,0.0030099064057372065,0.0030099064057372065,0.0690345505903029,14.48550025239778,5,ALL,primary,B,C_high_slip,False,False
0.75,0.05,82270,1409,400,0.0030099064057372065,0.0023098245586110388,1.3030887538693183,-0.0015173497291404291,0.007537162540614843,0.5698067339248815,0.5680867874073173,-0.0028382156314574747,-0.005848122037194647,0.02052,-0.023358215631457475,-0.026368122037194647,0.0030099064057372065,0.0030099064057372065,0.14668159872013678,6.817487733467946,5,ALL,primary,B,D_fee_sens,False,False
1.0,0.05,82233,1409,437,0.005265526005374971,0.0029654558564805467,1.7756211052233253,-0.0005467674733269003,0.011077819484076842,0.5038609803850036,0.5012282173823162,0.007721960770007197,0.0024564347646323093,0.031599999999999996,-0.0238780392299928,-0.029143565235367687,0.005265526005374971,0.005265526005374971,0.1666305697903472,6.001299769053118,5,ALL,primary,B,A_baseline,False,False
1.0,0.05,82233,1409,437,0.005265526005374971,0.0029654558564805467,1.7756211052233253,-0.0005467674733269003,0.011077819484076842,0.5038609803850036,0.5012282173823162,0.007721960770007197,0.0024564347646323093,0.027600000000000003,-0.019878039229992806,-0.025143565235367694,0.005265526005374971,0.005265526005374971,0.19077992773097718,5.2416415704388,5,ALL,primary,B,B_low_slip,False,False
1.0,0.05,82233,1409,437,0.005265526005374971,0.0029654558564805467,1.7756211052233253,-0.0005467674733269003,0.011077819484076842,0.5038609803850036,0.5012282173823162,0.007721960770007197,0.0024564347646323093,0.0436,-0.0358780392299928,-0.04114356523536769,0.005265526005374971,0.005265526005374971,0.12076894507740758,8.280274364896075,5,ALL,primary,B,C_high_slip,False,False
1.0,0.05,82233,1409,437,0.005265526005374971,0.0029654558564805467,1.7756211052233253,-0.0005467674733269003,0.011077819484076842,0.5038609803850036,0.5012282173823162,0.007721960770007197,0.0024564347646323093,0.02052,-0.012798039229992803,-0.01806356523536769,0.005265526005374971,0.005265526005374971,0.25660458115862433,3.8970465588914553,5,ALL,primary,B,D_fee_sens,False,False
0.25,0.075,82157,1408,513,0.001574728872767993,0.0012655559253308033,1.2442981311603238,-0.0009057607408803818,0.0040552184864163674,0.7877721922660272,0.7865124091678128,-0.015284759667465897,-0.016859488540234002,0.021066666666666668,-0.03635142633413256,-0.037926155206900666,0.001574728872767993,0.001574728872767993,0.07474978826430345,13.37796431561997,5,ALL,diagnostic,B,A_baseline,False,False
0.25,0.075,82157,1408,513,0.001574728872767993,0.0012655559253308033,1.2442981311603238,-0.0009057607408803818,0.0040552184864163674,0.7877721922660272,0.7865124091678128,-0.015284759667465897,-0.016859488540234002,0.018400000000000003,-0.0336847596674659,-0.035259488540234,0.001574728872767993,0.001574728872767993,0.08558309091130395,11.684551111111114,5,ALL,diagnostic,B,B_low_slip,False,False
0.25,0.075,82157,1408,513,0.001574728872767993,0.0012655559253308033,1.2442981311603238,-0.0009057607408803818,0.0040552184864163674,0.7877721922660272,0.7865124091678128,-0.015284759667465897,-0.016859488540234002,0.029066666666666668,-0.04435142633413257,-0.04592615520690067,0.001574728872767993,0.001574728872767993,0.054176452044770396,18.45820392914654,5,ALL,diagnostic,B,C_high_slip,False,False
0.25,0.075,82157,1408,513,0.001574728872767993,0.0012655559253308033,1.2442981311603238,-0.0009057607408803818,0.0040552184864163674,0.7877721922660272,0.7865124091678128,-0.015284759667465897,-0.016859488540234002,0.013680000000000001,-0.028964759667465898,-0.030539488540234003,0.001574728872767993,0.001574728872767993,0.11511175970526263,8.687209739130436,5,ALL,diagnostic,B,D_fee_sens,False,False
0.5,0.075,81752,1402,918,0.0021559105587630883,0.0016947865475299244,1.272083827845596,-0.0011658710743955632,0.00547769219192174,0.6625159017516391,0.6610786280457971,-0.006226147372541346,-0.00838205793130431,0.021066666666666668,-0.027292814039208014,-0.029448724597970977,0.0021559105587630883,0.0021559105587630883,0.10233752652356432,9.77158657210402,5,ALL,diagnostic,B,A_baseline,False,False
0.5,0.075,81752,1402,918,0.0021559105587630883,0.0016947865475299244,1.272083827845596,-0.0011658710743955632,0.00547769219192174,0.6625159017516391,0.6610786280457971,-0.006226147372541346,-0.00838205793130431,0.018400000000000003,-0.02462614737254135,-0.026782057931304313,0.0021559105587630883,0.0021559105587630883,0.11716905210668957,8.534676879432626,5,ALL,diagnostic,B,B_low_slip,False,False
0.5,0.075,81752,1402,918,0.0021559105587630883,0.0016947865475299244,1.272083827845596,-0.0011658710743955632,0.00547769219192174,0.6625159017516391,0.6610786280457971,-0.006226147372541346,-0.00838205793130431,0.029066666666666668,-0.03529281403920802,-0.03744872459797098,0.0021559105587630883,0.0021559105587630883,0.07417123481983103,13.482315650118204,5,ALL,diagnostic,B,C_high_slip,False,False
0.5,0.075,81752,1402,918,0.0021559105587630883,0.0016947865475299244,1.272083827845596,-0.0011658710743955632,0.00547769219192174,0.6625159017516391,0.6610786280457971,-0.006226147372541346,-0.00838205793130431,0.013680000000000001,-0.019906147372541348,-0.02206205793130431,0.0021559105587630883,0.0021559105587630883,0.15759580107917312,6.345346723404256,5,ALL,diagnostic,B,D_fee_sens,False,False
0.75,0.075,81323,1401,1347,0.002216470125302805,0.002252123155018427,0.9841691473949034,-0.0021976912585333114,0.006630631509138922,0.5686952030790797,0.5674286487217638,-0.004783394611610481,-0.006999864736913386,0.021066666666666668,-0.02585006127827715,-0.028066531403580054,0.002216470125302805,0.002216470125302805,0.10521218949222175,9.504602126675913,5,ALL,diagnostic,B,A_baseline,False,False
0.75,0.075,81323,1401,1347,0.002216470125302805,0.002252123155018427,0.9841691473949034,-0.0021976912585333114,0.006630631509138922,0.5686952030790797,0.5674286487217638,-0.004783394611610481,-0.006999864736913386,0.018400000000000003,-0.023183394611610484,-0.02539986473691339,0.002216470125302805,0.002216470125302805,0.12046033289689155,8.301487933425799,5,ALL,diagnostic,B,B_low_slip,False,False
0.75,0.075,81323,1401,1347,0.002216470125302805,0.002252123155018427,0.9841691473949034,-0.0021976912585333114,0.006630631509138922,0.5686952030790797,0.5674286487217638,-0.004783394611610481,-0.006999864736913386,0.029066666666666668,-0.03385006127827715,-0.03606653140358006,0.002216470125302805,0.002216470125302805,0.0762547061457387,13.11394470642626,5,ALL,diagnostic,B,C_high_slip,False,False
0.75,0.075,81323,1401,1347,0.002216470125302805,0.002252123155018427,0.9841691473949034,-0.0021976912585333114,0.006630631509138922,0.5686952030790797,0.5674286487217638,-0.004783394611610481,-0.006999864736913386,0.013680000000000001,-0.018463394611610482,-0.020679864736913387,0.002216470125302805,0.002216470125302805,0.1620226699782752,6.171975811373093,5,ALL,diagnostic,B,D_fee_sens,False,False
1.0,0.075,81248,1399,1422,0.004787810161480898,0.0028191039687562617,1.698344656509137,-0.000737633617281375,0.010313253940243171,0.5029662268609689,0.5005723217802285,0.005932453721937847,0.0011446435604569594,0.021066666666666668,-0.01513421294472882,-0.019922023106209708,0.004787810161480898,0.004787810161480898,0.22726946969054895,4.400063067694944,5,ALL,diagnostic,B,A_baseline,False,False
1.0,0.075,81248,1399,1422,0.004787810161480898,0.0028191039687562617,1.698344656509137,-0.000737633617281375,0.010313253940243171,0.5029662268609689,0.5005723217802285,0.005932453721937847,0.0011446435604569594,0.018400000000000003,-0.012467546278062156,-0.017255356439543044,0.004787810161480898,0.004787810161480898,0.26020707399352705,3.8430930591259647,5,ALL,diagnostic,B,B_low_slip,False,False
1.0,0.075,81248,1399,1422,0.004787810161480898,0.0028191039687562617,1.698344656509137,-0.000737633617281375,0.010313253940243171,0.5029662268609689,0.5005723217802285,0.005932453721937847,0.0011446435604569594,0.029066666666666668,-0.02313421294472882,-0.02792202310620971,0.004787810161480898,0.004787810161480898,0.1647182395004896,6.070973093401885,5,ALL,diagnostic,B,C_high_slip,False,False
1.0,0.075,81248,1399,1422,0.004787810161480898,0.0028191039687562617,1.698344656509137,-0.000737633617281375,0.010313253940243171,0.5029662268609689,0.5005723217802285,0.005932453721937847,0.0011446435604569594,0.013680000000000001,-0.007747546278062154,-0.012535356439543042,0.004787810161480898,0.004787810161480898,0.3499861229152703,2.8572561439588693,5,ALL,diagnostic,B,D_fee_sens,False,False
0.25,0.1,81760,1405,910,0.0003822162426614481,0.0011660903465480752,0.32777583983342773,-0.0019033208365727792,0.002667753321895675,0.7848214285714286,0.7845156555772994,-0.0189732142857143,-0.01935543052837574,0.015799999999999998,-0.034773214285714296,-0.03515543052837573,0.0003822162426614481,0.0003822162426614481,0.02419090143426887,41.337855999999995,5,ALL,diagnostic,B,A_baseline,False,False
0.25,0.1,81760,1405,910,0.0003822162426614481,0.0011660903465480752,0.32777583983342773,-0.0019033208365727792,0.002667753321895675,0.7848214285714286,0.7845156555772994,-0.0189732142857143,-0.01935543052837574,0.013800000000000002,-0.0327732142857143,-0.03315543052837574,0.0003822162426614481,0.0003822162426614481,0.027696829178365804,36.105216000000006,5,ALL,diagnostic,B,B_low_slip,False,False
0.25,0.1,81760,1405,910,0.0003822162426614481,0.0011660903465480752,0.32777583983342773,-0.0019033208365727792,0.002667753321895675,0.7848214285714286,0.7845156555772994,-0.0189732142857143,-0.01935543052837574,0.0218,-0.0407732142857143,-0.04115543052837574,0.0003822162426614481,0.0003822162426614481,0.017532855167956336,57.035776000000006,5,ALL,diagnostic,B,C_high_slip,False,False
0.25,0.1,81760,1405,910,0.0003822162426614481,0.0011660903465480752,0.32777583983342773,-0.0019033208365727792,0.002667753321895675,0.7848214285714286,0.7845156555772994,-0.0189732142857143,-0.01935543052837574,0.01026,-0.0292332142857143,-0.029615430528375737,0.0003822162426614481,0.0003822162426614481,0.037253045093708394,26.843443200000003,5,ALL,diagnostic,B,D_fee_sens,False,False
0.5,0.1,80513,1386,2157,0.001835107373964453,0.001674176630743313,1.096125307369563,-0.0014462788222924404,0.0051164935702213464,0.6637064821830015,0.6624830772670252,-0.004440276725497627,-0.006275384099462267,0.015799999999999998,-0.020240276725497625,-0.022075384099462265,0.001835107373964453,0.001835107373964453,0.11614603632686413,8.609850423011842,5,ALL,diagnostic,B,A_baseline,False,False
0.5,0.1,80513,1386,2157,0.001835107373964453,0.001674176630743313,1.096125307369563,-0.0014462788222924404,0.0051164935702213464,0.6637064821830015,0.6624830772670252,-0.004440276725497627,-0.006275384099462267,0.013800000000000002,-0.018240276725497627,-0.020075384099462266,0.001835107373964453,0.001835107373964453,0.13297879521481543,7.519995939086295,5,ALL,diagnostic,B,B_low_slip,False,False
0.5,0.1,80513,1386,2157,0.001835107373964453,0.001674176630743313,1.096125307369563,-0.0014462788222924404,0.0051164935702213464,0.6637064821830015,0.6624830772670252,-0.004440276725497627,-0.006275384099462267,0.0218,-0.026240276725497627,-0.028075384099462267,0.001835107373964453,0.001835107373964453,0.08417923733781894,11.879413874788494,5,ALL,diagnostic,B,C_high_slip,False,False
0.5,0.1,80513,1386,2157,0.001835107373964453,0.001674176630743313,1.096125307369563,-0.0014462788222924404,0.0051164935702213464,0.6637064821830015,0.6624830772670252,-0.004440276725497627,-0.006275384099462267,0.01026,-0.014700276725497627,-0.016535384099462265,0.001835107373964453,0.001835107373964453,0.1788603678327927,5.5909535025380706,5,ALL,diagnostic,B,D_fee_sens,False,False
0.75,0.1,80218,1378,2452,0.002050661946196614,0.00216163018794719,0.9486645577169898,-0.0021861332221798776,0.006287457114573106,0.5688872821561246,0.5677154753297265,-0.004447256226781882,-0.006497918172978512,0.015799999999999998,-0.02024725622678188,-0.02229791817297851,0.002050661946196614,0.002050661946196614,0.12978873077193762,7.704829179331306,5,ALL,diagnostic,B,A_baseline,False,False
0.75,0.1,80218,1378,2452,0.002050661946196614,0.00216163018794719,0.9486645577169898,-0.0021861332221798776,0.006287457114573106,0.5688872821561246,0.5677154753297265,-0.004447256226781882,-0.006497918172978512,0.013800000000000002,-0.01824725622678188,-0.02029791817297851,0.002050661946196614,0.002050661946196614,0.1485986917533778,6.72953434650456,5,ALL,diagnostic,B,B_low_slip,False,False
0.75,0.1,80218,1378,2452,0.002050661946196614,0.00216163018794719,0.9486645577169898,-0.0021861332221798776,0.006287457114573106,0.5688872821561246,0.5677154753297265,-0.004447256226781882,-0.006497918172978512,0.0218,-0.02624725622678188,-0.028297918172978512,0.002050661946196614,0.002050661946196614,0.09406706175213826,10.630713677811551,5,ALL,diagnostic,B,C_high_slip,False,False
0.75,0.1,80218,1378,2452,0.002050661946196614,0.00216163018794719,0.9486645577169898,-0.0021861332221798776,0.006287457114573106,0.5688872821561246,0.5677154753297265,-0.004447256226781882,-0.006497918172978512,0.01026,-0.014707256226781882,-0.01675791817297851,0.002050661946196614,0.002050661946196614,0.19986958539928013,5.003262492401216,5,ALL,diagnostic,B,D_fee_sens,False,False
1.0,0.1,80206,1378,2464,0.0021070742837194225,0.002792698984306522,0.754493876912641,-0.00336661572552136,0.007580764292960205,0.5016582300576017,0.500604692915742,0.003316460115203368,0.001209385831483889,0.015799999999999998,-0.01248353988479663,-0.014590614168516109,0.0021070742837194225,0.0021070742837194225,0.13335913188097612,7.498549112426034,5,ALL,diagnostic,B,A_baseline,False,False
1.0,0.1,80206,1378,2464,0.0021070742837194225,0.002792698984306522,0.754493876912641,-0.00336661572552136,0.007580764292960205,0.5016582300576017,0.500604692915742,0.003316460115203368,0.001209385831483889,0.013800000000000002,-0.010483539884796634,-0.012590614168516112,0.0021070742837194225,0.0021070742837194225,0.15268654229850886,6.5493656804733735,5,ALL,diagnostic,B,B_low_slip,False,False
1.0,0.1,80206,1378,2464,0.0021070742837194225,0.002792698984306522,0.754493876912641,-0.00336661572552136,0.007580764292960205,0.5016582300576017,0.500604692915742,0.003316460115203368,0.001209385831483889,0.0218,-0.018483539884796632,-0.02059061416851611,0.0021070742837194225,0.0021070742837194225,0.09665478365685425,10.346099408284024,5,ALL,diagnostic,B,C_high_slip,False,False
1.0,0.1,80206,1378,2464,0.0021070742837194225,0.002792698984306522,0.754493876912641,-0.00336661572552136,0.007580764292960205,0.5016582300576017,0.500604692915742,0.003316460115203368,0.001209385831483889,0.01026,-0.006943539884796632,-0.009050614168516111,0.0021070742837194225,0.0021070742837194225,0.2053678639102751,4.86931100591716,5,ALL,diagnostic,B,D_fee_sens,False,False
0.25,0.0025,27187,1412,1,-0.00337937249420679,0.002559995734496179,-1.3200695800658702,-0.008396964133819301,0.001638219145405721,0.7719130466767204,0.774616544672086,-0.035108691654099466,-0.03172931915989252,0.632,-0.6671086916540995,-0.6637293191598925,-0.00337937249420679,-0.00337937249420679,-0.005347108376909477,,15,ALL,primary,B,A_baseline,False,False
0.25,0.0025,27187,1412,1,-0.00337937249420679,0.002559995734496179,-1.3200695800658702,-0.008396964133819301,0.001638219145405721,0.7719130466767204,0.774616544672086,-0.035108691654099466,-0.03172931915989252,0.552,-0.5871086916540995,-0.5837293191598926,-0.00337937249420679,-0.00337937249420679,-0.006122051619939836,,15,ALL,primary,B,B_low_slip,False,False
0.25,0.0025,27187,1412,1,-0.00337937249420679,0.002559995734496179,-1.3200695800658702,-0.008396964133819301,0.001638219145405721,0.7719130466767204,0.774616544672086,-0.035108691654099466,-0.03172931915989252,0.872,-0.9071086916540995,-0.9037293191598925,-0.00337937249420679,-0.00337937249420679,-0.003875427172255493,,15,ALL,primary,B,C_high_slip,False,False
0.25,0.0025,27187,1412,1,-0.00337937249420679,0.002559995734496179,-1.3200695800658702,-0.008396964133819301,0.001638219145405721,0.7719130466767204,0.774616544672086,-0.035108691654099466,-0.03172931915989252,0.4104,-0.44550869165409945,-0.4421293191598925,-0.00337937249420679,-0.00337937249420679,-0.00823433843617639,,15,ALL,primary,B,D_fee_sens,False,False
0.5,0.0025,27187,1412,1,-0.0033655791370875788,0.0039892790629087625,-0.8436559799438006,-0.011184566100388753,0.004453407826213595,0.6567477103027182,0.6589914297274433,-0.014878434545922747,-0.011512855408835065,0.632,-0.6468784345459228,-0.6435128554088351,-0.0033655791370875788,-0.0033655791370875788,-0.005325283444758827,,15,ALL,primary,B,A_baseline,False,False
0.5,0.0025,27187,1412,1,-0.0033655791370875788,0.0039892790629087625,-0.8436559799438006,-0.011184566100388753,0.004453407826213595,0.6567477103027182,0.6589914297274433,-0.014878434545922747,-0.011512855408835065,0.552,-0.5668784345459228,-0.5635128554088351,-0.0033655791370875788,-0.0033655791370875788,-0.006097063654144164,,15,ALL,primary,B,B_low_slip,False,False
0.5,0.0025,27187,1412,1,-0.0033655791370875788,0.0039892790629087625,-0.8436559799438006,-0.011184566100388753,0.004453407826213595,0.6567477103027182,0.6589914297274433,-0.014878434545922747,-0.011512855408835065,0.872,-0.8868784345459227,-0.8835128554088351,-0.0033655791370875788,-0.0033655791370875788,-0.0038596091021646547,,15,ALL,primary,B,C_high_slip,False,False
0.5,0.0025,27187,1412,1,-0.0033655791370875788,0.0039892790629087625,-0.8436559799438006,-0.011184566100388753,0.004453407826213595,0.6567477103027182,0.6589914297274433,-0.014878434545922747,-0.011512855408835065,0.4104,-0.42527843454592273,-0.42191285540883505,-0.0033655791370875788,-0.0033655791370875788,-0.008200728891538936,,15,ALL,primary,B,D_fee_sens,False,False
0.75,0.0025,27186,1412,2,3.218568380784228e-05,0.005430309029818495,0.005927044599323303,-0.010611220014636408,0.010675591382252093,0.5688589715294637,0.5688405797101449,-0.004496799823438424,-0.0045289855072464524,0.632,-0.6364967998234384,-0.6365289855072465,3.218568380784228e-05,3.218568380784228e-05,5.0926714885826385e-05,19636.059428571425,15,ALL,primary,B,A_baseline,False,False
0.75,0.0025,27186,1412,2,3.218568380784228e-05,0.005430309029818495,0.005927044599323303,-0.010611220014636408,0.010675591382252093,0.5688589715294637,0.5688405797101449,-0.004496799823438424,-0.0045289855072464524,0.552,-0.5564967998234385,-0.5565289855072465,3.218568380784228e-05,3.218568380784228e-05,5.830739820261281e-05,17150.482285714283,15,ALL,primary,B,B_low_slip,False,False
0.75,0.0025,27186,1412,2,3.218568380784228e-05,0.005430309029818495,0.005927044599323303,-0.010611220014636408,0.010675591382252093,0.5688589715294637,0.5688405797101449,-0.004496799823438424,-0.0045289855072464524,0.872,-0.8764967998234384,-0.8765289855072464,3.218568380784228e-05,3.218568380784228e-05,3.691018785303013e-05,27092.790857142852,15,ALL,primary,B,C_high_slip,False,False
0.75,0.0025,27186,1412,2,3.218568380784228e-05,0.005430309029818495,0.005927044599323303,-0.010611220014636408,0.010675591382252093,0.5688589715294637,0.5688405797101449,-0.004496799823438424,-0.0045289855072464524,0.4104,-0.4148967998234384,-0.41492898550724644,3.218568380784228e-05,3.218568380784228e-05,7.842515547719853e-05,12751.010742857141,15,ALL,primary,B,D_fee_sens,False,False
1.0,0.0025,27186,1412,2,0.0037887147796660044,0.006886895212079962,0.5501339374266081,-0.00970959983601072,0.01728702939534273,0.5033473111160156,0.5014529537261826,0.006694622232031211,0.002905907452365186,0.632,-0.6253053777679688,-0.6290940925476348,0.0037887147796660044,0.0037887147796660044,0.005994801866560134,166.81118446601943,15,ALL,primary,B,A_baseline,False,False
1.0,0.0025,27186,1412,2,0.0037887147796660044,0.006886895212079962,0.5501339374266081,-0.00970959983601072,0.01728702939534273,0.5033473111160156,0.5014529537261826,0.006694622232031211,0.002905907452365186,0.552,-0.5453053777679688,-0.5490940925476349,0.0037887147796660044,0.0037887147796660044,0.006863613731278993,145.69584466019418,15,ALL,primary,B,B_low_slip,False,False
1.0,0.0025,27186,1412,2,0.0037887147796660044,0.006886895212079962,0.5501339374266081,-0.00970959983601072,0.01728702939534273,0.5033473111160156,0.5014529537261826,0.006694622232031211,0.002905907452365186,0.872,-0.8653053777679688,-0.8690940925476348,0.0037887147796660044,0.0037887147796660044,0.004344856398699547,230.15720388349516,15,ALL,primary,B,C_high_slip,False,False
1.0,0.0025,27186,1412,2,0.0037887147796660044,0.006886895212079962,0.5501339374266081,-0.00970959983601072,0.01728702939534273,0.5033473111160156,0.5014529537261826,0.006694622232031211,0.002905907452365186,0.4104,-0.4037053777679688,-0.4074940925476348,0.0037887147796660044,0.0037887147796660044,0.009231761159030225,108.3216932038835,15,ALL,primary,B,D_fee_sens,False,False
0.25,0.005,27185,1412,3,-0.0017242964870332906,0.0026724276606401066,-0.6452172728298593,-0.0069622547018878995,0.0035136617278213184,0.7929372815891117,0.7943167187787383,-0.00882839801361035,-0.0071041015265771446,0.316,-0.32482839801361035,-0.32310410152657715,-0.0017242964870332906,-0.0017242964870332906,-0.005456634452636996,,15,ALL,primary,B,A_baseline,False,False
0.25,0.005,27185,1412,3,-0.0017242964870332906,0.0026724276606401066,-0.6452172728298593,-0.0069622547018878995,0.0035136617278213184,0.7929372815891117,0.7943167187787383,-0.00882839801361035,-0.0071041015265771446,0.276,-0.2848283980136104,-0.28310410152657717,-0.0017242964870332906,-0.0017242964870332906,-0.00624745103997569,,15,ALL,primary,B,B_low_slip,False,False
0.25,0.005,27185,1412,3,-0.0017242964870332906,0.0026724276606401066,-0.6452172728298593,-0.0069622547018878995,0.0035136617278213184,0.7929372815891117,0.7943167187787383,-0.00882839801361035,-0.0071041015265771446,0.436,-0.44482839801361035,-0.44310410152657714,-0.0017242964870332906,-0.0017242964870332906,-0.003954808456498373,,15,ALL,primary,B,C_high_slip,False,False
0.25,0.005,27185,1412,3,-0.0017242964870332906,0.0026724276606401066,-0.6452172728298593,-0.0069622547018878995,0.0035136617278213184,0.7929372815891117,0.7943167187787383,-0.00882839801361035,-0.0071041015265771446,0.2052,-0.21402839801361034,-0.21230410152657714,-0.0017242964870332906,-0.0017242964870332906,-0.008403004322774322,,15,ALL,primary,B,D_fee_sens,False,False
0.5,0.005,27181,1410,7,0.0065119016960376724,0.004515542095037421,1.4421085129943205,-0.0023385608102356706,0.015362364202311015,0.6712777307678157,0.6669364629704573,0.006916596151723464,0.00040469445568591667,0.316,-0.30908340384827654,-0.3155953055443141,0.0065119016960376724,0.0065119016960376724,0.02060728384822048,48.526531073446336,15,ALL,primary,B,A_baseline,False,False
0.5,0.005,27181,1410,7,0.0065119016960376724,0.004515542095037421,1.4421085129943205,-0.0023385608102356706,0.015362364202311015,0.6712777307678157,0.6669364629704573,0.006916596151723464,0.00040469445568591667,0.276,-0.26908340384827656,-0.2755953055443141,0.0065119016960376724,0.0065119016960376724,0.023593846724774173,42.38393220338984,15,ALL,primary,B,B_low_slip,False,False
0.5,0.005,27181,1410,7,0.0065119016960376724,0.004515542095037421,1.4421085129943205,-0.0023385608102356706,0.015362364202311015,0.6712777307678157,0.6669364629704573,0.006916596151723464,0.00040469445568591667,0.436,-0.42908340384827653,-0.4355953055443141,0.0065119016960376724,0.0065119016960376724,0.014935554348710259,66.95432768361583,15,ALL,primary,B,C_high_slip,False,False
0.5,0.005,27181,1410,7,0.0065119016960376724,0.004515542095037421,1.4421085129943205,-0.0023385608102356706,0.015362364202311015,0.6712777307678157,0.6669364629704573,0.006916596151723464,0.00040469445568591667,0.2052,-0.19828340384827653,-0.20479530554431408,0.0065119016960376724,0.0065119016960376724,0.03173441372338047,31.511532203389834,15,ALL,primary,B,D_fee_sens,False,False
0.75,0.005,27178,1410,10,0.012201964824490395,0.0063160922641467415,1.9318851457814785,-0.0001775760132372167,0.02458150566221801,0.5784458017514166,0.5714732504231363,0.012280153064978983,7.818824048855255e-05,0.316,-0.303719846935021,-0.31592181175951145,0.012201964824490395,0.012201964824490395,0.0386138127357291,25.89746852619676,15,ALL,primary,B,A_baseline,False,False
0.75,0.005,27178,1410,10,0.012201964824490395,0.0063160922641467415,1.9318851457814785,-0.0001775760132372167,0.02458150566221801,0.5784458017514166,0.5714732504231363,0.012280153064978983,7.818824048855255e-05,0.276,-0.26371984693502104,-0.27592181175951147,0.012201964824490395,0.012201964824490395,0.04421001748003766,22.619307953260464,15,ALL,primary,B,B_low_slip,False,False
0.75,0.005,27178,1410,10,0.012201964824490395,0.0063160922641467415,1.9318851457814785,-0.0001775760132372167,0.02458150566221801,0.5784458017514166,0.5714732504231363,0.012280153064978983,7.818824048855255e-05,0.436,-0.423719846935021,-0.43592181175951145,0.012201964824490395,0.012201964824490395,0.02798615785433577,35.731950245005656,15,ALL,primary,B,C_high_slip,False,False
0.75,0.005,27178,1410,10,0.012201964824490395,0.0063160922641467415,1.9318851457814785,-0.0001775760132372167,0.02458150566221801,0.5784458017514166,0.5714732504231363,0.012280153064978983,7.818824048855255e-05,0.2052,-0.192919846935021,-0.20512181175951144,0.012201964824490395,0.012201964824490395,0.05946376620122025,16.816963739163214,15,ALL,primary,B,D_fee_sens,False,False
1.0,0.005,27178,1410,10,0.014055486054897343,0.007930824510867775,1.7722603791871596,-0.0014889299864034953,0.02959990209619818,0.509419383324748,0.5023916402972993,0.01883876664949602,0.004783280594598649,0.316,-0.297161233350504,-0.31121671940540135,0.014055486054897343,0.014055486054897343,0.04447938624967514,22.482324607329844,15,ALL,primary,B,A_baseline,False,False
1.0,0.005,27178,1410,10,0.014055486054897343,0.007930824510867775,1.7722603791871596,-0.0014889299864034953,0.02959990209619818,0.509419383324748,0.5023916402972993,0.01883876664949602,0.004783280594598649,0.276,-0.257161233350504,-0.2712167194054014,0.014055486054897343,0.014055486054897343,0.050925674111946886,19.636460732984297,15,ALL,primary,B,B_low_slip,False,False
1.0,0.005,27178,1410,10,0.014055486054897343,0.007930824510867775,1.7722603791871596,-0.0014889299864034953,0.02959990209619818,0.509419383324748,0.5023916402972993,0.01883876664949602,0.004783280594598649,0.436,-0.417161233350504,-0.43121671940540135,0.014055486054897343,0.014055486054897343,0.03223735333692051,31.019916230366494,15,ALL,primary,B,C_high_slip,False,False
1.0,0.005,27178,1410,10,0.014055486054897343,0.007930824510867775,1.7722603791871596,-0.0014889299864034953,0.02959990209619818,0.509419383324748,0.5023916402972993,0.01883876664949602,0.004783280594598649,0.2052,-0.18636123335050397,-0.20041671940540134,0.014055486054897343,0.014055486054897343,0.06849652073536718,14.599281675392671,15,ALL,primary,B,D_fee_sens,False,False
0.25,0.0075,27182,1410,6,0.00018394525789125157,0.0029019452011869954,0.06338688194939437,-0.00550386733643526,0.0058717578522177625,0.7956368184828195,0.7954896622765065,-0.005453976896475643,-0.00563792215436687,0.21066666666666667,-0.2161206435631423,-0.21630458882103354,0.00018394525789125157,0.00018394525789125157,0.0008731578697369536,1145.2682666666667,15,ALL,primary,B,A_baseline,False,False
0.25,0.0075,27182,1410,6,0.00018394525789125157,0.0029019452011869954,0.06338688194939437,-0.00550386733643526,0.0058717578522177625,0.7956368184828195,0.7954896622765065,-0.005453976896475643,-0.00563792215436687,0.18400000000000002,-0.18945397689647567,-0.1896379221543669,0.00018394525789125157,0.00018394525789125157,0.0009997024885394106,1000.2976000000001,15,ALL,primary,B,B_low_slip,False,False
0.25,0.0075,27182,1410,6,0.00018394525789125157,0.0029019452011869954,0.06338688194939437,-0.00550386733643526,0.0058717578522177625,0.7956368184828195,0.7954896622765065,-0.005453976896475643,-0.00563792215436687,0.2906666666666667,-0.2961206435631423,-0.29630458882103355,0.00018394525789125157,0.00018394525789125157,0.0006328391899928379,1580.1802666666667,15,ALL,primary,B,C_high_slip,False,False
0.25,0.0075,27182,1410,6,0.00018394525789125157,0.0029019452011869954,0.06338688194939437,-0.00550386733643526,0.0058717578522177625,0.7956368184828195,0.7954896622765065,-0.005453976896475643,-0.00563792215436687,0.1368,-0.14225397689647565,-0.14243792215436687,0.00018394525789125157,0.00018394525789125157,0.0013446290781524237,743.69952,15,ALL,primary,B,D_fee_sens,False,False
0.5,0.0075,27178,1410,10,0.010017293399072778,0.0049710080230347085,2.015143277310063,0.0002741176739247519,0.019760469124220807,0.6703215836338214,0.6636433880344397,0.005482375450732047,-0.004534917948340489,0.21066666666666667,-0.20518429121593462,-0.21520158461500716,0.010017293399072778,0.010017293399072778,0.04755044335002901,21.03029813284359,15,ALL,primary,B,A_baseline,True,False
0.5,0.0075,27178,1410,10,0.010017293399072778,0.0049710080230347085,2.015143277310063,0.0002741176739247519,0.019760469124220807,0.6703215836338214,0.6636433880344397,0.005482375450732047,-0.004534917948340489,0.18400000000000002,-0.17851762454926798,-0.1885349179483405,0.010017293399072778,0.010017293399072778,0.05444181195148248,18.368235078053264,15,ALL,primary,B,B_low_slip,True,False
0.5,0.0075,27178,1410,10,0.010017293399072778,0.0049710080230347085,2.015143277310063,0.0002741176739247519,0.019760469124220807,0.6703215836338214,0.6636433880344397,0.005482375450732047,-0.004534917948340489,0.2906666666666667,-0.28518429121593464,-0.2952015846150072,0.010017293399072778,0.010017293399072778,0.034463165363782494,29.016487297214574,15,ALL,primary,B,C_high_slip,True,False
0.5,0.0075,27178,1410,10,0.010017293399072778,0.0049710080230347085,2.015143277310063,0.0002741176739247519,0.019760469124220807,0.6703215836338214,0.6636433880344397,0.005482375450732047,-0.004534917948340489,0.1368,-0.13131762454926796,-0.1413349179483405,0.010017293399072778,0.010017293399072778,0.07322582894059049,13.656383471074383,15,ALL,primary,B,D_fee_sens,True,False
0.75,0.0075,27176,1410,12,0.012492640565204592,0.006900571466350213,1.810377680475221,-0.0010324795088418257,0.02601776063925101,0.5797026788342655,0.57256402708272,0.014479687959964682,0.0019870473947600775,0.21066666666666667,-0.196186978706702,-0.2086796192719066,0.012492640565204592,0.012492640565204592,0.059300509012047115,16.863261659302896,15,ALL,primary,B,A_baseline,False,False
0.75,0.0075,27176,1410,12,0.012492640565204592,0.006900571466350213,1.810377680475221,-0.0010324795088418257,0.02601776063925101,0.5797026788342655,0.57256402708272,0.014479687959964682,0.0019870473947600775,0.18400000000000002,-0.16952031204003534,-0.18201295260523995,0.012492640565204592,0.012492640565204592,0.06789478568045973,14.728671575846835,15,ALL,primary,B,B_low_slip,False,False
0.75,0.0075,27176,1410,12,0.012492640565204592,0.006900571466350213,1.810377680475221,-0.0010324795088418257,0.02601776063925101,0.5797026788342655,0.57256402708272,0.014479687959964682,0.0019870473947600775,0.2906666666666667,-0.276186978706702,-0.2886796192719066,0.012492640565204592,0.012492640565204592,0.042979267999557084,23.267031909671086,15,ALL,primary,B,C_high_slip,False,False
0.75,0.0075,27176,1410,12,0.012492640565204592,0.006900571466350213,1.810377680475221,-0.0010324795088418257,0.02601776063925101,0.5797026788342655,0.57256402708272,0.014479687959964682,0.0019870473947600775,0.1368,-0.12232031204003532,-0.13481295260523993,0.012492640565204592,0.012492640565204592,0.09132047196786983,10.950447128129603,15,ALL,primary,B,D_fee_sens,False,False
1.0,0.0075,27176,1410,12,0.01663232263762143,0.008670189732722851,1.9183343329671392,-0.00036124923851535776,0.03362589451375822,0.5101560200176627,0.501839858698852,0.020312040035325385,0.0036797173977038966,0.21066666666666667,-0.19035462663134128,-0.20698694926896277,0.01663232263762143,0.01663232263762143,0.07895089859630425,12.666100294985252,15,ALL,primary,B,A_baseline,False,False
1.0,0.0075,27176,1410,12,0.01663232263762143,0.008670189732722851,1.9183343329671392,-0.00036124923851535776,0.03362589451375822,0.5101560200176627,0.501839858698852,0.020312040035325385,0.0036797173977038966,0.18400000000000002,-0.16368795996467464,-0.18032028260229613,0.01663232263762143,0.01663232263762143,0.09039305781315993,11.062796460176994,15,ALL,primary,B,B_low_slip,False,False
1.0,0.0075,27176,1410,12,0.01663232263762143,0.008670189732722851,1.9183343329671392,-0.00036124923851535776,0.03362589451375822,0.5101560200176627,0.501839858698852,0.020312040035325385,0.0036797173977038966,0.2906666666666667,-0.2703546266313413,-0.2869869492689628,0.01663232263762143,0.01663232263762143,0.05722129347805537,17.47601179941003,15,ALL,primary,B,C_high_slip,False,False
1.0,0.0075,27176,1410,12,0.01663232263762143,0.008670189732722851,1.9183343329671392,-0.00036124923851535776,0.03362589451375822,0.5101560200176627,0.501839858698852,0.020312040035325385,0.0036797173977038966,0.1368,-0.11648795996467462,-0.1331202826022961,0.01663232263762143,0.01663232263762143,0.121581305830566,8.224948672566372,15,ALL,primary,B,D_fee_sens,False,False
0.25,0.01,27181,1410,7,0.00418490857584342,0.002982689427647247,1.403065480788084,-0.001661162702345184,0.010030979854032025,0.8000441484860749,0.7966962216254001,5.5185607593655206e-05,-0.0041297229682498715,0.158,-0.15794481439240635,-0.16212972296824987,0.00418490857584342,0.00418490857584342,0.026486763138249495,37.75470769230769,15,ALL,primary,B,A_baseline,False,False
0.25,0.01,27181,1410,7,0.00418490857584342,0.002982689427647247,1.403065480788084,-0.001661162702345184,0.010030979854032025,0.8000441484860749,0.7966962216254001,5.5185607593655206e-05,-0.0041297229682498715,0.138,-0.13794481439240636,-0.14212972296824988,0.00418490857584342,0.00418490857584342,0.030325424462633477,32.97563076923077,15,ALL,primary,B,B_low_slip,False,False
0.25,0.01,27181,1410,7,0.00418490857584342,0.002982689427647247,1.403065480788084,-0.001661162702345184,0.010030979854032025,0.8000441484860749,0.7966962216254001,5.5185607593655206e-05,-0.0041297229682498715,0.218,-0.21794481439240634,-0.22212972296824987,0.00418490857584342,0.00418490857584342,0.01919682832955697,52.09193846153846,15,ALL,primary,B,C_high_slip,False,False
0.25,0.01,27181,1410,7,0.00418490857584342,0.002982689427647247,1.403065480788084,-0.001661162702345184,0.010030979854032025,0.8000441484860749,0.7966962216254001,5.5185607593655206e-05,-0.0041297229682498715,0.1026,-0.10254481439240634,-0.10672972296824987,0.00418490857584342,0.00418490857584342,0.04078858261055965,24.516664615384613,15,ALL,primary,B,D_fee_sens,False,False
0.5,0.01,27174,1410,14,0.011095164495473615,0.004946250677231746,2.2431464192759463,0.0014005131680993937,0.020789815822847835,0.6739530433502613,0.6665562670199455,0.010929565025391996,-0.00016559947008176756,0.158,-0.147070434974608,-0.15816559947008177,0.011095164495473615,0.011095164495473615,0.07022256009793428,14.240437810945274,15,ALL,primary,B,A_baseline,True,False
0.5,0.01,27174,1410,14,0.011095164495473615,0.004946250677231746,2.2431464192759463,0.0014005131680993937,0.020789815822847835,0.6739530433502613,0.6665562670199455,0.010929565025391996,-0.00016559947008176756,0.138,-0.12707043497460802,-0.13816559947008178,0.011095164495473615,0.011095164495473615,0.08039974272082329,12.437850746268657,15,ALL,primary,B,B_low_slip,True,False
0.5,0.01,27174,1410,14,0.011095164495473615,0.004946250677231746,2.2431464192759463,0.0014005131680993937,0.020789815822847835,0.6739530433502613,0.6665562670199455,0.010929565025391996,-0.00016559947008176756,0.218,-0.207070434974608,-0.21816559947008177,0.011095164495473615,0.011095164495473615,0.050895249979236765,19.648199004975123,15,ALL,primary,B,C_high_slip,True,False
0.5,0.01,27174,1410,14,0.011095164495473615,0.004946250677231746,2.2431464192759463,0.0014005131680993937,0.020789815822847835,0.6739530433502613,0.6665562670199455,0.010929565025391996,-0.00016559947008176756,0.1026,-0.091670434974608,-0.10276559947008176,0.011095164495473615,0.011095164495473615,0.10814000482917753,9.247271641791045,15,ALL,primary,B,D_fee_sens,True,False
0.75,0.01,27174,1410,14,0.014940752189592994,0.006968273641215538,2.144111003509148,0.0012829358528105394,0.028598568526375445,0.5802605431662619,0.5717229704864945,0.015455950540958163,0.0005151983513653757,0.158,-0.14254404945904184,-0.15748480164863463,0.014940752189592994,0.014940752189592994,0.094561722718943,10.575103448275861,15,ALL,primary,B,A_baseline,True,False
0.75,0.01,27174,1410,14,0.014940752189592994,0.006968273641215538,2.144111003509148,0.0012829358528105394,0.028598568526375445,0.5802605431662619,0.5717229704864945,0.015455950540958163,0.0005151983513653757,0.138,-0.12254404945904185,-0.13748480164863464,0.014940752189592994,0.014940752189592994,0.10826632021444198,9.23648275862069,15,ALL,primary,B,B_low_slip,True,False
0.75,0.01,27174,1410,14,0.014940752189592994,0.006968273641215538,2.144111003509148,0.0012829358528105394,0.028598568526375445,0.5802605431662619,0.5717229704864945,0.015455950540958163,0.0005151983513653757,0.218,-0.20254404945904184,-0.21748480164863462,0.014940752189592994,0.014940752189592994,0.06853556050272015,14.59096551724138,15,ALL,primary,B,C_high_slip,True,False
0.75,0.01,27174,1410,14,0.014940752189592994,0.006968273641215538,2.144111003509148,0.0012829358528105394,0.028598568526375445,0.5802605431662619,0.5717229704864945,0.015455950540958163,0.0005151983513653757,0.1026,-0.08714404945904183,-0.10208480164863462,0.014940752189592994,0.014940752189592994,0.1456213663703021,6.867124137931034,15,ALL,primary,B,D_fee_sens,True,False
1.0,0.01,27173,1410,15,0.019872667721635446,0.008466884527469276,2.34710508418559,0.003277574047795665,0.03646776139547522,0.5120156037242851,0.5020792698634674,0.024031207448570235,0.004158539726934807,0.158,-0.13396879255142977,-0.1538414602730652,0.019872667721635446,0.019872667721635446,0.12577637798503447,7.950618518518519,15,ALL,primary,B,A_baseline,True,False
1.0,0.01,27173,1410,15,0.019872667721635446,0.008466884527469276,2.34710508418559,0.003277574047795665,0.03646776139547522,0.5120156037242851,0.5020792698634674,0.024031207448570235,0.004158539726934807,0.138,-0.11396879255142978,-0.1338414602730652,0.019872667721635446,0.019872667721635446,0.14400483856257568,6.9442111111111124,15,ALL,primary,B,B_low_slip,True,False
1.0,0.01,27173,1410,15,0.019872667721635446,0.008466884527469276,2.34710508418559,0.003277574047795665,0.03646776139547522,0.5120156037242851,0.5020792698634674,0.024031207448570235,0.004158539726934807,0.218,-0.19396879255142976,-0.2138414602730652,0.019872667721635446,0.019872667721635446,0.09115902624603416,10.969840740740741,15,ALL,primary,B,C_high_slip,True,False
1.0,0.01,27173,1410,15,0.019872667721635446,0.008466884527469276,2.34710508418559,0.003277574047795665,0.03646776139547522,0.5120156037242851,0.5020792698634674,0.024031207448570235,0.004158539726934807,0.1026,-0.07856879255142976,-0.09844146027306519,0.019872667721635446,0.019872667721635446,0.19369071853445854,5.16287,15,ALL,primary,B,D_fee_sens,True,False
0.25,0.015,27175,1410,13,0.007520699172033118,0.0031282719542198942,2.4041065745220913,0.0013892861417621257,0.01365211220230411,0.7982704691812328,0.7922539098436062,-0.002161913523458958,-0.009682612695492199,0.10533333333333333,-0.10749524685679229,-0.11501594602882553,0.007520699172033118,0.007520699172033118,0.07139904277246631,14.005790010193682,15,ALL,primary,B,A_baseline,True,False
0.25,0.015,27175,1410,13,0.007520699172033118,0.0031282719542198942,2.4041065745220913,0.0013892861417621257,0.01365211220230411,0.7982704691812328,0.7922539098436062,-0.002161913523458958,-0.009682612695492199,0.09200000000000001,-0.09416191352345897,-0.10168261269549221,0.007520699172033118,0.007520699172033118,0.08174673013079475,12.232905198776761,15,ALL,primary,B,B_low_slip,True,False
0.25,0.015,27175,1410,13,0.007520699172033118,0.0031282719542198942,2.4041065745220913,0.0013892861417621257,0.01365211220230411,0.7982704691812328,0.7922539098436062,-0.002161913523458958,-0.009682612695492199,0.14533333333333334,-0.1474952468567923,-0.15501594602882554,0.007520699172033118,0.007520699172033118,0.051747930082796684,19.324444444444445,15,ALL,primary,B,C_high_slip,True,False
0.25,0.015,27175,1410,13,0.007520699172033118,0.0031282719542198942,2.4041065745220913,0.0013892861417621257,0.01365211220230411,0.7982704691812328,0.7922539098436062,-0.002161913523458958,-0.009682612695492199,0.0684,-0.07056191352345896,-0.0780826126954922,0.007520699172033118,0.007520699172033118,0.10995174228118594,9.094899082568809,15,ALL,primary,B,D_fee_sens,True,False
0.5,0.015,27170,1410,18,0.01090357011409643,0.005079984645723849,2.146378557123134,0.0009468002084776885,0.020860340019715172,0.6675009201324991,0.6602318733897681,0.0012513801987485973,-0.009652189915347886,0.10533333333333333,-0.10408195313458474,-0.11498552324868122,0.01090357011409643,0.01090357011409643,0.10351490614648509,9.660444444444444,15,ALL,primary,B,A_baseline,True,False
0.5,0.015,27170,1410,18,0.01090357011409643,0.005079984645723849,2.146378557123134,0.0009468002084776885,0.020860340019715172,0.6675009201324991,0.6602318733897681,0.0012513801987485973,-0.009652189915347886,0.09200000000000001,-0.09074861980125142,-0.1016521899153479,0.01090357011409643,0.01090357011409643,0.11851706645756988,8.437603375527427,15,ALL,primary,B,B_low_slip,True,False
0.5,0.015,27170,1410,18,0.01090357011409643,0.005079984645723849,2.146378557123134,0.0009468002084776885,0.020860340019715172,0.6675009201324991,0.6602318733897681,0.0012513801987485973,-0.009652189915347886,0.14533333333333334,-0.14408195313458474,-0.15498552324868123,0.01090357011409643,0.01090357011409643,0.07502456500525066,13.3289676511955,15,ALL,primary,B,C_high_slip,True,False
0.5,0.015,27170,1410,18,0.01090357011409643,0.005079984645723849,2.146378557123134,0.0009468002084776885,0.020860340019715172,0.6675009201324991,0.6602318733897681,0.0012513801987485973,-0.009652189915347886,0.0684,-0.0671486198012514,-0.07805218991534789,0.01090357011409643,0.01090357011409643,0.1594089197967314,6.273174683544304,15,ALL,primary,B,D_fee_sens,True,False
0.75,0.015,27168,1410,20,0.012367491166077738,0.006651994526298579,1.859215475476267,-0.0006704181054674762,0.025405400437622953,0.5763766195524146,0.5693094817432274,0.008659084216725565,-0.003708406949352039,0.10533333333333333,-0.09667424911660777,-0.10904174028268537,0.012367491166077738,0.012367491166077738,0.11741289081719371,8.51695238095238,15,ALL,primary,B,A_baseline,False,False
0.75,0.015,27168,1410,20,0.012367491166077738,0.006651994526298579,1.859215475476267,-0.0006704181054674762,0.025405400437622953,0.5763766195524146,0.5693094817432274,0.008659084216725565,-0.003708406949352039,0.09200000000000001,-0.08334091578327445,-0.09570840694935205,0.012367491166077738,0.012367491166077738,0.13442925180519277,7.438857142857144,15,ALL,primary,B,B_low_slip,False,False
0.75,0.015,27168,1410,20,0.012367491166077738,0.006651994526298579,1.859215475476267,-0.0006704181054674762,0.025405400437622953,0.5763766195524146,0.5693094817432274,0.008659084216725565,-0.003708406949352039,0.14533333333333334,-0.13667424911660778,-0.14904174028268538,0.012367491166077738,0.012367491166077738,0.0850974162803514,11.751238095238097,15,ALL,primary,B,C_high_slip,False,False
0.75,0.015,27168,1410,20,0.012367491166077738,0.006651994526298579,1.859215475476267,-0.0006704181054674762,0.025405400437622953,0.5763766195524146,0.5693094817432274,0.008659084216725565,-0.003708406949352039,0.0684,-0.05974091578327444,-0.07210840694935204,0.012367491166077738,0.012367491166077738,0.18081127435786165,5.530628571428572,15,ALL,primary,B,D_fee_sens,False,False
1.0,0.015,27168,1410,20,0.015532979976442873,0.008102069021081803,1.9171621392048919,-0.00034707530487745886,0.031413035257763205,0.5097173144876325,0.5019508244994111,0.019434628975264934,0.0039016489988221714,0.10533333333333333,-0.0858987043580684,-0.10143168433451116,0.015532979976442873,0.015532979976442873,0.14746499977635638,6.781270142180095,15,ALL,primary,B,A_baseline,False,False
1.0,0.015,27168,1410,20,0.015532979976442873,0.008102069021081803,1.9171621392048919,-0.00034707530487745886,0.031413035257763205,0.5097173144876325,0.5019508244994111,0.019434628975264934,0.0039016489988221714,0.09200000000000001,-0.07256537102473508,-0.08809835100117784,0.015532979976442873,0.015532979976442873,0.16883673887437903,5.922881516587679,15,ALL,primary,B,B_low_slip,False,False
1.0,0.015,27168,1410,20,0.015532979976442873,0.008102069021081803,1.9171621392048919,-0.00034707530487745886,0.031413035257763205,0.5097173144876325,0.5019508244994111,0.019434628975264934,0.0039016489988221714,0.14533333333333334,-0.1258987043580684,-0.14143168433451117,0.015532979976442873,0.015532979976442873,0.10687830259020326,9.356436018957346,15,ALL,primary,B,C_high_slip,False,False
1.0,0.015,27168,1410,20,0.015532979976442873,0.008102069021081803,1.9171621392048919,-0.00034707530487745886,0.031413035257763205,0.5097173144876325,0.5019508244994111,0.019434628975264934,0.0039016489988221714,0.0684,-0.04896537102473507,-0.06449835100117783,0.015532979976442873,0.015532979976442873,0.22709035053279053,4.4035336492891,15,ALL,primary,B,D_fee_sens,False,False
0.25,0.02,27169,1410,19,0.006579189517464758,0.0031650376860973646,2.078708113449732,0.00037571565271392326,0.012782663382215592,0.7995141521587102,0.7942508005447385,-0.0006073098016121659,-0.007186499319076889,0.079,-0.07960730980161217,-0.08618649931907689,0.006579189517464758,0.006579189517464758,0.08328087996790833,12.007558041958042,15,ALL,primary,B,A_baseline,True,False
0.25,0.02,27169,1410,19,0.006579189517464758,0.0031650376860973646,2.078708113449732,0.00037571565271392326,0.012782663382215592,0.7995141521587102,0.7942508005447385,-0.0006073098016121659,-0.007186499319076889,0.069,-0.06960730980161217,-0.0761864993190769,0.006579189517464758,0.006579189517464758,0.09535057271688054,10.487613986013987,15,ALL,primary,B,B_low_slip,True,False
0.25,0.02,27169,1410,19,0.006579189517464758,0.0031650376860973646,2.078708113449732,0.00037571565271392326,0.012782663382215592,0.7995141521587102,0.7942508005447385,-0.0006073098016121659,-0.007186499319076889,0.109,-0.10960730980161217,-0.11618649931907689,0.006579189517464758,0.006579189517464758,0.06035953685747484,16.567390209790208,15,ALL,primary,B,C_high_slip,True,False
0.25,0.02,27169,1410,19,0.006579189517464758,0.0031650376860973646,2.078708113449732,0.00037571565271392326,0.012782663382215592,0.7995141521587102,0.7942508005447385,-0.0006073098016121659,-0.007186499319076889,0.0513,-0.051907309801612164,-0.05848649931907689,0.006579189517464758,0.006579189517464758,0.12824930833264636,7.797313006993007,15,ALL,primary,B,D_fee_sens,True,False
0.5,0.02,27166,1410,22,0.007012442023117132,0.004888929510522825,1.4343512231100295,-0.0025698598175076044,0.016594743863741865,0.6638445115217552,0.6591695501730104,-0.004233232717367308,-0.011245674740484435,0.079,-0.08323323271736731,-0.09024567474048444,0.007012442023117132,0.007012442023117132,0.08876508890021687,11.26569028871391,15,ALL,primary,B,A_baseline,False,False
0.5,0.02,27166,1410,22,0.007012442023117132,0.004888929510522825,1.4343512231100295,-0.0025698598175076044,0.016594743863741865,0.6638445115217552,0.6591695501730104,-0.004233232717367308,-0.011245674740484435,0.069,-0.07323323271736731,-0.08024567474048444,0.007012442023117132,0.007012442023117132,0.10162959453792944,9.839653543307087,15,ALL,primary,B,B_low_slip,False,False
0.5,0.02,27166,1410,22,0.007012442023117132,0.004888929510522825,1.4343512231100295,-0.0025698598175076044,0.016594743863741865,0.6638445115217552,0.6591695501730104,-0.004233232717367308,-0.011245674740484435,0.109,-0.11323323271736731,-0.12024567474048443,0.007012442023117132,0.007012442023117132,0.06433433048731314,15.543800524934381,15,ALL,primary,B,C_high_slip,False,False
0.5,0.02,27166,1410,22,0.007012442023117132,0.004888929510522825,1.4343512231100295,-0.0025698598175076044,0.016594743863741865,0.6638445115217552,0.6591695501730104,-0.004233232717367308,-0.011245674740484435,0.0513,-0.055533232717367306,-0.06254567474048443,0.007012442023117132,0.007012442023117132,0.1366947762790864,7.3155685039370075,15,ALL,primary,B,D_fee_sens,False,False
0.75,0.02,27164,1410,24,0.01033997202179355,0.006227286002565206,1.660429923651203,-0.001865508543234253,0.022545452586821356,0.5770505080253276,0.5711419525843028,0.009838389044323437,-0.0005015829774701608,0.079,-0.06916161095567656,-0.07950158297747016,0.01033997202179355,0.01033997202179355,0.13088572179485508,7.640252781486426,15,ALL,primary,B,A_baseline,False,False
0.75,0.02,27164,1410,24,0.01033997202179355,0.006227286002565206,1.660429923651203,-0.001865508543234253,0.022545452586821356,0.5770505080253276,0.5711419525843028,0.009838389044323437,-0.0005015829774701608,0.069,-0.05916161095567657,-0.06950158297747017,0.01033997202179355,0.01033997202179355,0.1498546669825152,6.67313217623498,15,ALL,primary,B,B_low_slip,False,False
0.75,0.02,27164,1410,24,0.01033997202179355,0.006227286002565206,1.660429923651203,-0.001865508543234253,0.022545452586821356,0.5770505080253276,0.5711419525843028,0.009838389044323437,-0.0005015829774701608,0.109,-0.09916161095567656,-0.10950158297747016,0.01033997202179355,0.01033997202179355,0.09486212864030781,10.541614597240764,15,ALL,primary,B,C_high_slip,False,False
0.75,0.02,27164,1410,24,0.01033997202179355,0.006227286002565206,1.660429923651203,-0.001865508543234253,0.022545452586821356,0.5770505080253276,0.5711419525843028,0.009838389044323437,-0.0005015829774701608,0.0513,-0.04146161095567656,-0.05180158297747016,0.01033997202179355,0.01033997202179355,0.20155890880689184,4.96132870493992,15,ALL,primary,B,D_fee_sens,False,False
1.0,0.02,27164,1410,24,0.007068178471506406,0.007868532363276871,0.8982842219082955,-0.008354144960516261,0.022490501903529074,0.5051170667059344,0.5015829774701811,0.01023413341186874,0.0031659549403622034,0.079,-0.06876586658813126,-0.0758340450596378,0.007068178471506406,0.007068178471506406,0.08947061356337223,11.176854166666667,15,ALL,primary,B,A_baseline,False,False
1.0,0.02,27164,1410,24,0.007068178471506406,0.007868532363276871,0.8982842219082955,-0.008354144960516261,0.022490501903529074,0.5051170667059344,0.5015829774701811,0.01023413341186874,0.0031659549403622034,0.069,-0.058765866588131266,-0.0658340450596378,0.007068178471506406,0.007068178471506406,0.10243736915226674,9.7620625,15,ALL,primary,B,B_low_slip,False,False
1.0,0.02,27164,1410,24,0.007068178471506406,0.007868532363276871,0.8982842219082955,-0.008354144960516261,0.022490501903529074,0.5051170667059344,0.5015829774701811,0.01023413341186874,0.0031659549403622034,0.109,-0.09876586658813126,-0.1058340450596378,0.007068178471506406,0.007068178471506406,0.06484567405051749,15.421229166666667,15,ALL,primary,B,C_high_slip,False,False
1.0,0.02,27164,1410,24,0.007068178471506406,0.007868532363276871,0.8982842219082955,-0.008354144960516261,0.022490501903529074,0.5051170667059344,0.5015829774701811,0.01023413341186874,0.0031659549403622034,0.0513,-0.04106586658813126,-0.048134045059637795,0.007068178471506406,0.007068178471506406,0.13778125675451083,7.25788125,15,ALL,primary,B,D_fee_sens,False,False
0.25,0.03,27160,1410,28,0.004855486008836524,0.0031725047629623526,1.5304897459957394,-0.0013626233265696865,0.011073595344242735,0.7900589101620029,0.7861745213549337,-0.012426362297496385,-0.017281848306332837,0.05266666666666667,-0.06509302896416305,-0.0699485149729995,0.004855486008836524,0.004855486008836524,0.09219277231968084,10.846837282780411,15,ALL,primary,B,A_baseline,False,False
0.25,0.03,27160,1410,28,0.004855486008836524,0.0031725047629623526,1.5304897459957394,-0.0013626233265696865,0.011073595344242735,0.7900589101620029,0.7861745213549337,-0.012426362297496385,-0.017281848306332837,0.046000000000000006,-0.05842636229749639,-0.06328184830633285,0.004855486008836524,0.004855486008836524,0.10555404367035921,9.473819905213272,15,ALL,primary,B,B_low_slip,False,False
0.25,0.03,27160,1410,28,0.004855486008836524,0.0031725047629623526,1.5304897459957394,-0.0013626233265696865,0.011073595344242735,0.7900589101620029,0.7861745213549337,-0.012426362297496385,-0.017281848306332837,0.07266666666666667,-0.08509302896416306,-0.08994851497299951,0.004855486008836524,0.004855486008836524,0.06681861480050262,14.965889415481833,15,ALL,primary,B,C_high_slip,False,False
0.25,0.03,27160,1410,28,0.004855486008836524,0.0031725047629623526,1.5304897459957394,-0.0013626233265696865,0.011073595344242735,0.7900589101620029,0.7861745213549337,-0.012426362297496385,-0.017281848306332837,0.0342,-0.046626362297496386,-0.05148184830633284,0.004855486008836524,0.004855486008836524,0.14197327511217908,7.0435791469194315,15,ALL,primary,B,D_fee_sens,False,False
0.5,0.03,27152,1410,36,0.010082130229817325,0.004447042908844836,2.267153800059973,0.0013659261284814463,0.018798334331153202,0.6633028874484385,0.6565814672952268,-0.0050456688273423644,-0.015127799057159774,0.05266666666666667,-0.05771233549400903,-0.06779446572382644,0.010082130229817325,0.010082130229817325,0.19143285246488592,5.223763774733638,15,ALL,primary,B,A_baseline,True,False
0.5,0.03,27152,1410,36,0.010082130229817325,0.004447042908844836,2.267153800059973,0.0013659261284814463,0.018798334331153202,0.6633028874484385,0.6565814672952268,-0.0050456688273423644,-0.015127799057159774,0.046000000000000006,-0.05104566882734237,-0.06112779905715978,0.010082130229817325,0.010082130229817325,0.21917674412646354,4.562527853881279,15,ALL,primary,B,B_low_slip,True,False
0.5,0.03,27152,1410,36,0.010082130229817325,0.004447042908844836,2.267153800059973,0.0013659261284814463,0.018798334331153202,0.6633028874484385,0.6565814672952268,-0.0050456688273423644,-0.015127799057159774,0.07266666666666667,-0.07771233549400904,-0.08779446572382645,0.010082130229817325,0.010082130229817325,0.13874491141950446,7.207471537290716,15,ALL,primary,B,C_high_slip,True,False
0.5,0.03,27152,1410,36,0.010082130229817325,0.004447042908844836,2.267153800059973,0.0013659261284814463,0.018798334331153202,0.6633028874484385,0.6565814672952268,-0.0050456688273423644,-0.015127799057159774,0.0342,-0.039245668827342366,-0.049327799057159775,0.010082130229817325,0.010082130229817325,0.29479912952682236,3.3921402739726028,15,ALL,primary,B,D_fee_sens,True,False
0.75,0.03,27152,1410,36,0.007283073070123748,0.005831247589465595,1.2489733900650934,-0.004146172205228817,0.018712318345476313,0.564820271066588,0.5606585150265174,-0.011564525633470879,-0.018847598703594537,0.05266666666666667,-0.06423119230013755,-0.0715142653702612,0.007283073070123748,0.007283073070123748,0.1382861975339952,7.231379688158449,15,ALL,primary,B,A_baseline,False,False
0.75,0.03,27152,1410,36,0.007283073070123748,0.005831247589465595,1.2489733900650934,-0.004146172205228817,0.018712318345476313,0.564820271066588,0.5606585150265174,-0.011564525633470879,-0.018847598703594537,0.046000000000000006,-0.057564525633470885,-0.06484759870359455,0.007283073070123748,0.007283073070123748,0.15832767543747275,6.316015170670038,15,ALL,primary,B,B_low_slip,False,False
0.75,0.03,27152,1410,36,0.007283073070123748,0.005831247589465595,1.2489733900650934,-0.004146172205228817,0.018712318345476313,0.564820271066588,0.5606585150265174,-0.011564525633470879,-0.018847598703594537,0.07266666666666667,-0.08423119230013755,-0.09151426537026121,0.007283073070123748,0.007283073070123748,0.1002257761943635,9.977473240623683,15,ALL,primary,B,C_high_slip,False,False
0.75,0.03,27152,1410,36,0.007283073070123748,0.005831247589465595,1.2489733900650934,-0.004146172205228817,0.018712318345476313,0.564820271066588,0.5606585150265174,-0.011564525633470879,-0.018847598703594537,0.0342,-0.04576452563347088,-0.05304759870359454,0.007283073070123748,0.007283073070123748,0.21295535292759496,4.69581997471555,15,ALL,primary,B,D_fee_sens,False,False
1.0,0.03,27152,1410,36,0.015947259870359456,0.007003176604688229,2.2771466108228187,0.0022210337251705285,0.029673486015548384,0.5085076605774896,0.50053403064231,0.01701532115497928,0.0010680612846198922,0.05266666666666667,-0.03565134551168739,-0.051598605382046775,0.015947259870359456,0.015947259870359456,0.30279607348783777,3.30255273287144,15,ALL,primary,B,A_baseline,True,False
1.0,0.03,27152,1410,36,0.015947259870359456,0.007003176604688229,2.2771466108228187,0.0022210337251705285,0.029673486015548384,0.5085076605774896,0.50053403064231,0.01701532115497928,0.0010680612846198922,0.046000000000000006,-0.028984678845020727,-0.044931938715380114,0.015947259870359456,0.015947259870359456,0.34667956239911857,2.884508083140878,15,ALL,primary,B,B_low_slip,True,False
1.0,0.03,27152,1410,36,0.015947259870359456,0.007003176604688229,2.2771466108228187,0.0022210337251705285,0.029673486015548384,0.5085076605774896,0.50053403064231,0.01701532115497928,0.0010680612846198922,0.07266666666666667,-0.05565134551168739,-0.07159860538204678,0.015947259870359456,0.015947259870359456,0.21945770463797415,4.556686682063126,15,ALL,primary,B,C_high_slip,True,False
1.0,0.03,27152,1410,36,0.015947259870359456,0.007003176604688229,2.2771466108228187,0.0022210337251705285,0.029673486015548384,0.5085076605774896,0.50053403064231,0.01701532115497928,0.0010680612846198922,0.0342,-0.017184678845020722,-0.03313193871538011,0.015947259870359456,0.015947259870359456,0.4662941482561244,2.1445690531177832,15,ALL,primary,B,D_fee_sens,True,False
0.25,0.05,27143,1408,45,0.004167741222414619,0.002934794017963373,1.4201137105039012,-0.001584455052793593,0.009919937497622832,0.7862063883874295,0.7828721954094978,-0.017242014515713056,-0.021409755738127756,0.031599999999999996,-0.04884201451571305,-0.05300975573812775,0.004167741222414619,0.004167741222414619,0.13189054501312086,7.582044640883977,15,ALL,primary,B,A_baseline,False,False
0.25,0.05,27143,1408,45,0.004167741222414619,0.002934794017963373,1.4201137105039012,-0.001584455052793593,0.009919937497622832,0.7862063883874295,0.7828721954094978,-0.017242014515713056,-0.021409755738127756,0.027600000000000003,-0.044842014515713055,-0.049009755738127755,0.004167741222414619,0.004167741222414619,0.15100511675415285,6.622292154696133,15,ALL,primary,B,B_low_slip,False,False
0.25,0.05,27143,1408,45,0.004167741222414619,0.002934794017963373,1.4201137105039012,-0.001584455052793593,0.009919937497622832,0.7862063883874295,0.7828721954094978,-0.017242014515713056,-0.021409755738127756,0.0436,-0.060842014515713055,-0.06500975573812776,0.004167741222414619,0.004167741222414619,0.09559039500950961,10.461302099447513,15,ALL,primary,B,C_high_slip,False,False
0.25,0.05,27143,1408,45,0.004167741222414619,0.002934794017963373,1.4201137105039012,-0.001584455052793593,0.009919937497622832,0.7862063883874295,0.7828721954094978,-0.017242014515713056,-0.021409755738127756,0.02052,-0.03776201451571305,-0.04192975573812775,0.004167741222414619,0.004167741222414619,0.20310629738862665,4.923530254143646,15,ALL,primary,B,D_fee_sens,False,False
0.5,0.05,27116,1408,72,0.006250921964891578,0.004081714381077522,1.531445216713427,-0.0017492382220203658,0.01425108215180352,0.6502065201357132,0.6460392388257855,-0.024690219796430157,-0.030941141761321678,0.031599999999999996,-0.05629021979643015,-0.06254114176132167,0.006250921964891578,0.006250921964891578,0.19781398623074614,5.055254277286134,15,ALL,primary,B,A_baseline,False,False
0.5,0.05,27116,1408,72,0.006250921964891578,0.004081714381077522,1.531445216713427,-0.0017492382220203658,0.01425108215180352,0.6502065201357132,0.6460392388257855,-0.024690219796430157,-0.030941141761321678,0.027600000000000003,-0.05229021979643016,-0.05854114176132168,0.006250921964891578,0.006250921964891578,0.22648267988737597,4.415348672566371,15,ALL,primary,B,B_low_slip,False,False
0.5,0.05,27116,1408,72,0.006250921964891578,0.004081714381077522,1.531445216713427,-0.0017492382220203658,0.01425108215180352,0.6502065201357132,0.6460392388257855,-0.024690219796430157,-0.030941141761321678,0.0436,-0.06829021979643016,-0.07454114176132168,0.006250921964891578,0.006250921964891578,0.14336976983696278,6.974971091445427,15,ALL,primary,B,C_high_slip,False,False
0.5,0.05,27116,1408,72,0.006250921964891578,0.004081714381077522,1.531445216713427,-0.0017492382220203658,0.01425108215180352,0.6502065201357132,0.6460392388257855,-0.024690219796430157,-0.030941141761321678,0.02052,-0.045210219796430154,-0.051461141761321674,0.006250921964891578,0.006250921964891578,0.3046258267491022,3.282715752212389,15,ALL,primary,B,D_fee_sens,False,False
0.75,0.05,27093,1407,95,0.0067821946628280365,0.005080698650987757,1.334894101918343,-0.003175974693107965,0.01674036401876404,0.5721034953678071,0.5682279555604769,0.001181116893662404,-0.005601077769165408,0.031599999999999996,-0.030418883106337592,-0.037201077769165404,0.0067821946628280365,0.0067821946628280365,0.2146264133806341,4.659258775510204,15,ALL,primary,B,A_baseline,False,False
0.75,0.05,27093,1407,95,0.0067821946628280365,0.005080698650987757,1.334894101918343,-0.003175974693107965,0.01674036401876404,0.5721034953678071,0.5682279555604769,0.001181116893662404,-0.005601077769165408,0.027600000000000003,-0.0264188831063376,-0.03320107776916541,0.0067821946628280365,0.0067821946628280365,0.2457316906821752,4.06947918367347,15,ALL,primary,B,B_low_slip,False,False
0.75,0.05,27093,1407,95,0.0067821946628280365,0.005080698650987757,1.334894101918343,-0.003175974693107965,0.01674036401876404,0.5721034953678071,0.5682279555604769,0.001181116893662404,-0.005601077769165408,0.0436,-0.042418883106337596,-0.04920107776916541,0.0067821946628280365,0.0067821946628280365,0.15555492345935865,6.428597551020409,15,ALL,primary,B,C_high_slip,False,False
0.75,0.05,27093,1407,95,0.0067821946628280365,0.005080698650987757,1.334894101918343,-0.003175974693107965,0.01674036401876404,0.5721034953678071,0.5682279555604769,0.001181116893662404,-0.005601077769165408,0.02052,-0.019338883106337596,-0.026121077769165408,0.0067821946628280365,0.0067821946628280365,0.33051630910468016,3.025569306122449,15,ALL,primary,B,D_fee_sens,False,False
1.0,0.05,27084,1407,104,0.00823364347954512,0.006694358018312078,1.229937726219961,-0.004887298236346552,0.02135458519543679,0.5054275587062472,0.5013107369664747,0.010855117412494453,0.002621473932949314,0.031599999999999996,-0.020744882587505543,-0.028978526067050682,0.00823364347954512,0.00823364347954512,0.2605583379602886,3.8379121076233176,15,ALL,primary,B,A_baseline,False,False
1.0,0.05,27084,1407,104,0.00823364347954512,0.006694358018312078,1.229937726219961,-0.004887298236346552,0.02135458519543679,0.5054275587062472,0.5013107369664747,0.010855117412494453,0.002621473932949314,0.027600000000000003,-0.01674488258750555,-0.02497852606705069,0.00823364347954512,0.00823364347954512,0.29832041592554775,3.3521004484304933,15,ALL,primary,B,B_low_slip,False,False
1.0,0.05,27084,1407,104,0.00823364347954512,0.006694358018312078,1.229937726219961,-0.004887298236346552,0.02135458519543679,0.5054275587062472,0.5013107369664747,0.010855117412494453,0.002621473932949314,0.0436,-0.03274488258750555,-0.040978526067050686,0.00823364347954512,0.00823364347954512,0.1888450339345211,5.295347085201794,15,ALL,primary,B,C_high_slip,False,False
1.0,0.05,27084,1407,104,0.00823364347954512,0.006694358018312078,1.229937726219961,-0.004887298236346552,0.02135458519543679,0.5054275587062472,0.5013107369664747,0.010855117412494453,0.002621473932949314,0.02052,-0.009664882587505547,-0.017898526067050686,0.00823364347954512,0.00823364347954512,0.4012496822390409,2.4922138116591928,15,ALL,primary,B,D_fee_sens,False,False
0.25,0.075,27078,1404,110,0.0015002954427948889,0.002914599765675183,0.5147517887236697,-0.0042123200979284695,0.007212910983518247,0.785360809513258,0.7841605731590221,-0.01829898810842745,-0.019799283551222402,0.021066666666666668,-0.039365654775094114,-0.040865950217889066,0.0015002954427948889,0.0015002954427948889,0.0712165558288713,14.041678769230769,15,ALL,diagnostic,B,A_baseline,False,False
0.25,0.075,27078,1404,110,0.0015002954427948889,0.002914599765675183,0.5147517887236697,-0.0042123200979284695,0.007212910983518247,0.785360809513258,0.7841605731590221,-0.01829898810842745,-0.019799283551222402,0.018400000000000003,-0.03669898810842745,-0.0381992835512224,0.0015002954427948889,0.0015002954427948889,0.08153779580407003,12.26425107692308,15,ALL,diagnostic,B,B_low_slip,False,False
0.25,0.075,27078,1404,110,0.0015002954427948889,0.002914599765675183,0.5147517887236697,-0.0042123200979284695,0.007212910983518247,0.785360809513258,0.7841605731590221,-0.01829898810842745,-0.019799283551222402,0.029066666666666668,-0.04736565477509412,-0.04886595021788907,0.0015002954427948889,0.0015002954427948889,0.05161566890349388,19.373961846153847,15,ALL,diagnostic,B,C_high_slip,False,False
0.25,0.075,27078,1404,110,0.0015002954427948889,0.002914599765675183,0.5147517887236697,-0.0042123200979284695,0.007212910983518247,0.785360809513258,0.7841605731590221,-0.01829898810842745,-0.019799283551222402,0.013680000000000001,-0.03197898810842745,-0.0334792835512224,0.0015002954427948889,0.0015002954427948889,0.10967071950255035,9.118204061538462,15,ALL,diagnostic,B,D_fee_sens,False,False
0.5,0.075,26954,1399,234,0.006427617422274988,0.0038496701814858736,1.6696540532711541,-0.0011177361334373244,0.013972970977987298,0.6658751947762855,0.6615901164947688,-0.0011872078355716909,-0.007614825257846736,0.021066666666666668,-0.02225387450223836,-0.028681491924513403,0.006427617422274988,0.006427617422274988,0.30510842194343296,3.2775234247234244,15,ALL,diagnostic,B,A_baseline,False,False
0.5,0.075,26954,1399,234,0.006427617422274988,0.0038496701814858736,1.6696540532711541,-0.0011177361334373244,0.013972970977987298,0.6658751947762855,0.6615901164947688,-0.0011872078355716909,-0.007614825257846736,0.018400000000000003,-0.019587207835571694,-0.02601482525784674,0.006427617422274988,0.006427617422274988,0.34932703381929275,2.862647041847042,15,ALL,diagnostic,B,B_low_slip,False,False
0.5,0.075,26954,1399,234,0.006427617422274988,0.0038496701814858736,1.6696540532711541,-0.0011177361334373244,0.013972970977987298,0.6658751947762855,0.6615901164947688,-0.0011872078355716909,-0.007614825257846736,0.029066666666666668,-0.03025387450223836,-0.03668149192451341,0.006427617422274988,0.006427617422274988,0.2211336269131303,4.522152573352573,15,ALL,diagnostic,B,C_high_slip,False,False
0.5,0.075,26954,1399,234,0.006427617422274988,0.0038496701814858736,1.6696540532711541,-0.0011177361334373244,0.013972970977987298,0.6658751947762855,0.6615901164947688,-0.0011872078355716909,-0.007614825257846736,0.013680000000000001,-0.014867207835571692,-0.021294825257846737,0.006427617422274988,0.006427617422274988,0.4698550747277037,2.128315844155844,15,ALL,diagnostic,B,D_fee_sens,False,False
0.75,0.075,26818,1395,370,0.009037773137445,0.005081743342970985,1.778478865908479,-0.0009224438147781306,0.01899799008966813,0.5718547244388098,0.5666902826459841,0.0007457677679172381,-0.0082920053695279,0.021066666666666668,-0.02032089889874943,-0.029358672036194567,0.009037773137445,0.009037773137445,0.4290082185496044,2.330957675777892,15,ALL,diagnostic,B,A_baseline,False,False
0.75,0.075,26818,1395,370,0.009037773137445,0.005081743342970985,1.778478865908479,-0.0009224438147781306,0.01899799008966813,0.5718547244388098,0.5666902826459841,0.0007457677679172381,-0.0082920053695279,0.018400000000000003,-0.017654232232082765,-0.026692005369527903,0.009037773137445,0.009037773137445,0.4911833226872282,2.0358997421351215,15,ALL,diagnostic,B,B_low_slip,False,False
0.75,0.075,26818,1395,370,0.009037773137445,0.005081743342970985,1.778478865908479,-0.0009224438147781306,0.01899799008966813,0.5718547244388098,0.5666902826459841,0.0007457677679172381,-0.0082920053695279,0.029066666666666668,-0.02832089889874943,-0.03735867203619457,0.009037773137445,0.009037773137445,0.3109325620680619,3.216131476706206,15,ALL,diagnostic,B,C_high_slip,False,False
0.75,0.075,26818,1395,370,0.009037773137445,0.005081743342970985,1.778478865908479,-0.0009224438147781306,0.01899799008966813,0.5718547244388098,0.5666902826459841,0.0007457677679172381,-0.0082920053695279,0.013680000000000001,-0.012934232232082763,-0.0219720053695279,0.009037773137445,0.009037773137445,0.6606559310997807,1.5136471995874161,15,ALL,diagnostic,B,D_fee_sens,False,False
1.0,0.075,26795,1394,393,0.013509983205821982,0.006209785974599977,2.1755956261749057,0.0013388026956060277,0.025681163716037937,0.5072214965478634,0.5004665049449524,0.01444299309572683,0.0009330098899047456,0.021066666666666668,-0.006623673570939837,-0.020133656776761922,0.013509983205821982,0.013509983205821982,0.6412966711624358,1.559340699815838,15,ALL,diagnostic,B,A_baseline,True,False
1.0,0.075,26795,1394,393,0.013509983205821982,0.006209785974599977,2.1755956261749057,0.0013388026956060277,0.025681163716037937,0.5072214965478634,0.5004665049449524,0.01444299309572683,0.0009330098899047456,0.018400000000000003,-0.003957006904273173,-0.017466990110095258,0.013509983205821982,0.013509983205821982,0.7342382177077164,1.3619558011049726,15,ALL,diagnostic,B,B_low_slip,True,False
1.0,0.075,26795,1394,393,0.013509983205821982,0.006209785974599977,2.1755956261749057,0.0013388026956060277,0.025681163716037937,0.5072214965478634,0.5004665049449524,0.01444299309572683,0.0009330098899047456,0.029066666666666668,-0.014623673570939837,-0.028133656776761922,0.013509983205821982,0.013509983205821982,0.46479300020029757,2.1514953959484346,15,ALL,diagnostic,B,C_high_slip,True,False
1.0,0.075,26795,1394,393,0.013509983205821982,0.006209785974599977,2.1755956261749057,0.0013388026956060277,0.025681163716037937,0.5072214965478634,0.5004665049449524,0.01444299309572683,0.0009330098899047456,0.013680000000000001,0.0007629930957268292,-0.012746990110095256,0.013509983205821982,0.013509983205821982,0.9875718717706127,1.0125845303867405,15,ALL,diagnostic,B,D_fee_sens,True,True
0.25,0.1,26928,1403,260,0.004108177361853833,0.0026673269186563995,1.5401851693242108,-0.001119783398712711,0.009336138122420375,0.7853535353535354,0.7820669934640523,-0.018308080808080773,-0.022416258169934644,0.015799999999999998,-0.03410808080808077,-0.03821625816993464,0.004108177361853833,0.004108177361853833,0.2600112254337869,3.845987796610169,15,ALL,diagnostic,B,A_baseline,False,False
0.25,0.1,26928,1403,260,0.004108177361853833,0.0026673269186563995,1.5401851693242108,-0.001119783398712711,0.009336138122420375,0.7853535353535354,0.7820669934640523,-0.018308080808080773,-0.022416258169934644,0.013800000000000002,-0.03210808080808077,-0.036216258169934644,0.004108177361853833,0.004108177361853833,0.29769401172853854,3.359153898305085,15,ALL,diagnostic,B,B_low_slip,False,False
0.25,0.1,26928,1403,260,0.004108177361853833,0.0026673269186563995,1.5401851693242108,-0.001119783398712711,0.009336138122420375,0.7853535353535354,0.7820669934640523,-0.018308080808080773,-0.022416258169934644,0.0218,-0.04010808080808077,-0.044216258169934644,0.004108177361853833,0.004108177361853833,0.18844850283733178,5.306489491525423,15,ALL,diagnostic,B,C_high_slip,False,False
0.25,0.1,26928,1403,260,0.004108177361853833,0.0026673269186563995,1.5401851693242108,-0.001119783398712711,0.009336138122420375,0.7853535353535354,0.7820669934640523,-0.018308080808080773,-0.022416258169934644,0.01026,-0.02856808080808077,-0.03267625816993464,0.004108177361853833,0.004108177361853833,0.4004071502781513,2.497457898305085,15,ALL,diagnostic,B,D_fee_sens,False,False
0.5,0.1,26536,1382,652,0.0031655110039192046,0.003929678574741277,0.805539421026977,-0.004536659002573698,0.010867681010412106,0.6653225806451613,0.6632122399758819,-0.0020161290322581182,-0.005181640036177271,0.015799999999999998,-0.017816129032258116,-0.02098164003617727,0.0031655110039192046,0.0031655110039192046,0.20034879771640537,4.991295238095237,15,ALL,diagnostic,B,A_baseline,False,False
0.5,0.1,26536,1382,652,0.0031655110039192046,0.003929678574741277,0.805539421026977,-0.004536659002573698,0.010867681010412106,0.6653225806451613,0.6632122399758819,-0.0020161290322581182,-0.005181640036177271,0.013800000000000002,-0.015816129032258118,-0.01898164003617727,0.0031655110039192046,0.0031655110039192046,0.22938485535646408,4.359485714285714,15,ALL,diagnostic,B,B_low_slip,False,False
0.5,0.1,26536,1382,652,0.0031655110039192046,0.003929678574741277,0.805539421026977,-0.004536659002573698,0.010867681010412106,0.6653225806451613,0.6632122399758819,-0.0020161290322581182,-0.005181640036177271,0.0218,-0.023816129032258118,-0.02698164003617727,0.0031655110039192046,0.0031655110039192046,0.1452069267852846,6.886723809523809,15,ALL,diagnostic,B,C_high_slip,False,False
0.5,0.1,26536,1382,652,0.0031655110039192046,0.003929678574741277,0.805539421026977,-0.004536659002573698,0.010867681010412106,0.6653225806451613,0.6632122399758819,-0.0020161290322581182,-0.005181640036177271,0.01026,-0.012276129032258118,-0.01544164003617727,0.0031655110039192046,0.0031655110039192046,0.30852933761395757,3.2411828571428565,15,ALL,diagnostic,B,D_fee_sens,False,False
0.75,0.1,26441,1373,747,0.0030114216557618847,0.004989959776100263,0.6034961785033388,-0.00676889950539463,0.0127917428169184,0.5704020271547975,0.5686812147800764,-0.0017964524791044267,-0.004807874134866275,0.015799999999999998,-0.017596452479104425,-0.020607874134866273,0.0030114216557618847,0.0030114216557618847,0.19059630732670158,5.24669136577708,15,ALL,diagnostic,B,A_baseline,False,False
0.75,0.1,26441,1373,747,0.0030114216557618847,0.004989959776100263,0.6034961785033388,-0.00676889950539463,0.0127917428169184,0.5704020271547975,0.5686812147800764,-0.0017964524791044267,-0.004807874134866275,0.013800000000000002,-0.015596452479104428,-0.018607874134866274,0.0030114216557618847,0.0030114216557618847,0.21821896056245538,4.582553218210362,15,ALL,diagnostic,B,B_low_slip,False,False
0.75,0.1,26441,1373,747,0.0030114216557618847,0.004989959776100263,0.6034961785033388,-0.00676889950539463,0.0127917428169184,0.5704020271547975,0.5686812147800764,-0.0017964524791044267,-0.004807874134866275,0.0218,-0.023596452479104427,-0.026607874134866275,0.0030114216557618847,0.0030114216557618847,0.13813860806247177,7.2391058084772375,15,ALL,diagnostic,B,C_high_slip,False,False
0.75,0.1,26441,1373,747,0.0030114216557618847,0.004989959776100263,0.6034961785033388,-0.00676889950539463,0.0127917428169184,0.5704020271547975,0.5686812147800764,-0.0017964524791044267,-0.004807874134866275,0.01026,-0.012056452479104427,-0.015067874134866275,0.0030114216557618847,0.0030114216557618847,0.293510882627864,3.4070286970172687,15,ALL,diagnostic,B,D_fee_sens,False,False
1.0,0.1,26439,1373,749,7.564582624153713e-05,0.006331313183402422,0.011947888858166604,-0.012333728013227208,0.012485019665710284,0.5009266613714588,0.5008888384583381,0.001853322742917607,0.0017776769166761852,0.015799999999999998,-0.013946677257082391,-0.014022323083323813,7.564582624153713e-05,7.564582624153713e-05,0.004787710521616274,208.86809999999997,15,ALL,diagnostic,B,A_baseline,False,False
1.0,0.1,26439,1373,749,7.564582624153713e-05,0.006331313183402422,0.011947888858166604,-0.012333728013227208,0.012485019665710284,0.5009266613714588,0.5008888384583381,0.001853322742917607,0.0017776769166761852,0.013800000000000002,-0.011946677257082395,-0.012022323083323816,7.564582624153713e-05,7.564582624153713e-05,0.005481581611705588,182.4291,15,ALL,diagnostic,B,B_low_slip,False,False
1.0,0.1,26439,1373,749,7.564582624153713e-05,0.006331313183402422,0.011947888858166604,-0.012333728013227208,0.012485019665710284,0.5009266613714588,0.5008888384583381,0.001853322742917607,0.0017776769166761852,0.0218,-0.019946677257082393,-0.020022323083323815,7.564582624153713e-05,7.564582624153713e-05,0.0034699920294283086,288.1851,15,ALL,diagnostic,B,C_high_slip,False,False
1.0,0.1,26439,1373,749,7.564582624153713e-05,0.006331313183402422,0.011947888858166604,-0.012333728013227208,0.012485019665710284,0.5009266613714588,0.5008888384583381,0.001853322742917607,0.0017776769166761852,0.01026,-0.008406677257082393,-0.008482323083323815,7.564582624153713e-05,7.564582624153713e-05,0.007372887547908102,135.63207,15,ALL,diagnostic,B,D_fee_sens,False,False
0.25,0.0025,6810,1243,0,0.011747430249632892,0.0051689848772909185,2.272676459403719,0.0016162198901426938,0.021878640609123094,0.7814977973568282,0.7720998531571219,-0.02312775330396466,-0.034875183553597644,0.632,-0.6551277533039647,-0.6668751835535977,0.011747430249632892,0.011747430249632892,0.018587706091191286,53.79900000000001,60,ALL,primary,B,A_baseline,True,False
0.25,0.0025,6810,1243,0,0.011747430249632892,0.0051689848772909185,2.272676459403719,0.0016162198901426938,0.021878640609123094,0.7814977973568282,0.7720998531571219,-0.02312775330396466,-0.034875183553597644,0.552,-0.5751277533039647,-0.5868751835535977,0.011747430249632892,0.011747430249632892,0.02128157653919002,46.989000000000004,60,ALL,primary,B,B_low_slip,True,False
0.25,0.0025,6810,1243,0,0.011747430249632892,0.0051689848772909185,2.272676459403719,0.0016162198901426938,0.021878640609123094,0.7814977973568282,0.7720998531571219,-0.02312775330396466,-0.034875183553597644,0.872,-0.8951277533039647,-0.9068751835535976,0.011747430249632892,0.011747430249632892,0.013471823680771666,74.229,60,ALL,primary,B,C_high_slip,True,False
0.25,0.0025,6810,1243,0,0.011747430249632892,0.0051689848772909185,2.272676459403719,0.0016162198901426938,0.021878640609123094,0.7814977973568282,0.7720998531571219,-0.02312775330396466,-0.034875183553597644,0.4104,-0.43352775330396465,-0.44527518355359763,0.011747430249632892,0.011747430249632892,0.02862434271353044,34.9353,60,ALL,primary,B,D_fee_sens,True,False
0.5,0.0025,6810,1243,0,0.001762114537444934,0.007653405378505094,0.23023927915721093,-0.013238560004425052,0.01676278907931492,0.6599118942731278,0.6587371512481645,-0.010132158590308249,-0.011894273127753374,0.632,-0.6421321585903083,-0.6438942731277534,0.001762114537444934,0.001762114537444934,0.002788155913678693,358.65999999999997,60,ALL,primary,B,A_baseline,False,False
0.5,0.0025,6810,1243,0,0.001762114537444934,0.007653405378505094,0.23023927915721093,-0.013238560004425052,0.01676278907931492,0.6599118942731278,0.6587371512481645,-0.010132158590308249,-0.011894273127753374,0.552,-0.5621321585903083,-0.5638942731277534,0.001762114537444934,0.001762114537444934,0.0031922364808785035,313.26,60,ALL,primary,B,B_low_slip,False,False
0.5,0.0025,6810,1243,0,0.001762114537444934,0.007653405378505094,0.23023927915721093,-0.013238560004425052,0.01676278907931492,0.6599118942731278,0.6587371512481645,-0.010132158590308249,-0.011894273127753374,0.872,-0.8821321585903082,-0.8838942731277534,0.001762114537444934,0.001762114537444934,0.00202077355211575,494.85999999999996,60,ALL,primary,B,C_high_slip,False,False
0.5,0.0025,6810,1243,0,0.001762114537444934,0.007653405378505094,0.23023927915721093,-0.013238560004425052,0.01676278907931492,0.6599118942731278,0.6587371512481645,-0.010132158590308249,-0.011894273127753374,0.4104,-0.42053215859030824,-0.42229427312775336,0.001762114537444934,0.001762114537444934,0.004293651407029566,232.902,60,ALL,primary,B,D_fee_sens,False,False
0.75,0.0025,6810,1243,0,0.001156387665198238,0.010010013643381924,0.11552308582144424,-0.01846323907583033,0.020776014406226808,0.5706314243759177,0.5699706314243759,-0.001395007342143928,-0.0025513950073422498,0.632,-0.6333950073421439,-0.6345513950073423,0.001156387665198238,0.001156387665198238,0.0018297273183516423,546.5295238095238,60,ALL,primary,B,A_baseline,False,False
0.75,0.0025,6810,1243,0,0.001156387665198238,0.010010013643381924,0.11552308582144424,-0.01846323907583033,0.020776014406226808,0.5706314243759177,0.5699706314243759,-0.001395007342143928,-0.0025513950073422498,0.552,-0.553395007342144,-0.5545513950073423,0.001156387665198238,0.001156387665198238,0.002094905190576518,477.34857142857146,60,ALL,primary,B,B_low_slip,False,False
0.75,0.0025,6810,1243,0,0.001156387665198238,0.010010013643381924,0.11552308582144424,-0.01846323907583033,0.020776014406226808,0.5706314243759177,0.5699706314243759,-0.001395007342143928,-0.0025513950073422498,0.872,-0.8733950073421439,-0.8745513950073422,0.001156387665198238,0.001156387665198238,0.0013261326435759608,754.072380952381,60,ALL,primary,B,C_high_slip,False,False
0.75,0.0025,6810,1243,0,0.001156387665198238,0.010010013643381924,0.11552308582144424,-0.01846323907583033,0.020776014406226808,0.5706314243759177,0.5699706314243759,-0.001395007342143928,-0.0025513950073422498,0.4104,-0.4117950073421439,-0.41295139500734224,0.001156387665198238,0.001156387665198238,0.002817708735863153,354.8982857142857,60,ALL,primary,B,D_fee_sens,False,False
1.0,0.0025,6810,1243,0,0.0020558002936857563,0.012244018908495326,0.16790241088727578,-0.021942476766965084,0.026054077354336597,0.5014684287812041,0.5004405286343613,0.002936857562408246,0.0008810572687225626,0.632,-0.6290631424375918,-0.6311189427312774,0.0020558002936857563,0.0020558002936857563,0.003252848565958475,307.42285714285714,60,ALL,primary,B,A_baseline,False,False
1.0,0.0025,6810,1243,0,0.0020558002936857563,0.012244018908495326,0.16790241088727578,-0.021942476766965084,0.026054077354336597,0.5014684287812041,0.5004405286343613,0.002936857562408246,0.0008810572687225626,0.552,-0.5490631424375918,-0.5511189427312775,0.0020558002936857563,0.0020558002936857563,0.0037242758943582537,268.50857142857143,60,ALL,primary,B,B_low_slip,False,False
1.0,0.0025,6810,1243,0,0.0020558002936857563,0.012244018908495326,0.16790241088727578,-0.021942476766965084,0.026054077354336597,0.5014684287812041,0.5004405286343613,0.002936857562408246,0.0008810572687225626,0.872,-0.8690631424375918,-0.8711189427312774,0.0020558002936857563,0.0020558002936857563,0.0023575691441350415,424.1657142857143,60,ALL,primary,B,C_high_slip,False,False
1.0,0.0025,6810,1243,0,0.0020558002936857563,0.012244018908495326,0.16790241088727578,-0.021942476766965084,0.026054077354336597,0.5014684287812041,0.5004405286343613,0.002936857562408246,0.0008810572687225626,0.4104,-0.40746314243759174,-0.4095189427312774,0.0020558002936857563,0.0020558002936857563,0.005009259974867827,199.63028571428572,60,ALL,primary,B,D_fee_sens,False,False
0.25,0.005,6810,1243,0,0.007158590308370044,0.004908532377047299,1.4583972883308667,-0.0024621331506426616,0.016779313767382748,0.7976505139500735,0.7919236417033774,-0.002936857562408135,-0.010095447870778318,0.316,-0.31893685756240814,-0.3260954478707783,0.007158590308370044,0.007158590308370044,0.02265376679863938,44.14276923076923,60,ALL,primary,B,A_baseline,False,False
0.25,0.005,6810,1243,0,0.007158590308370044,0.004908532377047299,1.4583972883308667,-0.0024621331506426616,0.016779313767382748,0.7976505139500735,0.7919236417033774,-0.002936857562408135,-0.010095447870778318,0.276,-0.27893685756240816,-0.28609544787077834,0.007158590308370044,0.007158590308370044,0.02593692140713784,38.555076923076925,60,ALL,primary,B,B_low_slip,False,False
0.25,0.005,6810,1243,0,0.007158590308370044,0.004908532377047299,1.4583972883308667,-0.0024621331506426616,0.016779313767382748,0.7976505139500735,0.7919236417033774,-0.002936857562408135,-0.010095447870778318,0.436,-0.43893685756240813,-0.4460954478707783,0.007158590308370044,0.007158590308370044,0.016418785110940467,60.905846153846156,60,ALL,primary,B,C_high_slip,False,False
0.25,0.005,6810,1243,0,0.007158590308370044,0.004908532377047299,1.4583972883308667,-0.0024621331506426616,0.016779313767382748,0.7976505139500735,0.7919236417033774,-0.002936857562408135,-0.010095447870778318,0.2052,-0.20813685756240813,-0.2152954478707783,0.007158590308370044,0.007158590308370044,0.03488591768211523,28.664861538461537,60,ALL,primary,B,D_fee_sens,False,False
0.5,0.005,6810,1243,0,0.00870044052863436,0.007911766660122933,1.0996836613605556,-0.006806622125206585,0.024207503182475304,0.6698972099853158,0.6640969162995595,0.004845814977973539,-0.0038546255506608507,0.316,-0.31115418502202646,-0.31985462555066085,0.00870044052863436,0.00870044052863436,0.02753303964757709,36.32,60,ALL,primary,B,A_baseline,False,False
0.5,0.005,6810,1243,0,0.00870044052863436,0.007911766660122933,1.0996836613605556,-0.006806622125206585,0.024207503182475304,0.6698972099853158,0.6640969162995595,0.004845814977973539,-0.0038546255506608507,0.276,-0.2711541850220265,-0.2798546255506609,0.00870044052863436,0.00870044052863436,0.03152333524867522,31.722531645569624,60,ALL,primary,B,B_low_slip,False,False
0.5,0.005,6810,1243,0,0.00870044052863436,0.007911766660122933,1.0996836613605556,-0.006806622125206585,0.024207503182475304,0.6698972099853158,0.6640969162995595,0.004845814977973539,-0.0038546255506608507,0.436,-0.43115418502202646,-0.43985462555066085,0.00870044052863436,0.00870044052863436,0.01995513882714303,50.11240506329114,60,ALL,primary,B,C_high_slip,False,False
0.5,0.005,6810,1243,0,0.00870044052863436,0.007911766660122933,1.0996836613605556,-0.006806622125206585,0.024207503182475304,0.6698972099853158,0.6640969162995595,0.004845814977973539,-0.0038546255506608507,0.2052,-0.20035418502202645,-0.20905462555066084,0.00870044052863436,0.00870044052863436,0.04239980764441696,23.58501265822785,60,ALL,primary,B,D_fee_sens,False,False
0.75,0.005,6810,1243,0,0.006681350954478708,0.010851367176434456,0.6157151302545886,-0.014587328711332826,0.02795003062029024,0.5754772393538914,0.5716593245227607,0.007085168869309877,0.0004038179148311283,0.316,-0.3089148311306901,-0.3155961820851689,0.006681350954478708,0.006681350954478708,0.021143515678730088,47.29582417582417,60,ALL,primary,B,A_baseline,False,False
0.75,0.005,6810,1243,0,0.006681350954478708,0.010851367176434456,0.6157151302545886,-0.014587328711332826,0.02795003062029024,0.5754772393538914,0.5716593245227607,0.007085168869309877,0.0004038179148311283,0.276,-0.26891483113069015,-0.2755961820851689,0.006681350954478708,0.006681350954478708,0.02420779331332865,41.30901098901099,60,ALL,primary,B,B_low_slip,False,False
0.75,0.005,6810,1243,0,0.006681350954478708,0.010851367176434456,0.6157151302545886,-0.014587328711332826,0.02795003062029024,0.5754772393538914,0.5716593245227607,0.007085168869309877,0.0004038179148311283,0.436,-0.4289148311306901,-0.43559618208516887,0.006681350954478708,0.006681350954478708,0.01532419943687777,65.25626373626373,60,ALL,primary,B,C_high_slip,False,False
0.75,0.005,6810,1243,0,0.006681350954478708,0.010851367176434456,0.6157151302545886,-0.014587328711332826,0.02795003062029024,0.5754772393538914,0.5716593245227607,0.007085168869309877,0.0004038179148311283,0.2052,-0.19811483113069012,-0.20479618208516887,0.006681350954478708,0.006681350954478708,0.03256018983664088,30.712351648351646,60,ALL,primary,B,D_fee_sens,False,False
1.0,0.005,6810,1243,0,0.011894273127753305,0.013691794120786286,0.8687154526882592,-0.014941643348987815,0.038730189604494425,0.5076358296622614,0.5016886930983847,0.01527165932452279,0.0033773861967694163,0.316,-0.3007283406754772,-0.3126226138032306,0.011894273127753305,0.011894273127753305,0.037640104834662354,26.567407407407405,60,ALL,primary,B,A_baseline,False,False
1.0,0.005,6810,1243,0,0.011894273127753305,0.013691794120786286,0.8687154526882592,-0.014941643348987815,0.038730189604494425,0.5076358296622614,0.5016886930983847,0.01527165932452279,0.0033773861967694163,0.276,-0.26072834067547723,-0.2726226138032306,0.011894273127753305,0.011894273127753305,0.04309519249185979,23.204444444444444,60,ALL,primary,B,B_low_slip,False,False
1.0,0.005,6810,1243,0,0.011894273127753305,0.013691794120786286,0.8687154526882592,-0.014941643348987815,0.038730189604494425,0.5076358296622614,0.5016886930983847,0.01527165932452279,0.0033773861967694163,0.436,-0.4207283406754772,-0.4326226138032306,0.011894273127753305,0.011894273127753305,0.027280442953562627,36.6562962962963,60,ALL,primary,B,C_high_slip,False,False
1.0,0.005,6810,1243,0,0.011894273127753305,0.013691794120786286,0.8687154526882592,-0.014941643348987815,0.038730189604494425,0.5076358296622614,0.5016886930983847,0.01527165932452279,0.0033773861967694163,0.2052,-0.1899283406754772,-0.20182261380323058,0.011894273127753305,0.011894273127753305,0.05796429399489915,17.252,60,ALL,primary,B,D_fee_sens,False,False
0.25,0.0075,6810,1243,0,0.007892804698972099,0.005247133018452848,1.5042128093980256,-0.0023915760171954814,0.01817718541513968,0.7995594713656388,0.7932452276064611,-0.0005506607929515184,-0.008443465491923652,0.21066666666666667,-0.2112173274596182,-0.21911013215859032,0.007892804698972099,0.007892804698972099,0.03746584509005743,26.69097674418605,60,ALL,primary,B,A_baseline,False,False
0.25,0.0075,6810,1243,0,0.007892804698972099,0.005247133018452848,1.5042128093980256,-0.0023915760171954814,0.01817718541513968,0.7995594713656388,0.7932452276064611,-0.0005506607929515184,-0.008443465491923652,0.18400000000000002,-0.18455066079295154,-0.19244346549192368,0.007892804698972099,0.007892804698972099,0.04289567771180488,23.312372093023264,60,ALL,primary,B,B_low_slip,False,False
0.25,0.0075,6810,1243,0,0.007892804698972099,0.005247133018452848,1.5042128093980256,-0.0023915760171954814,0.01817718541513968,0.7995594713656388,0.7932452276064611,-0.0005506607929515184,-0.008443465491923652,0.2906666666666667,-0.2912173274596182,-0.29911013215859034,0.007892804698972099,0.007892804698972099,0.027154144606555384,36.826790697674426,60,ALL,primary,B,C_high_slip,False,False
0.25,0.0075,6810,1243,0,0.007892804698972099,0.005247133018452848,1.5042128093980256,-0.0023915760171954814,0.01817718541513968,0.7995594713656388,0.7932452276064611,-0.0005506607929515184,-0.008443465491923652,0.1368,-0.13735066079295152,-0.14524346549192366,0.007892804698972099,0.007892804698972099,0.05769594078195978,17.332241860465118,60,ALL,primary,B,D_fee_sens,False,False
0.5,0.0075,6810,1243,0,0.006497797356828193,0.008760507505001867,0.7417147183674273,-0.01067279735297547,0.023668392066631853,0.6666666666666666,0.6623348017621146,0.0,-0.0064977973568280945,0.21066666666666667,-0.21066666666666667,-0.21716446402349476,0.006497797356828193,0.006497797356828193,0.030843974795070537,32.42124293785311,60,ALL,primary,B,A_baseline,False,False
0.5,0.0075,6810,1243,0,0.006497797356828193,0.008760507505001867,0.7417147183674273,-0.01067279735297547,0.023668392066631853,0.6666666666666666,0.6623348017621146,0.0,-0.0064977973568280945,0.18400000000000002,-0.18400000000000002,-0.19049779735682812,0.006497797356828193,0.006497797356828193,0.03531411606971844,28.317288135593227,60,ALL,primary,B,B_low_slip,False,False
0.5,0.0075,6810,1243,0,0.006497797356828193,0.008760507505001867,0.7417147183674273,-0.01067279735297547,0.023668392066631853,0.6666666666666666,0.6623348017621146,0.0,-0.0064977973568280945,0.2906666666666667,-0.2906666666666667,-0.2971644640234948,0.006497797356828193,0.006497797356828193,0.02235480742028048,44.73310734463278,60,ALL,primary,B,C_high_slip,False,False
0.5,0.0075,6810,1243,0,0.006497797356828193,0.008760507505001867,0.7417147183674273,-0.01067279735297547,0.023668392066631853,0.6666666666666666,0.6623348017621146,0.0,-0.0064977973568280945,0.1368,-0.1368,-0.1432977973568281,0.006497797356828193,0.006497797356828193,0.04749851869026457,21.053288135593224,60,ALL,primary,B,D_fee_sens,False,False
0.75,0.0075,6809,1243,1,0.007710383316199149,0.012013707646708397,0.6417988137335517,-0.015836483671349308,0.031257250303747604,0.5764429431634601,0.5720370098399178,0.008775150536055154,0.0010647672198560443,0.21066666666666667,-0.20189151613061151,-0.20960189944681062,0.007710383316199149,0.007710383316199149,0.036599920804742794,27.32246349206349,60,ALL,primary,B,A_baseline,False,False
0.75,0.0075,6809,1243,1,0.007710383316199149,0.012013707646708397,0.6417988137335517,-0.015836483671349308,0.031257250303747604,0.5764429431634601,0.5720370098399178,0.008775150536055154,0.0010647672198560443,0.18400000000000002,-0.17522484946394487,-0.18293523278014398,0.007710383316199149,0.007710383316199149,0.04190425715325624,23.86392380952381,60,ALL,primary,B,B_low_slip,False,False
0.75,0.0075,6809,1243,1,0.007710383316199149,0.012013707646708397,0.6417988137335517,-0.015836483671349308,0.031257250303747604,0.5764429431634601,0.5720370098399178,0.008775150536055154,0.0010647672198560443,0.2906666666666667,-0.28189151613061153,-0.28960189944681064,0.007710383316199149,0.007710383316199149,0.02652654810618973,37.69808253968254,60,ALL,primary,B,C_high_slip,False,False
0.75,0.0075,6809,1243,1,0.007710383316199149,0.012013707646708397,0.6417988137335517,-0.015836483671349308,0.031257250303747604,0.5764429431634601,0.5720370098399178,0.008775150536055154,0.0010647672198560443,0.1368,-0.12802484946394485,-0.13573523278014396,0.007710383316199149,0.007710383316199149,0.056362451141806644,17.74230857142857,60,ALL,primary,B,D_fee_sens,False,False
1.0,0.0075,6809,1243,1,0.002790424438243501,0.015153562587860171,0.18414312951589135,-0.026910558233962434,0.032491407110449434,0.5027169922161845,0.5013217799970627,0.005433984432368977,0.002643559994125466,0.21066666666666667,-0.2052326822342977,-0.2080231066725412,0.002790424438243501,0.002790424438243501,0.01324568562457358,75.49628070175439,60,ALL,primary,B,A_baseline,False,False
1.0,0.0075,6809,1243,1,0.002790424438243501,0.015153562587860171,0.18414312951589135,-0.026910558233962434,0.032491407110449434,0.5027169922161845,0.5013217799970627,0.005433984432368977,0.002643559994125466,0.18400000000000002,-0.17856601556763105,-0.18135644000587456,0.002790424438243501,0.002790424438243501,0.015165350207845112,65.93978947368423,60,ALL,primary,B,B_low_slip,False,False
1.0,0.0075,6809,1243,1,0.002790424438243501,0.015153562587860171,0.18414312951589135,-0.026910558233962434,0.032491407110449434,0.5027169922161845,0.5013217799970627,0.005433984432368977,0.002643559994125466,0.2906666666666667,-0.2852326822342977,-0.2880231066725412,0.002790424438243501,0.002790424438243501,0.009600084076525807,104.16575438596493,60,ALL,primary,B,C_high_slip,False,False
1.0,0.0075,6809,1243,1,0.002790424438243501,0.015153562587860171,0.18414312951589135,-0.026910558233962434,0.032491407110449434,0.5027169922161845,0.5013217799970627,0.005433984432368977,0.002643559994125466,0.1368,-0.13136601556763103,-0.13415644000587454,0.002790424438243501,0.002790424438243501,0.020397839460844305,49.024800000000006,60,ALL,primary,B,D_fee_sens,False,False
0.25,0.01,6810,1243,0,0.006699706314243759,0.005564917967391576,1.2039182524345615,-0.004207532901843732,0.01760694553033125,0.7955947136563877,0.7902349486049927,-0.005506607929515406,-0.012206314243759175,0.158,-0.1635066079295154,-0.17020631424375918,0.006699706314243759,0.006699706314243759,0.04240320452053012,23.58312328767123,60,ALL,primary,B,A_baseline,False,False
0.25,0.01,6810,1243,0,0.006699706314243759,0.005564917967391576,1.2039182524345615,-0.004207532901843732,0.01760694553033125,0.7955947136563877,0.7902349486049927,-0.005506607929515406,-0.012206314243759175,0.138,-0.14350660792951542,-0.1502063142437592,0.006699706314243759,0.006699706314243759,0.04854859648002724,20.59791780821918,60,ALL,primary,B,B_low_slip,False,False
0.25,0.01,6810,1243,0,0.006699706314243759,0.005564917967391576,1.2039182524345615,-0.004207532901843732,0.01760694553033125,0.7955947136563877,0.7902349486049927,-0.005506607929515406,-0.012206314243759175,0.218,-0.2235066079295154,-0.23020631424375917,0.006699706314243759,0.006699706314243759,0.030732597771760364,32.538739726027394,60,ALL,primary,B,C_high_slip,False,False
0.25,0.01,6810,1243,0,0.006699706314243759,0.005564917967391576,1.2039182524345615,-0.004207532901843732,0.01760694553033125,0.7955947136563877,0.7902349486049927,-0.005506607929515406,-0.012206314243759175,0.1026,-0.1081066079295154,-0.11480631424375917,0.006699706314243759,0.006699706314243759,0.06529928181524132,15.31410410958904,60,ALL,primary,B,D_fee_sens,False,False
0.5,0.01,6809,1243,1,0.007490086650022029,0.009175669898101296,0.816298617234687,-0.010494226350256512,0.025474399650300572,0.6704361873990307,0.665442796299016,0.0056542810985460434,-0.0018358055514759997,0.158,-0.15234571890145396,-0.159835805551476,0.007490086650022029,0.007490086650022029,0.047405611709000185,21.094549019607843,60,ALL,primary,B,A_baseline,False,False
0.5,0.01,6809,1243,1,0.007490086650022029,0.009175669898101296,0.816298617234687,-0.010494226350256512,0.025474399650300572,0.6704361873990307,0.665442796299016,0.0056542810985460434,-0.0018358055514759997,0.138,-0.13234571890145397,-0.139835805551476,0.007490086650022029,0.007490086650022029,0.05427599021755093,18.424352941176473,60,ALL,primary,B,B_low_slip,False,False
0.5,0.01,6809,1243,1,0.007490086650022029,0.009175669898101296,0.816298617234687,-0.010494226350256512,0.025474399650300572,0.6704361873990307,0.665442796299016,0.0056542810985460434,-0.0018358055514759997,0.218,-0.21234571890145396,-0.219835805551476,0.007490086650022029,0.007490086650022029,0.034358195642302886,29.105137254901962,60,ALL,primary,B,C_high_slip,False,False
0.5,0.01,6809,1243,1,0.007490086650022029,0.009175669898101296,0.816298617234687,-0.010494226350256512,0.025474399650300572,0.6704361873990307,0.665442796299016,0.0056542810985460434,-0.0018358055514759997,0.1026,-0.09694571890145395,-0.104435805551476,0.007490086650022029,0.007490086650022029,0.07300279385986383,13.698105882352941,60,ALL,primary,B,D_fee_sens,False,False
0.75,0.01,6809,1243,1,0.007838889704802468,0.012755599827032473,0.6145449693545417,-0.017162085956181176,0.03283986536578611,0.5752680276105155,0.5707886620649141,0.006719048318402088,-0.001119841386400422,0.158,-0.1512809516815979,-0.15911984138640042,0.007838889704802468,0.007838889704802468,0.049613225979762456,20.155915690866507,60,ALL,primary,B,A_baseline,False,False
0.75,0.01,6809,1243,1,0.007838889704802468,0.012755599827032473,0.6145449693545417,-0.017162085956181176,0.03283986536578611,0.5752680276105155,0.5707886620649141,0.006719048318402088,-0.001119841386400422,0.138,-0.13128095168159792,-0.13911984138640043,0.007838889704802468,0.007838889704802468,0.056803548585525124,17.604533957845433,60,ALL,primary,B,B_low_slip,False,False
0.75,0.01,6809,1243,1,0.007838889704802468,0.012755599827032473,0.6145449693545417,-0.017162085956181176,0.03283986536578611,0.5752680276105155,0.5707886620649141,0.006719048318402088,-0.001119841386400422,0.218,-0.2112809516815979,-0.21911984138640042,0.007838889704802468,0.007838889704802468,0.035958209655057194,27.81006088992974,60,ALL,primary,B,C_high_slip,False,False
0.75,0.01,6809,1243,1,0.007838889704802468,0.012755599827032473,0.6145449693545417,-0.017162085956181176,0.03283986536578611,0.5752680276105155,0.5707886620649141,0.006719048318402088,-0.001119841386400422,0.1026,-0.09588095168159791,-0.10371984138640042,0.007838889704802468,0.007838889704802468,0.07640243377000457,13.088588290398125,60,ALL,primary,B,D_fee_sens,False,False
1.0,0.01,6809,1243,1,0.014245851079453664,0.015870051301783105,0.8976562714610159,-0.016859449472041224,0.04535115163094855,0.5096196210897341,0.5024966955500073,0.019239242179468263,0.004993391100014621,0.158,-0.13876075782053174,-0.15300660889998538,0.014245851079453664,0.014245851079453664,0.09016361442692193,11.090948453608247,60,ALL,primary,B,A_baseline,False,False
1.0,0.01,6809,1243,1,0.014245851079453664,0.015870051301783105,0.8976562714610159,-0.016859449472041224,0.04535115163094855,0.5096196210897341,0.5024966955500073,0.019239242179468263,0.004993391100014621,0.138,-0.11876075782053175,-0.1330066088999854,0.014245851079453664,0.014245851079453664,0.10323080492357727,9.687030927835051,60,ALL,primary,B,B_low_slip,False,False
1.0,0.01,6809,1243,1,0.014245851079453664,0.015870051301783105,0.8976562714610159,-0.016859449472041224,0.04535115163094855,0.5096196210897341,0.5024966955500073,0.019239242179468263,0.004993391100014621,0.218,-0.19876075782053174,-0.21300660889998538,0.014245851079453664,0.014245851079453664,0.06534794073143883,15.302701030927835,60,ALL,primary,B,C_high_slip,False,False
1.0,0.01,6809,1243,1,0.014245851079453664,0.015870051301783105,0.8976562714610159,-0.016859449472041224,0.04535115163094855,0.5096196210897341,0.5024966955500073,0.019239242179468263,0.004993391100014621,0.1026,-0.08336075782053173,-0.09760660889998538,0.014245851079453664,0.014245851079453664,0.13884845106679986,7.202096907216495,60,ALL,primary,B,D_fee_sens,False,False
0.25,0.015,6809,1243,1,0.0037634013805257745,0.006014614313770841,0.6257095109006788,-0.008025242674465072,0.015552045435516621,0.7949772360111617,0.7919665149067411,-0.006278454986047954,-0.01004185636657362,0.10533333333333333,-0.11161178831938129,-0.11537518969990695,0.0037634013805257745,0.0037634013805257745,0.03572849411891558,27.98886504065041,60,ALL,primary,B,A_baseline,False,False
0.25,0.015,6809,1243,1,0.0037634013805257745,0.006014614313770841,0.6257095109006788,-0.008025242674465072,0.015552045435516621,0.7949772360111617,0.7919665149067411,-0.006278454986047954,-0.01004185636657362,0.09200000000000001,-0.09827845498604797,-0.10204185636657363,0.0037634013805257745,0.0037634013805257745,0.040906536744845366,24.445970731707323,60,ALL,primary,B,B_low_slip,False,False
0.25,0.015,6809,1243,1,0.0037634013805257745,0.006014614313770841,0.6257095109006788,-0.008025242674465072,0.015552045435516621,0.7949772360111617,0.7919665149067411,-0.006278454986047954,-0.01004185636657362,0.14533333333333334,-0.1516117883193813,-0.15537518969990696,0.0037634013805257745,0.0037634013805257745,0.025894963627470922,38.61754796747968,60,ALL,primary,B,C_high_slip,False,False
0.25,0.015,6809,1243,1,0.0037634013805257745,0.006014614313770841,0.6257095109006788,-0.008025242674465072,0.015552045435516621,0.7949772360111617,0.7919665149067411,-0.006278454986047954,-0.01004185636657362,0.0684,-0.07467845498604796,-0.07844185636657362,0.0037634013805257745,0.0037634013805257745,0.05502048801938267,18.17504780487805,60,ALL,primary,B,D_fee_sens,False,False
0.5,0.015,6806,1243,4,0.006281222450778725,0.010081523535057833,0.6230429784681043,-0.013478563677934628,0.02604100857949208,0.6663238319130179,0.6621363502791654,-0.0005142521304730696,-0.006795474581251959,0.10533333333333333,-0.1058475854638064,-0.1121288079145853,0.006281222450778725,0.006281222450778725,0.0596318587099246,16.769559454191032,60,ALL,primary,B,A_baseline,False,False
0.5,0.015,6806,1243,4,0.006281222450778725,0.010081523535057833,0.6230429784681043,-0.013478563677934628,0.02604100857949208,0.6663238319130179,0.6621363502791654,-0.0005142521304730696,-0.006795474581251959,0.09200000000000001,-0.09251425213047308,-0.09879547458125197,0.006281222450778725,0.006281222450778725,0.06827415707368178,14.646830409356728,60,ALL,primary,B,B_low_slip,False,False
0.5,0.015,6806,1243,4,0.006281222450778725,0.010081523535057833,0.6230429784681043,-0.013478563677934628,0.02604100857949208,0.6663238319130179,0.6621363502791654,-0.0005142521304730696,-0.006795474581251959,0.14533333333333334,-0.1458475854638064,-0.1521288079145853,0.006281222450778725,0.006281222450778725,0.04321942053288113,23.137746588693958,60,ALL,primary,B,C_high_slip,False,False
0.5,0.015,6806,1243,4,0.006281222450778725,0.010081523535057833,0.6230429784681043,-0.013478563677934628,0.02604100857949208,0.6663238319130179,0.6621363502791654,-0.0005142521304730696,-0.006795474581251959,0.0684,-0.06891425213047307,-0.07519547458125196,0.006281222450778725,0.006281222450778725,0.09183073758448428,10.8896,60,ALL,primary,B,D_fee_sens,False,False
0.75,0.015,6806,1243,4,0.014399059653247136,0.013933424266204225,1.0334185895833459,-0.012910451908513147,0.04170857121500742,0.5796356156332647,0.5714075815456949,0.01436232735821319,-3.673229503386999e-05,0.10533333333333333,-0.09097100597512014,-0.1053700656283672,0.014399059653247136,0.014399059653247136,0.13669993341690317,7.315292517006802,60,ALL,primary,B,A_baseline,False,False
0.75,0.015,6806,1243,4,0.014399059653247136,0.013933424266204225,1.0334185895833459,-0.012910451908513147,0.04170857121500742,0.5796356156332647,0.5714075815456949,0.01436232735821319,-3.673229503386999e-05,0.09200000000000001,-0.07763767264178682,-0.09203673229503388,0.014399059653247136,0.014399059653247136,0.15651151797007753,6.38930612244898,60,ALL,primary,B,B_low_slip,False,False
0.75,0.015,6806,1243,4,0.014399059653247136,0.013933424266204225,1.0334185895833459,-0.012910451908513147,0.04170857121500742,0.5796356156332647,0.5714075815456949,0.01436232735821319,-3.673229503386999e-05,0.14533333333333334,-0.13097100597512015,-0.1453700656283672,0.014399059653247136,0.014399059653247136,0.09907609853151698,10.093251700680272,60,ALL,primary,B,C_high_slip,False,False
0.75,0.015,6806,1243,4,0.014399059653247136,0.013933424266204225,1.0334185895833459,-0.012910451908513147,0.04170857121500742,0.5796356156332647,0.5714075815456949,0.01436232735821319,-3.673229503386999e-05,0.0684,-0.05403767264178681,-0.06843673229503387,0.014399059653247136,0.014399059653247136,0.21051256802992888,4.750310204081632,60,ALL,primary,B,D_fee_sens,False,False
1.0,0.015,6805,1243,5,0.0224834680382072,0.017479485286670062,1.2862774658103462,-0.011776323123666117,0.05674325920008052,0.5128581925055107,0.501616458486407,0.02571638501102136,0.003232916972814026,0.10533333333333333,-0.07961694832231198,-0.10210041636051931,0.0224834680382072,0.0224834680382072,0.21345064593234683,4.684923747276688,60,ALL,primary,B,A_baseline,False,False
1.0,0.015,6805,1243,5,0.0224834680382072,0.017479485286670062,1.2862774658103462,-0.011776323123666117,0.05674325920008052,0.5128581925055107,0.501616458486407,0.02571638501102136,0.003232916972814026,0.09200000000000001,-0.06628361498897865,-0.08876708302718599,0.0224834680382072,0.0224834680382072,0.24438552215442605,4.0918954248366015,60,ALL,primary,B,B_low_slip,False,False
1.0,0.015,6805,1243,5,0.0224834680382072,0.017479485286670062,1.2862774658103462,-0.011776323123666117,0.05674325920008052,0.5128581925055107,0.501616458486407,0.02571638501102136,0.003232916972814026,0.14533333333333334,-0.11961694832231198,-0.14210041636051932,0.0224834680382072,0.0224834680382072,0.15470276173078348,6.46400871459695,60,ALL,primary,B,C_high_slip,False,False
1.0,0.015,6805,1243,5,0.0224834680382072,0.017479485286670062,1.2862774658103462,-0.011776323123666117,0.05674325920008052,0.5128581925055107,0.501616458486407,0.02571638501102136,0.003232916972814026,0.0684,-0.042683614988978644,-0.06516708302718598,0.0224834680382072,0.0224834680382072,0.3287056730732047,3.042235294117647,60,ALL,primary,B,D_fee_sens,False,False
0.25,0.02,6807,1243,3,0.0047744968414867054,0.006153614288865133,0.775884970581611,-0.0072865871646889575,0.016835580847662367,0.7962391655648597,0.7924195680916704,-0.004701043043925379,-0.009475539885412054,0.079,-0.08370104304392538,-0.08847553988541206,0.0047744968414867054,0.0047744968414867054,0.06043666887957855,16.546246153846152,60,ALL,primary,B,A_baseline,False,False
0.25,0.02,6807,1243,3,0.0047744968414867054,0.006153614288865133,0.775884970581611,-0.0072865871646889575,0.016835580847662367,0.7962391655648597,0.7924195680916704,-0.004701043043925379,-0.009475539885412054,0.069,-0.07370104304392538,-0.07847553988541206,0.0047744968414867054,0.0047744968414867054,0.06919560639835805,14.451784615384614,60,ALL,primary,B,B_low_slip,False,False
0.25,0.02,6807,1243,3,0.0047744968414867054,0.006153614288865133,0.775884970581611,-0.0072865871646889575,0.016835580847662367,0.7962391655648597,0.7924195680916704,-0.004701043043925379,-0.009475539885412054,0.109,-0.11370104304392538,-0.11847553988541205,0.0047744968414867054,0.0047744968414867054,0.043802723316391796,22.829630769230768,60,ALL,primary,B,C_high_slip,False,False
0.25,0.02,6807,1243,3,0.0047744968414867054,0.006153614288865133,0.775884970581611,-0.0072865871646889575,0.016835580847662367,0.7962391655648597,0.7924195680916704,-0.004701043043925379,-0.009475539885412054,0.0513,-0.05600104304392538,-0.06077553988541205,0.0047744968414867054,0.0047744968414867054,0.09307011386913656,10.744587692307691,60,ALL,primary,B,D_fee_sens,False,False
0.5,0.02,6805,1243,5,0.008706833210874357,0.010532240046093046,0.8266838937177636,-0.011936357279468011,0.029350023701216726,0.6659808963997061,0.6601763409257898,-0.0010286554004408366,-0.009735488611315235,0.079,-0.08002865540044084,-0.08873548861131524,0.008706833210874357,0.008706833210874357,0.11021307861866274,9.073333333333334,60,ALL,primary,B,A_baseline,False,False
0.5,0.02,6805,1243,5,0.008706833210874357,0.010532240046093046,0.8266838937177636,-0.011936357279468011,0.029350023701216726,0.6659808963997061,0.6601763409257898,-0.0010286554004408366,-0.009735488611315235,0.069,-0.07002865540044084,-0.07873548861131524,0.008706833210874357,0.008706833210874357,0.12618598856339647,7.92481012658228,60,ALL,primary,B,B_low_slip,False,False
0.5,0.02,6805,1243,5,0.008706833210874357,0.010532240046093046,0.8266838937177636,-0.011936357279468011,0.029350023701216726,0.6659808963997061,0.6601763409257898,-0.0010286554004408366,-0.009735488611315235,0.109,-0.11002865540044084,-0.11873548861131523,0.008706833210874357,0.008706833210874357,0.07987920376948951,12.518902953586498,60,ALL,primary,B,C_high_slip,False,False
0.5,0.02,6805,1243,5,0.008706833210874357,0.010532240046093046,0.8266838937177636,-0.011936357279468011,0.029350023701216726,0.6659808963997061,0.6601763409257898,-0.0010286554004408366,-0.009735488611315235,0.0513,-0.052328655400440835,-0.06103548861131523,0.008706833210874357,0.008706833210874357,0.16972384426655668,5.891924050632912,60,ALL,primary,B,D_fee_sens,False,False
0.75,0.02,6802,1243,8,0.017494854454572183,0.014448264271122398,1.2108620195672206,-0.010823743516827718,0.04581345242597208,0.5793884151720082,0.5693913554836812,0.013929726551014321,-0.0035651279035577854,0.079,-0.06507027344898568,-0.08256512790355779,0.017494854454572183,0.017494854454572183,0.22145385385534408,4.515613445378152,60,ALL,primary,B,A_baseline,False,False
0.75,0.02,6802,1243,8,0.017494854454572183,0.014448264271122398,1.2108620195672206,-0.010823743516827718,0.04581345242597208,0.5793884151720082,0.5693913554836812,0.013929726551014321,-0.0035651279035577854,0.069,-0.055070273448985685,-0.07256512790355779,0.017494854454572183,0.017494854454572183,0.2535486152836548,3.94401680672269,60,ALL,primary,B,B_low_slip,False,False
0.75,0.02,6802,1243,8,0.017494854454572183,0.014448264271122398,1.2108620195672206,-0.010823743516827718,0.04581345242597208,0.5793884151720082,0.5693913554836812,0.013929726551014321,-0.0035651279035577854,0.109,-0.09507027344898568,-0.11256512790355779,0.017494854454572183,0.017494854454572183,0.16050325187680903,6.230403361344538,60,ALL,primary,B,C_high_slip,False,False
0.75,0.02,6802,1243,8,0.017494854454572183,0.014448264271122398,1.2108620195672206,-0.010823743516827718,0.04581345242597208,0.5793884151720082,0.5693913554836812,0.013929726551014321,-0.0035651279035577854,0.0513,-0.03737027344898568,-0.054865127903557784,0.017494854454572183,0.017494854454572183,0.34103030125871703,2.932290756302521,60,ALL,primary,B,D_fee_sens,False,False
1.0,0.02,6802,1243,8,0.010879153190238165,0.01776679205729184,0.6123307547674678,-0.02394375924205384,0.045702065622530166,0.5070567480152897,0.5016171714201706,0.01411349603057932,0.0032343428403411867,0.079,-0.06488650396942068,-0.07576565715965881,0.010879153190238165,0.010879153190238165,0.13771079987643245,7.261594594594595,60,ALL,primary,B,A_baseline,False,False
1.0,0.02,6802,1243,8,0.010879153190238165,0.01776679205729184,0.6123307547674678,-0.02394375924205384,0.045702065622530166,0.5070567480152897,0.5016171714201706,0.01411349603057932,0.0032343428403411867,0.069,-0.054886503969420686,-0.06576565715965882,0.010879153190238165,0.010879153190238165,0.15766888681504584,6.342405405405406,60,ALL,primary,B,B_low_slip,False,False
1.0,0.02,6802,1243,8,0.010879153190238165,0.01776679205729184,0.6123307547674678,-0.02394375924205384,0.045702065622530166,0.5070567480152897,0.5016171714201706,0.01411349603057932,0.0032343428403411867,0.109,-0.09488650396942068,-0.10576565715965881,0.010879153190238165,0.010879153190238165,0.09980874486457032,10.019162162162162,60,ALL,primary,B,C_high_slip,False,False
1.0,0.02,6802,1243,8,0.010879153190238165,0.01776679205729184,0.6123307547674678,-0.02394375924205384,0.045702065622530166,0.5070567480152897,0.5016171714201706,0.01411349603057932,0.0032343428403411867,0.0513,-0.03718650396942068,-0.04806565715965881,0.010879153190238165,0.010879153190238165,0.21206926296760556,4.71544054054054,60,ALL,primary,B,D_fee_sens,False,False
0.25,0.03,6797,1243,13,0.005425187582757099,0.006531965255070906,0.8305597734993168,-0.007377464317181877,0.018227839482696073,0.7884360747388554,0.7840959246726497,-0.014454906576430782,-0.0198800941591879,0.05266666666666667,-0.06712157324309745,-0.07254676082585457,0.005425187582757099,0.005425187582757099,0.10300989081184365,9.707805649717514,60,ALL,primary,B,A_baseline,False,False
0.25,0.03,6797,1243,13,0.005425187582757099,0.006531965255070906,0.8305597734993168,-0.007377464317181877,0.018227839482696073,0.7884360747388554,0.7840959246726497,-0.014454906576430782,-0.0198800941591879,0.046000000000000006,-0.06045490657643079,-0.06588009415918791,0.005425187582757099,0.005425187582757099,0.11793886049471954,8.478969491525424,60,ALL,primary,B,B_low_slip,False,False
0.25,0.03,6797,1243,13,0.005425187582757099,0.006531965255070906,0.8305597734993168,-0.007377464317181877,0.018227839482696073,0.7884360747388554,0.7840959246726497,-0.014454906576430782,-0.0198800941591879,0.07266666666666667,-0.08712157324309745,-0.09254676082585457,0.005425187582757099,0.005425187582757099,0.07465854471684082,13.394314124293786,60,ALL,primary,B,C_high_slip,False,False
0.25,0.03,6797,1243,13,0.005425187582757099,0.006531965255070906,0.8305597734993168,-0.007377464317181877,0.018227839482696073,0.7884360747388554,0.7840959246726497,-0.014454906576430782,-0.0198800941591879,0.0342,-0.04865490657643078,-0.0540800941591879,0.005425187582757099,0.005425187582757099,0.1586312158700906,6.303929491525423,60,ALL,primary,B,D_fee_sens,False,False
0.5,0.03,6790,1242,20,0.018998527245949928,0.010827377345170976,1.7546748986653997,-0.0022231323505851877,0.04022018684248504,0.6671575846833578,0.6544918998527246,0.0007363770250368162,-0.018262150220913043,0.05266666666666667,-0.05193028964162985,-0.07092881688757971,0.018998527245949928,0.018998527245949928,0.360731529986391,2.772144702842377,60,ALL,primary,B,A_baseline,False,False
0.5,0.03,6790,1242,20,0.018998527245949928,0.010827377345170976,1.7546748986653997,-0.0022231323505851877,0.04022018684248504,0.6671575846833578,0.6544918998527246,0.0007363770250368162,-0.018262150220913043,0.046000000000000006,-0.04526362297496319,-0.06426215022091306,0.018998527245949928,0.018998527245949928,0.41301146186847665,2.4212403100775193,60,ALL,primary,B,B_low_slip,False,False
0.5,0.03,6790,1242,20,0.018998527245949928,0.010827377345170976,1.7546748986653997,-0.0022231323505851877,0.04022018684248504,0.6671575846833578,0.6544918998527246,0.0007363770250368162,-0.018262150220913043,0.07266666666666667,-0.07193028964162985,-0.09092881688757971,0.018998527245949928,0.018998527245949928,0.26144762265068705,3.8248578811369507,60,ALL,primary,B,C_high_slip,False,False
0.5,0.03,6790,1242,20,0.018998527245949928,0.010827377345170976,1.7546748986653997,-0.0022231323505851877,0.04022018684248504,0.6671575846833578,0.6544918998527246,0.0007363770250368162,-0.018262150220913043,0.0342,-0.033463622974963185,-0.052462150220913044,0.018998527245949928,0.018998527245949928,0.5555124925716353,1.8001395348837208,60,ALL,primary,B,D_fee_sens,False,False
0.75,0.03,6790,1242,20,0.02396907216494845,0.01465248676622623,1.6358364656705795,-0.0047498018968549546,0.05268794622675186,0.5736377025036818,0.5599410898379971,0.0038659793814432852,-0.020103092783505083,0.05266666666666667,-0.04880068728522338,-0.07276975945017175,0.02396907216494845,0.02396907216494845,0.4551089651572491,2.1972759856630826,60,ALL,primary,B,A_baseline,False,False
0.75,0.03,6790,1242,20,0.02396907216494845,0.01465248676622623,1.6358364656705795,-0.0047498018968549546,0.05268794622675186,0.5736377025036818,0.5599410898379971,0.0038659793814432852,-0.020103092783505083,0.046000000000000006,-0.04213402061855672,-0.0661030927835051,0.02396907216494845,0.02396907216494845,0.5210667861945315,1.919139784946237,60,ALL,primary,B,B_low_slip,False,False
0.75,0.03,6790,1242,20,0.02396907216494845,0.01465248676622623,1.6358364656705795,-0.0047498018968549546,0.05268794622675186,0.5736377025036818,0.5599410898379971,0.0038659793814432852,-0.020103092783505083,0.07266666666666667,-0.06880068728522339,-0.09276975945017175,0.02396907216494845,0.02396907216494845,0.32984961694883186,3.0316845878136207,60,ALL,primary,B,C_high_slip,False,False
0.75,0.03,6790,1242,20,0.02396907216494845,0.01465248676622623,1.6358364656705795,-0.0047498018968549546,0.05268794622675186,0.5736377025036818,0.5599410898379971,0.0038659793814432852,-0.020103092783505083,0.0342,-0.030334020618556716,-0.054303092783505084,0.02396907216494845,0.02396907216494845,0.7008500633025863,1.4268387096774195,60,ALL,primary,B,D_fee_sens,False,False
1.0,0.03,6789,1242,21,0.035498600677566654,0.0175389119625012,2.023991040804805,0.0011223332310643028,0.06987486812406901,0.5184857858300191,0.5007364854912358,0.03697157166003828,0.0014729709824716775,0.05266666666666667,-0.015695095006628385,-0.05119369568419499,0.035498600677566654,0.035498600677566654,0.6740240634981011,1.4836265560165975,60,ALL,primary,B,A_baseline,True,False
1.0,0.03,6789,1242,21,0.035498600677566654,0.0175389119625012,2.023991040804805,0.0011223332310643028,0.06987486812406901,0.5184857858300191,0.5007364854912358,0.03697157166003828,0.0014729709824716775,0.046000000000000006,-0.009028428339961724,-0.04452702901752833,0.035498600677566654,0.035498600677566654,0.7717087103818837,1.295825726141079,60,ALL,primary,B,B_low_slip,True,False
1.0,0.03,6789,1242,21,0.035498600677566654,0.0175389119625012,2.023991040804805,0.0011223332310643028,0.06987486812406901,0.5184857858300191,0.5007364854912358,0.03697157166003828,0.0014729709824716775,0.07266666666666667,-0.03569509500662839,-0.071193695684195,0.035498600677566654,0.035498600677566654,0.48851285336100897,2.0470290456431535,60,ALL,primary,B,C_high_slip,True,False
1.0,0.03,6789,1242,21,0.035498600677566654,0.0175389119625012,2.023991040804805,0.0011223332310643028,0.06987486812406901,0.5184857858300191,0.5007364854912358,0.03697157166003828,0.0014729709824716775,0.0342,0.0027715716600382814,-0.032727029017528324,0.035498600677566654,0.035498600677566654,1.0379707800458084,0.9634182572614107,60,ALL,primary,B,D_fee_sens,True,True
0.25,0.05,6789,1243,21,-0.007364854912358227,0.007061983330345434,-1.0428876093081882,-0.021206342239835276,0.006476632415118824,0.7697746354396818,0.7756665193695684,-0.03778170570039774,-0.030416850788039462,0.031599999999999996,-0.06938170570039773,-0.06201685078803946,-0.007364854912358227,-0.007364854912358227,-0.23306502887209582,,60,ALL,primary,B,A_baseline,False,False
0.25,0.05,6789,1243,21,-0.007364854912358227,0.007061983330345434,-1.0428876093081882,-0.021206342239835276,0.006476632415118824,0.7697746354396818,0.7756665193695684,-0.03778170570039774,-0.030416850788039462,0.027600000000000003,-0.06538170570039774,-0.05801685078803946,-0.007364854912358227,-0.007364854912358227,-0.26684256928834155,,60,ALL,primary,B,B_low_slip,False,False
0.25,0.05,6789,1243,21,-0.007364854912358227,0.007061983330345434,-1.0428876093081882,-0.021206342239835276,0.006476632415118824,0.7697746354396818,0.7756665193695684,-0.03778170570039774,-0.030416850788039462,0.0436,-0.08138170570039774,-0.07401685078803946,-0.007364854912358227,-0.007364854912358227,-0.16891869065041804,,60,ALL,primary,B,C_high_slip,False,False
0.25,0.05,6789,1243,21,-0.007364854912358227,0.007061983330345434,-1.0428876093081882,-0.021206342239835276,0.006476632415118824,0.7697746354396818,0.7756665193695684,-0.03778170570039774,-0.030416850788039462,0.02052,-0.058301705700397735,-0.05093685078803946,-0.007364854912358227,-0.007364854912358227,-0.3589110581071261,,60,ALL,primary,B,D_fee_sens,False,False
0.5,0.05,6777,1241,33,0.005533421868083223,0.011080069119865091,0.49940319037924885,-0.016183513606852357,0.027250357343018804,0.6445329791943337,0.6408440312822783,-0.03320053120849942,-0.03873395307658256,0.031599999999999996,-0.0648005312084994,-0.07033395307658255,0.005533421868083223,0.005533421868083223,0.17510828696465897,5.710751999999999,60,ALL,primary,B,A_baseline,False,False
0.5,0.05,6777,1241,33,0.005533421868083223,0.011080069119865091,0.49940319037924885,-0.016183513606852357,0.027250357343018804,0.6445329791943337,0.6408440312822783,-0.03320053120849942,-0.03873395307658256,0.027600000000000003,-0.06080053120849942,-0.06633395307658256,0.005533421868083223,0.005533421868083223,0.2004862995682327,4.987872,60,ALL,primary,B,B_low_slip,False,False
0.5,0.05,6777,1241,33,0.005533421868083223,0.011080069119865091,0.49940319037924885,-0.016183513606852357,0.027250357343018804,0.6445329791943337,0.6408440312822783,-0.03320053120849942,-0.03873395307658256,0.0436,-0.07680053120849942,-0.08233395307658256,0.005533421868083223,0.005533421868083223,0.12691334559823905,7.879392,60,ALL,primary,B,C_high_slip,False,False
0.5,0.05,6777,1241,33,0.005533421868083223,0.011080069119865091,0.49940319037924885,-0.016183513606852357,0.027250357343018804,0.6445329791943337,0.6408440312822783,-0.03320053120849942,-0.03873395307658256,0.02052,-0.053720531208499414,-0.05925395307658256,0.005533421868083223,0.005533421868083223,0.269659935091775,3.7083744,60,ALL,primary,B,D_fee_sens,False,False
0.75,0.05,6765,1241,45,0.006467110125646711,0.01438219469289709,0.449660866351685,-0.021721991472431583,0.03465621172372501,0.565410199556541,0.5617147080561715,-0.010532150776053184,-0.016999260901699786,0.031599999999999996,-0.04213215077605318,-0.04859926090169978,0.006467110125646711,0.006467110125646711,0.20465538372299721,4.886262857142857,60,ALL,primary,B,A_baseline,False,False
0.75,0.05,6765,1241,45,0.006467110125646711,0.01438219469289709,0.449660866351685,-0.021721991472431583,0.03465621172372501,0.565410199556541,0.5617147080561715,-0.010532150776053184,-0.016999260901699786,0.027600000000000003,-0.038132150776053184,-0.044599260901699786,0.006467110125646711,0.006467110125646711,0.23431558426256197,4.267748571428572,60,ALL,primary,B,B_low_slip,False,False
0.75,0.05,6765,1241,45,0.006467110125646711,0.01438219469289709,0.449660866351685,-0.021721991472431583,0.03465621172372501,0.565410199556541,0.5617147080561715,-0.010532150776053184,-0.016999260901699786,0.0436,-0.054132150776053184,-0.060599260901699786,0.006467110125646711,0.006467110125646711,0.1483282138909796,6.741805714285714,60,ALL,primary,B,C_high_slip,False,False
0.75,0.05,6765,1241,45,0.006467110125646711,0.01438219469289709,0.449660866351685,-0.021721991472431583,0.03465621172372501,0.565410199556541,0.5617147080561715,-0.010532150776053184,-0.016999260901699786,0.02052,-0.031052150776053184,-0.03751926090169978,0.006467110125646711,0.006467110125646711,0.31516131216601906,3.1729782857142856,60,ALL,primary,B,D_fee_sens,False,False
1.0,0.05,6761,1241,49,-0.004880934772962579,0.017827418962390276,-0.2737880779747014,-0.03982267593924752,0.030060806393322363,0.49844697529951193,0.5008874426859932,-0.003106049400976141,0.0017748853719863344,0.031599999999999996,-0.03470604940097614,-0.02982511462801366,-0.004880934772962579,-0.004880934772962579,-0.1544599611697019,,60,ALL,primary,B,A_baseline,False,False
1.0,0.05,6761,1241,49,-0.004880934772962579,0.017827418962390276,-0.2737880779747014,-0.03982267593924752,0.030060806393322363,0.49844697529951193,0.5008874426859932,-0.003106049400976141,0.0017748853719863344,0.027600000000000003,-0.030706049400976144,-0.02582511462801367,-0.004880934772962579,-0.004880934772962579,-0.17684546278849922,,60,ALL,primary,B,B_low_slip,False,False
1.0,0.05,6761,1241,49,-0.004880934772962579,0.017827418962390276,-0.2737880779747014,-0.03982267593924752,0.030060806393322363,0.49844697529951193,0.5008874426859932,-0.003106049400976141,0.0017748853719863344,0.0436,-0.04670604940097614,-0.041825114628013665,-0.004880934772962579,-0.004880934772962579,-0.1119480452514353,,60,ALL,primary,B,C_high_slip,False,False
1.0,0.05,6761,1241,49,-0.004880934772962579,0.017827418962390276,-0.2737880779747014,-0.03982267593924752,0.030060806393322363,0.49844697529951193,0.5008874426859932,-0.003106049400976141,0.0017748853719863344,0.02052,-0.02362604940097614,-0.018745114628013666,-0.004880934772962579,-0.004880934772962579,-0.23786231837049607,,60,ALL,primary,B,D_fee_sens,False,False
0.25,0.075,6762,1238,48,0.0013864241348713398,0.0072353959613755455,0.19161689868425144,-0.01279495194942473,0.015567800219167408,0.777136941733215,0.776027802425318,-0.028578822833481232,-0.029965246968352455,0.021066666666666668,-0.049645489500147896,-0.05103191363501912,0.0013864241348713398,0.0013864241348713398,0.06581127222490536,15.194965333333334,60,ALL,diagnostic,B,A_baseline,False,False
0.25,0.075,6762,1238,48,0.0013864241348713398,0.0072353959613755455,0.19161689868425144,-0.01279495194942473,0.015567800219167408,0.777136941733215,0.776027802425318,-0.028578822833481232,-0.029965246968352455,0.018400000000000003,-0.04697882283348123,-0.048365246968352454,0.0013864241348713398,0.0013864241348713398,0.07534913776474672,13.271552000000002,60,ALL,diagnostic,B,B_low_slip,False,False
0.25,0.075,6762,1238,48,0.0013864241348713398,0.0072353959613755455,0.19161689868425144,-0.01279495194942473,0.015567800219167408,0.777136941733215,0.776027802425318,-0.028578822833481232,-0.029965246968352455,0.029066666666666668,-0.0576454895001479,-0.059031913635019126,0.0013864241348713398,0.0013864241348713398,0.04769807803456444,20.965205333333333,60,ALL,diagnostic,B,C_high_slip,False,False
0.25,0.075,6762,1238,48,0.0013864241348713398,0.0072353959613755455,0.19161689868425144,-0.01279495194942473,0.015567800219167408,0.777136941733215,0.776027802425318,-0.028578822833481232,-0.029965246968352455,0.013680000000000001,-0.04225882283348123,-0.04364524696835245,0.0013864241348713398,0.0013864241348713398,0.10134679348474705,9.867110400000001,60,ALL,diagnostic,B,D_fee_sens,False,False
0.5,0.075,6728,1233,82,0.0066884661117717,0.010816385965141253,0.6183642238107167,-0.014511650379905157,0.027888582603448554,0.6624554102259215,0.6579964328180737,-0.006316884661117794,-0.013005350772889335,0.021066666666666668,-0.027383551327784462,-0.034072017439556,0.0066884661117717,0.0066884661117717,0.31749047998916297,3.149700740740741,60,ALL,diagnostic,B,A_baseline,False,False
0.5,0.075,6728,1233,82,0.0066884661117717,0.010816385965141253,0.6183642238107167,-0.014511650379905157,0.027888582603448554,0.6624554102259215,0.6579964328180737,-0.006316884661117794,-0.013005350772889335,0.018400000000000003,-0.024716884661117797,-0.031405350772889334,0.0066884661117717,0.0066884661117717,0.3635035930310706,2.751004444444445,60,ALL,diagnostic,B,B_low_slip,False,False
0.5,0.075,6728,1233,82,0.0066884661117717,0.010816385965141253,0.6183642238107167,-0.014511650379905157,0.027888582603448554,0.6624554102259215,0.6579964328180737,-0.006316884661117794,-0.013005350772889335,0.029066666666666668,-0.035383551327784465,-0.042072017439556006,0.0066884661117717,0.0066884661117717,0.23010777907471444,4.34578962962963,60,ALL,diagnostic,B,C_high_slip,False,False
0.5,0.075,6728,1233,82,0.0066884661117717,0.010816385965141253,0.6183642238107167,-0.014511650379905157,0.027888582603448554,0.6624554102259215,0.6579964328180737,-0.006316884661117794,-0.013005350772889335,0.013680000000000001,-0.019996884661117795,-0.026685350772889336,0.0066884661117717,0.0066884661117717,0.4889229613868201,2.0453120000000005,60,ALL,diagnostic,B,D_fee_sens,False,False
0.75,0.075,6696,1231,114,-0.004442951015531661,0.01418446161900779,-0.31322662324933886,-0.03224449578878692,0.023358593757723603,0.5682497013142175,0.5707885304659498,-0.0055630227001194354,-0.0011200716845878311,0.021066666666666668,-0.026629689366786103,-0.0221867383512545,-0.004442951015531661,-0.004442951015531661,-0.2108995735220725,,60,ALL,diagnostic,B,A_baseline,False,False
0.75,0.075,6696,1231,114,-0.004442951015531661,0.01418446161900779,-0.31322662324933886,-0.03224449578878692,0.023358593757723603,0.5682497013142175,0.5707885304659498,-0.0055630227001194354,-0.0011200716845878311,0.018400000000000003,-0.02396302270011944,-0.019520071684587834,-0.004442951015531661,-0.004442951015531661,-0.2414647291049815,,60,ALL,diagnostic,B,B_low_slip,False,False
0.75,0.075,6696,1231,114,-0.004442951015531661,0.01418446161900779,-0.31322662324933886,-0.03224449578878692,0.023358593757723603,0.5682497013142175,0.5707885304659498,-0.0055630227001194354,-0.0011200716845878311,0.029066666666666668,-0.03462968936678611,-0.0301867383512545,-0.004442951015531661,-0.004442951015531661,-0.15285381934168557,,60,ALL,diagnostic,B,C_high_slip,False,False
0.75,0.075,6696,1231,114,-0.004442951015531661,0.01418446161900779,-0.31322662324933886,-0.03224449578878692,0.023358593757723603,0.5682497013142175,0.5707885304659498,-0.0055630227001194354,-0.0011200716845878311,0.013680000000000001,-0.019243022700119437,-0.014800071684587832,-0.004442951015531661,-0.004442951015531661,-0.32477712101839623,,60,ALL,diagnostic,B,D_fee_sens,False,False
1.0,0.075,6695,1231,115,0.006870799103808813,0.017076857268262066,0.40234564216791996,-0.02659984114198484,0.040341439349602465,0.5039581777445855,0.5005227781926811,0.007916355489171023,0.0010455563853621896,0.021066666666666668,-0.013150311177495645,-0.020021110281304478,0.006870799103808813,0.006870799103808813,0.3261455270795322,3.0661159420289854,60,ALL,diagnostic,B,A_baseline,False,False
1.0,0.075,6695,1231,115,0.006870799103808813,0.017076857268262066,0.40234564216791996,-0.02659984114198484,0.040341439349602465,0.5039581777445855,0.5005227781926811,0.007916355489171023,0.0010455563853621896,0.018400000000000003,-0.01048364451082898,-0.017354443614637814,0.006870799103808813,0.006870799103808813,0.373412994772218,2.6780000000000004,60,ALL,diagnostic,B,B_low_slip,False,False
1.0,0.075,6695,1231,115,0.006870799103808813,0.017076857268262066,0.40234564216791996,-0.02659984114198484,0.040341439349602465,0.5039581777445855,0.5005227781926811,0.007916355489171023,0.0010455563853621896,0.029066666666666668,-0.021150311177495645,-0.028021110281304478,0.006870799103808813,0.006870799103808813,0.2363807031126885,4.230463768115942,60,ALL,diagnostic,B,C_high_slip,False,False
1.0,0.075,6695,1231,115,0.006870799103808813,0.017076857268262066,0.40234564216791996,-0.02659984114198484,0.040341439349602465,0.5039581777445855,0.5005227781926811,0.007916355489171023,0.0010455563853621896,0.013680000000000001,-0.005763644510828978,-0.012634443614637812,0.006870799103808813,0.006870799103808813,0.5022513964772524,1.9910347826086958,60,ALL,diagnostic,B,D_fee_sens,False,False
0.25,0.1,6728,1236,82,0.0013005350772889418,0.007305495191707569,0.1780214815232748,-0.013018235498457893,0.015619305653035778,0.7791319857312723,0.7780915576694412,-0.026085017835909663,-0.027385552913198552,0.015799999999999998,-0.04188501783590966,-0.04318555291319855,0.0013005350772889418,0.0013005350772889418,0.08231234666385709,12.148845714285713,60,ALL,diagnostic,B,A_baseline,False,False
0.25,0.1,6728,1236,82,0.0013005350772889418,0.007305495191707569,0.1780214815232748,-0.013018235498457893,0.015619305653035778,0.7791319857312723,0.7780915576694412,-0.026085017835909663,-0.027385552913198552,0.013800000000000002,-0.03988501783590966,-0.04118555291319855,0.0013005350772889418,0.0013005350772889418,0.09424167226731461,10.611017142857143,60,ALL,diagnostic,B,B_low_slip,False,False
0.25,0.1,6728,1236,82,0.0013005350772889418,0.007305495191707569,0.1780214815232748,-0.013018235498457893,0.015619305653035778,0.7791319857312723,0.7780915576694412,-0.026085017835909663,-0.027385552913198552,0.0218,-0.04788501783590966,-0.04918555291319855,0.0013005350772889418,0.0013005350772889418,0.05965757235270375,16.76233142857143,60,ALL,diagnostic,B,C_high_slip,False,False
0.25,0.1,6728,1236,82,0.0013005350772889418,0.007305495191707569,0.1780214815232748,-0.013018235498457893,0.015619305653035778,0.7791319857312723,0.7780915576694412,-0.026085017835909663,-0.027385552913198552,0.01026,-0.03634501783590966,-0.03764555291319855,0.0013005350772889418,0.0013005350772889418,0.12675780480399043,7.889060571428572,60,ALL,diagnostic,B,D_fee_sens,False,False
0.5,0.1,6626,1214,184,-0.006678237247207968,0.0108829257643157,-0.6136435543009409,-0.028008771745266735,0.014652297250850802,0.6580138846966496,0.6624660428614548,-0.012979172955025708,-0.006300935707817756,0.015799999999999998,-0.028779172955025707,-0.022100935707817754,-0.006678237247207968,-0.006678237247207968,-0.42267324349417523,,60,ALL,diagnostic,B,A_baseline,False,False
0.5,0.1,6626,1214,184,-0.006678237247207968,0.0108829257643157,-0.6136435543009409,-0.028008771745266735,0.014652297250850802,0.6580138846966496,0.6624660428614548,-0.012979172955025708,-0.006300935707817756,0.013800000000000002,-0.026779172955025708,-0.020100935707817756,-0.006678237247207968,-0.006678237247207968,-0.4839302353049251,,60,ALL,diagnostic,B,B_low_slip,False,False
0.5,0.1,6626,1214,184,-0.006678237247207968,0.0108829257643157,-0.6136435543009409,-0.028008771745266735,0.014652297250850802,0.6580138846966496,0.6624660428614548,-0.012979172955025708,-0.006300935707817756,0.0218,-0.03477917295502571,-0.028100935707817756,-0.006678237247207968,-0.006678237247207968,-0.30634115812880586,,60,ALL,diagnostic,B,C_high_slip,False,False
0.5,0.1,6626,1214,184,-0.006678237247207968,0.0108829257643157,-0.6136435543009409,-0.028008771745266735,0.014652297250850802,0.6580138846966496,0.6624660428614548,-0.012979172955025708,-0.006300935707817756,0.01026,-0.023239172955025707,-0.016560935707817755,-0.006678237247207968,-0.006678237247207968,-0.6509003164920046,,60,ALL,diagnostic,B,D_fee_sens,False,False
0.75,0.1,6610,1208,200,-0.0023827534039334345,0.013961594147966279,-0.17066485235717294,-0.02974747793394734,0.024981971126080475,0.5650529500756429,0.5664145234493192,-0.011157337367624809,-0.008774583963691462,0.015799999999999998,-0.026957337367624807,-0.02457458396369146,-0.0023827534039334345,-0.0023827534039334345,-0.15080717746414143,,60,ALL,diagnostic,B,A_baseline,False,False
0.75,0.1,6610,1208,200,-0.0023827534039334345,0.013961594147966279,-0.17066485235717294,-0.02974747793394734,0.024981971126080475,0.5650529500756429,0.5664145234493192,-0.011157337367624809,-0.008774583963691462,0.013800000000000002,-0.02495733736762481,-0.022574583963691462,-0.0023827534039334345,-0.0023827534039334345,-0.17266329014010393,,60,ALL,diagnostic,B,B_low_slip,False,False
0.75,0.1,6610,1208,200,-0.0023827534039334345,0.013961594147966279,-0.17066485235717294,-0.02974747793394734,0.024981971126080475,0.5650529500756429,0.5664145234493192,-0.011157337367624809,-0.008774583963691462,0.0218,-0.03295733736762481,-0.030574583963691462,-0.0023827534039334345,-0.0023827534039334345,-0.10930061485933186,,60,ALL,diagnostic,B,C_high_slip,False,False
0.75,0.1,6610,1208,200,-0.0023827534039334345,0.013961594147966279,-0.17066485235717294,-0.02974747793394734,0.024981971126080475,0.5650529500756429,0.5664145234493192,-0.011157337367624809,-0.008774583963691462,0.01026,-0.021417337367624807,-0.01903458396369146,-0.0023827534039334345,-0.0023827534039334345,-0.23223717387265444,,60,ALL,diagnostic,B,D_fee_sens,False,False
1.0,0.1,6610,1208,200,-0.009531013615733736,0.017169403439452918,-0.5551161779932775,-0.043183044357061454,0.024121017125593985,0.4962178517397882,0.5009833585476551,-0.0075642965204235635,0.0019667170953101554,0.015799999999999998,-0.02336429652042356,-0.013833282904689843,-0.009531013615733736,-0.009531013615733736,-0.6032287098565656,,60,ALL,diagnostic,B,A_baseline,False,False
1.0,0.1,6610,1208,200,-0.009531013615733736,0.017169403439452918,-0.5551161779932775,-0.043183044357061454,0.024121017125593985,0.4962178517397882,0.5009833585476551,-0.0075642965204235635,0.0019667170953101554,0.013800000000000002,-0.021364296520423563,-0.011833282904689846,-0.009531013615733736,-0.009531013615733736,-0.6906531605604156,,60,ALL,diagnostic,B,B_low_slip,False,False
1.0,0.1,6610,1208,200,-0.009531013615733736,0.017169403439452918,-0.5551161779932775,-0.043183044357061454,0.024121017125593985,0.4962178517397882,0.5009833585476551,-0.0075642965204235635,0.0019667170953101554,0.0218,-0.029364296520423563,-0.019833282904689845,-0.009531013615733736,-0.009531013615733736,-0.43720245943732733,,60,ALL,diagnostic,B,C_high_slip,False,False
1.0,0.1,6610,1208,200,-0.009531013615733736,0.017169403439452918,-0.5551161779932775,-0.043183044357061454,0.024121017125593985,0.4962178517397882,0.5009833585476551,-0.0075642965204235635,0.0019667170953101554,0.01026,-0.017824296520423562,-0.008293282904689845,-0.009531013615733736,-0.009531013615733736,-0.9289486954906175,,60,ALL,diagnostic,B,D_fee_sens,False,False
