underlying,expiry_ts,expiry,entry_ts,spot_at_entry,strike,call_symbol,put_symbol,call_premium,put_premium,straddle_premium,call_settlement,put_settlement,straddle_payout,contract_value,tick_size,taker_fee,realised_abs_move,premium_frac_of_spot,gross_return_on_premium,cost_frac_of_premium,net_return_on_premium,entry_time_utc,entry_time_ist,exit_time_utc,exit_reason,win
BTC,1704542400,2024-01-06 12:00:00+00:00,1704456000,43852.8,43800.0,C-BTC-43800-060124,P-BTC-43800-060124,275.0665,272.865624,547.932124,0.0,136.00689655172,136.00689655172,0.001,0.1,0.0003,136.00689655172,0.0124948036157326,0.7517814878988187,0.14012711129745692,0.6116543766013618,2024-01-05 12:00:00+00:00,2024-01-05 17:30:00+05:30,2024-01-06 12:00:00+00:00,settlement,True
BTC,1704801600,2024-01-09 12:00:00+00:00,1704715200,44964.5,45000.0,C-BTC-45000-090124,P-BTC-45000-090124,259.87314,301.535159,561.4082989999999,1535.12413793102,0.0,1535.12413793102,0.001,0.1,0.0003,1535.12413793102,0.0124855897207797,-1.7344165390241588,0.14021074243720788,-1.8746272814613667,2024-01-08 12:00:00+00:00,2024-01-08 17:30:00+05:30,2024-01-09 12:00:00+00:00,settlement,False
BTC,1704888000,2024-01-10 12:00:00+00:00,1704801600,46733.5,46800.0,C-BTC-46800-100124,P-BTC-46800-100124,249.270394,345.243275,594.5136689999999,0.0,1345.05862068966,1345.05862068966,0.001,0.1,0.0003,1345.05862068966,0.0127213598168337,-1.2624519684334798,0.13810885537301246,-1.4005608238064924,2024-01-09 12:00:00+00:00,2024-01-09 17:30:00+05:30,2024-01-10 12:00:00+00:00,settlement,False
BTC,1704974400,2024-01-11 12:00:00+00:00,1704888000,45621.7,45600.0,C-BTC-45600-110124,P-BTC-45600-110124,285.274855,285.074855,570.34971,1367.70344827586,0.0,1367.70344827586,0.001,0.1,0.0003,1367.70344827586,0.0125017197956235,-1.3980084925016618,0.14006441666815259,-1.5380729091698144,2024-01-10 12:00:00+00:00,2024-01-10 17:30:00+05:30,2024-01-11 12:00:00+00:00,settlement,False
BTC,1705060800,2024-01-12 12:00:00+00:00,1704974400,47117.1,47200.0,C-BTC-47200-120124,P-BTC-47200-120124,267.703499,324.481619,592.1851180000001,0.0,1111.175862068965,1111.175862068965,0.001,0.1,0.0003,1111.175862068965,0.0125683694030405,-0.8763995046376103,0.1394637795717115,-1.0158632842093218,2024-01-11 12:00:00+00:00,2024-01-11 17:30:00+05:30,2024-01-12 12:00:00+00:00,settlement,False
BTC,1705147200,2024-01-13 12:00:00+00:00,1705060800,45987.1,46000.0,C-BTC-46000-130124,P-BTC-46000-130124,557.634801,573.899907,1131.534708,0.0,3376.49310344827,3376.49310344827,0.001,0.1,0.0003,3376.49310344827,0.0246054808413663,-1.9839942863230933,0.08434815397142904,-2.0683424402945225,2024-01-12 12:00:00+00:00,2024-01-12 17:30:00+05:30,2024-01-13 12:00:00+00:00,settlement,False
BTC,1705233600,2024-01-14 12:00:00+00:00,1705147200,42687.3,42600.0,C-BTC-42600-140124,P-BTC-42600-140124,311.88336,226.189366,538.072726,240.55517241379,0.0,240.55517241379,0.001,0.1,0.0003,240.55517241379,0.0126049838242287,0.5529318607132114,0.1391365186140284,0.413795342099183,2024-01-13 12:00:00+00:00,2024-01-13 17:30:00+05:30,2024-01-14 12:00:00+00:00,settlement,True
BTC,1705320000,2024-01-15 12:00:00+00:00,1705233600,42847.2,42800.0,C-BTC-42800-150124,P-BTC-42800-150124,282.649701,253.349701,535.999402,0.0,164.78275862069,164.78275862069,0.001,0.1,0.0003,164.78275862069,0.0125095549300771,0.6925691371933844,0.13999347554048203,0.5525756616529024,2024-01-14 12:00:00+00:00,2024-01-14 17:30:00+05:30,2024-01-15 12:00:00+00:00,settlement,True
BTC,1705406400,2024-01-16 12:00:00+00:00,1705320000,42642.0,42600.0,C-BTC-42600-160124,P-BTC-42600-160124,494.232014,422.21038,916.442394,240.79655172415,0.0,240.79655172415,0.001,0.1,0.0003,240.79655172415,0.0214915434079076,0.7372485676124777,0.09268638019729147,0.6445621874151862,2024-01-15 12:00:00+00:00,2024-01-15 17:30:00+05:30,2024-01-16 12:00:00+00:00,settlement,True
BTC,1705492800,2024-01-17 12:00:00+00:00,1705406400,42932.8,43000.0,C-BTC-43000-170124,P-BTC-43000-170124,421.827137,518.089715,939.916852,0.0,272.54827586208,272.54827586208,0.001,0.1,0.0003,272.54827586208,0.0218927452204375,0.7100293762345693,0.09147896034701591,0.6185504158875534,2024-01-16 12:00:00+00:00,2024-01-16 17:30:00+05:30,2024-01-17 12:00:00+00:00,settlement,True
BTC,1705579200,2024-01-18 12:00:00+00:00,1705492800,42645.0,42600.0,C-BTC-42600-180124,P-BTC-42600-180124,443.765723,388.712964,832.478687,0.0,110.996551724136,110.996551724136,0.001,0.1,0.0003,110.996551724136,0.0195211323015593,0.8666673952649361,0.09933677594751443,0.7673306193174216,2024-01-17 12:00:00+00:00,2024-01-17 17:30:00+05:30,2024-01-18 12:00:00+00:00,settlement,True
BTC,1705665600,2024-01-19 12:00:00+00:00,1705579200,42509.3,42500.0,C-BTC-42500-190124,P-BTC-42500-190124,385.946373,409.145609,795.0919819999999,0.0,1045.53448275863,1045.53448275863,0.001,0.1,0.0003,1045.53448275863,0.0187039537701161,-0.3149855695043723,0.10250591851346327,-0.41749148801783553,2024-01-18 12:00:00+00:00,2024-01-18 17:30:00+05:30,2024-01-19 12:00:00+00:00,settlement,False
BTC,1705752000,2024-01-20 12:00:00+00:00,1705665600,41451.7,41400.0,C-BTC-41400-200124,P-BTC-41400-200124,311.214993,489.519302,800.734295,167.11034482759,0.0,167.11034482759,0.001,0.1,0.0003,167.11034482759,0.0193172848158217,0.7913036248465042,0.1001022271763694,0.6912013976701348,2024-01-19 12:00:00+00:00,2024-01-19 17:30:00+05:30,2024-01-20 12:00:00+00:00,settlement,True
BTC,1705838400,2024-01-21 12:00:00+00:00,1705752000,41595.7,41600.0,C-BTC-41600-210124,P-BTC-41600-210124,258.647729,261.752009,520.3997380000001,130.97241379311,0.0,130.97241379311,0.001,0.1,0.0003,130.97241379311,0.0125109022807646,0.7483234440192781,0.13998128526805673,0.6083421587512213,2024-01-20 12:00:00+00:00,2024-01-20 17:30:00+05:30,2024-01-21 12:00:00+00:00,settlement,True
BTC,1705924800,2024-01-22 12:00:00+00:00,1705838400,41726.5,41800.0,C-BTC-41800-220124,P-BTC-41800-220124,256.170189,299.573128,555.7433169999999,0.0,961.92413793103,961.92413793103,0.001,0.1,0.0003,961.92413793103,0.0133187139347896,-0.7308784622434428,0.13311657132459953,-0.8639950335680423,2024-01-21 12:00:00+00:00,2024-01-21 17:30:00+05:30,2024-01-22 12:00:00+00:00,settlement,False
BTC,1706011200,2024-01-23 12:00:00+00:00,1705924800,40800.9,40800.0,C-BTC-40800-230124,P-BTC-40800-230124,440.740096,375.79542,816.5355159999999,0.0,2016.700000000004,2016.700000000004,0.001,0.1,0.0003,2016.700000000004,0.0200126839358935,-1.4698252072112,0.0975551273250434,-1.5673803345362434,2024-01-22 12:00:00+00:00,2024-01-22 17:30:00+05:30,2024-01-23 12:00:00+00:00,settlement,False
BTC,1706097600,2024-01-24 12:00:00+00:00,1706011200,38966.0,39000.0,C-BTC-39000-240124,P-BTC-39000-240124,498.751876,475.406752,974.158628,1122.24333333333,0.0,1122.24333333333,0.001,0.1,0.0003,1122.24333333333,0.0250002214238053,-0.1520129279533826,0.08343949834666967,-0.23545242630005225,2024-01-23 12:00:00+00:00,2024-01-23 17:30:00+05:30,2024-01-24 12:00:00+00:00,settlement,False
BTC,1706184000,2024-01-25 12:00:00+00:00,1706097600,40230.8,40200.0,C-BTC-40200-250124,P-BTC-40200-250124,400.85232,342.125271,742.9775910000001,17.520689655175,0.0,17.520689655175,0.001,0.1,0.0003,17.520689655175,0.0184678801067838,0.9764182798143436,0.10347366215356016,0.8729446176607835,2024-01-24 12:00:00+00:00,2024-01-24 17:30:00+05:30,2024-01-25 12:00:00+00:00,settlement,True
BTC,1706270400,2024-01-26 12:00:00+00:00,1706184000,40205.4,40200.0,C-BTC-40200-260124,P-BTC-40200-260124,389.514034,349.733682,739.247716,1027.77241379309,0.0,1027.77241379309,0.001,0.1,0.0003,1027.77241379309,0.0183867768011262,-0.3902950141723401,0.10381186647967944,-0.4941068806520195,2024-01-25 12:00:00+00:00,2024-01-25 17:30:00+05:30,2024-01-26 12:00:00+00:00,settlement,False
BTC,1706356800,2024-01-27 12:00:00+00:00,1706270400,41211.8,41200.0,C-BTC-41200-270124,P-BTC-41200-270124,392.98815,380.239767,773.2279169999999,558.13103448276,0.0,558.13103448276,0.001,0.1,0.0003,558.13103448276,0.0187622942215579,0.2781804404473408,0.10227051460119488,0.17590992584614593,2024-01-26 12:00:00+00:00,2024-01-26 17:30:00+05:30,2024-01-27 12:00:00+00:00,settlement,True
BTC,1706443200,2024-01-28 12:00:00+00:00,1706356800,41725.3,41800.0,C-BTC-41800-280124,P-BTC-41800-280124,229.564518,295.306475,524.870993,641.3,0.0,641.3,0.001,0.1,0.0003,641.3,0.012579202378413,-0.2218240454373899,0.13936675561798478,-0.3611908010553747,2024-01-27 12:00:00+00:00,2024-01-27 17:30:00+05:30,2024-01-28 12:00:00+00:00,settlement,False
BTC,1706529600,2024-01-29 12:00:00+00:00,1706443200,42431.9,42400.0,C-BTC-42400-290124,P-BTC-42400-290124,288.945978,269.154964,558.100942,0.0,146.55172413793,146.55172413793,0.001,0.1,0.0003,146.55172413793,0.0131528623983371,0.7374100039810898,0.13445717431811824,0.6029528296629716,2024-01-28 12:00:00+00:00,2024-01-28 17:30:00+05:30,2024-01-29 12:00:00+00:00,settlement,True
BTC,1706616000,2024-01-30 12:00:00+00:00,1706529600,42294.5,42200.0,C-BTC-42200-300124,P-BTC-42200-300124,427.783408,268.455288,696.238696,1302.66896551723,0.0,1302.66896551723,0.001,0.1,0.0003,1302.66896551723,0.0164616840487533,-0.8710091424123171,0.11281793083905234,-0.9838270732513694,2024-01-29 12:00:00+00:00,2024-01-29 17:30:00+05:30,2024-01-30 12:00:00+00:00,settlement,False
BTC,1706702400,2024-01-31 12:00:00+00:00,1706616000,43559.6,43600.0,C-BTC-43600-310124,P-BTC-43600-310124,352.296397,378.352985,730.6493820000001,0.0,1010.97586206897,1010.97586206897,0.001,0.1,0.0003,1010.97586206897,0.0167735558177761,-0.3836675797926971,0.11121859408840229,-0.4948861738810994,2024-01-30 12:00:00+00:00,2024-01-30 17:30:00+05:30,2024-01-31 12:00:00+00:00,settlement,False
BTC,1706788800,2024-02-01 12:00:00+00:00,1706702400,42580.8,42600.0,C-BTC-42600-010224,P-BTC-42600-010224,428.452584,417.987936,846.44052,0.0,399.53448275863,399.53448275863,0.001,0.1,0.0003,399.53448275863,0.0198784550783451,0.5279828017228783,0.09803289986164651,0.4299499018612317,2024-01-31 12:00:00+00:00,2024-01-31 17:30:00+05:30,2024-02-01 12:00:00+00:00,settlement,True
BTC,1706875200,2024-02-02 12:00:00+00:00,1706788800,42091.3,42000.0,C-BTC-42000-020224,P-BTC-42000-020224,449.515985,346.062416,795.578401,1156.04827586206,0.0,1156.04827586206,0.001,0.1,0.0003,1156.04827586206,0.0189012551524899,-0.453091580174837,0.10171565975783699,-0.554807239932674,2024-02-01 12:00:00+00:00,2024-02-01 17:30:00+05:30,2024-02-02 12:00:00+00:00,settlement,False
BTC,1706961600,2024-02-03 12:00:00+00:00,1706875200,43098.2,43000.0,C-BTC-43000-030224,P-BTC-43000-030224,385.18978,284.695267,669.885047,0.0,3.10344827586,3.10344827586,0.001,0.1,0.0003,3.10344827586,0.0155432256335531,0.9953671927896308,0.1179007813554017,0.8774664114342291,2024-02-02 12:00:00+00:00,2024-02-02 17:30:00+05:30,2024-02-03 12:00:00+00:00,settlement,True
BTC,1707048000,2024-02-04 12:00:00+00:00,1706961600,42987.1,43000.0,C-BTC-43000-040224,P-BTC-43000-040224,262.217129,275.519311,537.73644,55.61034482759,0.0,55.61034482759,0.001,0.1,0.0003,55.61034482759,0.0125092513800651,0.8965843846706948,0.13999622229804623,0.7565881623726486,2024-02-03 12:00:00+00:00,2024-02-03 17:30:00+05:30,2024-02-04 12:00:00+00:00,settlement,True
BTC,1707134400,2024-02-05 12:00:00+00:00,1707048000,43053.5,43000.0,C-BTC-43000-050224,P-BTC-43000-050224,305.409086,235.709086,541.118172,153.52758620689,0.0,153.52758620689,0.001,0.1,0.0003,153.52758620689,0.0125685059751239,0.716277156911134,0.13946255534290206,0.5768146015682319,2024-02-04 12:00:00+00:00,2024-02-04 17:30:00+05:30,2024-02-05 12:00:00+00:00,settlement,True
BTC,1707220800,2024-02-06 12:00:00+00:00,1707134400,43185.0,43200.0,C-BTC-43200-060224,P-BTC-43200-060224,317.645038,312.853925,630.498963,0.0,394.789655172426,394.789655172426,0.001,0.1,0.0003,394.789655172426,0.014599952830844,0.3738456709048924,0.12378661471073664,0.25005905619415575,2024-02-05 12:00:00+00:00,2024-02-05 17:30:00+05:30,2024-02-06 12:00:00+00:00,settlement,True
BTC,1707307200,2024-02-07 12:00:00+00:00,1707220800,42891.3,42800.0,C-BTC-42800-070224,P-BTC-42800-070224,357.63446,262.999652,620.634112,108.67586206896,0.0,108.67586206896,0.001,0.1,0.0003,108.67586206896,0.0144699300790603,0.8248954416657008,0.12465810935251978,0.7002373323131811,2024-02-06 12:00:00+00:00,2024-02-06 17:30:00+05:30,2024-02-07 12:00:00+00:00,settlement,True
BTC,1707393600,2024-02-08 12:00:00+00:00,1707307200,42916.9,43000.0,C-BTC-43000-080224,P-BTC-43000-080224,243.365462,313.558696,556.924158,1748.61034482759,0.0,1748.61034482759,0.001,0.1,0.0003,1748.61034482759,0.0129768030309738,-2.1397638613974257,0.13591778475948246,-2.275681646156908,2024-02-07 12:00:00+00:00,2024-02-07 17:30:00+05:30,2024-02-08 12:00:00+00:00,settlement,False
BTC,1707480000,2024-02-09 12:00:00+00:00,1707393600,44728.8,44800.0,C-BTC-44800-090224,P-BTC-44800-090224,367.380654,438.725288,806.1059419999999,2200.17931034483,0.0,2200.17931034483,0.001,0.1,0.0003,2200.17931034483,0.018022078437159,-1.729392249467912,0.10537029392794132,-1.8347625433958532,2024-02-08 12:00:00+00:00,2024-02-08 17:30:00+05:30,2024-02-09 12:00:00+00:00,settlement,False
BTC,1707566400,2024-02-10 12:00:00+00:00,1707480000,47199.9,47200.0,C-BTC-47200-100224,P-BTC-47200-100224,514.64032,476.991996,991.632316,0.0,88.07241379311,88.07241379311,0.001,0.1,0.0003,88.07241379311,0.021009203748313,0.9111844053768112,0.09419903220338374,0.8169853731734275,2024-02-09 12:00:00+00:00,2024-02-09 17:30:00+05:30,2024-02-10 12:00:00+00:00,settlement,True
BTC,1707652800,2024-02-11 12:00:00+00:00,1707566400,47191.6,47200.0,C-BTC-47200-110224,P-BTC-47200-110224,300.845254,288.320118,589.1653719999999,1121.20344827587,0.0,1121.20344827587,0.001,0.1,0.0003,1121.20344827587,0.0124845390281321,-0.903036908754152,0.14022028702936057,-1.0432571957835126,2024-02-10 12:00:00+00:00,2024-02-10 17:30:00+05:30,2024-02-11 12:00:00+00:00,settlement,False
BTC,1707739200,2024-02-12 12:00:00+00:00,1707652800,48417.8,48400.0,C-BTC-48400-120224,P-BTC-48400-120224,409.356229,369.57843,778.934659,0.0,563.88275862069,563.88275862069,0.001,0.1,0.0003,563.88275862069,0.0160877747233455,0.2760846470169843,0.11481714496568574,0.16126750205129858,2024-02-11 12:00:00+00:00,2024-02-11 17:30:00+05:30,2024-02-12 12:00:00+00:00,settlement,True
BTC,1707825600,2024-02-13 12:00:00+00:00,1707739200,47877.9,47800.0,C-BTC-47800-130224,P-BTC-47800-130224,465.602245,381.835151,847.437396,2137.26896551724,0.0,2137.26896551724,0.001,0.1,0.0003,2137.26896551724,0.0176999700488116,-1.5220375872074918,0.1068001353728317,-1.6288377225803234,2024-02-12 12:00:00+00:00,2024-02-12 17:30:00+05:30,2024-02-13 12:00:00+00:00,settlement,False
BTC,1707912000,2024-02-14 12:00:00+00:00,1707825600,49917.5,50000.0,C-BTC-50000-140224,P-BTC-50000-140224,530.968163,570.387659,1101.355822,1401.84827586208,0.0,1401.84827586208,0.001,0.1,0.0003,1401.84827586208,0.0220635212500626,-0.2728386665413932,0.09097833236822896,-0.36381699890962216,2024-02-13 12:00:00+00:00,2024-02-13 17:30:00+05:30,2024-02-14 12:00:00+00:00,settlement,False
BTC,1707998400,2024-02-15 12:00:00+00:00,1707912000,51682.7,51600.0,C-BTC-51600-150224,P-BTC-51600-150224,642.321174,589.238512,1231.559686,689.30689655173,0.0,689.30689655173,0.001,0.1,0.0003,689.30689655173,0.0238292443312752,0.4402976125415898,0.08622278237256298,0.3540748301690268,2024-02-14 12:00:00+00:00,2024-02-14 17:30:00+05:30,2024-02-15 12:00:00+00:00,settlement,True
BTC,1708084800,2024-02-16 12:00:00+00:00,1707998400,52463.4,52500.0,C-BTC-52500-160224,P-BTC-52500-160224,602.506474,596.492293,1198.998767,0.0,219.94827586208,219.94827586208,0.001,0.1,0.0003,219.94827586208,0.0228540042582066,0.8165567122204722,0.08875850775216017,0.727798204468312,2024-02-15 12:00:00+00:00,2024-02-15 17:30:00+05:30,2024-02-16 12:00:00+00:00,settlement,True
BTC,1708171200,2024-02-17 12:00:00+00:00,1708084800,52132.2,52200.0,C-BTC-52200-170224,P-BTC-52200-170224,458.919223,537.348629,996.267852,0.0,470.379310344826,470.379310344826,0.001,0.1,0.0003,470.379310344826,0.0191104126048776,0.5278585880287683,0.10089573143588698,0.4269628565928813,2024-02-16 12:00:00+00:00,2024-02-16 17:30:00+05:30,2024-02-17 12:00:00+00:00,settlement,True
BTC,1708257600,2024-02-18 12:00:00+00:00,1708171200,51669.4,51600.0,C-BTC-51600-180224,P-BTC-51600-180224,357.077568,290.918395,647.995963,169.351724137945,0.0,169.351724137945,0.001,0.1,0.0003,169.351724137945,0.0125411938787754,0.7386531185257631,0.13970791081672215,0.5989452077090409,2024-02-17 12:00:00+00:00,2024-02-17 17:30:00+05:30,2024-02-18 12:00:00+00:00,settlement,True
BTC,1708344000,2024-02-19 12:00:00+00:00,1708257600,51809.4,51800.0,C-BTC-51800-190224,P-BTC-51800-190224,417.28536,410.874856,828.160216,558.62068965518,0.0,558.62068965518,0.001,0.1,0.0003,558.62068965518,0.0159847482503175,0.3254678516757198,0.11538444173319234,0.21008340994252744,2024-02-18 12:00:00+00:00,2024-02-18 17:30:00+05:30,2024-02-19 12:00:00+00:00,settlement,True
BTC,1708430400,2024-02-20 12:00:00+00:00,1708344000,52253.5,52200.0,C-BTC-52200-200224,P-BTC-52200-200224,503.288469,415.882613,919.171082,112.32758620689,0.0,112.32758620689,0.001,0.1,0.0003,112.32758620689,0.0175906127245064,0.8777946908833562,0.1072974802286045,0.7704972106547516,2024-02-19 12:00:00+00:00,2024-02-19 17:30:00+05:30,2024-02-20 12:00:00+00:00,settlement,True
BTC,1708516800,2024-02-21 12:00:00+00:00,1708430400,52343.7,52400.0,C-BTC-52400-210224,P-BTC-52400-210224,527.235228,534.922216,1062.157444,0.0,1407.100000000006,1407.100000000006,0.001,0.1,0.0003,1407.100000000006,0.0202919824926399,-0.3247565207479788,0.09658125476471265,-0.4213377755126914,2024-02-20 12:00:00+00:00,2024-02-20 17:30:00+05:30,2024-02-21 12:00:00+00:00,settlement,False
BTC,1708603200,2024-02-22 12:00:00+00:00,1708516800,50955.9,51000.0,C-BTC-51000-220224,P-BTC-51000-220224,539.086677,620.353123,1159.4398,616.49310344828,0.0,616.49310344828,0.001,0.1,0.0003,616.49310344828,0.0227537890607368,0.46828364573281,0.08903139347122635,0.37925225226158366,2024-02-21 12:00:00+00:00,2024-02-21 17:30:00+05:30,2024-02-22 12:00:00+00:00,settlement,True
BTC,1708689600,2024-02-23 12:00:00+00:00,1708603200,51586.3,51500.0,C-BTC-51500-230224,P-BTC-51500-230224,631.880208,525.505656,1157.385864,0.0,288.67931034483,288.67931034483,0.001,0.1,0.0003,288.67931034483,0.0224359154271579,0.7505764332155088,0.08991309224699498,0.6606633409685139,2024-02-22 12:00:00+00:00,2024-02-22 17:30:00+05:30,2024-02-23 12:00:00+00:00,settlement,True
BTC,1708776000,2024-02-24 12:00:00+00:00,1708689600,51153.7,51200.0,C-BTC-51200-240224,P-BTC-51200-240224,449.93455,511.712895,961.647445,0.0,83.21785714286,83.21785714286,0.001,0.1,0.0003,83.21785714286,0.0187991766968958,0.9134632368904594,0.10212244751089627,0.8113407893795631,2024-02-23 12:00:00+00:00,2024-02-23 17:30:00+05:30,2024-02-24 12:00:00+00:00,settlement,True
BTC,1708862400,2024-02-25 12:00:00+00:00,1708776000,51096.4,51000.0,C-BTC-51000-250224,P-BTC-51000-250224,370.301215,272.899375,643.20059,660.017241379304,0.0,660.017241379304,0.001,0.1,0.0003,660.017241379304,0.0125879825193164,-0.0261452673407901,0.1392882400994066,-0.1654335074401967,2024-02-24 12:00:00+00:00,2024-02-24 17:30:00+05:30,2024-02-25 12:00:00+00:00,settlement,False
BTC,1708948800,2024-02-26 12:00:00+00:00,1708862400,51642.8,51600.0,C-BTC-51600-260224,P-BTC-51600-260224,382.548986,299.597758,682.146744,0.0,494.39999999999,494.39999999999,0.001,0.1,0.0003,494.39999999999,0.0132089418854128,0.2752292606413291,0.1340001082511947,0.14122915239013437,2024-02-25 12:00:00+00:00,2024-02-25 17:30:00+05:30,2024-02-26 12:00:00+00:00,settlement,True
BTC,1709035200,2024-02-27 12:00:00+00:00,1708948800,51084.5,51000.0,C-BTC-51000-270224,P-BTC-51000-270224,529.233057,439.875032,969.108089,5461.74827586205,0.0,5461.74827586205,0.001,0.1,0.0003,5461.74827586205,0.0189706875666787,-4.635850466894668,0.10144146963693336,-4.7372919365316015,2024-02-26 12:00:00+00:00,2024-02-26 17:30:00+05:30,2024-02-27 12:00:00+00:00,settlement,False
BTC,1709121600,2024-02-28 12:00:00+00:00,1709035200,56525.3,56600.0,C-BTC-56600-280224,P-BTC-56600-280224,694.772608,760.246714,1455.019322,2520.9448275862,0.0,2520.9448275862,0.001,0.1,0.0003,2520.9448275862,0.0257410278583218,-0.7325851206711328,0.08180945835549529,-0.814394579026628,2024-02-27 12:00:00+00:00,2024-02-27 17:30:00+05:30,2024-02-28 12:00:00+00:00,settlement,False
BTC,1709208000,2024-02-29 12:00:00+00:00,1709121600,59032.3,57400.0,C-BTC-57400-290224,P-BTC-57400-290224,1953.718272,288.433392,2242.151664,5624.437931034474,0.0,5624.437931034474,0.001,0.1,0.0003,5624.437931034474,0.0379817771626719,-1.5085002149232285,0.0640810359540424,-1.572581250877271,2024-02-28 12:00:00+00:00,2024-02-28 17:30:00+05:30,2024-02-29 12:00:00+00:00,settlement,False
BTC,1709294400,2024-03-01 12:00:00+00:00,1709208000,62833.6,63000.0,C-BTC-63000-010324,P-BTC-63000-010324,1121.019808,1270.684763,2391.704571,0.0,1095.375862068955,1095.375862068955,0.001,0.1,0.0003,1095.375862068955,0.0380641021841817,0.5420103823228614,0.0640004045477906,0.47800997777507076,2024-02-29 12:00:00+00:00,2024-02-29 17:30:00+05:30,2024-03-01 12:00:00+00:00,settlement,True
BTC,1709380800,2024-03-02 12:00:00+00:00,1709294400,61905.2,62000.0,C-BTC-62000-020324,P-BTC-62000-020324,789.692561,814.619617,1604.312178,0.0,107.80689655172,107.80689655172,0.001,0.1,0.0003,107.80689655172,0.025915628703243,0.9328017962899736,0.08143884423621199,0.8513629520537617,2024-03-01 12:00:00+00:00,2024-03-01 17:30:00+05:30,2024-03-02 12:00:00+00:00,settlement,True
BTC,1709467200,2024-03-03 12:00:00+00:00,1709380800,61855.2,61800.0,C-BTC-61800-030324,P-BTC-61800-030324,456.889438,384.744255,841.633693,0.0,18.03103448275,18.03103448275,0.001,0.1,0.0003,18.03103448275,0.0136065147796789,0.9785761494190204,0.13086779567937282,0.8477083537396476,2024-03-02 12:00:00+00:00,2024-03-02 17:30:00+05:30,2024-03-03 12:00:00+00:00,settlement,True
BTC,1709553600,2024-03-04 12:00:00+00:00,1709467200,61869.6,61800.0,C-BTC-61800-040324,P-BTC-61800-040324,649.077981,524.239124,1173.317105,3237.34827586207,0.0,3237.34827586207,0.001,0.1,0.0003,3237.34827586207,0.0189643557579166,-1.7591418057968815,0.10146639089012512,-1.8606081966870067,2024-03-03 12:00:00+00:00,2024-03-03 17:30:00+05:30,2024-03-04 12:00:00+00:00,settlement,False
BTC,1709640000,2024-03-05 12:00:00+00:00,1709553600,65069.0,65000.0,C-BTC-65000-050324,P-BTC-65000-050324,1129.34155,990.578156,2119.919706,1643.1827586207,0.0,1643.1827586207,0.001,0.1,0.0003,1643.1827586207,0.0325795648619158,0.2248844359670762,0.07026282726615683,0.15462160870091934,2024-03-04 12:00:00+00:00,2024-03-04 17:30:00+05:30,2024-03-05 12:00:00+00:00,settlement,True
BTC,1709726400,2024-03-06 12:00:00+00:00,1709640000,66694.4,66600.0,C-BTC-66600-060324,P-BTC-66600-060324,1187.395324,1009.474733,2196.870057,408.60344827584,0.0,408.60344827584,0.001,0.1,0.0003,408.60344827584,0.0329393480861961,0.8140065467350307,0.06978810031985429,0.7442184464151764,2024-03-05 12:00:00+00:00,2024-03-05 17:30:00+05:30,2024-03-06 12:00:00+00:00,settlement,True
BTC,1709812800,2024-03-07 12:00:00+00:00,1709726400,67500.1,67600.0,C-BTC-67600-070324,P-BTC-67600-070324,1320.786816,1407.821434,2728.60825,0.0,845.17931034483,845.17931034483,0.001,0.1,0.0003,845.17931034483,0.0404237660388651,0.690252600260653,0.06182889856028251,0.6284237017003705,2024-03-06 12:00:00+00:00,2024-03-06 17:30:00+05:30,2024-03-07 12:00:00+00:00,settlement,True
BTC,1709899200,2024-03-08 12:00:00+00:00,1709812800,67053.0,67000.0,C-BTC-67000-080324,P-BTC-67000-080324,1117.533992,1036.200241,2153.734233,506.7,0.0,506.7,0.001,0.1,0.0003,506.7,0.0321198787973692,0.7647342033960232,0.07088484879201898,0.6938493546040042,2024-03-07 12:00:00+00:00,2024-03-07 17:30:00+05:30,2024-03-08 12:00:00+00:00,settlement,True
BTC,1709985600,2024-03-09 12:00:00+00:00,1709899200,67657.8,67600.0,C-BTC-67600-090324,P-BTC-67600-090324,909.556832,858.626131,1768.182963,670.78965517241,0.0,670.78965517241,0.001,0.1,0.0003,670.78965517241,0.0261342071867545,0.6206333455253352,0.08098186172173859,0.5396514838035966,2024-03-08 12:00:00+00:00,2024-03-08 17:30:00+05:30,2024-03-09 12:00:00+00:00,settlement,True
BTC,1710072000,2024-03-10 12:00:00+00:00,1709985600,68282.7,68200.0,C-BTC-68200-100324,P-BTC-68200-100324,488.989196,388.833929,877.823125,1390.58965517241,0.0,1390.58965517241,0.001,0.1,0.0003,1390.58965517241,0.0128557178465409,-0.5841342242748617,0.13694554122164415,-0.7210797654965059,2024-03-09 12:00:00+00:00,2024-03-09 17:30:00+05:30,2024-03-10 12:00:00+00:00,settlement,False
BTC,1710158400,2024-03-11 12:00:00+00:00,1710072000,69626.7,69600.0,C-BTC-69600-110324,P-BTC-69600-110324,974.932085,879.48274,1854.414825,2231.8724137931,0.0,2231.8724137931,0.001,0.1,0.0003,2231.8724137931,0.0266336739354299,-0.2035453900090018,0.07996577815861669,-0.28351116816761845,2024-03-10 12:00:00+00:00,2024-03-10 17:30:00+05:30,2024-03-11 12:00:00+00:00,settlement,False
BTC,1710244800,2024-03-12 12:00:00+00:00,1710158400,71614.3,71600.0,C-BTC-71600-120324,P-BTC-71600-120324,1399.25004,1355.359227,2754.609267,509.0827586207,0.0,509.0827586207,0.001,0.1,0.0003,509.0827586207,0.0384645143078966,0.81518875844953,0.0636131516926317,0.7515756067568983,2024-03-11 12:00:00+00:00,2024-03-11 17:30:00+05:30,2024-03-12 12:00:00+00:00,settlement,True
BTC,1710331200,2024-03-13 12:00:00+00:00,1710244800,72105.4,72200.0,C-BTC-72200-130324,P-BTC-72200-130324,1172.437837,1180.940588,2353.378425,990.1068965517,0.0,990.1068965517,0.001,0.1,0.0003,990.1068965517,0.0326380330044629,0.5792827511148361,0.07018496746438048,0.5090977836504555,2024-03-12 12:00:00+00:00,2024-03-12 17:30:00+05:30,2024-03-13 12:00:00+00:00,settlement,True
BTC,1710417600,2024-03-14 12:00:00+00:00,1710331200,73121.0,73200.0,C-BTC-73200-140324,P-BTC-73200-140324,1072.250702,1094.92142,2167.172122,0.0,415.87586206895,415.87586206895,0.001,0.1,0.0003,415.87586206895,0.029638163072168,0.8081020617387998,0.07457624026671564,0.7335258214720842,2024-03-13 12:00:00+00:00,2024-03-13 17:30:00+05:30,2024-03-14 12:00:00+00:00,settlement,True
BTC,1710504000,2024-03-15 12:00:00+00:00,1710417600,72933.4,68500.0,C-BTC-68500-150324,P-BTC-68500-150324,4634.968423,78.072959,4713.041382,0.0,963.91034482759,963.91034482759,0.001,0.1,0.0003,963.91034482759,0.0646211664614566,0.795480186422944,0.041665574020117946,0.7538146124028261,2024-03-14 12:00:00+00:00,2024-03-14 17:30:00+05:30,2024-03-15 12:00:00+00:00,settlement,True
BTC,1710590400,2024-03-16 12:00:00+00:00,1710504000,67779.3,67600.0,C-BTC-67600-160324,P-BTC-67600-160324,1300.563283,1097.463727,2398.02701,650.5827586207,0.0,650.5827586207,0.001,0.1,0.0003,650.5827586207,0.0353799317785813,0.7287008211718599,0.06682268881867182,0.661878132353188,2024-03-15 12:00:00+00:00,2024-03-15 17:30:00+05:30,2024-03-16 12:00:00+00:00,settlement,True
BTC,1710676800,2024-03-17 12:00:00+00:00,1710590400,68086.6,68000.0,C-BTC-68000-170324,P-BTC-68000-170324,771.347828,681.121591,1452.469419,0.0,952.38275862068,952.38275862068,0.001,0.1,0.0003,952.38275862068,0.0213326766059694,0.3443009910140628,0.09317704335722057,0.2511239476568422,2024-03-16 12:00:00+00:00,2024-03-16 17:30:00+05:30,2024-03-17 12:00:00+00:00,settlement,True
BTC,1710763200,2024-03-18 12:00:00+00:00,1710676800,67124.5,67200.0,C-BTC-67200-180324,P-BTC-67200-180324,1019.30929,996.002246,2015.311536,1118.7,0.0,1118.7,0.001,0.1,0.0003,1118.7,0.0300234867447802,0.4448997189683134,0.07396307642869562,0.3709366425396178,2024-03-17 12:00:00+00:00,2024-03-17 17:30:00+05:30,2024-03-18 12:00:00+00:00,settlement,True
BTC,1710849600,2024-03-19 12:00:00+00:00,1710763200,68284.1,68200.0,C-BTC-68200-190324,P-BTC-68200-190324,1108.6181,1028.620548,2137.238648,0.0,5170.99655172415,5170.99655172415,0.001,0.1,0.0003,5170.99655172415,0.0312992138433398,-1.4194755024494343,0.0720407529175469,-1.4915162553669812,2024-03-18 12:00:00+00:00,2024-03-18 17:30:00+05:30,2024-03-19 12:00:00+00:00,settlement,False
BTC,1710936000,2024-03-20 12:00:00+00:00,1710849600,63146.7,63200.0,C-BTC-63200-200324,P-BTC-63200-200324,1174.065395,1231.389412,2405.454807,260.3724137931,0.0,260.3724137931,0.001,0.1,0.0003,260.3724137931,0.0380931197829815,0.8917575117040643,0.06397206697868342,0.8277854447253808,2024-03-19 12:00:00+00:00,2024-03-19 17:30:00+05:30,2024-03-20 12:00:00+00:00,settlement,True
BTC,1711022400,2024-03-21 12:00:00+00:00,1710936000,63202.9,63200.0,C-BTC-63200-210324,P-BTC-63200-210324,1147.979806,996.787444,2144.76725,3862.17586206897,0.0,3862.17586206897,0.001,0.1,0.0003,3862.17586206897,0.0339346335373851,-0.8007435828148581,0.0685272813168888,-0.8692708641317469,2024-03-20 12:00:00+00:00,2024-03-20 17:30:00+05:30,2024-03-21 12:00:00+00:00,settlement,False
BTC,1711108800,2024-03-22 12:00:00+00:00,1711022400,67184.7,67000.0,C-BTC-67000-220324,P-BTC-67000-220324,1137.75672,915.803133,2053.559853,0.0,2430.97931034483,2430.97931034483,0.001,0.1,0.0003,2430.97931034483,0.0305658855810921,-0.1837879021609553,0.07312615653301825,-0.25691405869397355,2024-03-21 12:00:00+00:00,2024-03-21 17:30:00+05:30,2024-03-22 12:00:00+00:00,settlement,False
BTC,1711195200,2024-03-23 12:00:00+00:00,1711108800,63958.0,64000.0,C-BTC-64000-230324,P-BTC-64000-230324,1112.106436,844.555332,1956.661768,547.5448275862,0.0,547.5448275862,0.001,0.1,0.0003,547.5448275862,0.0305929167266018,0.720163782754404,0.07308522388546,0.6470785588689439,2024-03-22 12:00:00+00:00,2024-03-22 17:30:00+05:30,2024-03-23 12:00:00+00:00,settlement,True
BTC,1711281600,2024-03-24 12:00:00+00:00,1711195200,64580.4,64600.0,C-BTC-64600-240324,P-BTC-64600-240324,535.927955,468.450364,1004.378319,565.90000000001,0.0,565.90000000001,0.001,0.1,0.0003,565.90000000001,0.0155523706728357,0.4365668898912084,0.11784721265891841,0.31871967723229,2024-03-23 12:00:00+00:00,2024-03-23 17:30:00+05:30,2024-03-24 12:00:00+00:00,settlement,True
BTC,1711368000,2024-03-25 12:00:00+00:00,1711281600,65461.1,65400.0,C-BTC-65400-250324,P-BTC-65400-250324,787.757969,690.522945,1478.280914,1424.32413793103,0.0,1424.32413793103,0.001,0.1,0.0003,1424.32413793103,0.0225825859021617,0.0364996771303576,0.08950318227216184,-0.053003505141804234,2024-03-24 12:00:00+00:00,2024-03-24 17:30:00+05:30,2024-03-25 12:00:00+00:00,settlement,True
BTC,1711540800,2024-03-27 12:00:00+00:00,1711454400,70598.1,70600.0,C-BTC-70600-270324,P-BTC-70600-270324,955.544435,906.627888,1862.172323,0.0,389.51724137932,389.51724137932,0.001,0.1,0.0003,389.51724137932,0.0263770883777325,0.7908264253698072,0.08048295316458745,0.7103434722052198,2024-03-26 12:00:00+00:00,2024-03-26 17:30:00+05:30,2024-03-27 12:00:00+00:00,settlement,True
BTC,1711627200,2024-03-28 12:00:00+00:00,1711540800,70327.1,70400.0,C-BTC-70400-280324,P-BTC-70400-280324,875.820408,920.004508,1795.824916,266.0275862069,0.0,266.0275862069,0.001,0.1,0.0003,266.0275862069,0.0255353187604778,0.8518632947807369,0.08225260716273522,0.7696106876180017,2024-03-27 12:00:00+00:00,2024-03-27 17:30:00+05:30,2024-03-28 12:00:00+00:00,settlement,True
BTC,1711713600,2024-03-29 12:00:00+00:00,1711627200,70788.2,71000.0,C-BTC-71000-290324,P-BTC-71000-290324,810.367431,982.924462,1793.291893,0.0,806.64137931033,806.64137931033,0.001,0.1,0.0003,806.64137931033,0.0253332037401713,0.5501895801464319,0.08269502277418703,0.4674945573722449,2024-03-28 12:00:00+00:00,2024-03-28 17:30:00+05:30,2024-03-29 12:00:00+00:00,settlement,True
BTC,1711800000,2024-03-30 12:00:00+00:00,1711713600,70261.8,70200.0,C-BTC-70200-300324,P-BTC-70200-300324,726.862585,601.600766,1328.463351,0.0,60.4103448276,60.4103448276,0.001,0.1,0.0003,60.4103448276,0.0189073344406206,0.9545261487401016,0.10169157207468946,0.8528345766654121,2024-03-29 12:00:00+00:00,2024-03-29 17:30:00+05:30,2024-03-30 12:00:00+00:00,settlement,True
BTC,1711886400,2024-03-31 12:00:00+00:00,1711800000,70178.0,70200.0,C-BTC-70200-310324,P-BTC-70200-310324,398.820586,480.175676,878.996262,166.9551724138,0.0,166.9551724138,0.001,0.1,0.0003,166.9551724138,0.0125252395622559,0.810061567231329,0.13985172990599132,0.6702098373253378,2024-03-30 12:00:00+00:00,2024-03-30 17:30:00+05:30,2024-03-31 12:00:00+00:00,settlement,True
BTC,1711972800,2024-04-01 12:00:00+00:00,1711886400,70430.5,70400.0,C-BTC-70400-010424,P-BTC-70400-010424,537.154959,456.054495,993.209454,0.0,911.35172413793,911.35172413793,0.001,0.1,0.0003,911.35172413793,0.0141019793129397,0.0824173889328181,0.1272114364783322,-0.044794047545514096,2024-03-31 12:00:00+00:00,2024-03-31 17:30:00+05:30,2024-04-01 12:00:00+00:00,settlement,True
BTC,1712059200,2024-04-02 12:00:00+00:00,1711972800,69465.0,69400.0,C-BTC-69400-020424,P-BTC-69400-020424,858.0151,736.685538,1594.7006379999998,0.0,4035.37241379311,4035.37241379311,0.001,0.1,0.0003,4035.37241379311,0.0229568939465918,-1.5304889943820985,0.08848081811477898,-1.6189698124968774,2024-04-01 12:00:00+00:00,2024-04-01 17:30:00+05:30,2024-04-02 12:00:00+00:00,settlement,False
BTC,1712145600,2024-04-03 12:00:00+00:00,1712059200,65597.2,65600.0,C-BTC-65600-030424,P-BTC-65600-030424,1000.616222,1008.636871,2009.253093,384.42413793103,0.0,384.42413793103,0.001,0.1,0.0003,384.42413793103,0.0306301655101132,0.8086731137703268,0.07302893727206519,0.7356441764982616,2024-04-02 12:00:00+00:00,2024-04-02 17:30:00+05:30,2024-04-03 12:00:00+00:00,settlement,True
BTC,1712232000,2024-04-04 12:00:00+00:00,1712145600,65972.0,66000.0,C-BTC-66000-040424,P-BTC-66000-040424,892.200809,878.710655,1770.911464,356.31379310344,0.0,356.31379310344,0.001,0.1,0.0003,356.31379310344,0.0268433799793851,0.7987963823450408,0.07955043608842999,0.7192459462566108,2024-04-03 12:00:00+00:00,2024-04-03 17:30:00+05:30,2024-04-04 12:00:00+00:00,settlement,True
BTC,1712318400,2024-04-05 12:00:00+00:00,1712232000,66381.8,66500.0,C-BTC-66500-050424,P-BTC-66500-050424,628.196513,728.430508,1356.627021,142.29655172414,0.0,142.29655172414,0.001,0.1,0.0003,142.29655172414,0.0204367314685651,0.8951100416537111,0.09608700913734786,0.7990230325163632,2024-04-04 12:00:00+00:00,2024-04-04 17:30:00+05:30,2024-04-05 12:00:00+00:00,settlement,True
BTC,1712404800,2024-04-06 12:00:00+00:00,1712318400,66307.7,66400.0,C-BTC-66400-060424,P-BTC-66400-060424,954.96052461,881.88225737,1836.84278198,1306.83333333334,0.0,1306.83333333334,0.001,0.1,0.0003,1306.83333333334,0.027701802083016,0.2885437196074796,0.0779158081252826,0.210627911482197,2024-04-05 12:00:00+00:00,2024-04-05 17:30:00+05:30,2024-04-06 12:00:00+00:00,settlement,True
BTC,1712491200,2024-04-07 12:00:00+00:00,1712404800,67692.3,67600.0,C-BTC-67600-070424,P-BTC-67600-070424,476.23623037,374.0171906,850.25342097,1734.29999999999,0.0,1734.29999999999,0.001,0.1,0.0003,1734.29999999999,0.0125605633280299,-1.0397448069323114,0.13953379728440043,-1.1792786042167118,2024-04-06 12:00:00+00:00,2024-04-06 17:30:00+05:30,2024-04-07 12:00:00+00:00,settlement,False
BTC,1712577600,2024-04-08 12:00:00+00:00,1712491200,69364.3,69400.0,C-BTC-69400-080424,P-BTC-69400-080424,665.4622532,666.57059862,1332.03285182,2935.86551724139,0.0,2935.86551724139,0.001,0.1,0.0003,2935.86551724139,0.0192034353668962,-1.2040488815497463,0.10053680661539167,-1.304585688165138,2024-04-07 12:00:00+00:00,2024-04-07 17:30:00+05:30,2024-04-08 12:00:00+00:00,settlement,False
BTC,1712664000,2024-04-09 12:00:00+00:00,1712577600,72458.7,72400.0,C-BTC-72400-090424,P-BTC-72400-090424,1127.53510547,1055.86681988,2183.40192535,0.0,1660.85517241378,1660.85517241378,0.001,0.1,0.0003,1660.85517241378,0.030133054075632,0.2393268719191293,0.0737915859323761,0.1655352859867532,2024-04-08 12:00:00+00:00,2024-04-08 17:30:00+05:30,2024-04-09 12:00:00+00:00,settlement,True
BTC,1712750400,2024-04-10 12:00:00+00:00,1712664000,70869.5,70800.0,C-BTC-70800-100424,P-BTC-70800-100424,900.824049,767.43797121,1668.26202021,0.0,1772.95862068966,1772.95862068966,0.001,0.1,0.0003,1772.95862068966,0.0235399151992041,-0.0627578876767097,0.08695314787743465,-0.14971103555414433,2024-04-09 12:00:00+00:00,2024-04-09 17:30:00+05:30,2024-04-10 12:00:00+00:00,settlement,False
BTC,1712836800,2024-04-11 12:00:00+00:00,1712750400,69008.3,69000.0,C-BTC-69000-110424,P-BTC-69000-110424,1013.7683311,983.16023922,1996.92857032,1255.2103448276,0.0,1255.2103448276,0.001,0.1,0.0003,1255.2103448276,0.0289375128835227,0.371429522576034,0.07573302357046321,0.2956964990055708,2024-04-10 12:00:00+00:00,2024-04-10 17:30:00+05:30,2024-04-11 12:00:00+00:00,settlement,True
BTC,1712923200,2024-04-12 12:00:00+00:00,1712836800,70083.0,70000.0,C-BTC-70000-120424,P-BTC-70000-120424,848.09471016,727.24489818,1575.3396083399998,879.06896551723,0.0,879.06896551723,0.001,0.1,0.0003,879.06896551723,0.0224781988262488,0.4419812966909775,0.08979437116582795,0.3521869255251496,2024-04-11 12:00:00+00:00,2024-04-11 17:30:00+05:30,2024-04-12 12:00:00+00:00,settlement,True
BTC,1713009600,2024-04-13 12:00:00+00:00,1712923200,70866.1,70800.0,C-BTC-70800-130424,P-BTC-70800-130424,731.7156228,615.49309377,1347.20871657,0.0,3350.76206896552,3350.76206896552,0.001,0.1,0.0003,3350.76206896552,0.0190106230845213,-1.4871885311851134,0.1012846706867236,-1.588473201871837,2024-04-12 12:00:00+00:00,2024-04-12 17:30:00+05:30,2024-04-13 12:00:00+00:00,settlement,False
BTC,1713096000,2024-04-14 12:00:00+00:00,1713009600,67419.2,67400.0,C-BTC-67400-140424,P-BTC-67400-140424,433.07632417,412.95755345,846.03387762,0.0,3346.42758620688,3346.42758620688,0.001,0.1,0.0003,3346.42758620688,0.0125488566702067,-2.955429770283907,0.1396389651116061,-3.095068735395513,2024-04-13 12:00:00+00:00,2024-04-13 17:30:00+05:30,2024-04-14 12:00:00+00:00,settlement,False
BTC,1713182400,2024-04-15 12:00:00+00:00,1713096000,64300.9,64400.0,C-BTC-64400-150424,P-BTC-64400-150424,990.15030773,1049.26436391,2039.41467164,1643.49655172414,0.0,1643.49655172414,0.001,0.1,0.0003,1643.49655172414,0.031716736027645,0.1941332115638265,0.07144519926532737,0.12268801229849914,2024-04-14 12:00:00+00:00,2024-04-14 17:30:00+05:30,2024-04-15 12:00:00+00:00,settlement,True
BTC,1713268800,2024-04-16 12:00:00+00:00,1713182400,65967.3,66000.0,C-BTC-66000-160424,P-BTC-66000-160424,1027.12176702,969.53463967,1996.65640669,0.0,3301.05862068965,3301.05862068965,0.001,0.1,0.0003,3301.05862068965,0.0302673659023485,-0.6532932805209338,0.07358306016349198,-0.7268763406844259,2024-04-15 12:00:00+00:00,2024-04-15 17:30:00+05:30,2024-04-16 12:00:00+00:00,settlement,False
BTC,1713355200,2024-04-17 12:00:00+00:00,1713268800,62896.7,62800.0,C-BTC-62800-170424,P-BTC-62800-170424,1199.49271611,1035.06344849,2234.5561646,102.410344827586,0.0,102.410344827586,0.001,0.1,0.0003,102.410344827586,0.0355273991258682,0.954169715467448,0.06665656239521847,0.8875131530722296,2024-04-16 12:00:00+00:00,2024-04-16 17:30:00+05:30,2024-04-17 12:00:00+00:00,settlement,True
BTC,1713441600,2024-04-18 12:00:00+00:00,1713355200,62741.1,62800.0,C-BTC-62800-180424,P-BTC-62800-180424,847.70865373,852.27852051,1699.98717424,0.0,75.43103448275,75.43103448275,0.001,0.1,0.0003,75.43103448275,0.0270952720663169,0.9556284684815506,0.07906003992631157,0.876568428555239,2024-04-17 12:00:00+00:00,2024-04-17 17:30:00+05:30,2024-04-18 12:00:00+00:00,settlement,True
BTC,1713528000,2024-04-19 12:00:00+00:00,1713441600,62585.0,62600.0,C-BTC-62600-190424,P-BTC-62600-190424,942.71859497,925.98819492,1868.70678989,2448.355172413794,0.0,2448.355172413794,0.001,0.1,0.0003,2448.355172413794,0.029858700805145,-0.3101869087541095,0.07422336276587115,-0.38441027151998064,2024-04-18 12:00:00+00:00,2024-04-18 17:30:00+05:30,2024-04-19 12:00:00+00:00,settlement,False
BTC,1713614400,2024-04-20 12:00:00+00:00,1713528000,65061.2,65000.0,C-BTC-65000-200424,P-BTC-65000-200424,1016.97155664,1019.67184663,2036.64340327,0.0,1261.31379310344,1261.31379310344,0.001,0.1,0.0003,1261.31379310344,0.0313035019838244,0.3806899179904071,0.07203455556926805,0.308655362421139,2024-04-19 12:00:00+00:00,2024-04-19 17:30:00+05:30,2024-04-20 12:00:00+00:00,settlement,True
BTC,1713700800,2024-04-21 12:00:00+00:00,1713614400,63790.0,63800.0,C-BTC-63800-210424,P-BTC-63800-210424,504.12398238,467.74904798,971.87303036,1438.66551724138,0.0,1438.66551724138,0.001,0.1,0.0003,1438.66551724138,0.0152355076087161,-0.4803019245306882,0.11974078256965451,-0.6000427071003427,2024-04-20 12:00:00+00:00,2024-04-20 17:30:00+05:30,2024-04-21 12:00:00+00:00,settlement,False
BTC,1713787200,2024-04-22 12:00:00+00:00,1713700800,65272.0,65200.0,C-BTC-65200-220424,P-BTC-65200-220424,724.75372225,610.9345112,1335.68823345,657.41379310346,0.0,657.41379310346,0.001,0.1,0.0003,657.41379310346,0.0204634182107182,0.5078089507418952,0.09599665059957259,0.4118123001423227,2024-04-21 12:00:00+00:00,2024-04-21 17:30:00+05:30,2024-04-22 12:00:00+00:00,settlement,True
BTC,1713873600,2024-04-23 12:00:00+00:00,1713787200,65925.4,66000.0,C-BTC-66000-230424,P-BTC-66000-230424,728.79319573,785.35330767,1514.1465034,0.0,20.15517241378,20.15517241378,0.001,0.1,0.0003,20.15517241378,0.0229675740063769,0.9866887567560194,0.08845213616409162,0.8982366205919278,2024-04-22 12:00:00+00:00,2024-04-22 17:30:00+05:30,2024-04-23 12:00:00+00:00,settlement,True
BTC,1713960000,2024-04-24 12:00:00+00:00,1713873600,66081.2,66000.0,C-BTC-66000-240424,P-BTC-66000-240424,761.74765044,624.18799065,1385.93564109,531.7551724138,0.0,531.7551724138,0.001,0.1,0.0003,531.7551724138,0.0209732214470984,0.6163204432814865,0.09431466404775407,0.5220057792337325,2024-04-23 12:00:00+00:00,2024-04-23 17:30:00+05:30,2024-04-24 12:00:00+00:00,settlement,True
BTC,1714046400,2024-04-25 12:00:00+00:00,1713960000,66609.0,66600.0,C-BTC-66600-250424,P-BTC-66600-250424,664.20347214,644.72725001,1308.93072215,0.0,2723.66551724138,2723.66551724138,0.001,0.1,0.0003,2723.66551724138,0.0196509589117086,-1.0808324467834247,0.09885755232414152,-1.1796899991075662,2024-04-24 12:00:00+00:00,2024-04-24 17:30:00+05:30,2024-04-25 12:00:00+00:00,settlement,False
BTC,1714132800,2024-04-26 12:00:00+00:00,1714046400,63756.8,64000.0,C-BTC-64000-260424,P-BTC-64000-260424,603.74712214,850.21500385,1453.96212599,190.337931034475,0.0,190.337931034475,0.001,0.1,0.0003,190.337931034475,0.0228048165213749,0.8690901725484258,0.08889214613381263,0.7801980264146131,2024-04-25 12:00:00+00:00,2024-04-25 17:30:00+05:30,2024-04-26 12:00:00+00:00,settlement,True
BTC,1714219200,2024-04-27 12:00:00+00:00,1714132800,64305.4,64400.0,C-BTC-64400-270424,P-BTC-64400-270424,549.84275055,606.74012284,1156.58287339,0.0,1515.803448275845,1515.803448275845,0.001,0.1,0.0003,1515.803448275845,0.0179857814956442,-0.3105878386673255,0.10552885592115778,-0.41611669458848327,2024-04-26 12:00:00+00:00,2024-04-26 17:30:00+05:30,2024-04-27 12:00:00+00:00,settlement,False
BTC,1714305600,2024-04-28 12:00:00+00:00,1714219200,62867.1,62800.0,C-BTC-62800-280424,P-BTC-62800-280424,445.06336303,343.69346988,788.75683291,672.97586206897,0.0,672.97586206897,0.001,0.1,0.0003,672.97586206897,0.0125464166934692,0.1467891826862196,0.13966090958042762,0.007128273105791977,2024-04-27 12:00:00+00:00,2024-04-27 17:30:00+05:30,2024-04-28 12:00:00+00:00,settlement,True
BTC,1714392000,2024-04-29 12:00:00+00:00,1714305600,63533.2,63600.0,C-BTC-63600-290424,P-BTC-63600-290424,423.97237462,452.73310143,876.70547605,0.0,1315.868965517235,1315.868965517235,0.001,0.1,0.0003,1315.868965517235,0.0137991707650488,-0.500924770592158,0.12941486172680097,-0.630339632318959,2024-04-28 12:00:00+00:00,2024-04-28 17:30:00+05:30,2024-04-29 12:00:00+00:00,settlement,False
BTC,1714478400,2024-04-30 12:00:00+00:00,1714392000,62328.3,62400.0,C-BTC-62400-300424,P-BTC-62400-300424,540.70890773,599.74634365,1140.45525138,0.0,1177.12413793104,1177.12413793104,0.001,0.1,0.0003,1177.12413793104,0.0182975510543364,-0.0321528499313489,0.10418740533063912,-0.136340255261988,2024-04-29 12:00:00+00:00,2024-04-29 17:30:00+05:30,2024-04-30 12:00:00+00:00,settlement,False
BTC,1714564800,2024-05-01 12:00:00+00:00,1714478400,61243.4,61200.0,C-BTC-61200-010524,P-BTC-61200-010524,742.01032923,741.27892499,1483.28925422,0.0,3534.16896551724,3534.16896551724,0.001,0.1,0.0003,3534.16896551724,0.0242195771988491,-1.3826566230844246,0.08526509988073955,-1.4679217229651642,2024-04-30 12:00:00+00:00,2024-04-30 17:30:00+05:30,2024-05-01 12:00:00+00:00,settlement,False
BTC,1714651200,2024-05-02 12:00:00+00:00,1714564800,57797.6,57800.0,C-BTC-57800-020524,P-BTC-57800-020524,942.8034242,953.0723674,1895.8757916,599.27931034483,0.0,599.27931034483,0.001,0.1,0.0003,599.27931034483,0.0328019812518166,0.6839037066668402,0.06996812417913253,0.6139355824877076,2024-05-01 12:00:00+00:00,2024-05-01 17:30:00+05:30,2024-05-02 12:00:00+00:00,settlement,True
BTC,1714737600,2024-05-03 12:00:00+00:00,1714651200,58507.0,58600.0,C-BTC-58600-030524,P-BTC-58600-030524,761.00986647,746.85717602,1507.86704249,575.61379310344,0.0,575.61379310344,0.001,0.1,0.0003,575.61379310344,0.0257724211203787,0.6182595833165062,0.08174245159917634,0.5365171317173298,2024-05-02 12:00:00+00:00,2024-05-02 17:30:00+05:30,2024-05-03 12:00:00+00:00,settlement,True
BTC,1714824000,2024-05-04 12:00:00+00:00,1714737600,59208.0,59200.0,C-BTC-59200-040524,P-BTC-59200-040524,612.47993117,609.67538357,1222.15531474,4850.81379310345,0.0,4850.81379310345,0.001,0.1,0.0003,4850.81379310345,0.0206417260292528,-2.9690649253817685,0.0953989145478091,-3.0644638399295774,2024-05-03 12:00:00+00:00,2024-05-03 17:30:00+05:30,2024-05-04 12:00:00+00:00,settlement,False
BTC,1714910400,2024-05-05 12:00:00+00:00,1714824000,63860.8,63800.0,C-BTC-63800-050524,P-BTC-63800-050524,525.44776906,470.39991665,995.84768571,62.73793103447,0.0,62.73793103447,0.001,0.1,0.0003,62.73793103447,0.0155940371199546,0.9370004751381832,0.11760393929472177,0.8193965358434614,2024-05-04 12:00:00+00:00,2024-05-04 17:30:00+05:30,2024-05-05 12:00:00+00:00,settlement,True
BTC,1714996800,2024-05-06 12:00:00+00:00,1714910400,63839.7,63800.0,C-BTC-63800-060524,P-BTC-63800-060524,533.60237291,511.23343161,1044.83580452,352.11379310344,0.0,352.11379310344,0.001,0.1,0.0003,352.11379310344,0.016366552545203,0.6629960501160257,0.11331791488092101,0.5496781352351047,2024-05-05 12:00:00+00:00,2024-05-05 17:30:00+05:30,2024-05-06 12:00:00+00:00,settlement,True
BTC,1715083200,2024-05-07 12:00:00+00:00,1714996800,64288.2,64200.0,C-BTC-64200-070524,P-BTC-64200-070524,824.68975927,716.08275738,1540.77251665,0.0,499.06206896551,499.06206896551,0.001,0.1,0.0003,499.06206896551,0.023966645770919,0.6760962026694325,0.08588210992621094,0.5902140927432216,2024-05-06 12:00:00+00:00,2024-05-06 17:30:00+05:30,2024-05-07 12:00:00+00:00,settlement,True
BTC,1715169600,2024-05-08 12:00:00+00:00,1715083200,63519.6,63600.0,C-BTC-63600-080524,P-BTC-63600-080524,637.46896909,674.08816057,1311.55712966,0.0,1296.55517241379,1296.55517241379,0.001,0.1,0.0003,1296.55517241379,0.0206480697243055,0.0114382796654074,0.09537783894119538,-0.08393955927578797,2024-05-07 12:00:00+00:00,2024-05-07 17:30:00+05:30,2024-05-08 12:00:00+00:00,settlement,True
BTC,1715256000,2024-05-09 12:00:00+00:00,1715169600,62354.5,62400.0,C-BTC-62400-090524,P-BTC-62400-090524,503.56186129,545.08143281,1048.6432941,0.0,1333.62068965517,1333.62068965517,0.001,0.1,0.0003,1333.62068965517,0.0168174437145675,-0.2717581823662472,0.11099828982531038,-0.3827564721915576,2024-05-08 12:00:00+00:00,2024-05-08 17:30:00+05:30,2024-05-09 12:00:00+00:00,settlement,False
BTC,1715342400,2024-05-10 12:00:00+00:00,1715256000,61162.4,61000.0,C-BTC-61000-100524,P-BTC-61000-100524,677.76676623,557.86478535,1235.6315515800002,2101.61034482758,0.0,2101.61034482758,0.001,0.1,0.0003,2101.61034482758,0.0202024700073901,-0.7008390099299859,0.09689043941072652,-0.7977294493407124,2024-05-09 12:00:00+00:00,2024-05-09 17:30:00+05:30,2024-05-10 12:00:00+00:00,settlement,False
BTC,1715428800,2024-05-11 12:00:00+00:00,1715342400,63450.2,63400.0,C-BTC-63400-110524,P-BTC-63400-110524,554.8864377,488.45759519,1043.34403289,0.0,2677.35517241379,2677.35517241379,0.001,0.1,0.0003,2677.35517241379,0.0164435105466964,-1.5661288012523324,0.1129129985582353,-1.6790417998105678,2024-05-10 12:00:00+00:00,2024-05-10 17:30:00+05:30,2024-05-11 12:00:00+00:00,settlement,False
BTC,1715515200,2024-05-12 12:00:00+00:00,1715428800,60724.2,60800.0,C-BTC-60800-120524,P-BTC-60800-120524,348.5450094,412.67333986,761.21834926,354.85517241379,0.0,354.85517241379,0.001,0.1,0.0003,354.85517241379,0.0125356669871319,0.5338326082670578,0.1397576911586389,0.3940749171084189,2024-05-11 12:00:00+00:00,2024-05-11 17:30:00+05:30,2024-05-12 12:00:00+00:00,settlement,True
BTC,1715601600,2024-05-13 12:00:00+00:00,1715515200,61132.8,61200.0,C-BTC-61200-130524,P-BTC-61200-130524,470.99494803,512.14720689,983.14215492,1475.320689655164,0.0,1475.320689655164,0.001,0.1,0.0003,1475.320689655164,0.0160820730429491,-0.5006178732873208,0.11484835024803086,-0.6154662235353516,2024-05-12 12:00:00+00:00,2024-05-12 17:30:00+05:30,2024-05-13 12:00:00+00:00,settlement,False
BTC,1715688000,2024-05-14 12:00:00+00:00,1715601600,62800.0,62800.0,C-BTC-62800-140524,P-BTC-62800-140524,673.9887016,647.9896794,1321.978381,0.0,980.94482758619,980.94482758619,0.001,0.1,0.0003,980.94482758619,0.0210506111624203,0.2579721108266822,0.09406645554727873,0.16390565527940348,2024-05-13 12:00:00+00:00,2024-05-13 17:30:00+05:30,2024-05-14 12:00:00+00:00,settlement,True
BTC,1715774400,2024-05-15 12:00:00+00:00,1715688000,61761.2,61800.0,C-BTC-61800-150524,P-BTC-61800-150524,618.5191782,625.92861389,1244.44779209,615.27931034483,0.0,615.27931034483,0.001,0.1,0.0003,615.27931034483,0.020149346063386,0.505580455640093,0.09707523352596797,0.40850522211412504,2024-05-14 12:00:00+00:00,2024-05-14 17:30:00+05:30,2024-05-15 12:00:00+00:00,settlement,True
BTC,1715860800,2024-05-16 12:00:00+00:00,1715774400,62456.0,62400.0,C-BTC-62400-160524,P-BTC-62400-160524,1014.50828712,948.31193716,1962.82022428,3805.37931034483,0.0,3805.37931034483,0.001,0.1,0.0003,3805.37931034483,0.0314272483713334,-0.9387304365791912,0.07185644220801761,-1.0105868787872088,2024-05-15 12:00:00+00:00,2024-05-15 17:30:00+05:30,2024-05-16 12:00:00+00:00,settlement,False
BTC,1715947200,2024-05-17 12:00:00+00:00,1715860800,66452.0,66500.0,C-BTC-66500-170524,P-BTC-66500-170524,652.39247826,828.76682073,1481.15929899,0.0,206.53448275861,206.53448275861,0.001,0.1,0.0003,206.53448275861,0.0222891605819237,0.8605588994381324,0.09032863737490217,0.7702302620632302,2024-05-16 12:00:00+00:00,2024-05-16 17:30:00+05:30,2024-05-17 12:00:00+00:00,settlement,True
BTC,1716033600,2024-05-18 12:00:00+00:00,1715947200,66222.0,66200.0,C-BTC-66200-180524,P-BTC-66200-180524,699.7325139,631.66147108,1331.39398498,984.8103448276,0.0,984.8103448276,0.001,0.1,0.0003,984.8103448276,0.0201050101926852,0.2603163631970338,0.09723020552733577,0.163086157669698,2024-05-17 12:00:00+00:00,2024-05-17 17:30:00+05:30,2024-05-18 12:00:00+00:00,settlement,True
BTC,1716120000,2024-05-19 12:00:00+00:00,1716033600,67134.6,67200.0,C-BTC-67200-190524,P-BTC-67200-190524,395.51365321,445.61365321,841.12730642,33.81379310346,0.0,33.81379310346,0.001,0.1,0.0003,33.81379310346,0.0125289687645416,0.9597994348235132,0.1398180804670398,0.8199813543564733,2024-05-18 12:00:00+00:00,2024-05-18 17:30:00+05:30,2024-05-19 12:00:00+00:00,settlement,True
BTC,1716206400,2024-05-20 12:00:00+00:00,1716120000,67245.9,67200.0,C-BTC-67200-200524,P-BTC-67200-200524,458.78853841,406.78068057,865.56921898,0.0,121.57586206897,121.57586206897,0.001,0.1,0.0003,121.57586206897,0.01287170249755,0.859542299560702,0.13680875760370606,0.722733541956996,2024-05-19 12:00:00+00:00,2024-05-19 17:30:00+05:30,2024-05-20 12:00:00+00:00,settlement,True
BTC,1716292800,2024-05-21 12:00:00+00:00,1716206400,67062.7,67000.0,C-BTC-67000-210524,P-BTC-67000-210524,647.03546651,564.91069963,1211.94616614,4299.01379310346,0.0,4299.01379310346,0.001,0.1,0.0003,4299.01379310346,0.0180718367459109,-2.547198640675308,0.10515396146550492,-2.6523526021408133,2024-05-20 12:00:00+00:00,2024-05-20 17:30:00+05:30,2024-05-21 12:00:00+00:00,settlement,False
BTC,1716379200,2024-05-22 12:00:00+00:00,1716292800,71077.3,71000.0,C-BTC-71000-220524,P-BTC-71000-220524,856.98366386,639.49272062,1496.47638448,0.0,1015.78620689656,1015.78620689656,0.001,0.1,0.0003,1015.78620689656,0.0210542097755542,0.3212146764016404,0.09405495827652006,0.22715971812512037,2024-05-21 12:00:00+00:00,2024-05-21 17:30:00+05:30,2024-05-22 12:00:00+00:00,settlement,True
BTC,1716465600,2024-05-23 12:00:00+00:00,1716379200,69870.0,69800.0,C-BTC-69800-230524,P-BTC-69800-230524,776.01559627,700.10306887,1476.1186651399998,160.64827586204,0.0,160.64827586204,0.001,0.1,0.0003,160.64827586204,0.0211266446992986,0.8911684543689422,0.09382436757726155,0.7973440867916807,2024-05-22 12:00:00+00:00,2024-05-22 17:30:00+05:30,2024-05-23 12:00:00+00:00,settlement,True
BTC,1716552000,2024-05-24 12:00:00+00:00,1716465600,69989.6,70000.0,C-BTC-70000-240524,P-BTC-70000-240524,976.39997385,977.49157693,1953.89155078,0.0,2658.17931034483,2658.17931034483,0.001,0.1,0.0003,2658.17931034483,0.0279168840910649,-0.360453864127554,0.07752199301974402,-0.43797585714729803,2024-05-23 12:00:00+00:00,2024-05-23 17:30:00+05:30,2024-05-24 12:00:00+00:00,settlement,False
BTC,1716638400,2024-05-25 12:00:00+00:00,1716552000,67388.0,67400.0,C-BTC-67400-250524,P-BTC-67400-250524,556.13585906,568.45396318,1124.58982224,1964.03793103449,0.0,1964.03793103449,0.001,0.1,0.0003,1964.03793103449,0.0166882801424586,-0.7464482535707514,0.11164996583904348,-0.8580982194097949,2024-05-24 12:00:00+00:00,2024-05-24 17:30:00+05:30,2024-05-25 12:00:00+00:00,settlement,False
BTC,1716724800,2024-05-26 12:00:00+00:00,1716638400,69076.7,69000.0,C-BTC-69000-260524,P-BTC-69000-260524,441.69005477,421.58754914,863.27760391,106.36551724137,0.0,106.36551724137,0.001,0.1,0.0003,106.36551724137,0.012497377609382,0.8767887447101443,0.14010377013950348,0.7366849745706409,2024-05-25 12:00:00+00:00,2024-05-25 17:30:00+05:30,2024-05-26 12:00:00+00:00,settlement,True
BTC,1716811200,2024-05-27 12:00:00+00:00,1716724800,69109.7,69200.0,C-BTC-69200-270524,P-BTC-69200-270524,398.43400914,468.42899622,866.86300536,0.0,791.80689655173,791.80689655173,0.001,0.1,0.0003,791.80689655173,0.0125432899485889,0.0865835874229053,0.13968904313013095,-0.05310545570722565,2024-05-26 12:00:00+00:00,2024-05-26 17:30:00+05:30,2024-05-27 12:00:00+00:00,settlement,True
BTC,1716897600,2024-05-28 12:00:00+00:00,1716811200,68429.2,68400.0,C-BTC-68400-280524,P-BTC-68400-280524,478.58144145,451.15702375,929.7384652,0.0,0.59999999999,0.59999999999,0.001,0.1,0.0003,0.59999999999,0.0135868673782537,0.9993546572262544,0.13101828377204586,0.8683363734542086,2024-05-27 12:00:00+00:00,2024-05-27 17:30:00+05:30,2024-05-28 12:00:00+00:00,settlement,True
BTC,1716984000,2024-05-29 12:00:00+00:00,1716897600,68289.1,68200.0,C-BTC-68200-290524,P-BTC-68200-290524,743.66661924,607.24315068,1350.90976992,0.0,351.34827586207,351.34827586207,0.001,0.1,0.0003,351.34827586207,0.0197822166336941,0.7399172885670398,0.09837944057635055,0.6415378479906892,2024-05-28 12:00:00+00:00,2024-05-28 17:30:00+05:30,2024-05-29 12:00:00+00:00,settlement,True
BTC,1717070400,2024-05-30 12:00:00+00:00,1716984000,67784.0,67800.0,C-BTC-67800-300524,P-BTC-67800-300524,570.68025212,553.66242779,1124.34267991,135.1172413793,0.0,135.1172413793,0.001,0.1,0.0003,135.1172413793,0.0165871397366635,0.8798255693805773,0.11216734014907541,0.767658229231502,2024-05-29 12:00:00+00:00,2024-05-29 17:30:00+05:30,2024-05-30 12:00:00+00:00,settlement,True
BTC,1717156800,2024-05-31 12:00:00+00:00,1717070400,67922.0,68000.0,C-BTC-68000-310524,P-BTC-68000-310524,553.37165398,662.05426359,1215.42591757,384.6448275862,0.0,384.6448275862,0.001,0.1,0.0003,384.6448275862,0.0178944365238067,0.6835308330801271,0.10593073977580444,0.5776000933043226,2024-05-30 12:00:00+00:00,2024-05-30 17:30:00+05:30,2024-05-31 12:00:00+00:00,settlement,True
BTC,1717243200,2024-06-01 12:00:00+00:00,1717156800,68402.6,68400.0,C-BTC-68400-010624,P-BTC-68400-010624,668.55426544,622.26209916,1290.8163646,0.0,724.86206896552,724.86206896552,0.001,0.1,0.0003,724.86206896552,0.0188708669641212,0.4384467931732944,0.10183629815695319,0.3366104950163412,2024-05-31 12:00:00+00:00,2024-05-31 17:30:00+05:30,2024-06-01 12:00:00+00:00,settlement,True
BTC,1717329600,2024-06-02 12:00:00+00:00,1717243200,67659.3,67600.0,C-BTC-67600-020624,P-BTC-67600-020624,466.97676329,382.10961736,849.08638065,264.23793103448,0.0,264.23793103448,0.001,0.1,0.0003,264.23793103448,0.0125494408107976,0.6887973508276056,0.13963371278038644,0.5491636380472191,2024-06-01 12:00:00+00:00,2024-06-01 17:30:00+05:30,2024-06-02 12:00:00+00:00,settlement,True
BTC,1717416000,2024-06-03 12:00:00+00:00,1717329600,68072.0,68000.0,C-BTC-68000-030624,P-BTC-68000-030624,473.17010674,381.16507567,854.33518241,1108.50689655173,0.0,1108.50689655173,0.001,0.1,0.0003,1108.50689655173,0.0125504639559583,-0.29750819043263,0.13962451429436967,-0.43713270472699967,2024-06-02 12:00:00+00:00,2024-06-02 17:30:00+05:30,2024-06-03 12:00:00+00:00,settlement,False
BTC,1717502400,2024-06-04 12:00:00+00:00,1717416000,69117.3,69200.0,C-BTC-69200-040624,P-BTC-69200-040624,578.18786489,622.92175486,1201.10961975,0.0,258.86206896552,258.86206896552,0.001,0.1,0.0003,258.86206896552,0.0173778434595969,0.7844808960739157,0.10828306798206372,0.6761978280918519,2024-06-03 12:00:00+00:00,2024-06-03 17:30:00+05:30,2024-06-04 12:00:00+00:00,settlement,True
BTC,1717588800,2024-06-05 12:00:00+00:00,1717502400,68999.9,69000.0,C-BTC-69000-050624,P-BTC-69000-050624,467.19357376,459.17969206,926.37326582,1962.31724137932,0.0,1962.31724137932,0.001,0.1,0.0003,1962.31724137932,0.0134257189622013,-1.1182792226223532,0.13226921203896705,-1.2505484346613203,2024-06-04 12:00:00+00:00,2024-06-04 17:30:00+05:30,2024-06-05 12:00:00+00:00,settlement,False
BTC,1717675200,2024-06-06 12:00:00+00:00,1717588800,70902.7,71000.0,C-BTC-71000-060624,P-BTC-71000-060624,623.49339764,715.84962798,1339.34302562,77.8275862069,0.0,77.8275862069,0.001,0.1,0.0003,77.8275862069,0.0188898733845114,0.9418912222498994,0.10176079889879167,0.8401304233511078,2024-06-05 12:00:00+00:00,2024-06-05 17:30:00+05:30,2024-06-06 12:00:00+00:00,settlement,True
BTC,1717761600,2024-06-07 12:00:00+00:00,1717675200,71198.4,71200.0,C-BTC-71200-070624,P-BTC-71200-070624,613.67958609,589.37100785,1203.05059394,375.49310344827,0.0,375.49310344827,0.001,0.1,0.0003,375.49310344827,0.0168971577161846,0.687882533502995,0.1106010761208502,0.5772814573821448,2024-06-06 12:00:00+00:00,2024-06-06 17:30:00+05:30,2024-06-07 12:00:00+00:00,settlement,True
BTC,1717848000,2024-06-08 12:00:00+00:00,1717761600,71899.4,71800.0,C-BTC-71800-080624,P-BTC-71800-080624,959.28792184,799.52069836,1758.8086202,0.0,2396.32068965517,2396.32068965517,0.001,0.1,0.0003,2396.32068965517,0.0244620764596088,-0.3624681287851981,0.08468551934003081,-0.4471536481252289,2024-06-07 12:00:00+00:00,2024-06-07 17:30:00+05:30,2024-06-08 12:00:00+00:00,settlement,False
BTC,1717934400,2024-06-09 12:00:00+00:00,1717848000,69317.7,69400.0,C-BTC-69400-090624,P-BTC-69400-090624,380.36735546,491.84876143,872.21611689,0.0,32.57586206897,32.57586206897,0.001,0.1,0.0003,32.57586206897,0.0125828773443146,0.962651616453588,0.13933387927521948,0.8233177371783685,2024-06-08 12:00:00+00:00,2024-06-08 17:30:00+05:30,2024-06-09 12:00:00+00:00,settlement,True
BTC,1718020800,2024-06-10 12:00:00+00:00,1717934400,69380.7,69400.0,C-BTC-69400-100624,P-BTC-69400-100624,422.23740043,445.72875343,867.96615386,57.70344827588,0.0,57.70344827588,0.001,0.1,0.0003,57.70344827588,0.012510195974673,0.9335187806353248,0.13998767530634182,0.793531105328983,2024-06-09 12:00:00+00:00,2024-06-09 17:30:00+05:30,2024-06-10 12:00:00+00:00,settlement,True
BTC,1718107200,2024-06-11 12:00:00+00:00,1718020800,69399.5,69400.0,C-BTC-69400-110624,P-BTC-69400-110624,494.92668035,461.43422273,956.36090308,0.0,2483.37241379313,2483.37241379313,0.001,0.1,0.0003,2483.37241379313,0.013780515754148,-1.5966896030518665,0.129553773898032,-1.7262433769498984,2024-06-10 12:00:00+00:00,2024-06-10 17:30:00+05:30,2024-06-11 12:00:00+00:00,settlement,False
BTC,1718193600,2024-06-12 12:00:00+00:00,1718107200,66849.6,66800.0,C-BTC-66800-120624,P-BTC-66800-120624,784.99376694,723.92803302,1508.92179996,984.36206896552,0.0,984.36206896552,0.001,0.1,0.0003,984.36206896552,0.0225718897339699,0.3476387782378023,0.0895328955036035,0.2581058827341988,2024-06-11 12:00:00+00:00,2024-06-11 17:30:00+05:30,2024-06-12 12:00:00+00:00,settlement,True
BTC,1718280000,2024-06-13 12:00:00+00:00,1718193600,67788.5,67800.0,C-BTC-67800-130624,P-BTC-67800-130624,891.32192193,871.26305876,1762.58498069,9.15862068966,0.0,9.15862068966,0.001,0.1,0.0003,9.15862068966,0.0260012388633765,0.994803870003434,0.08125894356958796,0.913544926433846,2024-06-12 12:00:00+00:00,2024-06-12 17:30:00+05:30,2024-06-13 12:00:00+00:00,settlement,True
BTC,1718366400,2024-06-14 12:00:00+00:00,1718280000,67812.7,67800.0,C-BTC-67800-140624,P-BTC-67800-140624,686.78937801,677.07602937,1363.86540738,0.0,745.65172413793,745.65172413793,0.001,0.1,0.0003,745.65172413793,0.0201122416211122,0.4532805655872341,0.09720488209497208,0.35607568349226204,2024-06-13 12:00:00+00:00,2024-06-13 17:30:00+05:30,2024-06-14 12:00:00+00:00,settlement,True
BTC,1718452800,2024-06-15 12:00:00+00:00,1718366400,67037.0,67000.0,C-BTC-67000-150624,P-BTC-67000-150624,532.61297653,462.28684325,994.89981978,0.0,686.37586206896,686.37586206896,0.001,0.1,0.0003,686.37586206896,0.0148410552348702,0.3101055519130188,0.12221100532211414,0.18789454659090465,2024-06-14 12:00:00+00:00,2024-06-14 17:30:00+05:30,2024-06-15 12:00:00+00:00,settlement,True
BTC,1718539200,2024-06-16 12:00:00+00:00,1718452800,66317.4,66400.0,C-BTC-66400-160624,P-BTC-66400-160624,380.01468679,452.00747423,832.02216102,140.44482758621,0.0,140.44482758621,0.001,0.1,0.0003,140.44482758621,0.0125460612300844,0.8312006168032416,0.13966410723108455,0.6915365095721571,2024-06-15 12:00:00+00:00,2024-06-15 17:30:00+05:30,2024-06-16 12:00:00+00:00,settlement,True
BTC,1718625600,2024-06-17 12:00:00+00:00,1718539200,66520.5,66600.0,C-BTC-66600-170624,P-BTC-66600-170624,378.12675516,450.48145271,828.60820787,0.0,756.61724137931,756.61724137931,0.001,0.1,0.0003,756.61724137931,0.0124564338492645,0.0868817926336358,0.14047619473880218,-0.05359440210516639,2024-06-16 12:00:00+00:00,2024-06-16 17:30:00+05:30,2024-06-17 12:00:00+00:00,settlement,True
BTC,1718712000,2024-06-18 12:00:00+00:00,1718625600,65811.1,65800.0,C-BTC-65800-180624,P-BTC-65800-180624,543.02838756,541.24502145,1084.27340901,0.0,507.72068965517,507.72068965517,0.001,0.1,0.0003,507.72068965517,0.0164755399774506,0.5317410853792437,0.11274558976142941,0.4189954956178143,2024-06-17 12:00:00+00:00,2024-06-17 17:30:00+05:30,2024-06-18 12:00:00+00:00,settlement,True
BTC,1718798400,2024-06-19 12:00:00+00:00,1718712000,65257.4,65200.0,C-BTC-65200-190624,P-BTC-65200-190624,634.75251628,534.93300175,1169.68551803,0.0,9.34827586207,9.34827586207,0.001,0.1,0.0003,9.34827586207,0.0179241820549087,0.9920078724426592,0.1057994207636501,0.8862084516790091,2024-06-18 12:00:00+00:00,2024-06-18 17:30:00+05:30,2024-06-19 12:00:00+00:00,settlement,True
BTC,1718884800,2024-06-20 12:00:00+00:00,1718798400,65260.6,65200.0,C-BTC-65200-200624,P-BTC-65200-200624,561.41239863,482.22163989,1043.63403852,1042.15862068965,0.0,1042.15862068965,0.001,0.1,0.0003,1042.15862068965,0.0159917934943901,0.0014137310358738,0.1153454155280784,-0.11393168449220459,2024-06-19 12:00:00+00:00,2024-06-19 17:30:00+05:30,2024-06-20 12:00:00+00:00,settlement,True
BTC,1718971200,2024-06-21 12:00:00+00:00,1718884800,66149.3,66200.0,C-BTC-66200-210624,P-BTC-66200-210624,555.55755434,596.48007265,1152.03762699,0.0,2397.69655172415,2397.69655172415,0.001,0.1,0.0003,2397.69655172415,0.0174157190928702,-1.0812658332946643,0.1081058589455369,-1.1893716922402011,2024-06-20 12:00:00+00:00,2024-06-20 17:30:00+05:30,2024-06-21 12:00:00+00:00,settlement,False
BTC,1719057600,2024-06-22 12:00:00+00:00,1718971200,63864.8,63800.0,C-BTC-63800-220624,P-BTC-63800-220624,577.09631783,484.93138031,1062.02769814,477.36896551724,0.0,477.36896551724,0.001,0.1,0.0003,477.36896551724,0.0166293122054715,0.5505117556224869,0.11195084583799515,0.43856090978449175,2024-06-21 12:00:00+00:00,2024-06-21 17:30:00+05:30,2024-06-22 12:00:00+00:00,settlement,True
BTC,1719144000,2024-06-23 12:00:00+00:00,1719057600,64278.3,64200.0,C-BTC-64200-230624,P-BTC-64200-230624,441.56265205,364.25334839,805.8160004399999,108.865517241386,0.0,108.865517241386,0.001,0.1,0.0003,108.865517241386,0.0125363614227507,0.8649002784978926,0.1397514340126051,0.7251488444852876,2024-06-22 12:00:00+00:00,2024-06-22 17:30:00+05:30,2024-06-23 12:00:00+00:00,settlement,True
BTC,1719230400,2024-06-24 12:00:00+00:00,1719144000,64345.4,64400.0,C-BTC-64400-240624,P-BTC-64400-240624,375.85762563,430.4529572,806.3105828299999,0.0,3261.36896551726,3261.36896551726,0.001,0.1,0.0003,3261.36896551726,0.0125309747523521,-3.044804861757442,0.1397999882678087,-3.1846048500252504,2024-06-23 12:00:00+00:00,2024-06-23 17:30:00+05:30,2024-06-24 12:00:00+00:00,settlement,False
BTC,1719316800,2024-06-25 12:00:00+00:00,1719230400,61232.4,61200.0,C-BTC-61200-250624,P-BTC-61200-250624,640.75197646,610.22326427,1250.97524073,4.78275862068,0.0,4.78275862068,0.001,0.1,0.0003,4.78275862068,0.0204299560482685,0.9961767759545032,0.09610998758169162,0.9000667883728115,2024-06-24 12:00:00+00:00,2024-06-24 17:30:00+05:30,2024-06-25 12:00:00+00:00,settlement,True
BTC,1719403200,2024-06-26 12:00:00+00:00,1719316800,61149.7,61200.0,C-BTC-61200-260624,P-BTC-61200-260624,580.39478829,563.12431318,1143.51910147,178.14137931034,0.0,178.14137931034,0.001,0.1,0.0003,178.14137931034,0.0187003223477793,0.8442165250398194,0.10252061987306613,0.7416959051667532,2024-06-25 12:00:00+00:00,2024-06-25 17:30:00+05:30,2024-06-26 12:00:00+00:00,settlement,True
BTC,1719489600,2024-06-27 12:00:00+00:00,1719403200,61517.1,61600.0,C-BTC-61600-270624,P-BTC-61600-270624,467.93182125,504.96803281,972.89985406,0.0,362.441379310345,362.441379310345,0.001,0.1,0.0003,362.441379310345,0.0158151124493839,0.6274628084300312,0.11633461472574948,0.5111281937042818,2024-06-26 12:00:00+00:00,2024-06-26 17:30:00+05:30,2024-06-27 12:00:00+00:00,settlement,True
BTC,1719576000,2024-06-28 12:00:00+00:00,1719489600,61265.4,61500.0,C-BTC-61500-280624,P-BTC-61500-280624,471.82014886,705.85048212,1177.6706309800002,188.48965517242,0.0,188.48965517242,0.001,0.1,0.0003,188.48965517242,0.0192224425365704,0.8399470529246635,0.1004638955900678,0.7394831573345957,2024-06-27 12:00:00+00:00,2024-06-27 17:30:00+05:30,2024-06-28 12:00:00+00:00,settlement,True
BTC,1719662400,2024-06-29 12:00:00+00:00,1719576000,61715.1,61800.0,C-BTC-61800-290624,P-BTC-61800-290624,436.67485233,494.21241058,930.88726291,0.0,653.78620689654,653.78620689654,0.001,0.1,0.0003,653.78620689654,0.0150836223697279,0.2976741298911194,0.12067665411471946,0.17699747577639996,2024-06-28 12:00:00+00:00,2024-06-28 17:30:00+05:30,2024-06-29 12:00:00+00:00,settlement,True
BTC,1719748800,2024-06-30 12:00:00+00:00,1719662400,61094.0,61000.0,C-BTC-61000-300624,P-BTC-61000-300624,431.74070953,335.64070953,767.38141906,567.94827586208,0.0,567.94827586208,0.001,0.1,0.0003,567.94827586208,0.0125606674806036,0.259887897002008,0.13953286250007055,0.12035503450193744,2024-06-29 12:00:00+00:00,2024-06-29 17:30:00+05:30,2024-06-30 12:00:00+00:00,settlement,True
BTC,1719835200,2024-07-01 12:00:00+00:00,1719748800,61599.8,61600.0,C-BTC-61600-010724,P-BTC-61600-010724,389.46469047,381.01982096,770.48451143,1083.81724137931,0.0,1083.81724137931,0.001,0.1,0.0003,1083.81724137931,0.0125079060553768,-0.4066697322283251,0.1400083974512505,-0.5466781296795755,2024-06-30 12:00:00+00:00,2024-06-30 17:30:00+05:30,2024-07-01 12:00:00+00:00,settlement,False
BTC,1719921600,2024-07-02 12:00:00+00:00,1719835200,62707.8,62800.0,C-BTC-62800-020724,P-BTC-62800-020724,463.34135502,490.36368119,953.70503621,2.4,0.0,2.4,0.001,0.1,0.0003,2.4,0.0152087146449086,0.9974834986616644,0.11990451494821304,0.8775789837134513,2024-07-01 12:00:00+00:00,2024-07-01 17:30:00+05:30,2024-07-02 12:00:00+00:00,settlement,True
BTC,1720008000,2024-07-03 12:00:00+00:00,1719921600,62801.7,62800.0,C-BTC-62800-030724,P-BTC-62800-030724,423.48548662,412.72919671,836.2146833300001,0.0,2520.45862068965,2520.45862068965,0.001,0.1,0.0003,2520.45862068965,0.0133151599929619,-2.01412863339424,0.13314494822055897,-2.147273581614799,2024-07-02 12:00:00+00:00,2024-07-02 17:30:00+05:30,2024-07-03 12:00:00+00:00,settlement,False
BTC,1720094400,2024-07-04 12:00:00+00:00,1720008000,60280.8,60200.0,C-BTC-60200-040724,P-BTC-60200-040724,590.01130859,484.9762882,1074.98759679,0.0,2446.79310344828,2446.79310344828,0.001,0.1,0.0003,2446.79310344828,0.0178330014994824,-1.2761128693527275,0.10620334665710073,-1.3823162160098281,2024-07-03 12:00:00+00:00,2024-07-03 17:30:00+05:30,2024-07-04 12:00:00+00:00,settlement,False
BTC,1720180800,2024-07-05 12:00:00+00:00,1720094400,57719.3,58000.0,C-BTC-58000-050724,P-BTC-58000-050724,501.76649869,814.2903518,1316.05685049,0.0,2611.51724137931,2611.51724137931,0.001,0.1,0.0003,2611.51724137931,0.02280098425466,-0.9843498709094356,0.08890258224754483,-1.0732524531569805,2024-07-04 12:00:00+00:00,2024-07-04 17:30:00+05:30,2024-07-05 12:00:00+00:00,settlement,False
BTC,1720267200,2024-07-06 12:00:00+00:00,1720180800,55332.3,55400.0,C-BTC-55400-060724,P-BTC-55400-060724,646.79675992,830.71971069,1477.51647061,1315.01724137931,0.0,1315.01724137931,0.001,0.1,0.0003,1315.01724137931,0.0267026035536205,0.1099813318247486,0.07982853697979596,0.030152794844952646,2024-07-05 12:00:00+00:00,2024-07-05 17:30:00+05:30,2024-07-06 12:00:00+00:00,settlement,True
BTC,1720353600,2024-07-07 12:00:00+00:00,1720267200,56723.2,56800.0,C-BTC-56800-070724,P-BTC-56800-070724,323.31175723,387.81898533,711.13074256,626.10344827585,0.0,626.10344827585,0.001,0.1,0.0003,626.10344827585,0.0125368586849825,0.1195663317522459,0.13974695390450395,-0.02018062215225805,2024-07-06 12:00:00+00:00,2024-07-06 17:30:00+05:30,2024-07-07 12:00:00+00:00,settlement,True
BTC,1720440000,2024-07-08 12:00:00+00:00,1720353600,57429.1,57400.0,C-BTC-57400-080724,P-BTC-57400-080724,568.84409944,529.31996213,1098.16406157,0.0,227.45172413793,227.45172413793,0.001,0.1,0.0003,227.45172413793,0.0191220837793035,0.7928800148378999,0.10085050706516538,0.6920295077727345,2024-07-07 12:00:00+00:00,2024-07-07 17:30:00+05:30,2024-07-08 12:00:00+00:00,settlement,True
BTC,1720526400,2024-07-09 12:00:00+00:00,1720440000,57109.7,57200.0,C-BTC-57200-090724,P-BTC-57200-090724,665.13691223,730.74014164,1395.87705387,268.503448275864,0.0,268.503448275864,0.001,0.1,0.0003,268.503448275864,0.0244420309311728,0.8076453456044346,0.08473299272009617,0.7229123528843384,2024-07-08 12:00:00+00:00,2024-07-08 17:30:00+05:30,2024-07-09 12:00:00+00:00,settlement,True
BTC,1720612800,2024-07-10 12:00:00+00:00,1720526400,57433.6,57400.0,C-BTC-57400-100724,P-BTC-57400-100724,744.53694398,696.50713539,1441.04407937,1103.048275862064,0.0,1103.048275862064,0.001,0.1,0.0003,1103.048275862064,0.0250906103634457,0.2345492468597504,0.08323545451819513,0.1513137923415553,2024-07-09 12:00:00+00:00,2024-07-09 17:30:00+05:30,2024-07-10 12:00:00+00:00,settlement,True
BTC,1720699200,2024-07-11 12:00:00+00:00,1720612800,58443.2,58400.0,C-BTC-58400-110724,P-BTC-58400-110724,656.51914253,591.46217331,1247.98131584,272.35862068966,0.0,272.35862068966,0.001,0.1,0.0003,272.35862068966,0.0213537471568976,0.7817606584067014,0.09311154661502148,0.6886491117916799,2024-07-10 12:00:00+00:00,2024-07-10 17:30:00+05:30,2024-07-11 12:00:00+00:00,settlement,True
BTC,1720785600,2024-07-12 12:00:00+00:00,1720699200,58614.6,58600.0,C-BTC-58600-120724,P-BTC-58600-120724,754.21761671,732.92547528,1487.14309199,0.0,1406.81724137932,1406.81724137932,0.001,0.1,0.0003,1406.81724137932,0.0253715472252646,0.0540135317464259,0.08261054980320488,-0.028597018056778986,2024-07-11 12:00:00+00:00,2024-07-11 17:30:00+05:30,2024-07-12 12:00:00+00:00,settlement,True
BTC,1720872000,2024-07-13 12:00:00+00:00,1720785600,57291.2,57200.0,C-BTC-57200-130724,P-BTC-57200-130724,583.13579696,503.24349956,1086.37929652,1347.03103448275,0.0,1347.03103448275,0.001,0.1,0.0003,1347.03103448275,0.0189624112694445,-0.239927011493772,0.10147404750796124,-0.34140105900173323,2024-07-12 12:00:00+00:00,2024-07-12 17:30:00+05:30,2024-07-13 12:00:00+00:00,settlement,False
BTC,1720958400,2024-07-14 12:00:00+00:00,1720872000,58514.8,58600.0,C-BTC-58600-140724,P-BTC-58600-140724,317.49625844,419.28991905,736.78617749,1463.0448275862,0.0,1463.0448275862,0.001,0.1,0.0003,1463.0448275862,0.0125914499834229,-0.9857115568730348,0.13925726281438627,-1.124968819687421,2024-07-13 12:00:00+00:00,2024-07-13 17:30:00+05:30,2024-07-14 12:00:00+00:00,settlement,False
BTC,1721044800,2024-07-15 12:00:00+00:00,1720958400,60097.5,60000.0,C-BTC-60000-150724,P-BTC-60000-150724,630.27714224,516.88725435,1147.16439659,2465.29310344827,0.0,2465.29310344827,0.001,0.1,0.0003,2465.29310344827,0.0190883879793668,-1.149032092328239,0.10098122481220474,-1.250013317140444,2024-07-14 12:00:00+00:00,2024-07-14 17:30:00+05:30,2024-07-15 12:00:00+00:00,settlement,False
BTC,1721131200,2024-07-16 12:00:00+00:00,1721044800,62552.6,62600.0,C-BTC-62600-160724,P-BTC-62600-160724,619.80033932,640.25853815,1260.05887747,1116.66206896554,0.0,1116.66206896554,0.001,0.1,0.0003,1116.66206896554,0.0201439888584966,0.1138016731348128,0.09709392291401782,0.016707750220794987,2024-07-15 12:00:00+00:00,2024-07-15 17:30:00+05:30,2024-07-16 12:00:00+00:00,settlement,True
BTC,1721217600,2024-07-17 12:00:00+00:00,1721131200,63801.7,63800.0,C-BTC-63800-170724,P-BTC-63800-170724,744.10430596,717.38187708,1461.48618304,920.531034482745,0.0,920.531034482745,0.001,0.1,0.0003,920.531034482745,0.0229066965776774,0.3701404466459122,0.08861598447416,0.2815244621717522,2024-07-16 12:00:00+00:00,2024-07-16 17:30:00+05:30,2024-07-17 12:00:00+00:00,settlement,True
BTC,1721304000,2024-07-18 12:00:00+00:00,1721217600,64828.0,64800.0,C-BTC-64800-180724,P-BTC-64800-180724,663.27167401,741.86660446,1405.13827847,0.0,97.47931034483,97.47931034483,0.001,0.1,0.0003,97.47931034483,0.0216748670091627,0.9306265355955065,0.09212912056168135,0.8384974150338251,2024-07-17 12:00:00+00:00,2024-07-17 17:30:00+05:30,2024-07-18 12:00:00+00:00,settlement,True
BTC,1721390400,2024-07-19 12:00:00+00:00,1721304000,64816.9,64800.0,C-BTC-64800-190724,P-BTC-64800-190724,663.2169134,615.41450001,1278.6314134099998,0.0,792.299999999996,792.299999999996,0.001,0.1,0.0003,792.299999999996,0.0197268214525841,0.3803530934008573,0.09858044386945626,0.2817726495314011,2024-07-18 12:00:00+00:00,2024-07-18 17:30:00+05:30,2024-07-19 12:00:00+00:00,settlement,True
BTC,1721476800,2024-07-20 12:00:00+00:00,1721390400,64144.0,64200.0,C-BTC-64200-200724,P-BTC-64200-200724,540.55454128,549.22725294,1089.78179422,2326.24827586208,0.0,2326.24827586208,0.001,0.1,0.0003,2326.24827586208,0.0169896139034048,-1.134600053148317,0.11014503703561053,-1.2447450901839274,2024-07-19 12:00:00+00:00,2024-07-19 17:30:00+05:30,2024-07-20 12:00:00+00:00,settlement,False
BTC,1721563200,2024-07-21 12:00:00+00:00,1721476800,66526.5,66600.0,C-BTC-66600-210724,P-BTC-66600-210724,378.92677924,455.41073322,834.33751246,224.3,0.0,224.3,0.001,0.1,0.0003,224.3,0.0125414310456735,0.7311639514581296,0.13970577565217193,0.5914581758059577,2024-07-20 12:00:00+00:00,2024-07-20 17:30:00+05:30,2024-07-21 12:00:00+00:00,settlement,True
BTC,1721649600,2024-07-22 12:00:00+00:00,1721563200,66947.0,67000.0,C-BTC-67000-220724,P-BTC-67000-220724,564.81453312,589.09280974,1153.90734286,464.6379310345,0.0,464.6379310345,0.001,0.1,0.0003,464.6379310345,0.0172361322069696,0.5973351466133506,0.10895300178699133,0.48838214482635933,2024-07-21 12:00:00+00:00,2024-07-21 17:30:00+05:30,2024-07-22 12:00:00+00:00,settlement,True
BTC,1721736000,2024-07-23 12:00:00+00:00,1721649600,67434.5,67400.0,C-BTC-67400-230724,P-BTC-67400-230724,716.99250715,680.89749493,1397.8900020800002,0.0,697.90689655172,697.90689655172,0.001,0.1,0.0003,697.90689655172,0.0207295968989167,0.5007426224429214,0.09510813000874108,0.40563449243418037,2024-07-22 12:00:00+00:00,2024-07-22 17:30:00+05:30,2024-07-23 12:00:00+00:00,settlement,True
BTC,1721822400,2024-07-24 12:00:00+00:00,1721736000,66749.0,66800.0,C-BTC-66800-240724,P-BTC-66800-240724,687.10169577,730.47079405,1417.57248982,0.0,395.63448275863,395.63448275863,0.001,0.1,0.0003,395.63448275863,0.0212373592086772,0.720907053713446,0.09347495643344596,0.62743209728,2024-07-23 12:00:00+00:00,2024-07-23 17:30:00+05:30,2024-07-24 12:00:00+00:00,settlement,True
BTC,1721908800,2024-07-25 12:00:00+00:00,1721822400,66447.5,66400.0,C-BTC-66400-250724,P-BTC-66400-250724,551.70636067,486.51323785,1038.21959852,0.0,2218.67586206896,2218.67586206896,0.001,0.1,0.0003,2218.67586206896,0.0156246600477068,-1.1370005586792244,0.11742597174444253,-1.254426530423667,2024-07-24 12:00:00+00:00,2024-07-24 17:30:00+05:30,2024-07-25 12:00:00+00:00,settlement,False
BTC,1721995200,2024-07-26 12:00:00+00:00,1721908800,64136.1,64000.0,C-BTC-64000-260724,P-BTC-64000-260724,677.72270508,570.54362162,1248.2663266999998,3258.73793103448,0.0,3258.73793103448,0.001,0.1,0.0003,3258.73793103448,0.0194627725524314,-1.610611102239293,0.0995542798018826,-1.7101653820411757,2024-07-25 12:00:00+00:00,2024-07-25 17:30:00+05:30,2024-07-26 12:00:00+00:00,settlement,False
BTC,1722081600,2024-07-27 12:00:00+00:00,1721995200,67352.0,67400.0,C-BTC-67400-270724,P-BTC-67400-270724,715.74786038,764.44309377,1480.19095415,774.48620689656,0.0,774.48620689656,0.001,0.1,0.0003,774.48620689656,0.0219769413551193,0.47676601811061,0.09123116797370681,0.38553485013690314,2024-07-26 12:00:00+00:00,2024-07-26 17:30:00+05:30,2024-07-27 12:00:00+00:00,settlement,True
BTC,1722168000,2024-07-28 12:00:00+00:00,1722081600,68360.7,68400.0,C-BTC-68400-280724,P-BTC-68400-280724,979.95553003,962.26796693,1942.22349696,0.0,555.48620689654,555.48620689654,0.001,0.1,0.0003,555.48620689654,0.0284114044613352,0.7139947036136696,0.07663914124791044,0.6373555623657592,2024-07-27 12:00:00+00:00,2024-07-27 17:30:00+05:30,2024-07-28 12:00:00+00:00,settlement,True
BTC,1722254400,2024-07-29 12:00:00+00:00,1722168000,67769.8,67800.0,C-BTC-67800-290724,P-BTC-67800-290724,540.40162347,540.84036798,1081.24199145,1888.4724137931,0.0,1888.4724137931,0.001,0.1,0.0003,1888.4724137931,0.0159546286317799,-0.7465770185826424,0.11555167405523167,-0.8621286926378741,2024-07-28 12:00:00+00:00,2024-07-28 17:30:00+05:30,2024-07-29 12:00:00+00:00,settlement,False
BTC,1722340800,2024-07-30 12:00:00+00:00,1722254400,69600.9,69600.0,C-BTC-69600-300724,P-BTC-69600-300724,703.70122588,688.438398,1392.13962388,0.0,2959.0172413793,2959.0172413793,0.001,0.1,0.0003,2959.0172413793,0.0200017474469439,-1.1255175778506263,0.0975938145782533,-1.2231113924288797,2024-07-29 12:00:00+00:00,2024-07-29 17:30:00+05:30,2024-07-30 12:00:00+00:00,settlement,False
BTC,1722427200,2024-07-31 12:00:00+00:00,1722340800,66459.5,66400.0,C-BTC-66400-310724,P-BTC-66400-310724,674.22655277,507.30786768,1181.53442045,0.0,304.51724137933,304.51724137933,0.001,0.1,0.0003,304.51724137933,0.0177782622567127,0.7422696824495799,0.10644782944212364,0.6358218530074563,2024-07-30 12:00:00+00:00,2024-07-30 17:30:00+05:30,2024-07-31 12:00:00+00:00,settlement,True
BTC,1722513600,2024-08-01 12:00:00+00:00,1722427200,66105.0,66200.0,C-BTC-66200-010824,P-BTC-66200-010824,643.2275924,714.96963359,1358.19722599,0.0,1608.855172413794,1608.855172413794,0.001,0.1,0.0003,1608.855172413794,0.020546058936389,-0.1845519499136715,0.09571832659411511,-0.2802702765077866,2024-07-31 12:00:00+00:00,2024-07-31 17:30:00+05:30,2024-08-01 12:00:00+00:00,settlement,False
BTC,1722600000,2024-08-02 12:00:00+00:00,1722513600,64725.1,64500.0,C-BTC-64500-020824,P-BTC-64500-020824,767.9593098,526.10248969,1294.06179949,222.02413793104,0.0,222.02413793104,0.001,0.1,0.0003,222.02413793104,0.0199931989211295,0.8284284892587498,0.09762408400906375,0.730804405249686,2024-08-01 12:00:00+00:00,2024-08-01 17:30:00+05:30,2024-08-02 12:00:00+00:00,settlement,True
BTC,1722686400,2024-08-03 12:00:00+00:00,1722600000,64714.6,64800.0,C-BTC-64800-030824,P-BTC-64800-030824,579.59815832,637.59079723,1217.1889555500002,0.0,2868.9724137931,2868.9724137931,0.001,0.1,0.0003,2868.9724137931,0.0188085680132458,-1.3570476882093654,0.10208483821856017,-1.4591325264279256,2024-08-02 12:00:00+00:00,2024-08-02 17:30:00+05:30,2024-08-03 12:00:00+00:00,settlement,False
BTC,1722772800,2024-08-04 12:00:00+00:00,1722686400,61854.6,61800.0,C-BTC-61800-040824,P-BTC-61800-040824,524.76618666,409.19788561,933.96407227,0.0,917.9448275862,917.9448275862,0.001,0.1,0.0003,917.9448275862,0.0150993470537356,0.017151885344867,0.12057888957454424,-0.10342700422967724,2024-08-03 12:00:00+00:00,2024-08-03 17:30:00+05:30,2024-08-04 12:00:00+00:00,settlement,True
BTC,1722859200,2024-08-05 12:00:00+00:00,1722772800,60930.0,61000.0,C-BTC-61000-050824,P-BTC-61000-050824,619.35549723,653.23440508,1272.58990231,0.0,9844.45517241379,9844.45517241379,0.001,0.1,0.0003,9844.45517241379,0.0208860971985885,-6.7357640152135225,0.09459629466129706,-6.83036030987482,2024-08-04 12:00:00+00:00,2024-08-04 17:30:00+05:30,2024-08-05 12:00:00+00:00,settlement,False
BTC,1722945600,2024-08-06 12:00:00+00:00,1722859200,51295.6,52400.0,C-BTC-52400-060824,P-BTC-52400-060824,818.80553883,1688.7106221,2507.51616093,2831.73793103448,0.0,2831.73793103448,0.001,0.1,0.0003,2831.73793103448,0.0488836500777844,-0.1292999722818261,0.05576674036711329,-0.1850667126489394,2024-08-05 12:00:00+00:00,2024-08-05 17:30:00+05:30,2024-08-06 12:00:00+00:00,settlement,False
BTC,1723032000,2024-08-07 12:00:00+00:00,1722945600,55173.5,55200.0,C-BTC-55200-070824,P-BTC-55200-070824,1065.9219906,966.17522301,2032.09721361,1816.36206896552,0.0,1816.36206896552,0.001,0.1,0.0003,1816.36206896552,0.0368310368856425,0.1061637913774945,0.06524583589640898,0.040917955481085524,2024-08-06 12:00:00+00:00,2024-08-06 17:30:00+05:30,2024-08-07 12:00:00+00:00,settlement,True
BTC,1723118400,2024-08-08 12:00:00+00:00,1723032000,56919.3,56800.0,C-BTC-56800-080824,P-BTC-56800-080824,842.13863216,739.41692831,1581.55556047,643.88620689655,0.0,643.88620689655,0.001,0.1,0.0003,643.88620689655,0.0277859278042772,0.592877908946049,0.07776104797990675,0.5151168609661422,2024-08-07 12:00:00+00:00,2024-08-07 17:30:00+05:30,2024-08-08 12:00:00+00:00,settlement,True
BTC,1723204800,2024-08-09 12:00:00+00:00,1723118400,57338.0,57500.0,C-BTC-57500-090824,P-BTC-57500-090824,728.2215457,869.12074188,1597.34228758,3091.88620689656,0.0,3091.88620689656,0.001,0.1,0.0003,3091.88620689656,0.0278583537545781,-0.9356441201971926,0.07762855980918473,-1.0132726800063774,2024-08-08 12:00:00+00:00,2024-08-08 17:30:00+05:30,2024-08-09 12:00:00+00:00,settlement,False
BTC,1723291200,2024-08-10 12:00:00+00:00,1723204800,60638.3,60600.0,C-BTC-60600-100824,P-BTC-60600-100824,935.79707268,934.42881086,1870.22588354,309.96551724138,0.0,309.96551724138,0.001,0.1,0.0003,309.96551724138,0.0308423205060168,0.8342630588265246,0.07271094239241051,0.7615521164341141,2024-08-09 12:00:00+00:00,2024-08-09 17:30:00+05:30,2024-08-10 12:00:00+00:00,settlement,True
BTC,1723377600,2024-08-11 12:00:00+00:00,1723291200,60896.2,60800.0,C-BTC-60800-110824,P-BTC-60800-110824,463.38275866,355.41331859,818.79607725,0.0,159.058620689655,159.058620689655,0.001,0.1,0.0003,159.058620689655,0.0134457663573424,0.8057408613584623,0.1321119593459801,0.6736289020124823,2024-08-10 12:00:00+00:00,2024-08-10 17:30:00+05:30,2024-08-11 12:00:00+00:00,settlement,True
BTC,1723464000,2024-08-12 12:00:00+00:00,1723377600,60602.4,60600.0,C-BTC-60600-120824,P-BTC-60600-120824,554.35943847,550.49341833,1104.8528568000002,0.0,854.479310344825,854.479310344825,0.001,0.1,0.0003,854.479310344825,0.0182311733000673,0.2266125709991241,0.10446916460581124,0.12214340639331286,2024-08-11 12:00:00+00:00,2024-08-11 17:30:00+05:30,2024-08-12 12:00:00+00:00,settlement,True
BTC,1723550400,2024-08-13 12:00:00+00:00,1723464000,59743.1,59800.0,C-BTC-59800-130824,P-BTC-59800-130824,692.85839518,782.06118258,1474.91957776,0.0,991.451724137936,991.451724137936,0.001,0.1,0.0003,991.451724137936,0.0246876974539319,0.3277926884368296,0.08415650328032023,0.2436361851565094,2024-08-12 12:00:00+00:00,2024-08-12 17:30:00+05:30,2024-08-13 12:00:00+00:00,settlement,True
BTC,1723636800,2024-08-14 12:00:00+00:00,1723550400,58910.9,59000.0,C-BTC-59000-140824,P-BTC-59000-140824,733.8742515,809.34667189,1543.22092339,2278.64827586207,0.0,2278.64827586207,0.001,0.1,0.0003,2278.64827586207,0.0261958470060718,-0.4765535130618586,0.08085436975073904,-0.5574078828125977,2024-08-13 12:00:00+00:00,2024-08-13 17:30:00+05:30,2024-08-14 12:00:00+00:00,settlement,False
BTC,1723723200,2024-08-15 12:00:00+00:00,1723636800,61265.7,61200.0,C-BTC-61200-150824,P-BTC-61200-150824,940.88438972,860.7717995,1801.65618922,0.0,2461.29310344827,2461.29310344827,0.001,0.1,0.0003,2461.29310344827,0.0294072570658623,-0.3661280760308935,0.07495137966892454,-0.441079455699818,2024-08-14 12:00:00+00:00,2024-08-14 17:30:00+05:30,2024-08-15 12:00:00+00:00,settlement,False
BTC,1723809600,2024-08-16 12:00:00+00:00,1723723200,58679.7,58500.0,C-BTC-58500-160824,P-BTC-58500-160824,784.43337258,590.8365909,1375.26996348,0.0,114.35862068965,114.35862068965,0.001,0.1,0.0003,114.35862068965,0.0234368949309556,0.916846420174643,0.08721755975659272,0.8296288604180503,2024-08-15 12:00:00+00:00,2024-08-15 17:30:00+05:30,2024-08-16 12:00:00+00:00,settlement,True
BTC,1723896000,2024-08-17 12:00:00+00:00,1723809600,58475.0,58400.0,C-BTC-58400-170824,P-BTC-58400-170824,743.96190739,651.60927244,1395.57117983,724.61379310345,0.0,724.61379310345,0.001,0.1,0.0003,724.61379310345,0.0238661167991449,0.4807761842776675,0.08613097587332398,0.39464520840434353,2024-08-16 12:00:00+00:00,2024-08-16 17:30:00+05:30,2024-08-17 12:00:00+00:00,settlement,True
BTC,1723982400,2024-08-18 12:00:00+00:00,1723896000,59159.0,59200.0,C-BTC-59200-180824,P-BTC-59200-180824,350.67999247,390.17999247,740.85998494,654.5103448276,0.0,654.5103448276,0.001,0.1,0.0003,654.5103448276,0.0125231999347521,0.116553251447901,0.13987014240590168,-0.02331689095800067,2024-08-17 12:00:00+00:00,2024-08-17 17:30:00+05:30,2024-08-18 12:00:00+00:00,settlement,True
BTC,1724068800,2024-08-19 12:00:00+00:00,1723982400,60015.7,60000.0,C-BTC-60000-190824,P-BTC-60000-190824,545.10645681,515.82751444,1060.93397125,0.0,1849.41379310345,1849.41379310345,0.001,0.1,0.0003,1849.41379310345,0.0176776072136124,-0.7431940565768267,0.1069013385402989,-0.8500953951171256,2024-08-18 12:00:00+00:00,2024-08-18 17:30:00+05:30,2024-08-19 12:00:00+00:00,settlement,False
BTC,1724155200,2024-08-20 12:00:00+00:00,1724068800,58395.3,58400.0,C-BTC-58400-200824,P-BTC-58400-200824,610.44549618,604.11687092,1214.5623670999998,2132.78965517242,0.0,2132.78965517242,0.001,0.1,0.0003,2132.78965517242,0.0207989746965937,-0.7560149342226565,0.09488027898759356,-0.8508952132102501,2024-08-19 12:00:00+00:00,2024-08-19 17:30:00+05:30,2024-08-20 12:00:00+00:00,settlement,False
BTC,1724241600,2024-08-21 12:00:00+00:00,1724155200,60595.8,60600.0,C-BTC-60600-210824,P-BTC-60600-210824,567.22483051,556.8772271,1124.10205761,0.0,1221.4172413793,1221.4172413793,0.001,0.1,0.0003,1221.4172413793,0.0185508246051706,-0.0865714844221582,0.10313083866284412,-0.18970232308500232,2024-08-20 12:00:00+00:00,2024-08-20 17:30:00+05:30,2024-08-21 12:00:00+00:00,settlement,False
BTC,1724328000,2024-08-22 12:00:00+00:00,1724241600,59389.4,59400.0,C-BTC-59400-220824,P-BTC-59400-220824,624.60643416,618.03709193,1242.64352609,1870.16551724137,0.0,1870.16551724137,0.001,0.1,0.0003,1870.16551724137,0.0209236585331725,-0.5049895468621473,0.09447458940103895,-0.5994641362631862,2024-08-21 12:00:00+00:00,2024-08-21 17:30:00+05:30,2024-08-22 12:00:00+00:00,settlement,False
BTC,1724414400,2024-08-23 12:00:00+00:00,1724328000,61286.8,61200.0,C-BTC-61200-230824,P-BTC-61200-230824,744.71713001,628.68194126,1373.39907127,0.0,423.3620689655,423.3620689655,0.001,0.1,0.0003,423.3620689655,0.0224093780597126,0.6917414043581582,0.08998783128326385,0.6017535730748944,2024-08-22 12:00:00+00:00,2024-08-22 17:30:00+05:30,2024-08-23 12:00:00+00:00,settlement,True
BTC,1724500800,2024-08-24 12:00:00+00:00,1724414400,60828.9,60800.0,C-BTC-60800-240824,P-BTC-60800-240824,669.40012917,629.83083053,1299.2309597,3256.244827586204,0.0,3256.244827586204,0.001,0.1,0.0003,3256.244827586204,0.0213587778128488,-1.5062863559979285,0.09309592818500012,-1.5993822841829286,2024-08-23 12:00:00+00:00,2024-08-23 17:30:00+05:30,2024-08-24 12:00:00+00:00,settlement,False
BTC,1724587200,2024-08-25 12:00:00+00:00,1724500800,64031.6,64000.0,C-BTC-64000-250824,P-BTC-64000-250824,431.64818051,394.26741475,825.9155952599999,0.0,72.27241379311,72.27241379311,0.001,0.1,0.0003,72.27241379311,0.0128985625106978,0.9124941892272194,0.13657967496964055,0.7759145142575788,2024-08-24 12:00:00+00:00,2024-08-24 17:30:00+05:30,2024-08-25 12:00:00+00:00,settlement,True
BTC,1724673600,2024-08-26 12:00:00+00:00,1724587200,63912.7,64000.0,C-BTC-64000-260824,P-BTC-64000-260824,465.40905481,538.97789015,1004.38694496,0.0,77.39655172415,77.39655172415,0.001,0.1,0.0003,77.39655172415,0.0157149822329521,0.922941499675474,0.11690509709841379,0.8060364025770602,2024-08-25 12:00:00+00:00,2024-08-25 17:30:00+05:30,2024-08-26 12:00:00+00:00,settlement,True
BTC,1724760000,2024-08-27 12:00:00+00:00,1724673600,63892.4,63800.0,C-BTC-63800-270824,P-BTC-63800-270824,607.89636655,499.8898372,1107.78620375,0.0,1333.47241379311,1333.47241379311,0.001,0.1,0.0003,1333.47241379311,0.0173383094663841,-0.2037272257761768,0.10846886181985456,-0.31219608759603135,2024-08-26 12:00:00+00:00,2024-08-26 17:30:00+05:30,2024-08-27 12:00:00+00:00,settlement,False
BTC,1724846400,2024-08-28 12:00:00+00:00,1724760000,62321.4,62400.0,C-BTC-62400-280824,P-BTC-62400-280824,472.97432648,536.83111665,1009.80544313,0.0,2421.40344827586,2421.40344827586,0.001,0.1,0.0003,2421.40344827586,0.0162031893238919,-1.3978910638176607,0.11419020273694372,-1.5120812665546044,2024-08-27 12:00:00+00:00,2024-08-27 17:30:00+05:30,2024-08-28 12:00:00+00:00,settlement,False
BTC,1724932800,2024-08-29 12:00:00+00:00,1724846400,59895.0,59800.0,C-BTC-59800-290824,P-BTC-59800-290824,727.04376991,617.22993994,1344.2737098500002,376.40344827588,0.0,376.40344827588,0.001,0.1,0.0003,376.40344827588,0.0224438385482928,0.7199949344260547,0.08989081207090154,0.6301041223551531,2024-08-28 12:00:00+00:00,2024-08-28 17:30:00+05:30,2024-08-29 12:00:00+00:00,settlement,True
BTC,1725019200,2024-08-30 12:00:00+00:00,1724932800,60150.0,60000.0,C-BTC-60000-300824,P-BTC-60000-300824,810.25043237,630.41197013,1440.6624025,0.0,579.865517241386,579.865517241386,0.001,0.1,0.0003,579.865517241386,0.0239511621363258,0.5975007633744465,0.08592030455726424,0.5115804588171822,2024-08-29 12:00:00+00:00,2024-08-29 17:30:00+05:30,2024-08-30 12:00:00+00:00,settlement,True
BTC,1725105600,2024-08-31 12:00:00+00:00,1725019200,59410.9,59400.0,C-BTC-59400-310824,P-BTC-59400-310824,604.03110646,580.05033645,1184.08144291,0.0,270.782758620706,270.782758620706,0.001,0.1,0.0003,270.782758620706,0.0199303737682815,0.7713140762047331,0.097847337920652,0.6734667382840811,2024-08-30 12:00:00+00:00,2024-08-30 17:30:00+05:30,2024-08-31 12:00:00+00:00,settlement,True
BTC,1725192000,2024-09-01 12:00:00+00:00,1725105600,59106.5,59200.0,C-BTC-59200-010924,P-BTC-59200-010924,261.00850537,352.53576679,613.54427216,0.0,1135.768965517236,1135.768965517236,0.001,0.1,0.0003,1135.768965517236,0.0103803181064688,-0.8511605715407125,0.16321200447581402,-1.0143725760165265,2024-08-31 12:00:00+00:00,2024-08-31 17:30:00+05:30,2024-09-01 12:00:00+00:00,settlement,False
BTC,1725278400,2024-09-02 12:00:00+00:00,1725192000,58181.3,58200.0,C-BTC-58200-020924,P-BTC-58200-020924,440.06731066,446.4652365,886.5325471599999,300.06551724138,0.0,300.06551724138,0.001,0.1,0.0003,300.06551724138,0.0152374138625297,0.6615290457156507,0.1197291553524107,0.54179989036324,2024-09-01 12:00:00+00:00,2024-09-01 17:30:00+05:30,2024-09-02 12:00:00+00:00,settlement,True
BTC,1725364800,2024-09-03 12:00:00+00:00,1725278400,58475.3,58400.0,C-BTC-58400-030924,P-BTC-58400-030924,593.31761778,504.98776307,1098.30538085,645.179310344814,0.0,645.179310344814,0.001,0.1,0.0003,645.179310344814,0.0187823812934692,0.4125683788915819,0.10218980163779103,0.31037857725379087,2024-09-02 12:00:00+00:00,2024-09-02 17:30:00+05:30,2024-09-03 12:00:00+00:00,settlement,True
BTC,1725451200,2024-09-04 12:00:00+00:00,1725364800,59108.8,59200.0,C-BTC-59200-040924,P-BTC-59200-040924,466.76625932,548.100569,1014.86682832,0.0,2592.82068965519,2592.82068965519,0.001,0.1,0.0003,2592.82068965519,0.0171694710148065,-1.554838346571361,0.10927196426604356,-1.6641103108374047,2024-09-03 12:00:00+00:00,2024-09-03 17:30:00+05:30,2024-09-04 12:00:00+00:00,settlement,False
BTC,1725537600,2024-09-05 12:00:00+00:00,1725451200,56626.1,56600.0,C-BTC-56600-050924,P-BTC-56600-050924,676.29323009,636.25981598,1312.55304607,149.324137931035,0.0,149.324137931035,0.001,0.1,0.0003,149.324137931035,0.0231792944608581,0.8862338262227678,0.0878890034807201,0.7983448227420478,2024-09-04 12:00:00+00:00,2024-09-04 17:30:00+05:30,2024-09-05 12:00:00+00:00,settlement,True
BTC,1725624000,2024-09-06 12:00:00+00:00,1725537600,56647.3,56600.0,C-BTC-56600-060924,P-BTC-56600-060924,701.37010082,644.38393602,1345.75403684,0.0,624.662068965525,624.662068965525,0.001,0.1,0.0003,624.662068965525,0.0237567198584928,0.5358274603936465,0.08640418813853178,0.4494232722551147,2024-09-05 12:00:00+00:00,2024-09-05 17:30:00+05:30,2024-09-06 12:00:00+00:00,settlement,True
BTC,1725710400,2024-09-07 12:00:00+00:00,1725624000,56078.2,56000.0,C-BTC-56000-070924,P-BTC-56000-070924,876.13626851,783.66902729,1659.8052958,0.0,1632.10344827587,1632.10344827587,0.001,0.1,0.0003,1632.10344827587,0.0295980487212499,0.0166898175311449,0.07464099159156326,-0.05795117406041836,2024-09-06 12:00:00+00:00,2024-09-06 17:30:00+05:30,2024-09-07 12:00:00+00:00,settlement,True
BTC,1725796800,2024-09-08 12:00:00+00:00,1725710400,54418.0,54400.0,C-BTC-54400-080924,P-BTC-54400-080924,338.67032249,307.23589752,645.90622001,172.15172413792,0.0,172.15172413792,0.001,0.1,0.0003,172.15172413792,0.0118693487450843,0.7334725710874022,0.14609887902117896,0.5873736920662231,2024-09-07 12:00:00+00:00,2024-09-07 17:30:00+05:30,2024-09-08 12:00:00+00:00,settlement,True
BTC,1725883200,2024-09-09 12:00:00+00:00,1725796800,54525.1,54600.0,C-BTC-54600-090924,P-BTC-54600-090924,424.28450848,486.87851105,911.16301953,661.196551724126,0.0,661.196551724126,0.001,0.1,0.0003,661.196551724126,0.0167108913056555,0.2743378105213408,0.11153515709606555,0.16280265342527528,2024-09-08 12:00:00+00:00,2024-09-08 17:30:00+05:30,2024-09-09 12:00:00+00:00,settlement,True
BTC,1725969600,2024-09-10 12:00:00+00:00,1725883200,55257.4,55200.0,C-BTC-55200-100924,P-BTC-55200-100924,656.38366387,585.99213788,1242.37580175,1954.593103448286,0.0,1954.593103448286,0.001,0.1,0.0003,1954.593103448286,0.0224834284955499,-0.5732704232447725,0.08977971860831924,-0.6630501418530917,2024-09-09 12:00:00+00:00,2024-09-09 17:30:00+05:30,2024-09-10 12:00:00+00:00,settlement,False
BTC,1726056000,2024-09-11 12:00:00+00:00,1725969600,57250.7,57200.0,C-BTC-57200-110924,P-BTC-57200-110924,781.36089472,717.10834347,1498.46923819,0.0,420.989655172394,420.989655172394,0.001,0.1,0.0003,420.989655172394,0.0261738151357101,0.7190535217920742,0.08089987014342766,0.6381536516486465,2024-09-10 12:00:00+00:00,2024-09-10 17:30:00+05:30,2024-09-11 12:00:00+00:00,settlement,True
BTC,1726142400,2024-09-12 12:00:00+00:00,1726056000,56696.4,56600.0,C-BTC-56600-120924,P-BTC-56600-120924,823.65390164,713.84685759,1537.50075923,1463.69310344827,0.0,1463.69310344827,0.001,0.1,0.0003,1463.69310344827,0.0271181372931967,0.0480049556649934,0.07901597577630225,-0.031011020111308844,2024-09-11 12:00:00+00:00,2024-09-11 17:30:00+05:30,2024-09-12 12:00:00+00:00,settlement,True
BTC,1726228800,2024-09-13 12:00:00+00:00,1726142400,58060.2,58000.0,C-BTC-58000-130924,P-BTC-58000-130924,643.93560033,571.38411883,1215.3197191600002,89.824137931035,0.0,89.824137931035,0.001,0.1,0.0003,89.824137931035,0.0209320622243809,0.9260901172630364,0.09444741977265357,0.8316426974903828,2024-09-12 12:00:00+00:00,2024-09-12 17:30:00+05:30,2024-09-13 12:00:00+00:00,settlement,True
BTC,1726315200,2024-09-14 12:00:00+00:00,1726228800,57902.2,58000.0,C-BTC-58000-140924,P-BTC-58000-140924,486.85709385,564.03384506,1050.89093891,1709.100000000006,0.0,1709.100000000006,0.001,0.1,0.0003,1709.100000000006,0.0181494129568479,-0.6263343194991391,0.1048190523719243,-0.7311533718710634,2024-09-13 12:00:00+00:00,2024-09-13 17:30:00+05:30,2024-09-14 12:00:00+00:00,settlement,False
BTC,1726401600,2024-09-15 12:00:00+00:00,1726315200,59654.0,59600.0,C-BTC-59600-150924,P-BTC-59600-150924,371.61996104,307.03342473,678.65338577,397.827586206906,0.0,397.827586206906,0.001,0.1,0.0003,397.827586206906,0.0113764942127937,0.4137985685350543,0.15126716655536948,0.26253140197968483,2024-09-14 12:00:00+00:00,2024-09-14 17:30:00+05:30,2024-09-15 12:00:00+00:00,settlement,True
BTC,1726488000,2024-09-16 12:00:00+00:00,1726401600,59962.0,60000.0,C-BTC-60000-160924,P-BTC-60000-160924,439.19646247,464.12563689,903.32209936,0.0,1304.14482758622,1304.14482758622,0.001,0.1,0.0003,1304.14482758622,0.0150649094319735,-0.4437207154681603,0.12079326337765418,-0.5645139788458144,2024-09-15 12:00:00+00:00,2024-09-15 17:30:00+05:30,2024-09-16 12:00:00+00:00,settlement,False
BTC,1726574400,2024-09-17 12:00:00+00:00,1726488000,58717.7,58800.0,C-BTC-58800-170924,P-BTC-58800-170924,514.69826634,584.03994158,1098.73820792,310.113793103475,0.0,310.113793103475,0.001,0.1,0.0003,310.113793103475,0.0187122146800709,0.7177546108180352,0.10247249650615027,0.6152821143118848,2024-09-16 12:00:00+00:00,2024-09-16 17:30:00+05:30,2024-09-17 12:00:00+00:00,settlement,True
BTC,1726660800,2024-09-18 12:00:00+00:00,1726574400,59147.0,59200.0,C-BTC-59200-180924,P-BTC-59200-180924,590.23145958,621.6820279,1211.91348748,716.5275862069,0.0,716.5275862069,0.001,0.1,0.0003,716.5275862069,0.020489855571373,0.4087634194938979,0.09590736852524892,0.312856050968649,2024-09-17 12:00:00+00:00,2024-09-17 17:30:00+05:30,2024-09-18 12:00:00+00:00,settlement,True
BTC,1726747200,2024-09-19 12:00:00+00:00,1726660800,59890.2,59800.0,C-BTC-59800-190924,P-BTC-59800-190924,978.64264159,875.12405845,1853.76670004,2774.69310344828,0.0,2774.69310344828,0.001,0.1,0.0003,2774.69310344828,0.0309527552093664,-0.4967865715725761,0.0725471391616702,-0.5693337107342463,2024-09-18 12:00:00+00:00,2024-09-18 17:30:00+05:30,2024-09-19 12:00:00+00:00,settlement,False
BTC,1726833600,2024-09-20 12:00:00+00:00,1726747200,62766.0,62600.0,C-BTC-62600-200924,P-BTC-62600-200924,806.38717333,636.22530266,1442.61247599,823.262068965516,0.0,823.262068965516,0.001,0.1,0.0003,823.262068965516,0.0229839797978204,0.4293255585492227,0.08840812933425378,0.3409174292149689,2024-09-19 12:00:00+00:00,2024-09-19 17:30:00+05:30,2024-09-20 12:00:00+00:00,settlement,True
BTC,1726920000,2024-09-21 12:00:00+00:00,1726833600,63440.0,63400.0,C-BTC-63400-210924,P-BTC-63400-210924,632.58729047,579.29322467,1211.88051514,0.0,319.34137931034,319.34137931034,0.001,0.1,0.0003,319.34137931034,0.0191027823950189,0.736491035773895,0.10092532743760009,0.6355657083362949,2024-09-20 12:00:00+00:00,2024-09-20 17:30:00+05:30,2024-09-21 12:00:00+00:00,settlement,True
BTC,1727006400,2024-09-22 12:00:00+00:00,1726920000,63070.0,63000.0,C-BTC-63000-220924,P-BTC-63000-220924,361.55643664,294.72585596,656.2822926,0.0,198.31034482759,198.31034482759,0.001,0.1,0.0003,198.31034482759,0.0104056174504518,0.6978276771083645,0.16288034378954686,0.5349473333188176,2024-09-21 12:00:00+00:00,2024-09-21 17:30:00+05:30,2024-09-22 12:00:00+00:00,settlement,True
BTC,1727092800,2024-09-23 12:00:00+00:00,1727006400,62839.3,62800.0,C-BTC-62800-230924,P-BTC-62800-230924,501.96240422,450.54908708,952.5114913,654.25172413793,0.0,654.25172413793,0.001,0.1,0.0003,654.25172413793,0.0151578946821495,0.31312983610833,0.12021666700373172,0.19291316910459827,2024-09-22 12:00:00+00:00,2024-09-22 17:30:00+05:30,2024-09-23 12:00:00+00:00,settlement,True
BTC,1727179200,2024-09-24 12:00:00+00:00,1727092800,63456.8,63400.0,C-BTC-63400-240924,P-BTC-63400-240924,625.16341122,560.83281919,1185.99623041,119.30689655173,0.0,119.30689655173,0.001,0.1,0.0003,119.30689655173,0.0186898209555161,0.8994036460718888,0.10256316559533844,0.7968404804765504,2024-09-23 12:00:00+00:00,2024-09-23 17:30:00+05:30,2024-09-24 12:00:00+00:00,settlement,True
BTC,1727265600,2024-09-25 12:00:00+00:00,1727179200,63530.1,63600.0,C-BTC-63600-250924,P-BTC-63600-250924,502.40335071,562.81889636,1065.22224707,152.106896551726,0.0,152.106896551726,0.001,0.1,0.0003,152.106896551726,0.016767205577671,0.8572064215048915,0.11125056592409718,0.7459558555807942,2024-09-24 12:00:00+00:00,2024-09-24 17:30:00+05:30,2024-09-25 12:00:00+00:00,settlement,True
BTC,1727352000,2024-09-26 12:00:00+00:00,1727265600,63785.8,63800.0,C-BTC-63800-260924,P-BTC-63800-260924,562.68138555,559.12188746,1121.80327301,585.620689655196,0.0,585.620689655196,0.001,0.1,0.0003,585.620689655196,0.0175870377577768,0.4779648947859901,0.10731384317827253,0.37065105160771755,2024-09-25 12:00:00+00:00,2024-09-25 17:30:00+05:30,2024-09-26 12:00:00+00:00,settlement,True
BTC,1727438400,2024-09-27 12:00:00+00:00,1727352000,64421.2,64000.0,C-BTC-64000-270924,P-BTC-64000-270924,973.57643127,538.69891435,1512.2753456199998,1408.4896551724,0.0,1408.4896551724,0.001,0.1,0.0003,1408.4896551724,0.0234748086906173,0.068628831877868,0.0871199803952379,-0.018491148517369896,2024-09-26 12:00:00+00:00,2024-09-26 17:30:00+05:30,2024-09-27 12:00:00+00:00,settlement,True
BTC,1727524800,2024-09-28 12:00:00+00:00,1727438400,65486.2,65400.0,C-BTC-65400-280924,P-BTC-65400-280924,601.87301985,503.00875946,1104.88177931,353.96896551726,0.0,353.96896551726,0.001,0.1,0.0003,353.96896551726,0.0168719788185907,0.6796318193080222,0.11072613665681864,0.5689056826512036,2024-09-27 12:00:00+00:00,2024-09-27 17:30:00+05:30,2024-09-28 12:00:00+00:00,settlement,True
BTC,1727611200,2024-09-29 12:00:00+00:00,1727524800,65715.2,65800.0,C-BTC-65800-290924,P-BTC-65800-290924,214.19847722,279.40967331,493.60815053,0.0,113.21724137932,113.21724137932,0.001,0.1,0.0003,113.21724137932,0.0075113238722548,0.7706333632097532,0.21531537013739915,0.555317993072354,2024-09-28 12:00:00+00:00,2024-09-28 17:30:00+05:30,2024-09-29 12:00:00+00:00,settlement,True
BTC,1727697600,2024-09-30 12:00:00+00:00,1727611200,65742.2,65800.0,C-BTC-65800-300924,P-BTC-65800-300924,345.0362098,388.23811023,733.27432003,0.0,2139.33448275862,2139.33448275862,0.001,0.1,0.0003,2139.33448275862,0.0111537843277225,-1.917509074463558,0.1537524278392722,-2.0712615023028302,2024-09-29 12:00:00+00:00,2024-09-29 17:30:00+05:30,2024-09-30 12:00:00+00:00,settlement,False
BTC,1727784000,2024-10-01 12:00:00+00:00,1727697600,63841.1,63800.0,C-BTC-63800-011024,P-BTC-63800-011024,603.6976343,549.22636444,1152.92399874,0.0,21.831034482755,21.831034482755,0.001,0.1,0.0003,21.831034482755,0.0180592752747054,0.9810646369521204,0.10520846204849121,0.8758561749036292,2024-09-30 12:00:00+00:00,2024-09-30 17:30:00+05:30,2024-10-01 12:00:00+00:00,settlement,True
BTC,1727870400,2024-10-02 12:00:00+00:00,1727784000,63762.8,63800.0,C-BTC-63800-021024,P-BTC-63800-021024,454.26334407,477.30570373,931.5690478,0.0,2569.18275862068,2569.18275862068,0.001,0.1,0.0003,2569.18275862068,0.0146099143669976,-1.7579091047390203,0.12372048594060212,-1.8816295906796223,2024-10-01 12:00:00+00:00,2024-10-01 17:30:00+05:30,2024-10-02 12:00:00+00:00,settlement,False
BTC,1727956800,2024-10-03 12:00:00+00:00,1727870400,61134.1,61200.0,C-BTC-61200-031024,P-BTC-61200-031024,586.00889046,642.19542195,1228.20431241,0.0,440.786206896526,440.786206896526,0.001,0.1,0.0003,440.786206896526,0.0200903311312344,0.6411132883651833,0.09728166557088468,0.5438316227942986,2024-10-02 12:00:00+00:00,2024-10-02 17:30:00+05:30,2024-10-03 12:00:00+00:00,settlement,True
BTC,1728043200,2024-10-04 12:00:00+00:00,1727956800,60550.7,60500.0,C-BTC-60500-041024,P-BTC-60500-041024,684.86525774,627.65771549,1312.52297323,903.60689655171,0.0,903.60689655171,0.001,0.1,0.0003,903.60689655171,0.0216764293927237,0.3115496528582541,0.0921244117998195,0.21942524105843458,2024-10-03 12:00:00+00:00,2024-10-03 17:30:00+05:30,2024-10-04 12:00:00+00:00,settlement,True
BTC,1728129600,2024-10-05 12:00:00+00:00,1728043200,61459.4,61400.0,C-BTC-61400-051024,P-BTC-61400-051024,699.06143652,628.37996473,1327.44140125,807.50689655172,0.0,807.50689655172,0.001,0.1,0.0003,807.50689655172,0.0215986716637324,0.3916817000047444,0.09235958727673442,0.29932211272800996,2024-10-04 12:00:00+00:00,2024-10-04 17:30:00+05:30,2024-10-05 12:00:00+00:00,settlement,True
BTC,1728216000,2024-10-06 12:00:00+00:00,1728129600,62235.3,62200.0,C-BTC-62200-061024,P-BTC-62200-061024,279.83887811,232.00231266,511.84119077,0.0,85.3275862069,85.3275862069,0.001,0.1,0.0003,85.3275862069,0.0082242905677324,0.8332928499198443,0.19897290516893892,0.6343199447509054,2024-10-05 12:00:00+00:00,2024-10-05 17:30:00+05:30,2024-10-06 12:00:00+00:00,settlement,True
BTC,1728302400,2024-10-07 12:00:00+00:00,1728216000,62097.3,62000.0,C-BTC-62000-071024,P-BTC-62000-071024,453.92723594,346.15138559,800.07862153,868.896551724145,0.0,868.896551724145,0.001,0.1,0.0003,868.896551724145,0.0128842738980599,-0.0860139595563041,0.13670142022774062,-0.2227153797840447,2024-10-06 12:00:00+00:00,2024-10-06 17:30:00+05:30,2024-10-07 12:00:00+00:00,settlement,False
BTC,1728388800,2024-10-08 12:00:00+00:00,1728302400,63012.8,63000.0,C-BTC-63000-081024,P-BTC-63000-081024,544.95712553,524.08030452,1069.03743005,0.0,399.80344827585,399.80344827585,0.001,0.1,0.0003,399.80344827585,0.0169654011573838,0.6260154817430941,0.11026398572389258,0.5157514960192014,2024-10-07 12:00:00+00:00,2024-10-07 17:30:00+05:30,2024-10-08 12:00:00+00:00,settlement,True
BTC,1728475200,2024-10-09 12:00:00+00:00,1728388800,62609.4,62600.0,C-BTC-62600-091024,P-BTC-62600-091024,519.94756133,496.20055201,1016.14811334,0.0,421.85172413792,421.85172413792,0.001,0.1,0.0003,421.85172413792,0.0162299608898983,0.5848521307082625,0.1140460512755352,0.4708060794327273,2024-10-08 12:00:00+00:00,2024-10-08 17:30:00+05:30,2024-10-09 12:00:00+00:00,settlement,True
BTC,1728561600,2024-10-10 12:00:00+00:00,1728475200,62122.3,62200.0,C-BTC-62200-101024,P-BTC-62200-101024,448.4384247,500.16682119,948.60524589,0.0,955.1448275862,955.1448275862,0.001,0.1,0.0003,955.1448275862,0.0152699633769193,-0.0068938915576673,0.11953106719694487,-0.12642495875461215,2024-10-09 12:00:00+00:00,2024-10-09 17:30:00+05:30,2024-10-10 12:00:00+00:00,settlement,False
BTC,1728648000,2024-10-11 12:00:00+00:00,1728561600,61239.8,61200.0,C-BTC-61200-111024,P-BTC-61200-111024,561.28480194,508.60091062,1069.88571256,0.0,1.034482758616,1.034482758616,0.001,0.1,0.0003,1.034482758616,0.017470431199318,0.9990330904072542,0.10785123358691168,0.8911818568203425,2024-10-10 12:00:00+00:00,2024-10-10 17:30:00+05:30,2024-10-11 12:00:00+00:00,settlement,True
BTC,1728734400,2024-10-12 12:00:00+00:00,1728648000,61180.2,61200.0,C-BTC-61200-121024,P-BTC-61200-121024,434.20574274,435.1688174,869.3745601400001,1824.49310344829,0.0,1824.49310344829,0.001,0.1,0.0003,1824.49310344829,0.014210064042615,-1.098627205234165,0.12644768601700201,-1.225074891251167,2024-10-11 12:00:00+00:00,2024-10-11 17:30:00+05:30,2024-10-12 12:00:00+00:00,settlement,False
BTC,1728820800,2024-10-13 12:00:00+00:00,1728734400,62823.5,62800.0,C-BTC-62800-131024,P-BTC-62800-131024,282.78042231,244.15834833,526.93877064,0.0,201.503448275864,201.503448275864,0.001,0.1,0.0003,201.503448275864,0.0083876060811638,0.6175960861047946,0.1956205175943969,0.42197556851039764,2024-10-12 12:00:00+00:00,2024-10-12 17:30:00+05:30,2024-10-13 12:00:00+00:00,settlement,True
BTC,1728907200,2024-10-14 12:00:00+00:00,1728820800,62609.6,62600.0,C-BTC-62600-141024,P-BTC-62600-141024,402.54204206,379.75611513,782.29815719,2327.97586206897,0.0,2327.97586206897,0.001,0.1,0.0003,2327.97586206897,0.0124948595293692,-1.9758166252506777,0.14012660416643158,-2.1159432294171094,2024-10-13 12:00:00+00:00,2024-10-13 17:30:00+05:30,2024-10-14 12:00:00+00:00,settlement,False
BTC,1728993600,2024-10-15 12:00:00+00:00,1728907200,64871.3,64800.0,C-BTC-64800-151024,P-BTC-64800-151024,612.21537293,527.88821613,1140.10358906,701.200000000004,0.0,701.200000000004,0.001,0.1,0.0003,701.200000000004,0.0175748534260913,0.3849681671661661,0.10736966198635993,0.27759850517980617,2024-10-14 12:00:00+00:00,2024-10-14 17:30:00+05:30,2024-10-15 12:00:00+00:00,settlement,True
BTC,1729080000,2024-10-16 12:00:00+00:00,1728993600,65474.8,65400.0,C-BTC-65400-161024,P-BTC-65400-161024,606.65665937,519.87184514,1126.52850451,2802.00689655173,0.0,2802.00689655173,0.001,0.1,0.0003,2802.00689655173,0.0172055279971836,-1.4872933843520486,0.10909913085095577,-1.5963925152030043,2024-10-15 12:00:00+00:00,2024-10-15 17:30:00+05:30,2024-10-16 12:00:00+00:00,settlement,False
BTC,1729166400,2024-10-17 12:00:00+00:00,1729080000,67956.8,68000.0,C-BTC-68000-171024,P-BTC-68000-171024,729.37668642,761.5423318,1490.91901822,0.0,1107.17931034484,1107.17931034484,0.001,0.1,0.0003,1107.17931034484,0.0219392175355519,0.2573846756165904,0.09134195541410736,0.16604272020248304,2024-10-16 12:00:00+00:00,2024-10-16 17:30:00+05:30,2024-10-17 12:00:00+00:00,settlement,True
BTC,1729252800,2024-10-18 12:00:00+00:00,1729166400,66929.4,67000.0,C-BTC-67000-181024,P-BTC-67000-181024,569.81201188,624.17918081,1193.99119269,792.85172413792,0.0,792.85172413792,0.001,0.1,0.0003,792.85172413792,0.0178395621758151,0.3359651821621344,0.10617414528702136,0.22979103687511304,2024-10-17 12:00:00+00:00,2024-10-17 17:30:00+05:30,2024-10-18 12:00:00+00:00,settlement,True
BTC,1729339200,2024-10-19 12:00:00+00:00,1729252800,67752.2,67800.0,C-BTC-67800-191024,P-BTC-67800-191024,534.58293015,568.09747083,1102.68040098,356.69655172415,0.0,356.69655172415,0.001,0.1,0.0003,356.69655172415,0.0162751969822382,0.6765186436549173,0.11380355525929045,0.5627150883956269,2024-10-18 12:00:00+00:00,2024-10-18 17:30:00+05:30,2024-10-19 12:00:00+00:00,settlement,True
BTC,1729425600,2024-10-20 12:00:00+00:00,1729339200,68134.7,68200.0,C-BTC-68200-201024,P-BTC-68200-201024,221.25953939,272.61406592,493.87360531,221.18620689657,0.0,221.18620689657,0.001,0.1,0.0003,221.18620689657,0.007248488733494,0.5521400525996253,0.2221510658652048,0.32998898673442045,2024-10-19 12:00:00+00:00,2024-10-19 17:30:00+05:30,2024-10-20 12:00:00+00:00,settlement,True
BTC,1729512000,2024-10-21 12:00:00+00:00,1729425600,68436.7,68400.0,C-BTC-68400-211024,P-BTC-68400-211024,412.11686629,360.93046899,773.04733528,0.0,108.73103448276,108.73103448276,0.001,0.1,0.0003,108.73103448276,0.0112958008682475,0.8593475075580238,0.15215631749496972,0.7071911900630541,2024-10-20 12:00:00+00:00,2024-10-20 17:30:00+05:30,2024-10-21 12:00:00+00:00,settlement,True
BTC,1729598400,2024-10-22 12:00:00+00:00,1729512000,68241.8,68200.0,C-BTC-68200-221024,P-BTC-68200-221024,560.129996,482.3259733,1042.4559693,0.0,834.82068965517,834.82068965517,0.001,0.1,0.0003,834.82068965517,0.0152759154843512,0.1991789444922602,0.1194949354656067,0.0796840090266535,2024-10-21 12:00:00+00:00,2024-10-21 17:30:00+05:30,2024-10-22 12:00:00+00:00,settlement,True
BTC,1729684800,2024-10-23 12:00:00+00:00,1729598400,67375.5,67400.0,C-BTC-67400-231024,P-BTC-67400-231024,506.02781701,515.91357796,1021.94139497,0.0,937.18620689656,937.18620689656,0.001,0.1,0.0003,937.18620689656,0.0151678487724766,0.0829354682084563,0.12015536114847433,-0.037219892940018026,2024-10-22 12:00:00+00:00,2024-10-22 17:30:00+05:30,2024-10-23 12:00:00+00:00,settlement,True
BTC,1729771200,2024-10-24 12:00:00+00:00,1729684800,66350.6,66400.0,C-BTC-66400-241024,P-BTC-66400-241024,497.39392675,531.99142428,1029.38535103,859.2655172414,0.0,859.2655172414,0.001,0.1,0.0003,859.2655172414,0.0155143337216242,0.165263507605173,0.11807043580520303,0.04719307179996997,2024-10-23 12:00:00+00:00,2024-10-23 17:30:00+05:30,2024-10-24 12:00:00+00:00,settlement,True
BTC,1729857600,2024-10-25 12:00:00+00:00,1729771200,67388.6,67400.0,C-BTC-67400-251024,P-BTC-67400-251024,478.40428972,474.38235021,952.78663993,648.78620689656,0.0,648.78620689656,0.001,0.1,0.0003,648.78620689656,0.0141386917064607,0.3190645421474157,0.12695070908950878,0.1921138330579069,2024-10-24 12:00:00+00:00,2024-10-24 17:30:00+05:30,2024-10-25 12:00:00+00:00,settlement,True
BTC,1729944000,2024-10-26 12:00:00+00:00,1729857600,68255.8,68200.0,C-BTC-68200-261024,P-BTC-68200-261024,525.41432477,455.24345163,980.6577764,0.0,1086.85172413793,1086.85172413793,0.001,0.1,0.0003,1086.85172413793,0.0143673911433167,-0.108288487883886,0.1253565149493878,-0.23364500283327377,2024-10-25 12:00:00+00:00,2024-10-25 17:30:00+05:30,2024-10-26 12:00:00+00:00,settlement,False
BTC,1730030400,2024-10-27 12:00:00+00:00,1729944000,67160.5,67200.0,C-BTC-67200-271024,P-BTC-67200-271024,246.6220032,266.01754256,512.6395457599999,0.0,53.1724137931,53.1724137931,0.001,0.1,0.0003,53.1724137931,0.0076330513584621,0.8962771908002714,0.21230903609867463,0.6839681547015968,2024-10-26 12:00:00+00:00,2024-10-26 17:30:00+05:30,2024-10-27 12:00:00+00:00,settlement,True
BTC,1730116800,2024-10-28 12:00:00+00:00,1730030400,67135.1,67200.0,C-BTC-67200-281024,P-BTC-67200-281024,333.02933015,380.15602735,713.1853575,1518.90344827586,0.0,1518.90344827586,0.001,0.1,0.0003,1518.90344827586,0.0106231368911344,-1.1297456997718296,0.16009396152107622,-1.2898396612929057,2024-10-27 12:00:00+00:00,2024-10-27 17:30:00+05:30,2024-10-28 12:00:00+00:00,settlement,False
BTC,1730203200,2024-10-29 12:00:00+00:00,1730116800,68759.8,68800.0,C-BTC-68800-291024,P-BTC-68800-291024,503.04624176,524.438435,1027.48467676,2677.56551724137,0.0,2677.56551724137,0.001,0.1,0.0003,2677.56551724137,0.014943101590755,-1.6059420425466804,0.12155944410871469,-1.727501486655395,2024-10-28 12:00:00+00:00,2024-10-28 17:30:00+05:30,2024-10-29 12:00:00+00:00,settlement,False
BTC,1730289600,2024-10-30 12:00:00+00:00,1730203200,71442.1,71400.0,C-BTC-71400-301024,P-BTC-71400-301024,650.36007347,581.78390357,1232.14397704,734.20000000001,0.0,734.20000000001,0.001,0.1,0.0003,734.20000000001,0.017246749144272,0.4041280778210749,0.10890242916823988,0.295225648652835,2024-10-29 12:00:00+00:00,2024-10-29 17:30:00+05:30,2024-10-30 12:00:00+00:00,settlement,True
BTC,1730376000,2024-10-31 12:00:00+00:00,1730289600,71815.0,71800.0,C-BTC-71800-311024,P-BTC-71800-311024,640.98191018,604.24211528,1245.22402546,480.2551724138,0.0,480.2551724138,0.001,0.1,0.0003,480.2551724138,0.0173393305780129,0.6143222724630709,0.10846405234787736,0.5058582201151935,2024-10-30 12:00:00+00:00,2024-10-30 17:30:00+05:30,2024-10-31 12:00:00+00:00,settlement,True
BTC,1730462400,2024-11-01 12:00:00+00:00,1730376000,72205.9,72200.0,C-BTC-72200-011124,P-BTC-72200-011124,659.09830371,629.23905726,1288.33736097,0.0,2080.71379310344,2080.71379310344,0.001,0.1,0.0003,2080.71379310344,0.0178425497219756,-0.6150379986937995,0.1061608549262438,-0.7211988536200433,2024-10-31 12:00:00+00:00,2024-10-31 17:30:00+05:30,2024-11-01 12:00:00+00:00,settlement,False
BTC,1730548800,2024-11-02 12:00:00+00:00,1730462400,70119.1,70200.0,C-BTC-70200-021124,P-BTC-70200-021124,698.57336872,762.58098617,1461.15435489,0.0,558.82068965517,558.82068965517,0.001,0.1,0.0003,558.82068965517,0.0208381789682126,0.61754848980535,0.09475219496674925,0.5227962948386008,2024-11-01 12:00:00+00:00,2024-11-01 17:30:00+05:30,2024-11-02 12:00:00+00:00,settlement,True
BTC,1730635200,2024-11-03 12:00:00+00:00,1730548800,69685.1,69600.0,C-BTC-69600-031124,P-BTC-69600-031124,305.73837354,212.63805963,518.3764331699999,0.0,1218.62413793104,1218.62413793104,0.001,0.1,0.0003,1218.62413793104,0.0074388417777975,-1.3508478780156967,0.2171522137312136,-1.5680000917469104,2024-11-02 12:00:00+00:00,2024-11-02 17:30:00+05:30,2024-11-03 12:00:00+00:00,settlement,False
BTC,1730721600,2024-11-04 12:00:00+00:00,1730635200,68367.9,68400.0,C-BTC-68400-041124,P-BTC-68400-041124,565.06314484,577.91279005,1142.97593489,409.99655172414,0.0,409.99655172414,0.001,0.1,0.0003,409.99655172414,0.0167180202242572,0.6412903026137659,0.11149902422688969,0.5297912783868761,2024-11-03 12:00:00+00:00,2024-11-03 17:30:00+05:30,2024-11-04 12:00:00+00:00,settlement,True
BTC,1730808000,2024-11-05 12:00:00+00:00,1730721600,68751.5,68800.0,C-BTC-68800-051124,P-BTC-68800-051124,702.62753213,734.62375853,1437.25129066,52.56551724138,0.0,52.56551724138,0.001,0.1,0.0003,52.56551724138,0.0209050172092245,0.9634263558620696,0.09453493586865727,0.8688914199934124,2024-11-04 12:00:00+00:00,2024-11-04 17:30:00+05:30,2024-11-05 12:00:00+00:00,settlement,True
BTC,1730894400,2024-11-06 12:00:00+00:00,1730808000,68815.9,68800.0,C-BTC-68800-061124,P-BTC-68800-061124,1362.42257691,1326.4472718,2688.86984871,5460.21379310345,0.0,5460.21379310345,0.001,0.1,0.0003,5460.21379310345,0.0390733805517329,-1.0306724015381472,0.06303950577107663,-1.0937119073092239,2024-11-05 12:00:00+00:00,2024-11-05 17:30:00+05:30,2024-11-06 12:00:00+00:00,settlement,False
BTC,1730980800,2024-11-07 12:00:00+00:00,1730894400,74484.5,74400.0,C-BTC-74400-071124,P-BTC-74400-071124,1128.42514503,1013.46448651,2141.88963154,419.10344827586,0.0,419.10344827586,0.001,0.1,0.0003,419.10344827586,0.0287561792257449,0.8043300447864214,0.07604159043814407,0.7282884543482774,2024-11-06 12:00:00+00:00,2024-11-06 17:30:00+05:30,2024-11-07 12:00:00+00:00,settlement,True
BTC,1731067200,2024-11-08 12:00:00+00:00,1730980800,74914.3,75000.0,C-BTC-75000-081124,P-BTC-75000-081124,772.06234526,831.92654656,1603.98889182,1087.04827586205,0.0,1087.04827586205,0.001,0.1,0.0003,1087.04827586205,0.0214109841755178,0.3222844114408998,0.09293427894730345,0.22935013249359637,2024-11-07 12:00:00+00:00,2024-11-07 17:30:00+05:30,2024-11-08 12:00:00+00:00,settlement,True
BTC,1731153600,2024-11-09 12:00:00+00:00,1731067200,75999.8,76000.0,C-BTC-76000-091124,P-BTC-76000-091124,639.22659089,614.48077621,1253.7073671,435.13103448277,0.0,435.13103448277,0.001,0.1,0.0003,435.13103448277,0.0164961929781394,0.6529245612640143,0.11263798709656637,0.540286574167448,2024-11-08 12:00:00+00:00,2024-11-08 17:30:00+05:30,2024-11-09 12:00:00+00:00,settlement,True
BTC,1731240000,2024-11-10 12:00:00+00:00,1731153600,76482.3,76400.0,C-BTC-76400-101124,P-BTC-76400-101124,355.27006719,266.27447618,621.54454337,3475.28965517243,0.0,3475.28965517243,0.001,0.1,0.0003,3475.28965517243,0.0081266455555076,-4.591376663576661,0.2010416339347228,-4.792418297511383,2024-11-09 12:00:00+00:00,2024-11-09 17:30:00+05:30,2024-11-10 12:00:00+00:00,settlement,False
BTC,1731326400,2024-11-11 12:00:00+00:00,1731240000,79949.1,80000.0,C-BTC-80000-111124,P-BTC-80000-111124,780.1814022,800.07183675,1580.25323895,2111.65862068966,0.0,2111.65862068966,0.001,0.1,0.0003,2111.65862068966,0.0197657414398661,-0.3362786220851239,0.09843910366367675,-0.43471772574880063,2024-11-10 12:00:00+00:00,2024-11-10 17:30:00+05:30,2024-11-11 12:00:00+00:00,settlement,False
BTC,1731412800,2024-11-12 12:00:00+00:00,1731326400,82145.2,82200.0,C-BTC-82200-121124,P-BTC-82200-121124,899.3605856,917.5781535,1816.9387391,5241.00689655174,0.0,5241.00689655174,0.001,0.1,0.0003,5241.00689655174,0.0221186233535252,-1.884525924714343,0.09081845075834347,-1.9753443754726865,2024-11-11 12:00:00+00:00,2024-11-11 17:30:00+05:30,2024-11-12 12:00:00+00:00,settlement,False
BTC,1731499200,2024-11-13 12:00:00+00:00,1731412800,87358.7,87200.0,C-BTC-87200-131124,P-BTC-87200-131124,1550.85665021,1352.6712351,2903.52788531,517.33448275861,0.0,517.33448275861,0.001,0.1,0.0003,517.33448275861,0.0332368485944731,0.8218255504360773,0.06940331709774263,0.7524222333383347,2024-11-12 12:00:00+00:00,2024-11-12 17:30:00+05:30,2024-11-13 12:00:00+00:00,settlement,True
BTC,1731585600,2024-11-14 12:00:00+00:00,1731499200,87651.9,87600.0,C-BTC-87600-141124,P-BTC-87600-141124,1336.15005262,1258.26004829,2594.41010091,3580.00689655174,0.0,3580.00689655174,0.001,0.1,0.0003,3580.00689655174,0.029599017259295,-0.3798924446432111,0.07463942614024904,-0.45453187078346013,2024-11-13 12:00:00+00:00,2024-11-13 17:30:00+05:30,2024-11-14 12:00:00+00:00,settlement,False
BTC,1731672000,2024-11-15 12:00:00+00:00,1731585600,91293.7,91200.0,C-BTC-91200-151124,P-BTC-91200-151124,1385.19019603,1253.88110598,2639.07130201,0.0,1668.75862068965,1668.75862068965,0.001,0.1,0.0003,1668.75862068965,0.0289074854235286,0.3676720218136317,0.07578385242624647,0.2918881693873852,2024-11-14 12:00:00+00:00,2024-11-14 17:30:00+05:30,2024-11-15 12:00:00+00:00,settlement,True
BTC,1731758400,2024-11-16 12:00:00+00:00,1731672000,89751.1,89800.0,C-BTC-89800-161124,P-BTC-89800-161124,1319.50668911,1327.75640283,2647.26309194,1302.88275862068,0.0,1302.88275862068,0.001,0.1,0.0003,1302.88275862068,0.0294956060921815,0.507837825946538,0.0748071504743664,0.43303067547217167,2024-11-15 12:00:00+00:00,2024-11-15 17:30:00+05:30,2024-11-16 12:00:00+00:00,settlement,True
BTC,1731844800,2024-11-17 12:00:00+00:00,1731758400,91289.3,91200.0,C-BTC-91200-171124,P-BTC-91200-171124,664.87880406,540.91876216,1205.79756622,0.0,512.33103448276,512.33103448276,0.001,0.1,0.0003,512.33103448276,0.0132085311884306,0.5751102433480247,0.13400344145761467,0.44110680189041007,2024-11-16 12:00:00+00:00,2024-11-16 17:30:00+05:30,2024-11-17 12:00:00+00:00,settlement,True
BTC,1731931200,2024-11-18 12:00:00+00:00,1731844800,90796.0,90800.0,C-BTC-90800-181124,P-BTC-90800-181124,983.20576829,953.85747139,1937.06323968,0.0,299.95862068965,299.95862068965,0.001,0.1,0.0003,299.95862068965,0.0213342354253491,0.845147739864599,0.09317219341441794,0.751975546450181,2024-11-17 12:00:00+00:00,2024-11-17 17:30:00+05:30,2024-11-18 12:00:00+00:00,settlement,True
BTC,1732017600,2024-11-19 12:00:00+00:00,1731931200,90464.4,90400.0,C-BTC-90400-191124,P-BTC-90400-191124,1313.30277613,1213.12737592,2526.4301520500003,1252.58620689654,0.0,1252.58620689654,0.001,0.1,0.0003,1252.58620689654,0.0279273410540499,0.5042070702488393,0.07750300095019796,0.4267040692986413,2024-11-18 12:00:00+00:00,2024-11-18 17:30:00+05:30,2024-11-19 12:00:00+00:00,settlement,True
BTC,1732104000,2024-11-20 12:00:00+00:00,1732017600,91918.1,92000.0,C-BTC-92000-201124,P-BTC-92000-201124,1166.56920747,1219.3513067,2385.92051417,1327.15862068968,0.0,1327.15862068968,0.001,0.1,0.0003,1327.15862068968,0.0259570260282795,0.4437540509804601,0.08135170397630699,0.36240234700415314,2024-11-19 12:00:00+00:00,2024-11-19 17:30:00+05:30,2024-11-20 12:00:00+00:00,settlement,True
BTC,1732190400,2024-11-21 12:00:00+00:00,1732104000,93423.3,93400.0,C-BTC-93400-211124,P-BTC-93400-211124,1118.83120303,1056.78020365,2175.61140668,4525.18620689654,0.0,4525.18620689654,0.001,0.1,0.0003,4525.18620689654,0.0232876745595584,-1.0799606919702676,0.08760469719630289,-1.1675653891665705,2024-11-20 12:00:00+00:00,2024-11-20 17:30:00+05:30,2024-11-21 12:00:00+00:00,settlement,False
BTC,1732276800,2024-11-22 12:00:00+00:00,1732190400,98066.0,98000.0,C-BTC-98000-221124,P-BTC-98000-221124,1726.34885335,1607.5823638,3333.93121715,843.67931034483,0.0,843.67931034483,0.001,0.1,0.0003,843.67931034483,0.0339968104863051,0.7469415967537427,0.06845096606843173,0.678490630685311,2024-11-21 12:00:00+00:00,2024-11-21 17:30:00+05:30,2024-11-22 12:00:00+00:00,settlement,True
BTC,1732363200,2024-11-23 12:00:00+00:00,1732276800,98828.2,98800.0,C-BTC-98800-231124,P-BTC-98800-231124,1267.98408372,1188.98220857,2456.96629229,0.0,335.88275862068,335.88275862068,0.001,0.1,0.0003,335.88275862068,0.0248609839326224,0.8632937050562373,0.08375671594646464,0.7795369891097726,2024-11-22 12:00:00+00:00,2024-11-22 17:30:00+05:30,2024-11-23 12:00:00+00:00,settlement,True
BTC,1732449600,2024-11-24 12:00:00+00:00,1732363200,98422.8,98400.0,C-BTC-98400-241124,P-BTC-98400-241124,556.89732374,499.12662621,1056.02394995,0.0,1002.49999999997,1002.49999999997,0.001,0.1,0.0003,1002.49999999997,0.0107294646154143,0.0506844091486412,0.1587730341405596,-0.1080886249919184,2024-11-23 12:00:00+00:00,2024-11-23 17:30:00+05:30,2024-11-24 12:00:00+00:00,settlement,True
BTC,1732536000,2024-11-25 12:00:00+00:00,1732449600,97316.3,97400.0,C-BTC-97400-251124,P-BTC-97400-251124,743.90161943,788.65756298,1532.55918241,848.54827586208,0.0,848.54827586208,0.001,0.1,0.0003,848.54827586208,0.0157482269918811,0.4463194076931438,0.11671488379803065,0.3296045238951132,2024-11-24 12:00:00+00:00,2024-11-24 17:30:00+05:30,2024-11-25 12:00:00+00:00,settlement,True
BTC,1732622400,2024-11-26 12:00:00+00:00,1732536000,98253.9,98200.0,C-BTC-98200-261124,P-BTC-98200-261124,1140.16166039,1044.32055337,2184.48221376,0.0,6322.26896551726,6322.26896551726,0.001,0.1,0.0003,6322.26896551726,0.0222330331290666,-1.8941727818580725,0.0904890158792043,-1.9846617977372767,2024-11-25 12:00:00+00:00,2024-11-25 17:30:00+05:30,2024-11-26 12:00:00+00:00,settlement,False
BTC,1732708800,2024-11-27 12:00:00+00:00,1732622400,92193.5,92200.0,C-BTC-92200-271124,P-BTC-92200-271124,1274.75694557,1231.13999192,2505.89693749,1224.07931034482,0.0,1224.07931034482,0.001,0.1,0.0003,1224.07931034482,0.0271808417891716,0.5115204891183978,0.07889551679757419,0.4326249723208236,2024-11-26 12:00:00+00:00,2024-11-26 17:30:00+05:30,2024-11-27 12:00:00+00:00,settlement,True
BTC,1732795200,2024-11-28 12:00:00+00:00,1732708800,93332.9,93400.0,C-BTC-93400-281124,P-BTC-93400-281124,1065.281999,1096.69752599,2161.97952499,1880.97241379309,0.0,1880.97241379309,0.001,0.1,0.0003,1880.97241379309,0.0231641738871287,0.1299767680261493,0.08792887974765222,0.04204788827849708,2024-11-27 12:00:00+00:00,2024-11-27 17:30:00+05:30,2024-11-28 12:00:00+00:00,settlement,True
BTC,1732881600,2024-11-29 12:00:00+00:00,1732795200,95460.0,95500.0,C-BTC-95500-291124,P-BTC-95500-291124,1031.22226462,1046.05252196,2077.27478658,1656.21379310344,0.0,1656.21379310344,0.001,0.1,0.0003,1656.21379310344,0.0217606828680075,0.2026987455856959,0.09187148735124467,0.11082725823445122,2024-11-28 12:00:00+00:00,2024-11-28 17:30:00+05:30,2024-11-29 12:00:00+00:00,settlement,True
BTC,1732968000,2024-11-30 12:00:00+00:00,1732881600,97289.0,97200.0,C-BTC-97200-301124,P-BTC-97200-301124,1099.18317274,967.99895143,2067.18212417,0.0,877.02413793105,877.02413793105,0.001,0.1,0.0003,877.02413793105,0.0212478504678843,0.5757392985955766,0.09344203525623697,0.48229726333933964,2024-11-29 12:00:00+00:00,2024-11-29 17:30:00+05:30,2024-11-30 12:00:00+00:00,settlement,True
BTC,1733054400,2024-12-01 12:00:00+00:00,1732968000,96358.7,96400.0,C-BTC-96400-011224,P-BTC-96400-011224,486.58244661,487.5222682,974.10471481,640.27586206896,0.0,640.27586206896,0.001,0.1,0.0003,640.27586206896,0.0101091516885346,0.342703251165511,0.16687110028885702,0.17583215087665396,2024-11-30 12:00:00+00:00,2024-11-30 17:30:00+05:30,2024-12-01 12:00:00+00:00,settlement,True
BTC,1733140800,2024-12-02 12:00:00+00:00,1733054400,97100.8,97200.0,C-BTC-97200-021224,P-BTC-97200-021224,703.40212827,758.92891551,1462.33104378,0.0,2052.9724137931,2052.9724137931,0.001,0.1,0.0003,2052.9724137931,0.0150599278665057,-0.403904008278688,0.12082435473474454,-0.5247283630134325,2024-12-01 12:00:00+00:00,2024-12-01 17:30:00+05:30,2024-12-02 12:00:00+00:00,settlement,False
BTC,1733227200,2024-12-03 12:00:00+00:00,1733140800,95131.6,95200.0,C-BTC-95200-031224,P-BTC-95200-031224,853.58536982,891.40989823,1744.99526805,0.0,378.48620689656,378.48620689656,0.001,0.1,0.0003,378.48620689656,0.0183429614139781,0.7831018720643803,0.10399582285775012,0.6791060492066302,2024-12-02 12:00:00+00:00,2024-12-02 17:30:00+05:30,2024-12-03 12:00:00+00:00,settlement,True
BTC,1733313600,2024-12-04 12:00:00+00:00,1733227200,94835.8,94800.0,C-BTC-94800-041224,P-BTC-94800-041224,885.48318298,807.82791549,1693.3110984700002,1527.07241379311,0.0,1527.07241379311,0.001,0.1,0.0003,1527.07241379311,0.0178551886362533,0.0981737406830298,0.10610467881615855,-0.007930938133128757,2024-12-03 12:00:00+00:00,2024-12-03 17:30:00+05:30,2024-12-04 12:00:00+00:00,settlement,True
BTC,1733400000,2024-12-05 12:00:00+00:00,1733313600,96221.2,96200.0,C-BTC-96200-051224,P-BTC-96200-051224,754.01519231,689.37100239,1443.3861947,6317.43448275862,0.0,6317.43448275862,0.001,0.1,0.0003,6317.43448275862,0.0150007087284299,-3.37681509353196,0.12119553994647887,-3.498010633478439,2024-12-04 12:00:00+00:00,2024-12-04 17:30:00+05:30,2024-12-05 12:00:00+00:00,settlement,False
BTC,1733486400,2024-12-06 12:00:00+00:00,1733400000,102569.7,103000.0,C-BTC-103000-061224,P-BTC-103000-061224,1256.37860988,1620.5646056,2876.94321548,0.0,5053.67586206895,5053.67586206895,0.001,0.1,0.0003,5053.67586206895,0.0280486655950051,-0.7566130033003711,0.07728368505103352,-0.8338966883514046,2024-12-05 12:00:00+00:00,2024-12-05 17:30:00+05:30,2024-12-06 12:00:00+00:00,settlement,False
BTC,1733572800,2024-12-07 12:00:00+00:00,1733486400,98305.3,98400.0,C-BTC-98400-071224,P-BTC-98400-071224,1254.71573697,1306.62163183,2561.3373688,1204.92413793103,0.0,1204.92413793103,0.001,0.1,0.0003,1204.92413793103,0.0260549265278677,0.5295722646269191,0.08114672780541052,0.44842553682150854,2024-12-06 12:00:00+00:00,2024-12-06 17:30:00+05:30,2024-12-07 12:00:00+00:00,settlement,True
BTC,1733659200,2024-12-08 12:00:00+00:00,1733572800,99594.9,99600.0,C-BTC-99600-081224,P-BTC-99600-081224,572.05284113,532.5269124,1104.57975353,77.45517241379,0.0,77.45517241379,0.001,0.1,0.0003,77.45517241379,0.0110907260665957,0.9298781530566174,0.1544742380523542,0.7754039150042632,2024-12-07 12:00:00+00:00,2024-12-07 17:30:00+05:30,2024-12-08 12:00:00+00:00,settlement,True
BTC,1733745600,2024-12-09 12:00:00+00:00,1733659200,99579.5,99600.0,C-BTC-99600-091224,P-BTC-99600-091224,835.42395996,812.22246071,1647.64642067,0.0,1443.26206896549,1443.26206896549,0.001,0.1,0.0003,1443.26206896549,0.0165460403061875,0.1240462450805428,0.11237938780497685,0.011666857275565948,2024-12-08 12:00:00+00:00,2024-12-08 17:30:00+05:30,2024-12-09 12:00:00+00:00,settlement,True
BTC,1733832000,2024-12-10 12:00:00+00:00,1733745600,98233.6,98200.0,C-BTC-98200-101224,P-BTC-98200-101224,1041.58350478,993.25597476,2034.83947954,0.0,517.81724137934,517.81724137934,0.001,0.1,0.0003,517.81724137934,0.0207142920501742,0.7455242801282788,0.09515859978077729,0.6503656803475015,2024-12-09 12:00:00+00:00,2024-12-09 17:30:00+05:30,2024-12-10 12:00:00+00:00,settlement,True
BTC,1733918400,2024-12-11 12:00:00+00:00,1733832000,97700.2,97800.0,C-BTC-97800-111224,P-BTC-97800-111224,1042.50108378,1093.71826431,2136.21934809,474.8620689655,0.0,474.8620689655,0.001,0.1,0.0003,474.8620689655,0.0218650458043074,0.777709124584947,0.09156089794977902,0.686148226635168,2024-12-10 12:00:00+00:00,2024-12-10 17:30:00+05:30,2024-12-11 12:00:00+00:00,settlement,True
BTC,1734004800,2024-12-12 12:00:00+00:00,1733918400,98390.7,98400.0,C-BTC-98400-121224,P-BTC-98400-121224,1197.23324769,1158.95340625,2356.18665394,1939.29310344826,0.0,1939.29310344826,0.001,0.1,0.0003,1939.29310344826,0.0239472496276578,0.1769357065980376,0.08592996364996294,0.09100574294807465,2024-12-11 12:00:00+00:00,2024-12-11 17:30:00+05:30,2024-12-12 12:00:00+00:00,settlement,True
BTC,1734091200,2024-12-13 12:00:00+00:00,1734004800,100547.7,100500.0,C-BTC-100500-131224,P-BTC-100500-131224,1130.4563369,1044.29589305,2174.75222995,0.0,82.59655172411,82.59655172411,0.001,0.1,0.0003,82.59655172411,0.0216290599382183,0.9620202473704283,0.09226747773803792,0.8697527696323905,2024-12-12 12:00:00+00:00,2024-12-12 17:30:00+05:30,2024-12-13 12:00:00+00:00,settlement,True
BTC,1734177600,2024-12-14 12:00:00+00:00,1734091200,100406.4,100400.0,C-BTC-100400-141224,P-BTC-100400-141224,1051.00761999,997.51413269,2048.52175268,1231.4103448276,0.0,1231.4103448276,0.001,0.1,0.0003,1231.4103448276,0.0204023025691589,0.3988785604953451,0.09620393101220302,0.30267462948314205,2024-12-13 12:00:00+00:00,2024-12-13 17:30:00+05:30,2024-12-14 12:00:00+00:00,settlement,True
BTC,1734264000,2024-12-15 12:00:00+00:00,1734177600,101609.0,101600.0,C-BTC-101600-151224,P-BTC-101600-151224,477.33318361,419.61488306,896.94806667,892.86551724137,0.0,892.86551724137,0.001,0.1,0.0003,892.86551724137,0.0088274470437658,0.0045516006782721,0.18720877877596773,-0.18265717809769563,2024-12-14 12:00:00+00:00,2024-12-14 17:30:00+05:30,2024-12-15 12:00:00+00:00,settlement,True
BTC,1734350400,2024-12-16 12:00:00+00:00,1734264000,102799.8,102800.0,C-BTC-102800-161224,P-BTC-102800-161224,833.20787711,790.83062597,1624.03850308,1330.7103448276,0.0,1330.7103448276,0.001,0.1,0.0003,1330.7103448276,0.0157980706487755,0.1806165049018857,0.11643119810517787,0.06418530679670782,2024-12-15 12:00:00+00:00,2024-12-15 17:30:00+05:30,2024-12-16 12:00:00+00:00,settlement,True
BTC,1734436800,2024-12-17 12:00:00+00:00,1734350400,103872.4,103800.0,C-BTC-103800-171224,P-BTC-103800-171224,1222.63086854,1089.42987326,2312.0607418,3168.40000000001,0.0,3168.40000000001,0.001,0.1,0.0003,3168.40000000001,0.0222586629537779,-0.370379221755795,0.09041568091221157,-0.4607949026680066,2024-12-16 12:00:00+00:00,2024-12-16 17:30:00+05:30,2024-12-17 12:00:00+00:00,settlement,False
BTC,1734523200,2024-12-18 12:00:00+00:00,1734436800,106810.7,106800.0,C-BTC-106800-181224,P-BTC-106800-181224,995.2241069,941.32354945,1936.54765635,0.0,1927.61034482758,1927.61034482758,0.001,0.1,0.0003,1927.61034482758,0.0181306522319393,0.0046150744047606,0.10489978272626876,-0.10028470832150817,2024-12-17 12:00:00+00:00,2024-12-17 17:30:00+05:30,2024-12-18 12:00:00+00:00,settlement,True
BTC,1734609600,2024-12-19 12:00:00+00:00,1734523200,105178.6,105200.0,C-BTC-105200-191224,P-BTC-105200-191224,1108.40917682,1090.10931651,2198.51849333,0.0,2858.3931034483,2858.3931034483,0.001,0.1,0.0003,2858.3931034483,0.0209027168390718,-0.3001451259656298,0.09454239018313547,-0.3946875161487653,2024-12-18 12:00:00+00:00,2024-12-18 17:30:00+05:30,2024-12-19 12:00:00+00:00,settlement,False
BTC,1734696000,2024-12-20 12:00:00+00:00,1734609600,102260.4,102500.0,C-BTC-102500-201224,P-BTC-102500-201224,979.03752921,1165.59969446,2144.63722367,0.0,9323.68620689654,9323.68620689654,0.001,0.1,0.0003,9323.68620689654,0.0209723140499157,-3.347442124007075,0.09431758516632031,-3.4417597091733954,2024-12-19 12:00:00+00:00,2024-12-19 17:30:00+05:30,2024-12-20 12:00:00+00:00,settlement,False
BTC,1734782400,2024-12-21 12:00:00+00:00,1734696000,92614.5,93200.0,C-BTC-93200-211224,P-BTC-93200-211224,1352.20725221,1941.40246014,3293.60971235,5015.84827586205,0.0,5015.84827586205,0.001,0.1,0.0003,5015.84827586205,0.0355625707891312,-0.5229030498222658,0.06661714394035767,-0.5895201937626234,2024-12-20 12:00:00+00:00,2024-12-20 17:30:00+05:30,2024-12-21 12:00:00+00:00,settlement,False
BTC,1734868800,2024-12-22 12:00:00+00:00,1734782400,98087.0,98000.0,C-BTC-98000-221224,P-BTC-98000-221224,621.7313696,498.51614008,1120.24750968,0.0,785.76551724137,785.76551724137,0.001,0.1,0.0003,785.76551724137,0.0114209580237952,0.2985786529748011,0.15078259384631384,0.14779605912848723,2024-12-21 12:00:00+00:00,2024-12-21 17:30:00+05:30,2024-12-22 12:00:00+00:00,settlement,True
BTC,1734955200,2024-12-23 12:00:00+00:00,1734868800,97085.2,97000.0,C-BTC-97000-231224,P-BTC-97000-231224,1050.79235254,922.23795736,1973.0303099,0.0,1076.95172413792,1076.95172413792,0.001,0.1,0.0003,1076.95172413792,0.0203226682326451,0.4541636189093801,0.09647589018283637,0.35768772872654375,2024-12-22 12:00:00+00:00,2024-12-22 17:30:00+05:30,2024-12-23 12:00:00+00:00,settlement,True
BTC,1735041600,2024-12-24 12:00:00+00:00,1734955200,96029.8,96000.0,C-BTC-96000-241224,P-BTC-96000-241224,1223.80247152,1179.53588662,2403.33835814,0.0,1664.08275862067,1664.08275862067,0.001,0.1,0.0003,1664.08275862067,0.0250270057642523,0.3075953067596596,0.08337888176229863,0.224216424997361,2024-12-23 12:00:00+00:00,2024-12-23 17:30:00+05:30,2024-12-24 12:00:00+00:00,settlement,True
BTC,1735128000,2024-12-25 12:00:00+00:00,1735041600,94367.0,94400.0,C-BTC-94400-251224,P-BTC-94400-251224,850.62952753,853.07571142,1703.70523895,4089.18965517242,0.0,4089.18965517242,0.001,0.1,0.0003,4089.18965517242,0.0180540362515498,-1.400174373879723,0.10523121506297227,-1.5054055889426952,2024-12-24 12:00:00+00:00,2024-12-24 17:30:00+05:30,2024-12-25 12:00:00+00:00,settlement,False
BTC,1735214400,2024-12-26 12:00:00+00:00,1735128000,97776.5,97800.0,C-BTC-97800-261224,P-BTC-97800-261224,879.67665542,916.97944725,1796.65610267,0.0,2002.1931034483,2002.1931034483,0.001,0.1,0.0003,2002.1931034483,0.018375132088692,-0.1143997454342278,0.10386067053914658,-0.21826041597337437,2024-12-25 12:00:00+00:00,2024-12-25 17:30:00+05:30,2024-12-26 12:00:00+00:00,settlement,False
BTC,1735300800,2024-12-27 12:00:00+00:00,1735214400,95548.9,96000.0,C-BTC-96000-271224,P-BTC-96000-271224,929.73196267,1348.13134422,2277.86330689,656.65172413793,0.0,656.65172413793,0.001,0.1,0.0003,656.65172413793,0.0238397648417721,0.7117247017625187,0.08619655904318652,0.6255281427193322,2024-12-26 12:00:00+00:00,2024-12-26 17:30:00+05:30,2024-12-27 12:00:00+00:00,settlement,True
BTC,1735387200,2024-12-28 12:00:00+00:00,1735300800,96853.6,96800.0,C-BTC-96800-281224,P-BTC-96800-281224,1198.80318353,1113.2097879,2312.01297143,0.0,2081.85862068966,2081.85862068966,0.001,0.1,0.0003,2081.85862068966,0.0238712135783285,0.0995471710515481,0.08611830802626284,0.01342886302528526,2024-12-27 12:00:00+00:00,2024-12-27 17:30:00+05:30,2024-12-28 12:00:00+00:00,settlement,True
BTC,1735473600,2024-12-29 12:00:00+00:00,1735387200,94832.0,94800.0,C-BTC-94800-291224,P-BTC-94800-291224,472.19331592,408.07190778,880.2652237,318.7275862069,0.0,318.7275862069,0.001,0.1,0.0003,318.7275862069,0.0092823648525814,0.6379186890205668,0.17934733276361284,0.458571356256954,2024-12-28 12:00:00+00:00,2024-12-28 17:30:00+05:30,2024-12-29 12:00:00+00:00,settlement,True
BTC,1735560000,2024-12-30 12:00:00+00:00,1735473600,95042.4,95000.0,C-BTC-95000-301224,P-BTC-95000-301224,754.1446535,687.42696396,1441.57161746,0.0,1110.64827586208,1110.64827586208,0.001,0.1,0.0003,1110.64827586208,0.0151676685085814,0.2295573369993199,0.1201564706532759,0.109400866346044,2024-12-29 12:00:00+00:00,2024-12-29 17:30:00+05:30,2024-12-30 12:00:00+00:00,settlement,True
BTC,1735646400,2024-12-31 12:00:00+00:00,1735560000,93968.7,94000.0,C-BTC-94000-311224,P-BTC-94000-311224,953.9980091,947.89150379,1901.88951289,177.70689655172,0.0,177.70689655172,0.001,0.1,0.0003,177.70689655172,0.0202396065167444,0.906562975742115,0.0967618344273902,0.8098011413147248,2024-12-30 12:00:00+00:00,2024-12-30 17:30:00+05:30,2024-12-31 12:00:00+00:00,settlement,True
BTC,1735732800,2025-01-01 12:00:00+00:00,1735646400,94499.7,94400.0,C-BTC-94400-010125,P-BTC-94400-010125,1053.57801576,932.15163649,1985.72965225,0.0,895.49655172417,895.49655172417,0.001,0.1,0.0003,895.49655172417,0.0210130789013086,0.5490340033400335,0.09418660272730486,0.45484740061272866,2024-12-31 12:00:00+00:00,2024-12-31 17:30:00+05:30,2025-01-01 12:00:00+00:00,settlement,True
BTC,1735819200,2025-01-02 12:00:00+00:00,1735732800,93504.2,93600.0,C-BTC-93600-020125,P-BTC-93600-020125,822.53792547,885.71768962,1708.25561509,3078.35517241381,0.0,3078.35517241381,0.001,0.1,0.0003,3078.35517241381,0.0182692928776461,-0.8020459849339503,0.10430710492646286,-0.9063530898604132,2025-01-01 12:00:00+00:00,2025-01-01 17:30:00+05:30,2025-01-02 12:00:00+00:00,settlement,False
BTC,1735905600,2025-01-03 12:00:00+00:00,1735819200,96789.3,97000.0,C-BTC-97000-030125,P-BTC-97000-030125,959.46474971,1132.599974,2092.06472371,0.0,268.14827586208,268.14827586208,0.001,0.1,0.0003,268.14827586208,0.0216146281015566,0.8718260134005058,0.0923111896141308,0.779514823786375,2025-01-02 12:00:00+00:00,2025-01-02 17:30:00+05:30,2025-01-03 12:00:00+00:00,settlement,True
BTC,1735992000,2025-01-04 12:00:00+00:00,1735905600,96819.2,96800.0,C-BTC-96800-040125,P-BTC-96800-040125,799.32308985,739.00213371,1538.3252235599998,1036.91379310346,0.0,1036.91379310346,0.001,0.1,0.0003,1036.91379310346,0.0158886380341915,0.3259463101672161,0.11592028815514821,0.21002602201206788,2025-01-03 12:00:00+00:00,2025-01-03 17:30:00+05:30,2025-01-04 12:00:00+00:00,settlement,True
BTC,1736078400,2025-01-05 12:00:00+00:00,1735992000,97907.1,98000.0,C-BTC-98000-050125,P-BTC-98000-050125,351.94050131,406.42102737,758.36152868,0.0,347.10344827586,347.10344827586,0.001,0.1,0.0003,347.10344827586,0.0077457255774096,0.5422981847720751,0.209610504432246,0.33268768033982915,2025-01-04 12:00:00+00:00,2025-01-04 17:30:00+05:30,2025-01-05 12:00:00+00:00,settlement,True
BTC,1736164800,2025-01-06 12:00:00+00:00,1736078400,97670.1,97600.0,C-BTC-97600-060125,P-BTC-97600-060125,662.27617876,558.10587041,1220.3820491699998,1646.44482758621,0.0,1646.44482758621,0.001,0.1,0.0003,1646.44482758621,0.0124949401011158,-0.3491224561242784,0.14012587339682722,-0.48924832952110564,2025-01-05 12:00:00+00:00,2025-01-05 17:30:00+05:30,2025-01-06 12:00:00+00:00,settlement,False
BTC,1736251200,2025-01-07 12:00:00+00:00,1736164800,99399.5,99400.0,C-BTC-99400-070125,P-BTC-99400-070125,892.54576548,856.79089945,1749.33666493,1437.3896551724,0.0,1437.3896551724,0.001,0.1,0.0003,1437.3896551724,0.0175990489381737,0.1783230272430623,0.10725889326033883,0.07106413398272346,2025-01-06 12:00:00+00:00,2025-01-06 17:30:00+05:30,2025-01-07 12:00:00+00:00,settlement,True
BTC,1736337600,2025-01-08 12:00:00+00:00,1736251200,100903.3,101000.0,C-BTC-101000-080125,P-BTC-101000-080125,868.97117918,935.1536247,1804.12480388,0.0,5990.38275862068,5990.38275862068,0.001,0.1,0.0003,5990.38275862068,0.0178797403442702,-2.320381575452873,0.10599578096411089,-2.426377356416984,2025-01-07 12:00:00+00:00,2025-01-07 17:30:00+05:30,2025-01-08 12:00:00+00:00,settlement,False
BTC,1736424000,2025-01-09 12:00:00+00:00,1736337600,95204.9,95200.0,C-BTC-95200-090125,P-BTC-95200-090125,1182.66664519,1164.63969494,2347.30634013,0.0,1706.13793103445,1706.13793103445,0.001,0.1,0.0003,1706.13793103445,0.0246553101797281,0.2731507166891733,0.08423184691970534,0.18891886976946795,2025-01-08 12:00:00+00:00,2025-01-08 17:30:00+05:30,2025-01-09 12:00:00+00:00,settlement,True
BTC,1736510400,2025-01-10 12:00:00+00:00,1736424000,93451.3,93500.0,C-BTC-93500-100125,P-BTC-93500-100125,898.04155396,917.6314809,1815.67303486,1358.02068965515,0.0,1358.02068965515,0.001,0.1,0.0003,1358.02068965515,0.0194290826864901,0.2520565853092255,0.09968043511105142,0.15237615019817408,2025-01-09 12:00:00+00:00,2025-01-09 17:30:00+05:30,2025-01-10 12:00:00+00:00,settlement,True
BTC,1736596800,2025-01-11 12:00:00+00:00,1736510400,95095.9,95000.0,C-BTC-95000-110125,P-BTC-95000-110125,1122.89564129,997.68404585,2120.57968714,0.0,326.08620689655,326.08620689655,0.001,0.1,0.0003,326.08620689655,0.0222993808054816,0.8462277985241202,0.09029952101144977,0.7559282775126704,2025-01-10 12:00:00+00:00,2025-01-10 17:30:00+05:30,2025-01-11 12:00:00+00:00,settlement,True
BTC,1736683200,2025-01-12 12:00:00+00:00,1736596800,94589.8,94600.0,C-BTC-94600-120125,P-BTC-94600-120125,439.92395811,399.77601781,839.69997592,0.0,302.60689655175,302.60689655175,0.001,0.1,0.0003,302.60689655175,0.0088772782680585,0.6396249788858158,0.18630834898292367,0.4533166299028921,2025-01-11 12:00:00+00:00,2025-01-11 17:30:00+05:30,2025-01-12 12:00:00+00:00,settlement,True
BTC,1736769600,2025-01-13 12:00:00+00:00,1736683200,94206.5,94200.0,C-BTC-94200-130125,P-BTC-94200-130125,658.37526628,622.20050838,1280.57577466,0.0,3015.60344827588,3015.60344827588,0.001,0.1,0.0003,3015.60344827588,0.0135932846954297,-1.354880912124501,0.13096908287634712,-1.485849995000848,2025-01-12 12:00:00+00:00,2025-01-12 17:30:00+05:30,2025-01-13 12:00:00+00:00,settlement,False
BTC,1736856000,2025-01-14 12:00:00+00:00,1736769600,90554.9,90600.0,C-BTC-90600-140125,P-BTC-90600-140125,1157.96932002,1158.44113926,2316.41045928,5945.83793103449,0.0,5945.83793103449,0.001,0.1,0.0003,5945.83793103449,0.0255801779835216,-1.566832621228368,0.08215536151907026,-1.6489879827474383,2025-01-13 12:00:00+00:00,2025-01-13 17:30:00+05:30,2025-01-14 12:00:00+00:00,settlement,False
BTC,1736942400,2025-01-15 12:00:00+00:00,1736856000,96500.7,96600.0,C-BTC-96600-150125,P-BTC-96600-150125,1059.94362782,1136.17191417,2196.11554199,103.49655172412,0.0,103.49655172412,0.001,0.1,0.0003,103.49655172412,0.0227575089298834,0.952872902292592,0.08902122132799066,0.8638516809646014,2025-01-14 12:00:00+00:00,2025-01-14 17:30:00+05:30,2025-01-15 12:00:00+00:00,settlement,True
BTC,1737028800,2025-01-16 12:00:00+00:00,1736942400,96703.0,96800.0,C-BTC-96800-160125,P-BTC-96800-160125,1148.18190555,1216.80336692,2364.98527247,2314.63448275864,0.0,2314.63448275864,0.001,0.1,0.0003,2314.63448275864,0.0244561727399356,0.0212901070875479,0.08469949290339059,-0.06340938581584268,2025-01-15 12:00:00+00:00,2025-01-15 17:30:00+05:30,2025-01-16 12:00:00+00:00,settlement,True
BTC,1737115200,2025-01-17 12:00:00+00:00,1737028800,98956.6,99000.0,C-BTC-99000-170125,P-BTC-99000-170125,986.28770589,990.17974519,1976.46745108,3288.93103448277,0.0,3288.93103448277,0.001,0.1,0.0003,3288.93103448277,0.0199730735603284,-0.6640451289423467,0.09769544810031296,-0.7617405770426596,2025-01-16 12:00:00+00:00,2025-01-16 17:30:00+05:30,2025-01-17 12:00:00+00:00,settlement,False
BTC,1737201600,2025-01-18 12:00:00+00:00,1737115200,102325.4,102400.0,C-BTC-102400-180125,P-BTC-102400-180125,1080.33269168,1119.12900208,2199.46169376,1142.67586206897,0.0,1142.67586206897,0.001,0.1,0.0003,1142.67586206897,0.0214947773843053,0.4804747610241144,0.09267646732428628,0.3877982936998281,2025-01-17 12:00:00+00:00,2025-01-17 17:30:00+05:30,2025-01-18 12:00:00+00:00,settlement,True
BTC,1737288000,2025-01-19 12:00:00+00:00,1737201600,103557.6,103600.0,C-BTC-103600-190125,P-BTC-103600-190125,649.42579318,661.92258156,1311.34837474,1013.4448275862,0.0,1013.4448275862,0.001,0.1,0.0003,1013.4448275862,0.0126629853795375,0.2271734596940078,0.1386219722726798,0.08855148742132798,2025-01-18 12:00:00+00:00,2025-01-18 17:30:00+05:30,2025-01-19 12:00:00+00:00,settlement,True
BTC,1737374400,2025-01-20 12:00:00+00:00,1737288000,104800.1,104800.0,C-BTC-104800-200125,P-BTC-104800-200125,1276.08019325,1245.31798114,2521.3981743900003,3459.49999999996,0.0,3459.49999999996,0.001,0.1,0.0003,3459.49999999996,0.0240591199282252,-0.3720562008564608,0.0856550206418316,-0.4577112214982924,2025-01-19 12:00:00+00:00,2025-01-19 17:30:00+05:30,2025-01-20 12:00:00+00:00,settlement,False
BTC,1737460800,2025-01-21 12:00:00+00:00,1737374400,108479.3,108400.0,C-BTC-108400-210125,P-BTC-108400-210125,2650.18081729,2534.43376823,5184.61458552,0.0,4605.36896551723,4605.36896551723,0.001,0.1,0.0003,4605.36896551723,0.0477935844490147,0.1117239498612939,0.05642740745069168,0.05529654241060222,2025-01-20 12:00:00+00:00,2025-01-20 17:30:00+05:30,2025-01-21 12:00:00+00:00,settlement,True
BTC,1737547200,2025-01-22 12:00:00+00:00,1737460800,103669.3,103600.0,C-BTC-103600-220125,P-BTC-103600-220125,1570.66297425,1464.81288815,3035.4758624,1493.57586206897,0.0,1493.57586206897,0.001,0.1,0.0003,1493.57586206897,0.0292803738657442,0.507959894997131,0.0751600382458439,0.4327998567512871,2025-01-21 12:00:00+00:00,2025-01-21 17:30:00+05:30,2025-01-22 12:00:00+00:00,settlement,True
BTC,1737633600,2025-01-23 12:00:00+00:00,1737547200,105326.7,105200.0,C-BTC-105200-230125,P-BTC-105200-230125,1237.99207798,1098.49769628,2336.48977426,0.0,3220.59655172413,3220.59655172413,0.001,0.1,0.0003,3220.59655172413,0.0221832619294063,-0.3783910322244573,0.09063191094736787,-0.4690229431718252,2025-01-22 12:00:00+00:00,2025-01-22 17:30:00+05:30,2025-01-23 12:00:00+00:00,settlement,False
BTC,1737720000,2025-01-24 12:00:00+00:00,1737633600,101898.2,102000.0,C-BTC-102000-240125,P-BTC-102000-240125,1148.05517997,1215.14885536,2363.20403533,3328.48965517241,0.0,3328.48965517241,0.001,0.1,0.0003,3328.48965517241,0.0231918133522476,-0.4084647814625184,0.0878560277669175,-0.4963208092294359,2025-01-23 12:00:00+00:00,2025-01-23 17:30:00+05:30,2025-01-24 12:00:00+00:00,settlement,False
BTC,1737806400,2025-01-25 12:00:00+00:00,1737720000,105467.7,105400.0,C-BTC-105400-250125,P-BTC-105400-250125,1309.90183362,1203.42921879,2513.33105241,0.0,831.78275862068,831.78275862068,0.001,0.1,0.0003,831.78275862068,0.0238303390745223,0.6690516524581612,0.08622005254612106,0.5828315999120401,2025-01-24 12:00:00+00:00,2025-01-24 17:30:00+05:30,2025-01-25 12:00:00+00:00,settlement,True
BTC,1737892800,2025-01-26 12:00:00+00:00,1737806400,104564.3,104600.0,C-BTC-104600-260125,P-BTC-104600-260125,453.00364462,455.93564372,908.93928834,153.6379310345,0.0,153.6379310345,0.001,0.1,0.0003,153.6379310345,0.0086926349465352,0.8309700845750769,0.18969652202228843,0.6412735625527886,2025-01-25 12:00:00+00:00,2025-01-25 17:30:00+05:30,2025-01-26 12:00:00+00:00,settlement,True
BTC,1737979200,2025-01-27 12:00:00+00:00,1737892800,104795.2,104800.0,C-BTC-104800-270125,P-BTC-104800-270125,722.85795448,685.84844676,1408.70640124,0.0,5790.0931034483,5790.0931034483,0.001,0.1,0.0003,5790.0931034483,0.0134424706593431,-3.1102199140655755,0.13213777873755744,-3.242357692803133,2025-01-26 12:00:00+00:00,2025-01-26 17:30:00+05:30,2025-01-27 12:00:00+00:00,settlement,False
BTC,1738065600,2025-01-28 12:00:00+00:00,1737979200,98850.1,98800.0,C-BTC-98800-280125,P-BTC-98800-280125,1464.5006014,1388.02082488,2852.52142628,3917.30689655173,0.0,3917.30689655173,0.001,0.1,0.0003,3917.30689655173,0.0288570413816475,-0.3732786931806948,0.07586947948241653,-0.4491481726631113,2025-01-27 12:00:00+00:00,2025-01-27 17:30:00+05:30,2025-01-28 12:00:00+00:00,settlement,False
BTC,1738152000,2025-01-29 12:00:00+00:00,1738065600,102963.5,103000.0,C-BTC-103000-290125,P-BTC-103000-290125,1050.73568818,1068.91573322,2119.6514214,0.0,350.63793103446,350.63793103446,0.001,0.1,0.0003,350.63793103446,0.0205864352066508,0.8345775501129952,0.09558315676249428,0.7389943933505009,2025-01-28 12:00:00+00:00,2025-01-28 17:30:00+05:30,2025-01-29 12:00:00+00:00,settlement,True
BTC,1738238400,2025-01-30 12:00:00+00:00,1738152000,102617.8,102600.0,C-BTC-102600-300125,P-BTC-102600-300125,1194.2853078,1146.4038832,2340.6891910000004,2701.8931034483,0.0,2701.8931034483,0.001,0.1,0.0003,2701.8931034483,0.022809777553212,-0.154315196497312,0.08887864135003817,-0.24319383784735019,2025-01-29 12:00:00+00:00,2025-01-29 17:30:00+05:30,2025-01-30 12:00:00+00:00,settlement,False
BTC,1738324800,2025-01-31 12:00:00+00:00,1738238400,105172.1,105000.0,C-BTC-105000-310125,P-BTC-105000-310125,1146.00027202,945.37896839,2091.37924041,0.0,311.3827586207,311.3827586207,0.001,0.1,0.0003,311.3827586207,0.0198853045666103,0.8511112893328445,0.09800836370681607,0.7531029256260284,2025-01-30 12:00:00+00:00,2025-01-30 17:30:00+05:30,2025-01-31 12:00:00+00:00,settlement,True
BTC,1738411200,2025-02-01 12:00:00+00:00,1738324800,104612.5,104600.0,C-BTC-104600-010225,P-BTC-104600-010225,984.40532319,934.69336622,1919.09868941,0.0,2629.03103448273,2629.03103448273,0.001,0.1,0.0003,2629.03103448273,0.0183448315393475,-0.3699300869675381,0.10398795329152191,-0.47391804025906004,2025-01-31 12:00:00+00:00,2025-01-31 17:30:00+05:30,2025-02-01 12:00:00+00:00,settlement,False
BTC,1738497600,2025-02-02 12:00:00+00:00,1738411200,102087.2,102000.0,C-BTC-102000-020225,P-BTC-102000-020225,468.4783851,356.16008775,824.63847285,0.0,3011.48620689654,3011.48620689654,0.001,0.1,0.0003,3011.48620689654,0.0080777851958913,-2.6518866218897874,0.20209557492073776,-2.853982196810525,2025-02-01 12:00:00+00:00,2025-02-01 17:30:00+05:30,2025-02-02 12:00:00+00:00,settlement,False
BTC,1738584000,2025-02-03 12:00:00+00:00,1738497600,99010.0,99200.0,C-BTC-99200-030225,P-BTC-99200-030225,995.93362968,1151.98459439,2147.91822407,0.0,4097.5655172414,4097.5655172414,0.001,0.1,0.0003,4097.5655172414,0.0216939523691546,-0.9076915830981196,0.09207164695048045,-0.9997632300486,2025-02-02 12:00:00+00:00,2025-02-02 17:30:00+05:30,2025-02-03 12:00:00+00:00,settlement,False
BTC,1738670400,2025-02-04 12:00:00+00:00,1738584000,95094.4,95200.0,C-BTC-95200-040225,P-BTC-95200-040225,1243.18361802,1327.84008582,2571.02370384,3999.95862068965,0.0,3999.95862068965,0.001,0.1,0.0003,3999.95862068965,0.0270365416243227,-0.5557844195350816,0.07917356240585627,-0.6349579819409379,2025-02-03 12:00:00+00:00,2025-02-03 17:30:00+05:30,2025-02-04 12:00:00+00:00,settlement,False
BTC,1738756800,2025-02-05 12:00:00+00:00,1738670400,99163.9,99200.0,C-BTC-99200-050225,P-BTC-99200-050225,1289.29663334,1295.07554379,2584.37217713,0.0,1097.16896551727,1097.16896551727,0.001,0.1,0.0003,1097.16896551727,0.0260616230012131,0.5754601542198541,0.08113276354024791,0.4943273906796062,2025-02-04 12:00:00+00:00,2025-02-04 17:30:00+05:30,2025-02-05 12:00:00+00:00,settlement,True
BTC,1738843200,2025-02-06 12:00:00+00:00,1738756800,98334.4,98400.0,C-BTC-98400-060225,P-BTC-98400-060225,1088.27196299,1116.56506341,2204.8370264,462.92068965515,0.0,462.92068965515,0.001,0.1,0.0003,462.92068965515,0.0224218282350835,0.7900431260395718,0.08995274495700475,0.700090381082567,2025-02-05 12:00:00+00:00,2025-02-05 17:30:00+05:30,2025-02-06 12:00:00+00:00,settlement,True
BTC,1738929600,2025-02-07 12:00:00+00:00,1738843200,98981.0,99000.0,C-BTC-99000-070225,P-BTC-99000-070225,1023.55135358,1009.42909558,2032.98044916,0.0,1347.17857142857,1347.17857142857,0.001,0.1,0.0003,1347.17857142857,0.0205390978991927,0.3373381568990464,0.095741684145517,0.2415964727535294,2025-02-06 12:00:00+00:00,2025-02-06 17:30:00+05:30,2025-02-07 12:00:00+00:00,settlement,True
BTC,1739016000,2025-02-08 12:00:00+00:00,1738929600,97870.8,97800.0,C-BTC-97800-080225,P-BTC-97800-080225,1038.11183264,927.34434652,1965.45617916,0.0,1838.11034482761,1838.11034482761,0.001,0.1,0.0003,1838.11034482761,0.0200821509496192,0.0647919987647932,0.0973103752856137,-0.0325183765208205,2025-02-07 12:00:00+00:00,2025-02-07 17:30:00+05:30,2025-02-08 12:00:00+00:00,settlement,True
BTC,1739102400,2025-02-09 12:00:00+00:00,1739016000,96192.9,96200.0,C-BTC-96200-090225,P-BTC-96200-090225,444.71831856,423.28145573,867.99977429,464.6068965517,0.0,464.6068965517,0.001,0.1,0.0003,464.6068965517,0.009023532654593,0.4647384592562415,0.1837230205289112,0.2810154387273303,2025-02-08 12:00:00+00:00,2025-02-08 17:30:00+05:30,2025-02-09 12:00:00+00:00,settlement,True
BTC,1739188800,2025-02-10 12:00:00+00:00,1739102400,96607.0,96600.0,C-BTC-96600-100225,P-BTC-96600-100225,751.2520772,719.4728658,1470.7249430000002,1197.30689655172,0.0,1197.30689655172,0.001,0.1,0.0003,1197.30689655172,0.0152237927168838,0.1859069894405674,0.11981230162110604,0.06609468781946137,2025-02-09 12:00:00+00:00,2025-02-09 17:30:00+05:30,2025-02-10 12:00:00+00:00,settlement,True
BTC,1739275200,2025-02-11 12:00:00+00:00,1739188800,97744.5,97800.0,C-BTC-97800-110225,P-BTC-97800-110225,951.19957045,980.425615,1931.62518545,291.14137931033,0.0,291.14137931033,0.001,0.1,0.0003,291.14137931033,0.0197619833898582,0.8492764634136284,0.09845272695890858,0.7508237364547198,2025-02-10 12:00:00+00:00,2025-02-10 17:30:00+05:30,2025-02-11 12:00:00+00:00,settlement,True
BTC,1739361600,2025-02-12 12:00:00+00:00,1739275200,98022.1,98000.0,C-BTC-98000-120225,P-BTC-98000-120225,831.10627105,782.78287568,1613.88914673,0.0,1794.77241379312,1794.77241379312,0.001,0.1,0.0003,1794.77241379312,0.016464543676681,-0.1120791148695799,0.11280299090010598,-0.22488210576968587,2025-02-11 12:00:00+00:00,2025-02-11 17:30:00+05:30,2025-02-12 12:00:00+00:00,settlement,False
BTC,1739448000,2025-02-13 12:00:00+00:00,1739361600,96207.5,96200.0,C-BTC-96200-130225,P-BTC-96200-130225,944.66979082,909.81115014,1854.48094096,0.0,262.24137931035,262.24137931035,0.001,0.1,0.0003,262.24137931035,0.0192758458639918,0.8585904155075346,0.10025981130950774,0.7583306041980268,2025-02-12 12:00:00+00:00,2025-02-12 17:30:00+05:30,2025-02-13 12:00:00+00:00,settlement,True
BTC,1739534400,2025-02-14 12:00:00+00:00,1739448000,95987.5,96000.0,C-BTC-96000-140225,P-BTC-96000-140225,940.53822952,926.93441925,1867.47264877,882.46551724138,0.0,882.46551724138,0.001,0.1,0.0003,882.46551724138,0.0194553733430915,0.527454649564688,0.09958194949174855,0.4278727000729395,2025-02-13 12:00:00+00:00,2025-02-13 17:30:00+05:30,2025-02-14 12:00:00+00:00,settlement,True
BTC,1739620800,2025-02-15 12:00:00+00:00,1739534400,96730.7,96800.0,C-BTC-96800-150225,P-BTC-96800-150225,742.73078261,785.46654154,1528.19732415,805.5275862069,0.0,805.5275862069,0.001,0.1,0.0003,805.5275862069,0.0157984727098015,0.4728903306679043,0.11642891704851308,0.3564614136193912,2025-02-14 12:00:00+00:00,2025-02-14 17:30:00+05:30,2025-02-15 12:00:00+00:00,settlement,True
BTC,1739707200,2025-02-16 12:00:00+00:00,1739620800,97587.9,97600.0,C-BTC-97600-160225,P-BTC-97600-160225,373.99133476,345.09708538,719.0884201399999,0.0,325.14137931037,325.14137931037,0.001,0.1,0.0003,325.14137931037,0.0073686227507713,0.5478422816945544,0.21896616834560723,0.3288761133489472,2025-02-15 12:00:00+00:00,2025-02-15 17:30:00+05:30,2025-02-16 12:00:00+00:00,settlement,True
BTC,1739793600,2025-02-17 12:00:00+00:00,1739707200,97288.9,97200.0,C-BTC-97200-170225,P-BTC-97200-170225,594.3264558,481.87932159,1076.20577739,0.0,1127.3344827586,1127.3344827586,0.001,0.1,0.0003,1127.3344827586,0.0110619585316516,-0.0475082985454663,0.15480626543196627,-0.20231456397743258,2025-02-16 12:00:00+00:00,2025-02-16 17:30:00+05:30,2025-02-17 12:00:00+00:00,settlement,False
BTC,1739880000,2025-02-18 12:00:00+00:00,1739793600,96193.6,96200.0,C-BTC-96200-180225,P-BTC-96200-180225,702.68284521,682.87726847,1385.56011368,0.0,525.23103448279,525.23103448279,0.001,0.1,0.0003,525.23103448279,0.01440387004624,0.6209251195259984,0.12510691303478022,0.49581820649121816,2025-02-17 12:00:00+00:00,2025-02-17 17:30:00+05:30,2025-02-18 12:00:00+00:00,settlement,True
BTC,1739966400,2025-02-19 12:00:00+00:00,1739880000,95645.2,95600.0,C-BTC-95600-190225,P-BTC-95600-190225,739.67743405,669.15897665,1408.8364107,708.94827586207,0.0,708.94827586207,0.001,0.1,0.0003,708.94827586207,0.0147298182313383,0.4967845304978885,0.12293153249830327,0.37385299799958527,2025-02-18 12:00:00+00:00,2025-02-18 17:30:00+05:30,2025-02-19 12:00:00+00:00,settlement,True
BTC,1740052800,2025-02-20 12:00:00+00:00,1739966400,96494.2,96400.0,C-BTC-96400-200225,P-BTC-96400-200225,728.88191069,609.33235128,1338.21426197,817.03103448273,0.0,817.03103448273,0.001,0.1,0.0003,817.03103448273,0.0138683388428527,0.3894617194708644,0.1289030720438272,0.26055864742703716,2025-02-19 12:00:00+00:00,2025-02-19 17:30:00+05:30,2025-02-20 12:00:00+00:00,settlement,True
BTC,1740139200,2025-02-21 12:00:00+00:00,1740052800,97318.2,97500.0,C-BTC-97500-210225,P-BTC-97500-210225,539.8582131,696.04964892,1235.9078620199998,1187.13103448277,0.0,1187.13103448277,0.001,0.1,0.0003,1187.13103448277,0.0126996580497789,0.0394663947339146,0.1382990651283437,-0.0988326703944291,2025-02-20 12:00:00+00:00,2025-02-20 17:30:00+05:30,2025-02-21 12:00:00+00:00,settlement,True
BTC,1740225600,2025-02-22 12:00:00+00:00,1740139200,98641.1,98600.0,C-BTC-98600-220225,P-BTC-98600-220225,784.08621165,712.91846089,1497.00467254,0.0,2045.54482758621,2045.54482758621,0.001,0.1,0.0003,2045.54482758621,0.0151762771556683,-0.3664251455645025,0.12010351478663663,-0.4865286603511391,2025-02-21 12:00:00+00:00,2025-02-21 17:30:00+05:30,2025-02-22 12:00:00+00:00,settlement,False
BTC,1740312000,2025-02-23 12:00:00+00:00,1740225600,96588.8,96600.0,C-BTC-96600-230225,P-BTC-96600-230225,382.50735868,368.24859975,750.75595843,0.0,457.70689655172,457.70689655172,0.001,0.1,0.0003,457.70689655172,0.0077727019947447,0.3903386427876132,0.20897603105810353,0.18136261172950968,2025-02-22 12:00:00+00:00,2025-02-22 17:30:00+05:30,2025-02-23 12:00:00+00:00,settlement,True
BTC,1740398400,2025-02-24 12:00:00+00:00,1740312000,96148.1,96200.0,C-BTC-96200-240225,P-BTC-96200-240225,538.70674138,561.83393072,1100.5406721,0.0,438.43448275862,438.43448275862,0.001,0.1,0.0003,438.43448275862,0.0114463070211475,0.6016190097527064,0.15050802193090523,0.4511109878218012,2025-02-23 12:00:00+00:00,2025-02-23 17:30:00+05:30,2025-02-24 12:00:00+00:00,settlement,True
BTC,1740484800,2025-02-25 12:00:00+00:00,1740398400,95689.6,95600.0,C-BTC-95600-250225,P-BTC-95600-250225,789.86559218,670.97719514,1460.84278732,0.0,6893.37586206896,6893.37586206896,0.001,0.1,0.0003,6893.37586206896,0.0152664739670768,-3.71876640108225,0.11955226244473303,-3.8383186635269833,2025-02-24 12:00:00+00:00,2025-02-24 17:30:00+05:30,2025-02-25 12:00:00+00:00,settlement,False
BTC,1740571200,2025-02-26 12:00:00+00:00,1740484800,89084.5,89200.0,C-BTC-89200-260225,P-BTC-89200-260225,1220.17412502,1324.97938587,2545.15351089,0.0,442.11034482758,442.11034482758,0.001,0.1,0.0003,442.11034482758,0.028570104910394,0.8262932499215024,0.07636229612880582,0.7499309537926966,2025-02-25 12:00:00+00:00,2025-02-25 17:30:00+05:30,2025-02-26 12:00:00+00:00,settlement,True
BTC,1740657600,2025-02-27 12:00:00+00:00,1740571200,88482.5,88400.0,C-BTC-88400-270225,P-BTC-88400-270225,967.6625687,862.79319869,1830.45576739,0.0,1844.3827586207,1844.3827586207,0.001,0.1,0.0003,1844.3827586207,0.0206872067062978,-0.0076084828045631,0.09524810032129295,-0.10285658312585605,2025-02-26 12:00:00+00:00,2025-02-26 17:30:00+05:30,2025-02-27 12:00:00+00:00,settlement,False
BTC,1740744000,2025-02-28 12:00:00+00:00,1740657600,86689.9,87000.0,C-BTC-87000-280225,P-BTC-87000-280225,1063.27487938,1349.5347963,2412.80967568,0.0,6397.87241379311,6397.87241379311,0.001,0.1,0.0003,6397.87241379311,0.0278326503511943,-1.651627469120624,0.0776754998942901,-1.7293029690149142,2025-02-27 12:00:00+00:00,2025-02-27 17:30:00+05:30,2025-02-28 12:00:00+00:00,settlement,False
BTC,1740830400,2025-03-01 12:00:00+00:00,1740744000,80314.2,80400.0,C-BTC-80400-010325,P-BTC-80400-010325,1219.49765931,1292.69480641,2512.19246572,4227.08620689655,0.0,4227.08620689655,0.001,0.1,0.0003,4227.08620689655,0.0312795553677929,-0.682628327477711,0.07206918568215917,-0.7546975131598701,2025-02-28 12:00:00+00:00,2025-02-28 17:30:00+05:30,2025-03-01 12:00:00+00:00,settlement,False
BTC,1740916800,2025-03-02 12:00:00+00:00,1740830400,84600.2,84600.0,C-BTC-84600-020325,P-BTC-84600-020325,489.47761276,472.38729539,961.86490815,1528.82758620688,0.0,1528.82758620688,0.001,0.1,0.0003,1528.82758620688,0.0113695346837241,-0.589441067298469,0.1513433555013512,-0.7407844227998202,2025-03-01 12:00:00+00:00,2025-03-01 17:30:00+05:30,2025-03-02 12:00:00+00:00,settlement,False
BTC,1741003200,2025-03-03 12:00:00+00:00,1740916800,85952.8,86000.0,C-BTC-86000-030325,P-BTC-86000-030325,812.27851934,843.49838289,1655.77690223,6603.36206896552,0.0,6603.36206896552,0.001,0.1,0.0003,6603.36206896552,0.0192637924794771,-2.988074758182768,0.10030577522616851,-3.0883805334089365,2025-03-02 12:00:00+00:00,2025-03-02 17:30:00+05:30,2025-03-03 12:00:00+00:00,settlement,False
BTC,1741089600,2025-03-04 12:00:00+00:00,1741003200,93201.5,93200.0,C-BTC-93200-040325,P-BTC-93200-040325,1445.15878055,1425.93425552,2871.0930360700004,0.0,9247.71379310342,9247.71379310342,0.001,0.1,0.0003,9247.71379310342,0.0308052234789139,-2.220973224107653,0.0727662304014527,-2.293739454509106,2025-03-03 12:00:00+00:00,2025-03-03 17:30:00+05:30,2025-03-04 12:00:00+00:00,settlement,False
BTC,1741176000,2025-03-05 12:00:00+00:00,1741089600,83895.6,83800.0,C-BTC-83800-050325,P-BTC-83800-050325,1483.53068912,1366.2895295,2849.82021862,6000.43103448274,0.0,6000.43103448274,0.001,0.1,0.0003,6000.43103448274,0.0339686493525286,-1.105547218479766,0.0684854960968471,-1.174032714576613,2025-03-04 12:00:00+00:00,2025-03-04 17:30:00+05:30,2025-03-05 12:00:00+00:00,settlement,False
BTC,1741262400,2025-03-06 12:00:00+00:00,1741176000,89973.9,90000.0,C-BTC-90000-060325,P-BTC-90000-060325,1541.64586737,1561.52733423,3103.1732016,1371.89310344825,0.0,1371.89310344825,0.001,0.1,0.0003,1371.89310344825,0.0344897042542337,0.5579063705690355,0.06785573041630766,0.4900506401527278,2025-03-05 12:00:00+00:00,2025-03-05 17:30:00+05:30,2025-03-06 12:00:00+00:00,settlement,True
BTC,1741348800,2025-03-07 12:00:00+00:00,1741262400,91154.3,91000.0,C-BTC-91000-070325,P-BTC-91000-070325,1291.56981271,1117.31506834,2408.88488105,0.0,2009.73793103451,2009.73793103451,0.001,0.1,0.0003,2009.73793103451,0.0264264536182056,0.1656978102836974,0.08038267213821285,0.08531513814548455,2025-03-06 12:00:00+00:00,2025-03-06 17:30:00+05:30,2025-03-07 12:00:00+00:00,settlement,True
BTC,1741435200,2025-03-08 12:00:00+00:00,1741348800,89016.4,89000.0,C-BTC-89000-080325,P-BTC-89000-080325,1584.78640527,1555.94224273,3140.728648,0.0,3123.5689655172,3123.5689655172,0.001,0.1,0.0003,3123.5689655172,0.0352825844226457,0.0054635991854079,0.06693311448611335,-0.06146951530070545,2025-03-07 12:00:00+00:00,2025-03-07 17:30:00+05:30,2025-03-08 12:00:00+00:00,settlement,True
BTC,1741521600,2025-03-09 12:00:00+00:00,1741435200,86052.2,86000.0,C-BTC-86000-090325,P-BTC-86000-090325,616.82484333,552.90881037,1169.7336537,0.0,1091.88620689652,1091.88620689652,0.001,0.1,0.0003,1091.88620689652,0.0135933032938146,0.0665514295132399,0.13096894035199796,-0.06441751083875806,2025-03-08 12:00:00+00:00,2025-03-08 17:30:00+05:30,2025-03-09 12:00:00+00:00,settlement,True
BTC,1741608000,2025-03-10 12:00:00+00:00,1741521600,84788.6,84800.0,C-BTC-84800-100325,P-BTC-84800-100325,925.09490154,925.1042917,1850.19919324,0.0,2031.5275862069,2031.5275862069,0.001,0.1,0.0003,2031.5275862069,0.0218213202392774,-0.0980047951752504,0.09169066584758057,-0.18969546102283097,2025-03-09 12:00:00+00:00,2025-03-09 17:30:00+05:30,2025-03-10 12:00:00+00:00,settlement,False
BTC,1741694400,2025-03-11 12:00:00+00:00,1741608000,83727.6,83800.0,C-BTC-83800-110325,P-BTC-83800-110325,1233.5384787,1255.20269119,2488.74116989,0.0,1980.05517241379,1980.05517241379,0.001,0.1,0.0003,1980.05517241379,0.0297242626074317,0.2043948979630909,0.07443785122951944,0.12995704673357145,2025-03-10 12:00:00+00:00,2025-03-10 17:30:00+05:30,2025-03-11 12:00:00+00:00,settlement,True
BTC,1741780800,2025-03-12 12:00:00+00:00,1741694400,81534.5,81600.0,C-BTC-81600-120325,P-BTC-81600-120325,1315.1521468,1366.32855284,2681.48069964,1293.92758620689,0.0,1293.92758620689,0.001,0.1,0.0003,1293.92758620689,0.032887681897111,0.517457803675184,0.06985563415597212,0.4476021695192119,2025-03-11 12:00:00+00:00,2025-03-11 17:30:00+05:30,2025-03-12 12:00:00+00:00,settlement,True
BTC,1741867200,2025-03-13 12:00:00+00:00,1741780800,83169.8,83200.0,C-BTC-83200-130325,P-BTC-83200-130325,1374.60860198,1400.35813829,2774.96674027,0.0,349.13103448275,349.13103448275,0.001,0.1,0.0003,349.13103448275,0.033365076509382,0.8741855066526744,0.0692395849834731,0.8049459216692012,2025-03-12 12:00:00+00:00,2025-03-12 17:30:00+05:30,2025-03-13 12:00:00+00:00,settlement,True
BTC,1741953600,2025-03-14 12:00:00+00:00,1741867200,82861.4,83000.0,C-BTC-83000-140325,P-BTC-83000-140325,973.36216868,1089.23849513,2062.60066381,250.67241379313,0.0,250.67241379313,0.001,0.1,0.0003,250.67241379313,0.0248921773444571,0.8784677915646103,0.08368534114173456,0.7947824504228758,2025-03-13 12:00:00+00:00,2025-03-13 17:30:00+05:30,2025-03-14 12:00:00+00:00,settlement,True
BTC,1742040000,2025-03-15 12:00:00+00:00,1741953600,83109.4,83200.0,C-BTC-83200-150325,P-BTC-83200-150325,912.27299541,1000.39807075,1912.67106616,892.75517241379,0.0,892.75517241379,0.001,0.1,0.0003,892.75517241379,0.0230138957345378,0.5332416596826856,0.08832804446206619,0.44491361522061934,2025-03-14 12:00:00+00:00,2025-03-14 17:30:00+05:30,2025-03-15 12:00:00+00:00,settlement,True
BTC,1742126400,2025-03-16 12:00:00+00:00,1742040000,84010.9,84000.0,C-BTC-84000-160325,P-BTC-84000-160325,415.31328762,392.15206919,807.46535681,0.0,1462.13333333333,1462.13333333333,0.001,0.1,0.0003,1462.13333333333,0.0096114356209729,-0.8107691196928665,0.17412450549948688,-0.9848936251923534,2025-03-15 12:00:00+00:00,2025-03-15 17:30:00+05:30,2025-03-16 12:00:00+00:00,settlement,False
BTC,1742212800,2025-03-17 12:00:00+00:00,1742126400,82623.9,82600.0,C-BTC-82600-170325,P-BTC-82600-170325,863.33470938,837.43891893,1700.77362831,987.64827586207,0.0,987.64827586207,0.001,0.1,0.0003,987.64827586207,0.0205845237069419,0.4192946907088029,0.09558954403605982,0.3237051466727431,2025-03-16 12:00:00+00:00,2025-03-16 17:30:00+05:30,2025-03-17 12:00:00+00:00,settlement,True
BTC,1742299200,2025-03-18 12:00:00+00:00,1742212800,83422.0,83400.0,C-BTC-83400-180325,P-BTC-83400-180325,936.83621043,908.48978168,1845.32599211,0.0,799.37586206898,799.37586206898,0.001,0.1,0.0003,799.37586206898,0.0221203758254417,0.5668104901319088,0.09081337893958334,0.4759971111923254,2025-03-17 12:00:00+00:00,2025-03-17 17:30:00+05:30,2025-03-18 12:00:00+00:00,settlement,True
BTC,1742385600,2025-03-19 12:00:00+00:00,1742299200,82627.0,82600.0,C-BTC-82600-190325,P-BTC-82600-190325,826.47663268,789.56967178,1616.04630446,1317.02068965518,0.0,1317.02068965518,0.001,0.1,0.0003,1317.02068965518,0.0195583320761978,0.1850353012655409,0.09919881164116479,0.08583648962437612,2025-03-18 12:00:00+00:00,2025-03-18 17:30:00+05:30,2025-03-19 12:00:00+00:00,settlement,True
BTC,1742472000,2025-03-20 12:00:00+00:00,1742385600,83742.4,83800.0,C-BTC-83800-200325,P-BTC-83800-200325,962.49006923,1005.13173472,1967.62180395,1649.9344827586,0.0,1649.9344827586,0.001,0.1,0.0003,1649.9344827586,0.0234961238745247,0.1614575120857284,0.08706525939179582,0.07439225269393257,2025-03-19 12:00:00+00:00,2025-03-19 17:30:00+05:30,2025-03-20 12:00:00+00:00,settlement,True
BTC,1742558400,2025-03-21 12:00:00+00:00,1742472000,85361.7,85500.0,C-BTC-85500-210325,P-BTC-85500-210325,865.34828512,991.95909648,1857.3073816,0.0,1425.06551724135,1425.06551724135,0.001,0.1,0.0003,1425.06551724135,0.021758088013711,0.2327250021406203,0.09187924773112847,0.14084575440949182,2025-03-20 12:00:00+00:00,2025-03-20 17:30:00+05:30,2025-03-21 12:00:00+00:00,settlement,True
BTC,1742644800,2025-03-22 12:00:00+00:00,1742558400,84107.6,84200.0,C-BTC-84200-220325,P-BTC-84200-220325,710.42292267,793.69416939,1504.11709206,69.6648275862,0.0,69.6648275862,0.001,0.1,0.0003,69.6648275862,0.0178832482684085,0.9536839066892132,0.1059802461581556,0.8477036605310576,2025-03-21 12:00:00+00:00,2025-03-21 17:30:00+05:30,2025-03-22 12:00:00+00:00,settlement,True
BTC,1742731200,2025-03-23 12:00:00+00:00,1742644800,84219.47333333334,84200.0,C-BTC-84200-230325,P-BTC-84200-230325,306.7479585,275.40158406,582.14954256,571.12609195402,0.0,571.12609195402,0.001,0.1,0.0003,571.12609195402,0.0069122914157382,0.0189357713097297,0.23165247435835412,-0.21271670304862442,2025-03-22 12:00:00+00:00,2025-03-22 17:30:00+05:30,2025-03-23 12:00:00+00:00,settlement,True
BTC,1742817600,2025-03-24 12:00:00+00:00,1742731200,84738.0,84800.0,C-BTC-84800-240325,P-BTC-84800-240325,506.22601693,555.19795879,1061.42397572,2881.393908046,0.0,2881.393908046,0.001,0.1,0.0003,2881.393908046,0.0125259502905426,-1.7146493521511537,0.13984531529788308,-1.8544946674490368,2025-03-23 12:00:00+00:00,2025-03-23 17:30:00+05:30,2025-03-24 12:00:00+00:00,settlement,False
BTC,1742904000,2025-03-25 12:00:00+00:00,1742817600,87475.21,87400.0,C-BTC-87400-250325,P-BTC-87400-250325,842.584189,766.96194138,1609.54613038,5.15045977008,0.0,5.15045977008,0.001,0.1,0.0003,5.15045977008,0.018400025908826,0.9968000545788246,0.10375641337769956,0.893043641201125,2025-03-24 12:00:00+00:00,2025-03-24 17:30:00+05:30,2025-03-25 12:00:00+00:00,settlement,True
BTC,1742990400,2025-03-26 12:00:00+00:00,1742904000,87308.71999999999,87400.0,C-BTC-87400-260325,P-BTC-87400-260325,689.82106378,770.4483433,1460.26940708,645.5424137931,0.0,645.5424137931,0.001,0.1,0.0003,645.5424137931,0.0167253558073008,0.557929235069064,0.11146187603506166,0.44646735903400236,2025-03-25 12:00:00+00:00,2025-03-25 17:30:00+05:30,2025-03-26 12:00:00+00:00,settlement,True
BTC,1743076800,2025-03-27 12:00:00+00:00,1742990400,87967.25333333334,88000.0,C-BTC-88000-270325,P-BTC-88000-270325,633.46434939,654.86631617,1288.33066556,0.0,1065.8524137931,1065.8524137931,0.001,0.1,0.0003,1065.8524137931,0.0146455711272255,0.1726872282980202,0.12348451900572953,0.04920270929229066,2025-03-26 12:00:00+00:00,2025-03-26 17:30:00+05:30,2025-03-27 12:00:00+00:00,settlement,True
BTC,1743163200,2025-03-28 12:00:00+00:00,1743076800,86846.29333333333,87000.0,C-BTC-87000-280325,P-BTC-87000-280325,627.86331672,758.37616644,1386.23948316,0.0,1895.42137931034,1895.42137931034,0.001,0.1,0.0003,1895.42137931034,0.0159619878978523,-0.3673116386712887,0.1155107551428805,-0.4828223938141692,2025-03-27 12:00:00+00:00,2025-03-27 17:30:00+05:30,2025-03-28 12:00:00+00:00,settlement,False
BTC,1743249600,2025-03-29 12:00:00+00:00,1743163200,85159.08,85200.0,C-BTC-85200-290325,P-BTC-85200-290325,741.92844885,771.80177347,1513.73022232,0.0,3012.9220689655,3012.9220689655,0.001,0.1,0.0003,3012.9220689655,0.0177753238095103,-0.9903956626748076,0.10646099606255234,-1.09685665873736,2025-03-28 12:00:00+00:00,2025-03-28 17:30:00+05:30,2025-03-29 12:00:00+00:00,settlement,False
BTC,1743336000,2025-03-30 12:00:00+00:00,1743249600,82157.40333333334,82200.0,C-BTC-82200-300325,P-BTC-82200-300325,539.60160686,552.68880153,1092.2904083899998,878.35379310345,0.0,878.35379310345,0.001,0.1,0.0003,878.35379310345,0.0132950941007507,0.1958605638603797,0.13330545150485557,0.06255511235552413,2025-03-29 12:00:00+00:00,2025-03-29 17:30:00+05:30,2025-03-30 12:00:00+00:00,settlement,True
BTC,1743422400,2025-03-31 12:00:00+00:00,1743336000,83002.85666666666,83000.0,C-BTC-83000-310325,P-BTC-83000-310325,692.97048798,677.92548529,1370.89597327,0.0,933.14080459769,933.14080459769,0.001,0.1,0.0003,933.14080459769,0.0165162505041894,0.3193204861694443,0.11253374445009905,0.20678674171934525,2025-03-30 12:00:00+00:00,2025-03-30 17:30:00+05:30,2025-03-31 12:00:00+00:00,settlement,True
BTC,1743508800,2025-04-01 12:00:00+00:00,1743422400,82140.01333333332,82200.0,C-BTC-82200-010425,P-BTC-82200-010425,828.96873426,887.13792776,1716.10666202,1744.80816091954,0.0,1744.80816091954,0.001,0.1,0.0003,1744.80816091954,0.0208924565796677,-0.0167247756417167,0.09457565838657905,-0.11130043402829576,2025-03-31 12:00:00+00:00,2025-03-31 17:30:00+05:30,2025-04-01 12:00:00+00:00,settlement,False
BTC,1743595200,2025-04-02 12:00:00+00:00,1743508800,84005.38666666667,84000.0,C-BTC-84000-020425,P-BTC-84000-020425,773.22438499,756.26721221,1529.4915972,699.35448275863,0.0,699.35448275863,0.001,0.1,0.0003,699.35448275863,0.0182070657357845,0.5427536286966729,0.10457200459143524,0.43818162410523764,2025-04-01 12:00:00+00:00,2025-04-01 17:30:00+05:30,2025-04-02 12:00:00+00:00,settlement,True
BTC,1743681600,2025-04-03 12:00:00+00:00,1743595200,84646.7,84600.0,C-BTC-84600-030425,P-BTC-84600-030425,1048.08295038,989.61524614,2037.69819652,0.0,1469.33114942527,1469.33114942527,0.001,0.1,0.0003,1469.33114942527,0.0240729785865249,0.2789260195967158,0.08562113818655655,0.19330488141015928,2025-04-02 12:00:00+00:00,2025-04-02 17:30:00+05:30,2025-04-03 12:00:00+00:00,settlement,True
BTC,1743768000,2025-04-04 12:00:00+00:00,1743681600,82997.13,83000.0,C-BTC-83000-040425,P-BTC-83000-040425,1017.66029264,1014.16042868,2031.82072132,0.0,821.16172413793,821.16172413793,0.001,0.1,0.0003,821.16172413793,0.0244806142250942,0.5958493209949887,0.08464168595526919,0.5112076350397194,2025-04-03 12:00:00+00:00,2025-04-03 17:30:00+05:30,2025-04-04 12:00:00+00:00,settlement,True
BTC,1743854400,2025-04-05 12:00:00+00:00,1743768000,82414.77,82400.0,C-BTC-82400-050425,P-BTC-82400-050425,1444.12632421,1419.33596333,2863.46228754,1113.30666666667,0.0,1113.30666666667,0.001,0.1,0.0003,1113.30666666667,0.0347445280444269,0.611202608984555,0.06755461891983092,0.5436479900647241,2025-04-04 12:00:00+00:00,2025-04-04 17:30:00+05:30,2025-04-05 12:00:00+00:00,settlement,True
BTC,1743940800,2025-04-06 12:00:00+00:00,1743854400,83470.13666666667,83400.0,C-BTC-83400-060425,P-BTC-83400-060425,494.21560851,412.08997929,906.3055878,0.0,652.01620689656,652.01620689656,0.001,0.1,0.0003,652.01620689656,0.0108578423852267,0.280577968762955,0.15721265011606936,0.12336531864688563,2025-04-05 12:00:00+00:00,2025-04-05 17:30:00+05:30,2025-04-06 12:00:00+00:00,settlement,True
BTC,1744027200,2025-04-07 12:00:00+00:00,1743940800,82941.66333333334,83000.0,C-BTC-83000-070425,P-BTC-83000-070425,828.07024554,874.68522344,1702.75546898,0.0,6313.59827586207,6313.59827586207,0.001,0.1,0.0003,6313.59827586207,0.0205295553591301,-2.707871383108286,0.0957737295927484,-2.8036451127010342,2025-04-06 12:00:00+00:00,2025-04-06 17:30:00+05:30,2025-04-07 12:00:00+00:00,settlement,False
BTC,1744113600,2025-04-08 12:00:00+00:00,1744027200,76698.06333333334,76800.0,C-BTC-76800-080425,P-BTC-76800-080425,1225.48431098,1326.45737699,2551.94168797,2914.4852873563,0.0,2914.4852873563,0.001,0.1,0.0003,2914.4852873563,0.0332725700892751,-0.1420657850825319,0.06935757809512955,-0.21142336317766144,2025-04-07 12:00:00+00:00,2025-04-07 17:30:00+05:30,2025-04-08 12:00:00+00:00,settlement,False
BTC,1744200000,2025-04-09 12:00:00+00:00,1744113600,79871.56333333334,79800.0,C-BTC-79800-090425,P-BTC-79800-090425,1210.69947857,1119.80033576,2330.49981433,0.0,3684.0112643678,3684.0112643678,0.001,0.1,0.0003,3684.0112643678,0.0291780918899004,-0.5807816167652962,0.0753295613346851,-0.6561111780999813,2025-04-08 12:00:00+00:00,2025-04-08 17:30:00+05:30,2025-04-09 12:00:00+00:00,settlement,False
BTC,1744286400,2025-04-10 12:00:00+00:00,1744200000,76296.81333333334,76200.0,C-BTC-76200-100425,P-BTC-76200-100425,1246.57565621,1152.75341844,2399.32907465,5612.75931034483,0.0,5612.75931034483,0.001,0.1,0.0003,5612.75931034483,0.031447303888926,-1.3393036701993817,0.07182770746266211,-1.4111313776620438,2025-04-09 12:00:00+00:00,2025-04-09 17:30:00+05:30,2025-04-10 12:00:00+00:00,settlement,False
BTC,1744372800,2025-04-11 12:00:00+00:00,1744286400,81811.05,82000.0,C-BTC-82000-110425,P-BTC-82000-110425,938.23840134,1115.86329907,2054.10170041,199.91379310343,0.0,199.91379310343,0.001,0.1,0.0003,199.91379310343,0.0251078760193152,0.9026758056509436,0.08319664617232796,0.8194791594786157,2025-04-10 12:00:00+00:00,2025-04-10 17:30:00+05:30,2025-04-11 12:00:00+00:00,settlement,True
BTC,1744459200,2025-04-12 12:00:00+00:00,1744372800,82259.81,82400.0,C-BTC-82400-120425,P-BTC-82400-120425,993.29389485,1126.73483217,2120.02872702,1113.96827586208,0.0,1113.96827586208,0.001,0.1,0.0003,1113.96827586208,0.0257723513708577,0.4745503861978701,0.08174260029378419,0.39280778590408594,2025-04-11 12:00:00+00:00,2025-04-11 17:30:00+05:30,2025-04-12 12:00:00+00:00,settlement,True
BTC,1744545600,2025-04-13 12:00:00+00:00,1744459200,83524.43333333333,83600.0,C-BTC-83600-130425,P-BTC-83600-130425,438.41405069,501.50223394,939.91628463,802.38344827587,0.0,802.38344827587,0.001,0.1,0.0003,802.38344827587,0.0112531896011666,0.1463245595412469,0.1526309910510354,-0.00630643150978849,2025-04-12 12:00:00+00:00,2025-04-12 17:30:00+05:30,2025-04-13 12:00:00+00:00,settlement,True
BTC,1744632000,2025-04-14 12:00:00+00:00,1744545600,84429.14333333333,84400.0,C-BTC-84400-140425,P-BTC-84400-140425,878.74826736,834.56873992,1713.31700728,479.67724137928,0.0,479.67724137928,0.001,0.1,0.0003,479.67724137928,0.0202929573798431,0.7200300707101494,0.09657790242670611,0.6234521682834433,2025-04-13 12:00:00+00:00,2025-04-13 17:30:00+05:30,2025-04-14 12:00:00+00:00,settlement,True
BTC,1744718400,2025-04-15 12:00:00+00:00,1744632000,84894.74,84800.0,C-BTC-84800-150425,P-BTC-84800-150425,1043.76314597,939.49646713,1983.2596131,722.53011494254,0.0,722.53011494254,0.001,0.1,0.0003,722.53011494254,0.0233613956895327,0.6356855601908995,0.08741281692319658,0.5482727432677029,2025-04-14 12:00:00+00:00,2025-04-14 17:30:00+05:30,2025-04-15 12:00:00+00:00,settlement,True
BTC,1744804800,2025-04-16 12:00:00+00:00,1744718400,85681.7,85600.0,C-BTC-85600-160425,P-BTC-85600-160425,863.68704584,769.83738469,1633.52443053,0.0,1637.60804597699,1637.60804597699,0.001,0.1,0.0003,1637.60804597699,0.0190650329128623,-0.0024998802409493,0.10107209837359811,-0.10357197861454741,2025-04-15 12:00:00+00:00,2025-04-15 17:30:00+05:30,2025-04-16 12:00:00+00:00,settlement,False
BTC,1744891200,2025-04-17 12:00:00+00:00,1744804800,84038.04666666668,84000.0,C-BTC-84000-170425,P-BTC-84000-170425,764.95348398,713.93037538,1478.88385936,586.55022988503,0.0,586.55022988503,0.001,0.1,0.0003,586.55022988503,0.0175977895491304,0.6033831688859834,0.10726465131582232,0.4961185175701611,2025-04-16 12:00:00+00:00,2025-04-16 17:30:00+05:30,2025-04-17 12:00:00+00:00,settlement,True
BTC,1744977600,2025-04-18 12:00:00+00:00,1744891200,84708.22666666667,84500.0,C-BTC-84500-180425,P-BTC-84500-180425,819.4506679,593.60096825,1413.05163615,83.97517241382,0.0,83.97517241382,0.001,0.1,0.0003,83.97517241382,0.0166813979203043,0.940571759541202,0.1116849722766021,0.8288867872645999,2025-04-17 12:00:00+00:00,2025-04-17 17:30:00+05:30,2025-04-18 12:00:00+00:00,settlement,True
BTC,1745064000,2025-04-19 12:00:00+00:00,1744977600,84681.25333333334,84600.0,C-BTC-84600-190425,P-BTC-84600-190425,464.04783099,373.09177971,837.1396107,594.36137931036,0.0,594.36137931036,0.001,0.1,0.0003,594.36137931036,0.0098857725617822,0.2900092508902231,0.17003614984570456,0.11997310104451855,2025-04-18 12:00:00+00:00,2025-04-18 17:30:00+05:30,2025-04-19 12:00:00+00:00,settlement,True
BTC,1745150400,2025-04-20 12:00:00+00:00,1745064000,85240.80666666667,85200.0,C-BTC-85200-200425,P-BTC-85200-200425,307.88803822,253.26690324,561.15494146,0.0,1151.06620689656,1151.06620689656,0.001,0.1,0.0003,1151.06620689656,0.0065831725836944,-1.0512448912981902,0.2408611645904974,-1.2921060558886877,2025-04-19 12:00:00+00:00,2025-04-19 17:30:00+05:30,2025-04-20 12:00:00+00:00,settlement,False
BTC,1745236800,2025-04-21 12:00:00+00:00,1745150400,84247.87333333334,84200.0,C-BTC-84200-210425,P-BTC-84200-210425,570.48824509,511.39252337,1081.88076846,2691.17448275862,0.0,2691.17448275862,0.001,0.1,0.0003,2691.17448275862,0.0128416389121118,-1.4874963685595082,0.1370662993167076,-1.6245626678762157,2025-04-20 12:00:00+00:00,2025-04-20 17:30:00+05:30,2025-04-21 12:00:00+00:00,settlement,False
BTC,1745323200,2025-04-22 12:00:00+00:00,1745236800,87090.17,87000.0,C-BTC-87000-220425,P-BTC-87000-220425,805.92759503,709.71076588,1515.63836091,1610.14344827586,0.0,1610.14344827586,0.001,0.1,0.0003,1610.14344827586,0.0174030933790805,-0.0623533224041112,0.10816484526952588,-0.1705181676736371,2025-04-21 12:00:00+00:00,2025-04-21 17:30:00+05:30,2025-04-22 12:00:00+00:00,settlement,False
BTC,1745409600,2025-04-23 12:00:00+00:00,1745323200,88579.26333333335,88600.0,C-BTC-88600-230425,P-BTC-88600-230425,747.73240866,753.84709229,1501.57950095,4889.64551724137,0.0,4889.64551724137,0.001,0.1,0.0003,4889.64551724137,0.0169518174394767,-2.2563347556009203,0.11033086653130633,-2.366665622132227,2025-04-22 12:00:00+00:00,2025-04-22 17:30:00+05:30,2025-04-23 12:00:00+00:00,settlement,False
BTC,1745496000,2025-04-24 12:00:00+00:00,1745409600,93525.155,93600.0,C-BTC-93600-240425,P-BTC-93600-240425,960.00512127,1019.44205327,1979.44717454,0.0,1127.3053448276,1127.3053448276,0.001,0.1,0.0003,1127.3053448276,0.0211648638758203,0.4304948576919855,0.09370333603410029,0.3367915216578852,2025-04-23 12:00:00+00:00,2025-04-23 17:30:00+05:30,2025-04-24 12:00:00+00:00,settlement,True
BTC,1745582400,2025-04-25 12:00:00+00:00,1745496000,92578.34,93000.0,C-BTC-93000-250425,P-BTC-93000-250425,640.37873829,1048.25938527,1688.63812356,1279.63603448276,0.0,1279.63603448276,0.001,0.1,0.0003,1279.63603448276,0.0182400993964679,0.2422082525384294,0.1044311559066504,0.137777096631779,2025-04-24 12:00:00+00:00,2025-04-24 17:30:00+05:30,2025-04-25 12:00:00+00:00,settlement,True
BTC,1745668800,2025-04-26 12:00:00+00:00,1745582400,94644.195,94600.0,C-BTC-94600-260425,P-BTC-94600-260425,866.80317554,807.06842007,1673.87159561,0.0,495.3411494253,495.3411494253,0.001,0.1,0.0003,495.3411494253,0.0176859404383966,0.7040745833047095,0.10686359655751325,0.5972109867471963,2025-04-25 12:00:00+00:00,2025-04-25 17:30:00+05:30,2025-04-26 12:00:00+00:00,settlement,True
BTC,1745755200,2025-04-27 12:00:00+00:00,1745668800,94163.13333333336,94200.0,C-BTC-94200-270425,P-BTC-94200-270425,385.33322117,405.62765927,790.96088044,0.0,222.16643678163,222.16643678163,0.001,0.1,0.0003,222.16643678163,0.0083998997531234,0.7191182999366011,0.19537344035248327,0.5237448595841179,2025-04-26 12:00:00+00:00,2025-04-26 17:30:00+05:30,2025-04-27 12:00:00+00:00,settlement,True
BTC,1745841600,2025-04-28 12:00:00+00:00,1745755200,93918.86666666664,94000.0,C-BTC-94000-280425,P-BTC-94000-280425,551.59083164,615.41688371,1167.00771535,1360.06528735632,0.0,1360.06528735632,0.001,0.1,0.0003,1360.06528735632,0.0124257005729413,-0.1654295592625276,0.14075735730857178,-0.30618691657109937,2025-04-27 12:00:00+00:00,2025-04-27 17:30:00+05:30,2025-04-28 12:00:00+00:00,settlement,False
BTC,1745928000,2025-04-29 12:00:00+00:00,1745841600,95185.56333333334,95200.0,C-BTC-95200-290425,P-BTC-95200-290425,786.33730139,783.05520898,1569.39251037,0.0,90.27011494254,90.27011494254,0.001,0.1,0.0003,90.27011494254,0.016487715735569,0.9424808552697516,0.11268212113247796,0.8297987341372736,2025-04-28 12:00:00+00:00,2025-04-28 17:30:00+05:30,2025-04-29 12:00:00+00:00,settlement,True
BTC,1746014400,2025-04-30 12:00:00+00:00,1745928000,95070.66666666669,95000.0,C-BTC-95000-300425,P-BTC-95000-300425,751.64993745,656.35938926,1408.00932671,120.92655172416,0.0,120.92655172416,0.001,0.1,0.0003,120.92655172416,0.0148101341462841,0.9141152338765248,0.12241020757906311,0.7917050262974618,2025-04-29 12:00:00+00:00,2025-04-29 17:30:00+05:30,2025-04-30 12:00:00+00:00,settlement,True
BTC,1746100800,2025-05-01 12:00:00+00:00,1746014400,95151.43,95200.0,C-BTC-95200-010525,P-BTC-95200-010525,665.99146904,698.59527538,1364.5867444199998,901.05390804599,0.0,901.05390804599,0.001,0.1,0.0003,901.05390804599,0.0143412111033959,0.3396873363085675,0.12553643096047157,0.21415090534809594,2025-04-30 12:00:00+00:00,2025-04-30 17:30:00+05:30,2025-05-01 12:00:00+00:00,settlement,True
BTC,1746187200,2025-05-02 12:00:00+00:00,1746100800,96178.95,96000.0,C-BTC-96000-020525,P-BTC-96000-020525,894.85433655,699.00269747,1593.85703402,947.21448275865,0.0,947.21448275865,0.001,0.1,0.0003,947.21448275865,0.0165717865917646,0.405709255886269,0.11224642981968425,0.29346282606658475,2025-05-01 12:00:00+00:00,2025-05-01 17:30:00+05:30,2025-05-02 12:00:00+00:00,settlement,True
BTC,1746273600,2025-05-03 12:00:00+00:00,1746187200,96905.69333333331,97000.0,C-BTC-97000-030525,P-BTC-97000-030525,665.75820402,740.51474595,1406.27294997,0.0,1020.36758620692,1020.36758620692,0.001,0.1,0.0003,1020.36758620692,0.014511768107708,0.2744171135278627,0.12437598036919308,0.15004113315866963,2025-05-02 12:00:00+00:00,2025-05-02 17:30:00+05:30,2025-05-03 12:00:00+00:00,settlement,True
BTC,1746360000,2025-05-04 12:00:00+00:00,1746273600,95914.56666666668,96000.0,C-BTC-96000-040525,P-BTC-96000-040525,294.49142573,364.53639339,659.02781912,0.0,550.83620689655,550.83620689655,0.001,0.1,0.0003,550.83620689655,0.0068709878178392,0.1641685056147072,0.23288390489699484,-0.06871539928228765,2025-05-03 12:00:00+00:00,2025-05-03 17:30:00+05:30,2025-05-04 12:00:00+00:00,settlement,True
BTC,1746446400,2025-05-05 12:00:00+00:00,1746360000,95477.14999999998,95400.0,C-BTC-95400-050525,P-BTC-95400-050525,594.42484715,503.47913784,1097.90398499,0.0,1397.79655172414,1397.79655172414,0.001,0.1,0.0003,1397.79655172414,0.011499128168258,-0.2731500849201048,0.14993977018785606,-0.4230898551079608,2025-05-04 12:00:00+00:00,2025-05-04 17:30:00+05:30,2025-05-05 12:00:00+00:00,settlement,False
BTC,1746532800,2025-05-06 12:00:00+00:00,1746446400,93938.3,94000.0,C-BTC-94000-060525,P-BTC-94000-060525,641.80393443,690.76815247,1332.5720869000002,0.0,157.27931034483,157.27931034483,0.001,0.1,0.0003,157.27931034483,0.0141856099897485,0.8819731315919176,0.12661946500878635,0.7553536665831313,2025-05-05 12:00:00+00:00,2025-05-05 17:30:00+05:30,2025-05-06 12:00:00+00:00,settlement,True
BTC,1746619200,2025-05-07 12:00:00+00:00,1746532800,93865.9,93800.0,C-BTC-93800-070525,P-BTC-93800-070525,614.32154923,535.6623963,1149.9839455299998,3202.85172413793,0.0,3202.85172413793,0.001,0.1,0.0003,3202.85172413793,0.0122513494839979,-1.7851273372880114,0.1423791043141416,-1.927506441602153,2025-05-06 12:00:00+00:00,2025-05-06 17:30:00+05:30,2025-05-07 12:00:00+00:00,settlement,False
BTC,1746705600,2025-05-08 12:00:00+00:00,1746619200,97032.9,97000.0,C-BTC-97000-080525,P-BTC-97000-080525,784.2913218,738.18251232,1522.47383412,2511.13793103446,0.0,2511.13793103446,0.001,0.1,0.0003,2511.13793103446,0.0156902847809351,-0.6493800252967332,0.1170469279410751,-0.7664269532378083,2025-05-07 12:00:00+00:00,2025-05-07 17:30:00+05:30,2025-05-08 12:00:00+00:00,settlement,False
BTC,1746792000,2025-05-09 12:00:00+00:00,1746705600,99464.6,99500.0,C-BTC-99500-090525,P-BTC-99500-090525,765.98964255,783.94440451,1549.93404706,3559.04827586206,0.0,3559.04827586206,0.001,0.1,0.0003,3559.04827586206,0.0155827706245237,-1.2962578844003447,0.11766959143013639,-1.4139274758304812,2025-05-08 12:00:00+00:00,2025-05-08 17:30:00+05:30,2025-05-09 12:00:00+00:00,settlement,False
BTC,1746878400,2025-05-10 12:00:00+00:00,1746792000,103038.2,103200.0,C-BTC-103200-100525,P-BTC-103200-100525,800.18634619,942.86791225,1743.05425844,272.58275862067,0.0,272.58275862067,0.001,0.1,0.0003,272.58275862067,0.0169165829608824,0.8436177432223904,0.11050484767960095,0.7331128955427895,2025-05-09 12:00:00+00:00,2025-05-09 17:30:00+05:30,2025-05-10 12:00:00+00:00,settlement,True
BTC,1746964800,2025-05-11 12:00:00+00:00,1746878400,103522.2,103600.0,C-BTC-103600-110525,P-BTC-103600-110525,520.73913256,579.39574711,1100.13487967,894.41724137933,0.0,894.41724137933,0.001,0.1,0.0003,894.41724137933,0.0106270430851546,0.186993106111114,0.16004496651171612,0.026948139599397875,2025-05-10 12:00:00+00:00,2025-05-10 17:30:00+05:30,2025-05-11 12:00:00+00:00,settlement,True
BTC,1747051200,2025-05-12 12:00:00+00:00,1746964800,104659.6,104600.0,C-BTC-104600-120525,P-BTC-104600-120525,851.3383441,765.44964037,1616.78798447,0.0,482.43103448275,482.43103448275,0.001,0.1,0.0003,482.43103448275,0.0154480619500743,0.7016114424917032,0.11846198352753148,0.5831494589641717,2025-05-11 12:00:00+00:00,2025-05-11 17:30:00+05:30,2025-05-12 12:00:00+00:00,settlement,True
BTC,1747137600,2025-05-13 12:00:00+00:00,1747051200,103877.6,103800.0,C-BTC-103800-130525,P-BTC-103800-130525,896.63043089,798.52250961,1695.1529405,0.0,80.04827586206,80.04827586206,0.001,0.1,0.0003,80.04827586206,0.016318753422297,0.9527781393940484,0.11357133377511902,0.8392068056189295,2025-05-12 12:00:00+00:00,2025-05-12 17:30:00+05:30,2025-05-13 12:00:00+00:00,settlement,True
BTC,1747224000,2025-05-14 12:00:00+00:00,1747137600,103787.4,103800.0,C-BTC-103800-140525,P-BTC-103800-140525,812.13281024,803.02913661,1615.16194685,194.05517241379,0.0,194.05517241379,0.001,0.1,0.0003,194.05517241379,0.0155622160960771,0.8798540463436192,0.11778961171455114,0.762064434629068,2025-05-13 12:00:00+00:00,2025-05-13 17:30:00+05:30,2025-05-14 12:00:00+00:00,settlement,True
BTC,1747310400,2025-05-15 12:00:00+00:00,1747224000,103928.7,104000.0,C-BTC-104000-150525,P-BTC-104000-150525,702.49357624,761.89531133,1464.38888757,0.0,1707.2689655172,1707.2689655172,0.001,0.1,0.0003,1707.2689655172,0.0140903223803434,-0.1658576352284632,0.12729450692309038,-0.2931521421515536,2025-05-14 12:00:00+00:00,2025-05-14 17:30:00+05:30,2025-05-15 12:00:00+00:00,settlement,False
BTC,1747396800,2025-05-16 12:00:00+00:00,1747310400,102330.6,102500.0,C-BTC-102500-160525,P-BTC-102500-160525,699.87798828,853.90352286,1553.78151114,1147.27931034482,0.0,1147.27931034482,0.001,0.1,0.0003,1147.27931034482,0.0151839382466241,0.2616212111424416,0.12005643828371187,0.1415647728587297,2025-05-15 12:00:00+00:00,2025-05-15 17:30:00+05:30,2025-05-16 12:00:00+00:00,settlement,True
BTC,1747483200,2025-05-17 12:00:00+00:00,1747396800,103668.9,103600.0,C-BTC-103600-170525,P-BTC-103600-170525,567.72019179,482.95336007,1050.67355186,0.0,608.54827586206,608.54827586206,0.001,0.1,0.0003,608.54827586206,0.0101348963079573,0.420801756373565,0.1665152922904831,0.25428646408308186,2025-05-16 12:00:00+00:00,2025-05-16 17:30:00+05:30,2025-05-17 12:00:00+00:00,settlement,True
BTC,1747569600,2025-05-18 12:00:00+00:00,1747483200,102986.2,103000.0,C-BTC-103000-180525,P-BTC-103000-180525,366.81958144,362.9282412,729.74782264,870.95517241383,0.0,870.95517241383,0.001,0.1,0.0003,870.95517241383,0.0070858796871813,-0.1935015705329354,0.22663404496150205,-0.42013561549443745,2025-05-17 12:00:00+00:00,2025-05-17 17:30:00+05:30,2025-05-18 12:00:00+00:00,settlement,False
BTC,1747656000,2025-05-19 12:00:00+00:00,1747569600,103801.5,103800.0,C-BTC-103800-190525,P-BTC-103800-190525,578.24454183,563.50821805,1141.75275988,0.0,791.33793103449,791.33793103449,0.001,0.1,0.0003,791.33793103449,0.010999385942207,0.3069095527146693,0.15553445912707764,0.15137509358759166,2025-05-18 12:00:00+00:00,2025-05-18 17:30:00+05:30,2025-05-19 12:00:00+00:00,settlement,True
BTC,1747742400,2025-05-20 12:00:00+00:00,1747656000,102782.5,102800.0,C-BTC-102800-200525,P-BTC-102800-200525,817.75022472,815.58386038,1633.3340851,2463.61724137932,0.0,2463.61724137932,0.001,0.1,0.0003,2463.61724137932,0.0158911690715831,-0.5083363923238561,0.11590609368143408,-0.6242424860052902,2025-05-19 12:00:00+00:00,2025-05-19 17:30:00+05:30,2025-05-20 12:00:00+00:00,settlement,False
BTC,1747828800,2025-05-21 12:00:00+00:00,1747742400,105095.7,105000.0,C-BTC-105000-210525,P-BTC-105000-210525,861.6997846,748.50172429,1610.20150889,1548.32758620691,0.0,1548.32758620691,0.001,0.1,0.0003,1548.32758620691,0.0153212882057971,0.0384261984239122,0.11922042711945206,-0.08079422869553987,2025-05-20 12:00:00+00:00,2025-05-20 17:30:00+05:30,2025-05-21 12:00:00+00:00,settlement,True
BTC,1747915200,2025-05-22 12:00:00+00:00,1747828800,106460.6,106400.0,C-BTC-106400-220525,P-BTC-106400-220525,948.95525573,867.05834467,1816.0136004,4379.62068965514,0.0,4379.62068965514,0.001,0.1,0.0003,4379.62068965514,0.0170580815851122,-1.4116673403164344,0.10981050695148746,-1.5214778472679218,2025-05-21 12:00:00+00:00,2025-05-21 17:30:00+05:30,2025-05-22 12:00:00+00:00,settlement,False
BTC,1748001600,2025-05-23 12:00:00+00:00,1747915200,111016.8,111000.0,C-BTC-111000-230525,P-BTC-111000-230525,1193.67807932,1151.79903797,2345.47711729,0.0,759.50344827585,759.50344827585,0.001,0.1,0.0003,759.50344827585,0.0211272268457566,0.6761838166413697,0.09382252076610793,0.5823612958752618,2025-05-22 12:00:00+00:00,2025-05-22 17:30:00+05:30,2025-05-23 12:00:00+00:00,settlement,True
BTC,1748088000,2025-05-24 12:00:00+00:00,1748001600,108645.3,108600.0,C-BTC-108600-240525,P-BTC-108600-240525,1145.02186056,1078.55213148,2223.57399204,710.3275862069,0.0,710.3275862069,0.001,0.1,0.0003,710.3275862069,0.0204663615640989,0.6805469083782476,0.09598669913874065,0.5845602092395069,2025-05-23 12:00:00+00:00,2025-05-23 17:30:00+05:30,2025-05-24 12:00:00+00:00,settlement,True
BTC,1748174400,2025-05-25 12:00:00+00:00,1748088000,109238.1,109200.0,C-BTC-109200-250525,P-BTC-109200-250525,621.58446052,561.78527817,1183.3697386899998,0.0,2026.05517241379,2026.05517241379,0.001,0.1,0.0003,2026.05517241379,0.0108329395942441,-0.7121066275166457,0.15751244307061066,-0.8696190705872563,2025-05-24 12:00:00+00:00,2025-05-24 17:30:00+05:30,2025-05-25 12:00:00+00:00,settlement,False
BTC,1748260800,2025-05-26 12:00:00+00:00,1748174400,107221.4,107200.0,C-BTC-107200-260525,P-BTC-107200-260525,873.05837035,830.44517006,1703.50354041,2523.2793103448,0.0,2523.2793103448,0.001,0.1,0.0003,2523.2793103448,0.0158877196194976,-0.4812292727830174,0.11592543989398375,-0.5971547126770012,2025-05-25 12:00:00+00:00,2025-05-25 17:30:00+05:30,2025-05-26 12:00:00+00:00,settlement,False
BTC,1748347200,2025-05-27 12:00:00+00:00,1748260800,109703.7,109800.0,C-BTC-109800-270525,P-BTC-109800-270525,750.33793377,818.04451975,1568.38245352,0.0,276.27241379312,276.27241379312,0.001,0.1,0.0003,276.27241379312,0.0142965319630969,0.8238488238802545,0.12584499942049313,0.6980038244597614,2025-05-26 12:00:00+00:00,2025-05-26 17:30:00+05:30,2025-05-27 12:00:00+00:00,settlement,True
BTC,1748433600,2025-05-28 12:00:00+00:00,1748347200,109574.7,109600.0,C-BTC-109600-280525,P-BTC-109600-280525,985.45159893,987.65327325,1973.10487218,0.0,784.12758620687,784.12758620687,0.001,0.1,0.0003,784.12758620687,0.0180069383916177,0.6025920379282625,0.10543635500964157,0.497155682918621,2025-05-27 12:00:00+00:00,2025-05-27 17:30:00+05:30,2025-05-28 12:00:00+00:00,settlement,True
BTC,1748520000,2025-05-29 12:00:00+00:00,1748433600,108864.7,108800.0,C-BTC-108800-290525,P-BTC-108800-290525,865.91446961,778.96775163,1644.88222124,0.0,28.5379310345,28.5379310345,0.001,0.1,0.0003,28.5379310345,0.0151094176646791,0.9826504714647676,0.1205163848021846,0.862134086662583,2025-05-28 12:00:00+00:00,2025-05-28 17:30:00+05:30,2025-05-29 12:00:00+00:00,settlement,True
BTC,1748606400,2025-05-30 12:00:00+00:00,1748520000,108701.0,108800.0,C-BTC-108800-300525,P-BTC-108800-300525,782.03730059,860.66009591,1642.6973965,0.0,2958.7827586207,2958.7827586207,0.001,0.1,0.0003,2958.7827586207,0.0151120725338313,-0.8011733414351339,0.12049992083018436,-0.9216732622653182,2025-05-29 12:00:00+00:00,2025-05-29 17:30:00+05:30,2025-05-30 12:00:00+00:00,settlement,False
BTC,1748692800,2025-05-31 12:00:00+00:00,1748606400,105922.7,106000.0,C-BTC-106000-310525,P-BTC-106000-310525,764.24910477,816.49990462,1580.74900939,0.0,2523.45517241381,2523.45517241381,0.001,0.1,0.0003,2523.45517241381,0.0149236094754948,-0.5963667586846021,0.12168321188819137,-0.7180499705727934,2025-05-30 12:00:00+00:00,2025-05-30 17:30:00+05:30,2025-05-31 12:00:00+00:00,settlement,False
BTC,1748779200,2025-06-01 12:00:00+00:00,1748692800,103554.4,103600.0,C-BTC-103600-010625,P-BTC-103600-010625,387.89991437,414.01347379,801.91338816,484.48620689654,0.0,484.48620689654,0.001,0.1,0.0003,484.48620689654,0.007743885225157,0.3958372387220027,0.20965394977187157,0.18618328895013114,2025-05-31 12:00:00+00:00,2025-05-31 17:30:00+05:30,2025-06-01 12:00:00+00:00,settlement,True
BTC,1748865600,2025-06-02 12:00:00+00:00,1748779200,104071.2,104000.0,C-BTC-104000-020625,P-BTC-104000-020625,825.51266076,735.39015545,1560.90281621,141.0724137931,0.0,141.0724137931,0.001,0.1,0.0003,141.0724137931,0.0149984127809614,0.9096212702494604,0.12120998995556548,0.788411280293895,2025-06-01 12:00:00+00:00,2025-06-01 17:30:00+05:30,2025-06-02 12:00:00+00:00,settlement,True
BTC,1748952000,2025-06-03 12:00:00+00:00,1748865600,104032.5,104000.0,C-BTC-104000-030625,P-BTC-104000-030625,776.09482178,712.96322535,1489.05804713,1227.31724137932,0.0,1227.31724137932,0.001,0.1,0.0003,1227.31724137932,0.0143133929025064,0.1757760929838547,0.12572832605412818,0.05004776692972651,2025-06-02 12:00:00+00:00,2025-06-02 17:30:00+05:30,2025-06-03 12:00:00+00:00,settlement,True
BTC,1749038400,2025-06-04 12:00:00+00:00,1748952000,105298.6,105200.0,C-BTC-105200-040625,P-BTC-105200-040625,768.43402112,649.90121262,1418.33523374,62.02758620691,0.0,62.02758620691,0.001,0.1,0.0003,62.02758620691,0.0134696494895468,0.956267330366355,0.1319252299548617,0.8243421004114934,2025-06-03 12:00:00+00:00,2025-06-03 17:30:00+05:30,2025-06-04 12:00:00+00:00,settlement,True
BTC,1749124800,2025-06-05 12:00:00+00:00,1749038400,105078.3,105000.0,C-BTC-105000-050625,P-BTC-105000-050625,719.21861938,619.95037209,1339.16899147,0.0,180.94827586207,180.94827586207,0.001,0.1,0.0003,180.94827586207,0.0127444866491939,0.8648801779203058,0.13790686832486534,0.7269733095954405,2025-06-04 12:00:00+00:00,2025-06-04 17:30:00+05:30,2025-06-05 12:00:00+00:00,settlement,True
BTC,1749211200,2025-06-06 12:00:00+00:00,1749124800,104871.6,104800.0,C-BTC-104800-060625,P-BTC-104800-060625,668.88092429,580.21559981,1249.0965241,0.0,952.47931034486,952.47931034486,0.001,0.1,0.0003,952.47931034486,0.0119107224844476,0.2374654064215404,0.14568447588707847,0.09178093053446193,2025-06-05 12:00:00+00:00,2025-06-05 17:30:00+05:30,2025-06-06 12:00:00+00:00,settlement,True
BTC,1749297600,2025-06-07 12:00:00+00:00,1749211200,104019.8,104000.0,C-BTC-104000-070625,P-BTC-104000-070625,776.98205367,740.31146387,1517.29351754,1158.57931034484,0.0,1158.57931034484,0.001,0.1,0.0003,1158.57931034484,0.0145865836844523,0.2364171487246226,0.12387550654985051,0.1125416421747721,2025-06-06 12:00:00+00:00,2025-06-06 17:30:00+05:30,2025-06-07 12:00:00+00:00,settlement,True
BTC,1749384000,2025-06-08 12:00:00+00:00,1749297600,105241.6,105200.0,C-BTC-105200-080625,P-BTC-105200-080625,395.51492313,342.48371376,737.99863689,433.16896551725,0.0,433.16896551725,0.001,0.1,0.0003,433.16896551725,0.0070124231947252,0.4130490981085448,0.2287273453240971,0.18432175278444768,2025-06-07 12:00:00+00:00,2025-06-07 17:30:00+05:30,2025-06-08 12:00:00+00:00,settlement,True
BTC,1749470400,2025-06-09 12:00:00+00:00,1749384000,105644.2,105600.0,C-BTC-105600-090625,P-BTC-105600-090625,665.48410744,607.83081348,1273.31492092,2010.88965517242,0.0,2010.88965517242,0.001,0.1,0.0003,2010.88965517242,0.012052861595052,-0.5792555495379765,0.14428247408576356,-0.7235380236237401,2025-06-08 12:00:00+00:00,2025-06-08 17:30:00+05:30,2025-06-09 12:00:00+00:00,settlement,False
BTC,1749556800,2025-06-10 12:00:00+00:00,1749470400,107762.0,107800.0,C-BTC-107800-100625,P-BTC-107800-100625,782.53175469,803.31847671,1585.8502314,1900.42758620692,0.0,1900.42758620692,0.001,0.1,0.0003,1900.42758620692,0.0147162286464616,-0.1983651095029377,0.12302030440118648,-0.3213854139041242,2025-06-09 12:00:00+00:00,2025-06-09 17:30:00+05:30,2025-06-10 12:00:00+00:00,settlement,False
BTC,1749643200,2025-06-11 12:00:00+00:00,1749556800,109550.3,109600.0,C-BTC-109600-110625,P-BTC-109600-110625,854.69519687,882.86587648,1737.56107335,0.0,350.96551724136,350.96551724136,0.001,0.1,0.0003,350.96551724136,0.015860851803692,0.7980125575875718,0.11607641576415152,0.6819361418234203,2025-06-10 12:00:00+00:00,2025-06-10 17:30:00+05:30,2025-06-11 12:00:00+00:00,settlement,True
BTC,1749729600,2025-06-12 12:00:00+00:00,1749643200,109334.5,109400.0,C-BTC-109400-120625,P-BTC-109400-120625,819.01916478,858.94424963,1677.96341441,0.0,2356.5448275862,2356.5448275862,0.001,0.1,0.0003,2356.5448275862,0.0153470625869236,-0.4044077524865466,0.11906521309729298,-0.5234729655838396,2025-06-11 12:00:00+00:00,2025-06-11 17:30:00+05:30,2025-06-12 12:00:00+00:00,settlement,False
BTC,1749816000,2025-06-13 12:00:00+00:00,1749729600,107012.6,107000.0,C-BTC-107000-130625,P-BTC-107000-130625,788.13139817,759.87239397,1548.00379214,0.0,2143.73448275863,2143.73448275863,0.001,0.1,0.0003,2143.73448275863,0.0144656217318334,-0.3848380046893016,0.12468725477895715,-0.5095252594682588,2025-06-12 12:00:00+00:00,2025-06-12 17:30:00+05:30,2025-06-13 12:00:00+00:00,settlement,False
BTC,1749902400,2025-06-14 12:00:00+00:00,1749816000,105046.2,105000.0,C-BTC-105000-140625,P-BTC-105000-140625,852.41357214,790.05562068,1642.46919282,27.46206896553,0.0,27.46206896553,0.001,0.1,0.0003,27.46206896553,0.0156356840401651,0.9832800097039388,0.11736207559340271,0.8659179341105361,2025-06-13 12:00:00+00:00,2025-06-13 17:30:00+05:30,2025-06-14 12:00:00+00:00,settlement,True
BTC,1749988800,2025-06-15 12:00:00+00:00,1749902400,105065.1,105000.0,C-BTC-105000-150625,P-BTC-105000-150625,420.60725647,340.41750489,761.02476136,0.0,29.12413793102,29.12413793102,0.001,0.1,0.0003,29.12413793102,0.0072433639844248,0.9617303675126506,0.22228927860656542,0.7394410889060852,2025-06-14 12:00:00+00:00,2025-06-14 17:30:00+05:30,2025-06-15 12:00:00+00:00,settlement,True
BTC,1750075200,2025-06-16 12:00:00+00:00,1749988800,104977.9,105000.0,C-BTC-105000-160625,P-BTC-105000-160625,653.94763257,660.40695044,1314.35458301,1869.54137931034,0.0,1869.54137931034,0.001,0.1,0.0003,1869.54137931034,0.0125202979199431,-0.4224026023699847,0.13989635034678385,-0.5622989527167686,2025-06-15 12:00:00+00:00,2025-06-15 17:30:00+05:30,2025-06-16 12:00:00+00:00,settlement,False
BTC,1750161600,2025-06-17 12:00:00+00:00,1750075200,106888.0,106800.0,C-BTC-106800-170625,P-BTC-106800-170625,692.70636841,588.97351108,1281.67987949,0.0,1221.17241379306,1221.17241379306,0.001,0.1,0.0003,1221.17241379306,0.0119908678194933,0.0472094995522726,0.14488986816600868,-0.09768036861373608,2025-06-16 12:00:00+00:00,2025-06-16 17:30:00+05:30,2025-06-17 12:00:00+00:00,settlement,True
BTC,1750248000,2025-06-18 12:00:00+00:00,1750161600,105644.0,105600.0,C-BTC-105600-180625,P-BTC-105600-180625,740.9344438,681.38555762,1422.3200014200002,0.0,1011.55862068966,1011.55862068966,0.001,0.1,0.0003,1011.55862068966,0.0134633296866835,0.2887967407617475,0.13197457664284554,0.15682216411890196,2025-06-17 12:00:00+00:00,2025-06-17 17:30:00+05:30,2025-06-18 12:00:00+00:00,settlement,True
BTC,1750334400,2025-06-19 12:00:00+00:00,1750248000,104730.0,104800.0,C-BTC-104800-190625,P-BTC-104800-190625,772.73270641,830.48909452,1603.22180093,0.0,28.36206896555,28.36206896555,0.001,0.1,0.0003,28.36206896555,0.0153081428523823,0.9823093292836352,0.119299790056482,0.8630095392271533,2025-06-18 12:00:00+00:00,2025-06-18 17:30:00+05:30,2025-06-19 12:00:00+00:00,settlement,True
BTC,1750420800,2025-06-20 12:00:00+00:00,1750334400,104736.0,104800.0,C-BTC-104800-200625,P-BTC-104800-200625,650.07287331,699.61948953,1349.69236284,1137.81034482758,0.0,1137.81034482758,0.001,0.1,0.0003,1137.81034482758,0.0128866136079285,0.1569854167112433,0.1366814663868562,0.020303950324387116,2025-06-19 12:00:00+00:00,2025-06-19 17:30:00+05:30,2025-06-20 12:00:00+00:00,settlement,True
BTC,1750507200,2025-06-21 12:00:00+00:00,1750420800,106024.0,106000.0,C-BTC-106000-210625,P-BTC-106000-210625,642.54186094,604.03772045,1246.57958139,0.0,2114.66551724139,2114.66551724139,0.001,0.1,0.0003,2114.66551724139,0.0117575226494944,-0.6963742618689692,0.14723353367989342,-0.8436077955488627,2025-06-20 12:00:00+00:00,2025-06-20 17:30:00+05:30,2025-06-21 12:00:00+00:00,settlement,False
BTC,1750593600,2025-06-22 12:00:00+00:00,1750507200,103930.0,104000.0,C-BTC-104000-220625,P-BTC-104000-220625,325.46690323,378.6201695,704.08707273,0.0,1309.39655172414,1309.39655172414,0.001,0.1,0.0003,1309.39655172414,0.0067746278526893,-0.859708269670591,0.23581517113414477,-1.0955234408047358,2025-06-21 12:00:00+00:00,2025-06-21 17:30:00+05:30,2025-06-22 12:00:00+00:00,settlement,False
BTC,1750680000,2025-06-23 12:00:00+00:00,1750593600,102726.7,102800.0,C-BTC-102800-230625,P-BTC-102800-230625,743.39750543,805.82749008,1549.22499551,0.0,1523.07586206894,1523.07586206894,0.001,0.1,0.0003,1523.07586206894,0.0150810353638343,0.0168788481446181,0.1206927577476341,-0.10381390960301601,2025-06-22 12:00:00+00:00,2025-06-22 17:30:00+05:30,2025-06-23 12:00:00+00:00,settlement,True
BTC,1750766400,2025-06-24 12:00:00+00:00,1750680000,101215.9,101200.0,C-BTC-101200-240625,P-BTC-101200-240625,843.28583327,813.79768788,1657.08352115,4021.4344827586,0.0,4021.4344827586,0.001,0.1,0.0003,4021.4344827586,0.016371770849738,-1.42681460012816,0.11329033833885215,-1.5401049384670122,2025-06-23 12:00:00+00:00,2025-06-23 17:30:00+05:30,2025-06-24 12:00:00+00:00,settlement,False
BTC,1750852800,2025-06-25 12:00:00+00:00,1750766400,105218.0,105200.0,C-BTC-105200-250625,P-BTC-105200-250625,845.67727641,812.99860253,1658.67587894,1940.98965517241,0.0,1940.98965517241,0.001,0.1,0.0003,1940.98965517241,0.0157641836847307,-0.1702043056252958,0.11662387089104671,-0.2868281765163425,2025-06-24 12:00:00+00:00,2025-06-24 17:30:00+05:30,2025-06-25 12:00:00+00:00,settlement,False
BTC,1750939200,2025-06-26 12:00:00+00:00,1750852800,107065.6,107200.0,C-BTC-107200-260625,P-BTC-107200-260625,632.312056,751.92753085,1384.23958685,58.83103448275,0.0,58.83103448275,0.001,0.1,0.0003,58.83103448275,0.0129288920703755,0.9574993844695432,0.13632214561714331,0.8211772388523999,2025-06-25 12:00:00+00:00,2025-06-25 17:30:00+05:30,2025-06-26 12:00:00+00:00,settlement,True
BTC,1751025600,2025-06-27 12:00:00+00:00,1750939200,107378.7,107000.0,C-BTC-107000-270625,P-BTC-107000-270625,818.20483619,425.18204609,1243.38688228,0.0,16.53448275864,16.53448275864,0.001,0.1,0.0003,16.53448275864,0.0115794555370851,0.9867020611249164,0.14908554230939686,0.8376165188155196,2025-06-26 12:00:00+00:00,2025-06-26 17:30:00+05:30,2025-06-27 12:00:00+00:00,settlement,True
BTC,1751112000,2025-06-28 12:00:00+00:00,1751025600,106945.0,107000.0,C-BTC-107000-280625,P-BTC-107000-280625,523.4370372,563.88878643,1087.3258236299998,327.26551724134,0.0,327.26551724134,0.001,0.1,0.0003,327.26551724134,0.0101671496903081,0.6990179851070075,0.16607207163575163,0.5329459134712559,2025-06-27 12:00:00+00:00,2025-06-27 17:30:00+05:30,2025-06-28 12:00:00+00:00,settlement,True
BTC,1751198400,2025-06-29 12:00:00+00:00,1751112000,107369.8,107400.0,C-BTC-107400-290625,P-BTC-107400-290625,296.51786896,313.5755302,610.09339916,844.62758620689,0.0,844.62758620689,0.001,0.1,0.0003,844.62758620689,0.0056821694662745,-0.3844234134803059,0.2628,-0.6472234134803059,2025-06-28 12:00:00+00:00,2025-06-28 17:30:00+05:30,2025-06-29 12:00:00+00:00,settlement,False
BTC,1751284800,2025-06-30 12:00:00+00:00,1751198400,108407.4,108400.0,C-BTC-108400-300625,P-BTC-108400-300625,589.32955785,568.89615329,1158.22571114,0.0,565.27241379312,565.27241379312,0.001,0.1,0.0003,565.27241379312,0.0106840096814424,0.511949693089836,0.15933451112642857,0.35261518196340735,2025-06-29 12:00:00+00:00,2025-06-29 17:30:00+05:30,2025-06-30 12:00:00+00:00,settlement,True
BTC,1751371200,2025-07-01 12:00:00+00:00,1751284800,107708.4,107800.0,C-BTC-107800-010725,P-BTC-107800-010725,532.30997873,605.48578802,1137.79576675,0.0,1229.4448275862,1229.4448275862,0.001,0.1,0.0003,1229.4448275862,0.0105636678917336,-0.08054965883551,0.16084435036319752,-0.24139400919870752,2025-06-30 12:00:00+00:00,2025-06-30 17:30:00+05:30,2025-07-01 12:00:00+00:00,settlement,False
BTC,1751457600,2025-07-02 12:00:00+00:00,1751371200,106699.5,106600.0,C-BTC-106600-020725,P-BTC-106600-020725,605.16798883,488.63166746,1093.79965629,920.7620689655,0.0,920.7620689655,0.001,0.1,0.0003,920.7620689655,0.0102512163251936,0.1581986119024912,0.16492995015235432,-0.006731338249863106,2025-07-01 12:00:00+00:00,2025-07-01 17:30:00+05:30,2025-07-02 12:00:00+00:00,settlement,True
BTC,1751544000,2025-07-03 12:00:00+00:00,1751457600,107473.5,107400.0,C-BTC-107400-030725,P-BTC-107400-030725,583.61080582,496.42380412,1080.03460994,2247.83448275863,0.0,2247.83448275863,0.001,0.1,0.0003,2247.83448275863,0.0100493108528148,-1.0812615281685336,0.16770518451853525,-1.248966712687069,2025-07-02 12:00:00+00:00,2025-07-02 17:30:00+05:30,2025-07-03 12:00:00+00:00,settlement,False
BTC,1751630400,2025-07-04 12:00:00+00:00,1751544000,109547.3,109500.0,C-BTC-109500-040725,P-BTC-109500-040725,779.11909951,714.75044967,1493.86954918,0.0,501.79655172415,501.79655172415,0.001,0.1,0.0003,501.79655172415,0.0136367537052944,0.6640961374441354,0.1306370297360612,0.5334591077080743,2025-07-03 12:00:00+00:00,2025-07-03 17:30:00+05:30,2025-07-04 12:00:00+00:00,settlement,True
BTC,1751716800,2025-07-05 12:00:00+00:00,1751630400,108969.5,109000.0,C-BTC-109000-050725,P-BTC-109000-050725,423.70074722,439.64787568,863.3486229,0.0,808.61379310346,808.61379310346,0.001,0.1,0.0003,808.61379310346,0.0079228465111797,0.0633982939738583,0.20552364408447354,-0.14212535011061525,2025-07-04 12:00:00+00:00,2025-07-04 17:30:00+05:30,2025-07-05 12:00:00+00:00,settlement,True
BTC,1751803200,2025-07-06 12:00:00+00:00,1751716800,108019.0,108000.0,C-BTC-108000-060725,P-BTC-108000-060725,305.7972786,271.85676938,577.6540479800001,38.15172413792,0.0,38.15172413792,0.001,0.1,0.0003,38.15172413792,0.0053477077919625,0.9339540261661232,0.2628,0.6711540261661233,2025-07-05 12:00:00+00:00,2025-07-05 17:30:00+05:30,2025-07-06 12:00:00+00:00,settlement,True
BTC,1751889600,2025-07-07 12:00:00+00:00,1751803200,108080.9,108000.0,C-BTC-108000-070725,P-BTC-108000-070725,590.05854923,494.44659797,1084.5051472,685.57931034485,0.0,685.57931034485,0.001,0.1,0.0003,685.57931034485,0.0100341979683736,0.3678413494717897,0.16791740713737383,0.19992394233441588,2025-07-06 12:00:00+00:00,2025-07-06 17:30:00+05:30,2025-07-07 12:00:00+00:00,settlement,True
BTC,1751976000,2025-07-08 12:00:00+00:00,1751889600,108584.0,108600.0,C-BTC-108600-080725,P-BTC-108600-080725,609.00682476,608.30057492,1217.30739968,248.59310344828,0.0,248.59310344828,0.001,0.1,0.0003,248.59310344828,0.0112107437530391,0.7957844472861753,0.15310740932029032,0.6426770379658849,2025-07-07 12:00:00+00:00,2025-07-07 17:30:00+05:30,2025-07-08 12:00:00+00:00,settlement,True
BTC,1752062400,2025-07-09 12:00:00+00:00,1751976000,108783.9,108800.0,C-BTC-108800-090725,P-BTC-108800-090725,499.2434518,503.11788334,1002.36133514,271.87241379311,0.0,271.87241379311,0.001,0.1,0.0003,271.87241379311,0.0092142434233374,0.72876805572799,0.18047512392972084,0.5482929317982691,2025-07-08 12:00:00+00:00,2025-07-08 17:30:00+05:30,2025-07-09 12:00:00+00:00,settlement,True
BTC,1752148800,2025-07-10 12:00:00+00:00,1752062400,109053.1,109000.0,C-BTC-109000-100725,P-BTC-109000-100725,578.86618076,507.2362565,1086.10243726,2058.71379310342,0.0,2058.71379310342,0.001,0.1,0.0003,2058.71379310342,0.0099593907670666,-0.8955060982066356,0.16897737139930002,-1.0644834696059355,2025-07-09 12:00:00+00:00,2025-07-09 17:30:00+05:30,2025-07-10 12:00:00+00:00,settlement,False
BTC,1752235200,2025-07-11 12:00:00+00:00,1752148800,110892.2,111000.0,C-BTC-111000-110725,P-BTC-111000-110725,616.14721486,705.23431988,1321.38153474,6792.9551724138,0.0,6792.9551724138,0.001,0.1,0.0003,6792.9551724138,0.0119159105396051,-4.140797713470703,0.14563271490614288,-4.286430428376846,2025-07-10 12:00:00+00:00,2025-07-10 17:30:00+05:30,2025-07-11 12:00:00+00:00,settlement,False
BTC,1752321600,2025-07-12 12:00:00+00:00,1752235200,117980.5,118000.0,C-BTC-118000-120725,P-BTC-118000-120725,979.48805757,976.75566508,1956.24372265,0.0,168.37586206898,168.37586206898,0.001,0.1,0.0003,168.37586206898,0.0165810767258148,0.9139289955952462,0.1121985554385288,0.8017304401567173,2025-07-11 12:00:00+00:00,2025-07-11 17:30:00+05:30,2025-07-12 12:00:00+00:00,settlement,True
BTC,1752408000,2025-07-13 12:00:00+00:00,1752321600,117831.0,117800.0,C-BTC-117800-130725,P-BTC-117800-130725,429.80356825,375.85457733,805.65814558,183.375862069,0.0,183.375862069,0.001,0.1,0.0003,183.375862069,0.0068374039563442,0.7723899856595056,0.23389614482937326,0.5384938408301323,2025-07-12 12:00:00+00:00,2025-07-12 17:30:00+05:30,2025-07-13 12:00:00+00:00,settlement,True
BTC,1752494400,2025-07-14 12:00:00+00:00,1752408000,118111.6,118200.0,C-BTC-118200-140725,P-BTC-118200-140725,706.74022836,769.77663102,1476.51685938,3327.3379310345,0.0,3327.3379310345,0.001,0.1,0.0003,3327.3379310345,0.0125010317308376,-1.2535048684995531,0.14007065081412468,-1.3935755193136778,2025-07-13 12:00:00+00:00,2025-07-13 17:30:00+05:30,2025-07-14 12:00:00+00:00,settlement,False
BTC,1752580800,2025-07-15 12:00:00+00:00,1752494400,121628.3,121600.0,C-BTC-121600-150725,P-BTC-121600-150725,1055.9592378,1006.18194254,2062.14118034,0.0,4878.5827586207,4878.5827586207,0.001,0.1,0.0003,4878.5827586207,0.0169544520505507,-1.3657850418448714,0.11031788638040964,-1.476102928225281,2025-07-14 12:00:00+00:00,2025-07-14 17:30:00+05:30,2025-07-15 12:00:00+00:00,settlement,False
BTC,1752667200,2025-07-16 12:00:00+00:00,1752580800,117198.2,117200.0,C-BTC-117200-160725,P-BTC-117200-160725,921.83331344,900.25348175,1822.08679519,1642.81379310346,0.0,1642.81379310346,0.001,0.1,0.0003,1642.81379310346,0.0155470544359043,0.0983888377654622,0.11787834579455095,-0.019489508029088748,2025-07-15 12:00:00+00:00,2025-07-15 17:30:00+05:30,2025-07-16 12:00:00+00:00,settlement,True
BTC,1752753600,2025-07-17 12:00:00+00:00,1752667200,118775.9,118800.0,C-BTC-118800-170725,P-BTC-118800-170725,823.92066301,823.9017452,1647.82240821,0.0,683.3896551724,683.3896551724,0.001,0.1,0.0003,683.3896551724,0.0138733733712815,0.5852771198112581,0.1288660197130698,0.4564111000981883,2025-07-16 12:00:00+00:00,2025-07-16 17:30:00+05:30,2025-07-17 12:00:00+00:00,settlement,True
BTC,1752840000,2025-07-18 12:00:00+00:00,1752753600,118000.0,118000.0,C-BTC-118000-180725,P-BTC-118000-180725,963.831597,938.84512622,1902.67672322,1035.37241379311,0.0,1035.37241379311,0.001,0.1,0.0003,1035.37241379311,0.0161243790103389,0.4558337729381087,0.11461733542061112,0.34121643751749753,2025-07-17 12:00:00+00:00,2025-07-17 17:30:00+05:30,2025-07-18 12:00:00+00:00,settlement,True
BTC,1752926400,2025-07-19 12:00:00+00:00,1752840000,119236.2,119200.0,C-BTC-119200-190725,P-BTC-119200-190725,890.25880554,828.95522945,1719.21403499,0.0,806.49310344826,806.49310344826,0.001,0.1,0.0003,806.49310344826,0.0144185577449633,0.5308942999334281,0.12500677109641095,0.4058875288370171,2025-07-18 12:00:00+00:00,2025-07-18 17:30:00+05:30,2025-07-19 12:00:00+00:00,settlement,True
BTC,1753012800,2025-07-20 12:00:00+00:00,1752926400,118310.3,118400.0,C-BTC-118400-200725,P-BTC-118400-200725,377.37623875,444.71458648,822.0908252300001,0.0,489.25172413792,489.25172413792,0.001,0.1,0.0003,489.25172413792,0.0069485989404979,0.4048690131032178,0.23058208788929138,0.17428692521392644,2025-07-19 12:00:00+00:00,2025-07-19 17:30:00+05:30,2025-07-20 12:00:00+00:00,settlement,True
BTC,1753099200,2025-07-21 12:00:00+00:00,1753012800,117776.4,117800.0,C-BTC-117800-210725,P-BTC-117800-210725,596.73073604,594.46580559,1191.19654163,578.18620689651,0.0,578.18620689651,0.001,0.1,0.0003,578.18620689651,0.0101140512159481,0.5146172888435889,0.1668032459562002,0.3478140428873887,2025-07-20 12:00:00+00:00,2025-07-20 17:30:00+05:30,2025-07-21 12:00:00+00:00,settlement,True
BTC,1753185600,2025-07-22 12:00:00+00:00,1753099200,117915.8,118000.0,C-BTC-118000-220725,P-BTC-118000-220725,744.3567959,802.31269597,1546.66949187,1061.46206896554,0.0,1061.46206896554,0.001,0.1,0.00015,1061.46206896554,0.0131167281388075,0.3137111228060884,0.08077687536919297,0.23293424743689545,2025-07-21 12:00:00+00:00,2025-07-21 17:30:00+05:30,2025-07-22 12:00:00+00:00,settlement,True
BTC,1753272000,2025-07-23 12:00:00+00:00,1753185600,119187.0,119200.0,C-BTC-119200-230725,P-BTC-119200-230725,721.30773873,711.46880649,1432.77654522,0.0,654.08620689655,654.08620689655,0.001,0.1,0.00015,654.08620689655,0.0120212485021017,0.5434834489169305,0.08569571286012569,0.4577877360568048,2025-07-22 12:00:00+00:00,2025-07-22 17:30:00+05:30,2025-07-23 12:00:00+00:00,settlement,True
BTC,1753358400,2025-07-24 12:00:00+00:00,1753272000,118487.2,118400.0,C-BTC-118400-240725,P-BTC-118400-240725,762.02088354,648.70623598,1410.72711952,246.41379310345,0.0,246.41379310345,0.001,0.1,0.00015,246.41379310345,0.011906156272745,0.8253285205240173,0.08626503504415736,0.7390634854798599,2025-07-23 12:00:00+00:00,2025-07-23 17:30:00+05:30,2025-07-24 12:00:00+00:00,settlement,True
BTC,1753444800,2025-07-25 12:00:00+00:00,1753358400,118705.4,118800.0,C-BTC-118800-250725,P-BTC-118800-250725,655.70980735,725.9694119,1381.67921925,0.0,2188.47000000002,2188.47000000002,0.001,0.1,0.00015,2188.47000000002,0.0116395650008339,-0.5839204711987781,0.08762701543822904,-0.6715474866370071,2025-07-24 12:00:00+00:00,2025-07-24 17:30:00+05:30,2025-07-25 12:00:00+00:00,settlement,False
BTC,1753531200,2025-07-26 12:00:00+00:00,1753444800,116548.4,116600.0,C-BTC-116600-260725,P-BTC-116600-260725,804.5852301,832.28280511,1636.86803521,1273.14482758622,0.0,1273.14482758622,0.001,0.1,0.00015,1273.14482758622,0.0140445345900072,0.2222067996929982,0.07721106883696564,0.14499573085603257,2025-07-25 12:00:00+00:00,2025-07-25 17:30:00+05:30,2025-07-26 12:00:00+00:00,settlement,True
BTC,1753617600,2025-07-27 12:00:00+00:00,1753531200,117781.8,117800.0,C-BTC-117800-270725,P-BTC-117800-270725,409.07544222,399.93995993,809.01540215,315.32068965517,0.0,315.32068965517,0.001,0.1,0.00015,315.32068965517,0.0068687641227252,0.6102414257909193,0.12987531127143942,0.4803661145194799,2025-07-26 12:00:00+00:00,2025-07-26 17:30:00+05:30,2025-07-27 12:00:00+00:00,settlement,True
BTC,1753704000,2025-07-28 12:00:00+00:00,1753617600,118083.0,118000.0,C-BTC-118000-280725,P-BTC-118000-280725,647.38995557,529.45788509,1176.84784066,709.86206896554,0.0,709.86206896554,0.001,0.1,0.00015,709.86206896554,0.0099662766076403,0.3968106628232967,0.0978395695276238,0.2989710932956729,2025-07-27 12:00:00+00:00,2025-07-27 17:30:00+05:30,2025-07-28 12:00:00+00:00,settlement,True
BTC,1753790400,2025-07-29 12:00:00+00:00,1753704000,118798.4,118800.0,C-BTC-118800-290725,P-BTC-118800-290725,676.28986245,650.67367731,1326.96353976,0.0,336.27931034485,336.27931034485,0.001,0.1,0.00015,336.27931034485,0.0111698772017131,0.7465798416694471,0.09018476128380463,0.6563950803856425,2025-07-28 12:00:00+00:00,2025-07-28 17:30:00+05:30,2025-07-29 12:00:00+00:00,settlement,True
BTC,1753876800,2025-07-30 12:00:00+00:00,1753790400,118641.9,118600.0,C-BTC-118600-300725,P-BTC-118600-300725,586.6079035,516.63484975,1103.24275325,0.0,823.34137931032,823.34137931032,0.001,0.1,0.00015,823.34137931032,0.0092989302535613,0.2537078744592969,0.102937790121487,0.15077008433780986,2025-07-29 12:00:00+00:00,2025-07-29 17:30:00+05:30,2025-07-30 12:00:00+00:00,settlement,True
BTC,1753963200,2025-07-31 12:00:00+00:00,1753876800,117599.6,117600.0,C-BTC-117600-310725,P-BTC-117600-310725,849.06333967,825.56708047,1674.6304201399998,782.64137931034,0.0,782.64137931034,0.001,0.1,0.00015,782.64137931034,0.0142401030287517,0.5326482966642211,0.0765187414002902,0.4561295552639309,2025-07-30 12:00:00+00:00,2025-07-30 17:30:00+05:30,2025-07-31 12:00:00+00:00,settlement,True
BTC,1754049600,2025-08-01 12:00:00+00:00,1753963200,118376.8,118400.0,C-BTC-118400-010825,P-BTC-118400-010825,713.00267247,715.361687,1428.36435947,0.0,3195.74827586208,3195.74827586208,0.001,0.1,0.00015,3195.74827586208,0.0120662525044603,-1.2373480930649057,0.0854760470774406,-1.3228241401423462,2025-07-31 12:00:00+00:00,2025-07-31 17:30:00+05:30,2025-08-01 12:00:00+00:00,settlement,False
BTC,1754136000,2025-08-02 12:00:00+00:00,1754049600,115386.4,115400.0,C-BTC-115400-020825,P-BTC-115400-020825,794.83227455,789.43030118,1584.26257573,0.0,1577.7448275862,1577.7448275862,0.001,0.1,0.00015,1577.7448275862,0.0137300632980143,0.0041140580126351,0.07836567632884785,-0.07425161831621274,2025-08-01 12:00:00+00:00,2025-08-01 17:30:00+05:30,2025-08-02 12:00:00+00:00,settlement,True
BTC,1754222400,2025-08-03 12:00:00+00:00,1754136000,113707.7,113800.0,C-BTC-113800-030825,P-BTC-113800-030825,383.64084041,456.78668382,840.42752423,167.70344827585,0.0,167.70344827585,0.001,0.1,0.00015,167.70344827585,0.0073911223622498,0.8004545978792164,0.12259059380969077,0.6778640040695256,2025-08-02 12:00:00+00:00,2025-08-02 17:30:00+05:30,2025-08-03 12:00:00+00:00,settlement,True
BTC,1754308800,2025-08-04 12:00:00+00:00,1754222400,113845.5,113800.0,C-BTC-113800-040825,P-BTC-113800-040825,766.7425941,705.54435257,1472.28694667,611.12413793104,0.0,611.12413793104,0.001,0.1,0.00015,611.12413793104,0.0129323244807216,0.5849150606725999,0.08154653849394371,0.5033685221786562,2025-08-03 12:00:00+00:00,2025-08-03 17:30:00+05:30,2025-08-04 12:00:00+00:00,settlement,True
BTC,1754395200,2025-08-05 12:00:00+00:00,1754308800,114482.1,114400.0,C-BTC-114400-050825,P-BTC-114400-050825,725.45874051,624.42696587,1349.88570638,453.52413793099,0.0,453.52413793099,0.001,0.1,0.00015,453.52413793099,0.0117912381619484,0.6640277500624778,0.08684458482441552,0.5771831652380623,2025-08-04 12:00:00+00:00,2025-08-04 17:30:00+05:30,2025-08-05 12:00:00+00:00,settlement,True
BTC,1754481600,2025-08-06 12:00:00+00:00,1754395200,114798.6,114800.0,C-BTC-114800-060825,P-BTC-114800-060825,617.85966813,598.03871869,1215.89838682,0.0,525.10689655175,525.10689655175,0.001,0.1,0.00015,525.10689655175,0.0105915785281353,0.568132582258713,0.09364556018909515,0.47448702206961785,2025-08-05 12:00:00+00:00,2025-08-05 17:30:00+05:30,2025-08-06 12:00:00+00:00,settlement,True
BTC,1754568000,2025-08-07 12:00:00+00:00,1754481600,114340.4,114400.0,C-BTC-114400-070825,P-BTC-114400-070825,552.56165443,594.77738337,1147.3390378,2235.71379310347,0.0,2235.71379310347,0.001,0.1,0.00015,2235.71379310347,0.0100344151131183,-0.9486077954694258,0.09735717667833022,-1.045964972147756,2025-08-06 12:00:00+00:00,2025-08-06 17:30:00+05:30,2025-08-07 12:00:00+00:00,settlement,False
BTC,1754654400,2025-08-08 12:00:00+00:00,1754568000,116440.7,116400.0,C-BTC-116400-080825,P-BTC-116400-080825,759.90106689,695.98795927,1455.88902616,403.07931034485,0.0,403.07931034485,0.001,0.1,0.00015,403.07931034485,0.0125032658353994,0.7231387124278302,0.08342520571189467,0.6397135067159355,2025-08-07 12:00:00+00:00,2025-08-07 17:30:00+05:30,2025-08-08 12:00:00+00:00,settlement,True
BTC,1754740800,2025-08-09 12:00:00+00:00,1754654400,116822.3,116800.0,C-BTC-116800-090825,P-BTC-116800-090825,576.02233218,526.23563907,1102.25797125,375.45172413792,0.0,375.45172413792,0.001,0.1,0.00015,375.45172413792,0.0094353387259966,0.6593794429881561,0.10183705172229661,0.5575423912658595,2025-08-08 12:00:00+00:00,2025-08-08 17:30:00+05:30,2025-08-09 12:00:00+00:00,settlement,True
BTC,1754827200,2025-08-10 12:00:00+00:00,1754740800,117068.3,117000.0,C-BTC-117000-100825,P-BTC-117000-100825,449.04022558,354.83124735,803.87147293,1364.12413793102,0.0,1364.12413793102,0.001,0.1,0.00015,1364.12413793102,0.006866687847436,-0.6969430858878183,0.12990647807652386,-0.8268495639643422,2025-08-09 12:00:00+00:00,2025-08-09 17:30:00+05:30,2025-08-10 12:00:00+00:00,settlement,False
BTC,1754913600,2025-08-11 12:00:00+00:00,1754827200,118339.8,118400.0,C-BTC-118400-110825,P-BTC-118400-110825,629.73587108,654.73407635,1284.46994743,2160.92413793103,0.0,2160.92413793103,0.001,0.1,0.00015,2160.92413793103,0.0108540824594092,-0.6823469807562736,0.09202891295949608,-0.7743758937157698,2025-08-10 12:00:00+00:00,2025-08-10 17:30:00+05:30,2025-08-11 12:00:00+00:00,settlement,False
BTC,1755000000,2025-08-12 12:00:00+00:00,1754913600,120466.0,120400.0,C-BTC-120400-120825,P-BTC-120400-120825,757.49071695,658.6302202,1416.12093715,0.0,1865.96206896553,1865.96206896553,0.001,0.1,0.00015,1865.96206896553,0.011755357836651,-0.3176572847802487,0.08702785608385212,-0.4046851408641008,2025-08-11 12:00:00+00:00,2025-08-11 17:30:00+05:30,2025-08-12 12:00:00+00:00,settlement,False
BTC,1755086400,2025-08-13 12:00:00+00:00,1755000000,118490.1,118400.0,C-BTC-118400-130825,P-BTC-118400-130825,799.56824677,678.6149195,1478.18316627,2263.74137931035,0.0,2263.74137931035,0.001,0.1,0.00015,2263.74137931035,0.0124751617752875,-0.5314349608124698,0.0835527710464244,-0.6149877318588942,2025-08-12 12:00:00+00:00,2025-08-12 17:30:00+05:30,2025-08-13 12:00:00+00:00,settlement,False
BTC,1755172800,2025-08-14 12:00:00+00:00,1755086400,120564.9,120600.0,C-BTC-120600-140825,P-BTC-120600-140825,731.97626731,731.72033352,1463.69660083,230.42068965518,0.0,230.42068965518,0.001,0.1,0.00015,230.42068965518,0.0121403211119488,0.8425761940524298,0.0851180620571203,0.7574581319953095,2025-08-13 12:00:00+00:00,2025-08-13 17:30:00+05:30,2025-08-14 12:00:00+00:00,settlement,True
BTC,1755259200,2025-08-15 12:00:00+00:00,1755172800,120977.8,121000.0,C-BTC-121000-150825,P-BTC-121000-150825,866.15186979,856.69625071,1722.8481204999998,0.0,1955.60344827586,1955.60344827586,0.001,0.1,0.00015,1955.60344827586,0.0142410270355387,-0.1350991564528106,0.07651551547744223,-0.21161467193025282,2025-08-14 12:00:00+00:00,2025-08-14 17:30:00+05:30,2025-08-15 12:00:00+00:00,settlement,False
BTC,1755345600,2025-08-16 12:00:00+00:00,1755259200,119034.3,119000.0,C-BTC-119000-160825,P-BTC-119000-160825,713.71382708,649.83612752,1363.5499546,0.0,1573.57931034482,1573.57931034482,0.001,0.1,0.00015,1573.57931034482,0.0114551012153639,-0.1540312879893222,0.08860652503099718,-0.2426378130203194,2025-08-15 12:00:00+00:00,2025-08-15 17:30:00+05:30,2025-08-16 12:00:00+00:00,settlement,False
BTC,1755432000,2025-08-17 12:00:00+00:00,1755345600,117422.2,117400.0,C-BTC-117400-170825,P-BTC-117400-170825,434.12125271,384.75220582,818.87345853,922.51379310346,0.0,922.51379310346,0.001,0.1,0.00015,922.51379310346,0.0069737533322489,-0.1265645302016624,0.12832352202163147,-0.25488805222329386,2025-08-16 12:00:00+00:00,2025-08-16 17:30:00+05:30,2025-08-17 12:00:00+00:00,settlement,False
BTC,1755518400,2025-08-18 12:00:00+00:00,1755432000,118303.8,118400.0,C-BTC-118400-180825,P-BTC-118400-180825,532.01357855,600.38386798,1132.39744653,0.0,3446.86551724139,3446.86551724139,0.001,0.1,0.00015,3446.86551724139,0.0095719448278922,-2.043865497757526,0.10076615972303943,-2.1446316574805655,2025-08-17 12:00:00+00:00,2025-08-17 17:30:00+05:30,2025-08-18 12:00:00+00:00,settlement,False
BTC,1755604800,2025-08-19 12:00:00+00:00,1755518400,114995.7,115000.0,C-BTC-115000-190825,P-BTC-115000-190825,836.38398963,815.0501619,1651.43415153,535.98965517244,0.0,535.98965517244,0.001,0.1,0.00015,535.98965517244,0.0143608339401386,0.6754398867942369,0.07610075808627903,0.5993391287079579,2025-08-18 12:00:00+00:00,2025-08-18 17:30:00+05:30,2025-08-19 12:00:00+00:00,settlement,True
BTC,1755691200,2025-08-20 12:00:00+00:00,1755604800,115458.8,115400.0,C-BTC-115400-200825,P-BTC-115400-200825,721.91161193,635.12311195,1357.03472388,0.0,2033.15172413793,2033.15172413793,0.001,0.1,0.00015,2033.15172413793,0.0117534109472816,-0.4982311715095933,0.08703783250459296,-0.5852690040141862,2025-08-19 12:00:00+00:00,2025-08-19 17:30:00+05:30,2025-08-20 12:00:00+00:00,settlement,False
BTC,1755777600,2025-08-21 12:00:00+00:00,1755691200,113867.0,113800.0,C-BTC-113800-210825,P-BTC-113800-210825,723.03819643,636.2943521,1359.33254853,0.0,538.2827586207,538.2827586207,0.001,0.1,0.00015,538.2827586207,0.0119378972707632,0.6040095124605043,0.08610692683492438,0.5179025856255799,2025-08-20 12:00:00+00:00,2025-08-20 17:30:00+05:30,2025-08-21 12:00:00+00:00,settlement,True
BTC,1755864000,2025-08-22 12:00:00+00:00,1755777600,113166.5,113200.0,C-BTC-113200-220825,P-BTC-113200-220825,710.38481338,721.2101936,1431.59500698,0.0,906.84827586207,906.84827586207,0.001,0.1,0.00015,906.84827586207,0.0126503426984134,0.3665469134492874,0.08276686326045514,0.2837800501888323,2025-08-21 12:00:00+00:00,2025-08-21 17:30:00+05:30,2025-08-22 12:00:00+00:00,settlement,True
BTC,1755950400,2025-08-23 12:00:00+00:00,1755864000,112350.0,112400.0,C-BTC-112400-230825,P-BTC-112400-230825,970.400685,998.50973524,1968.91042024,3051.51379310346,0.0,3051.51379310346,0.001,0.1,0.00015,3051.51379310346,0.0175247923474855,-0.5498489731856345,0.06719990808231084,-0.6170488812679453,2025-08-22 12:00:00+00:00,2025-08-22 17:30:00+05:30,2025-08-23 12:00:00+00:00,settlement,False
BTC,1756036800,2025-08-24 12:00:00+00:00,1755950400,115224.1,115200.0,C-BTC-115200-240825,P-BTC-115200-240825,452.7518977,401.26416293,854.01606063,0.0,501.98275862065,501.98275862065,0.001,0.1,0.00015,501.98275862065,0.007411783304274,0.4122092291211224,0.12232356982586505,0.28988565929525734,2025-08-23 12:00:00+00:00,2025-08-23 17:30:00+05:30,2025-08-24 12:00:00+00:00,settlement,True
BTC,1756123200,2025-08-25 12:00:00+00:00,1756036800,114718.2,114800.0,C-BTC-114800-250825,P-BTC-114800-250825,596.83567733,647.80245109,1244.63812842,0.0,3622.0827586207,3622.0827586207,0.001,0.1,0.00015,3622.0827586207,0.0108495263037599,-1.9101492842893508,0.09205630522271158,-2.0022055895120623,2025-08-24 12:00:00+00:00,2025-08-24 17:30:00+05:30,2025-08-25 12:00:00+00:00,settlement,False
BTC,1756209600,2025-08-26 12:00:00+00:00,1756123200,111345.0,111400.0,C-BTC-111400-260825,P-BTC-111400-260825,925.77566059,953.67899659,1879.45465718,0.0,1694.79310344829,1694.79310344829,0.001,0.1,0.00015,1694.79310344829,0.016879560439894,0.098252731464553,0.06874422020176996,0.029508511262783046,2025-08-25 12:00:00+00:00,2025-08-25 17:30:00+05:30,2025-08-26 12:00:00+00:00,settlement,True
BTC,1756296000,2025-08-27 12:00:00+00:00,1756209600,109678.4,109600.0,C-BTC-109600-270825,P-BTC-109600-270825,944.38344176,841.03691729,1785.42035905,1691.48965517241,0.0,1691.48965517241,0.001,0.1,0.00015,1691.48965517241,0.0162786871348415,0.0526098536971816,0.0702924508429588,-0.017682597145777204,2025-08-26 12:00:00+00:00,2025-08-26 17:30:00+05:30,2025-08-27 12:00:00+00:00,settlement,True
BTC,1756382400,2025-08-28 12:00:00+00:00,1756296000,111311.4,111400.0,C-BTC-111400-280825,P-BTC-111400-280825,688.60054233,749.24055586,1437.84109819,1521.1620689655,0.0,1521.1620689655,0.001,0.1,0.00015,1521.1620689655,0.0129172851854347,-0.0579486640633565,0.08161027861785743,-0.13955894268121394,2025-08-27 12:00:00+00:00,2025-08-27 17:30:00+05:30,2025-08-28 12:00:00+00:00,settlement,False
BTC,1756468800,2025-08-29 12:00:00+00:00,1756382400,112906.2,113000.0,C-BTC-113000-290825,P-BTC-113000-290825,716.46818829,783.05347167,1499.52165996,0.0,3019.0655172414,3019.0655172414,0.001,0.1,0.00015,3019.0655172414,0.0132811276967961,-1.0133523895359633,0.08010872619881484,-1.0934611157347782,2025-08-28 12:00:00+00:00,2025-08-28 17:30:00+05:30,2025-08-29 12:00:00+00:00,settlement,False
BTC,1756555200,2025-08-30 12:00:00+00:00,1756468800,110104.3,110200.0,C-BTC-110200-300825,P-BTC-110200-300825,736.28248814,806.65310295,1542.93559109,0.0,1587.20000000003,1587.20000000003,0.001,0.1,0.00015,1587.20000000003,0.0140133999406925,-0.0286884359694883,0.07732307098893859,-0.1060115069584269,2025-08-29 12:00:00+00:00,2025-08-29 17:30:00+05:30,2025-08-30 12:00:00+00:00,settlement,False
BTC,1756641600,2025-08-31 12:00:00+00:00,1756555200,108470.0,108400.0,C-BTC-108400-310825,P-BTC-108400-310825,475.74351969,385.86921468,861.61273437,24.96206896556,0.0,24.96206896556,0.001,0.1,0.00015,24.96206896556,0.0079433275041025,0.9710286675558342,0.1159314124508069,0.8550972551050273,2025-08-30 12:00:00+00:00,2025-08-30 17:30:00+05:30,2025-08-31 12:00:00+00:00,settlement,True
BTC,1756728000,2025-09-01 12:00:00+00:00,1756641600,108370.8,108400.0,C-BTC-108400-010925,P-BTC-108400-010925,623.32933118,630.45123554,1253.78056672,267.74482758623,0.0,267.74482758623,0.001,0.1,0.00015,267.74482758623,0.0115693578594972,0.7864500099194598,0.08799613625909304,0.6984538736603667,2025-08-31 12:00:00+00:00,2025-08-31 17:30:00+05:30,2025-09-01 12:00:00+00:00,settlement,True
BTC,1756814400,2025-09-02 12:00:00+00:00,1756728000,108687.2,108600.0,C-BTC-108600-020925,P-BTC-108600-020925,708.26324877,601.33010855,1309.59335732,1277.3172413793,0.0,1277.3172413793,0.001,0.1,0.00015,1277.3172413793,0.0120491958328119,0.0246459068842186,0.08555910806196695,-0.06091320117774836,2025-09-01 12:00:00+00:00,2025-09-01 17:30:00+05:30,2025-09-02 12:00:00+00:00,settlement,True
BTC,1756900800,2025-09-03 12:00:00+00:00,1756814400,109593.4,109600.0,C-BTC-109600-030925,P-BTC-109600-030925,762.22651169,749.43878606,1511.66529775,1916.18620689654,0.0,1916.18620689654,0.001,0.1,0.00015,1916.18620689654,0.0137933972095947,-0.2675995207064942,0.07812890681256626,-0.3457284275190604,2025-09-02 12:00:00+00:00,2025-09-02 17:30:00+05:30,2025-09-03 12:00:00+00:00,settlement,False
BTC,1756987200,2025-09-04 12:00:00+00:00,1756900800,111600.4,111600.0,C-BTC-111600-040925,P-BTC-111600-040925,669.29418279,647.0274638,1316.32164659,0.0,669.68620689654,669.68620689654,0.001,0.1,0.00015,669.68620689654,0.0117949545574209,0.4912442497383544,0.08682566576694041,0.404418583971414,2025-09-03 12:00:00+00:00,2025-09-03 17:30:00+05:30,2025-09-04 12:00:00+00:00,settlement,True
BTC,1757073600,2025-09-05 12:00:00+00:00,1756987200,110867.0,110800.0,C-BTC-110800-050925,P-BTC-110800-050925,746.02156984,659.99108872,1406.01265856,1521.5206896552,0.0,1521.5206896552,0.001,0.1,0.00015,1521.5206896552,0.0126819762288147,-0.0821529097849659,0.08262726124271971,-0.1647801710276856,2025-09-04 12:00:00+00:00,2025-09-04 17:30:00+05:30,2025-09-05 12:00:00+00:00,settlement,False
BTC,1757160000,2025-09-06 12:00:00+00:00,1757073600,112470.4,112400.0,C-BTC-112400-060925,P-BTC-112400-060925,1052.24927614,962.78547605,2015.03475219,0.0,1654.28275862073,1654.28275862073,0.001,0.1,0.00015,1654.28275862073,0.0179161339533779,0.1790301597415101,0.06631745403569678,0.11271270570581332,2025-09-05 12:00:00+00:00,2025-09-05 17:30:00+05:30,2025-09-06 12:00:00+00:00,settlement,True
BTC,1757246400,2025-09-07 12:00:00+00:00,1757160000,110832.6,110800.0,C-BTC-110800-070925,P-BTC-110800-070925,399.63416218,348.58009882,748.214261,458.45172413792,0.0,458.45172413792,0.001,0.1,0.00015,458.45172413792,0.0067508500296844,0.3872721384310529,0.1316756818603328,0.2555964565707201,2025-09-06 12:00:00+00:00,2025-09-06 17:30:00+05:30,2025-09-07 12:00:00+00:00,settlement,True
BTC,1757332800,2025-09-08 12:00:00+00:00,1757246400,111289.0,111200.0,C-BTC-111200-080925,P-BTC-111200-080925,623.86905095,515.73805495,1139.6071059,719.1724137931,0.0,719.1724137931,0.001,0.1,0.00015,719.1724137931,0.0102400696016677,0.3689295108201905,0.09594015505174816,0.2729893557684423,2025-09-07 12:00:00+00:00,2025-09-07 17:30:00+05:30,2025-09-08 12:00:00+00:00,settlement,True
BTC,1757419200,2025-09-09 12:00:00+00:00,1757332800,112065.4,112000.0,C-BTC-112000-090925,P-BTC-112000-090925,588.74427329,502.43039639,1091.17466968,595.09655172419,0.0,595.09655172419,0.001,0.1,0.00015,595.09655172419,0.0097369452987273,0.4546275969742689,0.09951274288585536,0.35511485408841353,2025-09-08 12:00:00+00:00,2025-09-08 17:30:00+05:30,2025-09-09 12:00:00+00:00,settlement,True
BTC,1757505600,2025-09-10 12:00:00+00:00,1757419200,112556.5,112600.0,C-BTC-112600-100925,P-BTC-112600-100925,521.97410574,543.6426363,1065.6167420400002,0.0,332.75517241377,332.75517241377,0.001,0.1,0.00015,332.75517241377,0.0094673940824386,0.6877346617351857,0.1015829860925821,0.5861516756426036,2025-09-09 12:00:00+00:00,2025-09-09 17:30:00+05:30,2025-09-10 12:00:00+00:00,settlement,True
BTC,1757592000,2025-09-11 12:00:00+00:00,1757505600,112378.1,112400.0,C-BTC-112400-110925,P-BTC-112400-110925,622.06172072,621.02239682,1243.08411754,1571.30000000003,0.0,1571.30000000003,0.001,0.1,0.00015,1571.30000000003,0.0110616224828503,-0.2640335258321475,0.0908050771121205,-0.354838602944268,2025-09-10 12:00:00+00:00,2025-09-10 17:30:00+05:30,2025-09-11 12:00:00+00:00,settlement,False
BTC,1757678400,2025-09-12 12:00:00+00:00,1757592000,114133.0,114200.0,C-BTC-114200-120925,P-BTC-114200-120925,816.51229882,859.78420313,1676.29650195,786.3172413793,0.0,786.3172413793,0.001,0.1,0.00015,786.3172413793,0.0146872201900414,0.5309199533229391,0.0750051736706483,0.45591477965229077,2025-09-11 12:00:00+00:00,2025-09-11 17:30:00+05:30,2025-09-12 12:00:00+00:00,settlement,True
BTC,1757764800,2025-09-13 12:00:00+00:00,1757678400,114852.4,114800.0,C-BTC-114800-130925,P-BTC-114800-130925,503.16035428,424.45870206,927.61905634,1166.55172413793,0.0,1166.55172413793,0.001,0.1,0.00015,1166.55172413793,0.0080766188285138,-0.2575762821655035,0.11446044492535246,-0.37203672709085595,2025-09-12 12:00:00+00:00,2025-09-12 17:30:00+05:30,2025-09-13 12:00:00+00:00,settlement,False
BTC,1757851200,2025-09-14 12:00:00+00:00,1757764800,115905.8,116000.0,C-BTC-116000-140925,P-BTC-116000-140925,281.24333819,349.48128003,630.7246182199999,0.0,201.27931034482,201.27931034482,0.001,0.1,0.00015,201.27931034482,0.005441700227426,0.6808760835864301,0.15690639513578744,0.5239696884506427,2025-09-13 12:00:00+00:00,2025-09-13 17:30:00+05:30,2025-09-14 12:00:00+00:00,settlement,True
BTC,1757937600,2025-09-15 12:00:00+00:00,1757851200,115827.4,115800.0,C-BTC-115800-150925,P-BTC-115800-150925,468.75080532,414.97499301,883.72579833,0.0,736.1068965517,736.1068965517,0.001,0.1,0.00015,736.1068965517,0.0076296782827724,0.1670415213149365,0.11959552476002004,0.04744599655491645,2025-09-14 12:00:00+00:00,2025-09-14 17:30:00+05:30,2025-09-15 12:00:00+00:00,settlement,True
BTC,1758024000,2025-09-16 12:00:00+00:00,1757937600,114991.4,115000.0,C-BTC-115000-160925,P-BTC-115000-160925,551.55525109,532.05620079,1083.61145188,356.89310344831,0.0,356.89310344831,0.001,0.1,0.00015,356.89310344831,0.0094234129846231,0.6706447658622265,0.10193201439386027,0.5687127514683663,2025-09-15 12:00:00+00:00,2025-09-15 17:30:00+05:30,2025-09-16 12:00:00+00:00,settlement,True
BTC,1758110400,2025-09-17 12:00:00+00:00,1758024000,115283.7,115200.0,C-BTC-115200-170925,P-BTC-115200-170925,538.99369536,430.37584085,969.36953621,1099.94827586206,0.0,1099.94827586206,0.001,0.1,0.00015,1099.94827586206,0.0084085567709051,-0.1347048104715475,0.11099994290218546,-0.24570475337373296,2025-09-16 12:00:00+00:00,2025-09-16 17:30:00+05:30,2025-09-17 12:00:00+00:00,settlement,False
BTC,1758196800,2025-09-18 12:00:00+00:00,1758110400,116261.2,116200.0,C-BTC-116200-180925,P-BTC-116200-180925,1082.34355624,998.22672517,2080.57028141,932.08965517239,0.0,932.08965517239,0.001,0.1,0.00015,932.08965517239,0.0178956546243286,0.5520028025485811,0.06636267679850574,0.4856401257500754,2025-09-17 12:00:00+00:00,2025-09-17 17:30:00+05:30,2025-09-18 12:00:00+00:00,settlement,True
BTC,1758283200,2025-09-19 12:00:00+00:00,1758196800,117016.2,117000.0,C-BTC-117000-190925,P-BTC-117000-190925,601.76613252,562.45746541,1164.22359793,0.0,637.99310344829,637.99310344829,0.001,0.1,0.00015,637.99310344829,0.0099492514534739,0.4520012267551977,0.09796113240386428,0.35404009435133343,2025-09-18 12:00:00+00:00,2025-09-18 17:30:00+05:30,2025-09-19 12:00:00+00:00,settlement,True
BTC,1758369600,2025-09-20 12:00:00+00:00,1758283200,116423.3,116400.0,C-BTC-116400-200925,P-BTC-116400-200925,503.25997615,458.41630398,961.67628013,0.0,552.5724137931,552.5724137931,0.001,0.1,0.00015,552.5724137931,0.0082601702591319,0.4254070468303502,0.11251251896621321,0.31289452786413696,2025-09-19 12:00:00+00:00,2025-09-19 17:30:00+05:30,2025-09-20 12:00:00+00:00,settlement,True
BTC,1758456000,2025-09-21 12:00:00+00:00,1758369600,115920.3,116000.0,C-BTC-116000-210925,P-BTC-116000-210925,254.71391127,313.5544535,568.2683647700001,0.0,343.69,343.69,0.001,0.1,0.00015,343.69,0.0049022333859556,0.3951977246892769,0.17122396847696683,0.22397375621231005,2025-09-20 12:00:00+00:00,2025-09-20 17:30:00+05:30,2025-09-21 12:00:00+00:00,settlement,True
BTC,1758542400,2025-09-22 12:00:00+00:00,1758456000,115671.0,115600.0,C-BTC-115600-220925,P-BTC-115600-220925,445.6996486,354.84841751,800.54806611,0.0,2799.5620689655,2799.5620689655,0.001,0.1,0.00015,2799.5620689655,0.0069209055520398,-2.497056813301731,0.1290987519012345,-2.6261555652029656,2025-09-21 12:00:00+00:00,2025-09-21 17:30:00+05:30,2025-09-22 12:00:00+00:00,settlement,False
BTC,1758628800,2025-09-23 12:00:00+00:00,1758542400,112720.9,112800.0,C-BTC-112800-230925,P-BTC-112800-230925,631.80519425,691.40237742,1323.20757167,142.47931034482,0.0,142.47931034482,0.001,0.1,0.00015,142.47931034482,0.0117387953047748,0.8923227818557604,0.08711283292860662,0.8052099489271538,2025-09-22 12:00:00+00:00,2025-09-22 17:30:00+05:30,2025-09-23 12:00:00+00:00,settlement,True
BTC,1758715200,2025-09-24 12:00:00+00:00,1758628800,112997.0,113000.0,C-BTC-113000-240925,P-BTC-113000-240925,526.64061357,515.31445564,1041.95506921,5.3724137931,0.0,5.3724137931,0.001,0.1,0.00015,5.3724137931,0.0092210861280387,0.99484391030683,0.1035805430042743,0.8912633673025556,2025-09-23 12:00:00+00:00,2025-09-23 17:30:00+05:30,2025-09-24 12:00:00+00:00,settlement,True
BTC,1758801600,2025-09-25 12:00:00+00:00,1758715200,113000.8,113000.0,C-BTC-113000-250925,P-BTC-113000-250925,515.68801747,498.32477004,1014.01278751,0.0,1572.32068965519,1572.32068965519,0.001,0.1,0.00015,1572.32068965519,0.0089735009620285,-0.550592565519973,0.10569897187239467,-0.6562915373923677,2025-09-24 12:00:00+00:00,2025-09-24 17:30:00+05:30,2025-09-25 12:00:00+00:00,settlement,False
BTC,1758888000,2025-09-26 12:00:00+00:00,1758801600,111471.4,111500.0,C-BTC-111500-260925,P-BTC-111500-260925,651.82854142,661.38472484,1313.21326626,0.0,2442.77586206896,2442.77586206896,0.001,0.1,0.00015,2442.77586206896,0.0117807192361448,-0.8601516789621898,0.08689819823459996,-0.9470498771967898,2025-09-25 12:00:00+00:00,2025-09-25 17:30:00+05:30,2025-09-26 12:00:00+00:00,settlement,False
BTC,1758974400,2025-09-27 12:00:00+00:00,1758888000,109079.6,109000.0,C-BTC-109000-270925,P-BTC-109000-270925,710.13205977,611.47024148,1321.60230125,306.1724137931,0.0,306.1724137931,0.001,0.1,0.00015,306.1724137931,0.0121159437809636,0.7683324147487367,0.08523539824874378,0.6830970164999929,2025-09-26 12:00:00+00:00,2025-09-26 17:30:00+05:30,2025-09-27 12:00:00+00:00,settlement,True
BTC,1759060800,2025-09-28 12:00:00+00:00,1758974400,109297.8,109200.0,C-BTC-109200-280925,P-BTC-109200-280925,379.85647849,264.31752917,644.1740076599999,93.87931034483,0.0,93.87931034483,0.001,0.1,0.00015,93.87931034483,0.0058937509049587,0.8542640509730405,0.14692723500145208,0.7073368159715884,2025-09-27 12:00:00+00:00,2025-09-27 17:30:00+05:30,2025-09-28 12:00:00+00:00,settlement,True
BTC,1759147200,2025-09-29 12:00:00+00:00,1759060800,109404.8,109400.0,C-BTC-109400-290925,P-BTC-109400-290925,513.35948142,490.04184008,1003.4013215,2658.34137931035,0.0,2658.34137931035,0.001,0.1,0.00015,2658.34137931035,0.0091714561107008,-1.6493301556911992,0.10399602988384143,-1.7533261855750406,2025-09-28 12:00:00+00:00,2025-09-28 17:30:00+05:30,2025-09-29 12:00:00+00:00,settlement,False
BTC,1759233600,2025-09-30 12:00:00+00:00,1759147200,112060.0,112000.0,C-BTC-112000-300925,P-BTC-112000-300925,568.37937201,488.77322661,1057.15259862,1020.26896551721,0.0,1020.26896551721,0.001,0.1,0.00015,1020.26896551721,0.0094338086616098,0.0348896017007739,0.1018492219416269,-0.066959620240853,2025-09-29 12:00:00+00:00,2025-09-29 17:30:00+05:30,2025-09-30 12:00:00+00:00,settlement,True
BTC,1759320000,2025-10-01 12:00:00+00:00,1759233600,113012.9,113000.0,C-BTC-113000-011025,P-BTC-113000-011025,628.59414028,596.55386523,1225.14800551,3545.88000000002,0.0,3545.88000000002,0.001,0.1,0.00015,3545.88000000002,0.0108407801720865,-1.894246233151197,0.09210895274705394,-1.9863551858982509,2025-09-30 12:00:00+00:00,2025-09-30 17:30:00+05:30,2025-10-01 12:00:00+00:00,settlement,False
BTC,1759406400,2025-10-02 12:00:00+00:00,1759320000,116716.3,116800.0,C-BTC-116800-021025,P-BTC-116800-021025,615.12461045,675.08236234,1290.20697279,1951.55862068966,0.0,1951.55862068966,0.001,0.1,0.00015,1951.55862068966,0.0110542141311025,-0.5125934534902755,0.0908479722577426,-0.6034414257480181,2025-10-01 12:00:00+00:00,2025-10-01 17:30:00+05:30,2025-10-02 12:00:00+00:00,settlement,False
BTC,1759492800,2025-10-03 12:00:00+00:00,1759406400,118874.8,118800.0,C-BTC-118800-031025,P-BTC-118800-031025,731.09929642,632.57350357,1363.67279999,1524.81034482757,0.0,1524.81034482757,0.001,0.1,0.00015,1524.81034482757,0.0114715044735301,-0.118164375529637,0.08851814705156338,-0.2066825225812004,2025-10-02 12:00:00+00:00,2025-10-02 17:30:00+05:30,2025-10-03 12:00:00+00:00,settlement,False
BTC,1759579200,2025-10-04 12:00:00+00:00,1759492800,120349.5,120400.0,C-BTC-120400-041025,P-BTC-120400-041025,618.23608402,641.62383515,1259.85991917,1671.3827586207,0.0,1671.3827586207,0.001,0.1,0.00015,1671.3827586207,0.0104683436089888,-0.3266417426167607,0.09443247620111207,-0.42107421881787277,2025-10-03 12:00:00+00:00,2025-10-03 17:30:00+05:30,2025-10-04 12:00:00+00:00,settlement,False
BTC,1759665600,2025-10-05 12:00:00+00:00,1759579200,122020.1,122000.0,C-BTC-122000-051025,P-BTC-122000-051025,384.43438386,335.64377755,720.07816141,1358.62068965516,0.0,1358.62068965516,0.001,0.1,0.00015,1358.62068965516,0.0059013077469203,-0.8867683571944699,0.1467734076517992,-1.033541764846269,2025-10-04 12:00:00+00:00,2025-10-04 17:30:00+05:30,2025-10-05 12:00:00+00:00,settlement,False
BTC,1759752000,2025-10-06 12:00:00+00:00,1759665600,123126.1,123200.0,C-BTC-123200-061025,P-BTC-123200-061025,856.00671167,897.78717936,1753.79389103,1051.15172413795,0.0,1051.15172413795,0.001,0.1,0.00015,1051.15172413795,0.0142438840427009,0.4006412443821375,0.07650554364789314,0.32413570073424436,2025-10-05 12:00:00+00:00,2025-10-05 17:30:00+05:30,2025-10-06 12:00:00+00:00,settlement,True
BTC,1759838400,2025-10-07 12:00:00+00:00,1759752000,124389.2,124400.0,C-BTC-124400-071025,P-BTC-124400-071025,913.04284815,893.63649112,1806.67933927,20.37586206898,0.0,20.37586206898,0.001,0.1,0.00015,20.37586206898,0.0145244067754274,0.9887219266717177,0.07554553645783332,0.9131763902138843,2025-10-06 12:00:00+00:00,2025-10-06 17:30:00+05:30,2025-10-07 12:00:00+00:00,settlement,True
BTC,1759924800,2025-10-08 12:00:00+00:00,1759838400,124443.3,124400.0,C-BTC-124400-081025,P-BTC-124400-081025,745.5343415,672.64438284,1418.17872434,0.0,1499.44137931036,1499.44137931036,0.001,0.1,0.00015,1499.44137931036,0.0113961838390656,-0.0573007150478713,0.08892605991603998,-0.1462267749639113,2025-10-07 12:00:00+00:00,2025-10-07 17:30:00+05:30,2025-10-08 12:00:00+00:00,settlement,False
BTC,1760011200,2025-10-09 12:00:00+00:00,1759924800,122802.9,122800.0,C-BTC-122800-091025,P-BTC-122800-091025,855.67379989,825.1798545,1680.85365439,0.0,42.06206896555,42.06206896555,0.001,0.1,0.00015,42.06206896555,0.0136874101050545,0.9749757696895898,0.07852636711882752,0.8964494025707622,2025-10-08 12:00:00+00:00,2025-10-08 17:30:00+05:30,2025-10-09 12:00:00+00:00,settlement,True
BTC,1760097600,2025-10-10 12:00:00+00:00,1760011200,122984.1,123000.0,C-BTC-123000-101025,P-BTC-123000-101025,856.69071696,847.30021983,1703.99093679,0.0,1463.73448275862,1463.73448275862,0.001,0.1,0.00015,1463.73448275862,0.0138553759127399,0.1409963215438094,0.07789929925098588,0.06309702229282352,2025-10-09 12:00:00+00:00,2025-10-09 17:30:00+05:30,2025-10-10 12:00:00+00:00,settlement,True
BTC,1760184000,2025-10-11 12:00:00+00:00,1760097600,121665.6,121600.0,C-BTC-121600-111025,P-BTC-121600-111025,776.42202843,684.50475199,1460.92678042,0.0,9334.88275862066,9334.88275862066,0.001,0.1,0.00015,9334.88275862066,0.0120077226464999,-5.389699253741511,0.08576205474119376,-5.475461308482704,2025-10-10 12:00:00+00:00,2025-10-10 17:30:00+05:30,2025-10-11 12:00:00+00:00,settlement,False
BTC,1760270400,2025-10-12 12:00:00+00:00,1760184000,112239.6,112200.0,C-BTC-112200-121025,P-BTC-112200-121025,800.3946018,743.72167802,1544.11627982,0.0,284.73793103447,284.73793103447,0.001,0.1,0.00015,284.73793103447,0.0137573216567058,0.8155981290038193,0.07826350559121327,0.737334623412606,2025-10-11 12:00:00+00:00,2025-10-11 17:30:00+05:30,2025-10-12 12:00:00+00:00,settlement,True
BTC,1760356800,2025-10-13 12:00:00+00:00,1760270400,112026.4,112000.0,C-BTC-112000-131025,P-BTC-112000-131025,1097.44903598,1054.07758917,2151.52662515,2117.18620689654,0.0,2117.18620689654,0.001,0.1,0.00015,2117.18620689654,0.019205532134836,0.0159609543530819,0.06366437819214545,-0.04770342383906355,2025-10-12 12:00:00+00:00,2025-10-12 17:30:00+05:30,2025-10-13 12:00:00+00:00,settlement,True
BTC,1760443200,2025-10-14 12:00:00+00:00,1760356800,113996.0,114000.0,C-BTC-114000-141025,P-BTC-114000-141025,1119.19269545,1105.41350885,2224.6062043,0.0,2558.75862068965,2558.75862068965,0.001,0.1,0.00015,2558.75862068965,0.0195147742403242,-0.1502074460386551,0.0630802044892238,-0.2132876505278789,2025-10-13 12:00:00+00:00,2025-10-13 17:30:00+05:30,2025-10-14 12:00:00+00:00,settlement,False
BTC,1760529600,2025-10-15 12:00:00+00:00,1760443200,111196.7,111200.0,C-BTC-111200-151025,P-BTC-111200-151025,1109.99107331,1093.98581031,2203.97688362,791.26896551727,0.0,791.26896551727,0.001,0.1,0.00015,791.26896551727,0.0198205242027865,0.6409812773455128,0.0625205486977212,0.5784607286477916,2025-10-14 12:00:00+00:00,2025-10-14 17:30:00+05:30,2025-10-15 12:00:00+00:00,settlement,True
BTC,1760616000,2025-10-16 12:00:00+00:00,1760529600,111839.7,111800.0,C-BTC-111800-161025,P-BTC-111800-161025,943.95658662,885.02496965,1828.98155627,0.0,604.1103448276,604.1103448276,0.001,0.1,0.00015,604.1103448276,0.0163535985546277,0.6697012374145455,0.07009322366786669,0.5996080137466788,2025-10-15 12:00:00+00:00,2025-10-15 17:30:00+05:30,2025-10-16 12:00:00+00:00,settlement,True
BTC,1760702400,2025-10-17 12:00:00+00:00,1760616000,111836.2,111800.0,C-BTC-111800-171025,P-BTC-111800-171025,1005.73917081,949.78003696,1955.51920777,0.0,5900.41379310348,5900.41379310348,0.001,0.1,0.00015,5900.41379310348,0.0174855655661583,-2.0173131358970844,0.06729054045871218,-2.0846036763557967,2025-10-16 12:00:00+00:00,2025-10-16 17:30:00+05:30,2025-10-17 12:00:00+00:00,settlement,False
BTC,1760788800,2025-10-18 12:00:00+00:00,1760702400,105787.4,105800.0,C-BTC-105800-181025,P-BTC-105800-181025,1404.50055812,1408.8196671,2813.32022522,1169.20689655174,0.0,1169.20689655174,0.001,0.1,0.00015,1169.20689655174,0.0265940955654454,0.5844031951747303,0.05342245077136324,0.5309807444033671,2025-10-17 12:00:00+00:00,2025-10-17 17:30:00+05:30,2025-10-18 12:00:00+00:00,settlement,True
BTC,1760875200,2025-10-19 12:00:00+00:00,1760788800,107137.7,107200.0,C-BTC-107200-191025,P-BTC-107200-191025,486.91785425,531.48913175,1018.406986,621.36551724139,0.0,621.36551724139,0.001,0.1,0.00015,621.36551724139,0.0095055894050366,0.389865225019784,0.10128249338698074,0.28858273163280324,2025-10-18 12:00:00+00:00,2025-10-18 17:30:00+05:30,2025-10-19 12:00:00+00:00,settlement,True
BTC,1760961600,2025-10-20 12:00:00+00:00,1760875200,107778.5,107800.0,C-BTC-107800-201025,P-BTC-107800-201025,959.9606962,962.89990013,1922.86059633,3047.87931034484,0.0,3047.87931034484,0.001,0.1,0.00015,3047.87931034484,0.0178408550530022,-0.5850755463823364,0.06648419663164401,-0.6515597430139803,2025-10-19 12:00:00+00:00,2025-10-19 17:30:00+05:30,2025-10-20 12:00:00+00:00,settlement,False
BTC,1761048000,2025-10-21 12:00:00+00:00,1760961600,110976.2,111000.0,C-BTC-111000-211025,P-BTC-111000-211025,896.4075813,900.33616825,1796.7437495499998,0.0,2517.32413793103,2517.32413793103,0.001,0.1,0.00015,2517.32413793103,0.0161903520714351,-0.4010479449623807,0.0705297470046457,-0.4715776919670264,2025-10-20 12:00:00+00:00,2025-10-20 17:30:00+05:30,2025-10-21 12:00:00+00:00,settlement,False
BTC,1761134400,2025-10-22 12:00:00+00:00,1761048000,108562.7,108600.0,C-BTC-108600-221025,P-BTC-108600-221025,918.48703052,942.52941701,1861.01644753,0.0,905.99310344829,905.99310344829,0.001,0.1,0.00015,905.99310344829,0.0171423191163263,0.5131729734840588,0.06810129623626605,0.44507167724779273,2025-10-21 12:00:00+00:00,2025-10-21 17:30:00+05:30,2025-10-22 12:00:00+00:00,settlement,True
BTC,1761220800,2025-10-23 12:00:00+00:00,1761134400,107473.1,107400.0,C-BTC-107400-231025,P-BTC-107400-231025,1279.33062607,1189.73235964,2469.06298571,1865.26206896552,0.0,1865.26206896552,0.001,0.1,0.00015,1865.26206896552,0.0229737765609254,0.2445465831528198,0.05761774553358321,0.1869288376192366,2025-10-22 12:00:00+00:00,2025-10-22 17:30:00+05:30,2025-10-23 12:00:00+00:00,settlement,True
BTC,1761307200,2025-10-24 12:00:00+00:00,1761220800,108713.4,108800.0,C-BTC-108800-241025,P-BTC-108800-241025,976.71400556,1042.52758557,2019.24159113,2174.34827586205,0.0,2174.34827586205,0.001,0.1,0.00015,2174.34827586205,0.0185739898773288,-0.0768143274254021,0.06491781984786024,-0.14173214727326233,2025-10-23 12:00:00+00:00,2025-10-23 17:30:00+05:30,2025-10-24 12:00:00+00:00,settlement,False
BTC,1761393600,2025-10-25 12:00:00+00:00,1761307200,111196.7,111200.0,C-BTC-111200-251025,P-BTC-111200-251025,999.8123698,984.97778402,1984.79015382,407.81034482755,0.0,407.81034482755,0.001,0.1,0.00015,407.81034482755,0.0178493620208153,0.7945322612354443,0.06646528322829423,0.72806697800715,2025-10-24 12:00:00+00:00,2025-10-24 17:30:00+05:30,2025-10-25 12:00:00+00:00,settlement,True
BTC,1761480000,2025-10-26 12:00:00+00:00,1761393600,111579.5,111600.0,C-BTC-111600-261025,P-BTC-111600-261025,464.30775145,466.79551976,931.10327121,1478.70344827589,0.0,1478.70344827589,0.001,0.1,0.00015,1478.70344827589,0.0083447521382512,-0.5881197005722739,0.11164374230297683,-0.6997634428752507,2025-10-25 12:00:00+00:00,2025-10-25 17:30:00+05:30,2025-10-26 12:00:00+00:00,settlement,False
BTC,1761566400,2025-10-27 12:00:00+00:00,1761480000,113433.7,113400.0,C-BTC-113400-271025,P-BTC-113400-271025,858.06189921,806.05664385,1664.11854306,2014.31724137928,0.0,2014.31724137928,0.001,0.1,0.00015,2014.31724137928,0.0146704069695337,-0.2104409567333651,0.07506041986908162,-0.28550137660244673,2025-10-26 12:00:00+00:00,2025-10-26 17:30:00+05:30,2025-10-27 12:00:00+00:00,settlement,False
BTC,1761652800,2025-10-28 12:00:00+00:00,1761566400,115334.2,115400.0,C-BTC-115400-281025,P-BTC-115400-281025,756.67682457,802.38384249,1559.06066706,0.0,917.31724137932,917.31724137932,0.001,0.1,0.00015,917.31724137932,0.013517765476849,0.4116218433570313,0.0791755202893958,0.3324463230676355,2025-10-27 12:00:00+00:00,2025-10-27 17:30:00+05:30,2025-10-28 12:00:00+00:00,settlement,True
BTC,1761739200,2025-10-29 12:00:00+00:00,1761652800,114309.8,114400.0,C-BTC-114400-291025,P-BTC-114400-291025,692.56687396,762.80110132,1455.36797528,0.0,1266.99310344829,1266.99310344829,0.001,0.1,0.00015,1266.99310344829,0.0127317865596825,0.1294345313565583,0.08240884929079843,0.04702568206575987,2025-10-28 12:00:00+00:00,2025-10-28 17:30:00+05:30,2025-10-29 12:00:00+00:00,settlement,True
BTC,1761825600,2025-10-30 12:00:00+00:00,1761739200,113194.2,113200.0,C-BTC-113200-301025,P-BTC-113200-301025,1076.86141745,1064.05695291,2140.91837036,0.0,3290.5,3290.5,0.001,0.1,0.00015,3290.5,0.0189136755271913,-0.5369572448699644,0.06423323178946053,-0.6011904766594249,2025-10-29 12:00:00+00:00,2025-10-29 17:30:00+05:30,2025-10-30 12:00:00+00:00,settlement,False
BTC,1761912000,2025-10-31 12:00:00+00:00,1761825600,109714.8,109800.0,C-BTC-109800-311025,P-BTC-109800-311025,1036.8425769,1104.33958056,2141.18215746,8.61034482754,0.0,8.61034482754,0.001,0.1,0.00015,8.61034482754,0.0195158917252731,0.9959786957884266,0.06307812707544064,0.9329005687129859,2025-10-30 12:00:00+00:00,2025-10-30 17:30:00+05:30,2025-10-31 12:00:00+00:00,settlement,True
BTC,1761998400,2025-11-01 12:00:00+00:00,1761912000,110573.9,110600.0,C-BTC-110600-011125,P-BTC-110600-011125,951.56755006,962.76964027,1914.33719033,0.0,517.92068965516,517.92068965516,0.001,0.1,0.00015,517.92068965516,0.0173127400799827,0.7294516910232104,0.06769473975402666,0.6617569512691838,2025-10-31 12:00:00+00:00,2025-10-31 17:30:00+05:30,2025-11-01 12:00:00+00:00,settlement,True
BTC,1762084800,2025-11-02 12:00:00+00:00,1761998400,110142.1,110200.0,C-BTC-110200-021125,P-BTC-110200-021125,428.50675293,470.32541968,898.83217261,764.00689655171,0.0,764.00689655171,0.001,0.1,0.00015,764.00689655171,0.0081606594808887,0.1500005008351989,0.11355769423513447,0.03644280660006442,2025-11-01 12:00:00+00:00,2025-11-01 17:30:00+05:30,2025-11-02 12:00:00+00:00,settlement,True
BTC,1762171200,2025-11-03 12:00:00+00:00,1762084800,111200.0,111200.0,C-BTC-111200-031125,P-BTC-111200-031125,915.90631782,901.08550299,1816.99182081,0.0,3468.37241379308,3468.37241379308,0.001,0.1,0.00015,3468.37241379308,0.016339854503687,-0.9088541698811324,0.07012963918621437,-0.9789838090673468,2025-11-02 12:00:00+00:00,2025-11-02 17:30:00+05:30,2025-11-03 12:00:00+00:00,settlement,False
BTC,1762257600,2025-11-04 12:00:00+00:00,1762171200,107967.9,108000.0,C-BTC-108000-041125,P-BTC-108000-041125,950.68699303,943.66876142,1894.35575445,0.0,3470.32068965516,3470.32068965516,0.001,0.1,0.00015,3470.32068965516,0.0175455459858902,-0.8319265964183796,0.06715212130584926,-0.8990787177242289,2025-11-03 12:00:00+00:00,2025-11-03 17:30:00+05:30,2025-11-04 12:00:00+00:00,settlement,False
BTC,1762344000,2025-11-05 12:00:00+00:00,1762257600,104582.1,104600.0,C-BTC-104600-051125,P-BTC-104600-051125,1030.50132574,1033.427329,2063.92865474,0.0,2769.04482758623,2769.04482758623,0.001,0.1,0.00015,2769.04482758623,0.0197350087131545,-0.341637861961394,0.06267533252661177,-0.4043131944880058,2025-11-04 12:00:00+00:00,2025-11-04 17:30:00+05:30,2025-11-05 12:00:00+00:00,settlement,False
BTC,1762430400,2025-11-06 12:00:00+00:00,1762344000,101934.6,102000.0,C-BTC-102000-061125,P-BTC-102000-061125,1041.2349706,1091.73251665,2132.96748725,1199.84137931035,0.0,1199.84137931035,0.001,0.1,0.00015,1199.84137931035,0.0209248624829057,0.437477886333239,0.060635347810691284,0.3768425385225477,2025-11-05 12:00:00+00:00,2025-11-05 17:30:00+05:30,2025-11-06 12:00:00+00:00,settlement,True
BTC,1762516800,2025-11-07 12:00:00+00:00,1762430400,103018.1,103000.0,C-BTC-103000-071125,P-BTC-103000-071125,941.36454217,907.68685504,1849.05139721,0.0,2805.26206896549,2805.26206896549,0.001,0.1,0.00015,2805.26206896549,0.0179488012029924,-0.5171357990363593,0.06624553131949334,-0.5833813303558526,2025-11-06 12:00:00+00:00,2025-11-06 17:30:00+05:30,2025-11-07 12:00:00+00:00,settlement,False
BTC,1762603200,2025-11-08 12:00:00+00:00,1762516800,100483.8,100400.0,C-BTC-100400-081125,P-BTC-100400-081125,1038.84723931,941.54989503,1980.39713434,1666.0827586207,0.0,1666.0827586207,0.001,0.1,0.00015,1666.0827586207,0.0197086210348334,0.1587128007151205,0.06272336565549991,0.0959894350596206,2025-11-07 12:00:00+00:00,2025-11-07 17:30:00+05:30,2025-11-08 12:00:00+00:00,settlement,True
BTC,1762689600,2025-11-09 12:00:00+00:00,1762603200,101969.2,102000.0,C-BTC-102000-091125,P-BTC-102000-091125,435.93395799,453.33116627,889.26512426,168.03793103447,0.0,168.03793103447,0.001,0.1,0.00015,168.03793103447,0.008720918907474,0.8110373088404851,0.10798410542646238,0.7030532034140227,2025-11-08 12:00:00+00:00,2025-11-08 17:30:00+05:30,2025-11-09 12:00:00+00:00,settlement,True
BTC,1762776000,2025-11-10 12:00:00+00:00,1762689600,102152.7,102200.0,C-BTC-102200-101125,P-BTC-102200-101125,863.98114861,897.96117895,1761.94232756,4031.74827586208,0.0,4031.74827586208,0.001,0.1,0.00015,4031.74827586208,0.0172481229332166,-1.2882407742853803,0.06784794491211127,-1.3560887191974915,2025-11-09 12:00:00+00:00,2025-11-09 17:30:00+05:30,2025-11-10 12:00:00+00:00,settlement,False
BTC,1762862400,2025-11-11 12:00:00+00:00,1762776000,105921.3,106000.0,C-BTC-106000-111125,P-BTC-106000-111125,826.08217595,888.57913606,1714.66131201,0.0,663.60689655173,663.60689655173,0.001,0.1,0.00015,663.60689655173,0.0161880689909395,0.6129807724104878,0.07053591441921017,0.5424448579912776,2025-11-10 12:00:00+00:00,2025-11-10 17:30:00+05:30,2025-11-11 12:00:00+00:00,settlement,True
BTC,1762948800,2025-11-12 12:00:00+00:00,1762862400,105320.6,105400.0,C-BTC-105400-121125,P-BTC-105400-121125,750.66690764,816.48877263,1567.15568027,0.0,519.3724137931,519.3724137931,0.001,0.1,0.00015,519.3724137931,0.0148798590234958,0.6685891386976824,0.07438109595541466,0.5942080427422678,2025-11-11 12:00:00+00:00,2025-11-11 17:30:00+05:30,2025-11-12 12:00:00+00:00,settlement,True
BTC,1763035200,2025-11-13 12:00:00+00:00,1762948800,104932.1,105000.0,C-BTC-105000-131125,P-BTC-105000-131125,762.17010742,815.48052993,1577.65063735,0.0,2083.25862068965,2083.25862068965,0.001,0.1,0.00015,2083.25862068965,0.0150349667770872,-0.3204815891235121,0.07389022710172964,-0.39437181622524176,2025-11-12 12:00:00+00:00,2025-11-12 17:30:00+05:30,2025-11-13 12:00:00+00:00,settlement,False
BTC,1763121600,2025-11-14 12:00:00+00:00,1763035200,102994.5,103000.0,C-BTC-103000-141125,P-BTC-103000-141125,891.60654275,883.73956604,1775.34610879,0.0,6905.6068965517,6905.6068965517,0.001,0.1,0.00015,6905.6068965517,0.0172372904260907,-2.8897242979050803,0.06787374085478984,-2.9575980387598704,2025-11-13 12:00:00+00:00,2025-11-13 17:30:00+05:30,2025-11-14 12:00:00+00:00,settlement,False
BTC,1763208000,2025-11-15 12:00:00+00:00,1763121600,95873.0,95800.0,C-BTC-95800-151125,P-BTC-95800-151125,1228.33042313,1142.37086647,2370.7012896,0.0,48.14137931033,48.14137931033,0.001,0.1,0.00015,48.14137931033,0.0247275175450856,0.979693190567061,0.055432069463062894,0.924261121103998,2025-11-14 12:00:00+00:00,2025-11-14 17:30:00+05:30,2025-11-15 12:00:00+00:00,settlement,True
BTC,1763294400,2025-11-16 12:00:00+00:00,1763208000,95638.7,95600.0,C-BTC-95600-161125,P-BTC-95600-161125,540.19391082,488.44100914,1028.63491996,42.48620689659,0.0,42.48620689659,0.001,0.1,0.00015,42.48620689659,0.0107554255752117,0.958696515087936,0.09262724179987308,0.8660692732880628,2025-11-15 12:00:00+00:00,2025-11-15 17:30:00+05:30,2025-11-16 12:00:00+00:00,settlement,True
BTC,1763380800,2025-11-17 12:00:00+00:00,1763294400,95710.0,95800.0,C-BTC-95800-171125,P-BTC-95800-171125,939.2336406,1016.8973139,1956.1309545,0.0,164.53448275861,164.53448275861,0.001,0.1,0.00015,164.53448275861,0.0204381042158604,0.9158877976036804,0.06144117770035524,0.8544466199033252,2025-11-16 12:00:00+00:00,2025-11-16 17:30:00+05:30,2025-11-17 12:00:00+00:00,settlement,True
BTC,1763467200,2025-11-18 12:00:00+00:00,1763380800,95420.5,95400.0,C-BTC-95400-181125,P-BTC-95400-181125,926.1039284,892.72906002,1818.83298842,0.0,3894.32068965516,3894.32068965516,0.001,0.1,0.00015,3894.32068965516,0.0190612393397645,-1.1411095545600989,0.06394344001352573,-1.2050529945736246,2025-11-17 12:00:00+00:00,2025-11-17 17:30:00+05:30,2025-11-18 12:00:00+00:00,settlement,False
BTC,1763553600,2025-11-19 12:00:00+00:00,1763467200,91326.8,91400.0,C-BTC-91400-191125,P-BTC-91400-191125,1003.99817341,1064.3997435,2068.3979169100003,119.10344827584,0.0,119.10344827584,0.001,0.1,0.00015,119.10344827584,0.0226483126191873,0.9424175361509888,0.058060606999931264,0.8843569291510576,2025-11-18 12:00:00+00:00,2025-11-18 17:30:00+05:30,2025-11-19 12:00:00+00:00,settlement,True
BTC,1763640000,2025-11-20 12:00:00+00:00,1763553600,91505.1,91600.0,C-BTC-91600-201125,P-BTC-91600-201125,957.30072541,1039.0616706,1996.36239601,191.58965517243,0.0,191.58965517243,0.001,0.1,0.00015,191.58965517243,0.0218169522355584,0.904030623119656,0.0592518288510557,0.8447787942686003,2025-11-19 12:00:00+00:00,2025-11-19 17:30:00+05:30,2025-11-20 12:00:00+00:00,settlement,True
BTC,1763726400,2025-11-21 12:00:00+00:00,1763640000,91917.7,92000.0,C-BTC-92000-211125,P-BTC-92000-211125,1040.25932368,1112.80548159,2153.06480527,0.0,9481.2448275862,9481.2448275862,0.001,0.1,0.00015,9481.2448275862,0.0234238324639324,-3.403604018039405,0.05702562601957497,-3.4606296440589803,2025-11-20 12:00:00+00:00,2025-11-20 17:30:00+05:30,2025-11-21 12:00:00+00:00,settlement,False
BTC,1763812800,2025-11-22 12:00:00+00:00,1763726400,82216.5,82400.0,C-BTC-82400-221125,P-BTC-82400-221125,1396.3188686,1567.11052103,2963.42938963,1822.00689655173,0.0,1822.00689655173,0.001,0.1,0.00015,1822.00689655173,0.036044217275486,0.3851694584228925,0.046442540565904196,0.33872691785698833,2025-11-21 12:00:00+00:00,2025-11-21 17:30:00+05:30,2025-11-22 12:00:00+00:00,settlement,True
BTC,1763899200,2025-11-23 12:00:00+00:00,1763812800,83999.8,84000.0,C-BTC-84000-231125,P-BTC-84000-231125,590.57997756,579.04262334,1169.6226009,2240.88620689655,0.0,2240.88620689655,0.001,0.1,0.00015,2240.88620689655,0.0139241117347898,-0.915905357140188,0.077647049598937,-0.9935524067391249,2025-11-22 12:00:00+00:00,2025-11-22 17:30:00+05:30,2025-11-23 12:00:00+00:00,settlement,False
BTC,1763985600,2025-11-24 12:00:00+00:00,1763899200,86439.9,86400.0,C-BTC-86400-241125,P-BTC-86400-241125,1032.68594529,981.13798532,2013.82393061,0.0,116.49310344826,116.49310344826,0.001,0.1,0.00015,116.49310344826,0.0232973884815924,0.9421532827783144,0.05718967223984785,0.8849636105384666,2025-11-23 12:00:00+00:00,2025-11-23 17:30:00+05:30,2025-11-24 12:00:00+00:00,settlement,True
BTC,1764072000,2025-11-25 12:00:00+00:00,1763985600,86149.7,86200.0,C-BTC-86200-251125,P-BTC-86200-251125,1110.65350346,1150.50996543,2261.16346889,1236.14827586208,0.0,1236.14827586208,0.001,0.1,0.00015,1236.14827586208,0.0262469105393286,0.4533131757745482,0.0537746033133738,0.3995385724611744,2025-11-24 12:00:00+00:00,2025-11-24 17:30:00+05:30,2025-11-25 12:00:00+00:00,settlement,True
BTC,1764158400,2025-11-26 12:00:00+00:00,1764072000,87513.6,87600.0,C-BTC-87600-261125,P-BTC-87600-261125,856.76332561,930.24896124,1787.01228685,0.0,611.55172413794,611.55172413794,0.001,0.1,0.00015,611.55172413794,0.0204198237399672,0.6577797877283017,0.0614721895847831,0.5963075981435186,2025-11-25 12:00:00+00:00,2025-11-25 17:30:00+05:30,2025-11-26 12:00:00+00:00,settlement,True
BTC,1764244800,2025-11-27 12:00:00+00:00,1764158400,86733.0,86800.0,C-BTC-86800-271125,P-BTC-86800-271125,776.51554905,828.5918682,1605.10741725,4620.63103448278,0.0,4620.63103448278,0.001,0.1,0.00015,4620.63103448278,0.0185063057573242,-1.8787051787469893,0.06505723022650246,-1.9437624089734917,2025-11-26 12:00:00+00:00,2025-11-26 17:30:00+05:30,2025-11-27 12:00:00+00:00,settlement,False
BTC,1764331200,2025-11-28 12:00:00+00:00,1764244800,91367.8,91400.0,C-BTC-91400-281125,P-BTC-91400-281125,797.20365774,816.79894302,1614.00260076,0.0,49.68965517242,49.68965517242,0.001,0.1,0.00015,49.68965517242,0.0176648950807614,0.9692133983247472,0.06687949080722644,0.9023339075175207,2025-11-27 12:00:00+00:00,2025-11-27 17:30:00+05:30,2025-11-28 12:00:00+00:00,settlement,True
BTC,1764417600,2025-11-29 12:00:00+00:00,1764331200,91505.3,91600.0,C-BTC-91600-291125,P-BTC-91600-291125,602.08065193,683.19643169,1285.2770836200002,0.0,1008.59999999999,1008.59999999999,0.001,0.1,0.00015,1008.59999999999,0.0140459304938621,0.215266487783899,0.07720605891573983,0.13806042886815917,2025-11-28 12:00:00+00:00,2025-11-28 17:30:00+05:30,2025-11-29 12:00:00+00:00,settlement,True
BTC,1764504000,2025-11-30 12:00:00+00:00,1764417600,90696.6,90600.0,C-BTC-90600-301125,P-BTC-90600-301125,440.23503476,330.9411267,771.17616146,535.0896551724,0.0,535.0896551724,0.001,0.1,0.00015,535.0896551724,0.0085028122494117,0.3061382315561184,0.11006656866367706,0.19607166289244135,2025-11-29 12:00:00+00:00,2025-11-29 17:30:00+05:30,2025-11-30 12:00:00+00:00,settlement,True
BTC,1764590400,2025-12-01 12:00:00+00:00,1764504000,91047.1,91000.0,C-BTC-91000-011225,P-BTC-91000-011225,822.44612106,763.21020208,1585.65632314,0.0,4654.47931034485,4654.47931034485,0.001,0.1,0.00015,4654.47931034485,0.0174157806579232,-1.935364519045215,0.06745278576403634,-2.002817304809251,2025-11-30 12:00:00+00:00,2025-11-30 17:30:00+05:30,2025-12-01 12:00:00+00:00,settlement,False
BTC,1764676800,2025-12-02 12:00:00+00:00,1764590400,86141.6,86200.0,C-BTC-86200-021225,P-BTC-86200-021225,922.29322466,969.06877619,1891.36200085,1192.90689655174,0.0,1192.90689655174,0.001,0.1,0.00015,1192.90689655174,0.0219564298881144,0.3692868440755213,0.0590456794482448,0.3102411646272765,2025-12-01 12:00:00+00:00,2025-12-01 17:30:00+05:30,2025-12-02 12:00:00+00:00,settlement,True
BTC,1764763200,2025-12-03 12:00:00+00:00,1764676800,87381.1,87400.0,C-BTC-87400-031225,P-BTC-87400-031225,871.00599965,878.12692566,1749.13292531,5563.79655172412,0.0,5563.79655172412,0.001,0.1,0.00015,5563.79655172412,0.0200172912141183,-2.1808883540043387,0.062169420988422285,-2.243057774992761,2025-12-02 12:00:00+00:00,2025-12-02 17:30:00+05:30,2025-12-03 12:00:00+00:00,settlement,False
BTC,1764849600,2025-12-04 12:00:00+00:00,1764763200,93052.5,93000.0,C-BTC-93000-041225,P-BTC-93000-041225,961.46620876,896.97143208,1858.43764084,0.0,126.29655172414,126.29655172414,0.001,0.1,0.00015,126.29655172414,0.0199719259648048,0.9320415444948398,0.062249760891746796,0.869791783603093,2025-12-03 12:00:00+00:00,2025-12-03 17:30:00+05:30,2025-12-04 12:00:00+00:00,settlement,True
BTC,1764936000,2025-12-05 12:00:00+00:00,1764849600,92999.4,93000.0,C-BTC-93000-051225,P-BTC-93000-051225,926.97884866,914.0665266,1841.04537526,0.0,1722.16206896552,1722.16206896552,0.001,0.1,0.00015,1722.16206896552,0.019796314548911,0.0645738056715147,0.06256423269345075,0.0020095729780639504,2025-12-04 12:00:00+00:00,2025-12-04 17:30:00+05:30,2025-12-05 12:00:00+00:00,settlement,True
BTC,1765022400,2025-12-06 12:00:00+00:00,1764936000,91283.2,91200.0,C-BTC-91200-061225,P-BTC-91200-061225,871.06897194,775.22734622,1646.2963181599998,0.0,1556.44827586207,1556.44827586207,0.001,0.1,0.00015,1556.44827586207,0.0180350416961719,0.0545758629882313,0.06605690951689226,-0.011481046528660964,2025-12-05 12:00:00+00:00,2025-12-05 17:30:00+05:30,2025-12-06 12:00:00+00:00,settlement,True
BTC,1765108800,2025-12-07 12:00:00+00:00,1765022400,89611.9,89600.0,C-BTC-89600-071225,P-BTC-89600-071225,371.11668425,347.27817131,718.39485556,0.0,400.07241379311,400.07241379311,0.001,0.1,0.00015,400.07241379311,0.0080167350046143,0.4431023403122127,0.11511525547401569,0.327987084838197,2025-12-06 12:00:00+00:00,2025-12-06 17:30:00+05:30,2025-12-07 12:00:00+00:00,settlement,True
BTC,1765195200,2025-12-08 12:00:00+00:00,1765108800,89165.4,89200.0,C-BTC-89200-081225,P-BTC-89200-081225,872.67575369,894.69409989,1767.36985358,2751.14482758623,0.0,2751.14482758623,0.001,0.1,0.00015,2751.14482758623,0.0198212518934474,-0.556632202373197,0.06251923730175953,-0.6191514396749566,2025-12-07 12:00:00+00:00,2025-12-07 17:30:00+05:30,2025-12-08 12:00:00+00:00,settlement,False
BTC,1765281600,2025-12-09 12:00:00+00:00,1765195200,91831.9,91800.0,C-BTC-91800-091225,P-BTC-91800-091225,893.0973839,839.58823446,1732.6856183599998,0.0,1505.56896551726,1505.56896551726,0.001,0.1,0.00015,1505.56896551726,0.0188680144738375,0.1310778195629668,0.06432382111968994,0.06675399844327685,2025-12-08 12:00:00+00:00,2025-12-08 17:30:00+05:30,2025-12-09 12:00:00+00:00,settlement,True
BTC,1765368000,2025-12-10 12:00:00+00:00,1765281600,90450.1,90400.0,C-BTC-90400-101225,P-BTC-90400-101225,823.46529067,761.57680446,1585.0420951299998,1712.47241379308,0.0,1712.47241379308,0.001,0.1,0.00015,1712.47241379308,0.0175239396654066,-0.08039554220964,0.06720187386616237,-0.14759741607580237,2025-12-09 12:00:00+00:00,2025-12-09 17:30:00+05:30,2025-12-10 12:00:00+00:00,settlement,False
BTC,1765454400,2025-12-11 12:00:00+00:00,1765368000,92079.7,92000.0,C-BTC-92000-111225,P-BTC-92000-111225,1338.67204295,1245.07155846,2583.7436014100003,0.0,1740.94482758621,1740.94482758621,0.001,0.1,0.00015,1740.94482758621,0.0280598612007858,0.326192882824696,0.05203177128118408,0.2741611115435119,2025-12-10 12:00:00+00:00,2025-12-10 17:30:00+05:30,2025-12-11 12:00:00+00:00,settlement,True
BTC,1765540800,2025-12-12 12:00:00+00:00,1765454400,90235.4,90200.0,C-BTC-90200-121225,P-BTC-90200-121225,812.51096767,764.80928879,1577.32025646,2162.76666666668,0.0,2162.76666666668,0.001,0.1,0.0001,2162.76666666668,0.0174800605578298,-0.3711652137915256,0.05380219478293379,-0.4249674085744594,2025-12-11 12:00:00+00:00,2025-12-11 17:30:00+05:30,2025-12-12 12:00:00+00:00,settlement,False
BTC,1765627200,2025-12-13 12:00:00+00:00,1765540800,92289.2,92200.0,C-BTC-92200-131225,P-BTC-92200-131225,825.28618776,719.57387831,1544.86006607,0.0,1817.79333333335,1817.79333333335,0.001,0.1,0.0001,1817.79333333335,0.0167393374963701,-0.1766718379598421,0.05499705380229966,-0.23166889176214175,2025-12-12 12:00:00+00:00,2025-12-12 17:30:00+05:30,2025-12-13 12:00:00+00:00,settlement,False
BTC,1765713600,2025-12-14 12:00:00+00:00,1765627200,90388.1,90400.0,C-BTC-90400-141225,P-BTC-90400-141225,349.54431994,349.39808389,698.94240383,0.0,1114.26551724137,1114.26551724137,0.001,0.1,0.0001,1114.26551724137,0.0077326816674982,-0.5942165064467697,0.0878396263929878,-0.6820561328397575,2025-12-13 12:00:00+00:00,2025-12-13 17:30:00+05:30,2025-12-14 12:00:00+00:00,settlement,False
BTC,1765800000,2025-12-15 12:00:00+00:00,1765713600,89173.4,89200.0,C-BTC-89200-151225,P-BTC-89200-151225,1001.5134161,1016.93394927,2018.44736537,501.96896551723,0.0,501.96896551723,0.001,0.1,0.0001,501.96896551723,0.0226350836165269,0.751309360784241,0.0476525847748745,0.7036567760093665,2025-12-14 12:00:00+00:00,2025-12-14 17:30:00+05:30,2025-12-15 12:00:00+00:00,settlement,True
BTC,1765886400,2025-12-16 12:00:00+00:00,1765800000,89502.8,89600.0,C-BTC-89600-161225,P-BTC-89600-161225,722.70568164,807.42216407,1530.12784571,0.0,2446.64827586207,2446.64827586207,0.001,0.1,0.0001,2446.64827586207,0.0170958656680014,-0.5989829102984477,0.05440901431762233,-0.6533919246160701,2025-12-15 12:00:00+00:00,2025-12-15 17:30:00+05:30,2025-12-16 12:00:00+00:00,settlement,False
BTC,1765972800,2025-12-17 12:00:00+00:00,1765886400,87304.6,87400.0,C-BTC-87400-171225,P-BTC-87400-171225,856.51188882,940.86359234,1797.37548116,0.0,491.89310344831,491.89310344831,0.001,0.1,0.0001,491.89310344831,0.0205874086950744,0.7263270203670246,0.04972663476938336,0.6766003855976412,2025-12-16 12:00:00+00:00,2025-12-16 17:30:00+05:30,2025-12-17 12:00:00+00:00,settlement,True
BTC,1766059200,2025-12-18 12:00:00+00:00,1765972800,87179.9,87200.0,C-BTC-87200-181225,P-BTC-87200-181225,748.16745052,756.95615715,1505.12360767,0.0,4.83103448275,4.83103448275,0.001,0.1,0.0001,4.83103448275,0.0172645713939795,0.9967902739295752,0.05413922489176845,0.9426510490378067,2025-12-17 12:00:00+00:00,2025-12-17 17:30:00+05:30,2025-12-18 12:00:00+00:00,settlement,True
BTC,1766145600,2025-12-19 12:00:00+00:00,1766059200,87340.4,87400.0,C-BTC-87400-191225,P-BTC-87400-191225,1008.69639577,1056.72022212,2065.41661789,868.57241379312,0.0,868.57241379312,0.001,0.1,0.0001,868.57241379312,0.0236478951079912,0.5794686620269178,0.04675949313224492,0.5327091688946729,2025-12-18 12:00:00+00:00,2025-12-18 17:30:00+05:30,2025-12-19 12:00:00+00:00,settlement,True
BTC,1766232000,2025-12-20 12:00:00+00:00,1766145600,88061.6,88000.0,C-BTC-88000-201225,P-BTC-88000-201225,1023.40021074,945.55801223,1968.95822297,270.33103448276,0.0,270.33103448276,0.001,0.1,0.0001,270.33103448276,0.0223588740491882,0.8627035193895636,0.04791018645042796,0.8147933329391356,2025-12-19 12:00:00+00:00,2025-12-19 17:30:00+05:30,2025-12-20 12:00:00+00:00,settlement,True
BTC,1766318400,2025-12-21 12:00:00+00:00,1766232000,88266.8,88200.0,C-BTC-88200-211225,P-BTC-88200-211225,354.58842464,275.64005771,630.22848235,424.24482758621,0.0,424.24482758621,0.001,0.1,0.0001,424.24482758621,0.0071400399963519,0.3268396471002339,0.09290607226866474,0.23393357483156915,2025-12-20 12:00:00+00:00,2025-12-20 17:30:00+05:30,2025-12-21 12:00:00+00:00,settlement,True
BTC,1766404800,2025-12-22 12:00:00+00:00,1766318400,88671.4,88600.0,C-BTC-88600-221225,P-BTC-88600-221225,912.0929849,827.44666193,1739.53964683,1325.45862068966,0.0,1325.45862068966,0.001,0.1,0.0001,1325.45862068966,0.0196178209301984,0.2380405798137045,0.0508597567731609,0.1871808230405436,2025-12-21 12:00:00+00:00,2025-12-21 17:30:00+05:30,2025-12-22 12:00:00+00:00,settlement,True
BTC,1766491200,2025-12-23 12:00:00+00:00,1766404800,90021.4,90000.0,C-BTC-90000-231225,P-BTC-90000-231225,901.47712298,866.75239513,1768.2295181099998,0.0,2211.05862068964,2211.05862068964,0.001,0.1,0.0001,2211.05862068964,0.0196423241374828,-0.2504364382814766,0.05082974295181783,-0.3012661812332944,2025-12-22 12:00:00+00:00,2025-12-22 17:30:00+05:30,2025-12-23 12:00:00+00:00,settlement,False
BTC,1766577600,2025-12-24 12:00:00+00:00,1766491200,87734.7,87800.0,C-BTC-87800-241225,P-BTC-87800-241225,689.9338368,742.01962196,1431.95345876,0.0,560.26206896553,560.26206896553,0.001,0.1,0.0001,560.26206896553,0.0163214037177992,0.608742822234817,0.05571908123596395,0.5530237409988531,2025-12-23 12:00:00+00:00,2025-12-23 17:30:00+05:30,2025-12-24 12:00:00+00:00,settlement,True
BTC,1766664000,2025-12-25 12:00:00+00:00,1766577600,87182.7,87200.0,C-BTC-87200-251225,P-BTC-87200-251225,593.79687129,599.84772727,1193.6445985599998,325.06896551726,0.0,325.06896551726,0.001,0.1,0.0001,325.06896551726,0.0136913011246497,0.7276668734484119,0.06127444444489022,0.6663924290035217,2025-12-24 12:00:00+00:00,2025-12-24 17:30:00+05:30,2025-12-25 12:00:00+00:00,settlement,True
BTC,1766750400,2025-12-26 12:00:00+00:00,1766664000,87561.8,87600.0,C-BTC-87600-261225,P-BTC-87600-261225,440.64280099,465.82732122,906.47012221,986.93103448275,0.0,986.93103448275,0.001,0.1,0.0001,986.93103448275,0.0103523468248711,-0.0887628949938073,0.07239352656791194,-0.16115642156171922,2025-12-25 12:00:00+00:00,2025-12-25 17:30:00+05:30,2025-12-26 12:00:00+00:00,settlement,False
BTC,1766836800,2025-12-27 12:00:00+00:00,1766750400,88641.4,88600.0,C-BTC-88600-271225,P-BTC-88600-271225,679.00609236,625.09470783,1304.10080019,0.0,1105.74827586206,1105.74827586206,0.001,0.1,0.0001,1105.74827586206,0.0147120961558594,0.1520990741659243,0.05888244392910758,0.09321663023681673,2025-12-26 12:00:00+00:00,2025-12-26 17:30:00+05:30,2025-12-27 12:00:00+00:00,settlement,True
BTC,1766923200,2025-12-28 12:00:00+00:00,1766836800,87476.7,87400.0,C-BTC-87400-281225,P-BTC-87400-281225,319.69212335,228.94972725,548.6418506,457.26206896549,0.0,457.26206896549,0.001,0.1,0.0001,457.26206896549,0.0062718626857208,0.1665563455186223,0.10205674965343228,0.06449959586519002,2025-12-27 12:00:00+00:00,2025-12-27 17:30:00+05:30,2025-12-28 12:00:00+00:00,settlement,True
BTC,1767009600,2025-12-29 12:00:00+00:00,1766923200,87856.3,87800.0,C-BTC-87800-291225,P-BTC-87800-291225,625.66379721,555.90487571,1181.5686729200002,0.0,142.80689655173,142.80689655173,0.001,0.1,0.0001,142.80689655173,0.0134488781444244,0.8791378784621865,0.06189586412571354,0.8172420143364729,2025-12-28 12:00:00+00:00,2025-12-28 17:30:00+05:30,2025-12-29 12:00:00+00:00,settlement,True
BTC,1767096000,2025-12-30 12:00:00+00:00,1767009600,87591.0,87600.0,C-BTC-87600-301225,P-BTC-87600-301225,712.63646253,708.84065448,1421.47711701,302.01379310343,0.0,302.01379310343,0.001,0.1,0.0001,302.01379310343,0.0162285750477788,0.7875352409902318,0.055884500555986906,0.7316507404342448,2025-12-29 12:00:00+00:00,2025-12-29 17:30:00+05:30,2025-12-30 12:00:00+00:00,settlement,True
BTC,1767182400,2025-12-31 12:00:00+00:00,1767096000,87973.2,88000.0,C-BTC-88000-311225,P-BTC-88000-311225,631.62437795,646.01046889,1277.63484684,967.63103448275,0.0,967.63103448275,0.001,0.1,0.0001,967.63103448275,0.0145230007188552,0.242638820570673,0.05930017053205816,0.18333865003861483,2025-12-30 12:00:00+00:00,2025-12-30 17:30:00+05:30,2025-12-31 12:00:00+00:00,settlement,True
BTC,1767268800,2026-01-01 12:00:00+00:00,1767182400,88956.6,89000.0,C-BTC-89000-010126,P-BTC-89000-010126,625.67123881,658.66829247,1284.3395312799998,0.0,1059.52413793105,1059.52413793105,0.001,0.1,0.0001,1059.52413793105,0.0144378217162076,0.1750435830040161,0.059491912206544297,0.1155516707974718,2025-12-31 12:00:00+00:00,2025-12-31 17:30:00+05:30,2026-01-01 12:00:00+00:00,settlement,True
BTC,1767355200,2026-01-02 12:00:00+00:00,1767268800,88017.2,88000.0,C-BTC-88000-020126,P-BTC-88000-020126,416.26716181,385.81079211,802.07795392,1495.66206896552,0.0,1495.66206896552,0.001,0.1,0.0001,1495.66206896552,0.0091127410769713,-0.8647340469286836,0.07859561188156489,-0.9433296588102484,2026-01-01 12:00:00+00:00,2026-01-01 17:30:00+05:30,2026-01-02 12:00:00+00:00,settlement,False
BTC,1767441600,2026-01-03 12:00:00+00:00,1767355200,89445.0,89400.0,C-BTC-89400-030126,P-BTC-89400-030126,754.90068177,695.90355522,1450.80423699,337.41379310346,0.0,337.41379310346,0.001,0.1,0.0001,337.41379310346,0.0162200708478953,0.7674298265054035,0.05589974958964156,0.7115300769157619,2026-01-02 12:00:00+00:00,2026-01-02 17:30:00+05:30,2026-01-03 12:00:00+00:00,settlement,True
BTC,1767528000,2026-01-04 12:00:00+00:00,1767441600,89700.3,89800.0,C-BTC-89800-040126,P-BTC-89800-040126,317.36522507,404.98334561,722.34857068,1550.02413793106,0.0,1550.02413793106,0.001,0.1,0.0001,1550.02413793106,0.0080529114248224,-1.145811870952978,0.08541234218286556,-1.2312242131358437,2026-01-03 12:00:00+00:00,2026-01-03 17:30:00+05:30,2026-01-04 12:00:00+00:00,settlement,False
BTC,1767614400,2026-01-05 12:00:00+00:00,1767528000,91330.6,91400.0,C-BTC-91400-050126,P-BTC-91400-050126,657.30767429,713.97986548,1371.28753977,1630.71724137929,0.0,1630.71724137929,0.001,0.1,0.0001,1630.71724137929,0.0150145464912088,-0.1891869459069124,0.05823618092470257,-0.24742312683161496,2026-01-04 12:00:00+00:00,2026-01-04 17:30:00+05:30,2026-01-05 12:00:00+00:00,settlement,False
BTC,1767700800,2026-01-06 12:00:00+00:00,1767614400,93115.8,93200.0,C-BTC-93200-060126,P-BTC-93200-060126,790.67378795,860.32579295,1650.9995809000002,618.22758620688,0.0,618.22758620688,0.001,0.1,0.0001,618.22758620688,0.0177306062010958,0.6255434626640735,0.05342063522514126,0.5721228274389322,2026-01-05 12:00:00+00:00,2026-01-05 17:30:00+05:30,2026-01-06 12:00:00+00:00,settlement,True
BTC,1767787200,2026-01-07 12:00:00+00:00,1767700800,93827.1,93800.0,C-BTC-93800-070126,P-BTC-93800-070126,721.88953861,681.0498624,1402.93940101,0.0,1619.51379310346,1619.51379310346,0.001,0.1,0.0001,1619.51379310346,0.0149523900984896,-0.1543718794536275,0.05836685967199829,-0.21273873912562577,2026-01-06 12:00:00+00:00,2026-01-06 17:30:00+05:30,2026-01-07 12:00:00+00:00,settlement,False
BTC,1767873600,2026-01-08 12:00:00+00:00,1767787200,92169.9,92200.0,C-BTC-92200-080126,P-BTC-92200-080126,725.13260912,742.21371845,1467.34632757,0.0,2026.65862068963,2026.65862068963,0.001,0.1,0.0001,2026.65862068963,0.0159200164866187,-0.3811726533884331,0.05644821050259153,-0.4376208638910246,2026-01-07 12:00:00+00:00,2026-01-07 17:30:00+05:30,2026-01-08 12:00:00+00:00,settlement,False
BTC,1767960000,2026-01-09 12:00:00+00:00,1767873600,90126.0,90200.0,C-BTC-90200-090126,P-BTC-90200-090126,683.13429117,744.6799703,1427.81426147,305.16551724136,0.0,305.16551724136,0.001,0.1,0.0001,305.16551724136,0.0158424235123049,0.7862708578585157,0.056593421418976206,0.7296774364395395,2026-01-08 12:00:00+00:00,2026-01-08 17:30:00+05:30,2026-01-09 12:00:00+00:00,settlement,True
BTC,1768046400,2026-01-10 12:00:00+00:00,1767960000,90466.8,90400.0,C-BTC-90400-100126,P-BTC-90400-100126,705.84883494,626.90483234,1332.75366728,360.12758620692,0.0,360.12758620692,0.001,0.1,0.0001,360.12758620692,0.0147319642927571,0.7297868352957528,0.05883917621712238,0.6709476590786304,2026-01-09 12:00:00+00:00,2026-01-09 17:30:00+05:30,2026-01-10 12:00:00+00:00,settlement,True
BTC,1768132800,2026-01-11 12:00:00+00:00,1768046400,90731.6,90800.0,C-BTC-90800-110126,P-BTC-90800-110126,252.41223243,309.55545792,561.96769035,0.0,78.40344827586,78.40344827586,0.001,0.1,0.0001,78.40344827586,0.0061937372464499,0.8604840640802153,0.10300600958985366,0.7574780544903617,2026-01-10 12:00:00+00:00,2026-01-10 17:30:00+05:30,2026-01-11 12:00:00+00:00,settlement,True
BTC,1768219200,2026-01-12 12:00:00+00:00,1768132800,90750.5,90800.0,C-BTC-90800-120126,P-BTC-90800-120126,587.88775471,625.00681368,1212.89456839,0.0,152.37586206898,152.37586206898,0.001,0.1,0.0001,152.37586206898,0.0133651557665247,0.8743700680668031,0.06211571260712158,0.8122543554596815,2026-01-11 12:00:00+00:00,2026-01-11 17:30:00+05:30,2026-01-12 12:00:00+00:00,settlement,True
BTC,1768305600,2026-01-13 12:00:00+00:00,1768219200,90706.0,90800.0,C-BTC-90800-130126,P-BTC-90800-130126,593.39209436,674.43919787,1267.83129223,1273.48965517241,0.0,1273.48965517241,0.001,0.1,0.0001,1273.48965517241,0.0139773696583467,-0.0044630251493929,0.06056887150710361,-0.06503189665649652,2026-01-12 12:00:00+00:00,2026-01-12 17:30:00+05:30,2026-01-13 12:00:00+00:00,settlement,False
BTC,1768392000,2026-01-14 12:00:00+00:00,1768305600,91973.0,92000.0,C-BTC-92000-140126,P-BTC-92000-140126,683.48858946,697.23920428,1380.72779374,2901.07241379311,0.0,2901.07241379311,0.001,0.1,0.0001,2901.07241379311,0.0150123165900862,-1.1011182848249386,0.05824085039558103,-1.1593591352205197,2026-01-13 12:00:00+00:00,2026-01-13 17:30:00+05:30,2026-01-14 12:00:00+00:00,settlement,False
BTC,1768478400,2026-01-15 12:00:00+00:00,1768392000,94838.2,94800.0,C-BTC-94800-150126,P-BTC-94800-150126,738.9449909,690.36726177,1429.31225267,1884.48620689649,0.0,1884.48620689649,0.001,0.1,0.0001,1884.48620689649,0.0150710605290905,-0.3184566237197023,0.05811830033387046,-0.37657492405357273,2026-01-14 12:00:00+00:00,2026-01-14 17:30:00+05:30,2026-01-15 12:00:00+00:00,settlement,False
BTC,1768564800,2026-01-16 12:00:00+00:00,1768478400,96650.8,96600.0,C-BTC-96600-160126,P-BTC-96600-160126,785.97069635,722.07961744,1508.05031379,0.0,1205.60689655173,1205.60689655173,0.001,0.1,0.0001,1205.60689655173,0.0156030815450053,0.2005526038969984,0.05705043473871298,0.1435021691582854,2026-01-15 12:00:00+00:00,2026-01-15 17:30:00+05:30,2026-01-16 12:00:00+00:00,settlement,True
BTC,1768651200,2026-01-17 12:00:00+00:00,1768564800,95469.8,95400.0,C-BTC-95400-170126,P-BTC-95400-170126,616.36951796,533.65471467,1150.02423263,0.0,103.37931034481,103.37931034481,0.001,0.1,0.0001,103.37931034481,0.0120459478560759,0.9101068417415944,0.06598330094397048,0.844123540797624,2026-01-16 12:00:00+00:00,2026-01-16 17:30:00+05:30,2026-01-17 12:00:00+00:00,settlement,True
BTC,1768737600,2026-01-18 12:00:00+00:00,1768651200,95301.9,95400.0,C-BTC-95400-180126,P-BTC-95400-180126,243.37779484,329.09797775,572.47577259,0.0,265.2172413793,265.2172413793,0.001,0.1,0.0001,265.2172413793,0.0060069712418115,0.5367188375860837,0.10537537201354352,0.4313434655725402,2026-01-17 12:00:00+00:00,2026-01-17 17:30:00+05:30,2026-01-18 12:00:00+00:00,settlement,True
BTC,1768824000,2026-01-19 12:00:00+00:00,1768737600,95161.8,95200.0,C-BTC-95200-190126,P-BTC-95200-190126,547.06949125,572.67441613,1119.74390738,0.0,1999.75862068967,1999.75862068967,0.001,0.1,0.0001,1999.75862068967,0.0117667373607897,-0.7859071235035754,0.06691307344828182,-0.8528201969518572,2026-01-18 12:00:00+00:00,2026-01-18 17:30:00+05:30,2026-01-19 12:00:00+00:00,settlement,False
BTC,1768910400,2026-01-20 12:00:00+00:00,1768824000,93039.0,93000.0,C-BTC-93000-200126,P-BTC-93000-200126,672.74537472,620.48287014,1293.22824486,0.0,1691.22999999998,1691.22999999998,0.001,0.1,0.0001,1691.22999999998,0.0138998510824492,-0.3077583224166793,0.060757198332575875,-0.36851552074925514,2026-01-19 12:00:00+00:00,2026-01-19 17:30:00+05:30,2026-01-20 12:00:00+00:00,settlement,False
BTC,1768996800,2026-01-21 12:00:00+00:00,1768910400,91234.9,91200.0,C-BTC-91200-210126,P-BTC-91200-210126,698.47469066,650.74957899,1349.22426965,0.0,2023.14482758622,2023.14482758622,0.001,0.1,0.0001,2023.14482758622,0.0147884665807711,-0.4994874262905458,0.05871676415009261,-0.5582041904406384,2026-01-20 12:00:00+00:00,2026-01-20 17:30:00+05:30,2026-01-21 12:00:00+00:00,settlement,False
BTC,1769083200,2026-01-22 12:00:00+00:00,1768996800,88757.1,88800.0,C-BTC-88800-220126,P-BTC-88800-220126,784.71434915,810.6066537,1595.32100285,1176.91379310342,0.0,1176.91379310342,0.001,0.1,0.0001,1176.91379310342,0.0179740099986367,0.2622714858007299,0.05306013894705744,0.20921134685367246,2026-01-21 12:00:00+00:00,2026-01-21 17:30:00+05:30,2026-01-22 12:00:00+00:00,settlement,True
BTC,1769169600,2026-01-23 12:00:00+00:00,1769083200,89985.6,90000.0,C-BTC-90000-230126,P-BTC-90000-230126,717.75373516,720.90735566,1438.66109082,0.0,728.40000000002,728.40000000002,0.001,0.1,0.0001,728.40000000002,0.0159876812603349,0.4936959061116676,0.05632273017670296,0.4373731759349646,2026-01-22 12:00:00+00:00,2026-01-22 17:30:00+05:30,2026-01-23 12:00:00+00:00,settlement,True
BTC,1769256000,2026-01-24 12:00:00+00:00,1769169600,89236.4,89200.0,C-BTC-89200-240126,P-BTC-89200-240126,634.73517716,584.78051431,1219.51569147,428.14137931037,0.0,428.14137931037,0.001,0.1,0.0001,428.14137931037,0.0136661238179711,0.648925075499201,0.0613379572354901,0.5875871182637109,2026-01-23 12:00:00+00:00,2026-01-23 17:30:00+05:30,2026-01-24 12:00:00+00:00,settlement,True
BTC,1769342400,2026-01-25 12:00:00+00:00,1769256000,89563.3,89600.0,C-BTC-89600-250126,P-BTC-89600-250126,243.22299676,267.18305584,510.4060526,0.0,975.50689655174,975.50689655174,0.001,0.1,0.0001,975.50689655174,0.0056988303535041,-0.911236929073478,0.10962401312574091,-1.020860942199219,2026-01-24 12:00:00+00:00,2026-01-24 17:30:00+05:30,2026-01-25 12:00:00+00:00,settlement,False
BTC,1769428800,2026-01-26 12:00:00+00:00,1769342400,88467.6,88400.0,C-BTC-88400-260126,P-BTC-88400-260126,710.61998814,632.58591285,1343.20590099,0.0,564.2620689655,564.2620689655,0.001,0.1,0.0001,564.2620689655,0.0151830263394734,0.5799139442809067,0.05788734645166727,0.5220265978292394,2026-01-25 12:00:00+00:00,2026-01-25 17:30:00+05:30,2026-01-26 12:00:00+00:00,settlement,True
BTC,1769515200,2026-01-27 12:00:00+00:00,1769428800,87953.6,88000.0,C-BTC-88000-270126,P-BTC-88000-270126,677.06912053,712.07008605,1389.13920658,10.95172413795,0.0,10.95172413795,0.001,0.1,0.0001,10.95172413795,0.0157940005477888,0.9921161795116902,0.056684765330471024,0.9354314141812191,2026-01-26 12:00:00+00:00,2026-01-26 17:30:00+05:30,2026-01-27 12:00:00+00:00,settlement,True
BTC,1769601600,2026-01-28 12:00:00+00:00,1769515200,87986.2,88000.0,C-BTC-88000-280126,P-BTC-88000-280126,621.00269785,622.45031696,1243.45301481,1673.63103448277,0.0,1673.63103448277,0.001,0.1,0.0001,1673.63103448277,0.0141323641072122,-0.3459543823121466,0.06019851679586439,-0.406152899108011,2026-01-27 12:00:00+00:00,2026-01-27 17:30:00+05:30,2026-01-28 12:00:00+00:00,settlement,False
BTC,1769688000,2026-01-29 12:00:00+00:00,1769601600,89929.7,90000.0,C-BTC-90000-290126,P-BTC-90000-290126,728.35274335,782.68546199,1511.03820534,0.0,2188.91379310345,2188.91379310345,0.001,0.1,0.0001,2188.91379310345,0.0168024379636538,-0.4486157830873118,0.05489116159339532,-0.5035069446807071,2026-01-28 12:00:00+00:00,2026-01-28 17:30:00+05:30,2026-01-29 12:00:00+00:00,settlement,False
BTC,1769774400,2026-01-30 12:00:00+00:00,1769688000,87912.7,88000.0,C-BTC-88000-300126,P-BTC-88000-300126,605.94232385,681.53848986,1287.48081371,0.0,5102.14827586208,5102.14827586208,0.001,0.1,0.0001,5102.14827586208,0.0146449922901924,-2.96289266723886,0.05902944680661202,-3.0219221140454717,2026-01-29 12:00:00+00:00,2026-01-29 17:30:00+05:30,2026-01-30 12:00:00+00:00,settlement,False
BTC,1769860800,2026-01-31 12:00:00+00:00,1769774400,83260.1,83200.0,C-BTC-83200-310126,P-BTC-83200-310126,968.14670192,895.47744986,1863.62415178,0.0,197.12413793104,197.12413793104,0.001,0.1,0.0001,197.12413793104,0.0223831601424932,0.8942253792199671,0.0478872815543116,0.8463380976656556,2026-01-30 12:00:00+00:00,2026-01-30 17:30:00+05:30,2026-01-31 12:00:00+00:00,settlement,True
BTC,1769947200,2026-02-01 12:00:00+00:00,1769860800,83009.3,83000.0,C-BTC-83000-010226,P-BTC-83000-010226,392.40511147,371.83438929,764.23950076,0.0,4283.0896551724,4283.0896551724,0.001,0.1,0.0001,4283.0896551724,0.009206673237336,-4.604381415659711,0.0780671610941818,-4.682448576753893,2026-01-31 12:00:00+00:00,2026-01-31 17:30:00+05:30,2026-02-01 12:00:00+00:00,settlement,False
BTC,1770033600,2026-02-02 12:00:00+00:00,1769947200,78569.3,78600.0,C-BTC-78600-020226,P-BTC-78600-020226,961.99189907,981.58750171,1943.57940078,0.0,738.85517241381,738.85517241381,0.001,0.1,0.0001,738.85517241381,0.0247371352523186,0.6198482181292456,0.045880624946486426,0.5739675931827593,2026-02-01 12:00:00+00:00,2026-02-01 17:30:00+05:30,2026-02-02 12:00:00+00:00,settlement,True
BTC,1770120000,2026-02-03 12:00:00+00:00,1770033600,77930.7,78000.0,C-BTC-78000-030226,P-BTC-78000-030226,1009.87294705,1070.50186575,2080.3748128,221.12068965517,0.0,221.12068965517,0.001,0.1,0.0001,221.12068965517,0.0266951896082031,0.8937111292183156,0.04448108812589062,0.8492300410924251,2026-02-02 12:00:00+00:00,2026-02-02 17:30:00+05:30,2026-02-03 12:00:00+00:00,settlement,True
BTC,1770206400,2026-02-04 12:00:00+00:00,1770120000,78047.4,78000.0,C-BTC-78000-040226,P-BTC-78000-040226,875.3799569,818.31772279,1693.69767969,0.0,1944.55172413794,1944.55172413794,0.001,0.1,0.0001,1944.55172413794,0.0217008853554378,-0.1481102840584007,0.048550264667507004,-0.1966605487259077,2026-02-03 12:00:00+00:00,2026-02-03 17:30:00+05:30,2026-02-04 12:00:00+00:00,settlement,False
BTC,1770292800,2026-02-05 12:00:00+00:00,1770206400,76174.8,76200.0,C-BTC-76200-050226,P-BTC-76200-050226,877.79988313,893.26537187,1771.065255,0.0,5820.88620689654,5820.88620689654,0.001,0.1,0.0001,5820.88620689654,0.0232500151624946,-2.2866582360323817,0.04710106202947333,-2.333759298061855,2026-02-04 12:00:00+00:00,2026-02-04 17:30:00+05:30,2026-02-05 12:00:00+00:00,settlement,False
BTC,1770379200,2026-02-06 12:00:00+00:00,1770292800,70495.5,70400.0,C-BTC-70400-060226,P-BTC-70400-060226,1424.44036709,1319.39228318,2743.83265027,0.0,4081.4551724138,4081.4551724138,0.001,0.1,0.0001,4081.4551724138,0.0389220964497024,-0.4875014961324898,0.03892678768755295,-0.5264282838200427,2026-02-05 12:00:00+00:00,2026-02-05 17:30:00+05:30,2026-02-06 12:00:00+00:00,settlement,False
BTC,1770465600,2026-02-07 12:00:00+00:00,1770379200,66417.2,66400.0,C-BTC-66400-070226,P-BTC-66400-070226,1346.31928667,1322.37305911,2668.6923457800003,1462.49999999999,0.0,1462.49999999999,0.001,0.1,0.0001,1462.49999999999,0.0401807415214733,0.4519787931671332,0.038546921090238065,0.41343187207689513,2026-02-06 12:00:00+00:00,2026-02-06 17:30:00+05:30,2026-02-07 12:00:00+00:00,settlement,True
BTC,1770552000,2026-02-08 12:00:00+00:00,1770465600,68407.6,68400.0,C-BTC-68400-080226,P-BTC-68400-080226,594.91405855,576.48933197,1171.40339052,2518.83103448275,0.0,2518.83103448275,0.001,0.1,0.0001,2518.83103448275,0.0171238779100567,-1.150267836739495,0.054363849875546974,-1.204631686615042,2026-02-07 12:00:00+00:00,2026-02-07 17:30:00+05:30,2026-02-08 12:00:00+00:00,settlement,False
BTC,1770638400,2026-02-09 12:00:00+00:00,1770552000,71032.2,71000.0,C-BTC-71000-090226,P-BTC-71000-090226,942.89091032,907.8063658,1850.69727612,0.0,2123.23448275863,2123.23448275863,0.001,0.1,0.0001,2123.23448275863,0.0260543426237678,-0.1472619050966596,0.04491598192346725,-0.19217788702012684,2026-02-08 12:00:00+00:00,2026-02-08 17:30:00+05:30,2026-02-09 12:00:00+00:00,settlement,False
BTC,1770724800,2026-02-10 12:00:00+00:00,1770638400,69073.9,69000.0,C-BTC-69000-100226,P-BTC-69000-100226,1138.02342624,1057.17885062,2195.20227686,0.0,205.5275862069,205.5275862069,0.001,0.1,0.0001,205.5275862069,0.0317804883879439,0.906374192313209,0.04165188000380307,0.864722312309406,2026-02-09 12:00:00+00:00,2026-02-09 17:30:00+05:30,2026-02-10 12:00:00+00:00,settlement,True
BTC,1770811200,2026-02-11 12:00:00+00:00,1770724800,68711.3,68800.0,C-BTC-68800-110226,P-BTC-68800-110226,786.70591763,867.54340536,1654.24932299,0.0,1817.44827586206,1817.44827586206,0.001,0.1,0.0001,1817.44827586206,0.0240753605737338,-0.0986543869802426,0.046405106164638305,-0.14505949314488092,2026-02-10 12:00:00+00:00,2026-02-10 17:30:00+05:30,2026-02-11 12:00:00+00:00,settlement,False
BTC,1770897600,2026-02-12 12:00:00+00:00,1770811200,66966.7,67000.0,C-BTC-67000-120226,P-BTC-67000-120226,907.8399953,932.39475798,1840.23475328,1112.70344827588,0.0,1112.70344827588,0.001,0.1,0.0001,1112.70344827588,0.027479848242186,0.3953470086940711,0.0439762229485461,0.351370785745525,2026-02-11 12:00:00+00:00,2026-02-11 17:30:00+05:30,2026-02-12 12:00:00+00:00,settlement,True
BTC,1770984000,2026-02-13 12:00:00+00:00,1770897600,67937.7,68000.0,C-BTC-68000-130226,P-BTC-68000-130226,772.2466077,819.72622971,1591.97283741,0.0,1009.49310344827,1009.49310344827,0.001,0.1,0.0001,1009.49310344827,0.0234328338670576,0.3658854725871915,0.04694267683873899,0.3189427957484525,2026-02-12 12:00:00+00:00,2026-02-12 17:30:00+05:30,2026-02-13 12:00:00+00:00,settlement,True
BTC,1771070400,2026-02-14 12:00:00+00:00,1770984000,67022.3,67000.0,C-BTC-67000-140226,P-BTC-67000-140226,757.30784385,725.65363417,1482.96147802,3283.8931034483,0.0,3283.8931034483,0.001,0.1,0.0001,3283.8931034483,0.0221263889484544,-1.214415648768465,0.04813199416766871,-1.2625476429361338,2026-02-13 12:00:00+00:00,2026-02-13 17:30:00+05:30,2026-02-14 12:00:00+00:00,settlement,False
BTC,1771156800,2026-02-15 12:00:00+00:00,1771070400,70420.6,70400.0,C-BTC-70400-150226,P-BTC-70400-150226,392.45011785,360.60395839,753.0540762400001,0.0,71.31379310344,71.31379310344,0.001,0.1,0.0001,71.31379310344,0.0106936617444327,0.9053005682413806,0.07093829530803418,0.8343622729333464,2026-02-14 12:00:00+00:00,2026-02-14 17:30:00+05:30,2026-02-15 12:00:00+00:00,settlement,True
BTC,1771243200,2026-02-16 12:00:00+00:00,1771156800,70301.5,70400.0,C-BTC-70400-160226,P-BTC-70400-160226,584.96377426,673.56855803,1258.53233229,0.0,1715.59655172414,1715.59655172414,0.001,0.1,0.0001,1715.59655172414,0.0179019271607291,-0.363172409406817,0.0531658764647088,-0.41633828587152577,2026-02-15 12:00:00+00:00,2026-02-15 17:30:00+05:30,2026-02-16 12:00:00+00:00,settlement,False
BTC,1771329600,2026-02-17 12:00:00+00:00,1771243200,68928.7,69000.0,C-BTC-69000-170226,P-BTC-69000-170226,580.30839951,643.17172719,1223.4801266999998,0.0,1182.58965517241,1182.58965517241,0.001,0.1,0.0001,1182.58965517241,0.0177499376413598,0.0334214431728291,0.053391642716545326,-0.019970199543716226,2026-02-16 12:00:00+00:00,2026-02-16 17:30:00+05:30,2026-02-17 12:00:00+00:00,settlement,True
BTC,1771416000,2026-02-18 12:00:00+00:00,1771329600,67912.2,68000.0,C-BTC-68000-180226,P-BTC-68000-180226,646.37127203,725.04082489,1371.4120969199998,0.0,492.61724137931,492.61724137931,0.001,0.1,0.0001,492.61724137931,0.0201938988417397,0.6407956131598522,0.050173396276720954,0.5906222168831313,2026-02-17 12:00:00+00:00,2026-02-17 17:30:00+05:30,2026-02-18 12:00:00+00:00,settlement,True
BTC,1771502400,2026-02-19 12:00:00+00:00,1771416000,67485.1,67400.0,C-BTC-67400-190226,P-BTC-67400-190226,720.95534509,629.26993037,1350.22527546,0.0,733.94137931036,733.94137931036,0.001,0.1,0.0001,733.94137931036,0.0200077539406476,0.4564304248709031,0.050390853895953186,0.4060395709749499,2026-02-18 12:00:00+00:00,2026-02-18 17:30:00+05:30,2026-02-19 12:00:00+00:00,settlement,True
BTC,1771588800,2026-02-20 12:00:00+00:00,1771502400,66439.7,66400.0,C-BTC-66400-200226,P-BTC-66400-200226,702.09957883,653.12617461,1355.22575344,1222.76551724138,0.0,1222.76551724138,0.001,0.1,0.0001,1222.76551724138,0.0203978307162735,0.097740347585923,0.049939715520015304,0.04780063206590769,2026-02-19 12:00:00+00:00,2026-02-19 17:30:00+05:30,2026-02-20 12:00:00+00:00,settlement,True
BTC,1771675200,2026-02-21 12:00:00+00:00,1771588800,67394.0,67400.0,C-BTC-67400-210226,P-BTC-67400-210226,683.37512224,679.95001691,1363.32513915,723.15862068965,0.0,723.15862068965,0.001,0.1,0.0001,723.15862068965,0.0202291767687034,0.4695626157524523,0.050132635104075576,0.4194299806483767,2026-02-20 12:00:00+00:00,2026-02-20 17:30:00+05:30,2026-02-21 12:00:00+00:00,settlement,True
BTC,1771761600,2026-02-22 12:00:00+00:00,1771675200,68114.7,68200.0,C-BTC-68200-220226,P-BTC-68200-220226,251.0525999,326.8907659,577.9433658,0.0,1.59310344828,1.59310344828,0.001,0.1,0.0001,1.59310344828,0.0084848551898488,0.9972434955697176,0.08242852746911833,0.9148149681005993,2026-02-21 12:00:00+00:00,2026-02-21 17:30:00+05:30,2026-02-22 12:00:00+00:00,settlement,True
BTC,1771848000,2026-02-23 12:00:00+00:00,1771761600,68134.9,68200.0,C-BTC-68200-230226,P-BTC-68200-230226,538.40636186,593.93598923,1132.34235109,0.0,2010.75172413791,2010.75172413791,0.001,0.1,0.0001,2010.75172413791,0.0166191239891744,-0.7757454026181637,0.055201015619563185,-0.8309464182377269,2026-02-22 12:00:00+00:00,2026-02-22 17:30:00+05:30,2026-02-23 12:00:00+00:00,settlement,False
BTC,1771934400,2026-02-24 12:00:00+00:00,1771848000,66182.7,66200.0,C-BTC-66200-240226,P-BTC-66200-240226,772.67585815,780.40705659,1553.08291474,0.0,3022.22758620689,3022.22758620689,0.001,0.1,0.0001,3022.22758620689,0.0234665995001714,-0.9459537913420664,0.046913693933224136,-0.9928674852752905,2026-02-23 12:00:00+00:00,2026-02-23 17:30:00+05:30,2026-02-24 12:00:00+00:00,settlement,False
BTC,1772020800,2026-02-25 12:00:00+00:00,1771934400,63145.3,63200.0,C-BTC-63200-250226,P-BTC-63200-250226,741.06186527,787.23554918,1528.29741445,2201.83103448277,0.0,2201.83103448277,0.001,0.1,0.0001,2201.83103448277,0.0242028688508883,-0.4407084731443845,0.046301820338239603,-0.4870102934826241,2026-02-24 12:00:00+00:00,2026-02-24 17:30:00+05:30,2026-02-25 12:00:00+00:00,settlement,False
BTC,1772107200,2026-02-26 12:00:00+00:00,1772020800,65414.4,65400.0,C-BTC-65400-260226,P-BTC-65400-260226,575.37535034,551.78162559,1127.15697593,2689.62413793102,0.0,2689.62413793102,0.001,0.1,0.0001,2689.62413793102,0.0172310221591881,-1.3862019180707743,0.054192455052256595,-1.4403943731230309,2026-02-25 12:00:00+00:00,2026-02-25 17:30:00+05:30,2026-02-26 12:00:00+00:00,settlement,False
BTC,1772193600,2026-02-27 12:00:00+00:00,1772107200,68166.0,68200.0,C-BTC-68200-270226,P-BTC-68200-270226,757.86575405,784.28017032,1542.14592437,0.0,2042.81724137932,2042.81724137932,0.001,0.1,0.0001,2042.81724137932,0.0226233888503066,-0.324658846544535,0.04766336415481817,-0.3723222106993531,2026-02-26 12:00:00+00:00,2026-02-26 17:30:00+05:30,2026-02-27 12:00:00+00:00,settlement,False
BTC,1772280000,2026-02-28 12:00:00+00:00,1772193600,66046.0,66000.0,C-BTC-66000-280226,P-BTC-66000-280226,833.35233649,777.85340099,1611.20573748,0.0,1953.31034482758,1953.31034482758,0.001,0.1,0.0001,1953.31034482758,0.0243952054247039,-0.2123283199590931,0.04614806417010228,-0.2584763841291954,2026-02-27 12:00:00+00:00,2026-02-27 17:30:00+05:30,2026-02-28 12:00:00+00:00,settlement,False
BTC,1772366400,2026-03-01 12:00:00+00:00,1772280000,63864.4,63800.0,C-BTC-63800-010326,P-BTC-63800-010326,627.75313026,555.26683467,1183.01996493,2679.3275862069,0.0,2679.3275862069,0.001,0.1,0.0001,2679.3275862069,0.0185239345383343,-1.2648202613938448,0.052280547829793925,-1.3171008092236387,2026-02-28 12:00:00+00:00,2026-02-28 17:30:00+05:30,2026-03-01 12:00:00+00:00,settlement,False
BTC,1772452800,2026-03-02 12:00:00+00:00,1772366400,66482.6,66400.0,C-BTC-66400-020326,P-BTC-66400-020326,866.51815139,774.13947195,1640.65762334,0.0,127.5275862069,127.5275862069,0.001,0.1,0.0001,127.5275862069,0.024678000308953,0.9222704454648598,0.04592634711446866,0.8763440983503912,2026-03-01 12:00:00+00:00,2026-03-01 17:30:00+05:30,2026-03-02 12:00:00+00:00,settlement,True
BTC,1772539200,2026-03-03 12:00:00+00:00,1772452800,66378.7,66400.0,C-BTC-66400-030326,P-BTC-66400-030326,808.54868214,821.49464749,1630.04332963,620.28620689655,0.0,620.28620689655,0.001,0.1,0.0001,620.28620689655,0.024556722708188,0.6194664303571934,0.046020805870916136,0.5734456244862772,2026-03-02 12:00:00+00:00,2026-03-02 17:30:00+05:30,2026-03-03 12:00:00+00:00,settlement,True
BTC,1772625600,2026-03-04 12:00:00+00:00,1772539200,67238.7,67200.0,C-BTC-67200-040326,P-BTC-67200-040326,900.82509784,853.81481989,1754.63991773,3904.4827586207,0.0,3904.4827586207,0.001,0.1,0.0001,3904.4827586207,0.0260956847430125,-1.2252330630161312,0.04488728165779912,-1.2701203446739304,2026-03-03 12:00:00+00:00,2026-03-03 17:30:00+05:30,2026-03-04 12:00:00+00:00,settlement,False
BTC,1772712000,2026-03-05 12:00:00+00:00,1772625600,70996.2,71000.0,C-BTC-71000-050326,P-BTC-71000-050326,945.95304563,939.28734024,1885.24038587,1901.96551724138,0.0,1901.96551724138,0.001,0.1,0.0001,1901.96551724138,0.0265541026966232,-0.0088716173792668,0.04457503105235873,-0.053446648431625526,2026-03-04 12:00:00+00:00,2026-03-04 17:30:00+05:30,2026-03-05 12:00:00+00:00,settlement,False
BTC,1772798400,2026-03-06 12:00:00+00:00,1772712000,72808.0,72800.0,C-BTC-72800-060326,P-BTC-72800-060326,903.28107238,879.5449523,1782.82602468,0.0,2399.13448275861,2399.13448275861,0.001,0.1,0.0001,2399.13448275861,0.0244866776271838,-0.3456918676006153,0.046075787723689,-0.3917676553243043,2026-03-05 12:00:00+00:00,2026-03-05 17:30:00+05:30,2026-03-06 12:00:00+00:00,settlement,False
BTC,1772884800,2026-03-07 12:00:00+00:00,1772798400,70160.2,70200.0,C-BTC-70200-070326,P-BTC-70200-070326,799.35897209,830.20332783,1629.56229992,0.0,2117.45172413792,2117.45172413792,0.001,0.1,0.0001,2117.45172413792,0.0232263063662874,-0.2993990620928526,0.04712178481401156,-0.3465208469068642,2026-03-06 12:00:00+00:00,2026-03-06 17:30:00+05:30,2026-03-07 12:00:00+00:00,settlement,False
BTC,1772971200,2026-03-08 12:00:00+00:00,1772884800,68078.4,68000.0,C-BTC-68000-080326,P-BTC-68000-080326,429.58899204,342.03373569,771.62272773,0.0,452.1827586207,452.1827586207,0.001,0.1,0.0001,452.1827586207,0.0113343252445709,0.4139846554922574,0.0684434141261372,0.3455412413661202,2026-03-07 12:00:00+00:00,2026-03-07 17:30:00+05:30,2026-03-08 12:00:00+00:00,settlement,True
BTC,1773057600,2026-03-09 12:00:00+00:00,1772971200,67624.8,67600.0,C-BTC-67600-090326,P-BTC-67600-090326,910.66040226,876.69686804,1787.3572703,49.41379310345,0.0,49.41379310345,0.001,0.1,0.0001,49.41379310345,0.0264304999097964,0.972353712419702,0.04465815635765006,0.927695556062052,2026-03-08 12:00:00+00:00,2026-03-08 17:30:00+05:30,2026-03-09 12:00:00+00:00,settlement,True
BTC,1773144000,2026-03-10 12:00:00+00:00,1773057600,67872.6,67800.0,C-BTC-67800-100326,P-BTC-67800-100326,938.0567601,851.10212062,1789.15888072,2817.13448275861,0.0,2817.13448275861,0.001,0.1,0.0001,2817.13448275861,0.026360547271211,-0.5745580300978793,0.044705546312973625,-0.619263576410853,2026-03-09 12:00:00+00:00,2026-03-09 17:30:00+05:30,2026-03-10 12:00:00+00:00,settlement,False
BTC,1773230400,2026-03-11 12:00:00+00:00,1773144000,70480.6,70400.0,C-BTC-70400-110326,P-BTC-70400-110326,805.80923885,715.66480996,1521.47404881,0.0,977.3448275862,977.3448275862,0.001,0.1,0.0001,977.3448275862,0.0215871324706373,0.3576329294931998,0.048664877173566774,0.30896805231963304,2026-03-10 12:00:00+00:00,2026-03-10 17:30:00+05:30,2026-03-11 12:00:00+00:00,settlement,True
BTC,1773316800,2026-03-12 12:00:00+00:00,1773230400,69089.3,69000.0,C-BTC-69000-120326,P-BTC-69000-120326,850.02008068,750.20970207,1600.22978275,1569.52413793103,0.0,1569.52413793103,0.001,0.1,0.0001,1569.52413793103,0.0231617599650018,0.0191882723031203,0.04717841686958192,-0.027990144566461622,2026-03-11 12:00:00+00:00,2026-03-11 17:30:00+05:30,2026-03-12 12:00:00+00:00,settlement,True
BTC,1773403200,2026-03-13 12:00:00+00:00,1773316800,70348.4,70400.0,C-BTC-70400-130326,P-BTC-70400-130326,725.54156242,767.50462226,1493.04618468,1891.18620689654,0.0,1891.18620689654,0.001,0.1,0.0001,1891.18620689654,0.0212235983288887,-0.2666628978405462,0.049039395633375275,-0.3157022934739215,2026-03-12 12:00:00+00:00,2026-03-12 17:30:00+05:30,2026-03-13 12:00:00+00:00,settlement,False
BTC,1773489600,2026-03-14 12:00:00+00:00,1773403200,72392.4,72400.0,C-BTC-72400-140326,P-BTC-72400-140326,751.8514922,749.55139056,1501.40288276,0.0,1697.97586206897,1697.97586206897,0.001,0.1,0.0001,1697.97586206897,0.0207397859825064,-0.1309262034635324,0.04955819048461357,-0.18048439394814597,2026-03-13 12:00:00+00:00,2026-03-13 17:30:00+05:30,2026-03-14 12:00:00+00:00,settlement,False
BTC,1773576000,2026-03-15 12:00:00+00:00,1773489600,70778.2,70800.0,C-BTC-70800-150326,P-BTC-70800-150326,343.56300341,355.55502889,699.1180323000001,968.1068965517,0.0,968.1068965517,0.001,0.1,0.0001,968.1068965517,0.0098775898836082,-0.3847545790898345,0.07458493595722977,-0.4593395150470643,2026-03-14 12:00:00+00:00,2026-03-14 17:30:00+05:30,2026-03-15 12:00:00+00:00,settlement,False
BTC,1773662400,2026-03-16 12:00:00+00:00,1773576000,71766.8,71800.0,C-BTC-71800-160326,P-BTC-71800-160326,730.96666,753.88457203,1484.85123203,1791.34137931034,0.0,1791.34137931034,0.001,0.1,0.0001,1791.34137931034,0.0206899462151022,-0.2064113499514189,0.04961301242124411,-0.256024362372663,2026-03-15 12:00:00+00:00,2026-03-15 17:30:00+05:30,2026-03-16 12:00:00+00:00,settlement,False
BTC,1773748800,2026-03-17 12:00:00+00:00,1773662400,73615.4,73600.0,C-BTC-73600-170326,P-BTC-73600-170326,785.05739737,759.92411446,1544.98151183,490.47586206897,0.0,490.47586206897,0.001,0.1,0.0001,490.47586206897,0.0209872052835412,0.6825360961840825,0.049289892943018776,0.6332462032410637,2026-03-16 12:00:00+00:00,2026-03-16 17:30:00+05:30,2026-03-17 12:00:00+00:00,settlement,True
BTC,1773835200,2026-03-18 12:00:00+00:00,1773748800,74061.5,74000.0,C-BTC-74000-180326,P-BTC-74000-180326,792.6925023,724.62530818,1517.31781048,0.0,951.96551724138,951.96551724138,0.001,0.1,0.0001,951.96551724138,0.0204872681552493,0.3725997871597988,0.04983869878713243,0.32276108837266637,2026-03-17 12:00:00+00:00,2026-03-17 17:30:00+05:30,2026-03-18 12:00:00+00:00,settlement,True
BTC,1773921600,2026-03-19 12:00:00+00:00,1773835200,72936.6,73000.0,C-BTC-73000-190326,P-BTC-73000-190326,822.74702358,875.97336392,1698.7203875,0.0,2958.98620689656,2958.98620689656,0.001,0.1,0.0001,2958.98620689656,0.0232903698211871,-0.7418912663144569,0.04706588687186166,-0.7889571531863185,2026-03-18 12:00:00+00:00,2026-03-18 17:30:00+05:30,2026-03-19 12:00:00+00:00,settlement,False
BTC,1774008000,2026-03-20 12:00:00+00:00,1773921600,69841.5,69800.0,C-BTC-69800-200326,P-BTC-69800-200326,847.97639529,796.39725821,1644.3736535,663.51034482758,0.0,663.51034482758,0.001,0.1,0.0001,663.51034482758,0.0235443633584616,0.5964966092619411,0.04684726111357634,0.5496493481483649,2026-03-19 12:00:00+00:00,2026-03-19 17:30:00+05:30,2026-03-20 12:00:00+00:00,settlement,True
BTC,1774094400,2026-03-21 12:00:00+00:00,1774008000,70495.2,70400.0,C-BTC-70400-210326,P-BTC-70400-210326,815.88741965,722.28068871,1538.16810836,216.57586206897,0.0,216.57586206897,0.001,0.1,0.0001,216.57586206897,0.02181947293376,0.8591988347100215,0.04843205323212465,0.8107667814778968,2026-03-20 12:00:00+00:00,2026-03-20 17:30:00+05:30,2026-03-21 12:00:00+00:00,settlement,True
BTC,1774180800,2026-03-22 12:00:00+00:00,1774094400,70727.9,70800.0,C-BTC-70800-220326,P-BTC-70800-220326,257.86341404,320.88389036,578.7473044000001,0.0,2432.18620689654,2432.18620689654,0.001,0.1,0.0001,2432.18620689654,0.0081827299326008,-3.202501140662833,0.0844824609742407,-3.2869836016370737,2026-03-21 12:00:00+00:00,2026-03-21 17:30:00+05:30,2026-03-22 12:00:00+00:00,settlement,False
BTC,1774267200,2026-03-23 12:00:00+00:00,1774180800,68220.0,68200.0,C-BTC-68200-230326,P-BTC-68200-230326,831.12536643,802.40866107,1633.5340275,2360.9724137931,0.0,2360.9724137931,0.001,0.1,0.0001,2360.9724137931,0.0239450898197009,-0.4453157228725681,0.04651176569200668,-0.49182748856457476,2026-03-22 12:00:00+00:00,2026-03-22 17:30:00+05:30,2026-03-23 12:00:00+00:00,settlement,False
BTC,1774353600,2026-03-24 12:00:00+00:00,1774267200,69928.5,70000.0,C-BTC-70000-240326,P-BTC-70000-240326,887.01054862,958.16920561,1845.17975423,1191.40689655172,0.0,1191.40689655172,0.001,0.1,0.0001,1191.40689655172,0.0263866628660703,0.3543139123326778,0.044687824708858036,0.30962608762381977,2026-03-23 12:00:00+00:00,2026-03-23 17:30:00+05:30,2026-03-24 12:00:00+00:00,settlement,True
BTC,1774440000,2026-03-25 12:00:00+00:00,1774353600,71013.3,71000.0,C-BTC-71000-250326,P-BTC-71000-250326,789.96123761,766.33869527,1556.29993288,765.81724137932,0.0,765.81724137932,0.001,0.1,0.0001,765.81724137932,0.0219156120456308,0.5079243883522232,0.04833715803223932,0.4595872303199839,2026-03-24 12:00:00+00:00,2026-03-24 17:30:00+05:30,2026-03-25 12:00:00+00:00,settlement,True
BTC,1774526400,2026-03-26 12:00:00+00:00,1774440000,71792.7,71800.0,C-BTC-71800-260326,P-BTC-71800-260326,724.0207815,722.50503919,1446.52582069,0.0,2414.70000000001,2414.70000000001,0.001,0.1,0.0001,2414.70000000001,0.0201486477133469,-0.6693099877388886,0.05022588975275681,-0.7195358774916454,2026-03-25 12:00:00+00:00,2026-03-25 17:30:00+05:30,2026-03-26 12:00:00+00:00,settlement,False
BTC,1774612800,2026-03-27 12:00:00+00:00,1774526400,69336.5,69400.0,C-BTC-69400-270326,P-BTC-69400-270326,731.77180932,785.57465001,1517.34645933,0.0,2670.20000000001,2670.20000000001,0.001,0.1,0.0001,2670.20000000001,0.0218838052011566,-0.7597826676835983,0.048368461045113505,-0.8081511287287118,2026-03-26 12:00:00+00:00,2026-03-26 17:30:00+05:30,2026-03-27 12:00:00+00:00,settlement,False
BTC,1774699200,2026-03-28 12:00:00+00:00,1774612800,66644.2,66600.0,C-BTC-66600-280326,P-BTC-66600-280326,839.05081077,785.85502214,1624.9058329099998,0.0,271.76896551724,271.76896551724,0.001,0.1,0.0001,271.76896551724,0.0243818041616524,0.8327478675914798,0.04615869867835122,0.7865891689131286,2026-03-27 12:00:00+00:00,2026-03-27 17:30:00+05:30,2026-03-28 12:00:00+00:00,settlement,True
BTC,1774785600,2026-03-29 12:00:00+00:00,1774699200,66299.8,66200.0,C-BTC-66200-290326,P-BTC-66200-290326,401.16455824,292.26877479,693.4333330300001,649.47586206895,0.0,649.47586206895,0.001,0.1,0.0001,649.47586206895,0.0104590561816174,0.0633910555885381,0.07192835496854626,-0.008537299380008162,2026-03-28 12:00:00+00:00,2026-03-28 17:30:00+05:30,2026-03-29 12:00:00+00:00,settlement,True
BTC,1774872000,2026-03-30 12:00:00+00:00,1774785600,66793.5,66800.0,C-BTC-66800-300326,P-BTC-66800-300326,632.13348125,627.88480899,1260.0182902400002,833.6827586207,0.0,833.6827586207,0.001,0.1,0.0001,833.6827586207,0.0188643848614011,0.3383566214249909,0.05182069394087527,0.2865359274841156,2026-03-29 12:00:00+00:00,2026-03-29 17:30:00+05:30,2026-03-30 12:00:00+00:00,settlement,True
BTC,1774958400,2026-03-31 12:00:00+00:00,1774872000,67785.6,67800.0,C-BTC-67800-310326,P-BTC-67800-310326,649.53494566,654.43269919,1303.96764485,0.0,1116.3448275862,1116.3448275862,0.001,0.1,0.0001,1116.3448275862,0.0192366467929766,0.1438860987117383,0.051336500829881004,0.09254959788185729,2026-03-30 12:00:00+00:00,2026-03-30 17:30:00+05:30,2026-03-31 12:00:00+00:00,settlement,True
BTC,1775044800,2026-04-01 12:00:00+00:00,1774958400,66763.5,66800.0,C-BTC-66800-010426,P-BTC-66800-010426,654.30138511,681.98946697,1336.29085208,1831.40689655174,0.0,1831.40689655174,0.001,0.1,0.0001,1831.40689655174,0.0200152905716446,-0.3705151791625816,0.05038197090921449,-0.42089715007179607,2026-03-31 12:00:00+00:00,2026-03-31 17:30:00+05:30,2026-04-01 12:00:00+00:00,settlement,False
BTC,1775131200,2026-04-02 12:00:00+00:00,1775044800,68505.2,68600.0,C-BTC-68600-020426,P-BTC-68600-020426,628.13166139,713.05209746,1341.18375885,0.0,2262.3620689655,2262.3620689655,0.001,0.1,0.0001,2262.3620689655,0.0195778387458178,-0.6868397443951794,0.05090889200427331,-0.7377486363994527,2026-04-01 12:00:00+00:00,2026-04-01 17:30:00+05:30,2026-04-02 12:00:00+00:00,settlement,False
BTC,1775217600,2026-04-03 12:00:00+00:00,1775131200,66188.2,66200.0,C-BTC-66200-030426,P-BTC-66200-030426,668.01371267,671.02504773,1339.0387604,789.43448275862,0.0,789.43448275862,0.001,0.1,0.0001,789.43448275862,0.0202307776975352,0.4104468771891272,0.05013078871493434,0.36031608847419283,2026-04-02 12:00:00+00:00,2026-04-02 17:30:00+05:30,2026-04-03 12:00:00+00:00,settlement,True
BTC,1775304000,2026-04-04 12:00:00+00:00,1775217600,67015.6,67000.0,C-BTC-67000-040426,P-BTC-67000-040426,445.38739919,420.36676639,865.7541655800001,121.26206896552,0.0,121.26206896552,0.001,0.1,0.0001,121.26206896552,0.0129186960286858,0.8599347553998978,0.06333619521288587,0.7965985601870119,2026-04-03 12:00:00+00:00,2026-04-03 17:30:00+05:30,2026-04-04 12:00:00+00:00,settlement,True
BTC,1775390400,2026-04-05 12:00:00+00:00,1775304000,67156.0,67200.0,C-BTC-67200-050426,P-BTC-67200-050426,232.81567431,267.70228645,500.51796076,0.0,206.33103448273,206.33103448273,0.001,0.1,0.0001,206.33103448273,0.0074530639222109,0.587764974169096,0.0901296594429288,0.4976353147261672,2026-04-04 12:00:00+00:00,2026-04-04 17:30:00+05:30,2026-04-05 12:00:00+00:00,settlement,True
BTC,1775476800,2026-04-06 12:00:00+00:00,1775390400,66925.4,67000.0,C-BTC-67000-060426,P-BTC-67000-060426,405.69817238,471.34322168,877.04139406,2649.92413793103,0.0,2649.92413793103,0.001,0.1,0.0001,2649.92413793103,0.0131047613321698,-2.0214356538680587,0.06281744343419092,-2.0842530973022497,2026-04-05 12:00:00+00:00,2026-04-05 17:30:00+05:30,2026-04-06 12:00:00+00:00,settlement,False
BTC,1775563200,2026-04-07 12:00:00+00:00,1775476800,69578.4,69600.0,C-BTC-69600-070426,P-BTC-69600-070426,630.33543699,642.55366813,1272.8891051199998,0.0,1224.39655172413,1224.39655172413,0.001,0.1,0.0001,1224.39655172413,0.0182943141135754,0.0380964478372986,0.052600366008242305,-0.014503918170943708,2026-04-06 12:00:00+00:00,2026-04-06 17:30:00+05:30,2026-04-07 12:00:00+00:00,settlement,True
BTC,1775649600,2026-04-08 12:00:00+00:00,1775563200,68394.5,68400.0,C-BTC-68400-080426,P-BTC-68400-080426,702.49755012,699.03989997,1401.53745009,3186.26896551723,0.0,3186.26896551723,0.001,0.1,0.0001,3186.26896551723,0.0204919613432366,-1.2734097938750213,0.049833422330546356,-1.3232432162055676,2026-04-07 12:00:00+00:00,2026-04-07 17:30:00+05:30,2026-04-08 12:00:00+00:00,settlement,False
BTC,1775736000,2026-04-09 12:00:00+00:00,1775649600,71720.7,71800.0,C-BTC-71800-090426,P-BTC-71800-090426,566.25630664,635.61162524,1201.86793188,0.0,633.49310344827,633.49310344827,0.001,0.1,0.0001,633.49310344827,0.0167576157494279,0.4729095546651786,0.05496629806159097,0.4179432566035876,2026-04-08 12:00:00+00:00,2026-04-08 17:30:00+05:30,2026-04-09 12:00:00+00:00,settlement,True
BTC,1775822400,2026-04-10 12:00:00+00:00,1775736000,71202.4,71200.0,C-BTC-71200-100426,P-BTC-71200-100426,604.26193626,592.3214941,1196.58343036,985.45862068966,0.0,985.45862068966,0.001,0.1,0.0001,985.45862068966,0.0168053805821152,0.1764396901324478,0.054886242837149234,0.12155344729529857,2026-04-09 12:00:00+00:00,2026-04-09 17:30:00+05:30,2026-04-10 12:00:00+00:00,settlement,True
BTC,1775908800,2026-04-11 12:00:00+00:00,1775822400,72183.8,72200.0,C-BTC-72200-110426,P-BTC-72200-110426,620.20459063,626.56647723,1246.77106786,658.00344827586,0.0,658.00344827586,0.001,0.1,0.0001,658.00344827586,0.0172721728124593,0.4722339447567713,0.05412719300142264,0.4181067517553486,2026-04-10 12:00:00+00:00,2026-04-10 17:30:00+05:30,2026-04-11 12:00:00+00:00,settlement,True
BTC,1775995200,2026-04-12 12:00:00+00:00,1775908800,72925.2,73000.0,C-BTC-73000-120426,P-BTC-73000-120426,290.32217741,354.91899175,645.24116916,0.0,1542.24137931033,1542.24137931033,0.001,0.1,0.0001,1542.24137931033,0.0088479862812854,-1.3901782047138742,0.08014547149992025,-1.4703236762137946,2026-04-11 12:00:00+00:00,2026-04-11 17:30:00+05:30,2026-04-12 12:00:00+00:00,settlement,False
BTC,1776081600,2026-04-13 12:00:00+00:00,1775995200,71392.8,71400.0,C-BTC-71400-130426,P-BTC-71400-130426,603.204134,599.92440961,1203.12854361,0.0,491.06551724135,491.06551724135,0.001,0.1,0.0001,491.06551724135,0.0168522392119373,0.5918428501680272,0.05480814740783274,0.5370347027601945,2026-04-12 12:00:00+00:00,2026-04-12 17:30:00+05:30,2026-04-13 12:00:00+00:00,settlement,True
BTC,1776168000,2026-04-14 12:00:00+00:00,1776081600,70847.6,70800.0,C-BTC-70800-140426,P-BTC-70800-140426,674.89901407,609.25236596,1284.15138003,3567.2103448276,0.0,3567.2103448276,0.001,0.1,0.0001,3567.2103448276,0.0181255452553085,-1.7778736995511104,0.052840595929756186,-1.8307142954808666,2026-04-13 12:00:00+00:00,2026-04-13 17:30:00+05:30,2026-04-14 12:00:00+00:00,settlement,False
BTC,1776254400,2026-04-15 12:00:00+00:00,1776168000,74425.1,74400.0,C-BTC-74400-150426,P-BTC-74400-150426,700.22221924,666.13039806,1366.3526173,0.0,316.71379310345,316.71379310345,0.001,0.1,0.0001,316.71379310345,0.0183587609193672,0.7682049354658561,0.05250979610623241,0.7156951393596237,2026-04-14 12:00:00+00:00,2026-04-14 17:30:00+05:30,2026-04-15 12:00:00+00:00,settlement,True
BTC,1776340800,2026-04-16 12:00:00+00:00,1776254400,74142.1,74200.0,C-BTC-74200-160426,P-BTC-74200-160426,602.37716699,649.38181089,1251.75897788,257.05517241378,0.0,257.05517241378,0.001,0.1,0.0001,257.05517241378,0.0168832414765699,0.7946448342242907,0.05475671676289332,0.7398881174613974,2026-04-15 12:00:00+00:00,2026-04-15 17:30:00+05:30,2026-04-16 12:00:00+00:00,settlement,True
BTC,1776427200,2026-04-17 12:00:00+00:00,1776340800,74743.1,74800.0,C-BTC-74800-170426,P-BTC-74800-170426,595.78624738,642.36616912,1238.1524165,698.00000000001,0.0,698.00000000001,0.001,0.1,0.0001,698.00000000001,0.0165654410440562,0.4362568043334187,0.05529305362559942,0.38096375070781924,2026-04-16 12:00:00+00:00,2026-04-16 17:30:00+05:30,2026-04-17 12:00:00+00:00,settlement,True
BTC,1776513600,2026-04-18 12:00:00+00:00,1776427200,75584.5,75600.0,C-BTC-75600-180426,P-BTC-75600-180426,596.76907486,601.69116041,1198.46023527,353.09655172413,0.0,353.09655172413,0.001,0.1,0.0001,353.09655172413,0.0158558994935469,0.7053748290241927,0.05656809989191056,0.6488067291322821,2026-04-17 12:00:00+00:00,2026-04-17 17:30:00+05:30,2026-04-18 12:00:00+00:00,settlement,True
BTC,1776600000,2026-04-19 12:00:00+00:00,1776513600,76231.9,76200.0,C-BTC-76200-190426,P-BTC-76200-190426,356.8511372,314.94406869,671.79520589,0.0,694.5655172414,694.5655172414,0.001,0.1,0.0001,694.5655172414,0.0088125208198929,-0.0338947214147407,0.08036015714987346,-0.11425487856461417,2026-04-18 12:00:00+00:00,2026-04-18 17:30:00+05:30,2026-04-19 12:00:00+00:00,settlement,False
BTC,1776686400,2026-04-20 12:00:00+00:00,1776600000,75638.7,75600.0,C-BTC-75600-200426,P-BTC-75600-200426,616.16374381,567.51426637,1183.67801018,0.0,388.98620689654,388.98620689654,0.001,0.1,0.0001,388.98620689654,0.0156491056850527,0.6713749824266926,0.05696146797774079,0.6144135144489518,2026-04-19 12:00:00+00:00,2026-04-19 17:30:00+05:30,2026-04-20 12:00:00+00:00,settlement,True
BTC,1776772800,2026-04-21 12:00:00+00:00,1776686400,75189.7,75200.0,C-BTC-75200-210426,P-BTC-75200-210426,650.81370985,651.60938675,1302.4230966,1331.71034482759,0.0,1331.71034482759,0.001,0.1,0.0001,1331.71034482759,0.0173218286095036,-0.022486738989845,0.05404885522427091,-0.0765355942141159,2026-04-20 12:00:00+00:00,2026-04-20 17:30:00+05:30,2026-04-21 12:00:00+00:00,settlement,False
BTC,1776859200,2026-04-22 12:00:00+00:00,1776772800,76399.9,76400.0,C-BTC-76400-220426,P-BTC-76400-220426,668.64267639,658.04082897,1326.68350536,1861.41724137928,0.0,1861.41724137928,0.001,0.1,0.0001,1861.41724137928,0.0173649900766885,-0.4030605143267974,0.05398112696382307,-0.45704164129062047,2026-04-21 12:00:00+00:00,2026-04-21 17:30:00+05:30,2026-04-22 12:00:00+00:00,settlement,False
BTC,1776945600,2026-04-23 12:00:00+00:00,1776859200,78312.8,78400.0,C-BTC-78400-230426,P-BTC-78400-230426,590.68839166,667.96835661,1258.65674827,0.0,824.15862068966,824.15862068966,0.001,0.1,0.0001,824.15862068966,0.0160721714492394,0.3452078004408664,0.056167531418558576,0.28904026902230784,2026-04-22 12:00:00+00:00,2026-04-22 17:30:00+05:30,2026-04-23 12:00:00+00:00,settlement,True
BTC,1777032000,2026-04-24 12:00:00+00:00,1776945600,77766.1,77800.0,C-BTC-77800-240426,P-BTC-77800-240426,659.59574949,683.33424352,1342.92999301,466.24137931035,0.0,466.24137931035,0.001,0.1,0.0001,466.24137931035,0.0172688355595818,0.652817807527456,0.05413247406123475,0.5986853334662212,2026-04-23 12:00:00+00:00,2026-04-23 17:30:00+05:30,2026-04-24 12:00:00+00:00,settlement,True
BTC,1777118400,2026-04-25 12:00:00+00:00,1777032000,78217.7,78200.0,C-BTC-78200-250426,P-BTC-78200-250426,599.12866985,569.70876474,1168.8374345900002,0.0,540.72413793101,540.72413793101,0.001,0.1,0.0001,540.72413793101,0.0149433879363622,0.5373829397236213,0.058385876108554134,0.47899706361506716,2026-04-24 12:00:00+00:00,2026-04-24 17:30:00+05:30,2026-04-25 12:00:00+00:00,settlement,True
BTC,1777204800,2026-04-26 12:00:00+00:00,1777118400,77642.1,77600.0,C-BTC-77600-260426,P-BTC-77600-260426,302.79025647,250.0577964,552.84805287,489.11379310345,0.0,489.11379310345,0.001,0.1,0.0001,489.11379310345,0.0071204675410634,0.1152835022854585,0.09308778198594364,0.02219572029951486,2026-04-25 12:00:00+00:00,2026-04-25 17:30:00+05:30,2026-04-26 12:00:00+00:00,settlement,True
BTC,1777291200,2026-04-27 12:00:00+00:00,1777204800,78056.1,78000.0,C-BTC-78000-270426,P-BTC-78000-270426,555.6438056,489.06609044,1044.70989604,0.0,182.59999999998,182.59999999998,0.001,0.1,0.0001,182.59999999998,0.0133840903662878,0.8252146354771501,0.06206575113306802,0.7631488843440821,2026-04-26 12:00:00+00:00,2026-04-26 17:30:00+05:30,2026-04-27 12:00:00+00:00,settlement,True
BTC,1777377600,2026-04-28 12:00:00+00:00,1777291200,77746.3,77800.0,C-BTC-77800-280426,P-BTC-77800-280426,491.74617603,535.31667677,1027.0628528,0.0,1570.56896551725,1570.56896551725,0.001,0.1,0.0001,1570.56896551725,0.0132104402756144,-0.529184860727396,0.06252931637042262,-0.5917141770978186,2026-04-27 12:00:00+00:00,2026-04-27 17:30:00+05:30,2026-04-28 12:00:00+00:00,settlement,False
BTC,1777464000,2026-04-29 12:00:00+00:00,1777377600,76205.7,76200.0,C-BTC-76200-290426,P-BTC-76200-290426,555.99397299,539.47184227,1095.46581526,1395.95862068966,0.0,1395.95862068966,0.001,0.1,0.0001,1395.95862068966,0.0143751164973223,-0.2743059630375963,0.059634516512469204,-0.3339404795500655,2026-04-28 12:00:00+00:00,2026-04-28 17:30:00+05:30,2026-04-29 12:00:00+00:00,settlement,False
BTC,1777550400,2026-04-30 12:00:00+00:00,1777464000,77479.7,77400.0,C-BTC-77400-300426,P-BTC-77400-300426,587.62461147,497.32568268,1084.95029415,0.0,1369.63103448275,1369.63103448275,0.001,0.1,0.0001,1369.63103448275,0.0140030265237216,-0.2623905831149454,0.060506998926297316,-0.3228975820412427,2026-04-29 12:00:00+00:00,2026-04-29 17:30:00+05:30,2026-04-30 12:00:00+00:00,settlement,False
BTC,1777636800,2026-05-01 12:00:00+00:00,1777550400,76110.8,76200.0,C-BTC-76200-010526,P-BTC-76200-010526,530.55661218,609.54778139,1140.10439357,1196.87586206898,0.0,1196.87586206898,0.001,0.1,0.0001,1196.87586206898,0.0149795350143475,-0.049794973880604,0.0583096563109546,-0.1081046301915586,2026-04-30 12:00:00+00:00,2026-04-30 17:30:00+05:30,2026-05-01 12:00:00+00:00,settlement,False
BTC,1777723200,2026-05-02 12:00:00+00:00,1777636800,77472.2,77400.0,C-BTC-77400-020526,P-BTC-77400-020526,481.31115544,398.0870721,879.39822754,750.35172413793,0.0,750.35172413793,0.001,0.1,0.0001,750.35172413793,0.0113511456695433,0.1467441022289304,0.06838170582432375,0.07836239640460664,2026-05-01 12:00:00+00:00,2026-05-01 17:30:00+05:30,2026-05-02 12:00:00+00:00,settlement,True
BTC,1777809600,2026-05-03 12:00:00+00:00,1777723200,78133.8,78200.0,C-BTC-78200-030526,P-BTC-78200-030526,212.04338284,268.43176511,480.47514795,447.46896551726,0.0,447.46896551726,0.001,0.1,0.0001,447.46896551726,0.0061493892265575,0.0686948795865186,0.10355559028879842,-0.03486071070227982,2026-05-02 12:00:00+00:00,2026-05-02 17:30:00+05:30,2026-05-03 12:00:00+00:00,settlement,True
BTC,1777896000,2026-05-04 12:00:00+00:00,1777809600,78741.4,78800.0,C-BTC-78800-040526,P-BTC-78800-040526,473.09670374,521.27295556,994.3696593,15.57241379311,0.0,15.57241379311,0.001,0.1,0.0001,15.57241379311,0.0126282953986086,0.9843394117595338,0.06417638256799134,0.9201630291915425,2026-05-03 12:00:00+00:00,2026-05-03 17:30:00+05:30,2026-05-04 12:00:00+00:00,settlement,True
BTC,1777982400,2026-05-05 12:00:00+00:00,1777896000,78814.3,78800.0,C-BTC-78800-050526,P-BTC-78800-050526,592.41842877,569.02532093,1161.4437497,2191.77586206896,0.0,2191.77586206896,0.001,0.1,0.0001,2191.77586206896,0.0147364596234439,-0.887113226650102,0.0588294027236436,-0.9459426293737455,2026-05-04 12:00:00+00:00,2026-05-04 17:30:00+05:30,2026-05-05 12:00:00+00:00,settlement,False
BTC,1778068800,2026-05-06 12:00:00+00:00,1777982400,81000.1,81000.0,C-BTC-81000-060526,P-BTC-81000-060526,624.96539666,613.68365773,1238.64905439,1598.28275862068,0.0,1598.28275862068,0.001,0.1,0.0001,1598.28275862068,0.0152919447555003,-0.2903435020242998,0.05766592369686845,-0.3480094257211683,2026-05-05 12:00:00+00:00,2026-05-05 17:30:00+05:30,2026-05-06 12:00:00+00:00,settlement,False
BTC,1778155200,2026-05-07 12:00:00+00:00,1778068800,82368.8,82400.0,C-BTC-82400-070526,P-BTC-82400-070526,642.1367631,662.48601705,1304.62278015,0.0,1477.12758620687,1477.12758620687,0.001,0.1,0.0001,1477.12758620687,0.0158387979447315,-0.1322258116917415,0.05660024125864947,-0.18882605295039095,2026-05-06 12:00:00+00:00,2026-05-06 17:30:00+05:30,2026-05-07 12:00:00+00:00,settlement,False
BTC,1778241600,2026-05-08 12:00:00+00:00,1778155200,80979.9,81000.0,C-BTC-81000-080526,P-BTC-81000-080526,526.38016682,535.10558313,1061.48574995,0.0,767.46551724139,767.46551724139,0.001,0.1,0.0001,767.46551724139,0.0131080150747284,0.2769893356763945,0.06280850298913616,0.21418083268725835,2026-05-07 12:00:00+00:00,2026-05-07 17:30:00+05:30,2026-05-08 12:00:00+00:00,settlement,True
BTC,1778328000,2026-05-09 12:00:00+00:00,1778241600,80234.4,80200.0,C-BTC-80200-090526,P-BTC-80200-090526,546.31207928,500.96902676,1047.28110604,145.57931034484,0.0,145.57931034484,0.001,0.1,0.0001,145.57931034484,0.0130527692117096,0.8609930901023247,0.06296090902584618,0.7980321810764786,2026-05-08 12:00:00+00:00,2026-05-08 17:30:00+05:30,2026-05-09 12:00:00+00:00,settlement,True
BTC,1778414400,2026-05-10 12:00:00+00:00,1778328000,80360.2,80400.0,C-BTC-80400-100526,P-BTC-80400-100526,249.43777495,278.45017665,527.8879516,422.21379310345,0.0,422.21379310345,0.001,0.1,0.0001,422.21379310345,0.0065690223717711,0.2001829330945275,0.09865239648875518,0.10153053660577233,2026-05-09 12:00:00+00:00,2026-05-09 17:30:00+05:30,2026-05-10 12:00:00+00:00,settlement,True
BTC,1778500800,2026-05-11 12:00:00+00:00,1778414400,80801.8,80800.0,C-BTC-80800-110526,P-BTC-80800-110526,416.76327963,404.44792199,821.21120162,348.12413793104,0.0,348.12413793104,0.001,0.1,0.0001,348.12413793104,0.0101632785608736,0.5760845233914285,0.07324170649981934,0.5028428168916091,2026-05-10 12:00:00+00:00,2026-05-10 17:30:00+05:30,2026-05-11 12:00:00+00:00,settlement,True
BTC,1778587200,2026-05-12 12:00:00+00:00,1778500800,81170.4,81200.0,C-BTC-81200-120526,P-BTC-81200-120526,476.24962165,494.96028574,971.20990739,0.0,483.12413793104,483.12413793104,0.001,0.1,0.0001,483.12413793104,0.0119650747980791,0.5025543559070839,0.06624814453443917,0.4363062113726447,2026-05-11 12:00:00+00:00,2026-05-11 17:30:00+05:30,2026-05-12 12:00:00+00:00,settlement,True
BTC,1778673600,2026-05-13 12:00:00+00:00,1778587200,80750.4,80800.0,C-BTC-80800-130526,P-BTC-80800-130526,545.60566062,583.5195273,1129.12518792,0.0,187.23103448277,187.23103448277,0.001,0.1,0.0001,187.23103448277,0.0139829051982405,0.8341804465210144,0.060555503116719464,0.773624943404295,2026-05-12 12:00:00+00:00,2026-05-12 17:30:00+05:30,2026-05-13 12:00:00+00:00,settlement,True
BTC,1778760000,2026-05-14 12:00:00+00:00,1778673600,80579.7,80600.0,C-BTC-80600-140526,P-BTC-80600-140526,509.94695745,516.45234741,1026.39930486,0.0,1286.35862068967,1286.35862068967,0.001,0.1,0.0001,1286.35862068967,0.0127376908186553,-0.2532730825116139,0.06385538207197808,-0.317128464583592,2026-05-13 12:00:00+00:00,2026-05-13 17:30:00+05:30,2026-05-14 12:00:00+00:00,settlement,False
BTC,1778846400,2026-05-15 12:00:00+00:00,1778760000,79371.8,79400.0,C-BTC-79400-150526,P-BTC-79400-150526,653.03083651,670.30194246,1323.33277897,1242.65862068966,0.0,1242.65862068966,0.001,0.1,0.0001,1242.65862068966,0.0166725811808476,0.0609628655485521,0.05510995362267022,0.00585291192588188,2026-05-14 12:00:00+00:00,2026-05-14 17:30:00+05:30,2026-05-15 12:00:00+00:00,settlement,True
BTC,1778932800,2026-05-16 12:00:00+00:00,1778846400,80518.7,80600.0,C-BTC-80600-160526,P-BTC-80600-160526,497.73157139,568.18435034,1065.91592173,0.0,2464.95517241379,2464.95517241379,0.001,0.1,0.0001,2464.95517241379,0.0132381163845168,-1.312523081945455,0.06245461930460473,-1.3749777012500597,2026-05-15 12:00:00+00:00,2026-05-15 17:30:00+05:30,2026-05-16 12:00:00+00:00,settlement,False
BTC,1779019200,2026-05-17 12:00:00+00:00,1778932800,78107.7,78200.0,C-BTC-78200-170526,P-BTC-78200-170526,286.2869268,367.93738441,654.22431121,190.6620689655,0.0,190.6620689655,0.001,0.1,0.0001,190.6620689655,0.00837592594853,0.7085677409131022,0.08315197862307212,0.62541576229003,2026-05-16 12:00:00+00:00,2026-05-16 17:30:00+05:30,2026-05-17 12:00:00+00:00,settlement,True
BTC,1779105600,2026-05-18 12:00:00+00:00,1779019200,78387.4,78400.0,C-BTC-78400-180526,P-BTC-78400-180526,542.14342353,543.66512447,1085.808548,0.0,1244.5827586207,1244.5827586207,0.001,0.1,0.0001,1244.5827586207,0.0138518250126933,-0.1462267090392255,0.06087493233328275,-0.20710164137250825,2026-05-17 12:00:00+00:00,2026-05-17 17:30:00+05:30,2026-05-18 12:00:00+00:00,settlement,False
BTC,1779192000,2026-05-19 12:00:00+00:00,1779105600,77276.6,77200.0,C-BTC-77200-190526,P-BTC-77200-190526,655.86212883,563.38091993,1219.24304876,0.0,425.12758620689,425.12758620689,0.001,0.1,0.0001,425.12758620689,0.0157776487159114,0.6513184252809519,0.056715737667805875,0.5946026876131459,2026-05-18 12:00:00+00:00,2026-05-18 17:30:00+05:30,2026-05-19 12:00:00+00:00,settlement,True
BTC,1779278400,2026-05-20 12:00:00+00:00,1779192000,76738.5,76800.0,C-BTC-76800-200526,P-BTC-76800-200526,495.43667425,546.70171832,1042.1383925700002,604.72413793101,0.0,604.72413793101,0.001,0.1,0.0001,604.72413793101,0.013580385237788,0.4197276079238288,0.061556009622366036,0.3581715983014628,2026-05-19 12:00:00+00:00,2026-05-19 17:30:00+05:30,2026-05-20 12:00:00+00:00,settlement,True
BTC,1779364800,2026-05-21 12:00:00+00:00,1779278400,77463.9,77400.0,C-BTC-77400-210526,P-BTC-77400-210526,517.58177403,443.16218313,960.74395716,0.0,137.04137931035,137.04137931035,0.001,0.1,0.0001,137.04137931035,0.0124024733735327,0.8573591035477858,0.06485692508135223,0.7925021784664336,2026-05-20 12:00:00+00:00,2026-05-20 17:30:00+05:30,2026-05-21 12:00:00+00:00,settlement,True
BTC,1779451200,2026-05-22 12:00:00+00:00,1779364800,77278.3,77200.0,C-BTC-77200-220526,P-BTC-77200-220526,545.24856435,456.81735495,1002.0659193,165.78965517241,0.0,165.78965517241,0.001,0.1,0.0001,165.78965517241,0.0129669767489709,0.8345521467407818,0.06320015781145427,0.7713519889293275,2026-05-21 12:00:00+00:00,2026-05-21 17:30:00+05:30,2026-05-22 12:00:00+00:00,settlement,True
BTC,1779537600,2026-05-23 12:00:00+00:00,1779451200,77440.1,77400.0,C-BTC-77400-230526,P-BTC-77400-230526,381.71844467,331.03899484,712.75743951,0.0,2591.49655172414,2591.49655172414,0.001,0.1,0.0001,2591.49655172414,0.0092039839761312,-2.6358744336723,0.07808214056261308,-2.713956574234913,2026-05-22 12:00:00+00:00,2026-05-22 17:30:00+05:30,2026-05-23 12:00:00+00:00,settlement,False
BTC,1779624000,2026-05-24 12:00:00+00:00,1779537600,74764.9,74800.0,C-BTC-74800-240526,P-BTC-74800-240526,275.46320571,303.09671005,578.55991576,2474.22068965518,0.0,2474.22068965518,0.001,0.1,0.0001,2474.22068965518,0.0077383894816952,-3.2765159186754724,0.08779460373718442,-3.364310522412657,2026-05-23 12:00:00+00:00,2026-05-23 17:30:00+05:30,2026-05-24 12:00:00+00:00,settlement,False
BTC,1779710400,2026-05-25 12:00:00+00:00,1779624000,77256.8,77200.0,C-BTC-77200-250526,P-BTC-77200-250526,508.20170352,440.85474887,949.05645239,244.27931034482,0.0,244.27931034482,0.001,0.1,0.0001,244.27931034482,0.012284439070606,0.7426082402899704,0.06522259278483383,0.6773856475051365,2026-05-24 12:00:00+00:00,2026-05-24 17:30:00+05:30,2026-05-25 12:00:00+00:00,settlement,True
BTC,1779796800,2026-05-26 12:00:00+00:00,1779710400,77317.7,77400.0,C-BTC-77400-260526,P-BTC-77400-260526,390.08239077,461.79119841,851.87358918,0.0,157.7172413793,157.7172413793,0.001,0.1,0.0001,157.7172413793,0.0110178340687837,0.8148583975574167,0.0696396359078681,0.7452187616495486,2026-05-25 12:00:00+00:00,2026-05-25 17:30:00+05:30,2026-05-26 12:00:00+00:00,settlement,True
BTC,1779883200,2026-05-27 12:00:00+00:00,1779796800,77221.5,77200.0,C-BTC-77200-270526,P-BTC-77200-270526,464.65383617,433.09086025,897.74469642,0.0,1382.68620689653,1382.68620689653,0.001,0.1,0.0001,1382.68620689653,0.0116255796173345,-0.54017752754248,0.06740012623338067,-0.6075776537758607,2026-05-26 12:00:00+00:00,2026-05-26 17:30:00+05:30,2026-05-27 12:00:00+00:00,settlement,False
BTC,1779969600,2026-05-28 12:00:00+00:00,1779883200,75751.4,75800.0,C-BTC-75800-280526,P-BTC-75800-280526,485.9275692,524.94326985,1010.87083905,0.0,2362.0896551724,2362.0896551724,0.001,0.1,0.0001,2362.0896551724,0.0133445829258601,-1.3366878971325886,0.06217015751052987,-1.3988580546431184,2026-05-27 12:00:00+00:00,2026-05-27 17:30:00+05:30,2026-05-28 12:00:00+00:00,settlement,False
BTC,1780056000,2026-05-29 12:00:00+00:00,1779969600,73480.5,73500.0,C-BTC-73500-290526,P-BTC-73500-290526,519.5077587,530.64689369,1050.15465239,0.0,3.53448275862,3.53448275862,0.001,0.1,0.0001,3.53448275862,0.0142916100515102,0.9966343216681696,0.05982636989805927,0.9368079517701103,2026-05-28 12:00:00+00:00,2026-05-28 17:30:00+05:30,2026-05-29 12:00:00+00:00,settlement,True
BTC,1780142400,2026-05-30 12:00:00+00:00,1780056000,73425.0,73400.0,C-BTC-73400-300526,P-BTC-73400-300526,501.94422598,467.18555945,969.12978543,207.12413793102,0.0,207.12413793102,0.001,0.1,0.0001,207.12413793102,0.0131989075305413,0.7862782250169728,0.0625605354009659,0.7237176896160069,2026-05-29 12:00:00+00:00,2026-05-29 17:30:00+05:30,2026-05-30 12:00:00+00:00,settlement,True
BTC,1780228800,2026-05-31 12:00:00+00:00,1780142400,73599.7,73600.0,C-BTC-73600-310526,P-BTC-73600-310526,250.62246465,241.12150933,491.74397398,335.65862068965,0.0,335.65862068965,0.001,0.1,0.0001,335.65862068965,0.0066813312279805,0.3174118271893623,0.09744460418057485,0.21996722300878743,2026-05-30 12:00:00+00:00,2026-05-30 17:30:00+05:30,2026-05-31 12:00:00+00:00,settlement,True
BTC,1780315200,2026-06-01 12:00:00+00:00,1780228800,73878.3,73800.0,C-BTC-73800-010626,P-BTC-73800-010626,469.40605773,381.17675662,850.58281435,0.0,1127.73448275859,1127.73448275859,0.001,0.1,0.0001,1127.73448275859,0.0115132970621955,-0.325837371426772,0.0677960758808035,-0.3936334473075755,2026-05-31 12:00:00+00:00,2026-05-31 17:30:00+05:30,2026-06-01 12:00:00+00:00,settlement,False
BTC,1780401600,2026-06-02 12:00:00+00:00,1780315200,72322.7,72400.0,C-BTC-72400-020626,P-BTC-72400-020626,487.33962565,554.92405528,1042.26368093,0.0,2894.29655172414,2894.29655172414,0.001,0.1,0.0001,2894.29655172414,0.0144112938390021,-1.776933135712445,0.0595520904974263,-1.8364852262098712,2026-06-01 12:00:00+00:00,2026-06-01 17:30:00+05:30,2026-06-02 12:00:00+00:00,settlement,False
BTC,1780488000,2026-06-03 12:00:00+00:00,1780401600,69486.2,69400.0,C-BTC-69400-030626,P-BTC-69400-030626,653.61988132,554.74735739,1208.36723871,0.0,2269.40344827587,2269.40344827587,0.001,0.1,0.0001,2269.40344827587,0.0173900319590076,-0.8780742936216853,0.05394198577165429,-0.9320162793933396,2026-06-02 12:00:00+00:00,2026-06-02 17:30:00+05:30,2026-06-03 12:00:00+00:00,settlement,False
BTC,1780574400,2026-06-04 12:00:00+00:00,1780488000,67115.2,67200.0,C-BTC-67200-040626,P-BTC-67200-040626,640.47907778,718.13400341,1358.61308119,0.0,4771.393103448274,4771.393103448274,0.001,0.1,0.0001,4771.393103448274,0.0202430013050694,-2.5119587537527925,0.050116700566619835,-2.5620754543194124,2026-06-03 12:00:00+00:00,2026-06-03 17:30:00+05:30,2026-06-04 12:00:00+00:00,settlement,False
BTC,1780660800,2026-06-05 12:00:00+00:00,1780574400,62672.4,62600.0,C-BTC-62600-050626,P-BTC-62600-050626,1004.43377269,921.87679368,1926.31056637,0.0,386.73103448276,386.73103448276,0.001,0.1,0.0001,386.73103448276,0.0307361863654495,0.7992374432065085,0.042156491998974005,0.7570809512075345,2026-06-04 12:00:00+00:00,2026-06-04 17:30:00+05:30,2026-06-05 12:00:00+00:00,settlement,True
BTC,1780747200,2026-06-06 12:00:00+00:00,1780660800,61659.4,61600.0,C-BTC-61600-060626,P-BTC-61600-060626,932.35868628,869.97360056,1802.33228684,0.0,753.26551724139,753.26551724139,0.001,0.1,0.0001,753.26551724139,0.0292304545104233,0.5820606872875378,0.04294754227758203,0.5391131450099558,2026-06-05 12:00:00+00:00,2026-06-05 17:30:00+05:30,2026-06-06 12:00:00+00:00,settlement,True
BTC,1780833600,2026-06-07 12:00:00+00:00,1780747200,60930.1,61000.0,C-BTC-61000-070626,P-BTC-61000-070626,498.16598825,559.73925338,1057.90524163,1626.01034482758,0.0,1626.01034482758,0.001,0.1,0.0001,1626.01034482758,0.0173626047163881,-0.5370094417173455,0.05398486124115301,-0.5909943029584985,2026-06-06 12:00:00+00:00,2026-06-06 17:30:00+05:30,2026-06-07 12:00:00+00:00,settlement,False
BTC,1780920000,2026-06-08 12:00:00+00:00,1780833600,62634.5,62600.0,C-BTC-62600-080626,P-BTC-62600-080626,762.97138543,720.41182687,1483.3832123000002,1002.96551724138,0.0,1002.96551724138,0.001,0.1,0.0001,1002.96551724138,0.0236831652252352,0.3238662073799041,0.04672976848791589,0.27713643889198825,2026-06-07 12:00:00+00:00,2026-06-07 17:30:00+05:30,2026-06-08 12:00:00+00:00,settlement,True
BTC,1781006400,2026-06-09 12:00:00+00:00,1780920000,62868.5,62800.0,C-BTC-62800-090626,P-BTC-62800-090626,921.19744226,802.95696644,1724.1544087,0.0,177.65862068966,177.65862068966,0.001,0.1,0.0001,177.65862068966,0.0274247740712757,0.8969589847677196,0.04401071607639476,0.8529482686913249,2026-06-08 12:00:00+00:00,2026-06-08 17:30:00+05:30,2026-06-09 12:00:00+00:00,settlement,True
BTC,1781092800,2026-06-10 12:00:00+00:00,1781006400,62818.0,62800.0,C-BTC-62800-100626,P-BTC-62800-100626,600.22035718,574.36128495,1174.58164213,0.0,1782.310344827594,1782.310344827594,0.001,0.1,0.0001,1782.310344827594,0.0186981699851953,-0.5174001371207637,0.05204311204645781,-0.5694432491672216,2026-06-09 12:00:00+00:00,2026-06-09 17:30:00+05:30,2026-06-10 12:00:00+00:00,settlement,False
BTC,1781179200,2026-06-11 12:00:00+00:00,1781092800,61089.1,61000.0,C-BTC-61000-110626,P-BTC-61000-110626,829.08382963,737.78692459,1566.87075422,2153.53448275862,0.0,2153.53448275862,0.001,0.1,0.0001,2153.53448275862,0.0256489415332686,-0.3744174348513293,0.04520231883985467,-0.4196197536911839,2026-06-10 12:00:00+00:00,2026-06-10 17:30:00+05:30,2026-06-11 12:00:00+00:00,settlement,False
BTC,1781265600,2026-06-12 12:00:00+00:00,1781179200,63073.2,63000.0,C-BTC-63000-120626,P-BTC-63000-120626,588.68350748,518.99806158,1107.68156906,787.75172413793,0.0,787.75172413793,0.001,0.1,0.0001,787.75172413793,0.0175618419401584,0.2888283545185001,0.0536764518897465,0.23515190262875357,2026-06-11 12:00:00+00:00,2026-06-11 17:30:00+05:30,2026-06-12 12:00:00+00:00,settlement,True
BTC,1781352000,2026-06-13 12:00:00+00:00,1781265600,63677.3,63600.0,C-BTC-63600-130626,P-BTC-63600-130626,510.52352981,424.77765284,935.30118265,321.171111111165,0.0,321.171111111165,0.001,0.1,0.0001,321.171111111165,0.0146881413415769,0.6566120977189539,0.058934767022150954,0.597677330696803,2026-06-12 12:00:00+00:00,2026-06-12 17:30:00+05:30,2026-06-13 12:00:00+00:00,settlement,True
BTC,1781438400,2026-06-14 12:00:00+00:00,1781352000,63959.4,64000.0,C-BTC-64000-140626,P-BTC-64000-140626,225.17323968,256.19608074,481.36932042,608.78916666667,0.0,608.78916666667,0.001,0.1,0.0001,608.78916666667,0.0075261700456852,-0.2647028816366917,0.08951450115196355,-0.3542173827886552,2026-06-13 12:00:00+00:00,2026-06-13 17:30:00+05:30,2026-06-14 12:00:00+00:00,settlement,False
BTC,1781524800,2026-06-15 12:00:00+00:00,1781438400,64548.0,64600.0,C-BTC-64600-150626,P-BTC-64600-150626,452.78420597,496.16354467,948.94775064,1603.13555555545,0.0,1603.13555555545,0.001,0.1,0.0001,1603.13555555545,0.0147014276296709,-0.6893823231829627,0.05890572550433081,-0.7482880486872935,2026-06-14 12:00:00+00:00,2026-06-14 17:30:00+05:30,2026-06-15 12:00:00+00:00,settlement,False
BTC,1781611200,2026-06-16 12:00:00+00:00,1781524800,66150.0,66200.0,C-BTC-66200-160626,P-BTC-66200-160626,443.30895992,486.48878334,929.79774326,216.89499999997,0.0,216.89499999997,0.001,0.1,0.0001,216.89499999997,0.0140558993690098,0.7667288379949107,0.0603802062613408,0.7063486317335699,2026-06-15 12:00:00+00:00,2026-06-15 17:30:00+05:30,2026-06-16 12:00:00+00:00,settlement,True
BTC,1781697600,2026-06-17 12:00:00+00:00,1781611200,66409.8,66400.0,C-BTC-66400-170626,P-BTC-66400-170626,473.52704892,454.59865572,928.12570464,0.0,1607.596111111,1607.596111111,0.001,0.1,0.0001,1607.596111111,0.0139757340729832,-0.7320887710297301,0.06057282349071263,-0.7926615945204427,2026-06-16 12:00:00+00:00,2026-06-16 17:30:00+05:30,2026-06-17 12:00:00+00:00,settlement,False
BTC,1781784000,2026-06-18 12:00:00+00:00,1781697600,64827.0,64800.0,C-BTC-64800-180626,P-BTC-64800-180626,582.46379764,547.2054219,1129.66921954,0.0,827.892777777626,827.892777777626,0.001,0.1,0.0001,827.892777777626,0.0174259061739707,0.2671369959829985,0.0538861093413341,0.21325088664166442,2026-06-17 12:00:00+00:00,2026-06-17 17:30:00+05:30,2026-06-18 12:00:00+00:00,settlement,True
BTC,1781870400,2026-06-19 12:00:00+00:00,1781784000,63998.8,64000.0,C-BTC-64000-190626,P-BTC-64000-190626,483.557733,476.7059595,960.2636925,0.0,1361.19611111116,1361.19611111116,0.001,0.1,0.0001,1361.19611111116,0.0150044015278411,-0.4175232508972113,0.05825743594799092,-0.47578068684520225,2026-06-18 12:00:00+00:00,2026-06-18 17:30:00+05:30,2026-06-19 12:00:00+00:00,settlement,False
BTC,1781956800,2026-06-20 12:00:00+00:00,1781870400,62673.8,62600.0,C-BTC-62600-200626,P-BTC-62600-200626,502.25092848,420.61331514,922.86424362,1115.638333333365,0.0,1115.638333333365,0.001,0.1,0.0001,1115.638333333365,0.014724880948977,-0.2088867252643736,0.05885458853185426,-0.26774131379622784,2026-06-19 12:00:00+00:00,2026-06-19 17:30:00+05:30,2026-06-20 12:00:00+00:00,settlement,False
BTC,1782043200,2026-06-21 12:00:00+00:00,1781956800,63695.3,63600.0,C-BTC-63600-210626,P-BTC-63600-210626,298.49972187,194.6632952,493.16301707,633.99833333333,0.0,633.99833333333,0.001,0.1,0.0001,633.99833333333,0.0077425338615251,-0.2855755833031976,0.08776195488992368,-0.37333753819312127,2026-06-20 12:00:00+00:00,2026-06-20 17:30:00+05:30,2026-06-21 12:00:00+00:00,settlement,False
BTC,1782129600,2026-06-22 12:00:00+00:00,1782043200,64191.3,64200.0,C-BTC-64200-220626,P-BTC-64200-220626,432.95569531,433.36973175,866.32542706,419.243055555555,0.0,419.243055555555,0.001,0.1,0.0001,419.243055555555,0.0134959944269706,0.5160674701903688,0.061773339871624935,0.4542941303187439,2026-06-21 12:00:00+00:00,2026-06-21 17:30:00+05:30,2026-06-22 12:00:00+00:00,settlement,True
BTC,1782216000,2026-06-23 12:00:00+00:00,1782129600,64765.5,64800.0,C-BTC-64800-230626,P-BTC-64800-230626,482.90415217,508.4142173,991.31836947,0.0,2257.75916666671,2257.75916666671,0.001,0.1,0.0001,2257.75916666671,0.015306272158325,-1.2775318567674698,0.05763703171600021,-1.33516888848347,2026-06-22 12:00:00+00:00,2026-06-22 17:30:00+05:30,2026-06-23 12:00:00+00:00,settlement,False
BTC,1782302400,2026-06-24 12:00:00+00:00,1782216000,62461.4,62400.0,C-BTC-62400-240626,P-BTC-62400-240626,600.97725634,531.33170099,1132.30895733,329.4025,0.0,329.4025,0.001,0.1,0.0001,329.4025,0.0181281392560845,0.7090877910418235,0.05283686971576948,0.656250921326054,2026-06-23 12:00:00+00:00,2026-06-23 17:30:00+05:30,2026-06-24 12:00:00+00:00,settlement,True
BTC,1782388800,2026-06-25 12:00:00+00:00,1782302400,62939.8,63000.0,C-BTC-63000-250626,P-BTC-63000-250626,400.83798474,450.81993454,851.65791928,0.0,1727.54416666662,1727.54416666662,0.001,0.1,0.0001,1727.54416666662,0.0135313095891629,-1.0284484269542198,0.061682063475808555,-1.0901304904300284,2026-06-24 12:00:00+00:00,2026-06-24 17:30:00+05:30,2026-06-25 12:00:00+00:00,settlement,False
BTC,1782475200,2026-06-26 12:00:00+00:00,1782388800,61241.6,61200.0,C-BTC-61200-260626,P-BTC-61200-260626,643.60524836,593.42977969,1237.0350280500002,0.0,1772.86222222222,1772.86222222222,0.001,0.1,0.0001,1772.86222222222,0.0201992604381662,-0.4331544232962189,0.05016719215264746,-0.48332161544886637,2026-06-25 12:00:00+00:00,2026-06-25 17:30:00+05:30,2026-06-26 12:00:00+00:00,settlement,False
BTC,1782561600,2026-06-27 12:00:00+00:00,1782475200,59432.2,59400.0,C-BTC-59400-270626,P-BTC-59400-270626,771.8081129,733.45324115,1505.26135405,905.30750000001,0.0,905.30750000001,0.001,0.1,0.0001,905.30750000001,0.0253273705844643,0.3985712198322083,0.04543596532557243,0.35313525450663585,2026-06-26 12:00:00+00:00,2026-06-26 17:30:00+05:30,2026-06-27 12:00:00+00:00,settlement,True
BTC,1782648000,2026-06-28 12:00:00+00:00,1782561600,60343.3,60400.0,C-BTC-60400-280626,P-BTC-60400-280626,236.05051012,284.88859493,520.9391050500001,0.0,96.842500000035,96.842500000035,0.001,0.1,0.0001,96.842500000035,0.0086329237056972,0.814100152856177,0.08147440882032897,0.732625744035848,2026-06-27 12:00:00+00:00,2026-06-27 17:30:00+05:30,2026-06-28 12:00:00+00:00,settlement,True
BTC,1782734400,2026-06-29 12:00:00+00:00,1782648000,60349.5,60400.0,C-BTC-60400-290626,P-BTC-60400-290626,535.72678133,578.95820483,1114.68498616,0.0,496.82972222224,496.82972222224,0.001,0.1,0.0001,496.82972222224,0.0184704924839476,0.5542868806964213,0.05235427260048456,0.5019326080959368,2026-06-28 12:00:00+00:00,2026-06-28 17:30:00+05:30,2026-06-29 12:00:00+00:00,settlement,True
BTC,1782820800,2026-06-30 12:00:00+00:00,1782734400,60343.7,60400.0,C-BTC-60400-300626,P-BTC-60400-300626,598.09755627,649.89569391,1247.99325018,0.0,1174.48861111113,1174.48861111113,0.001,0.1,0.0001,1174.48861111113,0.0206814174500403,0.0588982665236917,0.04962242023015106,0.00927584629354064,2026-06-29 12:00:00+00:00,2026-06-29 17:30:00+05:30,2026-06-30 12:00:00+00:00,settlement,True
BTC,1782907200,2026-07-01 12:00:00+00:00,1782820800,59068.5,59000.0,C-BTC-59000-010726,P-BTC-59000-010726,617.26262433,540.92760043,1158.19022476,0.0,343.48111111114,343.48111111114,0.001,0.1,0.0001,343.48111111114,0.0196075780620804,0.7034329043984842,0.05087232542976898,0.6525605789687152,2026-06-30 12:00:00+00:00,2026-06-30 17:30:00+05:30,2026-07-01 12:00:00+00:00,settlement,True
BTC,1782993600,2026-07-02 12:00:00+00:00,1782907200,58536.2,58600.0,C-BTC-58600-020726,P-BTC-58600-020726,537.5524623,593.36093405,1130.91339635,2687.09361111115,0.0,2687.09361111115,0.001,0.1,0.0001,2687.09361111115,0.0193198977103057,-1.3760383595982597,0.05123077117060627,-1.427269130768866,2026-07-01 12:00:00+00:00,2026-07-01 17:30:00+05:30,2026-07-02 12:00:00+00:00,settlement,False
BTC,1783080000,2026-07-03 12:00:00+00:00,1782993600,61310.2,61400.0,C-BTC-61400-030726,P-BTC-61400-030726,535.7239099,615.94443729,1151.66834719,573.16,0.0,573.16,0.001,0.1,0.0001,573.16,0.0187842862556312,0.5023219997332782,0.051927385388864725,0.45039461434441347,2026-07-02 12:00:00+00:00,2026-07-02 17:30:00+05:30,2026-07-03 12:00:00+00:00,settlement,True
BTC,1783166400,2026-07-04 12:00:00+00:00,1783080000,62140.8,62200.0,C-BTC-62200-040726,P-BTC-62200-040726,353.30605444,403.92121241,757.22726685,305.243055555635,0.0,305.243055555635,0.001,0.1,0.0001,305.243055555635,0.0121856697507917,0.5968937346572056,0.06553402198261055,0.531359712674595,2026-07-03 12:00:00+00:00,2026-07-03 17:30:00+05:30,2026-07-04 12:00:00+00:00,settlement,True
BTC,1783252800,2026-07-05 12:00:00+00:00,1783166400,62551.9,62600.0,C-BTC-62600-050726,P-BTC-62600-050726,231.00985418,281.25245519,512.2623093699999,92.50694444447,0.0,92.50694444447,0.001,0.1,0.0001,92.50694444447,0.008189396475087,0.8194148920340467,0.08443550481844032,0.7349793872156064,2026-07-04 12:00:00+00:00,2026-07-04 17:30:00+05:30,2026-07-05 12:00:00+00:00,settlement,True
BTC,1783339200,2026-07-06 12:00:00+00:00,1783252800,62594.2,62600.0,C-BTC-62600-060726,P-BTC-62600-060726,422.51748858,419.89395455,842.41144313,315.99472222217,0.0,315.99472222217,0.001,0.1,0.0001,315.99472222217,0.0134582987422157,0.6248926521604644,0.06187129757191669,0.5630213545885477,2026-07-05 12:00:00+00:00,2026-07-05 17:30:00+05:30,2026-07-06 12:00:00+00:00,settlement,True
BTC,1783425600,2026-07-07 12:00:00+00:00,1783339200,61920.5,62000.0,C-BTC-62000-070726,P-BTC-62000-070726,596.3326969,662.34402298,1258.6767198799998,1275.87749999999,0.0,1275.87749999999,0.001,0.1,0.0001,1275.87749999999,0.020327302264678,-0.0136657648849103,0.050020002037367,-0.0636857669222773,2026-07-06 12:00:00+00:00,2026-07-06 17:30:00+05:30,2026-07-07 12:00:00+00:00,settlement,False
BTC,1783512000,2026-07-08 12:00:00+00:00,1783425600,63491.1,63400.0,C-BTC-63400-080726,P-BTC-63400-080726,519.76513678,420.61773915,940.38287593,0.0,1167.162222222185,1167.162222222185,0.001,0.1,0.0001,1167.162222222185,0.0148112550566929,-0.2411563971408024,0.058667657277747726,-0.2998240544185501,2026-07-07 12:00:00+00:00,2026-07-07 17:30:00+05:30,2026-07-08 12:00:00+00:00,settlement,False
BTC,1783598400,2026-07-09 12:00:00+00:00,1783512000,62293.7,62200.0,C-BTC-62200-090726,P-BTC-62200-090726,611.30197296,509.83919454,1121.1411675,491.31944444445,0.0,491.31944444445,0.001,0.1,0.0001,491.31944444445,0.017997665373866,0.5617684385454965,0.05302562372369579,0.5087428148218007,2026-07-08 12:00:00+00:00,2026-07-08 17:30:00+05:30,2026-07-09 12:00:00+00:00,settlement,True
BTC,1783684800,2026-07-10 12:00:00+00:00,1783598400,62700.3,62800.0,C-BTC-62800-100726,P-BTC-62800-100726,472.96809844,566.73574656,1039.703845,1604.643055555534,0.0,1604.643055555534,0.001,0.1,0.0001,1604.643055555534,0.0165821191445654,-0.5433655105464518,0.055264395647204714,-0.5986299061936565,2026-07-09 12:00:00+00:00,2026-07-09 17:30:00+05:30,2026-07-10 12:00:00+00:00,settlement,False
BTC,1783771200,2026-07-11 12:00:00+00:00,1783684800,64387.2,64400.0,C-BTC-64400-110726,P-BTC-64400-110726,445.21015268,450.21522532,895.425378,0.0,206.67000000002,206.67000000002,0.001,0.1,0.0001,206.67000000002,0.0139068848777396,0.7691934972162248,0.06074002353147511,0.7084534736847496,2026-07-10 12:00:00+00:00,2026-07-10 17:30:00+05:30,2026-07-11 12:00:00+00:00,settlement,True
BTC,1783857600,2026-07-12 12:00:00+00:00,1783771200,64215.0,64200.0,C-BTC-64200-120726,P-BTC-64200-120726,247.58231552,223.4184691,471.00078462,0.0,198.48138888889,198.48138888889,0.001,0.1,0.0001,198.48138888889,0.0073347470936697,0.5785964793051813,0.0911512303794854,0.4874452489256959,2026-07-11 12:00:00+00:00,2026-07-11 17:30:00+05:30,2026-07-12 12:00:00+00:00,settlement,True
BTC,1783944000,2026-07-13 12:00:00+00:00,1783857600,63977.8,64000.0,C-BTC-64000-130726,P-BTC-64000-130726,383.26505149,396.65287345,779.91792494,0.0,1045.43944444439,1045.43944444439,0.001,0.1,0.0001,1045.43944444439,0.0121904461381916,-0.3404480279445003,0.06551884545072244,-0.40596687339522275,2026-07-12 12:00:00+00:00,2026-07-12 17:30:00+05:30,2026-07-13 12:00:00+00:00,settlement,False
BTC,1784030400,2026-07-14 12:00:00+00:00,1783944000,62884.7,62800.0,C-BTC-62800-140726,P-BTC-62800-140726,508.19398216,413.36702215,921.56100431,64.3205555555,0.0,64.3205555555,0.001,0.1,0.0001,64.3205555555,0.014654773010128,0.9302047772695649,0.05900793660016406,0.8711968406694008,2026-07-13 12:00:00+00:00,2026-07-13 17:30:00+05:30,2026-07-14 12:00:00+00:00,settlement,True
BTC,1784116800,2026-07-15 12:00:00+00:00,1784030400,62822.7,62800.0,C-BTC-62800-150726,P-BTC-62800-150726,502.57122264,470.91841092,973.48963356,1904.29611111121,0.0,1904.29611111121,0.001,0.1,0.0001,1904.29611111121,0.0154958260877039,-0.9561544832761086,0.0572598152643527,-1.0134142985404613,2026-07-14 12:00:00+00:00,2026-07-14 17:30:00+05:30,2026-07-15 12:00:00+00:00,settlement,False
BTC,1784203200,2026-07-16 12:00:00+00:00,1784116800,64738.1,64800.0,C-BTC-64800-160726,P-BTC-64800-160726,412.24460538,465.48407956,877.72868494,0.0,587.92027777776,587.92027777776,0.001,0.1,0.0001,587.92027777776,0.01355814713345,0.3301799429991863,0.06161301650986692,0.26856692648931935,2026-07-15 12:00:00+00:00,2026-07-15 17:30:00+05:30,2026-07-16 12:00:00+00:00,settlement,True
BTC,1784289600,2026-07-17 12:00:00+00:00,1784203200,64171.9,64200.0,C-BTC-64200-170726,P-BTC-64200-170726,484.66624859,504.41820469,989.08445328,0.0,934.9172222222,934.9172222222,0.001,0.1,0.0001,934.9172222222,0.01541304610398,0.0547650212053891,0.05742340804119933,-0.0026583868358102322,2026-07-16 12:00:00+00:00,2026-07-16 17:30:00+05:30,2026-07-17 12:00:00+00:00,settlement,True
BTC,1784376000,2026-07-18 12:00:00+00:00,1784289600,63284.1,63200.0,C-BTC-63200-180726,P-BTC-63200-180726,449.11149807,356.38282742,805.4943254899999,827.5958333332,0.0,827.5958333332,0.001,0.1,0.0001,827.5958333332,0.012728225976035,-0.0274384401525798,0.0638829368435704,-0.0913213769961502,2026-07-17 12:00:00+00:00,2026-07-17 17:30:00+05:30,2026-07-18 12:00:00+00:00,settlement,False
BTC,1784462400,2026-07-19 12:00:00+00:00,1784376000,64132.0,64200.0,C-BTC-64200-190726,P-BTC-64200-190726,199.27011365,237.68791269,436.95802634,305.95916666669,0.0,305.95916666669,0.001,0.1,0.0001,305.95916666669,0.0068134164900517,0.2997973530102383,0.09607508404765285,0.20372226896258544,2026-07-18 12:00:00+00:00,2026-07-18 17:30:00+05:30,2026-07-19 12:00:00+00:00,settlement,True
BTC,1784548800,2026-07-20 12:00:00+00:00,1784462400,64422.3,64400.0,C-BTC-64400-200726,P-BTC-64400-200726,378.84376334,347.67091453,726.51467787,471.04166666663,0.0,471.04166666663,0.001,0.1,0.0001,471.04166666663,0.0112773787627886,0.3516419130751319,0.0686536975593506,0.2829882155157813,2026-07-19 12:00:00+00:00,2026-07-19 17:30:00+05:30,2026-07-20 12:00:00+00:00,settlement,True
BTC,1784635200,2026-07-21 12:00:00+00:00,1784548800,64810.2,64800.0,C-BTC-64800-210726,P-BTC-64800-210726,465.67209174,447.59443789,913.26652963,1513.3983333333,0.0,1513.3983333333,0.001,0.1,0.0001,1513.3983333333,0.0140914011934849,-0.6571266812399628,0.06029560441286879,-0.7174222856528315,2026-07-20 12:00:00+00:00,2026-07-20 17:30:00+05:30,2026-07-21 12:00:00+00:00,settlement,False
BTC,1784721600,2026-07-22 12:00:00+00:00,1784635200,66276.2,66200.0,C-BTC-66200-220726,P-BTC-66200-220726,506.64657593,421.48506919,928.13164512,0.0,184.8225,184.8225,0.001,0.1,0.0001,184.8225,0.0140039960818514,0.800866072208858,0.060504665242779684,0.7403614069660783,2026-07-21 12:00:00+00:00,2026-07-21 17:30:00+05:30,2026-07-22 12:00:00+00:00,settlement,True
BTC,1784808000,2026-07-23 12:00:00+00:00,1784721600,65944.7,66000.0,C-BTC-66000-230726,P-BTC-66000-230726,415.85391703,461.75380533,877.60772236,0.0,422.02416666667,422.02416666667,0.001,0.1,0.0001,422.02416666667,0.0133082373922392,0.5191198118314265,0.06226675537026777,0.45685305646115876,2026-07-22 12:00:00+00:00,2026-07-22 17:30:00+05:30,2026-07-23 12:00:00+00:00,settlement,True
BTC,1784894400,2026-07-24 12:00:00+00:00,1784808000,65564.4,65600.0,C-BTC-65600-240726,P-BTC-65600-240726,411.99320869,438.54857671,850.5417854,0.0,610.71027777776,610.71027777776,0.001,0.1,0.0001,610.71027777776,0.0129726160141784,0.281974985519906,0.06318433446917164,0.21879065105073436,2026-07-23 12:00:00+00:00,2026-07-23 17:30:00+05:30,2026-07-24 12:00:00+00:00,settlement,True
BTC,1784980800,2026-07-25 12:00:00+00:00,1784894400,65015.5,65000.0,C-BTC-65000-250726,P-BTC-65000-250726,406.47439075,382.09567216,788.5700629099999,0.0,927.76249999989,927.76249999989,0.001,0.1,0.0001,927.76249999989,0.012128954832463,-0.1765124541708302,0.06571514203158682,-0.24222759620241702,2026-07-24 12:00:00+00:00,2026-07-24 17:30:00+05:30,2026-07-25 12:00:00+00:00,settlement,False
BTC,1785067200,2026-07-26 12:00:00+00:00,1784980800,64076.6,64000.0,C-BTC-64000-260726,P-BTC-64000-260726,243.8390261,192.08866026,435.92768636000005,503.39611111101,0.0,503.39611111101,0.001,0.1,0.0001,503.39611111101,0.0068032274864771,-0.1547697631099595,0.09617883540396106,-0.25094859851392054,2026-07-25 12:00:00+00:00,2026-07-25 17:30:00+05:30,2026-07-26 12:00:00+00:00,settlement,False
BTC,1785153600,2026-07-27 12:00:00+00:00,1785067200,64558.1,64600.0,C-BTC-64600-270726,P-BTC-64600-270726,308.59320834,341.62075349,650.21396183,558.33249999997,0.0,558.33249999997,0.001,0.1,0.0001,558.33249999997,0.0100717642221502,0.1413095799595467,0.07366368639984205,0.06764589355970466,2026-07-26 12:00:00+00:00,2026-07-26 17:30:00+05:30,2026-07-27 12:00:00+00:00,settlement,True
BTC,1785240000,2026-07-28 12:00:00+00:00,1785153600,65208.3,65200.0,C-BTC-65200-280726,P-BTC-65200-280726,423.35242975,409.37303251,832.72546226,0.0,1727.740555555494,1727.740555555494,0.001,0.1,0.0001,1727.740555555494,0.0127702372590605,-1.0748021212975056,0.06376094210505857,-1.1385630634025643,2026-07-27 12:00:00+00:00,2026-07-27 17:30:00+05:30,2026-07-28 12:00:00+00:00,settlement,False
BTC,1785326400,2026-07-29 12:00:00+00:00,1785240000,63532.2,63600.0,C-BTC-63600-290726,P-BTC-63600-290726,367.08778712,425.66926569,792.75705281,859.306944444455,0.0,859.306944444455,0.001,0.1,0.0001,859.306944444455,0.0124780355915582,-0.0839473977539055,0.06462646687747226,-0.14857386463137776,2026-07-28 12:00:00+00:00,2026-07-28 17:30:00+05:30,2026-07-29 12:00:00+00:00,settlement,False
BTC,1785412800,2026-07-30 12:00:00+00:00,1785326400,64465.3,64400.0,C-BTC-64400-300726,P-BTC-64400-300726,578.9889508,505.18224574,1084.17119654,292.78777777781,0.0,292.78777777781,0.001,0.1,0.0001,292.78777777781,0.0168179035316674,0.7299432241769506,0.05486532925529293,0.6750778949216576,2026-07-29 12:00:00+00:00,2026-07-29 17:30:00+05:30,2026-07-30 12:00:00+00:00,settlement,True
BTC,1785499200,2026-07-31 12:00:00+00:00,1785412800,64861.4,64800.0,C-BTC-64800-310726,P-BTC-64800-310726,465.70387739,395.31005878,861.0139361700001,0.0,952.608333333344,952.608333333344,0.001,0.1,0.0001,952.608333333344,0.0132746739381203,-0.1063796917977636,0.06235642889612347,-0.16873612069388708,2026-07-30 12:00:00+00:00,2026-07-30 17:30:00+05:30,2026-07-31 12:00:00+00:00,settlement,False
BTC,1785585600,2026-08-01 12:00:00+00:00,1785499200,63768.2,63800.0,C-BTC-63800-010826,P-BTC-63800-010826,396.30880324,422.92387664,819.23267988,0.0,722.66222222218,722.66222222218,0.001,0.1,0.0001,722.66222222218,0.0128470409997459,0.1178791569593701,0.06353997771232563,0.05433917924704447,2026-07-31 12:00:00+00:00,2026-07-31 17:30:00+05:30,2026-08-01 12:00:00+00:00,settlement,True
BTC,1785672000,2026-08-02 12:00:00+00:00,1785585600,63102.7,63200.0,C-BTC-63200-020826,P-BTC-63200-020826,181.09498435,237.23844031,418.33342466,0.0,80.46749999995,80.46749999995,0.001,0.1,0.0001,80.46749999995,0.0066294061056024,0.8076474523513155,0.09799793122963411,0.7096495211216814,2026-08-01 12:00:00+00:00,2026-08-01 17:30:00+05:30,2026-08-02 12:00:00+00:00,settlement,True
BTC,1785758400,2026-08-03 12:00:00+00:00,1785672000,63105.9,63200.0,C-BTC-63200-030826,P-BTC-63200-030826,304.43605488,390.16482992,694.6008847999999,0.0,513.99527777781,513.99527777781,0.001,0.1,0.0001,513.99527777781,0.01100690878032,0.2600134998016777,0.06968215787196474,0.19033134192971296,2026-08-02 12:00:00+00:00,2026-08-02 17:30:00+05:30,2026-08-03 12:00:00+00:00,settlement,True
BTC,1785844800,2026-08-04 12:00:00+00:00,1785758400,62547.1,62600.0,C-BTC-62600-040826,P-BTC-62600-040826,392.55348337,436.48038013,829.0338635,1237.83583333333,0.0,1237.83583333333,0.001,0.1,0.0001,1237.83583333333,0.0132545531847199,-0.4931064795199766,0.06241040447173483,-0.5555168839917114,2026-08-03 12:00:00+00:00,2026-08-03 17:30:00+05:30,2026-08-04 12:00:00+00:00,settlement,False
BTC,1785931200,2026-08-05 12:00:00+00:00,1785844800,63871.5,63800.0,C-BTC-63800-050826,P-BTC-63800-050826,418.1121477,338.26834573,756.38049343,294.649722222246,0.0,294.649722222246,0.001,0.1,0.0001,294.649722222246,0.0118422221715475,0.6104477511231394,0.06665738429515702,0.5437903668279824,2026-08-04 12:00:00+00:00,2026-08-04 17:30:00+05:30,2026-08-05 12:00:00+00:00,settlement,True
BTC,1786017600,2026-08-06 12:00:00+00:00,1785931200,64111.4,64200.0,C-BTC-64200-060826,P-BTC-64200-060826,316.94586515,397.71156417,714.6574293199999,429.70361111107,0.0,429.70361111107,0.001,0.1,0.0001,429.70361111107,0.0111471193784568,0.3987278471030027,0.06914277789400874,0.32958506920899394,2026-08-05 12:00:00+00:00,2026-08-05 17:30:00+05:30,2026-08-06 12:00:00+00:00,settlement,True
BTC,1786104000,2026-08-07 12:00:00+00:00,1786017600,64556.5,64600.0,C-BTC-64600-070826,P-BTC-64600-070826,342.02113863,376.8779483,718.8990869300001,438.07138888884,0.0,438.07138888884,0.001,0.1,0.0001,438.07138888884,0.011135967515742,0.3906357695353487,0.06918518111091572,0.32145058842443297,2026-08-06 12:00:00+00:00,2026-08-06 17:30:00+05:30,2026-08-07 12:00:00+00:00,settlement,True
BTC,1786190400,2026-08-08 12:00:00+00:00,1786104000,65046.0,65000.0,C-BTC-65000-080826,P-BTC-65000-080826,428.30588839,374.69817544,803.00406383,0.0,34.446388888704,34.446388888704,0.001,0.1,0.0001,34.446388888704,0.0123451720909817,0.9571030951893208,0.06503356989448525,0.8920695252948355,2026-08-07 12:00:00+00:00,2026-08-07 17:30:00+05:30,2026-08-08 12:00:00+00:00,settlement,True
BTC,1786276800,2026-08-09 12:00:00+00:00,1786190400,64956.2,65000.0,C-BTC-65000-090826,P-BTC-65000-090826,148.4752209,192.46348171,340.93870261,0.0,18.04888888899,18.04888888899,0.001,0.1,0.0001,18.04888888899,0.0052487476578063,0.9470611909096276,0.11672621302683615,0.8303349778827914,2026-08-08 12:00:00+00:00,2026-08-08 17:30:00+05:30,2026-08-09 12:00:00+00:00,settlement,True
BTC,1786363200,2026-08-10 12:00:00+00:00,1786276800,64925.0,65000.0,C-BTC-65000-100826,P-BTC-65000-100826,253.21526756,319.41942287,572.63469043,84.59333333324,0.0,84.59333333324,0.001,0.1,0.0001,84.59333333324,0.0088199413235271,0.8522734742638145,0.0803150952468292,0.7719583790169853,2026-08-09 12:00:00+00:00,2026-08-09 17:30:00+05:30,2026-08-10 12:00:00+00:00,settlement,True
BTC,1786449600,2026-08-11 12:00:00+00:00,1786363200,65188.2,65200.0,C-BTC-65200-110826,P-BTC-65200-110826,327.183093,330.26411559,657.44720859,0.0,844.12361111109,844.12361111109,0.001,0.1,0.0001,844.12361111109,0.0100853714106233,-0.2839412808846618,0.07360045788921768,-0.3575417387738795,2026-08-10 12:00:00+00:00,2026-08-10 17:30:00+05:30,2026-08-11 12:00:00+00:00,settlement,False
BTC,1786536000,2026-08-12 12:00:00+00:00,1786449600,64415.9,64400.0,C-BTC-64400-120826,P-BTC-64400-120826,307.34232893,282.70568303,590.0480119599999,0.0,188.69972222222,188.69972222222,0.001,0.1,0.0001,188.69972222222,0.0091599746640192,0.6801959867716457,0.07832852680412242,0.6018674599675233,2026-08-11 12:00:00+00:00,2026-08-11 17:30:00+05:30,2026-08-12 12:00:00+00:00,settlement,True
BTC,1786622400,2026-08-13 12:00:00+00:00,1786536000,64269.4,64200.0,C-BTC-64200-130826,P-BTC-64200-130826,484.70280292,406.77329809,891.4761010100001,0.0,747.16694444442,747.16694444442,0.001,0.1,0.0001,747.16694444442,0.0138709261485248,0.1618766407782381,0.06082800901295246,0.10104863176528564,2026-08-12 12:00:00+00:00,2026-08-12 17:30:00+05:30,2026-08-13 12:00:00+00:00,settlement,True
BTC,1786708800,2026-08-14 12:00:00+00:00,1786622400,63460.3,63500.0,C-BTC-63500-140826,P-BTC-63500-140826,368.90151455,400.17455828,769.0760728299999,0.0,610.646111111135,610.646111111135,0.001,0.1,0.0001,610.646111111135,0.0121190109852931,0.2060003780066695,0.06574707254352588,0.14025330546314363,2026-08-13 12:00:00+00:00,2026-08-13 17:30:00+05:30,2026-08-14 12:00:00+00:00,settlement,True
BTC,1786795200,2026-08-15 12:00:00+00:00,1786708800,62867.7,62800.0,C-BTC-62800-150826,P-BTC-62800-150826,342.29526477,266.05747625,608.3527410199999,227.88805555545,0.0,227.88805555545,0.001,0.1,0.0001,227.88805555545,0.0096767138136117,0.6254014485521023,0.07557688945766493,0.5498245590944374,2026-08-14 12:00:00+00:00,2026-08-14 17:30:00+05:30,2026-08-15 12:00:00+00:00,settlement,True
BTC,1786881600,2026-08-16 12:00:00+00:00,1786795200,62998.0,63000.0,C-BTC-63000-160826,P-BTC-63000-160826,155.23519432,149.11517828,304.3503726,0.0,8.35361111113,8.35361111113,0.001,0.1,0.0001,8.35361111113,0.0048311116638623,0.9725526502899704,0.12450008081797236,0.848052569471998,2026-08-15 12:00:00+00:00,2026-08-15 17:30:00+05:30,2026-08-16 12:00:00+00:00,settlement,True
BTC,1786968000,2026-08-17 12:00:00+00:00,1786881600,63014.4,63000.0,C-BTC-63000-170826,P-BTC-63000-170826,245.33306526,222.58242876,467.91549402,681.84111111114,0.0,681.84111111114,0.001,0.1,0.0001,681.84111111114,0.0074255327991697,-0.4571885732041953,0.09036446234440938,-0.5475530355486047,2026-08-16 12:00:00+00:00,2026-08-16 17:30:00+05:30,2026-08-17 12:00:00+00:00,settlement,False
BTC,1787054400,2026-08-18 12:00:00+00:00,1786968000,63618.4,63600.0,C-BTC-63600-180826,P-BTC-63600-180826,295.68536933,268.20265737,563.8880267,765.359166666596,0.0,765.359166666596,0.001,0.1,0.0001,765.359166666596,0.0088635996299812,-0.3572892674200775,0.08005150274200706,-0.43734077016208456,2026-08-17 12:00:00+00:00,2026-08-17 17:30:00+05:30,2026-08-18 12:00:00+00:00,settlement,False
BTC,1787140800,2026-08-19 12:00:00+00:00,1787054400,64339.8,64400.0,C-BTC-64400-190826,P-BTC-64400-190826,242.17620448,293.60392093,535.78012541,104.01027777786,0.0,104.01027777786,0.001,0.1,0.0001,104.01027777786,0.0083273514280429,0.80587134004221,0.0834806870201856,0.7223906530220243,2026-08-18 12:00:00+00:00,2026-08-18 17:30:00+05:30,2026-08-19 12:00:00+00:00,settlement,True
BTC,1787227200,2026-08-20 12:00:00+00:00,1787140800,64482.4,64400.0,C-BTC-64400-200826,P-BTC-64400-200826,356.28252648,265.39003747,621.67256395,7720.76444444439,0.0,7720.76444444439,0.001,0.1,0.0001,7720.76444444439,0.0096409650377467,-11.41934241940482,0.07575775455589814,-11.495100173960719,2026-08-19 12:00:00+00:00,2026-08-19 17:30:00+05:30,2026-08-20 12:00:00+00:00,settlement,False
BTC,1787313600,2026-08-21 12:00:00+00:00,1787227200,71796.0,71800.0,C-BTC-71800-210826,P-BTC-71800-210826,821.9290495,809.01674451,1630.94579401,5082.50416666668,0.0,5082.50416666668,0.001,0.1,0.0001,5082.50416666668,0.0227163880161847,-2.1162925128065395,0.04757795112778115,-2.1638704639343205,2026-08-20 12:00:00+00:00,2026-08-20 17:30:00+05:30,2026-08-21 12:00:00+00:00,settlement,False
BTC,1787400000,2026-08-22 12:00:00+00:00,1787313600,76658.6,76600.0,C-BTC-76600-220826,P-BTC-76600-220826,1013.09253994,937.8600921,1950.95263204,513.81305555557,0.0,513.81305555557,0.001,0.1,0.0001,513.81305555557,0.0254498860146154,0.736634786966455,0.04534625202364122,0.6912885349428138,2026-08-21 12:00:00+00:00,2026-08-21 17:30:00+05:30,2026-08-22 12:00:00+00:00,settlement,True
BTC,1787486400,2026-08-23 12:00:00+00:00,1787400000,77131.2,77200.0,C-BTC-77200-230826,P-BTC-77200-230826,537.25880925,594.95966157,1132.21847082,66.91916666663,0.0,66.91916666663,0.001,0.1,0.0001,66.91916666663,0.0146791242820026,0.9408955352776004,0.05895450669483717,0.8819410285827632,2026-08-22 12:00:00+00:00,2026-08-22 17:30:00+05:30,2026-08-23 12:00:00+00:00,settlement,True
BTC,1787572800,2026-08-24 12:00:00+00:00,1787486400,77191.9,77200.0,C-BTC-77200-240826,P-BTC-77200-240826,674.43080572,672.32933004,1346.76013576,1059.45111111108,0.0,1059.45111111108,0.001,0.1,0.0001,1059.45111111108,0.017446910048334,0.2133334786352184,0.05385350108944185,0.15947997754577656,2026-08-23 12:00:00+00:00,2026-08-23 17:30:00+05:30,2026-08-24 12:00:00+00:00,settlement,True
