underlying,expiry_ts,expiry,entry_ts,spot_at_entry,strike,call_symbol,put_symbol,call_premium,put_premium,straddle_premium,call_settlement,put_settlement,straddle_payout,contract_value,tick_size,taker_fee,realised_abs_move,premium_frac_of_spot,gross_return_on_premium,cost_frac_of_premium,net_return_on_premium,entry_time_utc,entry_time_ist,exit_time_utc,exit_reason,win
ETH,1707307200,2024-02-07 12:00:00+00:00,1707220800,2328.57,2320.0,C-ETH-2320-070224,P-ETH-2320-070224,24.2623,14.458401,38.720701,40.01,0.0,40.01,0.01,0.01,0.0003,40.01,0.0166285321033939,-0.0332974085360696,0.11195484055931734,-0.14525224909538695,2024-02-06 12:00:00+00:00,2024-02-06 17:30:00+05:30,2024-02-07 12:00:00+00:00,settlement,False
ETH,1707393600,2024-02-08 12:00:00+00:00,1707307200,2362.01,2360.0,C-ETH-2360-080224,P-ETH-2360-080224,18.439273,15.480471,33.919744,61.7903448275865,0.0,61.7903448275865,0.01,0.01,0.0003,61.7903448275865,0.0143605420806855,-0.8216630652515096,0.12540352012090658,-0.9470665853724162,2024-02-07 12:00:00+00:00,2024-02-07 17:30:00+05:30,2024-02-08 12:00:00+00:00,settlement,False
ETH,1707480000,2024-02-09 12:00:00+00:00,1707393600,2429.11,2420.0,C-ETH-2420-090224,P-ETH-2420-090224,25.332984,17.172906,42.50589,64.6186206896546,0.0,64.6186206896546,0.01,0.01,0.0003,64.6186206896546,0.0174985447344912,-0.5202274482349294,0.10772101494639919,-0.6279484631813286,2024-02-08 12:00:00+00:00,2024-02-08 17:30:00+05:30,2024-02-09 12:00:00+00:00,settlement,False
ETH,1707566400,2024-02-10 12:00:00+00:00,1707480000,2504.72,2500.0,C-ETH-2500-100224,P-ETH-2500-100224,29.163417,21.906001,51.069418,0.0,20.0596551724143,20.0596551724143,0.01,0.01,0.0003,20.0596551724143,0.0203892722539844,0.6072080717188847,0.09624828546900611,0.5109597862498786,2024-02-09 12:00:00+00:00,2024-02-09 17:30:00+05:30,2024-02-10 12:00:00+00:00,settlement,True
ETH,1707652800,2024-02-11 12:00:00+00:00,1707566400,2482.92,2480.0,C-ETH-2480-110224,P-ETH-2480-110224,11.98418,7.537371,19.521551,46.6175862068967,0.0,46.6175862068967,0.01,0.01,0.0003,46.6175862068967,0.0078623358787234,-1.3880062709616003,0.20689914888422542,-1.5949054198458257,2024-02-10 12:00:00+00:00,2024-02-10 17:30:00+05:30,2024-02-11 12:00:00+00:00,settlement,False
ETH,1707739200,2024-02-12 12:00:00+00:00,1707652800,2531.67,2540.0,C-ETH-2540-120224,P-ETH-2540-120224,15.377041,22.864191,38.241232,0.0,57.8782758620696,57.8782758620696,0.01,0.01,0.0003,57.8782758620696,0.0151051408753905,-0.5135044776295281,0.12054291916118183,-0.63404739679071,2024-02-11 12:00:00+00:00,2024-02-11 17:30:00+05:30,2024-02-12 12:00:00+00:00,settlement,False
ETH,1707825600,2024-02-13 12:00:00+00:00,1707739200,2488.07,2480.0,C-ETH-2480-130224,P-ETH-2480-130224,24.561785,17.062087,41.623872,197.819310344828,0.0,197.819310344828,0.01,0.01,0.0003,197.819310344828,0.0167293814080793,-3.752544653818559,0.11144150379858941,-3.8639861576171484,2024-02-12 12:00:00+00:00,2024-02-12 17:30:00+05:30,2024-02-13 12:00:00+00:00,settlement,False
ETH,1707912000,2024-02-14 12:00:00+00:00,1707825600,2677.54,2680.0,C-ETH-2680-140224,P-ETH-2680-140224,33.747333,32.435548,66.182881,69.5386206896555,0.0,69.5386206896555,0.01,0.01,0.0003,69.5386206896555,0.0247177935717113,-0.0507040436885107,0.08408666662305014,-0.13479071031156084,2024-02-13 12:00:00+00:00,2024-02-13 17:30:00+05:30,2024-02-14 12:00:00+00:00,settlement,False
ETH,1707998400,2024-02-15 12:00:00+00:00,1707912000,2755.51,2760.0,C-ETH-2760-150224,P-ETH-2760-150224,34.450323,38.097197,72.54751999999999,31.284827586207,0.0,31.284827586207,0.01,0.01,0.0003,31.284827586207,0.0263281642962645,0.5687677871523795,0.08058270904367235,0.48818507810870715,2024-02-14 12:00:00+00:00,2024-02-14 17:30:00+05:30,2024-02-15 12:00:00+00:00,settlement,True
ETH,1708084800,2024-02-16 12:00:00+00:00,1707998400,2801.33,2800.0,C-ETH-2800-160224,P-ETH-2800-160224,34.619805,31.424798,66.044603,26.514137931034,0.0,26.514137931034,0.01,0.01,0.0003,26.514137931034,0.0235761595385049,0.598541943979374,0.08686067263361398,0.51168127134576,2024-02-15 12:00:00+00:00,2024-02-15 17:30:00+05:30,2024-02-16 12:00:00+00:00,settlement,True
ETH,1708171200,2024-02-17 12:00:00+00:00,1708084800,2819.77,2820.0,C-ETH-2820-170224,P-ETH-2820-170224,30.298106,29.738379,60.036485,0.0,37.9582758620686,37.9582758620686,0.01,0.01,0.0003,37.9582758620686,0.0212912702099816,0.3677465317620011,0.09330613073033839,0.27444040103166273,2024-02-16 12:00:00+00:00,2024-02-16 17:30:00+05:30,2024-02-17 12:00:00+00:00,settlement,True
ETH,1708257600,2024-02-18 12:00:00+00:00,1708171200,2779.85,2780.0,C-ETH-2780-180224,P-ETH-2780-180224,14.89821,14.276346,29.174556000000003,23.4851724137925,0.0,23.4851724137925,0.01,0.01,0.0003,23.4851724137925,0.0104950108818821,0.1950118310697685,0.1617212512437207,0.0332905798260478,2024-02-17 12:00:00+00:00,2024-02-17 17:30:00+05:30,2024-02-18 12:00:00+00:00,settlement,True
ETH,1708344000,2024-02-19 12:00:00+00:00,1708257600,2802.49,2800.0,C-ETH-2800-190224,P-ETH-2800-190224,23.117454,20.895621,44.013075,113.103793103448,0.0,113.103793103448,0.01,0.01,0.0003,113.103793103448,0.0157049891346623,-1.5697771197183563,0.11696243105031856,-1.6867395507686749,2024-02-18 12:00:00+00:00,2024-02-18 17:30:00+05:30,2024-02-19 12:00:00+00:00,settlement,False
ETH,1708430400,2024-02-20 12:00:00+00:00,1708344000,2906.67,2900.0,C-ETH-2900-200224,P-ETH-2900-200224,37.508918,27.568831,65.077749,34.147241379311,0.0,34.147241379311,0.01,0.01,0.0003,34.147241379311,0.0223891081546924,0.4752854561808676,0.09004503817733463,0.385240418003533,2024-02-19 12:00:00+00:00,2024-02-19 17:30:00+05:30,2024-02-20 12:00:00+00:00,settlement,True
ETH,1708516800,2024-02-21 12:00:00+00:00,1708430400,2934.49,2940.0,C-ETH-2940-210224,P-ETH-2940-210224,36.142535,37.05208,73.194615,0.0,36.4906896551724,36.4906896551724,0.01,0.01,0.0003,36.4906896551724,0.0249428742302751,0.5014566350929996,0.08356972055936082,0.4178869145336388,2024-02-20 12:00:00+00:00,2024-02-20 17:30:00+05:30,2024-02-21 12:00:00+00:00,settlement,True
ETH,1708603200,2024-02-22 12:00:00+00:00,1708516800,2900.03,2900.0,C-ETH-2900-220224,P-ETH-2900-220224,36.475148,42.968866,79.444014,89.374827586207,0.0,89.374827586207,0.01,0.01,0.0003,89.374827586207,0.0273942041978876,-0.1250039252322649,0.07848976582678716,-0.20349369105905205,2024-02-21 12:00:00+00:00,2024-02-21 17:30:00+05:30,2024-02-22 12:00:00+00:00,settlement,False
ETH,1708689600,2024-02-23 12:00:00+00:00,1708603200,2989.22,2980.0,C-ETH-2980-230224,P-ETH-2980-230224,47.179121,36.982143,84.161264,0.0,37.257931034482,37.257931034482,0.01,0.01,0.0003,37.257931034482,0.0281549246960745,0.5573030957034819,0.07709315529291479,0.48020994041056714,2024-02-22 12:00:00+00:00,2024-02-22 17:30:00+05:30,2024-02-23 12:00:00+00:00,settlement,True
ETH,1708776000,2024-02-24 12:00:00+00:00,1708689600,2938.49,2940.0,C-ETH-2940-240224,P-ETH-2940-240224,35.29833,36.120484,71.418814,22.0241379310346,0.0,22.0241379310346,0.01,0.01,0.0003,22.0241379310346,0.0243045965785148,0.6916199430162113,0.08506058438886985,0.6065593586273414,2024-02-23 12:00:00+00:00,2024-02-23 17:30:00+05:30,2024-02-24 12:00:00+00:00,settlement,True
ETH,1708862400,2024-02-25 12:00:00+00:00,1708776000,2959.44,2960.0,C-ETH-2960-250224,P-ETH-2960-250224,13.898103,14.310843,28.208946,74.848620689655,0.0,74.848620689655,0.01,0.01,0.0003,74.848620689655,0.0095318526477982,-1.653364669833995,0.17535454152735797,-1.8287192113613528,2024-02-24 12:00:00+00:00,2024-02-24 17:30:00+05:30,2024-02-25 12:00:00+00:00,settlement,False
ETH,1708948800,2024-02-26 12:00:00+00:00,1708862400,3043.78,3040.0,C-ETH-3040-260224,P-ETH-3040-260224,30.379369,23.673978,54.053347,16.2410344827576,0.0,16.2410344827576,0.01,0.01,0.0003,16.2410344827576,0.0177586248020553,0.6995369318618216,0.1065359038654905,0.5930010279963311,2024-02-25 12:00:00+00:00,2024-02-25 17:30:00+05:30,2024-02-26 12:00:00+00:00,settlement,True
ETH,1709035200,2024-02-27 12:00:00+00:00,1708948800,3055.45,3060.0,C-ETH-3060-270224,P-ETH-3060-270224,34.447813,39.407585,73.855398,192.71,0.0,192.71,0.01,0.01,0.0003,192.71,0.0241716925493789,-1.609287949406217,0.08538092051714352,-1.6946688699233605,2024-02-26 12:00:00+00:00,2024-02-26 17:30:00+05:30,2024-02-27 12:00:00+00:00,settlement,False
ETH,1709121600,2024-02-28 12:00:00+00:00,1709035200,3252.71,3260.0,C-ETH-3260-280224,P-ETH-3260-280224,38.98023,47.109514,86.089744,61.060344827586,0.0,61.060344827586,0.01,0.01,0.0003,61.060344827586,0.0264670825250329,0.2907361319649643,0.08030041881876196,0.21043571314620232,2024-02-27 12:00:00+00:00,2024-02-27 17:30:00+05:30,2024-02-28 12:00:00+00:00,settlement,True
ETH,1709208000,2024-02-29 12:00:00+00:00,1709121600,3300.93,3300.0,C-ETH-3300-290224,P-ETH-3300-290224,54.452184,48.578662,103.030846,212.89448275862,0.0,212.89448275862,0.01,0.01,0.0003,212.89448275862,0.0312126721863232,-1.066317913750024,0.072166189461358,-1.1384841032113822,2024-02-28 12:00:00+00:00,2024-02-28 17:30:00+05:30,2024-02-29 12:00:00+00:00,settlement,False
ETH,1709294400,2024-03-01 12:00:00+00:00,1709208000,3501.3,3500.0,C-ETH-3500-010324,P-ETH-3500-010324,68.23015,66.986739,135.21688899999998,0.0,90.5189655172417,90.5189655172417,0.01,0.01,0.0003,90.5189655172417,0.0386190526375917,0.3305646492337084,0.0634658398715267,0.26709880936218167,2024-02-29 12:00:00+00:00,2024-02-29 17:30:00+05:30,2024-03-01 12:00:00+00:00,settlement,True
ETH,1709380800,2024-03-02 12:00:00+00:00,1709294400,3412.5,3420.0,C-ETH-3420-020324,P-ETH-3420-020324,43.907964,46.492338,90.400302,0.0,9.118620689654,9.118620689654,0.01,0.01,0.0003,9.118620689654,0.0264909309890109,0.8991306390806748,0.08025225505994438,0.8188783840207304,2024-03-01 12:00:00+00:00,2024-03-01 17:30:00+05:30,2024-03-02 12:00:00+00:00,settlement,True
ETH,1709467200,2024-03-03 12:00:00+00:00,1709380800,3408.83,3400.0,C-ETH-3400-030324,P-ETH-3400-030324,28.436371,19.442866,47.879237,8.9117241379313,0.0,8.9117241379313,0.01,0.01,0.0003,8.9117241379313,0.0140456511471677,0.8138707987779483,0.12761412283157308,0.6862566759463753,2024-03-02 12:00:00+00:00,2024-03-02 17:30:00+05:30,2024-03-03 12:00:00+00:00,settlement,True
ETH,1709553600,2024-03-04 12:00:00+00:00,1709467200,3412.25,3420.0,C-ETH-3420-040324,P-ETH-3420-040324,32.308158,35.972029,68.280187,82.817931034483,0.0,82.817931034483,0.01,0.01,0.0003,82.817931034483,0.0200103119642464,-0.212913067072927,0.09756351445844752,-0.31047658153137453,2024-03-03 12:00:00+00:00,2024-03-03 17:30:00+05:30,2024-03-04 12:00:00+00:00,settlement,False
ETH,1709640000,2024-03-05 12:00:00+00:00,1709553600,3497.91,3500.0,C-ETH-3500-050324,P-ETH-3500-050324,57.20967,53.713391,110.923061,232.816896551724,0.0,232.816896551724,0.01,0.01,0.0003,232.816896551724,0.031711239282886,-1.0989043617514664,0.07145293794948553,-1.170357299700952,2024-03-04 12:00:00+00:00,2024-03-04 17:30:00+05:30,2024-03-05 12:00:00+00:00,settlement,False
ETH,1709726400,2024-03-06 12:00:00+00:00,1709640000,3737.52,3740.0,C-ETH-3740-060324,P-ETH-3740-060324,64.017582,58.961198,122.97878,137.5424137931036,0.0,137.5424137931036,0.01,0.01,0.0003,137.5424137931036,0.0329038453305935,-0.1184239573128275,0.06983448383534134,-0.18825844114816884,2024-03-05 12:00:00+00:00,2024-03-05 17:30:00+05:30,2024-03-06 12:00:00+00:00,settlement,False
ETH,1709812800,2024-03-07 12:00:00+00:00,1709726400,3893.93,3900.0,C-ETH-3900-070324,P-ETH-3900-070324,82.518175,84.092801,166.610976,0.0,118.36551724138,118.36551724138,0.01,0.01,0.0003,118.36551724138,0.0427873577593844,0.2895695104662252,0.05989388740391269,0.2296756230623125,2024-03-06 12:00:00+00:00,2024-03-06 17:30:00+05:30,2024-03-07 12:00:00+00:00,settlement,True
ETH,1709899200,2024-03-08 12:00:00+00:00,1709812800,3794.86,3800.0,C-ETH-3800-080324,P-ETH-3800-080324,63.974081,67.879293,131.853374,143.1841379310354,0.0,143.1841379310354,0.01,0.01,0.0003,143.1841379310354,0.0347452538433565,-0.0859345770782884,0.06755376759035381,-0.1534883446686422,2024-03-07 12:00:00+00:00,2024-03-07 17:30:00+05:30,2024-03-08 12:00:00+00:00,settlement,False
ETH,1709985600,2024-03-09 12:00:00+00:00,1709899200,3945.98,3940.0,C-ETH-3940-090324,P-ETH-3940-090324,60.019602,55.615415,115.635017,0.0,27.627586206897,27.627586206897,0.01,0.01,0.0003,27.627586206897,0.0293045116802416,0.7610794124162492,0.07512020459684804,0.6859592078194012,2024-03-08 12:00:00+00:00,2024-03-08 17:30:00+05:30,2024-03-09 12:00:00+00:00,settlement,True
ETH,1710072000,2024-03-10 12:00:00+00:00,1709985600,3909.64,3900.0,C-ETH-3900-100324,P-ETH-3900-100324,37.531317,26.696894,64.228211,31.4634482758624,0.0,31.4634482758624,0.01,0.01,0.0003,31.4634482758624,0.0164281649972887,0.5101303961920658,0.11299343671272424,0.3971369594793416,2024-03-09 12:00:00+00:00,2024-03-09 17:30:00+05:30,2024-03-10 12:00:00+00:00,settlement,True
ETH,1710158400,2024-03-11 12:00:00+00:00,1710072000,3934.57,3940.0,C-ETH-3940-110324,P-ETH-3940-110324,49.801188,50.471247,100.272435,99.4120689655183,0.0,99.4120689655183,0.01,0.01,0.0003,99.4120689655183,0.0254849792988814,0.0085802846463407,0.08236214048257628,-0.07378185583623559,2024-03-10 12:00:00+00:00,2024-03-10 17:30:00+05:30,2024-03-11 12:00:00+00:00,settlement,True
ETH,1710244800,2024-03-12 12:00:00+00:00,1710158400,4036.46,4040.0,C-ETH-4040-120324,P-ETH-4040-120324,72.312176,71.881396,144.193572,0.0,12.6155172413796,12.6155172413796,0.01,0.01,0.0003,12.6155172413796,0.0357227798615618,0.912509850013428,0.06643857251556261,0.8460712774978654,2024-03-11 12:00:00+00:00,2024-03-11 17:30:00+05:30,2024-03-12 12:00:00+00:00,settlement,True
ETH,1710331200,2024-03-13 12:00:00+00:00,1710244800,4024.94,4020.0,C-ETH-4020-130324,P-ETH-4020-130324,72.134605,62.98562,135.120225,31.086206896552,0.0,31.086206896552,0.01,0.01,0.0003,31.086206896552,0.0335707426694559,0.769936684929647,0.06897958518053088,0.7009570997491161,2024-03-12 12:00:00+00:00,2024-03-12 17:30:00+05:30,2024-03-13 12:00:00+00:00,settlement,True
ETH,1710417600,2024-03-14 12:00:00+00:00,1710331200,4048.78,4040.0,C-ETH-4040-140324,P-ETH-4040-140324,62.07355,49.988332,112.061882,0.0,89.3234482758617,89.3234482758617,0.01,0.01,0.0003,89.3234482758617,0.0276779380455347,0.2029096184922033,0.07795988039536941,0.12494973809683388,2024-03-13 12:00:00+00:00,2024-03-13 17:30:00+05:30,2024-03-14 12:00:00+00:00,settlement,True
ETH,1710504000,2024-03-15 12:00:00+00:00,1710417600,3958.55,3950.0,C-ETH-3950-150324,P-ETH-3950-150324,63.645083,46.258911,109.903994,0.0,278.534827586207,278.534827586207,0.01,0.01,0.0003,278.534827586207,0.0277636998395877,-1.5343467279833976,0.07780184803110976,-1.6121485760145073,2024-03-14 12:00:00+00:00,2024-03-14 17:30:00+05:30,2024-03-15 12:00:00+00:00,settlement,False
ETH,1710590400,2024-03-16 12:00:00+00:00,1710504000,3692.48,3700.0,C-ETH-3700-160324,P-ETH-3700-160324,69.992214,76.957442,146.949656,0.0,10.0479310344826,10.0479310344826,0.01,0.01,0.0003,10.0479310344826,0.0397970079729612,0.9316233102683644,0.06238056427161694,0.8692427459967474,2024-03-15 12:00:00+00:00,2024-03-15 17:30:00+05:30,2024-03-16 12:00:00+00:00,settlement,True
ETH,1710676800,2024-03-17 12:00:00+00:00,1710590400,3686.82,3680.0,C-ETH-3680-170324,P-ETH-3680-170324,36.635801,27.566265,64.202066,0.0,98.2096551724144,98.2096551724144,0.01,0.01,0.0003,98.2096551724144,0.017413941011495,-0.5296961809985118,0.10811416082466878,-0.6378103418231805,2024-03-16 12:00:00+00:00,2024-03-16 17:30:00+05:30,2024-03-17 12:00:00+00:00,settlement,False
ETH,1710763200,2024-03-18 12:00:00+00:00,1710676800,3585.42,3580.0,C-ETH-3580-180324,P-ETH-3580-180324,55.33062,45.590736,100.921356,23.9931034482765,0.0,23.9931034482765,0.01,0.01,0.0003,23.9931034482765,0.028147708218284,0.7622594027742107,0.0771060493955313,0.6851533533786793,2024-03-17 12:00:00+00:00,2024-03-17 17:30:00+05:30,2024-03-18 12:00:00+00:00,settlement,True
ETH,1710849600,2024-03-19 12:00:00+00:00,1710763200,3602.07,3600.0,C-ETH-3600-190324,P-ETH-3600-190324,55.233112,58.147618,113.38073,0.0,341.604137931035,341.604137931035,0.01,0.01,0.0003,341.604137931035,0.0314765482070031,-2.012894148159348,0.07178587299623138,-2.0846800211555796,2024-03-18 12:00:00+00:00,2024-03-18 17:30:00+05:30,2024-03-19 12:00:00+00:00,settlement,False
ETH,1710936000,2024-03-20 12:00:00+00:00,1710849600,3277.54,3280.0,C-ETH-3280-200324,P-ETH-3280-200324,64.713471,72.19689,136.910361,0.1565517241393,0.0,0.1565517241393,0.01,0.01,0.0003,0.1565517241393,0.0417722929392166,0.9988565385191024,0.0606980673639448,0.9381584711551576,2024-03-19 12:00:00+00:00,2024-03-19 17:30:00+05:30,2024-03-20 12:00:00+00:00,settlement,True
ETH,1711022400,2024-03-21 12:00:00+00:00,1710936000,3277.94,3280.0,C-ETH-3280-210324,P-ETH-3280-210324,66.53055,58.405945,124.936495,252.767931034482,0.0,252.767931034482,0.01,0.01,0.0003,252.767931034482,0.0381143324771045,-1.0231713002232212,0.06395137870643802,-1.0871226789296593,2024-03-20 12:00:00+00:00,2024-03-20 17:30:00+05:30,2024-03-21 12:00:00+00:00,settlement,False
ETH,1711108800,2024-03-22 12:00:00+00:00,1711022400,3539.59,3550.0,C-ETH-3550-220324,P-ETH-3550-220324,55.069249,64.639782,119.709031,0.0,124.731379310345,124.731379310345,0.01,0.01,0.0003,124.731379310345,0.0338200274608076,-0.0419546317298734,0.06866868273956707,-0.11062331446944046,2024-03-21 12:00:00+00:00,2024-03-21 17:30:00+05:30,2024-03-22 12:00:00+00:00,settlement,False
ETH,1711195200,2024-03-23 12:00:00+00:00,1711108800,3385.18,3380.0,C-ETH-3380-230324,P-ETH-3380-230324,68.16721,43.94033,112.10754,0.0,20.294827586207,20.294827586207,0.01,0.01,0.0003,20.294827586207,0.0331171577286879,0.8189700033895402,0.06955729250681977,0.7494127108827204,2024-03-22 12:00:00+00:00,2024-03-22 17:30:00+05:30,2024-03-23 12:00:00+00:00,settlement,True
ETH,1711281600,2024-03-24 12:00:00+00:00,1711195200,3361.77,3360.0,C-ETH-3360-240324,P-ETH-3360-240324,31.992888,26.690755,58.683643,18.0158620689663,0.0,18.0158620689663,0.01,0.01,0.0003,18.0158620689663,0.0174561742772408,0.6930002783064048,0.10791743028632357,0.5850828480200811,2024-03-23 12:00:00+00:00,2024-03-23 17:30:00+05:30,2024-03-24 12:00:00+00:00,settlement,True
ETH,1711368000,2024-03-25 12:00:00+00:00,1711281600,3389.83,3380.0,C-ETH-3380-250324,P-ETH-3380-250324,46.817529,34.813449,81.630978,56.293448275862,0.0,56.293448275862,0.01,0.01,0.0003,56.293448275862,0.0240811421221713,0.310391108191035,0.08560119775117724,0.22478991043985774,2024-03-24 12:00:00+00:00,2024-03-24 17:30:00+05:30,2024-03-25 12:00:00+00:00,settlement,True
ETH,1711540800,2024-03-27 12:00:00+00:00,1711454400,3629.07,3620.0,C-ETH-3620-270324,P-ETH-3620-270324,56.031286,44.974286,101.005572,0.0,35.951034482758,35.951034482758,0.01,0.01,0.0003,35.951034482758,0.0278323570501533,0.6440687996622801,0.07767603602700254,0.5663927636352776,2024-03-26 12:00:00+00:00,2024-03-26 17:30:00+05:30,2024-03-27 12:00:00+00:00,settlement,True
ETH,1711627200,2024-03-28 12:00:00+00:00,1711540800,3592.5,3600.0,C-ETH-3600-280324,P-ETH-3600-280324,46.987411,54.61293,101.600341,0.0,20.309655172414,20.309655172414,0.01,0.01,0.0003,20.309655172414,0.0282812361864996,0.8001024900850087,0.07686853274242454,0.7232339573425841,2024-03-27 12:00:00+00:00,2024-03-27 17:30:00+05:30,2024-03-28 12:00:00+00:00,settlement,True
ETH,1711713600,2024-03-29 12:00:00+00:00,1711627200,3590.48,3600.0,C-ETH-3600-290324,P-ETH-3600-290324,50.959857,56.941064,107.900921,0.0,47.7079310344834,47.7079310344834,0.01,0.01,0.0003,47.7079310344834,0.0300519487645105,0.557854274158759,0.07391840856298158,0.4839358655957774,2024-03-28 12:00:00+00:00,2024-03-28 17:30:00+05:30,2024-03-29 12:00:00+00:00,settlement,True
ETH,1711800000,2024-03-30 12:00:00+00:00,1711713600,3553.67,3560.0,C-ETH-3560-300324,P-ETH-3560-300324,42.020913,43.994515,86.015428,0.0,6.502413793103,6.502413793103,0.01,0.01,0.0003,6.502413793103,0.0242046751667993,0.9244040988425588,0.08530109494310718,0.8391030038994516,2024-03-29 12:00:00+00:00,2024-03-29 17:30:00+05:30,2024-03-30 12:00:00+00:00,settlement,True
ETH,1711886400,2024-03-31 12:00:00+00:00,1711800000,3561.55,3560.0,C-ETH-3560-310324,P-ETH-3560-310324,22.376783,25.309011,47.685794,45.327586206896,0.0,45.327586206896,0.01,0.01,0.0003,45.327586206896,0.013389056450141,0.0494530466055362,0.13255801254352606,-0.08310496593798986,2024-03-30 12:00:00+00:00,2024-03-30 17:30:00+05:30,2024-03-31 12:00:00+00:00,settlement,True
ETH,1711972800,2024-04-01 12:00:00+00:00,1711886400,3611.58,3620.0,C-ETH-3620-010424,P-ETH-3620-010424,33.209253,38.330462,71.539715,0.0,79.73172413793,79.73172413793,0.01,0.01,0.0003,79.73172413793,0.0198084259520763,-0.1145099493048022,0.09828473096377303,-0.21279468026857523,2024-03-31 12:00:00+00:00,2024-03-31 17:30:00+05:30,2024-04-01 12:00:00+00:00,settlement,False
ETH,1712059200,2024-04-02 12:00:00+00:00,1711972800,3539.77,3540.0,C-ETH-3540-020424,P-ETH-3540-020424,43.425608,40.39545,83.821058,0.0,241.3686206896546,241.3686206896546,0.01,0.01,0.0003,241.3686206896546,0.0236798034900572,-1.8795701992887588,0.0865977935329807,-1.9661679928217395,2024-04-01 12:00:00+00:00,2024-04-01 17:30:00+05:30,2024-04-02 12:00:00+00:00,settlement,False
ETH,1712145600,2024-04-03 12:00:00+00:00,1712059200,3305.76,3300.0,C-ETH-3300-030424,P-ETH-3300-030424,56.955784,50.780009,107.735793,13.1903448275857,0.0,13.1903448275857,0.01,0.01,0.0003,13.1903448275857,0.0325903250689705,0.8775676638163725,0.07024847733194853,0.807319186484424,2024-04-02 12:00:00+00:00,2024-04-02 17:30:00+05:30,2024-04-03 12:00:00+00:00,settlement,True
ETH,1712232000,2024-04-04 12:00:00+00:00,1712145600,3313.39,3320.0,C-ETH-3320-040424,P-ETH-3320-040424,44.811774,50.648979,95.460753,24.707586206897,0.0,24.707586206897,0.01,0.01,0.0003,24.707586206897,0.0288105997181134,0.7411754524197289,0.0759485777406344,0.6652268746790946,2024-04-03 12:00:00+00:00,2024-04-03 17:30:00+05:30,2024-04-04 12:00:00+00:00,settlement,True
ETH,1712318400,2024-04-05 12:00:00+00:00,1712232000,3340.46,3340.0,C-ETH-3340-050424,P-ETH-3340-050424,43.892568,42.186459,86.079027,0.0,84.092068965517,84.092068965517,0.01,0.01,0.0003,84.092068965517,0.0257686148015542,0.0230829518377687,0.08175056722702036,-0.05866761538925166,2024-04-04 12:00:00+00:00,2024-04-04 17:30:00+05:30,2024-04-05 12:00:00+00:00,settlement,True
ETH,1712404800,2024-04-06 12:00:00+00:00,1712318400,3222.66,3220.0,C-ETH-3220-060424,P-ETH-3220-060424,51.82921876,45.97091502,97.80013378,113.157,0.0,113.157,0.01,0.01,0.0003,113.157,0.0303476425623553,-0.1570229571929322,0.07345930795416955,-0.23048226514710174,2024-04-05 12:00:00+00:00,2024-04-05 17:30:00+05:30,2024-04-06 12:00:00+00:00,settlement,False
ETH,1712491200,2024-04-07 12:00:00+00:00,1712404800,3329.77,3320.0,C-ETH-3320-070424,P-ETH-3320-070424,27.41157513,16.98710021,44.39867534,69.9413793103454,0.0,69.9413793103454,0.01,0.01,0.0003,69.9413793103454,0.0133338564945927,-0.5753032894504686,0.13299583318406275,-0.7082991226345313,2024-04-06 12:00:00+00:00,2024-04-06 17:30:00+05:30,2024-04-07 12:00:00+00:00,settlement,False
ETH,1712577600,2024-04-08 12:00:00+00:00,1712491200,3388.87,3380.0,C-ETH-3380-080424,P-ETH-3380-080424,36.33562662,31.50844821,67.84407483,248.1924137931023,0.0,248.1924137931023,0.01,0.01,0.0003,248.1924137931023,0.0200196746496619,-2.65827693007841,0.0975304201881177,-2.7558073502665277,2024-04-07 12:00:00+00:00,2024-04-07 17:30:00+05:30,2024-04-08 12:00:00+00:00,settlement,False
ETH,1712664000,2024-04-09 12:00:00+00:00,1712577600,3641.97,3640.0,C-ETH-3640-090424,P-ETH-3640-090424,57.74905997,55.42073331,113.16979328,0.0,7.7610344827585,7.7610344827585,0.01,0.01,0.0003,7.7610344827585,0.0310737851437546,0.9314213249152408,0.07236895767442723,0.8590523672408136,2024-04-08 12:00:00+00:00,2024-04-08 17:30:00+05:30,2024-04-09 12:00:00+00:00,settlement,True
ETH,1712750400,2024-04-10 12:00:00+00:00,1712664000,3637.57,3640.0,C-ETH-3640-100424,P-ETH-3640-100424,50.07447087,50.40280647,100.47727734,0.0,120.7527586206897,120.7527586206897,0.01,0.01,0.0003,120.7527586206897,0.0276220876409251,-0.2017917067167388,0.07806332297570594,-0.27985502969244475,2024-04-09 12:00:00+00:00,2024-04-09 17:30:00+05:30,2024-04-10 12:00:00+00:00,settlement,False
ETH,1712836800,2024-04-11 12:00:00+00:00,1712750400,3517.31,3520.0,C-ETH-3520-110424,P-ETH-3520-110424,48.57713444,50.14633194,98.72346638,21.9431034482755,0.0,21.9431034482755,0.01,0.01,0.0003,21.9431034482755,0.0280678889207945,0.7777316351128362,0.07724910944303087,0.7004825256698053,2024-04-10 12:00:00+00:00,2024-04-10 17:30:00+05:30,2024-04-11 12:00:00+00:00,settlement,True
ETH,1712923200,2024-04-12 12:00:00+00:00,1712836800,3528.29,3520.0,C-ETH-3520-120424,P-ETH-3520-120424,50.7674704,37.46617692,88.23364732,15.229655172414,0.0,15.229655172414,0.01,0.01,0.0003,15.229655172414,0.0250074816185744,0.8273940199119267,0.0834230547160838,0.7439709651958429,2024-04-11 12:00:00+00:00,2024-04-11 17:30:00+05:30,2024-04-12 12:00:00+00:00,settlement,True
ETH,1713009600,2024-04-13 12:00:00+00:00,1712923200,3527.29,3520.0,C-ETH-3520-130424,P-ETH-3520-130424,41.71177888,32.32321635,74.03499522999999,0.0,244.5720689655172,244.5720689655172,0.01,0.01,0.0003,244.5720689655172,0.0209891999892268,-2.3034657219294754,0.09426326685756442,-2.3977289887870397,2024-04-12 12:00:00+00:00,2024-04-12 17:30:00+05:30,2024-04-13 12:00:00+00:00,settlement,False
ETH,1713096000,2024-04-14 12:00:00+00:00,1713009600,3271.86,3280.0,C-ETH-3280-140424,P-ETH-3280-140424,24.66461853,32.97129132,57.63590985,0.0,256.45,256.45,0.01,0.01,0.0003,256.45,0.0176156405989253,-3.44948298148537,0.10718311136334045,-3.5566660928487104,2024-04-13 12:00:00+00:00,2024-04-13 17:30:00+05:30,2024-04-14 12:00:00+00:00,settlement,False
ETH,1713182400,2024-04-15 12:00:00+00:00,1713096000,3038.23,3040.0,C-ETH-3040-150424,P-ETH-3040-150424,65.2405987,64.26314913,129.50374783,198.32551724138,0.0,198.32551724138,0.01,0.01,0.0003,198.32551724138,0.0426247347402928,-0.5314268549333611,0.06002014808133139,-0.5914470030146924,2024-04-14 12:00:00+00:00,2024-04-14 17:30:00+05:30,2024-04-15 12:00:00+00:00,settlement,False
ETH,1713268800,2024-04-16 12:00:00+00:00,1713182400,3239.27,3240.0,C-ETH-3240-160424,P-ETH-3240-160424,59.13997217,57.01968177,116.15965394,0.0,171.071724137931,171.071724137931,0.01,0.01,0.0003,171.071724137931,0.0358598245715855,-0.4727292853876335,0.06628708664687676,-0.5390163720345102,2024-04-15 12:00:00+00:00,2024-04-15 17:30:00+05:30,2024-04-16 12:00:00+00:00,settlement,False
ETH,1713355200,2024-04-17 12:00:00+00:00,1713268800,3079.95,3080.0,C-ETH-3080-170424,P-ETH-3080-170424,65.27511873,63.87554056,129.15065929,0.0,24.028620689655,24.028620689655,0.01,0.01,0.0003,24.028620689655,0.0419327129628727,0.8139489119006339,0.06056838510910864,0.7533805267915252,2024-04-16 12:00:00+00:00,2024-04-16 17:30:00+05:30,2024-04-17 12:00:00+00:00,settlement,True
ETH,1713441600,2024-04-18 12:00:00+00:00,1713355200,3045.82,3040.0,C-ETH-3040-180424,P-ETH-3040-180424,49.32450884,42.03936069,91.36386953,11.5234482758615,0.0,11.5234482758615,0.01,0.01,0.0003,11.5234482758615,0.0299964769848513,0.8738730273231511,0.07400554352816496,0.7998674837949862,2024-04-17 12:00:00+00:00,2024-04-17 17:30:00+05:30,2024-04-18 12:00:00+00:00,settlement,True
ETH,1713528000,2024-04-19 12:00:00+00:00,1713441600,3045.63,3050.0,C-ETH-3050-190424,P-ETH-3050-190424,45.84556467,50.09132275,95.93688742,55.12724137931,0.0,55.12724137931,0.01,0.01,0.0003,55.12724137931,0.0314998497585064,0.4253801341503852,0.07175259535698619,0.35362753879339903,2024-04-18 12:00:00+00:00,2024-04-18 17:30:00+05:30,2024-04-19 12:00:00+00:00,settlement,True
ETH,1713614400,2024-04-20 12:00:00+00:00,1713528000,3103.54,3100.0,C-ETH-3100-200424,P-ETH-3100-200424,51.37871744,49.06234335,100.44106079,0.0,49.9034482758616,49.9034482758616,0.01,0.01,0.0003,49.9034482758616,0.0323633852922791,0.5031568973549707,0.07055314841793797,0.43260374893703274,2024-04-19 12:00:00+00:00,2024-04-19 17:30:00+05:30,2024-04-20 12:00:00+00:00,settlement,True
ETH,1713700800,2024-04-21 12:00:00+00:00,1713614400,3051.3,3060.0,C-ETH-3060-210424,P-ETH-3060-210424,20.60463441,28.42689519,49.0315296,107.4724137931044,0.0,107.4724137931044,0.01,0.01,0.0003,107.4724137931044,0.0160690622357683,-1.1919041618702508,0.1149196412848601,-1.306823803155111,2024-04-20 12:00:00+00:00,2024-04-20 17:30:00+05:30,2024-04-21 12:00:00+00:00,settlement,False
ETH,1713787200,2024-04-22 12:00:00+00:00,1713700800,3169.05,3160.0,C-ETH-3160-220424,P-ETH-3160-220424,41.48702584,28.40189939,69.88892523,35.856551724138,0.0,35.856551724138,0.01,0.01,0.0003,35.856551724138,0.0220535886874615,0.4869494471958701,0.09100723720149273,0.39594220999437735,2024-04-21 12:00:00+00:00,2024-04-21 17:30:00+05:30,2024-04-22 12:00:00+00:00,settlement,True
ETH,1713873600,2024-04-23 12:00:00+00:00,1713787200,3196.74,3200.0,C-ETH-3200-230424,P-ETH-3200-230424,43.7758688,45.32996992,89.10583872000001,0.0,27.761724137932,27.761724137932,0.01,0.01,0.0003,27.761724137932,0.0278739712081683,0.6884410209619539,0.07760008117340123,0.6108409397885527,2024-04-22 12:00:00+00:00,2024-04-22 17:30:00+05:30,2024-04-23 12:00:00+00:00,settlement,True
ETH,1713960000,2024-04-24 12:00:00+00:00,1713873600,3182.62,3180.0,C-ETH-3180-240424,P-ETH-3180-240424,43.1053159,36.71420106,79.81951696,99.5668965517248,0.0,99.5668965517248,0.01,0.01,0.0003,99.5668965517248,0.0250798137886395,-0.2474003895766596,0.08325974933998147,-0.3306601389166411,2024-04-23 12:00:00+00:00,2024-04-23 17:30:00+05:30,2024-04-24 12:00:00+00:00,settlement,False
ETH,1714046400,2024-04-25 12:00:00+00:00,1713960000,3283.32,3280.0,C-ETH-3280-250424,P-ETH-3280-250424,42.51792152,38.11588112,80.63380264,0.0,169.3141379310346,169.3141379310346,0.01,0.01,0.0003,169.3141379310346,0.024558618300988,-1.0997910601706258,0.08445796685487932,-1.184249027025505,2024-04-24 12:00:00+00:00,2024-04-24 17:30:00+05:30,2024-04-25 12:00:00+00:00,settlement,False
ETH,1714132800,2024-04-26 12:00:00+00:00,1714046400,3106.68,3100.0,C-ETH-3100-260424,P-ETH-3100-260424,48.44086626,41.90658769,90.34745395,29.486896551724,0.0,29.486896551724,0.01,0.01,0.0003,29.486896551724,0.0290816736677095,0.6736278083935535,0.0754904576462611,0.5981373507472925,2024-04-25 12:00:00+00:00,2024-04-25 17:30:00+05:30,2024-04-26 12:00:00+00:00,settlement,True
ETH,1714219200,2024-04-27 12:00:00+00:00,1714132800,3132.7,3140.0,C-ETH-3140-270424,P-ETH-3140-270424,33.4505284,36.93006071,70.38058911,0.0,15.3979310344826,15.3979310344826,0.01,0.01,0.0003,15.3979310344826,0.0224664312286526,0.7812190658078083,0.08982736672276201,0.6913916990850463,2024-04-26 12:00:00+00:00,2024-04-26 17:30:00+05:30,2024-04-27 12:00:00+00:00,settlement,True
ETH,1714305600,2024-04-28 12:00:00+00:00,1714219200,3127.21,3120.0,C-ETH-3120-280424,P-ETH-3120-280424,25.72340558,14.98534205,40.708747630000005,163.205172413792,0.0,163.205172413792,0.01,0.01,0.0003,163.205172413792,0.0130175931996891,-3.0090934237809663,0.1355758680332559,-3.144669291814222,2024-04-27 12:00:00+00:00,2024-04-27 17:30:00+05:30,2024-04-28 12:00:00+00:00,settlement,False
ETH,1714392000,2024-04-29 12:00:00+00:00,1714305600,3291.71,3300.0,C-ETH-3300-290424,P-ETH-3300-290424,31.13239808,37.7332858,68.86568388,0.0,139.881034482759,139.881034482759,0.01,0.01,0.0003,139.881034482759,0.0209209450042683,-1.0312153543193563,0.09448336706162684,-1.125698721380983,2024-04-28 12:00:00+00:00,2024-04-28 17:30:00+05:30,2024-04-29 12:00:00+00:00,settlement,False
ETH,1714478400,2024-04-30 12:00:00+00:00,1714392000,3164.89,3160.0,C-ETH-3160-300424,P-ETH-3160-300424,41.61946739,35.84166795,77.46113534,0.0,144.683793103449,144.683793103449,0.01,0.01,0.0003,144.683793103449,0.0244751430033903,-0.867824328527961,0.08465461599974529,-0.9524789445277063,2024-04-29 12:00:00+00:00,2024-04-29 17:30:00+05:30,2024-04-30 12:00:00+00:00,settlement,False
ETH,1714564800,2024-05-01 12:00:00+00:00,1714478400,3011.55,3020.0,C-ETH-3020-010524,P-ETH-3020-010524,39.82392548,52.67568945,92.49961493,0.0,130.1093103448275,130.1093103448275,0.01,0.01,0.0003,130.1093103448275,0.0307149524098885,-0.4065929943955874,0.07290132488905053,-0.4794943192846379,2024-04-30 12:00:00+00:00,2024-04-30 17:30:00+05:30,2024-05-01 12:00:00+00:00,settlement,False
ETH,1714651200,2024-05-02 12:00:00+00:00,1714564800,2901.22,2900.0,C-ETH-2900-020524,P-ETH-2900-020524,49.56249239,48.34969303,97.91218542,88.1,0.0,88.1,0.01,0.01,0.0003,88.1,0.0337486248612652,0.1002141396181697,0.0687572650980871,0.0314568745200826,2024-05-01 12:00:00+00:00,2024-05-01 17:30:00+05:30,2024-05-02 12:00:00+00:00,settlement,True
ETH,1714737600,2024-05-03 12:00:00+00:00,1714651200,2991.76,3000.0,C-ETH-3000-030524,P-ETH-3000-030524,37.5153451,41.57950878,79.09485387999999,0.0,23.96275862069,23.96275862069,0.01,0.01,0.0003,23.96275862069,0.0264375664759205,0.697037702894736,0.08036014901332542,0.6166775538814105,2024-05-02 12:00:00+00:00,2024-05-02 17:30:00+05:30,2024-05-03 12:00:00+00:00,settlement,True
ETH,1714824000,2024-05-04 12:00:00+00:00,1714737600,2978.83,2980.0,C-ETH-2980-040524,P-ETH-2980-040524,32.26980101,34.14013447,66.40993548,161.907586206896,0.0,161.907586206896,0.01,0.01,0.0003,161.907586206896,0.0222939662484935,-1.4380024620812355,0.09031494320108621,-1.5283174052823216,2024-05-03 12:00:00+00:00,2024-05-03 17:30:00+05:30,2024-05-04 12:00:00+00:00,settlement,False
ETH,1714910400,2024-05-05 12:00:00+00:00,1714824000,3133.61,3140.0,C-ETH-3140-050524,P-ETH-3140-050524,26.18799643,33.10451176,59.29250819,0.0,2.8062068965514,2.8062068965514,0.01,0.01,0.0003,2.8062068965514,0.0189214701861431,0.952671813316464,0.10163562250025301,0.851036190816211,2024-05-04 12:00:00+00:00,2024-05-04 17:30:00+05:30,2024-05-05 12:00:00+00:00,settlement,True
ETH,1714996800,2024-05-06 12:00:00+00:00,1714910400,3140.56,3140.0,C-ETH-3140-060524,P-ETH-3140-060524,32.19484476,33.19640303,65.39124779,8.333793103449,0.0,8.333793103449,0.01,0.01,0.0003,8.333793103449,0.0208215247567312,0.8725549154496567,0.09480654690489124,0.7777483685447655,2024-05-05 12:00:00+00:00,2024-05-05 17:30:00+05:30,2024-05-06 12:00:00+00:00,settlement,True
ETH,1715083200,2024-05-07 12:00:00+00:00,1714996800,3152.2,3160.0,C-ETH-3160-070524,P-ETH-3160-070524,37.96376066,44.19869584,82.16245649999999,0.0,82.7420689655173,82.7420689655173,0.01,0.01,0.0003,82.7420689655173,0.026065115316287,-0.007054468551793,0.08112548380536796,-0.08817995235716096,2024-05-06 12:00:00+00:00,2024-05-06 17:30:00+05:30,2024-05-07 12:00:00+00:00,settlement,False
ETH,1715169600,2024-05-08 12:00:00+00:00,1715083200,3067.45,3060.0,C-ETH-3060-080524,P-ETH-3060-080524,42.71340506,31.889472,74.60287706,0.0,67.444137931035,67.444137931035,0.01,0.01,0.0003,67.444137931035,0.024320812746744,0.0959579497612071,0.0850217385062334,0.010936211254973696,2024-05-07 12:00:00+00:00,2024-05-07 17:30:00+05:30,2024-05-08 12:00:00+00:00,settlement,True
ETH,1715256000,2024-05-09 12:00:00+00:00,1715169600,2997.71,3000.0,C-ETH-3000-090524,P-ETH-3000-090524,31.6176306,33.10314377,64.72077437,0.0,23.0934482758616,23.0934482758616,0.01,0.01,0.0003,23.0934482758616,0.0215900718782003,0.6431833750344293,0.09238570105687072,0.5507976739775586,2024-05-08 12:00:00+00:00,2024-05-08 17:30:00+05:30,2024-05-09 12:00:00+00:00,settlement,True
ETH,1715342400,2024-05-10 12:00:00+00:00,1715256000,2981.02,2980.0,C-ETH-2980-100524,P-ETH-2980-100524,34.35048841,35.62854656,69.97903496999999,50.5975862068967,0.0,50.5975862068967,0.01,0.01,0.0003,50.5975862068967,0.0234748626208478,0.2769607893480113,0.087119841818476,0.18984094752953534,2024-05-09 12:00:00+00:00,2024-05-09 17:30:00+05:30,2024-05-10 12:00:00+00:00,settlement,True
ETH,1715428800,2024-05-11 12:00:00+00:00,1715342400,3043.35,3040.0,C-ETH-3040-110524,P-ETH-3040-110524,31.99735769,27.53108894,59.528446630000005,0.0,134.53827586207,134.53827586207,0.01,0.01,0.0003,134.53827586207,0.0195601710713522,-1.260066967617932,0.09919200489784388,-1.3592589725157758,2024-05-10 12:00:00+00:00,2024-05-10 17:30:00+05:30,2024-05-11 12:00:00+00:00,settlement,False
ETH,1715515200,2024-05-12 12:00:00+00:00,1715428800,2905.48,2900.0,C-ETH-2900-120524,P-ETH-2900-120524,25.05508841,17.90858943,42.96367784,27.713448275862,0.0,27.713448275862,0.01,0.01,0.0003,27.713448275862,0.0147871187686716,0.3549563336018628,0.12255901987072526,0.23239731373113753,2024-05-11 12:00:00+00:00,2024-05-11 17:30:00+05:30,2024-05-12 12:00:00+00:00,settlement,True
ETH,1715601600,2024-05-13 12:00:00+00:00,1715515200,2929.37,2920.0,C-ETH-2920-130524,P-ETH-2920-130524,33.49259898,23.06630287,56.55890185,43.5396551724143,0.0,43.5396551724143,0.01,0.01,0.0003,43.5396551724143,0.0193075309196175,0.2301891700817331,0.1001392584424798,0.13004991163925328,2024-05-12 12:00:00+00:00,2024-05-12 17:30:00+05:30,2024-05-13 12:00:00+00:00,settlement,True
ETH,1715688000,2024-05-14 12:00:00+00:00,1715601600,2968.04,2960.0,C-ETH-2960-140524,P-ETH-2960-140524,39.61130766,30.93791442,70.54922207999999,0.0,51.0537931034482,51.0537931034482,0.01,0.01,0.0003,51.0537931034482,0.0237696331855365,0.2763379722946449,0.08637180697519606,0.18996616531944885,2024-05-13 12:00:00+00:00,2024-05-13 17:30:00+05:30,2024-05-14 12:00:00+00:00,settlement,True
ETH,1715774400,2024-05-15 12:00:00+00:00,1715688000,2906.4,2900.0,C-ETH-2900-150524,P-ETH-2900-150524,36.25377916,28.73324596,64.98702512,0.0,4.519655172414,4.519655172414,0.01,0.01,0.0003,4.519655172414,0.0223599728598954,0.930452960970773,0.09012744716965743,0.8403255138011156,2024-05-14 12:00:00+00:00,2024-05-14 17:30:00+05:30,2024-05-15 12:00:00+00:00,settlement,True
ETH,1715860800,2024-05-16 12:00:00+00:00,1715774400,2897.9,2900.0,C-ETH-2900-160524,P-ETH-2900-160524,43.79380472,43.13661718,86.9304219,100.161724137931,0.0,100.161724137931,0.01,0.01,0.0003,100.161724137931,0.0299977300458953,-0.1522056599834701,0.07400357166470856,-0.22620923164817866,2024-05-15 12:00:00+00:00,2024-05-15 17:30:00+05:30,2024-05-16 12:00:00+00:00,settlement,False
ETH,1715947200,2024-05-17 12:00:00+00:00,1715860800,3004.25,3000.0,C-ETH-3000-170524,P-ETH-3000-170524,31.96638773,30.84028322,62.80667095,32.6575862068976,0.0,32.6575862068976,0.01,0.01,0.0003,32.6575862068976,0.0209059402346675,0.4800299759097867,0.0945319452799305,0.3854980306298562,2024-05-16 12:00:00+00:00,2024-05-16 17:30:00+05:30,2024-05-17 12:00:00+00:00,settlement,True
ETH,1716033600,2024-05-18 12:00:00+00:00,1715947200,3029.53,3020.0,C-ETH-3020-180524,P-ETH-3020-180524,37.66236933,26.30048487,63.9628542,118.5451724137924,0.0,118.5451724137924,0.01,0.01,0.0003,118.5451724137924,0.0211131278449132,-0.8533440056180671,0.0938672773073344,-0.9472112829254016,2024-05-17 12:00:00+00:00,2024-05-17 17:30:00+05:30,2024-05-18 12:00:00+00:00,settlement,False
ETH,1716120000,2024-05-19 12:00:00+00:00,1716033600,3132.14,3140.0,C-ETH-3140-190524,P-ETH-3140-190524,18.93580672,24.1547565,43.09056322,0.0,42.63724137931,42.63724137931,0.01,0.01,0.0003,42.63724137931,0.013757546987044,0.0105202115455199,0.12972532537475612,-0.11920511382923622,2024-05-18 12:00:00+00:00,2024-05-18 17:30:00+05:30,2024-05-19 12:00:00+00:00,settlement,True
ETH,1716206400,2024-05-20 12:00:00+00:00,1716120000,3099.27,3100.0,C-ETH-3100-200524,P-ETH-3100-200524,26.99595948,25.69658722,52.6925467,0.0,1.1420689655174,1.1420689655174,0.01,0.01,0.0003,1.1420689655174,0.017001599312096,0.9783257967769206,0.11008628230830984,0.8682395144686107,2024-05-19 12:00:00+00:00,2024-05-19 17:30:00+05:30,2024-05-20 12:00:00+00:00,settlement,True
ETH,1716292800,2024-05-21 12:00:00+00:00,1716206400,3095.98,3100.0,C-ETH-3100-210524,P-ETH-3100-210524,30.38041123,33.69686954,64.07728077,691.489310344827,0.0,691.489310344827,0.01,0.01,0.0003,691.489310344827,0.020696929815438,-9.791489620585956,0.09521594442397871,-9.886705565009935,2024-05-20 12:00:00+00:00,2024-05-20 17:30:00+05:30,2024-05-21 12:00:00+00:00,settlement,False
ETH,1716379200,2024-05-22 12:00:00+00:00,1716292800,3770.09,3780.0,C-ETH-3780-220524,P-ETH-3780-220524,79.72371869,78.60749867,158.33121735999998,0.0,53.934482758621,53.934482758621,0.01,0.01,0.0003,53.934482758621,0.0419966678142962,0.6593566091518808,0.06051696074225145,0.5988396484096293,2024-05-21 12:00:00+00:00,2024-05-21 17:30:00+05:30,2024-05-22 12:00:00+00:00,settlement,True
ETH,1716465600,2024-05-23 12:00:00+00:00,1716379200,3706.7,3700.0,C-ETH-3700-230524,P-ETH-3700-230524,68.39835425,60.24807481,128.64642906,183.8151724137924,0.0,183.8151724137924,0.01,0.01,0.0003,183.8151724137924,0.0347064583214179,-0.4288400677492726,0.06759932290660038,-0.49643939065587295,2024-05-22 12:00:00+00:00,2024-05-22 17:30:00+05:30,2024-05-23 12:00:00+00:00,settlement,False
ETH,1716552000,2024-05-24 12:00:00+00:00,1716465600,3913.91,3920.0,C-ETH-3920-240524,P-ETH-3920-240524,117.17550199,127.23479347,244.41029546,0.0,216.051379310345,216.051379310345,0.01,0.01,0.0003,216.051379310345,0.0624465803914755,0.1160299573153463,0.049475380959584064,0.06655457635576223,2024-05-23 12:00:00+00:00,2024-05-23 17:30:00+05:30,2024-05-24 12:00:00+00:00,settlement,True
ETH,1716638400,2024-05-25 12:00:00+00:00,1716552000,3708.59,3700.0,C-ETH-3700-250524,P-ETH-3700-250524,55.45403969,48.65373554,104.10777523,52.313103448275,0.0,52.313103448275,0.01,0.01,0.0003,52.313103448275,0.0280720638382781,0.4975101203276861,0.07724160657932061,0.4202685137483655,2024-05-24 12:00:00+00:00,2024-05-24 17:30:00+05:30,2024-05-25 12:00:00+00:00,settlement,True
ETH,1716724800,2024-05-26 12:00:00+00:00,1716638400,3728.89,3720.0,C-ETH-3720-260524,P-ETH-3720-260524,24.93332739,19.60473282,44.53806021,89.5868965517234,0.0,89.5868965517234,0.01,0.01,0.0003,89.5868965517234,0.0119440531123202,-1.0114683066418937,0.14535272131529592,-1.1568210279571896,2024-05-25 12:00:00+00:00,2024-05-25 17:30:00+05:30,2024-05-26 12:00:00+00:00,settlement,False
ETH,1716811200,2024-05-27 12:00:00+00:00,1716724800,3805.68,3800.0,C-ETH-3800-270524,P-ETH-3800-270524,36.30264163,27.16660039,63.46924202,97.986896551725,0.0,97.986896551725,0.01,0.01,0.0003,97.986896551725,0.016677503631414,-0.5438485388063723,0.11170479338483204,-0.6555533321912044,2024-05-26 12:00:00+00:00,2024-05-26 17:30:00+05:30,2024-05-27 12:00:00+00:00,settlement,False
ETH,1716897600,2024-05-28 12:00:00+00:00,1716811200,3901.55,3900.0,C-ETH-3900-280524,P-ETH-3900-280524,43.10315188,41.49852913,84.60168101,0.9486206896545,0.0,0.9486206896545,0.01,0.01,0.0003,0.9486206896545,0.0216841206725532,0.9887872122831416,0.09210124146524923,0.8966859708178924,2024-05-27 12:00:00+00:00,2024-05-27 17:30:00+05:30,2024-05-28 12:00:00+00:00,settlement,True
ETH,1716984000,2024-05-29 12:00:00+00:00,1716897600,3896.0,3900.0,C-ETH-3900-290524,P-ETH-3900-290524,46.62264401,48.783179,95.40582301,0.0,81.9044827586213,81.9044827586213,0.01,0.01,0.0003,81.9044827586213,0.0244881475898357,0.1415148449582952,0.08462389193814471,0.056890953020150486,2024-05-28 12:00:00+00:00,2024-05-28 17:30:00+05:30,2024-05-29 12:00:00+00:00,settlement,True
ETH,1717070400,2024-05-30 12:00:00+00:00,1716984000,3812.25,3820.0,C-ETH-3820-300524,P-ETH-3820-300524,42.64572237,47.8348171,90.48053947,0.0,76.7975862068956,76.7975862068956,0.01,0.01,0.0003,76.7975862068956,0.0237341568548757,0.1512253722541205,0.08646085117993606,0.06476452107418444,2024-05-29 12:00:00+00:00,2024-05-29 17:30:00+05:30,2024-05-30 12:00:00+00:00,settlement,True
ETH,1717156800,2024-05-31 12:00:00+00:00,1717070400,3742.9,3750.0,C-ETH-3750-310524,P-ETH-3750-310524,40.71662065,50.53576677,91.25238742,56.3027586206895,0.0,56.3027586206895,0.01,0.01,0.0003,56.3027586206895,0.0243801296908814,0.3829996100644541,0.08488008480486504,0.29811952525958907,2024-05-30 12:00:00+00:00,2024-05-30 17:30:00+05:30,2024-05-31 12:00:00+00:00,settlement,True
ETH,1717243200,2024-06-01 12:00:00+00:00,1717156800,3810.38,3820.0,C-ETH-3820-010624,P-ETH-3820-010624,45.05076549,53.19946168,98.25022717,0.0,29.434827586206,29.434827586206,0.01,0.01,0.0003,29.434827586206,0.0257848894782147,0.7004095722315672,0.0817158840178995,0.6186936882136677,2024-05-31 12:00:00+00:00,2024-05-31 17:30:00+05:30,2024-06-01 12:00:00+00:00,settlement,True
ETH,1717329600,2024-06-02 12:00:00+00:00,1717243200,3789.16,3780.0,C-ETH-3780-020624,P-ETH-3780-020624,27.12342779,14.93159116,42.05501895,13.703103448276,0.0,13.703103448276,0.01,0.01,0.0003,13.703103448276,0.0110987709545123,0.6741624712006937,0.15438169402750915,0.5197807771731846,2024-06-01 12:00:00+00:00,2024-06-01 17:30:00+05:30,2024-06-02 12:00:00+00:00,settlement,True
ETH,1717416000,2024-06-03 12:00:00+00:00,1717329600,3800.47,3800.0,C-ETH-3800-030624,P-ETH-3800-030624,34.20074665,34.41421764,68.61496428999999,10.999655172414,0.0,10.999655172414,0.01,0.01,0.0003,10.999655172414,0.0180543365136417,0.8396901421397795,0.10522991067160402,0.7344602314681755,2024-06-02 12:00:00+00:00,2024-06-02 17:30:00+05:30,2024-06-03 12:00:00+00:00,settlement,True
ETH,1717502400,2024-06-04 12:00:00+00:00,1717416000,3812.51,3820.0,C-ETH-3820-040624,P-ETH-3820-040624,31.6892119,37.75721662,69.44642852,0.0,56.173103448276,56.173103448276,0.01,0.01,0.0003,56.173103448276,0.0182154088828619,0.1911304203052196,0.10453638292205729,0.0865940373831623,2024-06-03 12:00:00+00:00,2024-06-03 17:30:00+05:30,2024-06-04 12:00:00+00:00,settlement,True
ETH,1717588800,2024-06-05 12:00:00+00:00,1717502400,3765.03,3760.0,C-ETH-3760-050624,P-ETH-3760-050624,35.59298242,30.21586089,65.80884331,44.672413793104,0.0,44.672413793104,0.01,0.01,0.0003,44.672413793104,0.0174789691742164,0.3211791676284365,0.10781164238499666,0.21336752524343985,2024-06-04 12:00:00+00:00,2024-06-04 17:30:00+05:30,2024-06-05 12:00:00+00:00,settlement,True
ETH,1717675200,2024-06-06 12:00:00+00:00,1717588800,3803.53,3800.0,C-ETH-3800-060624,P-ETH-3800-060624,38.78281663,34.0583181,72.84113473,51.663103448276,0.0,51.663103448276,0.01,0.01,0.0003,51.663103448276,0.0191509294602645,0.2907427425482118,0.10073897006085261,0.1900037724873592,2024-06-05 12:00:00+00:00,2024-06-05 17:30:00+05:30,2024-06-06 12:00:00+00:00,settlement,True
ETH,1717761600,2024-06-07 12:00:00+00:00,1717675200,3848.51,3850.0,C-ETH-3850-070624,P-ETH-3850-070624,39.97472724,38.89824668,78.87297391999999,0.0,22.4103448275855,22.4103448275855,0.01,0.01,0.0003,22.4103448275855,0.0204944183385258,0.7158678858703099,0.0958919828321341,0.6199759030381758,2024-06-06 12:00:00+00:00,2024-06-06 17:30:00+05:30,2024-06-07 12:00:00+00:00,settlement,True
ETH,1717848000,2024-06-08 12:00:00+00:00,1717761600,3840.96,3840.0,C-ETH-3840-080624,P-ETH-3840-080624,44.51692972,43.1874232,87.70435291999999,0.0,155.4296551724137,155.4296551724137,0.01,0.01,0.0003,155.4296551724137,0.0228339667478963,-0.7722000105763248,0.08881287825429864,-0.8610128888306234,2024-06-07 12:00:00+00:00,2024-06-07 17:30:00+05:30,2024-06-08 12:00:00+00:00,settlement,False
ETH,1717934400,2024-06-09 12:00:00+00:00,1717848000,3681.54,3680.0,C-ETH-3680-090624,P-ETH-3680-090624,19.72452331,20.08218706,39.80671037,11.764827586207,0.0,11.764827586207,0.01,0.01,0.0003,11.764827586207,0.0108125160584972,0.704451147134392,0.15775934307419634,0.5466918040601957,2024-06-08 12:00:00+00:00,2024-06-08 17:30:00+05:30,2024-06-09 12:00:00+00:00,settlement,True
ETH,1718020800,2024-06-10 12:00:00+00:00,1717934400,3693.94,3700.0,C-ETH-3700-100624,P-ETH-3700-100624,19.19363653,23.96063961,43.15427614,0.0,24.167931034483,24.167931034483,0.01,0.01,0.0003,24.167931034483,0.0116824518373335,0.4399643975934617,0.14800743314129422,0.29195696445216746,2024-06-09 12:00:00+00:00,2024-06-09 17:30:00+05:30,2024-06-10 12:00:00+00:00,settlement,True
ETH,1718107200,2024-06-11 12:00:00+00:00,1718020800,3671.8,3680.0,C-ETH-3680-110624,P-ETH-3680-110624,30.27713653,36.50322383,66.78036036,0.0,147.1448275862062,147.1448275862062,0.01,0.01,0.0003,147.1448275862062,0.0181873632441854,-1.2034146984678862,0.10465625552141,-1.3080709539892963,2024-06-10 12:00:00+00:00,2024-06-10 17:30:00+05:30,2024-06-11 12:00:00+00:00,settlement,False
ETH,1718193600,2024-06-12 12:00:00+00:00,1718107200,3530.01,3540.0,C-ETH-3540-120624,P-ETH-3540-120624,39.35616892,50.63325256,89.98942148,1.170344827587,0.0,1.170344827587,0.01,0.01,0.0003,1.170344827587,0.0254926817431112,0.986994639943906,0.08234535275138874,0.9046492871925172,2024-06-11 12:00:00+00:00,2024-06-11 17:30:00+05:30,2024-06-12 12:00:00+00:00,settlement,True
ETH,1718280000,2024-06-13 12:00:00+00:00,1718193600,3535.56,3540.0,C-ETH-3540-130624,P-ETH-3540-130624,53.3891813,56.1549863,109.5441676,0.0,39.2896551724134,39.2896551724134,0.01,0.01,0.0003,39.2896551724134,0.0309835408252158,0.6413350337748753,0.07250168425835936,0.568833349516516,2024-06-12 12:00:00+00:00,2024-06-12 17:30:00+05:30,2024-06-13 12:00:00+00:00,settlement,True
ETH,1718366400,2024-06-14 12:00:00+00:00,1718280000,3501.36,3500.0,C-ETH-3500-140624,P-ETH-3500-140624,41.56585929,41.62274155,83.18860083999999,18.2479310344825,0.0,18.2479310344825,0.01,0.01,0.0003,18.2479310344825,0.0237589396234605,0.7806438520395421,0.08639861940142231,0.6942452326381198,2024-06-13 12:00:00+00:00,2024-06-13 17:30:00+05:30,2024-06-14 12:00:00+00:00,settlement,True
ETH,1718452800,2024-06-15 12:00:00+00:00,1718366400,3514.91,3520.0,C-ETH-3520-150624,P-ETH-3520-150624,34.56140976,37.99930513,72.56071489,18.2741379310355,0.0,18.2741379310355,0.01,0.01,0.0003,18.2741379310355,0.0206436907033181,0.7481538328455202,0.09539238594251948,0.6527614469030008,2024-06-14 12:00:00+00:00,2024-06-14 17:30:00+05:30,2024-06-15 12:00:00+00:00,settlement,True
ETH,1718539200,2024-06-16 12:00:00+00:00,1718452800,3538.63,3540.0,C-ETH-3540-160624,P-ETH-3540-160624,24.46297723,23.61265502,48.07563225,19.181724137931,0.0,19.181724137931,0.01,0.01,0.0003,19.181724137931,0.0135859449137095,0.6010094253532984,0.13102536003153653,0.46998406532176185,2024-06-15 12:00:00+00:00,2024-06-15 17:30:00+05:30,2024-06-16 12:00:00+00:00,settlement,True
ETH,1718625600,2024-06-17 12:00:00+00:00,1718539200,3557.52,3560.0,C-ETH-3560-170624,P-ETH-3560-170624,28.46980477,30.33043228,58.80023705,0.0,33.2875862068963,33.2875862068963,0.01,0.01,0.0003,33.2875862068963,0.0165284347101351,0.4338868705819902,0.1124705444183239,0.32141632616366633,2024-06-16 12:00:00+00:00,2024-06-16 17:30:00+05:30,2024-06-17 12:00:00+00:00,settlement,True
ETH,1718712000,2024-06-18 12:00:00+00:00,1718625600,3527.64,3520.0,C-ETH-3520-180624,P-ETH-3520-180624,41.40516177,35.215091,76.62025277000001,0.0,111.1820689655174,111.1820689655174,0.01,0.01,0.0003,111.1820689655174,0.0217199750456395,-0.4510793810517129,0.09199344506725252,-0.5430728261189655,2024-06-17 12:00:00+00:00,2024-06-17 17:30:00+05:30,2024-06-18 12:00:00+00:00,settlement,False
ETH,1718798400,2024-06-19 12:00:00+00:00,1718712000,3405.11,3400.0,C-ETH-3400-190624,P-ETH-3400-190624,44.01040293,34.07309648,78.08349941,131.0468965517243,0.0,131.0468965517243,0.01,0.01,0.0003,131.0468965517243,0.0229312707695199,-0.678291797139171,0.08854973965603931,-0.7668415367952103,2024-06-18 12:00:00+00:00,2024-06-18 17:30:00+05:30,2024-06-19 12:00:00+00:00,settlement,False
ETH,1718884800,2024-06-20 12:00:00+00:00,1718798400,3541.77,3540.0,C-ETH-3540-200624,P-ETH-3540-200624,42.79342155,39.69581283,82.48923438,65.22,0.0,65.22,0.01,0.01,0.0003,65.22,0.023290398410964,0.2093513718462518,0.08759758598433484,0.12175378586191696,2024-06-19 12:00:00+00:00,2024-06-19 17:30:00+05:30,2024-06-20 12:00:00+00:00,settlement,True
ETH,1718971200,2024-06-21 12:00:00+00:00,1718884800,3598.35,3600.0,C-ETH-3600-210624,P-ETH-3600-210624,45.01935671,47.30292324,92.32227995,0.0,97.6962068965513,97.6962068965513,0.01,0.01,0.0003,97.6962068965513,0.0256568371475815,-0.058208343094015,0.08198996717541528,-0.14019831026943028,2024-06-20 12:00:00+00:00,2024-06-20 17:30:00+05:30,2024-06-21 12:00:00+00:00,settlement,False
ETH,1719057600,2024-06-22 12:00:00+00:00,1718971200,3508.25,3500.0,C-ETH-3500-220624,P-ETH-3500-220624,46.4143935,35.66831038,82.08270388,0.0,5.652068965518,5.652068965518,0.01,0.01,0.0003,5.652068965518,0.0233970509171239,0.9311417789820742,0.08732044785540269,0.8438213311266715,2024-06-21 12:00:00+00:00,2024-06-21 17:30:00+05:30,2024-06-22 12:00:00+00:00,settlement,True
ETH,1719144000,2024-06-23 12:00:00+00:00,1719057600,3490.52,3500.0,C-ETH-3500-230624,P-ETH-3500-230624,13.52680171,23.60669904,37.13350075,0.0,4.0555172413783,4.0555172413783,0.01,0.01,0.0003,4.0555172413783,0.0106383864725026,0.8907854858963627,0.1599028914638488,0.7308825944325139,2024-06-22 12:00:00+00:00,2024-06-22 17:30:00+05:30,2024-06-23 12:00:00+00:00,settlement,True
ETH,1719230400,2024-06-24 12:00:00+00:00,1719144000,3498.72,3500.0,C-ETH-3500-240624,P-ETH-3500-240624,26.39145927,26.80965621,53.20111548,0.0,184.261379310344,184.261379310344,0.01,0.01,0.0003,184.261379310344,0.0152058797160104,-2.463487140220091,0.11992187301528362,-2.5834090132353746,2024-06-23 12:00:00+00:00,2024-06-23 17:30:00+05:30,2024-06-24 12:00:00+00:00,settlement,False
ETH,1719316800,2024-06-25 12:00:00+00:00,1719230400,3317.65,3320.0,C-ETH-3320-250624,P-ETH-3320-250624,45.18529978,46.54725155,91.73255133,56.3293103448277,0.0,56.3293103448277,0.01,0.01,0.0003,56.3293103448277,0.0276498579807996,0.3859397833361483,0.07801183627718031,0.307927947058968,2024-06-24 12:00:00+00:00,2024-06-24 17:30:00+05:30,2024-06-25 12:00:00+00:00,settlement,True
ETH,1719403200,2024-06-26 12:00:00+00:00,1719316800,3375.78,3380.0,C-ETH-3380-260624,P-ETH-3380-260624,36.33375259,36.74609369,73.07984628,0.0,2.061724137931,2.061724137931,0.01,0.01,0.0003,2.061724137931,0.0216482846275527,0.971788061375613,0.09220933955560587,0.8795787218200072,2024-06-25 12:00:00+00:00,2024-06-25 17:30:00+05:30,2024-06-26 12:00:00+00:00,settlement,True
ETH,1719489600,2024-06-27 12:00:00+00:00,1719403200,3384.53,3380.0,C-ETH-3380-270624,P-ETH-3380-270624,38.73398082,31.66899902,70.40297984,25.2762068965512,0.0,25.2762068965512,0.01,0.01,0.0003,25.2762068965512,0.020801405169994,0.640978166634499,0.09487232436597956,0.5461058422685194,2024-06-26 12:00:00+00:00,2024-06-26 17:30:00+05:30,2024-06-27 12:00:00+00:00,settlement,True
ETH,1719576000,2024-06-28 12:00:00+00:00,1719489600,3414.9,3420.0,C-ETH-3420-280624,P-ETH-3420-280624,35.68902273,42.27034108,77.95936381,35.5179310344824,0.0,35.5179310344824,0.01,0.01,0.0003,35.5179310344824,0.0228291791296963,0.5444045551597171,0.08882588327663778,0.4555786718830793,2024-06-27 12:00:00+00:00,2024-06-27 17:30:00+05:30,2024-06-28 12:00:00+00:00,settlement,True
ETH,1719662400,2024-06-29 12:00:00+00:00,1719576000,3453.24,3460.0,C-ETH-3460-290624,P-ETH-3460-290624,32.06202617,35.9230111,67.98503726999999,0.0,56.350689655173,56.350689655173,0.01,0.01,0.0003,56.350689655173,0.0196873189439482,0.1711310029679269,0.09872447097705328,0.07240653199087363,2024-06-28 12:00:00+00:00,2024-06-28 17:30:00+05:30,2024-06-29 12:00:00+00:00,settlement,True
ETH,1719748800,2024-06-30 12:00:00+00:00,1719662400,3401.27,3400.0,C-ETH-3400-300624,P-ETH-3400-300624,17.59515424,17.66505186,35.2602061,0.0,8.543103448275,8.543103448275,0.01,0.01,0.0003,8.543103448275,0.0103667765569919,0.757712605988568,0.16339019196714222,0.5943224140214258,2024-06-29 12:00:00+00:00,2024-06-29 17:30:00+05:30,2024-06-30 12:00:00+00:00,settlement,True
ETH,1719835200,2024-07-01 12:00:00+00:00,1719748800,3391.75,3400.0,C-ETH-3400-010724,P-ETH-3400-010724,18.52041632,25.70861537,44.22903169,60.7920689655166,0.0,60.7920689655166,0.01,0.01,0.0003,60.7920689655166,0.0130401803464288,-0.3744833798670169,0.1353874552638211,-0.509870835130838,2024-06-30 12:00:00+00:00,2024-06-30 17:30:00+05:30,2024-07-01 12:00:00+00:00,settlement,False
ETH,1719921600,2024-07-02 12:00:00+00:00,1719835200,3463.74,3460.0,C-ETH-3460-020724,P-ETH-3460-020724,34.68918238,27.41105704,62.10023942,0.0,7.2968965517243,7.2968965517243,0.01,0.01,0.0003,7.2968965517243,0.0179286665338622,0.8824980930850604,0.10577966071963978,0.7767184323654207,2024-07-01 12:00:00+00:00,2024-07-01 17:30:00+05:30,2024-07-02 12:00:00+00:00,settlement,True
ETH,1720008000,2024-07-03 12:00:00+00:00,1719921600,3450.6,3460.0,C-ETH-3460-030724,P-ETH-3460-030724,26.12053383,34.90638815,61.02692198,0.0,157.7279310344825,157.7279310344825,0.01,0.01,0.0003,157.7279310344825,0.0176858870863038,-1.5845631062004697,0.10686383808118778,-1.6914269442816574,2024-07-02 12:00:00+00:00,2024-07-02 17:30:00+05:30,2024-07-03 12:00:00+00:00,settlement,False
ETH,1720094400,2024-07-04 12:00:00+00:00,1720008000,3302.15,3300.0,C-ETH-3300-040724,P-ETH-3300-040724,35.21805959,32.28577151,67.5038311,0.0,141.7544827586203,141.7544827586203,0.01,0.01,0.0003,141.7544827586203,0.0204423878685099,-1.099947224456425,0.09606783745167316,-1.1960150619080983,2024-07-03 12:00:00+00:00,2024-07-03 17:30:00+05:30,2024-07-04 12:00:00+00:00,settlement,False
ETH,1720180800,2024-07-05 12:00:00+00:00,1720094400,3157.12,3160.0,C-ETH-3160-050724,P-ETH-3160-050724,34.23486238,39.11402551,73.34888789,0.0,214.6103448275862,214.6103448275862,0.01,0.01,0.0003,214.6103448275862,0.0232328476237837,-1.9258840999666345,0.08774818951726031,-2.013632289483895,2024-07-04 12:00:00+00:00,2024-07-04 17:30:00+05:30,2024-07-05 12:00:00+00:00,settlement,False
ETH,1720267200,2024-07-06 12:00:00+00:00,1720180800,2940.0,2940.0,C-ETH-2940-060724,P-ETH-2940-060724,46.61661953,48.75877587,95.3753954,67.064827586207,0.0,67.064827586207,0.01,0.01,0.0003,67.064827586207,0.0324406106802721,0.2968330321993401,0.07044899335452716,0.22638403884481295,2024-07-05 12:00:00+00:00,2024-07-05 17:30:00+05:30,2024-07-06 12:00:00+00:00,settlement,True
ETH,1720353600,2024-07-07 12:00:00+00:00,1720267200,3006.28,3000.0,C-ETH-3000-070724,P-ETH-3000-070724,24.65852431,18.43218806,43.090712370000006,13.726206896551,0.0,13.726206896551,0.01,0.01,0.0003,13.726206896551,0.0143335658588022,0.6814578793989199,0.12558909504786167,0.5558687843510582,2024-07-06 12:00:00+00:00,2024-07-06 17:30:00+05:30,2024-07-07 12:00:00+00:00,settlement,True
ETH,1720440000,2024-07-08 12:00:00+00:00,1720353600,3014.38,3020.0,C-ETH-3020-080724,P-ETH-3020-080724,25.83136557,30.18299482,56.01436039,29.3403448275867,0.0,29.3403448275867,0.01,0.01,0.0003,29.3403448275867,0.0185823819126984,0.4761995919741912,0.10300121073027574,0.37319838124391547,2024-07-07 12:00:00+00:00,2024-07-07 17:30:00+05:30,2024-07-08 12:00:00+00:00,settlement,True
ETH,1720526400,2024-07-09 12:00:00+00:00,1720440000,3049.34,3040.0,C-ETH-3040-090724,P-ETH-3040-090724,48.17746578,38.27570764,86.45317342,48.238275862069,0.0,48.238275862069,0.01,0.01,0.0003,48.238275862069,0.0283514378258901,0.442030015165301,0.07674455691086418,0.3652854582544368,2024-07-08 12:00:00+00:00,2024-07-08 17:30:00+05:30,2024-07-09 12:00:00+00:00,settlement,True
ETH,1720612800,2024-07-10 12:00:00+00:00,1720526400,3081.67,3080.0,C-ETH-3080-100724,P-ETH-3080-100724,43.50181103,42.91140474,86.41321577,19.408275862069,0.0,19.408275862069,0.01,0.01,0.0003,19.408275862069,0.0280410348187833,0.775401532171576,0.07729742312118562,0.6981041090503904,2024-07-09 12:00:00+00:00,2024-07-09 17:30:00+05:30,2024-07-10 12:00:00+00:00,settlement,True
ETH,1720699200,2024-07-11 12:00:00+00:00,1720612800,3102.46,3100.0,C-ETH-3100-110724,P-ETH-3100-110724,39.35122377,35.69565138,75.04687515,45.429655172413,0.0,45.429655172413,0.01,0.01,0.0003,45.429655172413,0.0241894738852394,0.3946496095725446,0.08533785852134843,0.3093117510511961,2024-07-10 12:00:00+00:00,2024-07-10 17:30:00+05:30,2024-07-11 12:00:00+00:00,settlement,True
ETH,1720785600,2024-07-12 12:00:00+00:00,1720699200,3141.3,3140.0,C-ETH-3140-120724,P-ETH-3140-120724,44.19057802,43.83370022,88.02427824,0.0,71.281034482759,71.281034482759,0.01,0.01,0.0003,71.281034482759,0.0280216083277623,0.1902116562840788,0.07733243138071767,0.11287922490336112,2024-07-11 12:00:00+00:00,2024-07-11 17:30:00+05:30,2024-07-12 12:00:00+00:00,settlement,True
ETH,1720872000,2024-07-13 12:00:00+00:00,1720785600,3071.62,3080.0,C-ETH-3080-130724,P-ETH-3080-130724,27.98150044,36.65350918,64.63500962,78.0227586206893,0.0,78.0227586206893,0.01,0.01,0.0003,78.0227586206893,0.0210426451253735,-0.2071284444668316,0.09409192036283322,-0.3012203648296648,2024-07-12 12:00:00+00:00,2024-07-12 17:30:00+05:30,2024-07-13 12:00:00+00:00,settlement,False
ETH,1720958400,2024-07-14 12:00:00+00:00,1720872000,3155.18,3160.0,C-ETH-3160-140724,P-ETH-3160-140724,15.68502279,18.74349721,34.42852,43.3744827586206,0.0,43.3744827586206,0.01,0.01,0.0003,43.3744827586206,0.0109117451302302,-0.2598416300968093,0.15656842687399863,-0.4164100569708079,2024-07-13 12:00:00+00:00,2024-07-13 17:30:00+05:30,2024-07-14 12:00:00+00:00,settlement,False
ETH,1721044800,2024-07-15 12:00:00+00:00,1720958400,3202.76,3200.0,C-ETH-3200-150724,P-ETH-3200-150724,33.64138755,29.19361846,62.83500601,139.284827586206,0.0,139.284827586206,0.01,0.01,0.0003,139.284827586206,0.0196190179751214,-1.2166756467571476,0.09897486633610333,-1.315650513093251,2024-07-14 12:00:00+00:00,2024-07-14 17:30:00+05:30,2024-07-15 12:00:00+00:00,settlement,False
ETH,1721131200,2024-07-16 12:00:00+00:00,1721044800,3341.34,3340.0,C-ETH-3340-160724,P-ETH-3340-160724,40.28729163,37.02428151,77.31157314000001,76.1141379310343,0.0,76.1141379310343,0.01,0.01,0.0003,76.1141379310343,0.0231378947188852,0.0154884341416429,0.08799830767681104,-0.07250987353516813,2024-07-15 12:00:00+00:00,2024-07-15 17:30:00+05:30,2024-07-16 12:00:00+00:00,settlement,True
ETH,1721217600,2024-07-17 12:00:00+00:00,1721131200,3415.83,3420.0,C-ETH-3420-170724,P-ETH-3420-170724,38.47275927,42.8335851,81.30634437,30.5472413793095,0.0,30.5472413793095,0.01,0.01,0.0003,30.5472413793095,0.0238028076250867,0.6242944924408548,0.08628878058013716,0.5380057118607177,2024-07-16 12:00:00+00:00,2024-07-16 17:30:00+05:30,2024-07-17 12:00:00+00:00,settlement,True
ETH,1721304000,2024-07-18 12:00:00+00:00,1721217600,3455.56,3460.0,C-ETH-3460-180724,P-ETH-3460-180724,36.4777511,42.49276378,78.97051488,0.0,9.3610344827584,9.3610344827584,0.01,0.01,0.0003,9.3610344827584,0.0228531742698723,0.8814616506302004,0.08876075797954833,0.7927008926506521,2024-07-17 12:00:00+00:00,2024-07-17 17:30:00+05:30,2024-07-18 12:00:00+00:00,settlement,True
ETH,1721390400,2024-07-19 12:00:00+00:00,1721304000,3462.1,3460.0,C-ETH-3460-190724,P-ETH-3460-190724,37.33492515,35.76945595,73.1043811,0.0,59.902413793104,59.902413793104,0.01,0.01,0.0003,59.902413793104,0.0211156180064122,0.1805906446131721,0.09385936807390602,0.08673127653926607,2024-07-18 12:00:00+00:00,2024-07-18 17:30:00+05:30,2024-07-19 12:00:00+00:00,settlement,True
ETH,1721476800,2024-07-20 12:00:00+00:00,1721390400,3406.32,3400.0,C-ETH-3400-200724,P-ETH-3400-200724,39.28436478,31.49449475,70.77885953,88.136206896553,0.0,88.136206896553,0.01,0.01,0.0003,88.136206896553,0.0207786877128396,-0.2452334988415007,0.09494674822438466,-0.34018024706588534,2024-07-19 12:00:00+00:00,2024-07-19 17:30:00+05:30,2024-07-20 12:00:00+00:00,settlement,False
ETH,1721563200,2024-07-21 12:00:00+00:00,1721476800,3488.98,3480.0,C-ETH-3480-210724,P-ETH-3480-210724,24.89064094,14.96653075,39.85717169,15.5679310344826,0.0,15.5679310344826,0.01,0.01,0.0003,15.5679310344826,0.0114237317754759,0.6094070307957018,0.15075249011709285,0.45865454067860895,2024-07-20 12:00:00+00:00,2024-07-20 17:30:00+05:30,2024-07-21 12:00:00+00:00,settlement,True
ETH,1721649600,2024-07-22 12:00:00+00:00,1721563200,3500.08,3500.0,C-ETH-3500-220724,P-ETH-3500-220724,28.76532705,26.91899079,55.68431784,0.0,2.8958620689655,2.8958620689655,0.01,0.01,0.0003,2.8958620689655,0.0159094414527667,0.9479950158088262,0.11580375316153824,0.8321912626472879,2024-07-21 12:00:00+00:00,2024-07-21 17:30:00+05:30,2024-07-22 12:00:00+00:00,settlement,True
ETH,1721736000,2024-07-23 12:00:00+00:00,1721649600,3496.76,3500.0,C-ETH-3500-230724,P-ETH-3500-230724,37.8644222,41.09172863,78.95615083,16.582413793103,0.0,16.582413793103,0.01,0.01,0.0003,16.582413793103,0.0225798026830551,0.7899794554472838,0.08951091115701491,0.7004685442902688,2024-07-22 12:00:00+00:00,2024-07-22 17:30:00+05:30,2024-07-23 12:00:00+00:00,settlement,True
ETH,1721822400,2024-07-24 12:00:00+00:00,1721736000,3517.02,3520.0,C-ETH-3520-240724,P-ETH-3520-240724,55.61990172,57.15275666,112.77265838,0.0,57.704827586207,57.704827586207,0.01,0.01,0.0003,57.704827586207,0.0320648328357529,0.4883083504889618,0.07096052961364978,0.417347820875312,2024-07-23 12:00:00+00:00,2024-07-23 17:30:00+05:30,2024-07-24 12:00:00+00:00,settlement,True
ETH,1721908800,2024-07-25 12:00:00+00:00,1721822400,3463.52,3460.0,C-ETH-3460-250724,P-ETH-3460-250724,37.1800635,32.3953825,69.575446,0.0,284.32448275862,284.32448275862,0.01,0.01,0.0003,284.32448275862,0.0200880739825379,-3.086563566672932,0.09728958507574641,-3.1838531517486786,2024-07-24 12:00:00+00:00,2024-07-24 17:30:00+05:30,2024-07-25 12:00:00+00:00,settlement,False
ETH,1721995200,2024-07-26 12:00:00+00:00,1721908800,3176.6,3200.0,C-ETH-3200-260724,P-ETH-3200-260724,28.06787532,52.71497249,80.78284780999999,44.9396551724135,0.0,44.9396551724135,0.01,0.01,0.0003,44.9396551724135,0.0254306012119876,0.4436980573139625,0.08248094864121874,0.36121710867274376,2024-07-25 12:00:00+00:00,2024-07-25 17:30:00+05:30,2024-07-26 12:00:00+00:00,settlement,True
ETH,1722081600,2024-07-27 12:00:00+00:00,1721995200,3248.74,3240.0,C-ETH-3240-270724,P-ETH-3240-270724,41.8502002,33.96163023,75.81183043,35.9248275862074,0.0,35.9248275862074,0.01,0.01,0.0003,35.9248275862074,0.0233357641516403,0.5261316422193739,0.08747939283233053,0.4386522493870434,2024-07-26 12:00:00+00:00,2024-07-26 17:30:00+05:30,2024-07-27 12:00:00+00:00,settlement,True
ETH,1722168000,2024-07-28 12:00:00+00:00,1722081600,3284.74,3280.0,C-ETH-3280-280724,P-ETH-3280-280724,44.18829337,36.95469541,81.14298878,0.0,19.923103448277,19.923103448277,0.01,0.01,0.0003,19.923103448277,0.0247030172190188,0.7544691938536577,0.08412093320607902,0.6703482606475787,2024-07-27 12:00:00+00:00,2024-07-27 17:30:00+05:30,2024-07-28 12:00:00+00:00,settlement,True
ETH,1722254400,2024-07-29 12:00:00+00:00,1722168000,3255.63,3260.0,C-ETH-3260-290724,P-ETH-3260-290724,27.15644459,29.85482383,57.01126842,119.355862068966,0.0,119.355862068966,0.01,0.01,0.0003,119.355862068966,0.0175115932768772,-1.0935486155065974,0.10766071767494276,-1.20120933318154,2024-07-28 12:00:00+00:00,2024-07-28 17:30:00+05:30,2024-07-29 12:00:00+00:00,settlement,False
ETH,1722340800,2024-07-30 12:00:00+00:00,1722254400,3375.36,3380.0,C-ETH-3380-300724,P-ETH-3380-300724,32.76667881,37.94772949,70.7144083,0.0,42.5103448275863,42.5103448275863,0.01,0.01,0.0003,42.5103448275863,0.0209501825879313,0.3988446506228307,0.09438890974132635,0.30445574088150434,2024-07-29 12:00:00+00:00,2024-07-29 17:30:00+05:30,2024-07-30 12:00:00+00:00,settlement,True
ETH,1722427200,2024-07-31 12:00:00+00:00,1722340800,3332.05,3340.0,C-ETH-3340-310724,P-ETH-3340-310724,31.17486364,32.72979672,63.90466036000001,0.0,20.8137931034476,20.8137931034476,0.01,0.01,0.0003,20.8137931034476,0.0191787819390465,0.6742992923177223,0.10063159183415774,0.5736677004835646,2024-07-30 12:00:00+00:00,2024-07-30 17:30:00+05:30,2024-07-31 12:00:00+00:00,settlement,True
ETH,1722513600,2024-08-01 12:00:00+00:00,1722427200,3319.79,3320.0,C-ETH-3320-010824,P-ETH-3320-010824,36.93131898,35.65121301,72.58253199,0.0,129.967241379311,129.967241379311,0.01,0.01,0.0003,129.967241379311,0.0218635913687311,-0.7906132207845423,0.09156520605050884,-0.8821784268350512,2024-07-31 12:00:00+00:00,2024-07-31 17:30:00+05:30,2024-08-01 12:00:00+00:00,settlement,False
ETH,1722600000,2024-08-02 12:00:00+00:00,1722513600,3191.51,3200.0,C-ETH-3200-020824,P-ETH-3200-020824,32.0794459,39.12990348,71.20934938,0.0,44.224827586206,44.224827586206,0.01,0.01,0.0003,44.224827586206,0.0223121185207002,0.3789463325917275,0.09026326991254978,0.2886830626791777,2024-08-01 12:00:00+00:00,2024-08-01 17:30:00+05:30,2024-08-02 12:00:00+00:00,settlement,True
ETH,1722686400,2024-08-03 12:00:00+00:00,1722600000,3154.16,3160.0,C-ETH-3160-030824,P-ETH-3160-030824,31.15245329,35.01075122,66.16320451,0.0,161.782413793103,161.782413793103,0.01,0.01,0.0003,161.782413793103,0.0209764896232277,-1.4452022085576428,0.0943041451374224,-1.5395063536950653,2024-08-02 12:00:00+00:00,2024-08-02 17:30:00+05:30,2024-08-03 12:00:00+00:00,settlement,False
ETH,1722772800,2024-08-04 12:00:00+00:00,1722686400,2995.29,3000.0,C-ETH-3000-040824,P-ETH-3000-040824,21.20040168,22.14895939,43.34936107,0.0,84.550000000001,84.550000000001,0.01,0.01,0.0003,84.550000000001,0.014472508862247,-0.9504324380576392,0.12464067251074706,-1.0750731105683862,2024-08-03 12:00:00+00:00,2024-08-03 17:30:00+05:30,2024-08-04 12:00:00+00:00,settlement,False
ETH,1722859200,2024-08-05 12:00:00+00:00,1722772800,2917.32,2920.0,C-ETH-2920-050824,P-ETH-2920-050824,31.38928918,32.12502038,63.51430956,0.0,663.0475862068965,663.0475862068965,0.01,0.01,0.0003,663.0475862068965,0.0217714578997161,-9.439341792427673,0.09183928246433418,-9.531181074892007,2024-08-04 12:00:00+00:00,2024-08-04 17:30:00+05:30,2024-08-05 12:00:00+00:00,settlement,False
ETH,1722945600,2024-08-06 12:00:00+00:00,1722859200,2293.09,2300.0,C-ETH-2300-060824,P-ETH-2300-060824,68.28308912,63.77679374,132.05988286000002,159.697586206897,0.0,159.697586206897,0.01,0.01,0.0003,159.697586206897,0.0575903618523477,-0.209281598229164,0.05138744752516737,-0.26066904575433136,2024-08-05 12:00:00+00:00,2024-08-05 17:30:00+05:30,2024-08-06 12:00:00+00:00,settlement,False
ETH,1723032000,2024-08-07 12:00:00+00:00,1722945600,2456.2,2460.0,C-ETH-2460-070824,P-ETH-2460-070824,51.85383547,49.18418871,101.03802418,19.073793103448,0.0,19.073793103448,0.01,0.01,0.0003,19.073793103448,0.041135910829737,0.8112216340506828,0.06122247835135764,0.7499991556993252,2024-08-06 12:00:00+00:00,2024-08-06 17:30:00+05:30,2024-08-07 12:00:00+00:00,settlement,True
ETH,1723118400,2024-08-08 12:00:00+00:00,1723032000,2473.66,2480.0,C-ETH-2480-080824,P-ETH-2480-080824,43.19385704,47.81172533,91.00558237,0.0,30.5117241379307,30.5117241379307,0.01,0.01,0.0003,30.5117241379307,0.0367898508161994,0.664726895391102,0.06528887583356277,0.5994380195575392,2024-08-07 12:00:00+00:00,2024-08-07 17:30:00+05:30,2024-08-08 12:00:00+00:00,settlement,True
ETH,1723204800,2024-08-09 12:00:00+00:00,1723118400,2451.08,2450.0,C-ETH-2450-090824,P-ETH-2450-090824,42.6669687,41.35314773,84.02011643,181.9506896551725,0.0,181.9506896551725,0.01,0.01,0.0003,181.9506896551725,0.0342788144124222,-1.1655610273613677,0.06810831314535944,-1.2336693405067272,2024-08-08 12:00:00+00:00,2024-08-08 17:30:00+05:30,2024-08-09 12:00:00+00:00,settlement,False
ETH,1723291200,2024-08-10 12:00:00+00:00,1723204800,2634.78,2640.0,C-ETH-2640-100824,P-ETH-2640-100824,40.80702953,48.96621907,89.7732486,0.0,3.6382758620693,3.6382758620693,0.01,0.01,0.0003,3.6382758620693,0.0340723888142463,0.9594726054943132,0.0683585771728439,0.8911140283214694,2024-08-09 12:00:00+00:00,2024-08-09 17:30:00+05:30,2024-08-10 12:00:00+00:00,settlement,True
ETH,1723377600,2024-08-11 12:00:00+00:00,1723291200,2633.59,2640.0,C-ETH-2640-110824,P-ETH-2640-110824,19.08734237,25.29405057,44.38139294,15.122068965517,0.0,15.122068965517,0.01,0.01,0.0003,15.122068965517,0.0168520509798412,0.6592700687434304,0.11082538075002563,0.5484446879934048,2024-08-10 12:00:00+00:00,2024-08-10 17:30:00+05:30,2024-08-11 12:00:00+00:00,settlement,True
ETH,1723464000,2024-08-12 12:00:00+00:00,1723377600,2651.59,2660.0,C-ETH-2660-120824,P-ETH-2660-120824,29.80255212,38.33209566,68.13464778,10.332068965517,0.0,10.332068965517,0.01,0.01,0.0003,10.332068965517,0.0256957703792818,0.8483580776864332,0.0819063454840685,0.7664517322023647,2024-08-11 12:00:00+00:00,2024-08-11 17:30:00+05:30,2024-08-12 12:00:00+00:00,settlement,True
ETH,1723550400,2024-08-13 12:00:00+00:00,1723464000,2670.74,2680.0,C-ETH-2680-130824,P-ETH-2680-130824,36.80955117,48.9587948,85.76834597,0.0,38.54448275862,38.54448275862,0.01,0.01,0.0003,38.54448275862,0.0321140754884414,0.5505978071198661,0.0708928153298279,0.47970499179003817,2024-08-12 12:00:00+00:00,2024-08-12 17:30:00+05:30,2024-08-13 12:00:00+00:00,settlement,True
ETH,1723636800,2024-08-14 12:00:00+00:00,1723550400,2648.7,2640.0,C-ETH-2640-140824,P-ETH-2640-140824,46.88805491,37.70785318,84.59590809,109.579655172414,0.0,109.579655172414,0.01,0.01,0.0003,109.579655172414,0.0319386522029674,-0.2953304438299103,0.07113499544694113,-0.36646543927685143,2024-08-13 12:00:00+00:00,2024-08-13 17:30:00+05:30,2024-08-14 12:00:00+00:00,settlement,False
ETH,1723723200,2024-08-15 12:00:00+00:00,1723636800,2744.82,2740.0,C-ETH-2740-150824,P-ETH-2740-150824,49.09772835,43.75377226,92.85150061,0.0,102.8099999999995,102.8099999999995,0.01,0.01,0.0003,102.8099999999995,0.033827901505381,-0.1072518949567412,0.06865893706042495,-0.17591083201716615,2024-08-14 12:00:00+00:00,2024-08-14 17:30:00+05:30,2024-08-15 12:00:00+00:00,settlement,False
ETH,1723809600,2024-08-16 12:00:00+00:00,1723723200,2635.2,2640.0,C-ETH-2640-160824,P-ETH-2640-160824,34.47810784,38.81815809,73.29626593,0.0,25.791724137931,25.791724137931,0.01,0.01,0.0003,25.791724137931,0.0278143085648148,0.6481168063518704,0.07770904908530582,0.5704077572665646,2024-08-15 12:00:00+00:00,2024-08-15 17:30:00+05:30,2024-08-16 12:00:00+00:00,settlement,True
ETH,1723896000,2024-08-17 12:00:00+00:00,1723809600,2614.09,2620.0,C-ETH-2620-170824,P-ETH-2620-170824,30.50531316,35.61074871,66.11606187000001,0.0,20.953103448276,20.953103448276,0.01,0.01,0.0003,20.953103448276,0.0252921903492228,0.6830860330206174,0.08278566120405258,0.6003003718165648,2024-08-16 12:00:00+00:00,2024-08-16 17:30:00+05:30,2024-08-17 12:00:00+00:00,settlement,True
ETH,1723982400,2024-08-18 12:00:00+00:00,1723896000,2599.81,2600.0,C-ETH-2600-180824,P-ETH-2600-180824,14.29618851,14.28321064,28.57939915,46.12724137931,0.0,46.12724137931,0.01,0.01,0.0003,46.12724137931,0.0109928799219943,-0.6140031894026016,0.15561064926097298,-0.7696138386635746,2024-08-17 12:00:00+00:00,2024-08-17 17:30:00+05:30,2024-08-18 12:00:00+00:00,settlement,False
ETH,1724068800,2024-08-19 12:00:00+00:00,1723982400,2650.31,2660.0,C-ETH-2660-190824,P-ETH-2660-190824,21.07741289,30.10580706,51.18321995,0.0,82.0082758620692,82.0082758620692,0.01,0.01,0.0003,82.0082758620692,0.0193121634638966,-0.6022492516528202,0.1001216660394966,-0.7023709176923167,2024-08-18 12:00:00+00:00,2024-08-18 17:30:00+05:30,2024-08-19 12:00:00+00:00,settlement,False
ETH,1724155200,2024-08-20 12:00:00+00:00,1724068800,2583.97,2580.0,C-ETH-2580-200824,P-ETH-2580-200824,35.02185284,30.65970768,65.68156052,66.2803448275863,0.0,66.2803448275863,0.01,0.01,0.0003,66.2803448275863,0.025418855683309,-0.0091164750478784,0.08250667765857764,-0.09162315270645603,2024-08-19 12:00:00+00:00,2024-08-19 17:30:00+05:30,2024-08-20 12:00:00+00:00,settlement,False
ETH,1724241600,2024-08-21 12:00:00+00:00,1724155200,2647.07,2640.0,C-ETH-2640-210824,P-ETH-2640-210824,33.83819023,26.29863134,60.13682157,0.0,59.195862068965,59.195862068965,0.01,0.01,0.0003,59.195862068965,0.0227182588937957,0.0156469776165292,0.0891287201109721,-0.0734817424944429,2024-08-20 12:00:00+00:00,2024-08-20 17:30:00+05:30,2024-08-21 12:00:00+00:00,settlement,True
ETH,1724328000,2024-08-22 12:00:00+00:00,1724241600,2579.57,2580.0,C-ETH-2580-220824,P-ETH-2580-220824,29.30980304,29.25026742,58.56007046,60.088620689655,0.0,60.088620689655,0.01,0.01,0.0003,60.088620689655,0.022701485309567,-0.0261022607665592,0.08917477331068088,-0.11527703407724008,2024-08-21 12:00:00+00:00,2024-08-21 17:30:00+05:30,2024-08-22 12:00:00+00:00,settlement,False
ETH,1724414400,2024-08-23 12:00:00+00:00,1724328000,2639.66,2640.0,C-ETH-2640-230824,P-ETH-2640-230824,30.6142641,30.23982101,60.85408511,15.2396551724146,0.0,15.2396551724146,0.01,0.01,0.0003,15.2396551724146,0.0230537588590954,0.7495705482242094,0.08822165399814355,0.6613488942260659,2024-08-22 12:00:00+00:00,2024-08-22 17:30:00+05:30,2024-08-23 12:00:00+00:00,settlement,True
ETH,1724500800,2024-08-24 12:00:00+00:00,1724414400,2658.11,2660.0,C-ETH-2660-240824,P-ETH-2660-240824,31.09644075,32.67458326,63.77102401,102.7493103448273,0.0,102.7493103448273,0.01,0.01,0.0003,102.7493103448273,0.0239911154955964,-0.6112225252759791,0.0858218491616158,-0.6970443744375949,2024-08-23 12:00:00+00:00,2024-08-23 17:30:00+05:30,2024-08-24 12:00:00+00:00,settlement,False
ETH,1724587200,2024-08-25 12:00:00+00:00,1724500800,2759.55,2760.0,C-ETH-2760-250824,P-ETH-2760-250824,18.09032776,18.15287159,36.24319935,0.0,4.92551724138,4.92551724138,0.01,0.01,0.0003,4.92551724138,0.0131337353372832,0.8640981665604529,0.13461395875858292,0.72948420780187,2024-08-24 12:00:00+00:00,2024-08-24 17:30:00+05:30,2024-08-25 12:00:00+00:00,settlement,True
ETH,1724673600,2024-08-26 12:00:00+00:00,1724587200,2752.45,2760.0,C-ETH-2760-260824,P-ETH-2760-260824,22.38806801,29.41721367,51.80528168,0.0,18.1696551724135,18.1696551724135,0.01,0.01,0.0003,18.1696551724135,0.0188215159875747,0.6492702175687987,0.10203304716446819,0.5472371704043305,2024-08-25 12:00:00+00:00,2024-08-25 17:30:00+05:30,2024-08-26 12:00:00+00:00,settlement,True
ETH,1724760000,2024-08-27 12:00:00+00:00,1724673600,2737.6,2740.0,C-ETH-2740-270824,P-ETH-2740-270824,26.66886293,28.56689438,55.23575731,0.0,109.1772413793105,109.1772413793105,0.01,0.01,0.0003,109.1772413793105,0.0201767085439801,-0.976568199591695,0.09697993033469644,-1.0735481299263916,2024-08-26 12:00:00+00:00,2024-08-26 17:30:00+05:30,2024-08-27 12:00:00+00:00,settlement,False
ETH,1724846400,2024-08-28 12:00:00+00:00,1724760000,2622.01,2620.0,C-ETH-2620-280824,P-ETH-2620-280824,30.44187151,27.90231708,58.34418859,0.0,95.153103448275,95.153103448275,0.01,0.01,0.0003,95.153103448275,0.0222517033077677,-0.630892566129267,0.09043557793374393,-0.7213281440630109,2024-08-27 12:00:00+00:00,2024-08-27 17:30:00+05:30,2024-08-28 12:00:00+00:00,settlement,False
ETH,1724932800,2024-08-29 12:00:00+00:00,1724846400,2522.33,2520.0,C-ETH-2520-290824,P-ETH-2520-290824,38.171124,35.23728944,73.40841344,40.917931034483,0.0,40.917931034483,0.01,0.01,0.0003,40.917931034483,0.0291034136849658,0.4425988913664908,0.07545408626382104,0.3671448051026697,2024-08-28 12:00:00+00:00,2024-08-28 17:30:00+05:30,2024-08-29 12:00:00+00:00,settlement,True
ETH,1725019200,2024-08-30 12:00:00+00:00,1724932800,2556.96,2560.0,C-ETH-2560-300824,P-ETH-2560-300824,32.25873721,34.67277718,66.93151438999999,0.0,47.560689655172,47.560689655172,0.01,0.01,0.0003,47.560689655172,0.0261762070544709,0.2894126169319444,0.08089492662758203,0.2085176903043624,2024-08-29 12:00:00+00:00,2024-08-29 17:30:00+05:30,2024-08-30 12:00:00+00:00,settlement,True
ETH,1725105600,2024-08-31 12:00:00+00:00,1725019200,2511.2,2520.0,C-ETH-2520-310824,P-ETH-2520-310824,24.95223274,33.25924645,58.21147919,6.0610344827587,0.0,6.0610344827587,0.01,0.01,0.0003,6.0610344827587,0.0231807419520547,0.8958790505395728,0.08788518885757589,0.8079938616819969,2024-08-30 12:00:00+00:00,2024-08-30 17:30:00+05:30,2024-08-31 12:00:00+00:00,settlement,True
ETH,1725192000,2024-09-01 12:00:00+00:00,1725105600,2523.97,2520.0,C-ETH-2520-010924,P-ETH-2520-010924,15.70869494,11.13958982,26.84828476,0.0,48.15896551724,48.15896551724,0.01,0.01,0.0003,48.15896551724,0.0106373232486915,-0.7937445891884232,0.15991619539005514,-0.9536607845784784,2024-08-31 12:00:00+00:00,2024-08-31 17:30:00+05:30,2024-09-01 12:00:00+00:00,settlement,False
ETH,1725278400,2024-09-02 12:00:00+00:00,1725192000,2475.27,2480.0,C-ETH-2480-020924,P-ETH-2480-020924,19.31969932,23.55337098,42.8730703,40.37551724138,0.0,40.37551724138,0.01,0.01,0.0003,40.37551724138,0.0173205631304867,0.0582545882798601,0.1085525382594304,-0.050297949979570294,2024-09-01 12:00:00+00:00,2024-09-01 17:30:00+05:30,2024-09-02 12:00:00+00:00,settlement,True
ETH,1725364800,2024-09-03 12:00:00+00:00,1725278400,2520.45,2520.0,C-ETH-2520-030924,P-ETH-2520-030924,29.30106554,28.3038686,57.60493414,0.0,11.755517241379,11.755517241379,0.01,0.01,0.0003,11.755517241379,0.0228550195957071,0.795928640195838,0.08875575523662944,0.7071728849592085,2024-09-02 12:00:00+00:00,2024-09-02 17:30:00+05:30,2024-09-03 12:00:00+00:00,settlement,True
ETH,1725451200,2024-09-04 12:00:00+00:00,1725364800,2509.21,2500.0,C-ETH-2500-040924,P-ETH-2500-040924,31.26783229,21.61069104,52.87852333,0.0,100.17275862069,100.17275862069,0.01,0.01,0.0003,100.17275862069,0.0210737735502409,-0.8943940244991332,0.09399252233702646,-0.9883865468361597,2024-09-03 12:00:00+00:00,2024-09-03 17:30:00+05:30,2024-09-04 12:00:00+00:00,settlement,False
ETH,1725537600,2024-09-05 12:00:00+00:00,1725451200,2403.06,2400.0,C-ETH-2400-050924,P-ETH-2400-050924,36.84182565,33.30187966,70.14370531,0.0,9.094827586207,9.094827586207,0.01,0.01,0.0003,9.094827586207,0.0291893274866212,0.8703400747649069,0.07531088126812842,0.7950291934967785,2024-09-04 12:00:00+00:00,2024-09-04 17:30:00+05:30,2024-09-05 12:00:00+00:00,settlement,True
ETH,1725624000,2024-09-06 12:00:00+00:00,1725537600,2389.81,2380.0,C-ETH-2380-060924,P-ETH-2380-060924,39.207613,28.81620661,68.02381961,0.0,5.934482758621,5.934482758621,0.01,0.01,0.0003,5.934482758621,0.0284641120465643,0.9127587543209852,0.07654685307883725,0.836211901242148,2024-09-05 12:00:00+00:00,2024-09-05 17:30:00+05:30,2024-09-06 12:00:00+00:00,settlement,True
ETH,1725710400,2024-09-07 12:00:00+00:00,1725624000,2376.93,2380.0,C-ETH-2380-070924,P-ETH-2380-070924,37.59571342,40.23050997,77.82622339,0.0,94.5489655172414,94.5489655172414,0.01,0.01,0.0003,94.5489655172414,0.0327423287139293,-0.2148728461798922,0.0700467712474465,-0.2849196174273387,2024-09-06 12:00:00+00:00,2024-09-06 17:30:00+05:30,2024-09-07 12:00:00+00:00,settlement,False
ETH,1725796800,2024-09-08 12:00:00+00:00,1725710400,2286.97,2280.0,C-ETH-2280-080924,P-ETH-2280-080924,20.11521332,13.8040103,33.91922362,19.530689655172,0.0,19.530689655172,0.01,0.01,0.0003,19.530689655172,0.0148315122716957,0.4241999795167481,0.12227239513143076,0.3019275843853173,2024-09-07 12:00:00+00:00,2024-09-07 17:30:00+05:30,2024-09-08 12:00:00+00:00,settlement,True
ETH,1725883200,2024-09-09 12:00:00+00:00,1725796800,2296.86,2300.0,C-ETH-2300-090924,P-ETH-2300-090924,22.95804716,25.66542836,48.62347552,16.055862068966,0.0,16.055862068966,0.01,0.01,0.0003,16.055862068966,0.021169542558101,0.6697919698816709,0.09368854972249421,0.5761034201591767,2024-09-08 12:00:00+00:00,2024-09-08 17:30:00+05:30,2024-09-09 12:00:00+00:00,settlement,True
ETH,1725969600,2024-09-10 12:00:00+00:00,1725883200,2314.78,2320.0,C-ETH-2320-100924,P-ETH-2320-100924,27.80041567,32.52352601,60.32394168,29.859655172414,0.0,29.859655172414,0.01,0.01,0.0003,29.859655172414,0.0260603347531946,0.5050115370310131,0.08113544938736504,0.42387608764364804,2024-09-09 12:00:00+00:00,2024-09-09 17:30:00+05:30,2024-09-10 12:00:00+00:00,settlement,True
ETH,1726056000,2024-09-11 12:00:00+00:00,1725969600,2352.54,2360.0,C-ETH-2360-110924,P-ETH-2360-110924,31.33006451,38.31426944,69.64433395,0.0,33.5900000000006,33.5900000000006,0.01,0.01,0.0003,33.5900000000006,0.0296038893918913,0.5176922788275069,0.0746315528495337,0.4430607259779732,2024-09-10 12:00:00+00:00,2024-09-10 17:30:00+05:30,2024-09-11 12:00:00+00:00,settlement,True
ETH,1726142400,2024-09-12 12:00:00+00:00,1726056000,2324.3,2320.0,C-ETH-2320-120924,P-ETH-2320-120924,36.81509755,31.62105596,68.43615351,29.8144827586207,0.0,29.8144827586207,0.01,0.01,0.0003,29.8144827586207,0.0294437695263089,0.5643460184496757,0.07489166838283924,0.48945435006683646,2024-09-11 12:00:00+00:00,2024-09-11 17:30:00+05:30,2024-09-12 12:00:00+00:00,settlement,True
ETH,1726228800,2024-09-13 12:00:00+00:00,1726142400,2347.24,2350.0,C-ETH-2350-130924,P-ETH-2350-130924,26.30243188,28.62573949,54.92817137,11.7065517241385,0.0,11.7065517241385,0.01,0.01,0.0003,11.7065517241385,0.0234011738765528,0.7868752694262776,0.08730978499923799,0.6995654844270396,2024-09-12 12:00:00+00:00,2024-09-12 17:30:00+05:30,2024-09-13 12:00:00+00:00,settlement,True
ETH,1726315200,2024-09-14 12:00:00+00:00,1726228800,2359.61,2360.0,C-ETH-2360-140924,P-ETH-2360-140924,23.32726243,23.32792179,46.65518422,53.397586206896,0.0,53.397586206896,0.01,0.01,0.0003,53.397586206896,0.0197724133310165,-0.1445156009909331,0.09841493017034753,-0.24293053116128063,2024-09-13 12:00:00+00:00,2024-09-13 17:30:00+05:30,2024-09-14 12:00:00+00:00,settlement,False
ETH,1726401600,2024-09-15 12:00:00+00:00,1726315200,2415.98,2420.0,C-ETH-2420-150924,P-ETH-2420-150924,11.69659268,14.87544046,26.57203314,0.0,13.623793103449,13.623793103449,0.01,0.01,0.0003,13.623793103449,0.0109984491345127,0.4872882691486437,0.15554542425773896,0.3317428448909048,2024-09-14 12:00:00+00:00,2024-09-14 17:30:00+05:30,2024-09-15 12:00:00+00:00,settlement,True
ETH,1726488000,2024-09-16 12:00:00+00:00,1726401600,2406.05,2400.0,C-ETH-2400-160924,P-ETH-2400-160924,22.49156719,15.98164974,38.47321693,0.0,92.8117241379314,92.8117241379314,0.01,0.01,0.0003,92.8117241379314,0.0159901984289603,-1.4123723344163674,0.11535424817214525,-1.5277265825885127,2024-09-15 12:00:00+00:00,2024-09-15 17:30:00+05:30,2024-09-16 12:00:00+00:00,settlement,False
ETH,1726574400,2024-09-17 12:00:00+00:00,1726488000,2310.0,2300.0,C-ETH-2300-170924,P-ETH-2300-170924,32.816269,22.34593032,55.16219932,9.79724137931,0.0,9.79724137931,0.01,0.01,0.0003,9.79724137931,0.0238797399653679,0.822392118151862,0.08609712811167879,0.7362949900401832,2024-09-16 12:00:00+00:00,2024-09-16 17:30:00+05:30,2024-09-17 12:00:00+00:00,settlement,True
ETH,1726660800,2024-09-18 12:00:00+00:00,1726574400,2309.92,2300.0,C-ETH-2300-180924,P-ETH-2300-180924,32.38744583,21.58909667,53.9765425,6.216551724138,0.0,6.216551724138,0.01,0.01,0.0003,6.216551724138,0.0233672778710951,0.884828641550392,0.08739755902297743,0.7974310825274146,2024-09-17 12:00:00+00:00,2024-09-17 17:30:00+05:30,2024-09-18 12:00:00+00:00,settlement,True
ETH,1726747200,2024-09-19 12:00:00+00:00,1726660800,2302.78,2300.0,C-ETH-2300-190924,P-ETH-2300-190924,41.73655051,38.4863028,80.22285331,131.3110344827587,0.0,131.3110344827587,0.01,0.01,0.0003,131.3110344827587,0.0348373936329132,-0.636828273551203,0.06744597986062334,-0.7042742534118263,2024-09-18 12:00:00+00:00,2024-09-18 17:30:00+05:30,2024-09-19 12:00:00+00:00,settlement,False
ETH,1726833600,2024-09-20 12:00:00+00:00,1726747200,2438.79,2440.0,C-ETH-2440-200924,P-ETH-2440-200924,29.58326042,30.41829152,60.00155194,102.4148275862067,0.0,102.4148275862067,0.01,0.01,0.0003,102.4148275862067,0.0246030006437618,-0.7068696437821955,0.08435395532857612,-0.7912235991107717,2024-09-19 12:00:00+00:00,2024-09-19 17:30:00+05:30,2024-09-20 12:00:00+00:00,settlement,False
ETH,1726920000,2024-09-21 12:00:00+00:00,1726833600,2547.99,2540.0,C-ETH-2540-210924,P-ETH-2540-210924,36.48965981,27.63245094,64.12211074999999,13.13827586207,0.0,13.13827586207,0.01,0.01,0.0003,13.13827586207,0.0251657623263827,0.7951053745985739,0.08306692256071747,0.7120384520378564,2024-09-20 12:00:00+00:00,2024-09-20 17:30:00+05:30,2024-09-21 12:00:00+00:00,settlement,True
ETH,1727006400,2024-09-22 12:00:00+00:00,1726920000,2555.09,2560.0,C-ETH-2560-220924,P-ETH-2560-220924,13.12104398,17.51268625,30.63373023,23.0906896551724,0.0,23.0906896551724,0.01,0.01,0.0003,23.0906896551724,0.0119892959660912,0.2462331723297806,0.14490535030620721,0.10132782202357338,2024-09-21 12:00:00+00:00,2024-09-21 17:30:00+05:30,2024-09-22 12:00:00+00:00,settlement,True
ETH,1727092800,2024-09-23 12:00:00+00:00,1727006400,2582.85,2580.0,C-ETH-2580-230924,P-ETH-2580-230924,27.90785282,25.24704767,53.15490049,67.0744827586204,0.0,67.0744827586204,0.01,0.01,0.0003,67.0744827586204,0.0205799409528234,-0.2618682781889336,0.09560486213473485,-0.35747314032366845,2024-09-22 12:00:00+00:00,2024-09-22 17:30:00+05:30,2024-09-23 12:00:00+00:00,settlement,False
ETH,1727179200,2024-09-24 12:00:00+00:00,1727092800,2646.99,2640.0,C-ETH-2640-240924,P-ETH-2640-240924,34.655139,27.48072345,62.13586245,0.915172413793,0.0,0.915172413793,0.01,0.01,0.0003,0.915172413793,0.0234741583647841,0.9852714297716648,0.08712165149419278,0.898149778277472,2024-09-23 12:00:00+00:00,2024-09-23 17:30:00+05:30,2024-09-24 12:00:00+00:00,settlement,True
ETH,1727265600,2024-09-25 12:00:00+00:00,1727179200,2639.97,2640.0,C-ETH-2640-250924,P-ETH-2640-250924,27.37797508,27.05503019,54.43300527,0.0,16.8348275862077,16.8348275862077,0.01,0.01,0.0003,16.8348275862077,0.020618796906783,0.6907238999077278,0.0954751999353645,0.5952486999723633,2024-09-24 12:00:00+00:00,2024-09-24 17:30:00+05:30,2024-09-25 12:00:00+00:00,settlement,True
ETH,1727352000,2024-09-26 12:00:00+00:00,1727265600,2625.01,2620.0,C-ETH-2620-260924,P-ETH-2620-260924,30.04670415,24.54466223,54.59136638,7.7603448275863,0.0,7.7603448275863,0.01,0.01,0.0003,7.7603448275863,0.0207966317766408,0.8578466643687203,0.09488794881825414,0.7629587155504661,2024-09-25 12:00:00+00:00,2024-09-25 17:30:00+05:30,2024-09-26 12:00:00+00:00,settlement,True
ETH,1727438400,2024-09-27 12:00:00+00:00,1727352000,2627.6,2620.0,C-ETH-2620-270924,P-ETH-2620-270924,34.33287465,26.19478354,60.52765819,29.5527586206895,0.0,29.5527586206895,0.01,0.01,0.0003,29.5527586206895,0.0230353395455929,0.5117478603265702,0.08827076743528643,0.4234770928912837,2024-09-26 12:00:00+00:00,2024-09-26 17:30:00+05:30,2024-09-27 12:00:00+00:00,settlement,True
ETH,1727524800,2024-09-28 12:00:00+00:00,1727438400,2654.65,2660.0,C-ETH-2660-280924,P-ETH-2660-280924,25.41261934,30.27654173,55.68916107,12.795862068965,0.0,12.795862068965,0.01,0.01,0.0003,12.795862068965,0.0209779673666961,0.7702270635235303,0.09429938996701788,0.6759276735565124,2024-09-27 12:00:00+00:00,2024-09-27 17:30:00+05:30,2024-09-28 12:00:00+00:00,settlement,True
ETH,1727611200,2024-09-29 12:00:00+00:00,1727524800,2670.63,2680.0,C-ETH-2680-290924,P-ETH-2680-290924,9.98528283,18.27666001,28.26194284,0.0,27.9006896551723,27.9006896551723,0.01,0.01,0.0003,27.9006896551723,0.0105825003238936,0.0127823195621359,0.16060580738588742,-0.14782348782375151,2024-09-28 12:00:00+00:00,2024-09-28 17:30:00+05:30,2024-09-29 12:00:00+00:00,settlement,True
ETH,1727697600,2024-09-30 12:00:00+00:00,1727611200,2656.26,2660.0,C-ETH-2660-300924,P-ETH-2660-300924,19.13372564,22.27768327,41.411408910000006,0.0,39.3658620689657,39.3658620689657,0.01,0.01,0.0003,39.3658620689657,0.0155901187797881,0.0493957316323123,0.1176267614891927,-0.0682310298568804,2024-09-29 12:00:00+00:00,2024-09-29 17:30:00+05:30,2024-09-30 12:00:00+00:00,settlement,True
ETH,1727784000,2024-10-01 12:00:00+00:00,1727697600,2629.83,2620.0,C-ETH-2620-011024,P-ETH-2620-011024,34.60782242,24.28917542,58.89699784,10.711379310345,0.0,10.711379310345,0.01,0.01,0.0003,10.711379310345,0.0223957433902571,0.8181336960596258,0.09002630043242964,0.7281073956271962,2024-09-30 12:00:00+00:00,2024-09-30 17:30:00+05:30,2024-10-01 12:00:00+00:00,settlement,True
ETH,1727870400,2024-10-02 12:00:00+00:00,1727784000,2629.8,2620.0,C-ETH-2620-021024,P-ETH-2620-021024,31.77952936,21.49761158,53.27714094,0.0,161.6779310344828,161.6779310344828,0.01,0.01,0.0003,161.6779310344828,0.0202590086470454,-2.03465854552072,0.0966948317101642,-2.131353377230884,2024-10-01 12:00:00+00:00,2024-10-01 17:30:00+05:30,2024-10-02 12:00:00+00:00,settlement,False
ETH,1727956800,2024-10-03 12:00:00+00:00,1727870400,2454.15,2460.0,C-ETH-2460-031024,P-ETH-2460-031024,25.85078625,31.84379522,57.69458147,0.0,106.328620689655,106.328620689655,0.01,0.01,0.0003,106.328620689655,0.023508987417232,-0.8429567904040295,0.08703228371640011,-0.9299890741204296,2024-10-02 12:00:00+00:00,2024-10-02 17:30:00+05:30,2024-10-03 12:00:00+00:00,settlement,False
ETH,1728043200,2024-10-04 12:00:00+00:00,1727956800,2342.38,2340.0,C-ETH-2340-041024,P-ETH-2340-041024,32.35972024,29.74107251,62.10079275,42.243793103449,0.0,42.243793103449,0.01,0.01,0.0003,42.243793103449,0.0265118352914556,0.3197543665261986,0.08021010852071611,0.23954425800548249,2024-10-03 12:00:00+00:00,2024-10-03 17:30:00+05:30,2024-10-04 12:00:00+00:00,settlement,True
ETH,1728129600,2024-10-05 12:00:00+00:00,1728043200,2383.71,2380.0,C-ETH-2380-051024,P-ETH-2380-051024,32.38850474,28.18035201,60.56885675,37.8799999999997,0.0,37.8799999999997,0.01,0.01,0.0003,37.8799999999997,0.0254094905630299,0.3745960872870578,0.08252720934674071,0.2920688779403171,2024-10-04 12:00:00+00:00,2024-10-04 17:30:00+05:30,2024-10-05 12:00:00+00:00,settlement,True
ETH,1728216000,2024-10-06 12:00:00+00:00,1728129600,2420.43,2420.0,C-ETH-2420-061024,P-ETH-2420-061024,12.84957158,11.95598587,24.80555745,8.0358620689653,0.0,8.0358620689653,0.01,0.01,0.0003,8.0358620689653,0.0102484093528835,0.6760458987804242,0.1649677830425052,0.511078115737919,2024-10-05 12:00:00+00:00,2024-10-05 17:30:00+05:30,2024-10-06 12:00:00+00:00,settlement,True
ETH,1728302400,2024-10-07 12:00:00+00:00,1728216000,2426.54,2420.0,C-ETH-2420-071024,P-ETH-2420-071024,24.85489139,18.25720298,43.11209437,40.9262068965513,0.0,40.9262068965513,0.01,0.01,0.0003,40.9262068965513,0.0177669003478203,0.0507024190170117,0.10649876412199918,-0.05579634510498748,2024-10-06 12:00:00+00:00,2024-10-06 17:30:00+05:30,2024-10-07 12:00:00+00:00,settlement,True
ETH,1728388800,2024-10-08 12:00:00+00:00,1728302400,2469.39,2460.0,C-ETH-2460-081024,P-ETH-2460-081024,32.06555691,22.27726928,54.34282619,0.0,21.858965517242,21.858965517242,0.01,0.01,0.0003,21.858965517242,0.0220065790296388,0.5977580289840645,0.09114439437828584,0.5066136346057787,2024-10-07 12:00:00+00:00,2024-10-07 17:30:00+05:30,2024-10-08 12:00:00+00:00,settlement,True
ETH,1728475200,2024-10-09 12:00:00+00:00,1728388800,2438.2,2440.0,C-ETH-2440-091024,P-ETH-2440-091024,25.00922416,26.33674069,51.34596485,0.0,1.73,1.73,0.01,0.01,0.0003,1.73,0.0210589635181691,0.9663069920868378,0.09403977648654506,0.8722672156002927,2024-10-08 12:00:00+00:00,2024-10-08 17:30:00+05:30,2024-10-09 12:00:00+00:00,settlement,True
ETH,1728561600,2024-10-10 12:00:00+00:00,1728475200,2439.06,2440.0,C-ETH-2440-101024,P-ETH-2440-101024,22.8324586,23.16506936,45.99752796,0.0,35.2679310344824,35.2679310344824,0.01,0.01,0.0003,35.2679310344824,0.0188587111264175,0.2332646427183692,0.10188466461509381,0.1313799781032754,2024-10-09 12:00:00+00:00,2024-10-09 17:30:00+05:30,2024-10-10 12:00:00+00:00,settlement,True
ETH,1728648000,2024-10-11 12:00:00+00:00,1728561600,2405.52,2400.0,C-ETH-2400-111024,P-ETH-2400-111024,31.34871347,25.38573912,56.73445259,18.5993103448277,0.0,18.5993103448277,0.01,0.01,0.0003,18.5993103448277,0.0235851094939971,0.6721690349382871,0.08683788111988198,0.5853311538184051,2024-10-10 12:00:00+00:00,2024-10-10 17:30:00+05:30,2024-10-11 12:00:00+00:00,settlement,True
ETH,1728734400,2024-10-12 12:00:00+00:00,1728648000,2419.5,2420.0,C-ETH-2420-121024,P-ETH-2420-121024,22.40694368,22.36031142,44.7672551,36.182413793103,0.0,36.182413793103,0.01,0.01,0.0003,36.182413793103,0.0185026886133498,0.1917660863441457,0.10332941848561092,0.08843666785853477,2024-10-11 12:00:00+00:00,2024-10-11 17:30:00+05:30,2024-10-12 12:00:00+00:00,settlement,True
ETH,1728820800,2024-10-13 12:00:00+00:00,1728734400,2448.65,2440.0,C-ETH-2440-131024,P-ETH-2440-131024,15.93298822,6.78679756,22.71978578,21.1331034482764,0.0,21.1331034482764,0.01,0.01,0.0003,21.1331034482764,0.009278494590897,0.0698370287065092,0.1736028112789715,-0.10376578257246231,2024-10-12 12:00:00+00:00,2024-10-12 17:30:00+05:30,2024-10-13 12:00:00+00:00,settlement,True
ETH,1728907200,2024-10-14 12:00:00+00:00,1728820800,2461.79,2460.0,C-ETH-2460-141024,P-ETH-2460-141024,17.97623586,15.7280573,33.70429316,79.1610344827586,0.0,79.1610344827586,0.01,0.01,0.0003,79.1610344827586,0.0136909700502479,-1.3486929130057033,0.1302258343129128,-1.478918747318616,2024-10-13 12:00:00+00:00,2024-10-13 17:30:00+05:30,2024-10-14 12:00:00+00:00,settlement,False
ETH,1728993600,2024-10-15 12:00:00+00:00,1728907200,2537.41,2540.0,C-ETH-2540-151024,P-ETH-2540-151024,23.93599643,26.18569087,50.1216873,54.1672413793112,0.0,54.1672413793112,0.01,0.01,0.0003,54.1672413793112,0.0197530896859396,-0.0807146426475391,0.09848498814683758,-0.17919963079437667,2024-10-14 12:00:00+00:00,2024-10-14 17:30:00+05:30,2024-10-15 12:00:00+00:00,settlement,False
ETH,1729080000,2024-10-16 12:00:00+00:00,1728993600,2588.61,2580.0,C-ETH-2580-161024,P-ETH-2580-161024,30.67338149,21.74772379,52.42110528,50.5120689655173,0.0,50.5120689655173,0.01,0.01,0.0003,50.5120689655173,0.0202506771124271,0.036417322837545,0.09672358784541828,-0.060306265007873276,2024-10-15 12:00:00+00:00,2024-10-15 17:30:00+05:30,2024-10-16 12:00:00+00:00,settlement,True
ETH,1729166400,2024-10-17 12:00:00+00:00,1729080000,2638.95,2640.0,C-ETH-2640-171024,P-ETH-2640-171024,30.90596289,31.87659958,62.78256247,0.0,38.821724137931,38.821724137931,0.01,0.01,0.0003,38.821724137931,0.0237907358873794,0.3816479829653089,0.08631896598335834,0.2953290169819506,2024-10-16 12:00:00+00:00,2024-10-16 17:30:00+05:30,2024-10-17 12:00:00+00:00,settlement,True
ETH,1729252800,2024-10-18 12:00:00+00:00,1729166400,2600.69,2600.0,C-ETH-2600-181024,P-ETH-2600-181024,27.12466027,25.77207171,52.89673198,24.9451724137934,0.0,24.9451724137934,0.01,0.01,0.0003,24.9451724137934,0.0203394991252321,0.5284175131419262,0.09641823353080423,0.43199927961112194,2024-10-17 12:00:00+00:00,2024-10-17 17:30:00+05:30,2024-10-18 12:00:00+00:00,settlement,True
ETH,1729339200,2024-10-19 12:00:00+00:00,1729252800,2623.15,2620.0,C-ETH-2620-191024,P-ETH-2620-191024,25.75641707,22.17269375,47.929110820000005,16.880344827586,0.0,16.880344827586,0.01,0.01,0.0003,16.880344827586,0.018271586001563,0.6478060089413944,0.10429737761565257,0.5435086313257418,2024-10-18 12:00:00+00:00,2024-10-18 17:30:00+05:30,2024-10-19 12:00:00+00:00,settlement,True
ETH,1729425600,2024-10-20 12:00:00+00:00,1729339200,2634.6,2640.0,C-ETH-2640-201024,P-ETH-2640-201024,8.79603967,13.72687602,22.52291569,9.1551724137926,0.0,9.1551724137926,0.01,0.01,0.0003,9.1551724137926,0.0085488938320807,0.5935174406456876,0.1924354644019892,0.40108197624369835,2024-10-19 12:00:00+00:00,2024-10-19 17:30:00+05:30,2024-10-20 12:00:00+00:00,settlement,True
ETH,1729512000,2024-10-21 12:00:00+00:00,1729425600,2654.35,2660.0,C-ETH-2660-211024,P-ETH-2660-211024,17.69972182,22.56503473,40.26475655,47.7900000000004,0.0,47.7900000000004,0.01,0.01,0.0003,47.7900000000004,0.0151693471282988,-0.1868940506483801,0.12014613995077039,-0.3070401905991505,2024-10-20 12:00:00+00:00,2024-10-20 17:30:00+05:30,2024-10-21 12:00:00+00:00,settlement,False
ETH,1729598400,2024-10-22 12:00:00+00:00,1729512000,2706.7,2700.0,C-ETH-2700-221024,P-ETH-2700-221024,32.72962849,24.75596859,57.485597080000005,0.0,64.0968965517245,64.0968965517245,0.01,0.01,0.0003,64.0968965517245,0.0212382595337495,-0.1150079290735009,0.0934721299713775,-0.20848005904487837,2024-10-21 12:00:00+00:00,2024-10-21 17:30:00+05:30,2024-10-22 12:00:00+00:00,settlement,False
ETH,1729684800,2024-10-23 12:00:00+00:00,1729598400,2637.53,2640.0,C-ETH-2640-231024,P-ETH-2640-231024,25.92981509,27.88898901,53.8188041,0.0,58.5172413793102,58.5172413793102,0.01,0.01,0.0003,58.5172413793102,0.0204050016871846,-0.0873010346082773,0.09619475044931368,-0.18349578505759098,2024-10-22 12:00:00+00:00,2024-10-22 17:30:00+05:30,2024-10-23 12:00:00+00:00,settlement,False
ETH,1729771200,2024-10-24 12:00:00+00:00,1729684800,2578.44,2580.0,C-ETH-2580-241024,P-ETH-2580-241024,24.53230514,25.61461788,50.14692302,0.0,50.071034482759,50.071034482759,0.01,0.01,0.0003,50.071034482759,0.0194485514574704,0.0015133239024602,0.09960747890640967,-0.09809415500394947,2024-10-23 12:00:00+00:00,2024-10-23 17:30:00+05:30,2024-10-24 12:00:00+00:00,settlement,True
ETH,1729857600,2024-10-25 12:00:00+00:00,1729771200,2534.77,2540.0,C-ETH-2540-251024,P-ETH-2540-251024,22.82440383,27.62719204,50.451595870000006,3.429655172414,0.0,3.429655172414,0.01,0.01,0.0003,3.429655172414,0.0199038160740422,0.9320208783632676,0.09794213649947717,0.8340787418637905,2024-10-24 12:00:00+00:00,2024-10-24 17:30:00+05:30,2024-10-25 12:00:00+00:00,settlement,True
ETH,1729944000,2024-10-26 12:00:00+00:00,1729857600,2550.7,2560.0,C-ETH-2560-261024,P-ETH-2560-261024,20.82843825,29.68898101,50.51741926,0.0,89.451034482759,89.451034482759,0.01,0.01,0.0003,89.451034482759,0.0198053158975967,-0.7706968367164171,0.0982959563039246,-0.8689927930203417,2024-10-25 12:00:00+00:00,2024-10-25 17:30:00+05:30,2024-10-26 12:00:00+00:00,settlement,False
ETH,1730030400,2024-10-27 12:00:00+00:00,1729944000,2477.19,2480.0,C-ETH-2480-271024,P-ETH-2480-271024,12.09053787,14.33451506,26.42505293,0.0,9.6034482758614,9.6034482758614,0.01,0.01,0.0003,9.6034482758614,0.0106673500740758,0.6365778982051258,0.1595414953261174,0.4770364028790084,2024-10-26 12:00:00+00:00,2024-10-26 17:30:00+05:30,2024-10-27 12:00:00+00:00,settlement,True
ETH,1730116800,2024-10-28 12:00:00+00:00,1730030400,2471.17,2480.0,C-ETH-2480-281024,P-ETH-2480-281024,15.46385545,23.89482039,39.35867584,48.046551724138,0.0,48.046551724138,0.01,0.01,0.0003,48.046551724138,0.0159271421391486,-0.2207359800277771,0.11570483852212851,-0.3364408185499056,2024-10-27 12:00:00+00:00,2024-10-27 17:30:00+05:30,2024-10-28 12:00:00+00:00,settlement,False
ETH,1730203200,2024-10-29 12:00:00+00:00,1730116800,2525.0,2520.0,C-ETH-2520-291024,P-ETH-2520-291024,27.79318195,22.33129451,50.12447646,110.075862068966,0.0,110.075862068966,0.01,0.01,0.0003,110.075862068966,0.0198512778059405,-1.1960501105045558,0.09813042083448426,-1.29418053133904,2024-10-28 12:00:00+00:00,2024-10-28 17:30:00+05:30,2024-10-29 12:00:00+00:00,settlement,False
ETH,1730289600,2024-10-30 12:00:00+00:00,1730203200,2632.48,2640.0,C-ETH-2640-301024,P-ETH-2640-301024,24.4103343,31.13530326,55.54563756,25.0727586206904,0.0,25.0727586206904,0.01,0.01,0.0003,25.0727586206904,0.0211001175925363,0.548609760872634,0.09390863073582477,0.45470113013680924,2024-10-29 12:00:00+00:00,2024-10-29 17:30:00+05:30,2024-10-30 12:00:00+00:00,settlement,True
ETH,1730376000,2024-10-31 12:00:00+00:00,1730289600,2657.8,2660.0,C-ETH-2660-311024,P-ETH-2660-311024,30.14240045,31.70812766,61.85052811,0.0,24.4337931034474,24.4337931034474,0.01,0.01,0.0003,24.4337931034474,0.0232713251975317,0.6049541717737259,0.08764741577803159,0.5173067559956943,2024-10-30 12:00:00+00:00,2024-10-30 17:30:00+05:30,2024-10-31 12:00:00+00:00,settlement,True
ETH,1730462400,2024-11-01 12:00:00+00:00,1730376000,2638.12,2640.0,C-ETH-2640-011124,P-ETH-2640-011124,25.1554516,26.17413247,51.32958407,0.0,120.2065517241385,120.2065517241385,0.01,0.01,0.0003,120.2065517241385,0.0194568799258562,-1.3418571161653778,0.09957631384866975,-1.4414334300140477,2024-10-31 12:00:00+00:00,2024-10-31 17:30:00+05:30,2024-11-01 12:00:00+00:00,settlement,False
ETH,1730548800,2024-11-02 12:00:00+00:00,1730462400,2518.74,2520.0,C-ETH-2520-021124,P-ETH-2520-021124,27.48048639,28.3669155,55.84740189,0.0,16.497931034483,16.497931034483,0.01,0.01,0.0003,16.497931034483,0.0221727537935634,0.7045891039483233,0.09066216223674717,0.6139269417115761,2024-11-01 12:00:00+00:00,2024-11-01 17:30:00+05:30,2024-11-02 12:00:00+00:00,settlement,True
ETH,1730635200,2024-11-03 12:00:00+00:00,1730548800,2504.52,2500.0,C-ETH-2500-031124,P-ETH-2500-031124,14.71983539,10.16585023,24.88568562,0.0,44.9555172413793,44.9555172413793,0.01,0.01,0.0003,44.9555172413793,0.0099363094006037,-0.8064809596907259,0.1693076396990986,-0.9757885993898244,2024-11-02 12:00:00+00:00,2024-11-02 17:30:00+05:30,2024-11-03 12:00:00+00:00,settlement,False
ETH,1730721600,2024-11-04 12:00:00+00:00,1730635200,2455.65,2460.0,C-ETH-2460-041124,P-ETH-2460-041124,20.82652825,24.59005299,45.41658124,11.5420689655175,0.0,11.5420689655175,0.01,0.01,0.0003,11.5420689655175,0.0184947289882515,0.7458622236551793,0.1033623546524789,0.6424998690027004,2024-11-03 12:00:00+00:00,2024-11-03 17:30:00+05:30,2024-11-04 12:00:00+00:00,settlement,True
ETH,1730808000,2024-11-05 12:00:00+00:00,1730721600,2467.19,2460.0,C-ETH-2460-051124,P-ETH-2460-051124,35.42497901,27.68046217,63.10544118,0.0,20.095172413793,20.095172413793,0.01,0.01,0.0003,20.095172413793,0.0255778603107178,0.681561969332024,0.08216037740446393,0.59940159192756,2024-11-04 12:00:00+00:00,2024-11-04 17:30:00+05:30,2024-11-05 12:00:00+00:00,settlement,True
ETH,1730894400,2024-11-06 12:00:00+00:00,1730808000,2440.01,2440.0,C-ETH-2440-061124,P-ETH-2440-061124,51.10821753,50.57458842,101.68280595,191.565172413793,0.0,191.565172413793,0.01,0.01,0.0003,191.565172413793,0.0416731103356133,-0.8839485262433694,0.060778745253144736,-0.9447272714965141,2024-11-05 12:00:00+00:00,2024-11-05 17:30:00+05:30,2024-11-06 12:00:00+00:00,settlement,False
ETH,1730980800,2024-11-07 12:00:00+00:00,1730894400,2634.21,2640.0,C-ETH-2640-071124,P-ETH-2640-071124,36.7323372,41.62164802,78.35398522,172.113103448276,0.0,172.113103448276,0.01,0.01,0.0003,172.113103448276,0.0297447755569981,-1.1966094381162864,0.07440499864208439,-1.271014436758371,2024-11-06 12:00:00+00:00,2024-11-06 17:30:00+05:30,2024-11-07 12:00:00+00:00,settlement,False
ETH,1731067200,2024-11-08 12:00:00+00:00,1730980800,2804.41,2800.0,C-ETH-2800-081124,P-ETH-2800-081124,42.48247472,37.29787689,79.78035161,118.6899999999996,0.0,118.6899999999996,0.01,0.01,0.0003,118.6899999999996,0.0284481768393351,-0.4877096629030463,0.07657471871034285,-0.5642843816133891,2024-11-07 12:00:00+00:00,2024-11-07 17:30:00+05:30,2024-11-08 12:00:00+00:00,settlement,False
ETH,1731153600,2024-11-09 12:00:00+00:00,1731067200,2917.94,2920.0,C-ETH-2920-091124,P-ETH-2920-091124,34.11634608,35.26295311,69.37929919,130.565172413793,0.0,130.565172413793,0.01,0.01,0.0003,130.565172413793,0.0237768080186707,-0.8819038811019302,0.08635383072816535,-0.9682577118300956,2024-11-08 12:00:00+00:00,2024-11-08 17:30:00+05:30,2024-11-09 12:00:00+00:00,settlement,False
ETH,1731240000,2024-11-10 12:00:00+00:00,1731153600,3050.01,3060.0,C-ETH-3060-101124,P-ETH-3060-101124,22.97246937,32.6218909,55.59436027,151.461724137931,0.0,151.461724137931,0.01,0.01,0.0003,151.461724137931,0.0182275993422972,-1.724408076688729,0.10448439350727688,-1.8288924701960059,2024-11-09 12:00:00+00:00,2024-11-09 17:30:00+05:30,2024-11-10 12:00:00+00:00,settlement,False
ETH,1731326400,2024-11-11 12:00:00+00:00,1731240000,3226.94,3220.0,C-ETH-3220-111124,P-ETH-3220-111124,46.61517984,38.68461999,85.29979983000001,0.0,24.360689655173,24.360689655173,0.01,0.01,0.0003,24.360689655173,0.0264336491629841,0.7144109399585563,0.080368086315637,0.6340428536429193,2024-11-10 12:00:00+00:00,2024-11-10 17:30:00+05:30,2024-11-11 12:00:00+00:00,settlement,True
ETH,1731412800,2024-11-12 12:00:00+00:00,1731326400,3199.2,3200.0,C-ETH-3200-121124,P-ETH-3200-121124,49.60111346,48.81795641,98.41906987,94.1896551724135,0.0,94.1896551724135,0.01,0.01,0.0003,94.1896551724135,0.0307636502469367,0.0429735284348151,0.0728283480222246,-0.0298548195874095,2024-11-11 12:00:00+00:00,2024-11-11 17:30:00+05:30,2024-11-12 12:00:00+00:00,settlement,True
ETH,1731499200,2024-11-13 12:00:00+00:00,1731412800,3289.71,3280.0,C-ETH-3280-131124,P-ETH-3280-131124,73.55055341,62.57054472,136.12109813,0.0,108.7331034482763,108.7331034482763,0.01,0.01,0.0003,108.7331034482763,0.0413778412474047,0.2012031570268945,0.061021214962218726,0.14018194206467577,2024-11-12 12:00:00+00:00,2024-11-12 17:30:00+05:30,2024-11-13 12:00:00+00:00,settlement,True
ETH,1731585600,2024-11-14 12:00:00+00:00,1731499200,3171.07,3180.0,C-ETH-3180-141124,P-ETH-3180-141124,46.07612353,54.00033013,100.07645366,0.0,3.007241379309,3.007241379309,0.01,0.01,0.0003,3.007241379309,0.0315592067220212,0.9699505601035204,0.071668047935183,0.8982825121683374,2024-11-13 12:00:00+00:00,2024-11-13 17:30:00+05:30,2024-11-14 12:00:00+00:00,settlement,True
ETH,1731672000,2024-11-15 12:00:00+00:00,1731585600,3184.23,3180.0,C-ETH-3180-151124,P-ETH-3180-151124,56.49846899,51.11108074,107.60954973,0.0,80.28,80.28,0.01,0.01,0.0003,80.28,0.033794527948672,0.2539695575213517,0.06870027456961834,0.18526928295173334,2024-11-14 12:00:00+00:00,2024-11-14 17:30:00+05:30,2024-11-15 12:00:00+00:00,settlement,True
ETH,1731758400,2024-11-16 12:00:00+00:00,1731672000,3099.45,3100.0,C-ETH-3100-161124,P-ETH-3100-161124,50.43193462,49.62654878,100.0584834,67.094482758621,0.0,67.094482758621,0.01,0.01,0.0003,67.094482758621,0.0322826576973334,0.3294473344114168,0.07066255968376989,0.25878477472764694,2024-11-15 12:00:00+00:00,2024-11-15 17:30:00+05:30,2024-11-16 12:00:00+00:00,settlement,True
ETH,1731844800,2024-11-17 12:00:00+00:00,1731758400,3213.84,3220.0,C-ETH-3220-171124,P-ETH-3220-171124,29.3578843,34.08668131,63.44456561,0.0,107.8910344827586,107.8910344827586,0.01,0.01,0.0003,107.8910344827586,0.0197410467260348,-0.7005559648083246,0.09852871933546208,-0.7990846841437866,2024-11-16 12:00:00+00:00,2024-11-16 17:30:00+05:30,2024-11-17 12:00:00+00:00,settlement,False
ETH,1731931200,2024-11-18 12:00:00+00:00,1731844800,3112.57,3120.0,C-ETH-3120-181124,P-ETH-3120-181124,35.98554807,42.60657894,78.59212701,0.0,53.1041379310345,53.1041379310345,0.01,0.01,0.0003,53.1041379310345,0.0252499147039263,0.3243071545286263,0.08287939736049141,0.2414277571681349,2024-11-17 12:00:00+00:00,2024-11-17 17:30:00+05:30,2024-11-18 12:00:00+00:00,settlement,True
ETH,1732017600,2024-11-19 12:00:00+00:00,1731931200,3065.11,3060.0,C-ETH-3060-191124,P-ETH-3060-191124,53.99108346,47.94126766,101.93235112,62.0465517241387,0.0,62.0465517241387,0.01,0.01,0.0003,62.0465517241387,0.0332556910257706,0.3912967665084628,0.06937917836988276,0.32191758813858,2024-11-18 12:00:00+00:00,2024-11-18 17:30:00+05:30,2024-11-19 12:00:00+00:00,settlement,True
ETH,1732104000,2024-11-20 12:00:00+00:00,1732017600,3134.82,3140.0,C-ETH-3140-201124,P-ETH-3140-201124,44.38635359,48.61838932,93.00474291,0.0,41.8531034482758,41.8531034482758,0.01,0.01,0.0003,41.8531034482758,0.0296682881026661,0.5499895796843743,0.07452772851267912,0.4754618511716952,2024-11-19 12:00:00+00:00,2024-11-19 17:30:00+05:30,2024-11-20 12:00:00+00:00,settlement,True
ETH,1732190400,2024-11-21 12:00:00+00:00,1732104000,3096.16,3100.0,C-ETH-3100-211124,P-ETH-3100-211124,39.25824513,41.91944751,81.17769264,43.4410344827584,0.0,43.4410344827584,0.01,0.01,0.0003,43.4410344827584,0.0262188299829466,0.4648648776529404,0.08080698661690859,0.3840578910360318,2024-11-20 12:00:00+00:00,2024-11-20 17:30:00+05:30,2024-11-21 12:00:00+00:00,settlement,True
ETH,1732276800,2024-11-22 12:00:00+00:00,1732190400,3167.41,3160.0,C-ETH-3160-221124,P-ETH-3160-221124,58.94882724,50.4578563,109.40668354,181.393793103448,0.0,181.393793103448,0.01,0.01,0.0003,181.393793103448,0.0345413708803091,-0.6579772572772384,0.06779431967847034,-0.7257715769557088,2024-11-21 12:00:00+00:00,2024-11-21 17:30:00+05:30,2024-11-22 12:00:00+00:00,settlement,False
ETH,1732363200,2024-11-23 12:00:00+00:00,1732276800,3338.92,3340.0,C-ETH-3340-231124,P-ETH-3340-231124,55.53587396,54.86351159,110.39938555,16.719310344827,0.0,16.719310344827,0.01,0.01,0.0003,16.719310344827,0.0330643997310507,0.8485561286275928,0.06962551661357502,0.7789306120140178,2024-11-22 12:00:00+00:00,2024-11-22 17:30:00+05:30,2024-11-23 12:00:00+00:00,settlement,True
ETH,1732449600,2024-11-24 12:00:00+00:00,1732363200,3351.44,3360.0,C-ETH-3360-241124,P-ETH-3360-241124,25.90424494,33.11542436,59.0196693,0.0,7.682068965516,7.682068965516,0.01,0.01,0.0003,7.682068965516,0.0176102419556966,0.8698388341271848,0.1072077538265705,0.7626310803006142,2024-11-23 12:00:00+00:00,2024-11-23 17:30:00+05:30,2024-11-24 12:00:00+00:00,settlement,True
ETH,1732536000,2024-11-25 12:00:00+00:00,1732449600,3351.47,3360.0,C-ETH-3360-251124,P-ETH-3360-251124,42.05364629,48.8908959,90.94454219,117.0893103448275,0.0,117.0893103448275,0.01,0.01,0.0003,117.0893103448275,0.0271357172196081,-0.2874803426928714,0.07898214755631394,-0.36646249024918537,2024-11-24 12:00:00+00:00,2024-11-24 17:30:00+05:30,2024-11-25 12:00:00+00:00,settlement,False
ETH,1732622400,2024-11-26 12:00:00+00:00,1732536000,3483.24,3480.0,C-ETH-3480-261124,P-ETH-3480-261124,65.34360125,59.70544644,125.04904769,0.0,173.693103448275,173.693103448275,0.01,0.01,0.0003,173.693103448275,0.0359002100601738,-0.3889998097295785,0.06624266614670449,-0.45524247587628297,2024-11-25 12:00:00+00:00,2024-11-25 17:30:00+05:30,2024-11-26 12:00:00+00:00,settlement,False
ETH,1732708800,2024-11-27 12:00:00+00:00,1732622400,3317.24,3320.0,C-ETH-3320-271124,P-ETH-3320-271124,59.26905745,60.15958955,119.428647,139.9062068965522,0.0,139.9062068965522,0.01,0.01,0.0003,139.9062068965522,0.0360024137536023,-0.1714627136029783,0.06613069626083933,-0.2375934098638176,2024-11-26 12:00:00+00:00,2024-11-26 17:30:00+05:30,2024-11-27 12:00:00+00:00,settlement,False
ETH,1732795200,2024-11-28 12:00:00+00:00,1732708800,3464.96,3460.0,C-ETH-3460-281124,P-ETH-3460-281124,59.35612343,53.43828033,112.79440376,161.3689655172407,0.0,161.3689655172407,0.01,0.01,0.0003,161.3689655172407,0.0325528732683782,-0.4306469127723389,0.07029846443126407,-0.500945377203603,2024-11-27 12:00:00+00:00,2024-11-27 17:30:00+05:30,2024-11-28 12:00:00+00:00,settlement,False
ETH,1732881600,2024-11-29 12:00:00+00:00,1732795200,3616.62,3600.0,C-ETH-3600-291124,P-ETH-3600-291124,60.47709123,42.7711192,103.24821043,0.0,7.1793103448285,7.1793103448285,0.01,0.01,0.0003,7.1793103448285,0.0285482606494461,0.9304655226959512,0.07640021969070365,0.8540653030052475,2024-11-28 12:00:00+00:00,2024-11-28 17:30:00+05:30,2024-11-29 12:00:00+00:00,settlement,True
ETH,1732968000,2024-11-30 12:00:00+00:00,1732881600,3591.63,3600.0,C-ETH-3600-301124,P-ETH-3600-301124,49.16031658,55.90009829,105.06041487,58.083793103448,0.0,58.083793103448,0.01,0.01,0.0003,58.083793103448,0.0292514582153506,0.4471391229958504,0.07520784310906271,0.3719312798867877,2024-11-29 12:00:00+00:00,2024-11-29 17:30:00+05:30,2024-11-30 12:00:00+00:00,settlement,True
ETH,1733054400,2024-12-01 12:00:00+00:00,1732968000,3660.93,3660.0,C-ETH-3660-011224,P-ETH-3660-011224,34.84840281,32.08870459,66.9371074,31.163793103449,0.0,31.163793103449,0.01,0.01,0.0003,31.163793103449,0.0182841811780066,0.5344317328022306,0.10424399304592596,0.4301877397563046,2024-11-30 12:00:00+00:00,2024-11-30 17:30:00+05:30,2024-12-01 12:00:00+00:00,settlement,True
ETH,1733140800,2024-12-02 12:00:00+00:00,1733054400,3689.17,3680.0,C-ETH-3680-021224,P-ETH-3680-021224,47.78548864,36.80656546,84.5920541,0.0,91.028965517242,91.028965517242,0.01,0.01,0.0003,91.028965517242,0.0229298335668998,-0.0760935703208323,0.08855361002375753,-0.16464718034458983,2024-12-01 12:00:00+00:00,2024-12-01 17:30:00+05:30,2024-12-02 12:00:00+00:00,settlement,False
ETH,1733227200,2024-12-03 12:00:00+00:00,1733140800,3590.24,3600.0,C-ETH-3600-031224,P-ETH-3600-031224,48.39410406,56.43866877,104.83277283,8.899655172414,0.0,8.899655172414,0.01,0.01,0.0003,8.899655172414,0.0291993774315923,0.915106174031608,0.07529418462148292,0.839811989410125,2024-12-02 12:00:00+00:00,2024-12-02 17:30:00+05:30,2024-12-03 12:00:00+00:00,settlement,True
ETH,1733313600,2024-12-04 12:00:00+00:00,1733227200,3606.64,3600.0,C-ETH-3600-041224,P-ETH-3600-041224,52.39213889,43.75940059,96.15153948,132.756206896551,0.0,132.756206896551,0.01,0.01,0.0003,132.756206896551,0.0266595888361466,-0.3806976738439528,0.0799140974717548,-0.46061177131570763,2024-12-03 12:00:00+00:00,2024-12-03 17:30:00+05:30,2024-12-04 12:00:00+00:00,settlement,False
ETH,1733400000,2024-12-05 12:00:00+00:00,1733313600,3738.78,3740.0,C-ETH-3740-051224,P-ETH-3740-051224,50.56454563,52.06211794,102.62666357,197.067931034483,0.0,197.067931034483,0.01,0.01,0.0003,197.067931034483,0.027449238406646,-0.9202410385295836,0.07838613069778859,-0.9986271692273722,2024-12-04 12:00:00+00:00,2024-12-04 17:30:00+05:30,2024-12-05 12:00:00+00:00,settlement,False
ETH,1733486400,2024-12-06 12:00:00+00:00,1733400000,3929.91,3920.0,C-ETH-3920-061224,P-ETH-3920-061224,69.70399053,57.15992442,126.86391495,0.0,58.707586206897,58.707586206897,0.01,0.01,0.0003,58.707586206897,0.0322816336633663,0.5372396774131162,0.07066395108643145,0.46657572632668476,2024-12-05 12:00:00+00:00,2024-12-05 17:30:00+05:30,2024-12-06 12:00:00+00:00,settlement,True
ETH,1733572800,2024-12-07 12:00:00+00:00,1733486400,3875.63,3880.0,C-ETH-3880-071224,P-ETH-3880-071224,52.74517574,55.00726583,107.75244157,120.9979310344825,0.0,120.9979310344825,0.01,0.01,0.0003,120.9979310344825,0.027802561537092,-0.1229251910350239,0.0777305589742471,-0.200655750009271,2024-12-06 12:00:00+00:00,2024-12-06 17:30:00+05:30,2024-12-07 12:00:00+00:00,settlement,False
ETH,1733659200,2024-12-08 12:00:00+00:00,1733572800,3994.21,4000.0,C-ETH-4000-081224,P-ETH-4000-081224,25.84761722,30.12597452,55.97359174,0.0,27.095172413794,27.095172413794,0.01,0.01,0.0003,27.095172413794,0.0140136827407672,0.5159293593369465,0.1278441028382003,0.3880852564987462,2024-12-07 12:00:00+00:00,2024-12-07 17:30:00+05:30,2024-12-08 12:00:00+00:00,settlement,True
ETH,1733745600,2024-12-09 12:00:00+00:00,1733659200,3966.75,3960.0,C-ETH-3960-091224,P-ETH-3960-091224,48.50007962,39.9746655,88.47474512,0.0,104.795172413793,104.795172413793,0.01,0.01,0.0003,104.795172413793,0.0223040890199785,-0.1844642476410335,0.09028611677130763,-0.27475036441234113,2024-12-08 12:00:00+00:00,2024-12-08 17:30:00+05:30,2024-12-09 12:00:00+00:00,settlement,False
ETH,1733832000,2024-12-10 12:00:00+00:00,1733745600,3853.13,3860.0,C-ETH-3860-101224,P-ETH-3860-101224,52.69792296,57.80961329,110.50753625,0.0,109.3679310344833,109.3679310344833,0.01,0.01,0.0003,109.3679310344833,0.0286799397502809,0.0103124660470085,0.07617248865685392,-0.06586002260984541,2024-12-09 12:00:00+00:00,2024-12-09 17:30:00+05:30,2024-12-10 12:00:00+00:00,settlement,True
ETH,1733918400,2024-12-11 12:00:00+00:00,1733832000,3744.02,3740.0,C-ETH-3740-111224,P-ETH-3740-111224,58.68710991,52.53108424,111.21819415,0.0,26.0582758620685,26.0582758620685,0.01,0.01,0.0003,26.0582758620685,0.0297055555659424,0.765701321971442,0.0744678511148079,0.6912334708566341,2024-12-10 12:00:00+00:00,2024-12-10 17:30:00+05:30,2024-12-11 12:00:00+00:00,settlement,True
ETH,1734004800,2024-12-12 12:00:00+00:00,1733918400,3723.26,3720.0,C-ETH-3720-121224,P-ETH-3720-121224,59.92592726,54.99754729,114.92347455,191.4299999999994,0.0,191.4299999999994,0.01,0.01,0.0003,191.4299999999994,0.0308663575871682,-0.6657171282853404,0.0726751893870581,-0.7383923176723984,2024-12-11 12:00:00+00:00,2024-12-11 17:30:00+05:30,2024-12-12 12:00:00+00:00,settlement,False
ETH,1734091200,2024-12-13 12:00:00+00:00,1734004800,3920.19,3920.0,C-ETH-3920-131224,P-ETH-3920-131224,59.52119172,57.86229537,117.38348709,0.0,10.812758620689,10.812758620689,0.01,0.01,0.0003,10.812758620689,0.0299433157806126,0.9078851813935408,0.0740893520001153,0.8337958293934256,2024-12-12 12:00:00+00:00,2024-12-12 17:30:00+05:30,2024-12-13 12:00:00+00:00,settlement,True
ETH,1734177600,2024-12-14 12:00:00+00:00,1734091200,3905.72,3900.0,C-ETH-3900-141224,P-ETH-3900-141224,55.40627044,47.69634053,103.10261097,0.7124137931037,0.0,0.7124137931037,0.01,0.01,0.0003,0.7124137931037,0.0263978500686173,0.993090244889036,0.08044073196564558,0.9126495129233904,2024-12-13 12:00:00+00:00,2024-12-13 17:30:00+05:30,2024-12-14 12:00:00+00:00,settlement,True
ETH,1734264000,2024-12-15 12:00:00+00:00,1734177600,3897.59,3900.0,C-ETH-3900-151224,P-ETH-3900-151224,27.48967735,28.47831649,55.967993840000005,0.0,26.313448275862,26.313448275862,0.01,0.01,0.0003,26.313448275862,0.0143596411731351,0.5298482852344811,0.1254097063935783,0.40443857884090284,2024-12-14 12:00:00+00:00,2024-12-14 17:30:00+05:30,2024-12-15 12:00:00+00:00,settlement,True
ETH,1734350400,2024-12-16 12:00:00+00:00,1734264000,3880.72,3880.0,C-ETH-3880-161224,P-ETH-3880-161224,40.92898004,38.28961524,79.21859528,43.970344827586,0.0,43.970344827586,0.01,0.01,0.0003,43.970344827586,0.0204133756828629,0.4449491982006021,0.09616628326439569,0.3487829149362064,2024-12-15 12:00:00+00:00,2024-12-15 17:30:00+05:30,2024-12-16 12:00:00+00:00,settlement,True
ETH,1734436800,2024-12-17 12:00:00+00:00,1734350400,3922.11,3920.0,C-ETH-3920-171224,P-ETH-3920-171224,57.00147234,51.97884592,108.98031826,85.469655172414,0.0,85.469655172414,0.01,0.01,0.0003,85.469655172414,0.0277861452789442,0.2157331109227942,0.07776064912152514,0.13797246180126907,2024-12-16 12:00:00+00:00,2024-12-16 17:30:00+05:30,2024-12-17 12:00:00+00:00,settlement,True
ETH,1734523200,2024-12-18 12:00:00+00:00,1734436800,3994.99,4000.0,C-ETH-4000-181224,P-ETH-4000-181224,46.92951726,50.5203387,97.44985596,0.0,118.0555172413797,118.0555172413797,0.01,0.01,0.0003,118.0555172413797,0.0243930162428441,-0.2114488634014774,0.08484940175921835,-0.29629826516069574,2024-12-17 12:00:00+00:00,2024-12-17 17:30:00+05:30,2024-12-18 12:00:00+00:00,settlement,False
ETH,1734609600,2024-12-19 12:00:00+00:00,1734523200,3887.72,3880.0,C-ETH-3880-191224,P-ETH-3880-191224,58.35417916,48.80012853,107.15430769,0.0,176.785172413793,176.785172413793,0.01,0.01,0.0003,176.785172413793,0.0275622492592059,-0.6498186234867642,0.07817461702357435,-0.7279932405103385,2024-12-18 12:00:00+00:00,2024-12-18 17:30:00+05:30,2024-12-19 12:00:00+00:00,settlement,False
ETH,1734696000,2024-12-20 12:00:00+00:00,1734609600,3698.27,3700.0,C-ETH-3700-201224,P-ETH-3700-201224,48.51413641,48.38707419,96.9012106,0.0,569.8099999999986,569.8099999999986,0.01,0.01,0.0003,569.8099999999986,0.0262017674750626,-4.880318692323939,0.08084215579531676,-4.961160848119255,2024-12-19 12:00:00+00:00,2024-12-19 17:30:00+05:30,2024-12-20 12:00:00+00:00,settlement,False
ETH,1734782400,2024-12-21 12:00:00+00:00,1734696000,3124.46,3120.0,C-ETH-3120-211224,P-ETH-3120-211224,87.40670279,82.66391283,170.07061562,324.0506896551724,0.0,324.0506896551724,0.01,0.01,0.0003,324.0506896551724,0.0544320028484922,-0.9053890554451816,0.052814107986093026,-0.9582031634312745,2024-12-20 12:00:00+00:00,2024-12-20 17:30:00+05:30,2024-12-21 12:00:00+00:00,settlement,False
ETH,1734868800,2024-12-22 12:00:00+00:00,1734782400,3437.36,3440.0,C-ETH-3440-221224,P-ETH-3440-221224,34.5972401,35.98371727,70.58095737,0.0,53.9013793103436,53.9013793103436,0.01,0.01,0.0003,53.9013793103436,0.0205334784165755,0.2363183878651374,0.0957605517035508,0.1405578361615866,2024-12-21 12:00:00+00:00,2024-12-21 17:30:00+05:30,2024-12-22 12:00:00+00:00,settlement,True
ETH,1734955200,2024-12-23 12:00:00+00:00,1734868800,3380.07,3380.0,C-ETH-3380-231224,P-ETH-3380-231224,54.66351698,52.04387094,106.70738792,0.0,42.1710344827584,42.1710344827584,0.01,0.01,0.0003,42.1710344827584,0.0315695793045706,0.6047974249507952,0.07165330597341829,0.5331441189773769,2024-12-22 12:00:00+00:00,2024-12-22 17:30:00+05:30,2024-12-23 12:00:00+00:00,settlement,True
ETH,1735041600,2024-12-24 12:00:00+00:00,1734955200,3345.01,3340.0,C-ETH-3340-241224,P-ETH-3340-241224,56.223997,50.69055568,106.91455268,70.7762068965517,0.0,70.7762068965517,0.01,0.01,0.0003,70.7762068965517,0.0319624015115051,0.3380114762450718,0.07110205281947592,0.26690942342559587,2024-12-23 12:00:00+00:00,2024-12-23 17:30:00+05:30,2024-12-24 12:00:00+00:00,settlement,True
ETH,1735128000,2024-12-25 12:00:00+00:00,1735041600,3413.24,3420.0,C-ETH-3420-251224,P-ETH-3420-251224,45.21931438,50.87481018,96.09412456,79.6251724137937,0.0,79.6251724137937,0.01,0.01,0.0003,79.6251724137937,0.028153345372725,0.1713835494273458,0.07709597659721891,0.09428757283012688,2024-12-24 12:00:00+00:00,2024-12-24 17:30:00+05:30,2024-12-25 12:00:00+00:00,settlement,True
ETH,1735214400,2024-12-26 12:00:00+00:00,1735128000,3467.3,3460.0,C-ETH-3460-261224,P-ETH-3460-261224,48.85149091,41.79626091,90.64775182,0.0,84.339655172414,84.339655172414,0.01,0.01,0.0003,84.339655172414,0.0261436137109566,0.0695891130329634,0.08096236698014558,-0.01137325394718218,2024-12-25 12:00:00+00:00,2024-12-25 17:30:00+05:30,2024-12-26 12:00:00+00:00,settlement,True
ETH,1735300800,2024-12-27 12:00:00+00:00,1735214400,3364.94,3360.0,C-ETH-3360-271224,P-ETH-3360-271224,55.8819756,49.86019274,105.74216834,50.761034482758,0.0,50.761034482758,0.01,0.01,0.0003,50.761034482758,0.0314246816704012,0.5199546663395195,0.07186012232205755,0.44809454401746196,2024-12-26 12:00:00+00:00,2024-12-26 17:30:00+05:30,2024-12-27 12:00:00+00:00,settlement,True
ETH,1735387200,2024-12-28 12:00:00+00:00,1735300800,3413.5,3420.0,C-ETH-3420-281224,P-ETH-3420-281224,50.64214398,55.77453318,106.41667716,0.0,66.3548275862067,66.3548275862067,0.01,0.01,0.0003,66.3548275862067,0.0311752386582686,0.3764621358507498,0.07222066270996878,0.304241473140781,2024-12-27 12:00:00+00:00,2024-12-27 17:30:00+05:30,2024-12-28 12:00:00+00:00,settlement,True
ETH,1735473600,2024-12-29 12:00:00+00:00,1735387200,3360.81,3360.0,C-ETH-3360-291224,P-ETH-3360-291224,27.75876614,25.90826748,53.66703362,44.5313793103455,0.0,44.5313793103455,0.01,0.01,0.0003,44.5313793103455,0.0159684818897825,0.1702284194491035,0.11547467864343644,0.054753740805667056,2024-12-28 12:00:00+00:00,2024-12-28 17:30:00+05:30,2024-12-29 12:00:00+00:00,settlement,True
ETH,1735560000,2024-12-30 12:00:00+00:00,1735473600,3399.12,3400.0,C-ETH-3400-301224,P-ETH-3400-301224,37.89633237,37.86850828,75.76484065,20.6444827586206,0.0,20.6444827586206,0.01,0.01,0.0003,20.6444827586206,0.0222895457206571,0.7275189575862904,0.0903275396702098,0.6371914179160806,2024-12-29 12:00:00+00:00,2024-12-29 17:30:00+05:30,2024-12-30 12:00:00+00:00,settlement,True
ETH,1735646400,2024-12-31 12:00:00+00:00,1735560000,3424.37,3420.0,C-ETH-3420-311224,P-ETH-3420-311224,51.20932903,45.53262018,96.74194921,0.0,23.894482758621,23.894482758621,0.01,0.01,0.0003,23.894482758621,0.0282510211250536,0.7530080492098347,0.07692208209154813,0.6760859671182865,2024-12-30 12:00:00+00:00,2024-12-30 17:30:00+05:30,2024-12-31 12:00:00+00:00,settlement,True
ETH,1735732800,2025-01-01 12:00:00+00:00,1735646400,3399.09,3400.0,C-ETH-3400-010125,P-ETH-3400-010125,44.31010895,44.74379022,89.05389917,0.0,60.0465517241387,60.0465517241387,0.01,0.01,0.0003,60.0465517241387,0.0261993354603732,0.3257279885127493,0.08084717238502921,0.2448808161277201,2024-12-31 12:00:00+00:00,2024-12-31 17:30:00+05:30,2025-01-01 12:00:00+00:00,settlement,True
ETH,1735819200,2025-01-02 12:00:00+00:00,1735732800,3342.11,3340.0,C-ETH-3340-020125,P-ETH-3340-020125,40.05135737,37.0187068,77.07006417,130.6562068965522,0.0,130.6562068965522,0.01,0.01,0.0003,130.6562068965522,0.0230603014772105,-0.6952912691022637,0.08820422758129903,-0.7834954966835628,2025-01-01 12:00:00+00:00,2025-01-01 17:30:00+05:30,2025-01-02 12:00:00+00:00,settlement,False
ETH,1735905600,2025-01-03 12:00:00+00:00,1735819200,3474.36,3480.0,C-ETH-3480-030125,P-ETH-3480-030125,52.01205627,56.85654667,108.86860294,0.0,19.155517241379,19.155517241379,0.01,0.01,0.0003,19.155517241379,0.0313348653967925,0.8240492049674225,0.07198927980284045,0.7520599251645821,2025-01-02 12:00:00+00:00,2025-01-02 17:30:00+05:30,2025-01-03 12:00:00+00:00,settlement,True
ETH,1735992000,2025-01-04 12:00:00+00:00,1735905600,3462.57,3460.0,C-ETH-3460-040125,P-ETH-3460-040125,38.21771236,34.53394096,72.75165332,134.6806896551725,0.0,134.6806896551725,0.01,0.01,0.0003,134.6806896551725,0.0210108830492957,-0.8512388861154269,0.09419364531599073,-0.9454325314314176,2025-01-03 12:00:00+00:00,2025-01-03 17:30:00+05:30,2025-01-04 12:00:00+00:00,settlement,False
ETH,1736078400,2025-01-05 12:00:00+00:00,1735992000,3604.85,3600.0,C-ETH-3600-050125,P-ETH-3600-050125,25.23187906,19.77015459,45.00203365,12.4534482758622,0.0,12.4534482758622,0.01,0.01,0.0003,12.4534482758622,0.0124837465220466,0.7232692110601495,0.14022748729312146,0.583041723767028,2025-01-04 12:00:00+00:00,2025-01-04 17:30:00+05:30,2025-01-05 12:00:00+00:00,settlement,True
ETH,1736164800,2025-01-06 12:00:00+00:00,1736078400,3613.35,3620.0,C-ETH-3620-060125,P-ETH-3620-060125,31.51851139,36.73829484,68.25680623,33.0524137931043,0.0,33.0524137931043,0.01,0.01,0.0003,33.0524137931043,0.0188901728949589,0.5157638392612455,0.1017596103685146,0.41400422889273086,2025-01-05 12:00:00+00:00,2025-01-05 17:30:00+05:30,2025-01-06 12:00:00+00:00,settlement,True
ETH,1736251200,2025-01-07 12:00:00+00:00,1736164800,3654.83,3660.0,C-ETH-3660-070125,P-ETH-3660-070125,40.37761282,44.41936201,84.79697483000001,0.0,20.3555172413794,20.3555172413794,0.01,0.01,0.0003,20.3555172413794,0.0232013458437191,0.7599499595099011,0.08783094232282766,0.6721190171870735,2025-01-06 12:00:00+00:00,2025-01-06 17:30:00+05:30,2025-01-07 12:00:00+00:00,settlement,True
ETH,1736337600,2025-01-08 12:00:00+00:00,1736251200,3640.85,3640.0,C-ETH-3640-080125,P-ETH-3640-080125,41.05473737,39.11764236,80.17237972999999,0.0,297.355172413794,297.355172413794,0.01,0.01,0.0003,297.355172413794,0.0220202369584025,-2.708947812391374,0.09110448512769873,-2.8000522975190725,2025-01-07 12:00:00+00:00,2025-01-07 17:30:00+05:30,2025-01-08 12:00:00+00:00,settlement,False
ETH,1736424000,2025-01-09 12:00:00+00:00,1736337600,3352.1,3360.0,C-ETH-3360-090125,P-ETH-3360-090125,48.94022107,56.08328811,105.02350918,0.0,55.709310344828,55.709310344828,0.01,0.01,0.0003,55.709310344828,0.0313306611318278,0.4695539048371759,0.07199534375741376,0.3975585610797622,2025-01-08 12:00:00+00:00,2025-01-08 17:30:00+05:30,2025-01-09 12:00:00+00:00,settlement,True
ETH,1736510400,2025-01-10 12:00:00+00:00,1736424000,3298.62,3300.0,C-ETH-3300-100125,P-ETH-3300-100125,40.62419512,41.1253935,81.74958862,5.229999999999,0.0,5.229999999999,0.01,0.01,0.0003,5.229999999999,0.0247829663980694,0.9360241428943477,0.08393601742648132,0.8520881254678663,2025-01-09 12:00:00+00:00,2025-01-09 17:30:00+05:30,2025-01-10 12:00:00+00:00,settlement,True
ETH,1736596800,2025-01-11 12:00:00+00:00,1736510400,3309.19,3300.0,C-ETH-3300-110125,P-ETH-3300-110125,54.38662269,44.01691975,98.40354244,0.0,25.7565517241374,25.7565517241374,0.01,0.01,0.0003,25.7565517241374,0.0297364437944028,0.7382558484635647,0.07441833694002531,0.6638375115235394,2025-01-10 12:00:00+00:00,2025-01-10 17:30:00+05:30,2025-01-11 12:00:00+00:00,settlement,True
ETH,1736683200,2025-01-12 12:00:00+00:00,1736596800,3274.26,3280.0,C-ETH-3280-120125,P-ETH-3280-120125,21.11121593,25.91965227,47.0308682,0.0,26.564482758621,26.564482758621,0.01,0.01,0.0003,26.564482758621,0.014363816007281,0.435169203220854,0.12538104554404123,0.3097881576768128,2025-01-11 12:00:00+00:00,2025-01-11 17:30:00+05:30,2025-01-12 12:00:00+00:00,settlement,True
ETH,1736769600,2025-01-13 12:00:00+00:00,1736683200,3250.64,3260.0,C-ETH-3260-130125,P-ETH-3260-130125,27.49216962,35.92944056,63.42161018,0.0,180.3889655172416,180.3889655172416,0.01,0.01,0.0003,180.3889655172416,0.0195104995262471,-1.844282335394368,0.09937630682879643,-1.9436586422231645,2025-01-12 12:00:00+00:00,2025-01-12 17:30:00+05:30,2025-01-13 12:00:00+00:00,settlement,False
ETH,1736856000,2025-01-14 12:00:00+00:00,1736769600,3045.62,3040.0,C-ETH-3040-140125,P-ETH-3040-140125,57.78927982,48.41256016,106.20183998,176.7300000000005,0.0,176.7300000000005,0.01,0.01,0.0003,176.7300000000005,0.0348703515146341,-0.6640954623129169,0.06740756311578171,-0.7315030254286986,2025-01-13 12:00:00+00:00,2025-01-13 17:30:00+05:30,2025-01-14 12:00:00+00:00,settlement,False
ETH,1736942400,2025-01-15 12:00:00+00:00,1736856000,3214.14,3220.0,C-ETH-3220-150125,P-ETH-3220-150125,46.83697983,52.06194583,98.89892566,0.0,22.124827586207,22.124827586207,0.01,0.01,0.0003,22.124827586207,0.0307699495541575,0.7762884941514034,0.07281892497443737,0.7034695691769661,2025-01-14 12:00:00+00:00,2025-01-14 17:30:00+05:30,2025-01-15 12:00:00+00:00,settlement,True
ETH,1737028800,2025-01-16 12:00:00+00:00,1736942400,3195.62,3200.0,C-ETH-3200-160125,P-ETH-3200-160125,50.74330272,54.49065912,105.23396184,143.5520689655177,0.0,143.5520689655177,0.01,0.01,0.0003,143.5520689655177,0.0329306869527666,-0.3641230117685521,0.06979940666379075,-0.43392241843234286,2025-01-15 12:00:00+00:00,2025-01-15 17:30:00+05:30,2025-01-16 12:00:00+00:00,settlement,False
ETH,1737115200,2025-01-17 12:00:00+00:00,1737028800,3345.75,3350.0,C-ETH-3350-170125,P-ETH-3350-170125,46.9535876,50.0648756,97.0184632,76.658275862069,0.0,76.658275862069,0.01,0.01,0.0003,76.658275862069,0.0289975231861316,0.2098588935176103,0.07563175679905018,0.13422713671856012,2025-01-16 12:00:00+00:00,2025-01-16 17:30:00+05:30,2025-01-17 12:00:00+00:00,settlement,True
ETH,1737201600,2025-01-18 12:00:00+00:00,1737115200,3421.63,3420.0,C-ETH-3420-180125,P-ETH-3420-180125,49.70118556,47.00428104,96.7054666,0.0,119.762068965517,119.762068965517,0.01,0.01,0.0003,119.762068965517,0.0282629818536779,-0.2384208791513861,0.07690087071954628,-0.31532174987093237,2025-01-17 12:00:00+00:00,2025-01-17 17:30:00+05:30,2025-01-18 12:00:00+00:00,settlement,False
ETH,1737288000,2025-01-19 12:00:00+00:00,1737201600,3321.23,3320.0,C-ETH-3320-190125,P-ETH-3320-190125,34.58688072,33.2309801,67.81786081999999,0.0,172.9875862068966,172.9875862068966,0.01,0.01,0.0003,172.9875862068966,0.0204195014557859,-1.5507673659308532,0.09614547364273529,-1.6469128395735884,2025-01-18 12:00:00+00:00,2025-01-18 17:30:00+05:30,2025-01-19 12:00:00+00:00,settlement,False
ETH,1737374400,2025-01-20 12:00:00+00:00,1737288000,3167.58,3160.0,C-ETH-3160-200125,P-ETH-3160-200125,57.19661579,49.35287717,106.54949296,210.6593103448276,0.0,210.6593103448276,0.01,0.01,0.0003,210.6593103448276,0.0336375065381142,-0.977102888926104,0.06889586695718801,-1.045998755883292,2025-01-19 12:00:00+00:00,2025-01-19 17:30:00+05:30,2025-01-20 12:00:00+00:00,settlement,False
ETH,1737460800,2025-01-21 12:00:00+00:00,1737374400,3368.1,3360.0,C-ETH-3360-210125,P-ETH-3360-210125,95.92437814,86.36774187,182.29212001,0.0,56.5037931034476,56.5037931034476,0.01,0.01,0.0003,56.5037931034476,0.0541231317389626,0.6900371058258142,0.05296256588457238,0.6370745399412419,2025-01-20 12:00:00+00:00,2025-01-20 17:30:00+05:30,2025-01-21 12:00:00+00:00,settlement,True
ETH,1737547200,2025-01-22 12:00:00+00:00,1737460800,3296.4,3300.0,C-ETH-3300-220125,P-ETH-3300-220125,58.6137852,62.16933882,120.78312402,16.9096551724133,0.0,16.9096551724133,0.01,0.01,0.0003,16.9096551724133,0.0366409185839097,0.8599998525488272,0.06544531935129523,0.7945545331975319,2025-01-21 12:00:00+00:00,2025-01-21 17:30:00+05:30,2025-01-22 12:00:00+00:00,settlement,True
ETH,1737633600,2025-01-23 12:00:00+00:00,1737547200,3326.98,3320.0,C-ETH-3320-230125,P-ETH-3320-230125,50.65008733,42.76767442,93.41776175,0.0,108.3220689655172,108.3220689655172,0.01,0.01,0.0003,108.3220689655172,0.0280788468070141,-0.1595446833269606,0.07722942146919934,-0.23677410479615993,2025-01-22 12:00:00+00:00,2025-01-22 17:30:00+05:30,2025-01-23 12:00:00+00:00,settlement,False
ETH,1737720000,2025-01-24 12:00:00+00:00,1737633600,3208.97,3200.0,C-ETH-3200-240125,P-ETH-3200-240125,48.98799022,39.04545357,88.03344379,200.3593103448275,0.0,200.3593103448275,0.01,0.01,0.0003,200.3593103448275,0.0274335515102977,-1.2759453875594826,0.07841562838367747,-1.35436101594316,2025-01-23 12:00:00+00:00,2025-01-23 17:30:00+05:30,2025-01-24 12:00:00+00:00,settlement,False
ETH,1737806400,2025-01-25 12:00:00+00:00,1737720000,3397.6,3400.0,C-ETH-3400-250125,P-ETH-3400-250125,45.82603489,47.08943874,92.91547363,0.0,97.6017241379304,97.6017241379304,0.01,0.01,0.0003,97.6017241379304,0.0273473845155403,-0.0504356306312507,0.07857826052050228,-0.129013891151753,2025-01-24 12:00:00+00:00,2025-01-24 17:30:00+05:30,2025-01-25 12:00:00+00:00,settlement,False
ETH,1737892800,2025-01-26 12:00:00+00:00,1737806400,3302.49,3300.0,C-ETH-3300-260125,P-ETH-3300-260125,24.96514829,21.50964818,46.47479647,10.2958620689656,0.0,10.2958620689656,0.01,0.01,0.0003,10.2958620689656,0.0140726532010694,0.7784635361316387,0.12742068465471643,0.6510428514769222,2025-01-25 12:00:00+00:00,2025-01-25 17:30:00+05:30,2025-01-26 12:00:00+00:00,settlement,True
ETH,1737979200,2025-01-27 12:00:00+00:00,1737892800,3308.49,3300.0,C-ETH-3300-270125,P-ETH-3300-270125,34.48401798,25.08894852,59.57296649999999,0.0,233.9262068965522,233.9262068965522,0.01,0.01,0.0003,233.9262068965522,0.0180060893338048,-2.926717446520852,0.10544006302254563,-3.0321575095433975,2025-01-26 12:00:00+00:00,2025-01-26 17:30:00+05:30,2025-01-27 12:00:00+00:00,settlement,False
ETH,1738065600,2025-01-28 12:00:00+00:00,1737979200,3059.64,3060.0,C-ETH-3060-280125,P-ETH-3060-280125,56.37349492,56.04548688,112.4189818,125.7951724137924,0.0,125.7951724137924,0.01,0.01,0.0003,125.7951724137924,0.0367425519995816,-0.118985160687449,0.06533842269900365,-0.18432358338645266,2025-01-27 12:00:00+00:00,2025-01-27 17:30:00+05:30,2025-01-28 12:00:00+00:00,settlement,False
ETH,1738152000,2025-01-29 12:00:00+00:00,1738065600,3190.97,3200.0,C-ETH-3200-290125,P-ETH-3200-290125,38.67929702,46.96544906,85.64474608,0.0,61.539310344828,61.539310344828,0.01,0.01,0.0003,61.539310344828,0.0268397214890769,0.2814584296000519,0.0795576264372293,0.2019008031628226,2025-01-28 12:00:00+00:00,2025-01-28 17:30:00+05:30,2025-01-29 12:00:00+00:00,settlement,True
ETH,1738238400,2025-01-30 12:00:00+00:00,1738152000,3133.22,3140.0,C-ETH-3140-300125,P-ETH-3140-300125,42.62248738,48.61496555,91.23745293,82.610344827587,0.0,82.610344827587,0.01,0.01,0.0003,82.610344827587,0.0291193892959958,0.0945566521791436,0.07542739343900709,0.019129258740136504,2025-01-29 12:00:00+00:00,2025-01-29 17:30:00+05:30,2025-01-30 12:00:00+00:00,settlement,True
ETH,1738324800,2025-01-31 12:00:00+00:00,1738238400,3219.77,3220.0,C-ETH-3220-310125,P-ETH-3220-310125,44.72589644,44.49325635,89.21915279000001,107.3986206896548,0.0,107.3986206896548,0.01,0.01,0.0003,107.3986206896548,0.0277097906962298,-0.2037619427125115,0.07790107165813627,-0.2816630143706478,2025-01-30 12:00:00+00:00,2025-01-30 17:30:00+05:30,2025-01-31 12:00:00+00:00,settlement,False
ETH,1738411200,2025-02-01 12:00:00+00:00,1738324800,3326.8,3320.0,C-ETH-3320-010225,P-ETH-3320-010225,53.72830689,45.91086774,99.63917463,0.0,72.2920689655166,72.2920689655166,0.01,0.01,0.0003,72.2920689655166,0.0299504552813514,0.2744613829453536,0.07407807930457964,0.20038330364077395,2025-01-31 12:00:00+00:00,2025-01-31 17:30:00+05:30,2025-02-01 12:00:00+00:00,settlement,True
ETH,1738497600,2025-02-02 12:00:00+00:00,1738411200,3253.52,3260.0,C-ETH-3260-020225,P-ETH-3260-020225,20.93701126,26.6256355,47.56264676,0.0,191.5924137931033,191.5924137931033,0.01,0.01,0.0003,191.5924137931033,0.0146188272271263,-3.028211776352021,0.12366139510374041,-3.1518731714557617,2025-02-01 12:00:00+00:00,2025-02-01 17:30:00+05:30,2025-02-02 12:00:00+00:00,settlement,False
ETH,1738584000,2025-02-03 12:00:00+00:00,1738497600,3068.82,3060.0,C-ETH-3060-030225,P-ETH-3060-030225,50.31089634,40.78010284,91.09099918,0.0,472.8475862068963,472.8475862068963,0.01,0.01,0.0003,472.8475862068963,0.0296827442404572,-4.190936431299077,0.07450448407765506,-4.2654409153767325,2025-02-02 12:00:00+00:00,2025-02-02 17:30:00+05:30,2025-02-03 12:00:00+00:00,settlement,False
ETH,1738670400,2025-02-04 12:00:00+00:00,1738584000,2593.78,2600.0,C-ETH-2600-040225,P-ETH-2600-040225,60.7389533,66.20657481,126.94552811,169.389310344827,0.0,169.389310344827,0.01,0.01,0.0003,169.389310344827,0.0489422881316071,-0.3343464150863897,0.055732035138862684,-0.39007845022525234,2025-02-03 12:00:00+00:00,2025-02-03 17:30:00+05:30,2025-02-04 12:00:00+00:00,settlement,False
ETH,1738756800,2025-02-05 12:00:00+00:00,1738670400,2765.54,2760.0,C-ETH-2760-050225,P-ETH-2760-050225,60.14759419,53.6982376,113.84583179,35.5817241379305,0.0,35.5817241379305,0.01,0.01,0.0003,35.5817241379305,0.0411658597561416,0.6874569443739974,0.061197435359982795,0.6262595090140146,2025-02-04 12:00:00+00:00,2025-02-04 17:30:00+05:30,2025-02-05 12:00:00+00:00,settlement,True
ETH,1738843200,2025-02-06 12:00:00+00:00,1738756800,2796.94,2800.0,C-ETH-2800-060225,P-ETH-2800-060225,47.49044526,49.50870625,96.99915151,6.892068965517,0.0,6.892068965517,0.01,0.01,0.0003,6.892068965517,0.0346804548935622,0.9289471211012968,0.06762991426571086,0.861317206835586,2025-02-05 12:00:00+00:00,2025-02-05 17:30:00+05:30,2025-02-06 12:00:00+00:00,settlement,True
ETH,1738929600,2025-02-07 12:00:00+00:00,1738843200,2804.89,2800.0,C-ETH-2800-070225,P-ETH-2800-070225,46.34001911,40.62590601,86.96592512000001,0.0,44.3853571428567,44.3853571428567,0.01,0.01,0.0003,44.3853571428567,0.0310051107601367,0.4896235843911103,0.07246989006923818,0.4171536943218721,2025-02-06 12:00:00+00:00,2025-02-06 17:30:00+05:30,2025-02-07 12:00:00+00:00,settlement,True
ETH,1739016000,2025-02-08 12:00:00+00:00,1738929600,2761.9,2760.0,C-ETH-2760-080225,P-ETH-2760-080225,44.83507478,41.64265645,86.47773122999999,0.0,150.9017241379315,150.9017241379315,0.01,0.01,0.0003,150.9017241379315,0.0313109566711321,-0.7449778340806215,0.07202378587382838,-0.8170016199544499,2025-02-07 12:00:00+00:00,2025-02-07 17:30:00+05:30,2025-02-08 12:00:00+00:00,settlement,False
ETH,1739102400,2025-02-09 12:00:00+00:00,1739016000,2617.47,2620.0,C-ETH-2620-090225,P-ETH-2620-090225,24.04186254,25.98222276,50.0240853,40.7134482758615,0.0,40.7134482758615,0.01,0.01,0.0003,40.7134482758615,0.0191116174397414,0.186123083876528,0.1008910602917111,0.08523202358481691,2025-02-08 12:00:00+00:00,2025-02-08 17:30:00+05:30,2025-02-09 12:00:00+00:00,settlement,True
ETH,1739188800,2025-02-10 12:00:00+00:00,1739102400,2660.63,2660.0,C-ETH-2660-100225,P-ETH-2660-100225,34.06561236,33.0939014,67.15951376000001,0.0,6.2451724137936,6.2451724137936,0.01,0.01,0.0003,6.2451724137936,0.0252419591450145,0.9070098625771588,0.082897072016681,0.8241127905604777,2025-02-09 12:00:00+00:00,2025-02-09 17:30:00+05:30,2025-02-10 12:00:00+00:00,settlement,True
ETH,1739275200,2025-02-11 12:00:00+00:00,1739188800,2654.39,2660.0,C-ETH-2660-110225,P-ETH-2660-110225,37.89723619,42.38122819,80.27846438,44.310344827586,0.0,44.310344827586,0.01,0.01,0.0003,44.310344827586,0.0302436583847889,0.4480419478648478,0.07361973265219052,0.3744222152126573,2025-02-10 12:00:00+00:00,2025-02-10 17:30:00+05:30,2025-02-11 12:00:00+00:00,settlement,True
ETH,1739361600,2025-02-12 12:00:00+00:00,1739275200,2701.47,2700.0,C-ETH-2700-120225,P-ETH-2700-120225,38.50370073,36.24546239,74.74916311999999,0.0,69.807931034482,69.807931034482,0.01,0.01,0.0003,69.807931034482,0.0276698105549941,0.0661041793549647,0.07797490765560827,-0.011870728300643577,2025-02-11 12:00:00+00:00,2025-02-11 17:30:00+05:30,2025-02-12 12:00:00+00:00,settlement,True
ETH,1739448000,2025-02-13 12:00:00+00:00,1739361600,2629.12,2620.0,C-ETH-2620-130225,P-ETH-2620-130225,45.2310958,35.40164433,80.63274013,39.3634482758625,0.0,39.3634482758625,0.01,0.01,0.0003,39.3634482758625,0.0306690984549963,0.5118180504296537,0.0729702518604461,0.4388477985692076,2025-02-12 12:00:00+00:00,2025-02-12 17:30:00+05:30,2025-02-13 12:00:00+00:00,settlement,True
ETH,1739534400,2025-02-14 12:00:00+00:00,1739448000,2655.92,2660.0,C-ETH-2660-140225,P-ETH-2660-140225,41.00748202,44.32329556,85.33077757999999,29.505517241379,0.0,29.505517241379,0.01,0.01,0.0003,29.505517241379,0.0321285195261905,0.6542218636913657,0.07087299249645489,0.5833488711949109,2025-02-13 12:00:00+00:00,2025-02-13 17:30:00+05:30,2025-02-14 12:00:00+00:00,settlement,True
ETH,1739620800,2025-02-15 12:00:00+00:00,1739534400,2679.68,2680.0,C-ETH-2680-150225,P-ETH-2680-150225,35.51986727,34.9808204,70.50068766999999,25.9931034482756,0.0,25.9931034482756,0.01,0.01,0.0003,25.9931034482756,0.026309368159631,0.6313070934861761,0.08062113289108573,0.5506859605950903,2025-02-14 12:00:00+00:00,2025-02-14 17:30:00+05:30,2025-02-15 12:00:00+00:00,settlement,True
ETH,1739707200,2025-02-16 12:00:00+00:00,1739620800,2709.11,2700.0,C-ETH-2700-160225,P-ETH-2700-160225,24.9514583,14.74780167,39.69925997,9.394137931034,0.0,9.394137931034,0.01,0.01,0.0003,9.394137931034,0.0146539859843269,0.7633674295658665,0.12342899920297934,0.6399384303628871,2025-02-15 12:00:00+00:00,2025-02-15 17:30:00+05:30,2025-02-16 12:00:00+00:00,settlement,True
ETH,1739793600,2025-02-17 12:00:00+00:00,1739707200,2710.73,2720.0,C-ETH-2720-170225,P-ETH-2720-170225,22.65918493,30.85243276,53.51161769,29.6600000000003,0.0,29.6600000000003,0.01,0.01,0.0003,29.6600000000003,0.0197406667908644,0.4457278385448058,0.09853009984927628,0.3471977386955295,2025-02-16 12:00:00+00:00,2025-02-16 17:30:00+05:30,2025-02-17 12:00:00+00:00,settlement,True
ETH,1739880000,2025-02-18 12:00:00+00:00,1739793600,2759.41,2760.0,C-ETH-2760-180225,P-ETH-2760-180225,37.21358113,36.63956539,73.85314652,0.0,72.595517241378,72.595517241378,0.01,0.01,0.0003,72.595517241378,0.0267641077331748,0.0170287839839215,0.07970667688670335,-0.06267789290278186,2025-02-17 12:00:00+00:00,2025-02-17 17:30:00+05:30,2025-02-18 12:00:00+00:00,settlement,True
ETH,1739966400,2025-02-19 12:00:00+00:00,1739880000,2681.75,2680.0,C-ETH-2680-190225,P-ETH-2680-190225,38.79090207,36.69139528,75.48229735000001,47.577931034482,0.0,47.577931034482,0.01,0.01,0.0003,47.577931034482,0.0281466569777197,0.3696809357315885,0.07710792826021476,0.2925730074713737,2025-02-18 12:00:00+00:00,2025-02-18 17:30:00+05:30,2025-02-19 12:00:00+00:00,settlement,True
ETH,1740052800,2025-02-20 12:00:00+00:00,1739966400,2726.38,2720.0,C-ETH-2720-200225,P-ETH-2720-200225,39.11051506,32.08528174,71.1957968,19.7455172413797,0.0,19.7455172413797,0.01,0.01,0.0003,19.7455172413797,0.0261136733690828,0.7226589471728518,0.08102446623983847,0.6416344809330133,2025-02-19 12:00:00+00:00,2025-02-19 17:30:00+05:30,2025-02-20 12:00:00+00:00,settlement,True
ETH,1740139200,2025-02-21 12:00:00+00:00,1740052800,2742.75,2740.0,C-ETH-2740-210225,P-ETH-2740-210225,32.73278752,29.29899484,62.03178236,54.8037931034482,0.0,54.8037931034482,0.01,0.01,0.0003,54.8037931034482,0.0226166374478169,0.1165207411678796,0.08940877653749879,0.027111964630380805,2025-02-20 12:00:00+00:00,2025-02-20 17:30:00+05:30,2025-02-21 12:00:00+00:00,settlement,True
ETH,1740225600,2025-02-22 12:00:00+00:00,1740139200,2791.46,2800.0,C-ETH-2800-220225,P-ETH-2800-220225,29.6792894,37.26063333,66.93992272999999,0.0,62.7237931034483,62.7237931034483,0.01,0.01,0.0003,62.7237931034483,0.0239802550385819,0.0629837838856987,0.08584857966363536,-0.022864795777936667,2025-02-21 12:00:00+00:00,2025-02-21 17:30:00+05:30,2025-02-22 12:00:00+00:00,settlement,True
ETH,1740312000,2025-02-23 12:00:00+00:00,1740225600,2733.78,2740.0,C-ETH-2740-230225,P-ETH-2740-230225,20.66170342,26.63699627,47.29869969,56.077931034482,0.0,56.077931034482,0.01,0.01,0.0003,56.077931034482,0.0173015749950617,-0.1856125306196974,0.10864226004881956,-0.29425479066851695,2025-02-22 12:00:00+00:00,2025-02-22 17:30:00+05:30,2025-02-23 12:00:00+00:00,settlement,False
ETH,1740398400,2025-02-24 12:00:00+00:00,1740312000,2805.02,2800.0,C-ETH-2800-240225,P-ETH-2800-240225,32.731605,27.35322935,60.08483435,0.0,114.2668965517237,114.2668965517237,0.01,0.01,0.0003,114.2668965517237,0.021420465576003,-0.9017593671991824,0.09290500574676211,-0.9946643729459445,2025-02-23 12:00:00+00:00,2025-02-23 17:30:00+05:30,2025-02-24 12:00:00+00:00,settlement,False
ETH,1740484800,2025-02-25 12:00:00+00:00,1740398400,2682.53,2680.0,C-ETH-2680-250225,P-ETH-2680-250225,39.1128603,35.91261354,75.02547384,0.0,271.8248275862074,271.8248275862074,0.01,0.01,0.0003,271.8248275862074,0.0279681769970885,-2.623100444069216,0.07742897020951359,-2.7005294142787295,2025-02-24 12:00:00+00:00,2025-02-24 17:30:00+05:30,2025-02-25 12:00:00+00:00,settlement,False
ETH,1740571200,2025-02-26 12:00:00+00:00,1740484800,2425.29,2420.0,C-ETH-2420-260225,P-ETH-2420-260225,54.22647188,48.63065099,102.85712287,50.8834482758625,0.0,50.8834482758625,0.01,0.01,0.0003,50.8834482758625,0.0424102366603581,0.5052997122992295,0.06018816548796976,0.4451115468112598,2025-02-25 12:00:00+00:00,2025-02-25 17:30:00+05:30,2025-02-26 12:00:00+00:00,settlement,True
ETH,1740657600,2025-02-27 12:00:00+00:00,1740571200,2460.41,2460.0,C-ETH-2460-270225,P-ETH-2460-270225,38.64632025,37.64067125,76.2869915,0.0,105.145862068966,105.145862068966,0.01,0.01,0.0003,105.145862068966,0.0310058045203848,-0.3782934678839182,0.07246886819753535,-0.45076233608145355,2025-02-26 12:00:00+00:00,2025-02-26 17:30:00+05:30,2025-02-27 12:00:00+00:00,settlement,False
ETH,1740744000,2025-02-28 12:00:00+00:00,1740657600,2353.23,2350.0,C-ETH-2350-280225,P-ETH-2350-280225,44.03302977,40.01902642,84.05205619,0.0,216.88,216.88,0.01,0.01,0.0003,216.88,0.0357177395282229,-1.5803057037622246,0.0664441661399408,-1.6467498699021654,2025-02-27 12:00:00+00:00,2025-02-27 17:30:00+05:30,2025-02-28 12:00:00+00:00,settlement,False
ETH,1740830400,2025-03-01 12:00:00+00:00,1740744000,2127.0,2120.0,C-ETH-2120-010325,P-ETH-2120-010325,53.88751695,46.47960898,100.36712593,63.766896551724,0.0,63.766896551724,0.01,0.01,0.0003,63.766896551724,0.0471871772120357,0.3646635194456245,0.056808152291822823,0.30785536715380163,2025-02-28 12:00:00+00:00,2025-02-28 17:30:00+05:30,2025-03-01 12:00:00+00:00,settlement,True
ETH,1740916800,2025-03-02 12:00:00+00:00,1740830400,2178.92,2180.0,C-ETH-2180-020325,P-ETH-2180-020325,22.11335069,22.8518386,44.96518929,61.303103448276,0.0,61.303103448276,0.01,0.01,0.0003,61.303103448276,0.020636457185211,-0.3633458329932897,0.09541642903583115,-0.45876226202912085,2025-03-01 12:00:00+00:00,2025-03-01 17:30:00+05:30,2025-03-02 12:00:00+00:00,settlement,False
ETH,1741003200,2025-03-03 12:00:00+00:00,1740916800,2235.0,2240.0,C-ETH-2240-030325,P-ETH-2240-030325,28.97328651,33.49653297,62.46981948,115.12275862069,0.0,115.12275862069,0.01,0.01,0.0003,115.12275862069,0.0279507022281879,-0.8428540306178904,0.07746062342333504,-0.9203146540412255,2025-03-02 12:00:00+00:00,2025-03-02 17:30:00+05:30,2025-03-03 12:00:00+00:00,settlement,False
ETH,1741089600,2025-03-04 12:00:00+00:00,1741003200,2373.45,2380.0,C-ETH-2380-040325,P-ETH-2380-040325,48.92707773,53.90158251,102.82866024,0.0,272.6775862068966,272.6775862068966,0.01,0.01,0.0003,272.6775862068966,0.0433245529671996,-1.651766400247486,0.05948354554222478,-1.7112499457897108,2025-03-03 12:00:00+00:00,2025-03-03 17:30:00+05:30,2025-03-04 12:00:00+00:00,settlement,False
ETH,1741176000,2025-03-05 12:00:00+00:00,1741089600,2100.6,2100.0,C-ETH-2100-050325,P-ETH-2100-050325,49.4444276,48.30059721,97.74502481,124.113793103448,0.0,124.113793103448,0.01,0.01,0.0003,124.113793103448,0.0465319550652194,-0.2697709509481888,0.057230700752103056,-0.3270016517002919,2025-03-04 12:00:00+00:00,2025-03-04 17:30:00+05:30,2025-03-05 12:00:00+00:00,settlement,False
ETH,1741262400,2025-03-06 12:00:00+00:00,1741176000,2216.84,2220.0,C-ETH-2220-060325,P-ETH-2220-060325,46.09463054,48.64490866,94.7395392,76.182068965518,0.0,76.182068965518,0.01,0.01,0.0003,76.182068965518,0.0427362999584994,0.1958788314908966,0.05993342524680551,0.1359454062440911,2025-03-05 12:00:00+00:00,2025-03-05 17:30:00+05:30,2025-03-06 12:00:00+00:00,settlement,True
ETH,1741348800,2025-03-07 12:00:00+00:00,1741262400,2291.2,2300.0,C-ETH-2300-070325,P-ETH-2300-070325,33.91049405,42.35279344,76.26328749,0.0,104.944827586207,104.944827586207,0.01,0.01,0.0003,104.944827586207,0.0332853035483589,-0.3760858079972996,0.06934129748111649,-0.44542710547841613,2025-03-06 12:00:00+00:00,2025-03-06 17:30:00+05:30,2025-03-07 12:00:00+00:00,settlement,False
ETH,1741435200,2025-03-08 12:00:00+00:00,1741348800,2196.36,2200.0,C-ETH-2200-080325,P-ETH-2200-080325,44.15900703,47.44292693,91.60193396,0.0,65.7024137931035,65.7024137931035,0.01,0.01,0.0003,65.7024137931035,0.0417062475914695,0.2827398838348335,0.06075174780215962,0.2219881360326739,2025-03-07 12:00:00+00:00,2025-03-07 17:30:00+05:30,2025-03-08 12:00:00+00:00,settlement,True
ETH,1741521600,2025-03-09 12:00:00+00:00,1741435200,2146.17,2140.0,C-ETH-2140-090325,P-ETH-2140-090325,24.86553387,18.26270056,43.12823443,4.768965517241,0.0,4.768965517241,0.01,0.01,0.0003,4.768965517241,0.0200954418475703,0.8894235857259274,0.09726374052089848,0.7921598452050289,2025-03-08 12:00:00+00:00,2025-03-08 17:30:00+05:30,2025-03-09 12:00:00+00:00,settlement,True
ETH,1741608000,2025-03-10 12:00:00+00:00,1741521600,2143.27,2140.0,C-ETH-2140-100325,P-ETH-2140-100325,33.85679372,30.2551979,64.11199162,0.0,19.5086206896553,19.5086206896553,0.01,0.01,0.0003,19.5086206896553,0.0299131661526545,0.6957102689106056,0.07413701517164004,0.6215732537389655,2025-03-09 12:00:00+00:00,2025-03-09 17:30:00+05:30,2025-03-10 12:00:00+00:00,settlement,True
ETH,1741694400,2025-03-11 12:00:00+00:00,1741608000,2135.18,2140.0,C-ETH-2140-110325,P-ETH-2140-110325,39.71331698,44.03289029,83.74620727,0.0,223.0493103448275,223.0493103448275,0.01,0.01,0.0003,223.0493103448275,0.0392220830421791,-1.663395962825046,0.06290211111116267,-1.7262980739362088,2025-03-10 12:00:00+00:00,2025-03-10 17:30:00+05:30,2025-03-11 12:00:00+00:00,settlement,False
ETH,1741780800,2025-03-12 12:00:00+00:00,1741694400,1907.52,1900.0,C-ETH-1900-120325,P-ETH-1900-120325,46.34762919,38.48259021,84.8302194,11.25,0.0,11.25,0.01,0.01,0.0003,11.25,0.0444714704957222,0.8673821654644925,0.05864063814881515,0.8087415273156774,2025-03-11 12:00:00+00:00,2025-03-11 17:30:00+05:30,2025-03-12 12:00:00+00:00,settlement,True
ETH,1741867200,2025-03-13 12:00:00+00:00,1741780800,1917.76,1920.0,C-ETH-1920-130325,P-ETH-1920-130325,46.30855258,48.37979033,94.68834291,0.0,24.3375862068963,24.3375862068963,0.01,0.01,0.0003,24.3375862068963,0.0493744487892124,0.7429716746650762,0.055478801175991556,0.6874928734890846,2025-03-12 12:00:00+00:00,2025-03-12 17:30:00+05:30,2025-03-13 12:00:00+00:00,settlement,True
ETH,1741953600,2025-03-14 12:00:00+00:00,1741867200,1898.69,1900.0,C-ETH-1900-140325,P-ETH-1900-140325,35.73291339,36.31255894,72.04547233,3.5324137931038,0.0,3.5324137931038,0.01,0.01,0.0003,3.5324137931038,0.0379448316102154,0.950969662924496,0.06411733519193655,0.8868523277325595,2025-03-13 12:00:00+00:00,2025-03-13 17:30:00+05:30,2025-03-14 12:00:00+00:00,settlement,True
ETH,1742040000,2025-03-15 12:00:00+00:00,1741953600,1900.19,1900.0,C-ETH-1900-150325,P-ETH-1900-150325,29.36494437,28.87201498,58.23695935,29.9182758620689,0.0,29.9182758620689,0.01,0.01,0.0003,29.9182758620689,0.030647966440198,0.4862665187881431,0.07300208661357592,0.41326443217456715,2025-03-14 12:00:00+00:00,2025-03-14 17:30:00+05:30,2025-03-15 12:00:00+00:00,settlement,True
ETH,1742126400,2025-03-16 12:00:00+00:00,1742040000,1926.81,1920.0,C-ETH-1920-160325,P-ETH-1920-160325,18.97251309,11.53827539,30.51078848,0.0,46.896,46.896,0.01,0.01,0.0003,46.896,0.0158348713573211,-0.5370300912000553,0.11622289255449618,-0.6532529837545514,2025-03-15 12:00:00+00:00,2025-03-15 17:30:00+05:30,2025-03-16 12:00:00+00:00,settlement,False
ETH,1742212800,2025-03-17 12:00:00+00:00,1742126400,1878.41,1880.0,C-ETH-1880-170325,P-ETH-1880-170325,24.81024398,26.20275065,51.01299463,33.2334482758617,0.0,33.2334482758617,0.01,0.01,0.0003,33.2334482758617,0.0271575399566654,0.3485297517445174,0.07894021602322858,0.2695895357212888,2025-03-16 12:00:00+00:00,2025-03-16 17:30:00+05:30,2025-03-17 12:00:00+00:00,settlement,True
ETH,1742299200,2025-03-18 12:00:00+00:00,1742212800,1912.79,1920.0,C-ETH-1920-180325,P-ETH-1920-180325,25.58010029,32.66166892,58.24176921,0.0,27.3786206896552,27.3786206896552,0.01,0.01,0.0003,27.3786206896552,0.0304485956168737,0.5299143370638826,0.073304607891186,0.4566097291726966,2025-03-17 12:00:00+00:00,2025-03-17 17:30:00+05:30,2025-03-18 12:00:00+00:00,settlement,True
ETH,1742385600,2025-03-19 12:00:00+00:00,1742299200,1894.05,1900.0,C-ETH-1900-190325,P-ETH-1900-190325,20.81585897,26.49726563,47.3131246,123.2744827586207,0.0,123.2744827586207,0.01,0.01,0.0003,123.2744827586207,0.0249798709643356,-1.60550288742969,0.08348564109164752,-1.6889885285213375,2025-03-18 12:00:00+00:00,2025-03-18 17:30:00+05:30,2025-03-19 12:00:00+00:00,settlement,False
ETH,1742472000,2025-03-20 12:00:00+00:00,1742385600,2018.98,2020.0,C-ETH-2020-200325,P-ETH-2020-200325,40.38676698,40.40263275,80.78939973,0.0,28.6782758620689,28.6782758620689,0.01,0.01,0.0003,28.6782758620689,0.0400149579143924,0.6450242735072628,0.06218676719414214,0.5828375063131206,2025-03-19 12:00:00+00:00,2025-03-19 17:30:00+05:30,2025-03-20 12:00:00+00:00,settlement,True
ETH,1742558400,2025-03-21 12:00:00+00:00,1742472000,1986.85,1980.0,C-ETH-1980-210325,P-ETH-1980-210325,33.97616481,26.9628368,60.939001610000005,0.0,14.0989655172418,14.0989655172418,0.01,0.01,0.0003,14.0989655172418,0.0306711637063693,0.7686380619184909,0.07296714297364412,0.6956709189448468,2025-03-20 12:00:00+00:00,2025-03-20 17:30:00+05:30,2025-03-21 12:00:00+00:00,settlement,True
ETH,1742644800,2025-03-22 12:00:00+00:00,1742558400,1967.88,1960.0,C-ETH-1960-220325,P-ETH-1960-220325,28.47015227,20.29687807,48.767030340000005,30.7018390804606,0.0,30.7018390804606,0.01,0.01,0.0003,30.7018390804606,0.0247815061589121,0.3704386166963678,0.08393938414073214,0.28649923255563564,2025-03-21 12:00:00+00:00,2025-03-21 17:30:00+05:30,2025-03-22 12:00:00+00:00,settlement,True
ETH,1742731200,2025-03-23 12:00:00+00:00,1742644800,1992.3433333333328,2000.0,C-ETH-2000-230325,P-ETH-2000-230325,9.46553893,17.56645259,27.03199152,10.250229885058,0.0,10.250229885058,0.01,0.01,0.0003,10.250229885058,0.0135679383506524,0.6208111460276902,0.13116368174770718,0.48964746427998296,2025-03-22 12:00:00+00:00,2025-03-22 17:30:00+05:30,2025-03-23 12:00:00+00:00,settlement,True
ETH,1742817600,2025-03-24 12:00:00+00:00,1742731200,2010.6333333333328,2020.0,C-ETH-2020-240325,P-ETH-2020-240325,13.74789268,22.73260523,36.48049791,72.928620689655,0.0,72.928620689655,0.01,0.01,0.0003,72.928620689655,0.0181437845007377,-0.9991125359520898,0.10484325497486059,-1.1039557909269504,2025-03-23 12:00:00+00:00,2025-03-23 17:30:00+05:30,2025-03-24 12:00:00+00:00,settlement,False
ETH,1742904000,2025-03-25 12:00:00+00:00,1742817600,2087.61,2080.0,C-ETH-2080-250325,P-ETH-2080-250325,30.5759171,23.53775804,54.11367514,0.0,9.065517241379,9.065517241379,0.01,0.01,0.0003,9.065517241379,0.0259213527143479,0.8324727119729869,0.08142677876437428,0.7510459332086126,2025-03-24 12:00:00+00:00,2025-03-24 17:30:00+05:30,2025-03-25 12:00:00+00:00,settlement,True
ETH,1742990400,2025-03-26 12:00:00+00:00,1742904000,2065.6666666666665,2060.0,C-ETH-2060-260325,P-ETH-2060-260325,25.61821609,19.80790855,45.42612464,10.073103448276,0.0,10.073103448276,0.01,0.01,0.0003,10.073103448276,0.0219910237082459,0.7782530751169092,0.09118990830013272,0.6870631668167765,2025-03-25 12:00:00+00:00,2025-03-25 17:30:00+05:30,2025-03-26 12:00:00+00:00,settlement,True
ETH,1743076800,2025-03-27 12:00:00+00:00,1742990400,2069.15,2060.0,C-ETH-2060-270325,P-ETH-2060-270325,26.0009863,16.7660817,42.767068,0.0,43.089540229885,43.089540229885,0.01,0.01,0.0003,43.089540229885,0.0206689065558321,-0.0075401996200675,0.09530870394014385,-0.10284890356021134,2025-03-26 12:00:00+00:00,2025-03-26 17:30:00+05:30,2025-03-27 12:00:00+00:00,settlement,False
ETH,1743163200,2025-03-28 12:00:00+00:00,1743076800,2014.7333333333336,2020.0,C-ETH-2020-280325,P-ETH-2020-280325,21.68288072,26.37451044,48.05739116,0.0,122.09908045977,122.09908045977,0.01,0.01,0.0003,122.09908045977,0.0238529786373713,-1.5406930653655146,0.08616365522842918,-1.626856720593944,2025-03-27 12:00:00+00:00,2025-03-27 17:30:00+05:30,2025-03-28 12:00:00+00:00,settlement,False
ETH,1743249600,2025-03-29 12:00:00+00:00,1743163200,1894.9266666666665,1900.0,C-ETH-1900-290325,P-ETH-1900-290325,27.43676311,31.45611643,58.89287954,0.0,59.9498850574712,59.9498850574712,0.01,0.01,0.0003,59.9498850574712,0.0310792394111997,-0.0179479340410461,0.07236096052626466,-0.09030889456731075,2025-03-28 12:00:00+00:00,2025-03-28 17:30:00+05:30,2025-03-29 12:00:00+00:00,settlement,False
ETH,1743336000,2025-03-30 12:00:00+00:00,1743249600,1842.64,1840.0,C-ETH-1840-300325,P-ETH-1840-300325,21.25505672,18.24120685,39.49626357,0.0,6.8805747126435,6.8805747126435,0.01,0.01,0.0003,6.8805747126435,0.0214346066350453,0.8257917562138777,0.092861394272795,0.7329303619410827,2025-03-29 12:00:00+00:00,2025-03-29 17:30:00+05:30,2025-03-30 12:00:00+00:00,settlement,True
ETH,1743422400,2025-03-31 12:00:00+00:00,1743336000,1830.39,1840.0,C-ETH-1840-310325,P-ETH-1840-310325,19.76272889,28.85713209,48.61986098,0.0,30.7285057471265,30.7285057471265,0.01,0.01,0.0003,30.7285057471265,0.0265625691683193,0.3679845000016184,0.08010809648069875,0.2878764035209197,2025-03-30 12:00:00+00:00,2025-03-30 17:30:00+05:30,2025-03-31 12:00:00+00:00,settlement,True
ETH,1743508800,2025-04-01 12:00:00+00:00,1743422400,1811.986666666667,1820.0,C-ETH-1820-010425,P-ETH-1820-010425,25.15607189,32.73336186,57.88943375,42.6205747126442,0.0,42.6205747126442,0.01,0.01,0.0003,42.6205747126442,0.03194804620527,0.2637589979424493,0.07112195918655016,0.1926370387558991,2025-03-31 12:00:00+00:00,2025-03-31 17:30:00+05:30,2025-04-01 12:00:00+00:00,settlement,True
ETH,1743595200,2025-04-02 12:00:00+00:00,1743508800,1867.1966666666667,1860.0,C-ETH-1860-020425,P-ETH-1860-020425,30.45781313,23.13001186,53.58782499,11.2581609195404,0.0,11.2581609195404,0.01,0.01,0.0003,11.2581609195404,0.0286996147468843,0.7899119637409937,0.0761386413890354,0.7137733223519583,2025-04-01 12:00:00+00:00,2025-04-01 17:30:00+05:30,2025-04-02 12:00:00+00:00,settlement,True
ETH,1743681600,2025-04-03 12:00:00+00:00,1743595200,1868.763333333333,1860.0,C-ETH-1860-030425,P-ETH-1860-030425,34.96327116,26.18844204,61.1517132,0.0,63.4371264367808,63.4371264367808,0.01,0.01,0.0003,63.4371264367808,0.0327230913135067,-0.0373728407134928,0.07007219535690783,-0.10744503607040062,2025-04-02 12:00:00+00:00,2025-04-02 17:30:00+05:30,2025-04-03 12:00:00+00:00,settlement,False
ETH,1743768000,2025-04-04 12:00:00+00:00,1743681600,1794.033333333333,1800.0,C-ETH-1800-040425,P-ETH-1800-040425,27.5036763,33.03573036,60.53940666,0.0,25.3964367816095,25.3964367816095,0.01,0.01,0.0003,25.3964367816095,0.0337448616673789,0.5804974283239944,0.0687619441311518,0.5117354841928426,2025-04-03 12:00:00+00:00,2025-04-03 17:30:00+05:30,2025-04-04 12:00:00+00:00,settlement,True
ETH,1743854400,2025-04-05 12:00:00+00:00,1743768000,1778.8966666666663,1780.0,C-ETH-1780-050425,P-ETH-1780-050425,36.55326761,37.50931763,74.06258524,28.5979310344826,0.0,28.5979310344826,0.01,0.01,0.0003,28.5979310344826,0.0416340007982476,0.6138680422535762,0.060810663708773326,0.5530573785448029,2025-04-04 12:00:00+00:00,2025-04-04 17:30:00+05:30,2025-04-05 12:00:00+00:00,settlement,True
ETH,1743940800,2025-04-06 12:00:00+00:00,1743854400,1808.2833333333333,1800.0,C-ETH-1800-060425,P-ETH-1800-060425,19.90151449,11.94636019,31.84787468,0.0,11.7709195402297,11.7709195402297,0.01,0.01,0.0003,11.7709195402297,0.0176122149073246,0.6304017251229117,0.10719874640702397,0.5232029787158877,2025-04-05 12:00:00+00:00,2025-04-05 17:30:00+05:30,2025-04-06 12:00:00+00:00,settlement,True
ETH,1744027200,2025-04-07 12:00:00+00:00,1743940800,1790.9533333333331,1800.0,C-ETH-1800-070425,P-ETH-1800-070425,18.62714306,27.38731926,46.01446232000001,0.0,317.8112643678162,317.8112643678162,0.01,0.01,0.0003,317.8112643678162,0.0256927198847541,-5.906769053556467,0.08191288825595473,-5.988681941812422,2025-04-06 12:00:00+00:00,2025-04-06 17:30:00+05:30,2025-04-07 12:00:00+00:00,settlement,False
ETH,1744113600,2025-04-08 12:00:00+00:00,1744027200,1485.7266666666667,1480.0,C-ETH-1480-080425,P-ETH-1480-080425,47.12311775,41.91009863,89.03321638,102.477011494253,0.0,102.477011494253,0.01,0.01,0.0003,102.477011494253,0.059925703951826,-0.1509975227321222,0.05042925934317458,-0.20142678207529677,2025-04-07 12:00:00+00:00,2025-04-07 17:30:00+05:30,2025-04-08 12:00:00+00:00,settlement,False
ETH,1744200000,2025-04-09 12:00:00+00:00,1744113600,1583.71,1580.0,C-ETH-1580-090425,P-ETH-1580-090425,35.01281188,30.86022119,65.87303307,0.0,127.58183908046,127.58183908046,0.01,0.01,0.0003,127.58183908046,0.0415941258626895,-0.9367840394548876,0.06084326862582706,-0.9976273080807148,2025-04-08 12:00:00+00:00,2025-04-08 17:30:00+05:30,2025-04-09 12:00:00+00:00,settlement,False
ETH,1744286400,2025-04-10 12:00:00+00:00,1744200000,1453.8733333333332,1460.0,C-ETH-1460-100425,P-ETH-1460-100425,33.9729986,40.09203523,74.06503383,131.4551724137932,0.0,131.4551724137932,0.01,0.01,0.0003,131.4551724137932,0.0509432507852586,-0.7748614375242121,0.054595634910871126,-0.8294570724350833,2025-04-09 12:00:00+00:00,2025-04-09 17:30:00+05:30,2025-04-10 12:00:00+00:00,settlement,False
ETH,1744372800,2025-04-11 12:00:00+00:00,1744286400,1598.9066666666668,1600.0,C-ETH-1600-110425,P-ETH-1600-110425,32.64324955,33.73585123,66.37910078,0.0,39.8739080459775,39.8739080459775,0.01,0.01,0.0003,39.8739080459775,0.0415153067804666,0.3993002680447353,0.060907901634638564,0.33839236641009673,2025-04-10 12:00:00+00:00,2025-04-10 17:30:00+05:30,2025-04-11 12:00:00+00:00,settlement,True
ETH,1744459200,2025-04-12 12:00:00+00:00,1744372800,1561.003333333333,1560.0,C-ETH-1560-120425,P-ETH-1560-120425,31.75834611,30.63196069,62.390306800000005,34.892413793103,0.0,34.892413793103,0.01,0.01,0.0003,34.892413793103,0.0399680804439879,0.4407398267016856,0.062228271367307963,0.37851155533437764,2025-04-11 12:00:00+00:00,2025-04-11 17:30:00+05:30,2025-04-12 12:00:00+00:00,settlement,True
ETH,1744545600,2025-04-13 12:00:00+00:00,1744459200,1592.3033333333333,1600.0,C-ETH-1600-130425,P-ETH-1600-130425,11.24913082,18.7517175,30.000848320000003,0.719655172414,0.0,0.719655172414,0.01,0.01,0.0003,0.719655172414,0.0188411640495634,0.976012172564659,0.10195459216187923,0.8740575804027798,2025-04-12 12:00:00+00:00,2025-04-12 17:30:00+05:30,2025-04-13 12:00:00+00:00,settlement,True
ETH,1744632000,2025-04-14 12:00:00+00:00,1744545600,1602.513333333333,1600.0,C-ETH-1600-140425,P-ETH-1600-140425,26.6829402,23.87891265,50.56185285,75.363793103448,0.0,75.363793103448,0.01,0.01,0.0003,75.363793103448,0.0315515957329528,-0.4905267282634402,0.0716788711666052,-0.5622055994300453,2025-04-13 12:00:00+00:00,2025-04-13 17:30:00+05:30,2025-04-14 12:00:00+00:00,settlement,False
ETH,1744718400,2025-04-15 12:00:00+00:00,1744632000,1671.5,1680.0,C-ETH-1680-150425,P-ETH-1680-150425,27.78504317,36.20996335,63.99500652,0.0,49.4355172413798,49.4355172413798,0.01,0.01,0.0003,49.4355172413798,0.0382859745857014,0.2275097710017422,0.0637848231714814,0.1637249478302608,2025-04-14 12:00:00+00:00,2025-04-14 17:30:00+05:30,2025-04-15 12:00:00+00:00,settlement,True
ETH,1744804800,2025-04-16 12:00:00+00:00,1744718400,1634.993333333333,1640.0,C-ETH-1640-160425,P-ETH-1640-160425,23.28604631,28.2101307,51.49617701,0.0,58.368275862069,58.368275862069,0.01,0.01,0.0003,58.368275862069,0.0314962611529506,-0.13344871893567,0.07175771714374879,-0.2052064360794188,2025-04-15 12:00:00+00:00,2025-04-15 17:30:00+05:30,2025-04-16 12:00:00+00:00,settlement,False
ETH,1744891200,2025-04-17 12:00:00+00:00,1744804800,1584.8266666666668,1580.0,C-ETH-1580-170425,P-ETH-1580-170425,25.10356824,20.11394513,45.217513370000006,14.5487356321837,0.0,14.5487356321837,0.01,0.01,0.0003,14.5487356321837,0.0285315197687233,0.678249984400155,0.07642932263959652,0.6018206617605585,2025-04-16 12:00:00+00:00,2025-04-16 17:30:00+05:30,2025-04-17 12:00:00+00:00,settlement,True
ETH,1744977600,2025-04-18 12:00:00+00:00,1744891200,1596.43,1600.0,C-ETH-1600-180425,P-ETH-1600-180425,21.63151523,24.57474143,46.20625666,0.0,11.0242528735632,11.0242528735632,0.01,0.01,0.0003,11.0242528735632,0.0289434905758473,0.7614121188244467,0.07572291744457448,0.6856892013798722,2025-04-17 12:00:00+00:00,2025-04-17 17:30:00+05:30,2025-04-18 12:00:00+00:00,settlement,True
ETH,1745064000,2025-04-19 12:00:00+00:00,1744977600,1590.03,1600.0,C-ETH-1600-190425,P-ETH-1600-190425,12.22253623,20.91020076,33.13273699,0.0,3.8075862068965,3.8075862068965,0.01,0.01,0.0003,3.8075862068965,0.0208378061986251,0.8850808429123833,0.09475341057032306,0.7903274323420603,2025-04-18 12:00:00+00:00,2025-04-18 17:30:00+05:30,2025-04-19 12:00:00+00:00,settlement,True
ETH,1745150400,2025-04-20 12:00:00+00:00,1745064000,1597.0,1600.0,C-ETH-1600-200425,P-ETH-1600-200425,9.99673868,12.73916868,22.73590736,0.0,29.3196551724136,29.3196551724136,0.01,0.01,0.0003,29.3196551724136,0.0142366357921102,-0.2895748873430315,0.12626170012895407,-0.4158365874719856,2025-04-19 12:00:00+00:00,2025-04-19 17:30:00+05:30,2025-04-20 12:00:00+00:00,settlement,False
ETH,1745236800,2025-04-21 12:00:00+00:00,1745150400,1575.54,1580.0,C-ETH-1580-210425,P-ETH-1580-210425,16.18410369,20.73504767,36.91915136,44.5542528735632,0.0,44.5542528735632,0.01,0.01,0.0003,44.5542528735632,0.0234326969546949,-0.2068059863866599,0.08722838358460035,-0.29403436997126026,2025-04-20 12:00:00+00:00,2025-04-20 17:30:00+05:30,2025-04-21 12:00:00+00:00,settlement,False
ETH,1745323200,2025-04-22 12:00:00+00:00,1745236800,1628.0933333333337,1620.0,C-ETH-1620-220425,P-ETH-1620-220425,27.43388999,19.55390462,46.98779461,10.2764367816092,0.0,10.2764367816092,0.01,0.01,0.0003,10.2764367816092,0.0288606271200668,0.781295613745997,0.07586338293028475,0.7054322308157123,2025-04-21 12:00:00+00:00,2025-04-21 17:30:00+05:30,2025-04-22 12:00:00+00:00,settlement,True
ETH,1745409600,2025-04-23 12:00:00+00:00,1745323200,1630.3766666666668,1640.0,C-ETH-1640-230425,P-ETH-1640-230425,19.31681034,28.78344826,48.1002586,160.3341379310343,0.0,160.3341379310343,0.01,0.01,0.0003,160.3341379310343,0.0295025435431076,-2.3333321399447584,0.07479586171039837,-2.408128001655157,2025-04-22 12:00:00+00:00,2025-04-22 17:30:00+05:30,2025-04-23 12:00:00+00:00,settlement,False
ETH,1745496000,2025-04-24 12:00:00+00:00,1745409600,1802.925,1800.0,C-ETH-1800-240425,P-ETH-1800-240425,32.18917998,28.92003165,61.10921163,0.0,52.883448275862,52.883448275862,0.01,0.01,0.0003,52.883448275862,0.03389448348101,0.1346075842696646,0.06857670979389134,0.06603087447577326,2025-04-23 12:00:00+00:00,2025-04-23 17:30:00+05:30,2025-04-24 12:00:00+00:00,settlement,True
ETH,1745582400,2025-04-25 12:00:00+00:00,1745496000,1752.515,1750.0,C-ETH-1750-250425,P-ETH-1750-250425,27.91734402,25.62320367,53.54054769,33.931379310345,0.0,33.931379310345,0.01,0.01,0.0003,33.931379310345,0.0305506929698176,0.3662489314302903,0.07314919415408766,0.29309973727620264,2025-04-24 12:00:00+00:00,2025-04-24 17:30:00+05:30,2025-04-25 12:00:00+00:00,settlement,True
ETH,1745668800,2025-04-26 12:00:00+00:00,1745582400,1786.405,1780.0,C-ETH-1780-260425,P-ETH-1780-260425,30.52158076,23.98108994,54.5026707,9.071494252874,0.0,9.071494252874,0.01,0.01,0.0003,9.071494252874,0.0305096944421897,0.8335587204009435,0.07321147759388603,0.7603472428070575,2025-04-25 12:00:00+00:00,2025-04-25 17:30:00+05:30,2025-04-26 12:00:00+00:00,settlement,True
ETH,1745755200,2025-04-27 12:00:00+00:00,1745668800,1788.03,1780.0,C-ETH-1780-270425,P-ETH-1780-270425,21.60754939,13.39523445,35.00278384,28.0729885057472,0.0,28.0729885057472,0.01,0.01,0.0003,28.0729885057472,0.0195761725698114,0.1979784055442373,0.09913283191340587,0.09884557363083142,2025-04-26 12:00:00+00:00,2025-04-26 17:30:00+05:30,2025-04-27 12:00:00+00:00,settlement,True
ETH,1745841600,2025-04-28 12:00:00+00:00,1745755200,1806.19,1800.0,C-ETH-1800-280425,P-ETH-1800-280425,24.39724952,18.27636287,42.67361239,19.5212643678165,0.0,19.5212643678165,0.01,0.01,0.0003,19.5212643678165,0.0236263141696056,0.5425448356841932,0.08673317408018007,0.45581166160401315,2025-04-27 12:00:00+00:00,2025-04-27 17:30:00+05:30,2025-04-28 12:00:00+00:00,settlement,True
ETH,1745928000,2025-04-29 12:00:00+00:00,1745841600,1812.4,1820.0,C-ETH-1820-290425,P-ETH-1820-290425,22.01033684,29.46907649,51.47941333,10.0527586206902,0.0,10.0527586206902,0.01,0.01,0.0003,10.0527586206902,0.0284040020580445,0.8047227431235724,0.07665212989023004,0.7280706132333423,2025-04-28 12:00:00+00:00,2025-04-28 17:30:00+05:30,2025-04-29 12:00:00+00:00,settlement,True
ETH,1746014400,2025-04-30 12:00:00+00:00,1745928000,1826.7666666666669,1820.0,C-ETH-1820-300425,P-ETH-1820-300425,28.30913973,21.21656684,49.52570657,0.0,6.9713793103447,6.9713793103447,0.01,0.01,0.0003,6.9713793103447,0.0271111288998777,0.8592371559506919,0.07902947392671596,0.780207682023976,2025-04-29 12:00:00+00:00,2025-04-29 17:30:00+05:30,2025-04-30 12:00:00+00:00,settlement,True
ETH,1746100800,2025-05-01 12:00:00+00:00,1746014400,1814.8133333333333,1820.0,C-ETH-1820-010525,P-ETH-1820-010525,19.2820029,24.20430172,43.48630462,24.0799999999997,0.0,24.0799999999997,0.01,0.01,0.0003,24.0799999999997,0.0239618608819272,0.4462624449140949,0.08589390789711117,0.36036853701698374,2025-04-30 12:00:00+00:00,2025-04-30 17:30:00+05:30,2025-05-01 12:00:00+00:00,settlement,True
ETH,1746187200,2025-05-02 12:00:00+00:00,1746100800,1843.3266666666668,1840.0,C-ETH-1840-020525,P-ETH-1840-020525,29.14638498,25.57968824,54.72607322,0.0,7.718275862069,7.718275862069,0.01,0.01,0.0003,7.718275862069,0.0296887546898903,0.8589652900722228,0.07449482636744534,0.7844704637047775,2025-05-01 12:00:00+00:00,2025-05-01 17:30:00+05:30,2025-05-02 12:00:00+00:00,settlement,True
ETH,1746273600,2025-05-03 12:00:00+00:00,1746187200,1834.62,1840.0,C-ETH-1840-030525,P-ETH-1840-030525,21.09874394,26.41459909,47.51334303,0.0,15.734712643678,15.734712643678,0.01,0.01,0.0003,15.734712643678,0.0258981931026588,0.6688359176548979,0.08147562908296581,0.5873602885719321,2025-05-02 12:00:00+00:00,2025-05-02 17:30:00+05:30,2025-05-03 12:00:00+00:00,settlement,True
ETH,1746360000,2025-05-04 12:00:00+00:00,1746273600,1824.65,1820.0,C-ETH-1820-040525,P-ETH-1820-040525,15.03446099,10.06238289,25.09684388,10.5671264367809,0.0,10.5671264367809,0.01,0.01,0.0003,10.5671264367809,0.013754333094018,0.5789460026405161,0.12974937532200959,0.4491966273185065,2025-05-03 12:00:00+00:00,2025-05-03 17:30:00+05:30,2025-05-04 12:00:00+00:00,settlement,True
ETH,1746446400,2025-05-05 12:00:00+00:00,1746360000,1829.9033333333327,1820.0,C-ETH-1820-050525,P-ETH-1820-050525,21.96163624,11.44455972,33.406195960000005,0.0,17.1055172413796,17.1055172413796,0.01,0.01,0.0003,17.1055172413796,0.0182557162181608,0.4879537537928159,0.10436474646507457,0.38358900732774137,2025-05-04 12:00:00+00:00,2025-05-04 17:30:00+05:30,2025-05-05 12:00:00+00:00,settlement,True
ETH,1746532800,2025-05-06 12:00:00+00:00,1746446400,1800.71,1800.0,C-ETH-1800-060525,P-ETH-1800-060525,21.64044881,20.46763547,42.10808428,0.0,27.9037931034486,27.9037931034486,0.01,0.01,0.0003,27.9037931034486,0.0233841564049735,0.3373293138224763,0.08735382009413988,0.24997549372833638,2025-05-05 12:00:00+00:00,2025-05-05 17:30:00+05:30,2025-05-06 12:00:00+00:00,settlement,True
ETH,1746619200,2025-05-07 12:00:00+00:00,1746532800,1769.15,1760.0,C-ETH-1760-070525,P-ETH-1760-070525,25.3205278,15.83577559,41.156303390000005,76.008965517241,0.0,76.008965517241,0.01,0.01,0.0003,76.008965517241,0.0232633204589774,-0.8468365537345454,0.08766835292910886,-0.9345049066636543,2025-05-06 12:00:00+00:00,2025-05-06 17:30:00+05:30,2025-05-07 12:00:00+00:00,settlement,False
ETH,1746705600,2025-05-08 12:00:00+00:00,1746619200,1833.97,1840.0,C-ETH-1840-080525,P-ETH-1840-080525,18.72162044,24.08532381,42.80694425,112.2624137931036,0.0,112.2624137931036,0.01,0.01,0.0003,112.2624137931036,0.0233411365780247,-1.622528091177721,0.08746542626433794,-1.7099935174420589,2025-05-07 12:00:00+00:00,2025-05-07 17:30:00+05:30,2025-05-08 12:00:00+00:00,settlement,False
ETH,1746792000,2025-05-09 12:00:00+00:00,1746705600,1959.42,1960.0,C-ETH-1960-090525,P-ETH-1960-090525,28.0902681,27.9271668,56.0174349,387.2358620689656,0.0,387.2358620689656,0.01,0.01,0.0003,387.2358620689656,0.02858878387482,-5.9127739026294766,0.07632991376618709,-5.989103816395664,2025-05-08 12:00:00+00:00,2025-05-08 17:30:00+05:30,2025-05-09 12:00:00+00:00,settlement,False
ETH,1746878400,2025-05-10 12:00:00+00:00,1746792000,2343.47,2340.0,C-ETH-2340-100525,P-ETH-2340-100525,60.48162941,56.48131016,116.96293957,45.4244827586213,0.0,45.4244827586213,0.01,0.01,0.0003,45.4244827586213,0.0499101501491378,0.6116335402853341,0.055170982571056446,0.5564625577142777,2025-05-09 12:00:00+00:00,2025-05-09 17:30:00+05:30,2025-05-10 12:00:00+00:00,settlement,True
ETH,1746964800,2025-05-11 12:00:00+00:00,1746878400,2393.49,2400.0,C-ETH-2400-110525,P-ETH-2400-110525,29.85628431,36.23110104,66.08738535,121.31448275862,0.0,121.31448275862,0.01,0.01,0.0003,121.31448275862,0.0276113062306506,-0.8356677619508818,0.07808333980911532,-0.9137511017599971,2025-05-10 12:00:00+00:00,2025-05-10 17:30:00+05:30,2025-05-11 12:00:00+00:00,settlement,False
ETH,1747051200,2025-05-12 12:00:00+00:00,1746964800,2528.09,2520.0,C-ETH-2520-120525,P-ETH-2520-120525,53.06075959,43.73211923,96.79287882,22.968275862069,0.0,22.968275862069,0.01,0.01,0.0003,22.968275862069,0.038286959253824,0.7627069662347605,0.0637838719918342,0.6989230942429263,2025-05-11 12:00:00+00:00,2025-05-11 17:30:00+05:30,2025-05-12 12:00:00+00:00,settlement,True
ETH,1747137600,2025-05-13 12:00:00+00:00,1747051200,2538.71,2540.0,C-ETH-2540-130525,P-ETH-2540-130525,45.17462034,46.11697849,91.29159883,0.0,26.838620689655,26.838620689655,0.01,0.01,0.0003,26.838620689655,0.0359598374095505,0.7060121518998376,0.0661772636920746,0.6398348882077629,2025-05-12 12:00:00+00:00,2025-05-12 17:30:00+05:30,2025-05-13 12:00:00+00:00,settlement,True
ETH,1747224000,2025-05-14 12:00:00+00:00,1747137600,2509.9,2500.0,C-ETH-2500-140525,P-ETH-2500-140525,43.48404203,33.31676682,76.80080885,123.4034482758625,0.0,123.4034482758625,0.01,0.01,0.0003,123.4034482758625,0.0305991509024263,-0.6067988101125644,0.07307579387791825,-0.6798746039904827,2025-05-13 12:00:00+00:00,2025-05-13 17:30:00+05:30,2025-05-14 12:00:00+00:00,settlement,False
ETH,1747310400,2025-05-15 12:00:00+00:00,1747224000,2621.86,2620.0,C-ETH-2620-150525,P-ETH-2620-150525,45.49699316,43.3130296,88.81002276000001,0.0,65.9368965517247,65.9368965517247,0.01,0.01,0.0003,65.9368965517247,0.0338729080728948,0.2575511805698732,0.06860331954235387,0.18894786102751931,2025-05-14 12:00:00+00:00,2025-05-14 17:30:00+05:30,2025-05-15 12:00:00+00:00,settlement,True
ETH,1747396800,2025-05-16 12:00:00+00:00,1747310400,2551.69,2550.0,C-ETH-2550-160525,P-ETH-2550-160525,41.42506334,39.17410347,80.59916681,72.673103448276,0.0,72.673103448276,0.01,0.01,0.0003,72.673103448276,0.031586582543334,0.098339271675208,0.07162916118125068,0.02671011049395733,2025-05-15 12:00:00+00:00,2025-05-15 17:30:00+05:30,2025-05-16 12:00:00+00:00,settlement,True
ETH,1747483200,2025-05-17 12:00:00+00:00,1747396800,2619.37,2620.0,C-ETH-2620-170525,P-ETH-2620-170525,38.20433561,38.52899895,76.73333456,0.0,136.932068965518,136.932068965518,0.01,0.01,0.0003,136.932068965518,0.0292945763905061,-0.784518680840683,0.07513659245057054,-0.8596552732912536,2025-05-16 12:00:00+00:00,2025-05-16 17:30:00+05:30,2025-05-17 12:00:00+00:00,settlement,False
ETH,1747569600,2025-05-18 12:00:00+00:00,1747483200,2483.54,2480.0,C-ETH-2480-180525,P-ETH-2480-180525,25.09186076,21.17238207,46.26424283,25.3913793103447,0.0,25.3913793103447,0.01,0.01,0.0003,25.3913793103447,0.0186283461631381,0.4511662191544679,0.10281318912582751,0.3483530300286404,2025-05-17 12:00:00+00:00,2025-05-17 17:30:00+05:30,2025-05-18 12:00:00+00:00,settlement,True
ETH,1747656000,2025-05-19 12:00:00+00:00,1747569600,2497.66,2500.0,C-ETH-2500-190525,P-ETH-2500-190525,29.840152,31.30437354,61.14452554,0.0,83.3955172413794,83.3955172413794,0.01,0.01,0.0003,83.3955172413794,0.0244807241738267,-0.3639081586596507,0.08464142617455331,-0.44854958483420404,2025-05-18 12:00:00+00:00,2025-05-18 17:30:00+05:30,2025-05-19 12:00:00+00:00,settlement,False
ETH,1747742400,2025-05-20 12:00:00+00:00,1747656000,2411.07,2420.0,C-ETH-2420-200525,P-ETH-2420-200525,35.94970501,44.53705568,80.48676069000001,94.9141379310345,0.0,94.9141379310345,0.01,0.01,0.0003,94.9141379310345,0.0333821750052881,-0.1792515578630686,0.06921784724259847,-0.24846940510566706,2025-05-19 12:00:00+00:00,2025-05-19 17:30:00+05:30,2025-05-20 12:00:00+00:00,settlement,False
ETH,1747828800,2025-05-21 12:00:00+00:00,1747742400,2506.63,2500.0,C-ETH-2500-210525,P-ETH-2500-210525,44.54027022,38.16388442,82.70415464,43.3651724137935,0.0,43.3651724137935,0.01,0.01,0.0003,43.3651724137935,0.0329941613401259,0.4756590814263656,0.06971668411883306,0.40594239730753257,2025-05-20 12:00:00+00:00,2025-05-20 17:30:00+05:30,2025-05-21 12:00:00+00:00,settlement,True
ETH,1747915200,2025-05-22 12:00:00+00:00,1747828800,2532.18,2540.0,C-ETH-2540-220525,P-ETH-2540-220525,36.89631074,44.21446957,81.11078031,110.0262068965517,0.0,110.0262068965517,0.01,0.01,0.0003,110.0262068965517,0.0320319962680378,-0.3564930145664839,0.07100579935609301,-0.42749881392257694,2025-05-21 12:00:00+00:00,2025-05-21 17:30:00+05:30,2025-05-22 12:00:00+00:00,settlement,False
ETH,1748001600,2025-05-23 12:00:00+00:00,1747915200,2650.73,2650.0,C-ETH-2650-230525,P-ETH-2650-230525,50.76713429,49.58716909,100.35430338,0.0,34.321379310344,34.321379310344,0.01,0.01,0.0003,34.321379310344,0.0378591193293922,0.6579979317839195,0.06420182088442493,0.5937961108994946,2025-05-22 12:00:00+00:00,2025-05-22 17:30:00+05:30,2025-05-23 12:00:00+00:00,settlement,True
ETH,1748088000,2025-05-24 12:00:00+00:00,1748001600,2548.29,2540.0,C-ETH-2540-240525,P-ETH-2540-240525,54.00863414,45.32406082,99.33269496,26.9489655172415,0.0,26.9489655172415,0.01,0.01,0.0003,26.9489655172415,0.0389801376452444,0.7286999458930062,0.06312619291616971,0.6655737529768365,2025-05-23 12:00:00+00:00,2025-05-23 17:30:00+05:30,2025-05-24 12:00:00+00:00,settlement,True
ETH,1748174400,2025-05-25 12:00:00+00:00,1748088000,2564.03,2560.0,C-ETH-2560-250525,P-ETH-2560-250525,27.26339217,22.80237871,50.06577088,0.0,64.70275862069,64.70275862069,0.01,0.01,0.0003,64.70275862069,0.0195262032347515,-0.2923551856571353,0.0993179382277395,-0.3916731238848748,2025-05-24 12:00:00+00:00,2025-05-24 17:30:00+05:30,2025-05-25 12:00:00+00:00,settlement,False
ETH,1748260800,2025-05-26 12:00:00+00:00,1748174400,2496.83,2500.0,C-ETH-2500-260525,P-ETH-2500-260525,31.01608995,33.58504341,64.60113336,64.7193103448276,0.0,64.7193103448276,0.01,0.01,0.0003,64.7193103448276,0.0258732606384896,-0.001829332995894,0.0815283166116886,-0.0833576496075826,2025-05-25 12:00:00+00:00,2025-05-25 17:30:00+05:30,2025-05-26 12:00:00+00:00,settlement,False
ETH,1748347200,2025-05-27 12:00:00+00:00,1748260800,2565.09,2560.0,C-ETH-2560-270525,P-ETH-2560-270525,33.52385568,27.95451881,61.47837448999999,84.565517241379,0.0,84.565517241379,0.01,0.01,0.0003,84.565517241379,0.0239673362299178,-0.3755327453417679,0.08588040786912485,-0.4614131532108927,2025-05-26 12:00:00+00:00,2025-05-26 17:30:00+05:30,2025-05-27 12:00:00+00:00,settlement,False
ETH,1748433600,2025-05-28 12:00:00+00:00,1748347200,2645.32,2640.0,C-ETH-2640-280525,P-ETH-2640-280525,44.51248249,38.85250108,83.36498356999999,11.215172413793,0.0,11.215172413793,0.01,0.01,0.0003,11.215172413793,0.0315141395256528,0.8654690262803707,0.0717322120582528,0.793736814222118,2025-05-27 12:00:00+00:00,2025-05-27 17:30:00+05:30,2025-05-28 12:00:00+00:00,settlement,True
ETH,1748520000,2025-05-29 12:00:00+00:00,1748433600,2654.25,2660.0,C-ETH-2660-290525,P-ETH-2660-290525,33.54830107,38.84083098,72.38913205,57.7641379310335,0.0,57.7641379310335,0.01,0.01,0.0003,57.7641379310335,0.0272729140246774,0.202033008337009,0.07871964447652194,0.12331336386048705,2025-05-28 12:00:00+00:00,2025-05-28 17:30:00+05:30,2025-05-29 12:00:00+00:00,settlement,True
ETH,1748606400,2025-05-30 12:00:00+00:00,1748520000,2713.6,2720.0,C-ETH-2720-300525,P-ETH-2720-300525,38.1190116,43.95863868,82.07765028,0.0,99.7579310344827,99.7579310344827,0.01,0.01,0.0003,99.7579310344827,0.0302467756043632,-0.215409197195194,0.07361490743085147,-0.28902410462604544,2025-05-29 12:00:00+00:00,2025-05-29 17:30:00+05:30,2025-05-30 12:00:00+00:00,settlement,False
ETH,1748692800,2025-05-31 12:00:00+00:00,1748606400,2624.13,2620.0,C-ETH-2620-310525,P-ETH-2620-310525,39.44312249,34.91630754,74.35943003,0.0,101.8593103448275,101.8593103448275,0.01,0.01,0.0003,101.8593103448275,0.028336793539192,-0.3698237103718089,0.07677036796141241,-0.4465940783332213,2025-05-30 12:00:00+00:00,2025-05-30 17:30:00+05:30,2025-05-31 12:00:00+00:00,settlement,False
ETH,1748779200,2025-06-01 12:00:00+00:00,1748692800,2520.07,2520.0,C-ETH-2520-010625,P-ETH-2520-010625,23.58214332,23.13340551,46.71554883,0.0,19.8744827586206,19.8744827586206,0.01,0.01,0.0003,19.8744827586206,0.0185374012745677,0.5745638602910405,0.10318611146335109,0.47137774882768935,2025-05-31 12:00:00+00:00,2025-05-31 17:30:00+05:30,2025-06-01 12:00:00+00:00,settlement,True
ETH,1748865600,2025-06-02 12:00:00+00:00,1748779200,2495.94,2500.0,C-ETH-2500-020625,P-ETH-2500-020625,32.55597649,36.30278842,68.85876490999999,0.0,18.301724137931,18.301724137931,0.01,0.01,0.0003,18.301724137931,0.0275883093784305,0.7342135868708685,0.07812608818382595,0.6560874986870425,2025-06-01 12:00:00+00:00,2025-06-01 17:30:00+05:30,2025-06-02 12:00:00+00:00,settlement,True
ETH,1748952000,2025-06-03 12:00:00+00:00,1748865600,2481.17,2480.0,C-ETH-2480-030625,P-ETH-2480-030625,34.32100392,32.513128,66.83413192,125.974482758621,0.0,125.974482758621,0.01,0.01,0.0003,125.974482758621,0.0269365387780764,-0.884882456607824,0.07936800109568924,-0.9642504577035133,2025-06-02 12:00:00+00:00,2025-06-02 17:30:00+05:30,2025-06-03 12:00:00+00:00,settlement,False
ETH,1749038400,2025-06-04 12:00:00+00:00,1748952000,2600.32,2600.0,C-ETH-2600-040625,P-ETH-2600-040625,32.94336391,31.85739559,64.8007595,28.9527586206905,0.0,28.9527586206905,0.01,0.01,0.0003,28.9527586206905,0.0249203019243785,0.5532034061932484,0.08362114142504765,0.46958226476820075,2025-06-03 12:00:00+00:00,2025-06-03 17:30:00+05:30,2025-06-04 12:00:00+00:00,settlement,True
ETH,1749124800,2025-06-05 12:00:00+00:00,1749038400,2627.78,2620.0,C-ETH-2620-050625,P-ETH-2620-050625,36.04381795,27.71928003,63.76309798,0.0,12.74551724138,12.74551724138,0.01,0.01,0.0003,12.74551724138,0.0242650061953435,0.8001113865989107,0.08515564139570372,0.7149557452032069,2025-06-04 12:00:00+00:00,2025-06-04 17:30:00+05:30,2025-06-05 12:00:00+00:00,settlement,True
ETH,1749211200,2025-06-06 12:00:00+00:00,1749124800,2610.43,2620.0,C-ETH-2620-060625,P-ETH-2620-060625,26.02543341,35.17196337,61.197396780000005,0.0,142.671034482759,142.671034482759,0.01,0.01,0.0003,142.671034482759,0.0234434161345065,-1.3313252195293626,0.0872007535367585,-1.418525973066121,2025-06-05 12:00:00+00:00,2025-06-05 17:30:00+05:30,2025-06-06 12:00:00+00:00,settlement,False
ETH,1749297600,2025-06-07 12:00:00+00:00,1749211200,2479.16,2480.0,C-ETH-2480-070625,P-ETH-2480-070625,36.35055078,36.57826834,72.92881912,17.1396551724133,0.0,17.1396551724133,0.01,0.01,0.0003,17.1396551724133,0.0294167456396521,0.7649810407020162,0.0749358481099728,0.6900451925920434,2025-06-06 12:00:00+00:00,2025-06-06 17:30:00+05:30,2025-06-07 12:00:00+00:00,settlement,True
ETH,1749384000,2025-06-08 12:00:00+00:00,1749297600,2496.48,2500.0,C-ETH-2500-080625,P-ETH-2500-080625,19.73718088,23.12936991,42.866550790000005,14.3258620689658,0.0,14.3258620689658,0.01,0.01,0.0003,14.3258620689658,0.0171707967978914,0.6658032474050195,0.10926559648145649,0.556537650923563,2025-06-07 12:00:00+00:00,2025-06-07 17:30:00+05:30,2025-06-08 12:00:00+00:00,settlement,True
ETH,1749470400,2025-06-09 12:00:00+00:00,1749384000,2510.8,2520.0,C-ETH-2520-090625,P-ETH-2520-090625,23.79302529,31.90864068,55.70166597,21.195517241379,0.0,21.195517241379,0.01,0.01,0.0003,21.195517241379,0.0221848279313366,0.6194814486734641,0.09062740512491713,0.5288540435485469,2025-06-08 12:00:00+00:00,2025-06-08 17:30:00+05:30,2025-06-09 12:00:00+00:00,settlement,True
ETH,1749556800,2025-06-10 12:00:00+00:00,1749470400,2537.47,2540.0,C-ETH-2540-100625,P-ETH-2540-100625,31.51214909,33.69576307,65.20791216,235.843793103448,0.0,235.843793103448,0.01,0.01,0.0003,235.843793103448,0.0256980031921559,-2.61679718443922,0.08190155747946276,-2.6986987419186828,2025-06-09 12:00:00+00:00,2025-06-09 17:30:00+05:30,2025-06-10 12:00:00+00:00,settlement,False
ETH,1749643200,2025-06-11 12:00:00+00:00,1749556800,2770.67,2780.0,C-ETH-2780-110625,P-ETH-2780-110625,48.18810961,56.95761067,105.14572028,0.0,11.9868965517244,11.9868965517244,0.01,0.01,0.0003,11.9868965517244,0.0379495646468182,0.8859972948037862,0.0641126810064399,0.8218846137973463,2025-06-10 12:00:00+00:00,2025-06-10 17:30:00+05:30,2025-06-11 12:00:00+00:00,settlement,True
ETH,1749729600,2025-06-12 12:00:00+00:00,1749643200,2774.32,2780.0,C-ETH-2780-120625,P-ETH-2780-120625,41.75908078,46.40833347,88.16741425000001,0.0,47.98275862069,47.98275862069,0.01,0.01,0.0003,47.98275862069,0.0317798286607168,0.4557767285242802,0.07135656495562928,0.38442016356865094,2025-06-11 12:00:00+00:00,2025-06-11 17:30:00+05:30,2025-06-12 12:00:00+00:00,settlement,True
ETH,1749816000,2025-06-13 12:00:00+00:00,1749729600,2735.01,2740.0,C-ETH-2740-130625,P-ETH-2740-130625,37.73012876,42.3440779,80.07420666,0.0,206.9462068965518,206.9462068965518,0.01,0.01,0.0003,206.9462068965518,0.0292774822249278,-1.5844303119387506,0.07516481460808018,-1.6595951265468307,2025-06-12 12:00:00+00:00,2025-06-12 17:30:00+05:30,2025-06-13 12:00:00+00:00,settlement,False
ETH,1749902400,2025-06-14 12:00:00+00:00,1749816000,2557.23,2560.0,C-ETH-2560-140625,P-ETH-2560-140625,40.17104718,42.57334084,82.74438802,0.0,25.160344827586,25.160344827586,0.01,0.01,0.0003,25.160344827586,0.0323570378964739,0.6959268727505177,0.07056173135904714,0.6253651413914705,2025-06-13 12:00:00+00:00,2025-06-13 17:30:00+05:30,2025-06-14 12:00:00+00:00,settlement,True
ETH,1749988800,2025-06-15 12:00:00+00:00,1749902400,2536.6,2540.0,C-ETH-2540-150625,P-ETH-2540-150625,20.76288815,23.47404637,44.23693452,0.0,24.4572413793117,24.4572413793117,0.01,0.01,0.0003,24.4572413793117,0.0174394601119608,0.4471307371387971,0.10799517409996158,0.3391355630388355,2025-06-14 12:00:00+00:00,2025-06-14 17:30:00+05:30,2025-06-15 12:00:00+00:00,settlement,True
ETH,1750075200,2025-06-16 12:00:00+00:00,1749988800,2517.19,2520.0,C-ETH-2520-160625,P-ETH-2520-160625,32.30418242,33.83493924,66.13912166,93.4610344827584,0.0,93.4610344827584,0.01,0.01,0.0003,93.4610344827584,0.0262749818885344,-0.4130976060312923,0.08069156902208549,-0.4937891750533778,2025-06-15 12:00:00+00:00,2025-06-15 17:30:00+05:30,2025-06-16 12:00:00+00:00,settlement,False
ETH,1750161600,2025-06-17 12:00:00+00:00,1750075200,2610.67,2620.0,C-ETH-2620-170625,P-ETH-2620-170625,30.91343023,39.88418619,70.79761642,0.0,72.9131034482757,72.9131034482757,0.01,0.01,0.0003,72.9131034482757,0.0271185620626122,-0.0298807662637367,0.07901515789556578,-0.10889592415930248,2025-06-16 12:00:00+00:00,2025-06-16 17:30:00+05:30,2025-06-17 12:00:00+00:00,settlement,False
ETH,1750248000,2025-06-18 12:00:00+00:00,1750161600,2554.92,2560.0,C-ETH-2560-180625,P-ETH-2560-180625,35.41955374,40.19264038,75.61219412,0.0,51.183793103449,51.183793103449,0.01,0.01,0.0003,51.183793103449,0.0295947403910885,0.3230748862780256,0.074646339629537,0.24842854664848862,2025-06-17 12:00:00+00:00,2025-06-17 17:30:00+05:30,2025-06-18 12:00:00+00:00,settlement,True
ETH,1750334400,2025-06-19 12:00:00+00:00,1750248000,2509.24,2500.0,C-ETH-2500-190625,P-ETH-2500-190625,44.055561,34.67965076,78.73521176,29.877931034483,0.0,29.877931034483,0.01,0.01,0.0003,29.877931034483,0.0313781112049863,0.6205264408819189,0.07192699922406355,0.5485994416578553,2025-06-18 12:00:00+00:00,2025-06-18 17:30:00+05:30,2025-06-19 12:00:00+00:00,settlement,True
ETH,1750420800,2025-06-20 12:00:00+00:00,1750334400,2528.82,2520.0,C-ETH-2520-200625,P-ETH-2520-200625,37.46373283,27.88592266,65.34965549,28.589310344828,0.0,28.589310344828,0.01,0.01,0.0003,28.589310344828,0.0258419561257819,0.5625178108367714,0.08159461357754129,0.48092319725923016,2025-06-19 12:00:00+00:00,2025-06-19 17:30:00+05:30,2025-06-20 12:00:00+00:00,settlement,True
ETH,1750507200,2025-06-21 12:00:00+00:00,1750420800,2553.94,2560.0,C-ETH-2560-210625,P-ETH-2560-210625,24.92444577,30.59579267,55.52023844,0.0,117.072413793104,117.072413793104,0.01,0.01,0.0003,117.072413793104,0.0217390535564656,-1.1086439302601814,0.09193623034793293,-1.2005801606081143,2025-06-20 12:00:00+00:00,2025-06-20 17:30:00+05:30,2025-06-21 12:00:00+00:00,settlement,False
ETH,1750593600,2025-06-22 12:00:00+00:00,1750507200,2443.42,2440.0,C-ETH-2440-220625,P-ETH-2440-220625,21.54254859,18.00325313,39.54580172,0.0,166.6841379310345,166.6841379310345,0.01,0.01,0.0003,166.6841379310345,0.0161846107996169,-3.214964185357133,0.11429051908208472,-3.329254704439218,2025-06-21 12:00:00+00:00,2025-06-21 17:30:00+05:30,2025-06-22 12:00:00+00:00,settlement,False
ETH,1750680000,2025-06-23 12:00:00+00:00,1750593600,2272.85,2280.0,C-ETH-2280-230625,P-ETH-2280-230625,35.71859003,42.5559643,78.27455433,0.0,29.8624137931038,29.8624137931038,0.01,0.01,0.0003,29.8624137931038,0.034438944202213,0.6184914235703475,0.06791624304408862,0.5505751805262589,2025-06-22 12:00:00+00:00,2025-06-22 17:30:00+05:30,2025-06-23 12:00:00+00:00,settlement,True
ETH,1750766400,2025-06-24 12:00:00+00:00,1750680000,2248.99,2240.0,C-ETH-2240-240625,P-ETH-2240-240625,41.97474483,32.7673777,74.74212252999999,170.7210344827586,0.0,170.7210344827586,0.01,0.01,0.0003,170.7210344827586,0.0332336393358796,-1.2841341495785672,0.06940743115398919,-1.3535415807325564,2025-06-23 12:00:00+00:00,2025-06-23 17:30:00+05:30,2025-06-24 12:00:00+00:00,settlement,False
ETH,1750852800,2025-06-25 12:00:00+00:00,1750766400,2413.02,2420.0,C-ETH-2420-250625,P-ETH-2420-250625,34.7154645,41.36268751,76.07815201,6.971724137931,0.0,6.971724137931,0.01,0.01,0.0003,6.971724137931,0.0315281895757183,0.9083610214794045,0.07171218871287617,0.8366488327665282,2025-06-24 12:00:00+00:00,2025-06-24 17:30:00+05:30,2025-06-25 12:00:00+00:00,settlement,True
ETH,1750939200,2025-06-26 12:00:00+00:00,1750852800,2423.05,2420.0,C-ETH-2420-260625,P-ETH-2420-260625,34.1856901,30.87818304,65.06387314,28.175517241379,0.0,28.175517241379,0.01,0.01,0.0003,28.175517241379,0.0268520555250613,0.5669560405549045,0.07953339311690415,0.4874226474380003,2025-06-25 12:00:00+00:00,2025-06-25 17:30:00+05:30,2025-06-26 12:00:00+00:00,settlement,True
ETH,1751025600,2025-06-27 12:00:00+00:00,1750939200,2451.06,2450.0,C-ETH-2450-270625,P-ETH-2450-270625,35.4128753,34.01884096,69.43171626,0.0,5.1300000000006,5.1300000000006,0.01,0.01,0.0003,5.1300000000006,0.028327220165969,0.9261144578251476,0.07678725578096489,0.8493272020441827,2025-06-26 12:00:00+00:00,2025-06-26 17:30:00+05:30,2025-06-27 12:00:00+00:00,settlement,True
ETH,1751112000,2025-06-28 12:00:00+00:00,1751025600,2445.44,2440.0,C-ETH-2440-280625,P-ETH-2440-280625,30.34056771,24.56132922,54.90189693,0.0,12.5733333333333,12.5733333333333,0.01,0.01,0.0003,12.5733333333333,0.0224507233585775,0.7709854479278864,0.08987146444165678,0.6811139834862296,2025-06-27 12:00:00+00:00,2025-06-27 17:30:00+05:30,2025-06-28 12:00:00+00:00,settlement,True
ETH,1751198400,2025-06-29 12:00:00+00:00,1751112000,2427.21,2420.0,C-ETH-2420-290625,P-ETH-2420-290625,19.09330742,11.52915324,30.62246066,39.0431034482754,0.0,39.0431034482754,0.01,0.01,0.0003,39.0431034482754,0.0126163210682223,-0.2749825653062135,0.13903557107836934,-0.41401813638458285,2025-06-28 12:00:00+00:00,2025-06-28 17:30:00+05:30,2025-06-29 12:00:00+00:00,settlement,False
ETH,1751284800,2025-06-30 12:00:00+00:00,1751198400,2459.35,2460.0,C-ETH-2460-300625,P-ETH-2460-300625,23.01105676,23.09104283,46.10209959,3.2572413793105,0.0,3.2572413793105,0.01,0.01,0.0003,3.2572413793105,0.0187456440075629,0.9293472226150622,0.10233754885288077,0.8270096737621815,2025-06-29 12:00:00+00:00,2025-06-29 17:30:00+05:30,2025-06-30 12:00:00+00:00,settlement,True
ETH,1751371200,2025-07-01 12:00:00+00:00,1751284800,2460.28,2460.0,C-ETH-2460-010725,P-ETH-2460-010725,27.53503352,26.96835497,54.50338849,0.0,10.684482758621,10.684482758621,0.01,0.01,0.0003,10.684482758621,0.0221533274627278,0.8039666329996834,0.09071816319161849,0.7132484698080649,2025-06-30 12:00:00+00:00,2025-06-30 17:30:00+05:30,2025-07-01 12:00:00+00:00,settlement,True
ETH,1751457600,2025-07-02 12:00:00+00:00,1751371200,2452.56,2460.0,C-ETH-2460-020725,P-ETH-2460-020725,21.61289314,28.65822754,50.27112068,0.0,12.6431034482757,12.6431034482757,0.01,0.01,0.0003,12.6431034482757,0.0204974070685324,0.7485016590587832,0.09588190851972865,0.6526197505390545,2025-07-01 12:00:00+00:00,2025-07-01 17:30:00+05:30,2025-07-02 12:00:00+00:00,settlement,True
ETH,1751544000,2025-07-03 12:00:00+00:00,1751457600,2446.24,2440.0,C-ETH-2440-030725,P-ETH-2440-030725,26.56764566,20.07001438,46.63766004,152.3865517241375,0.0,152.3865517241375,0.01,0.01,0.0003,152.3865517241375,0.0190650386061874,-2.2674570635284703,0.10107207619398394,-2.368529139722454,2025-07-02 12:00:00+00:00,2025-07-02 17:30:00+05:30,2025-07-03 12:00:00+00:00,settlement,False
ETH,1751630400,2025-07-04 12:00:00+00:00,1751544000,2597.2,2600.0,C-ETH-2600-040725,P-ETH-2600-040725,30.92147745,32.77331061,63.69478806000001,0.0,47.7372413793105,47.7372413793105,0.01,0.01,0.0003,47.7372413793105,0.0245244063067919,0.2505314354081471,0.08453840077049468,0.16599303463765241,2025-07-03 12:00:00+00:00,2025-07-03 17:30:00+05:30,2025-07-04 12:00:00+00:00,settlement,True
ETH,1751716800,2025-07-05 12:00:00+00:00,1751630400,2550.05,2560.0,C-ETH-2560-050725,P-ETH-2560-050725,17.83250864,27.41538531,45.247893950000005,0.0,36.8682758620694,36.8682758620694,0.01,0.01,0.0003,36.8682758620694,0.0177439242171722,0.1851935494984646,0.1066019639099689,0.07859158558849569,2025-07-04 12:00:00+00:00,2025-07-04 17:30:00+05:30,2025-07-05 12:00:00+00:00,settlement,True
ETH,1751803200,2025-07-06 12:00:00+00:00,1751716800,2514.95,2520.0,C-ETH-2520-060725,P-ETH-2520-060725,12.82507652,17.66047438,30.4855509,0.0,6.8220689655172,6.8220689655172,0.01,0.01,0.0003,6.8220689655172,0.0121217324002465,0.7762195937381863,0.1436149859479823,0.632604607790204,2025-07-05 12:00:00+00:00,2025-07-05 17:30:00+05:30,2025-07-06 12:00:00+00:00,settlement,True
ETH,1751889600,2025-07-07 12:00:00+00:00,1751803200,2514.95,2520.0,C-ETH-2520-070725,P-ETH-2520-070725,19.69883889,24.41597639,44.11481528,42.192068965518,0.0,42.192068965518,0.01,0.01,0.0003,42.192068965518,0.0175410307481262,0.0435850473877809,0.10752501669557031,-0.06393996930778942,2025-07-06 12:00:00+00:00,2025-07-06 17:30:00+05:30,2025-07-07 12:00:00+00:00,settlement,True
ETH,1751976000,2025-07-08 12:00:00+00:00,1751889600,2562.03,2560.0,C-ETH-2560-080725,P-ETH-2560-080725,30.00779897,27.47743613,57.4852351,16.0648275862072,0.0,16.0648275862072,0.01,0.01,0.0003,16.0648275862072,0.0224373778214931,0.7205399341542016,0.08990897874365657,0.630630955410545,2025-07-07 12:00:00+00:00,2025-07-07 17:30:00+05:30,2025-07-08 12:00:00+00:00,settlement,True
ETH,1752062400,2025-07-09 12:00:00+00:00,1751976000,2577.22,2580.0,C-ETH-2580-090725,P-ETH-2580-090725,25.63795091,28.06351884,53.70146975,45.622413793103,0.0,45.622413793103,0.01,0.01,0.0003,45.622413793103,0.0208369754037296,0.1504438518071845,0.09475611995330908,0.05568773185387542,2025-07-08 12:00:00+00:00,2025-07-08 17:30:00+05:30,2025-07-09 12:00:00+00:00,settlement,True
ETH,1752148800,2025-07-10 12:00:00+00:00,1752062400,2629.05,2620.0,C-ETH-2620-100725,P-ETH-2620-100725,33.16122877,23.74978255,56.91101132,157.179655172413,0.0,157.179655172413,0.01,0.01,0.0003,157.179655172413,0.0216469870561609,-1.7618496232411178,0.09221326034548492,-1.8540628835866027,2025-07-09 12:00:00+00:00,2025-07-09 17:30:00+05:30,2025-07-10 12:00:00+00:00,settlement,False
ETH,1752235200,2025-07-11 12:00:00+00:00,1752148800,2775.3,2780.0,C-ETH-2780-110725,P-ETH-2780-110725,34.9024826,39.49245852,74.39494112,202.974827586207,0.0,202.974827586207,0.01,0.01,0.0003,202.974827586207,0.0268060898353331,-1.7283418002684616,0.07962381759884911,-1.8079656178673107,2025-07-10 12:00:00+00:00,2025-07-10 17:30:00+05:30,2025-07-11 12:00:00+00:00,settlement,False
ETH,1752321600,2025-07-12 12:00:00+00:00,1752235200,2989.12,2980.0,C-ETH-2980-120725,P-ETH-2980-120725,51.99615227,42.19802753,94.1941798,0.0,10.7903448275856,10.7903448275856,0.01,0.01,0.0003,10.7903448275856,0.0315123447034578,0.885445737194204,0.07173477122458048,0.8137109659696236,2025-07-11 12:00:00+00:00,2025-07-11 17:30:00+05:30,2025-07-12 12:00:00+00:00,settlement,True
ETH,1752408000,2025-07-13 12:00:00+00:00,1752321600,2965.09,2960.0,C-ETH-2960-130725,P-ETH-2960-130725,23.71536864,18.08863575,41.80400439,2.193103448276,0.0,2.193103448276,0.01,0.01,0.0003,2.193103448276,0.0140987303555709,0.9475384360833956,0.12723457561697954,0.8203038604664161,2025-07-12 12:00:00+00:00,2025-07-12 17:30:00+05:30,2025-07-13 12:00:00+00:00,settlement,True
ETH,1752494400,2025-07-14 12:00:00+00:00,1752408000,2965.77,2960.0,C-ETH-2960-140725,P-ETH-2960-140725,34.84897487,28.5339247,63.38289957,103.88551724138,0.0,103.88551724138,0.01,0.01,0.0003,103.88551724138,0.0213714817973072,-0.6390149069568671,0.09305651947907564,-0.7320714264359428,2025-07-13 12:00:00+00:00,2025-07-13 17:30:00+05:30,2025-07-14 12:00:00+00:00,settlement,False
ETH,1752580800,2025-07-15 12:00:00+00:00,1752494400,3054.14,3060.0,C-ETH-3060-150725,P-ETH-3060-150725,40.47733141,46.13450185,86.61183326,0.0,89.857586206897,89.857586206897,0.01,0.01,0.0003,89.857586206897,0.0283588287570314,-0.0374747055307509,0.0767315402667647,-0.1142062457975156,2025-07-14 12:00:00+00:00,2025-07-14 17:30:00+05:30,2025-07-15 12:00:00+00:00,settlement,False
ETH,1752667200,2025-07-16 12:00:00+00:00,1752580800,2979.93,2980.0,C-ETH-2980-160725,P-ETH-2980-160725,37.74128157,37.28070549,75.02198706,173.923103448276,0.0,173.923103448276,0.01,0.01,0.0003,173.923103448276,0.025175754819744,-1.3182950794035662,0.08304458969109046,-1.4013396690946567,2025-07-15 12:00:00+00:00,2025-07-15 17:30:00+05:30,2025-07-16 12:00:00+00:00,settlement,False
ETH,1752753600,2025-07-17 12:00:00+00:00,1752667200,3154.51,3160.0,C-ETH-3160-170725,P-ETH-3160-170725,40.28473806,45.33658298,85.62132104,276.4168965517233,0.0,276.4168965517233,0.01,0.01,0.0003,276.4168965517233,0.02714251057692,-2.2283652388706865,0.07896908715894765,-2.307334326029634,2025-07-16 12:00:00+00:00,2025-07-16 17:30:00+05:30,2025-07-17 12:00:00+00:00,settlement,False
ETH,1752840000,2025-07-18 12:00:00+00:00,1752753600,3428.58,3420.0,C-ETH-3420-180725,P-ETH-3420-180725,60.02922002,51.67420189,111.70342191,191.231034482758,0.0,191.231034482758,0.01,0.01,0.0003,191.231034482758,0.0325800832735418,-0.7119532348510664,0.07026213568919662,-0.782215370540263,2025-07-17 12:00:00+00:00,2025-07-17 17:30:00+05:30,2025-07-18 12:00:00+00:00,settlement,False
ETH,1752926400,2025-07-19 12:00:00+00:00,1752840000,3614.99,3620.0,C-ETH-3620-190725,P-ETH-3620-190725,51.88045781,56.23627409,108.1167319,0.0,59.3210344827585,59.3210344827585,0.01,0.01,0.0003,59.3210344827585,0.0299078923869775,0.4513241989442848,0.07414536227690026,0.37717883666738455,2025-07-18 12:00:00+00:00,2025-07-18 17:30:00+05:30,2025-07-19 12:00:00+00:00,settlement,True
ETH,1753012800,2025-07-20 12:00:00+00:00,1752926400,3550.74,3560.0,C-ETH-3560-200725,P-ETH-3560-200725,22.76305084,31.41356164,54.17661248,176.8517241379313,0.0,176.8517241379313,0.01,0.01,0.0003,176.8517241379313,0.0152578370931129,-2.264355522472329,0.11960476592839936,-2.3839602884007283,2025-07-19 12:00:00+00:00,2025-07-19 17:30:00+05:30,2025-07-20 12:00:00+00:00,settlement,False
ETH,1753099200,2025-07-21 12:00:00+00:00,1753012800,3752.18,3760.0,C-ETH-3760-210725,P-ETH-3760-210725,53.42167119,60.69743646,114.11910765,59.7320689655176,0.0,59.7320689655176,0.01,0.01,0.0003,59.7320689655176,0.0304140813207255,0.4765813526275185,0.0733573819267417,0.4032239707007768,2025-07-20 12:00:00+00:00,2025-07-20 17:30:00+05:30,2025-07-21 12:00:00+00:00,settlement,True
ETH,1753185600,2025-07-22 12:00:00+00:00,1753099200,3806.95,3800.0,C-ETH-3800-220725,P-ETH-3800-220725,63.36739601,55.34629589,118.7136919,0.0,99.611379310345,99.611379310345,0.01,0.01,0.00015,99.611379310345,0.031183412416764,0.1609107785624768,0.04950437855028919,0.1114064000121876,2025-07-21 12:00:00+00:00,2025-07-21 17:30:00+05:30,2025-07-22 12:00:00+00:00,settlement,True
ETH,1753272000,2025-07-23 12:00:00+00:00,1753185600,3705.6,3700.0,C-ETH-3700-230725,P-ETH-3700-230725,55.52146148,49.18450343,104.70596491,0.0,27.504827586207,27.504827586207,0.01,0.01,0.00015,27.504827586207,0.0282561433802892,0.737313651520725,0.05185649799660492,0.6854571535241201,2025-07-22 12:00:00+00:00,2025-07-22 17:30:00+05:30,2025-07-23 12:00:00+00:00,settlement,True
ETH,1753358400,2025-07-24 12:00:00+00:00,1753272000,3671.81,3680.0,C-ETH-3680-240725,P-ETH-3680-240725,40.30283108,47.74251296,88.04534404,0.0,27.1031034482758,27.1031034482758,0.01,0.01,0.00015,27.1031034482758,0.0239787309365136,0.6921688052469582,0.05632616641283102,0.6358426388341272,2025-07-23 12:00:00+00:00,2025-07-23 17:30:00+05:30,2025-07-24 12:00:00+00:00,settlement,True
ETH,1753444800,2025-07-25 12:00:00+00:00,1753358400,3658.5,3660.0,C-ETH-3660-250725,P-ETH-3660-250725,47.88357106,48.68175805,96.56532911,66.518333333333,0.0,66.518333333333,0.01,0.01,0.00015,66.518333333333,0.026394787237939,0.3111571829516544,0.05362347819732917,0.25753370475432524,2025-07-24 12:00:00+00:00,2025-07-24 17:30:00+05:30,2025-07-25 12:00:00+00:00,settlement,True
ETH,1753531200,2025-07-26 12:00:00+00:00,1753444800,3725.79,3720.0,C-ETH-3720-260725,P-ETH-3720-260725,56.77159054,50.6218056,107.39339614,21.3796551724135,0.0,21.3796551724135,0.01,0.01,0.00015,21.3796551724135,0.0288243288376424,0.8009220683873095,0.051362584058345984,0.7495594843289635,2025-07-25 12:00:00+00:00,2025-07-25 17:30:00+05:30,2025-07-26 12:00:00+00:00,settlement,True
ETH,1753617600,2025-07-27 12:00:00+00:00,1753531200,3733.57,3740.0,C-ETH-3740-270725,P-ETH-3740-270725,26.28615329,31.71810186,58.004255150000006,75.144482758621,0.0,75.144482758621,0.01,0.01,0.00015,75.144482758621,0.0155358691948992,-0.2954994864479522,0.07237195938753467,-0.36787144583548687,2025-07-26 12:00:00+00:00,2025-07-26 17:30:00+05:30,2025-07-27 12:00:00+00:00,settlement,False
ETH,1753704000,2025-07-28 12:00:00+00:00,1753617600,3822.12,3820.0,C-ETH-3820-280725,P-ETH-3820-280725,44.70285119,41.89885585,86.60170704,53.5637931034485,0.0,53.5637931034485,0.01,0.01,0.00015,53.5637931034485,0.02265802932404,0.3814926410317961,0.058047201152167965,0.32344543987962815,2025-07-27 12:00:00+00:00,2025-07-27 17:30:00+05:30,2025-07-28 12:00:00+00:00,settlement,True
ETH,1753790400,2025-07-29 12:00:00+00:00,1753704000,3873.9,3880.0,C-ETH-3880-290725,P-ETH-3880-290725,45.67107648,51.36319442,97.0342709,0.0,57.953793103448,57.953793103448,0.01,0.01,0.00015,57.953793103448,0.0250482126281008,0.4027492290515267,0.05506548985797553,0.34768373919355117,2025-07-28 12:00:00+00:00,2025-07-28 17:30:00+05:30,2025-07-29 12:00:00+00:00,settlement,True
ETH,1753876800,2025-07-30 12:00:00+00:00,1753790400,3837.67,3840.0,C-ETH-3840-300725,P-ETH-3840-300725,46.9435479,48.42079354,95.36434144,0.0,83.8724137931035,83.8724137931035,0.01,0.01,0.00015,83.8724137931035,0.0248495418939095,0.120505499994742,0.05529147091011464,0.06521402908462737,2025-07-29 12:00:00+00:00,2025-07-29 17:30:00+05:30,2025-07-30 12:00:00+00:00,settlement,True
ETH,1753963200,2025-07-31 12:00:00+00:00,1753876800,3760.01,3760.0,C-ETH-3760-310725,P-ETH-3760-310725,50.2736684,49.61914945,99.89281785,77.42448275862,0.0,77.42448275862,0.01,0.01,0.00015,77.42448275862,0.0265671681325315,0.224924429753485,0.0534494342365776,0.1714749955169074,2025-07-30 12:00:00+00:00,2025-07-30 17:30:00+05:30,2025-07-31 12:00:00+00:00,settlement,True
ETH,1754049600,2025-08-01 12:00:00+00:00,1753963200,3842.22,3840.0,C-ETH-3840-010825,P-ETH-3840-010825,46.21292903,43.42102508,89.63395410999999,0.0,206.978965517242,206.978965517242,0.01,0.01,0.00015,206.978965517242,0.0233286886513526,-1.3091580369558908,0.05714889832776563,-1.3663069352836565,2025-07-31 12:00:00+00:00,2025-07-31 17:30:00+05:30,2025-08-01 12:00:00+00:00,settlement,False
ETH,1754136000,2025-08-02 12:00:00+00:00,1754049600,3646.5,3640.0,C-ETH-3640-020825,P-ETH-3640-020825,54.66845422,47.70428886,102.37274308,0.0,129.444137931034,129.444137931034,0.01,0.01,0.00015,129.444137931034,0.0280742473824214,-0.2644394790699204,0.0520188416792006,-0.316458320749121,2025-08-01 12:00:00+00:00,2025-08-01 17:30:00+05:30,2025-08-02 12:00:00+00:00,settlement,False
ETH,1754222400,2025-08-03 12:00:00+00:00,1754136000,3501.2,3500.0,C-ETH-3500-030825,P-ETH-3500-030825,31.93457294,30.36348276,62.2980557,0.0,8.1393103448277,8.1393103448277,0.01,0.01,0.00015,8.1393103448277,0.0177933439106592,0.8693488865202627,0.06659015993592236,0.8027587265843403,2025-08-02 12:00:00+00:00,2025-08-02 17:30:00+05:30,2025-08-03 12:00:00+00:00,settlement,True
ETH,1754308800,2025-08-04 12:00:00+00:00,1754222400,3484.16,3480.0,C-ETH-3480-040825,P-ETH-3480-040825,45.40210092,40.81677678,86.21887770000001,76.30275862069,0.0,76.30275862069,0.01,0.01,0.00015,76.30275862069,0.0247459581936535,0.1150109969398268,0.05541073289057669,0.05960026404925011,2025-08-03 12:00:00+00:00,2025-08-03 17:30:00+05:30,2025-08-04 12:00:00+00:00,settlement,True
ETH,1754395200,2025-08-05 12:00:00+00:00,1754308800,3552.33,3560.0,C-ETH-3560-050825,P-ETH-3560-050825,35.34472914,42.41886696,77.7635961,112.564827586208,0.0,112.564827586208,0.01,0.01,0.00015,112.564827586208,0.0218908705272314,-0.4475260048603641,0.05914224966610051,-0.5066682545264646,2025-08-04 12:00:00+00:00,2025-08-04 17:30:00+05:30,2025-08-05 12:00:00+00:00,settlement,False
ETH,1754481600,2025-08-06 12:00:00+00:00,1754395200,3668.53,3660.0,C-ETH-3660-060825,P-ETH-3660-060825,48.97258582,39.93161524,88.90420105999999,0.0,37.771034482759,37.771034482759,0.01,0.01,0.00015,37.771034482759,0.0242342848661452,0.5751490477118405,0.05601480885078886,0.5191342388610516,2025-08-05 12:00:00+00:00,2025-08-05 17:30:00+05:30,2025-08-06 12:00:00+00:00,settlement,True
ETH,1754568000,2025-08-07 12:00:00+00:00,1754481600,3622.81,3620.0,C-ETH-3620-070825,P-ETH-3620-070825,45.06008734,41.68924524,86.74933258,205.9865517241374,0.0,205.9865517241374,0.01,0.01,0.00015,205.9865517241374,0.0239453166409499,-1.374503014581434,0.05636736845940123,-1.4308703830408354,2025-08-06 12:00:00+00:00,2025-08-06 17:30:00+05:30,2025-08-07 12:00:00+00:00,settlement,False
ETH,1754654400,2025-08-08 12:00:00+00:00,1754568000,3828.0,3820.0,C-ETH-3820-080825,P-ETH-3820-080825,55.31074131,46.84440394,102.15514525,94.603793103449,0.0,94.603793103449,0.01,0.01,0.00015,94.603793103449,0.0266862970872518,0.0739204288542775,0.05333046983945235,0.020589959014825153,2025-08-07 12:00:00+00:00,2025-08-07 17:30:00+05:30,2025-08-08 12:00:00+00:00,settlement,True
ETH,1754740800,2025-08-09 12:00:00+00:00,1754654400,3916.55,3920.0,C-ETH-3920-090825,P-ETH-3920-090825,43.64070494,46.20293483,89.84363977,279.344137931035,0.0,279.344137931035,0.01,0.01,0.00015,279.344137931035,0.0229394849472111,-2.1092255238785618,0.05766381414531599,-2.1668893380238776,2025-08-08 12:00:00+00:00,2025-08-08 17:30:00+05:30,2025-08-09 12:00:00+00:00,settlement,False
ETH,1754827200,2025-08-10 12:00:00+00:00,1754740800,4184.22,4180.0,C-ETH-4180-100825,P-ETH-4180-100825,42.69695914,37.61412388,80.31108302,23.934482758621,0.0,23.934482758621,0.01,0.01,0.00015,23.934482758621,0.0191938002829679,0.701977835952473,0.06368691085466077,0.6382909250978122,2025-08-09 12:00:00+00:00,2025-08-09 17:30:00+05:30,2025-08-10 12:00:00+00:00,settlement,True
ETH,1754913600,2025-08-11 12:00:00+00:00,1754827200,4178.11,4180.0,C-ETH-4180-110825,P-ETH-4180-110825,50.44028801,50.4722313,100.91251931,16.788965517241,0.0,16.788965517241,0.01,0.01,0.00015,16.788965517241,0.0241526717367422,0.833628516738683,0.05611352720382301,0.77751498953486,2025-08-10 12:00:00+00:00,2025-08-10 17:30:00+05:30,2025-08-11 12:00:00+00:00,settlement,True
ETH,1755000000,2025-08-12 12:00:00+00:00,1754913600,4190.03,4200.0,C-ETH-4200-120825,P-ETH-4200-120825,52.53042183,61.53189373,114.06231556,81.620000000001,0.0,81.620000000001,0.01,0.01,0.00015,81.620000000001,0.0272223147710159,0.2844262401716141,0.05280807484431188,0.23161816532730223,2025-08-11 12:00:00+00:00,2025-08-11 17:30:00+05:30,2025-08-12 12:00:00+00:00,settlement,True
ETH,1755086400,2025-08-13 12:00:00+00:00,1755000000,4295.62,4300.0,C-ETH-4300-130825,P-ETH-4300-130825,60.44054116,63.86320111,124.30374227,381.794137931034,0.0,381.794137931034,0.01,0.01,0.00015,381.794137931034,0.0289373227310609,-2.07146133301232,0.051266672559173616,-2.122728005571494,2025-08-12 12:00:00+00:00,2025-08-12 17:30:00+05:30,2025-08-13 12:00:00+00:00,settlement,False
ETH,1755172800,2025-08-14 12:00:00+00:00,1755086400,4689.35,4680.0,C-ETH-4680-140825,P-ETH-4680-140825,70.68883581,60.19231119,130.881147,27.655517241377,0.0,27.655517241377,0.01,0.01,0.00015,27.655517241377,0.0279102960964739,0.7886974719026798,0.05216698276337691,0.7365304891393029,2025-08-13 12:00:00+00:00,2025-08-13 17:30:00+05:30,2025-08-14 12:00:00+00:00,settlement,True
ETH,1755259200,2025-08-15 12:00:00+00:00,1755172800,4728.53,4720.0,C-ETH-4720-150825,P-ETH-4720-150825,73.70601363,63.8233341,137.52934772999998,0.0,82.6041379310345,82.6041379310345,0.01,0.01,0.00015,82.6041379310345,0.0290850111408831,0.399370830339395,0.051142435234786815,0.34822839510460823,2025-08-14 12:00:00+00:00,2025-08-14 17:30:00+05:30,2025-08-15 12:00:00+00:00,settlement,True
ETH,1755345600,2025-08-16 12:00:00+00:00,1755259200,4630.3,4640.0,C-ETH-4640-160825,P-ETH-4640-160825,54.44457578,63.12470254,117.56927832,0.0,238.144827586208,238.144827586208,0.01,0.01,0.00015,238.144827586208,0.0253912874586959,-1.0255702083840776,0.05468358019071321,-1.080253788574791,2025-08-15 12:00:00+00:00,2025-08-15 17:30:00+05:30,2025-08-16 12:00:00+00:00,settlement,False
ETH,1755432000,2025-08-17 12:00:00+00:00,1755345600,4393.33,4400.0,C-ETH-4400-170825,P-ETH-4400-170825,37.14961029,42.84923154,79.99884183,155.946206896552,0.0,155.946206896552,0.01,0.01,0.00015,155.946206896552,0.018209158390105,-0.9493558072745916,0.06568153339281911,-1.0150373406674107,2025-08-16 12:00:00+00:00,2025-08-16 17:30:00+05:30,2025-08-17 12:00:00+00:00,settlement,False
ETH,1755518400,2025-08-18 12:00:00+00:00,1755432000,4545.73,4540.0,C-ETH-4540-180825,P-ETH-4540-180825,53.42607958,46.77655619,100.20263577,0.0,275.247586206898,275.247586206898,0.01,0.01,0.00015,275.247586206898,0.0220432440488106,-1.7469096405676117,0.05891868445643782,-1.8058283250240494,2025-08-17 12:00:00+00:00,2025-08-17 17:30:00+05:30,2025-08-18 12:00:00+00:00,settlement,False
ETH,1755604800,2025-08-19 12:00:00+00:00,1755518400,4286.5,4280.0,C-ETH-4280-190825,P-ETH-4280-190825,72.63081389,65.73731752,138.36813141,24.584827586207,0.0,24.584827586207,0.01,0.01,0.00015,24.584827586207,0.0322799793327889,0.8223230498548871,0.04873309954448564,0.7735899503104015,2025-08-18 12:00:00+00:00,2025-08-18 17:30:00+05:30,2025-08-19 12:00:00+00:00,settlement,True
ETH,1755691200,2025-08-20 12:00:00+00:00,1755604800,4301.82,4300.0,C-ETH-4300-200825,P-ETH-4300-200825,57.95882622,55.56028962,113.51911584,0.0,120.667586206897,120.667586206897,0.01,0.01,0.00015,120.667586206897,0.0263886252423392,-0.0629715120136457,0.05362974173524007,-0.11660125374888577,2025-08-19 12:00:00+00:00,2025-08-19 17:30:00+05:30,2025-08-20 12:00:00+00:00,settlement,False
ETH,1755777600,2025-08-21 12:00:00+00:00,1755691200,4212.12,4220.0,C-ETH-4220-210825,P-ETH-4220-210825,55.27400772,62.62458718,117.8985949,64.238275862068,0.0,64.238275862068,0.01,0.01,0.00015,64.238275862068,0.0279903219518912,0.4551395975791397,0.05209445717762323,0.40304514040151646,2025-08-20 12:00:00+00:00,2025-08-20 17:30:00+05:30,2025-08-21 12:00:00+00:00,settlement,True
ETH,1755864000,2025-08-22 12:00:00+00:00,1755777600,4281.63,4280.0,C-ETH-4280-220825,P-ETH-4280-220825,58.50026475,56.19102691,114.69129166,2.6458620689655,0.0,2.6458620689655,0.01,0.01,0.00015,2.6458620689655,0.0267868292355948,0.976930575716166,0.05323089981919905,0.923699675896967,2025-08-21 12:00:00+00:00,2025-08-21 17:30:00+05:30,2025-08-22 12:00:00+00:00,settlement,True
ETH,1755950400,2025-08-23 12:00:00+00:00,1755864000,4268.02,4260.0,C-ETH-4260-230825,P-ETH-4260-230825,77.54947925,68.61300653,146.16248578,454.188965517242,0.0,454.188965517242,0.01,0.01,0.00015,454.188965517242,0.0342459702110111,-2.1074250214988512,0.04747396530562756,-2.1548989868044788,2025-08-22 12:00:00+00:00,2025-08-22 17:30:00+05:30,2025-08-23 12:00:00+00:00,settlement,False
ETH,1756036800,2025-08-24 12:00:00+00:00,1755950400,4693.69,4700.0,C-ETH-4700-240825,P-ETH-4700-240825,35.61165457,40.8298069,76.44146147000001,43.32551724138,0.0,43.32551724138,0.01,0.01,0.00015,43.32551724138,0.0162860055670485,0.4332196636718752,0.07027290666733506,0.36294675700454015,2025-08-23 12:00:00+00:00,2025-08-23 17:30:00+05:30,2025-08-24 12:00:00+00:00,settlement,True
ETH,1756123200,2025-08-25 12:00:00+00:00,1756036800,4745.2,4740.0,C-ETH-4740-250825,P-ETH-4740-250825,56.22382035,50.07888347,106.30270382,0.0,149.724137931034,149.724137931034,0.01,0.01,0.00015,149.724137931034,0.0224021545603978,-0.4084697053854673,0.05840410299336072,-0.466873808378828,2025-08-24 12:00:00+00:00,2025-08-24 17:30:00+05:30,2025-08-25 12:00:00+00:00,settlement,False
ETH,1756209600,2025-08-26 12:00:00+00:00,1756123200,4600.0,4600.0,C-ETH-4600-260825,P-ETH-4600-260825,77.28302032,76.36221129,153.64523161,0.0,183.476551724138,183.476551724138,0.01,0.01,0.00015,183.476551724138,0.0334011373065217,-0.1941571489173142,0.0479968830133745,-0.24215403193068868,2025-08-25 12:00:00+00:00,2025-08-25 17:30:00+05:30,2025-08-26 12:00:00+00:00,settlement,False
ETH,1756296000,2025-08-27 12:00:00+00:00,1756209600,4413.88,4420.0,C-ETH-4420-270825,P-ETH-4420-270825,63.02303356,68.26702789,131.29006145,182.320344827587,0.0,182.320344827587,0.01,0.01,0.00015,182.320344827587,0.0297448189461426,-0.3886835211591487,0.050602464600034654,-0.4392859857591834,2025-08-26 12:00:00+00:00,2025-08-26 17:30:00+05:30,2025-08-27 12:00:00+00:00,settlement,False
ETH,1756382400,2025-08-28 12:00:00+00:00,1756296000,4616.57,4620.0,C-ETH-4620-280825,P-ETH-4620-280825,64.02635779,66.6477342,130.67409199000002,0.0,26.2282758620695,26.2282758620695,0.01,0.01,0.00015,26.2282758620695,0.0283054501480536,0.7992848049475895,0.051812850751242465,0.747471954196347,2025-08-27 12:00:00+00:00,2025-08-27 17:30:00+05:30,2025-08-28 12:00:00+00:00,settlement,True
ETH,1756468800,2025-08-29 12:00:00+00:00,1756382400,4587.68,4600.0,C-ETH-4600-290825,P-ETH-4600-290825,58.98349072,70.60425149,129.58774221,0.0,257.449310344829,257.449310344829,0.01,0.01,0.00015,257.449310344829,0.0282469008758239,-0.9866794957167035,0.0518646965878641,-1.0385441923045677,2025-08-28 12:00:00+00:00,2025-08-28 17:30:00+05:30,2025-08-29 12:00:00+00:00,settlement,False
ETH,1756555200,2025-08-30 12:00:00+00:00,1756468800,4349.92,4340.0,C-ETH-4340-300825,P-ETH-4340-300825,67.75639328,57.02687058,124.78326386,49.833793103448,0.0,49.833793103448,0.01,0.01,0.00015,49.833793103448,0.028686335348696,0.6006372043661337,0.05148074054750886,0.5491564638186248,2025-08-29 12:00:00+00:00,2025-08-29 17:30:00+05:30,2025-08-30 12:00:00+00:00,settlement,True
ETH,1756641600,2025-08-31 12:00:00+00:00,1756555200,4384.45,4380.0,C-ETH-4380-310825,P-ETH-4380-310825,37.16511448,32.06444047,69.22955495,92.131034482759,0.0,92.131034482759,0.01,0.01,0.00015,92.131034482759,0.0157897923228683,-0.3308049509967132,0.07163909512695776,-0.40244404612367096,2025-08-30 12:00:00+00:00,2025-08-30 17:30:00+05:30,2025-08-31 12:00:00+00:00,settlement,False
ETH,1756728000,2025-09-01 12:00:00+00:00,1756641600,4472.83,4480.0,C-ETH-4480-010925,P-ETH-4480-010925,44.35261228,50.88842616,95.24103844,0.0,87.630689655174,87.630689655174,0.01,0.01,0.00015,87.630689655174,0.0212932390544688,0.0799061928500536,0.06004999067492318,0.01985620217513042,2025-08-31 12:00:00+00:00,2025-08-31 17:30:00+05:30,2025-09-01 12:00:00+00:00,settlement,True
ETH,1756814400,2025-09-02 12:00:00+00:00,1756728000,4389.87,4380.0,C-ETH-4380-020925,P-ETH-4380-020925,61.33965927,50.89083073,112.23049,0.0,13.663103448277,13.663103448277,0.01,0.01,0.00015,13.663103448277,0.0255657889641378,0.8782585423241314,0.05449325840063604,0.8237652839234954,2025-09-01 12:00:00+00:00,2025-09-01 17:30:00+05:30,2025-09-02 12:00:00+00:00,settlement,True
ETH,1756900800,2025-09-03 12:00:00+00:00,1756814400,4332.37,4340.0,C-ETH-4340-030925,P-ETH-4340-030925,55.03567681,62.11194225,117.14761906,36.996551724138,0.0,36.996551724138,0.01,0.01,0.00015,36.996551724138,0.027040077154075,0.684188615859198,0.05298335724287319,0.6312052586163248,2025-09-02 12:00:00+00:00,2025-09-02 17:30:00+05:30,2025-09-03 12:00:00+00:00,settlement,True
ETH,1756987200,2025-09-04 12:00:00+00:00,1756900800,4377.97,4380.0,C-ETH-4380-040925,P-ETH-4380-040925,56.1858371,57.56336147,113.74919857,35.054137931033,0.0,35.054137931033,0.01,0.01,0.00015,35.054137931033,0.025982178628451,0.6918295832259331,0.05404944701999407,0.6377801362059391,2025-09-03 12:00:00+00:00,2025-09-03 17:30:00+05:30,2025-09-04 12:00:00+00:00,settlement,True
ETH,1757073600,2025-09-05 12:00:00+00:00,1756987200,4408.47,4400.0,C-ETH-4400-050925,P-ETH-4400-050925,61.25180369,52.18030051,113.4321042,19.607931034483,0.0,19.607931034483,0.01,0.01,0.00015,19.607931034483,0.0257304924837868,0.8271394930670518,0.05431599101517858,0.7728235020518732,2025-09-04 12:00:00+00:00,2025-09-04 17:30:00+05:30,2025-09-05 12:00:00+00:00,settlement,True
ETH,1757160000,2025-09-06 12:00:00+00:00,1757073600,4420.54,4420.0,C-ETH-4420-060925,P-ETH-4420-060925,68.44244648,67.24813642,135.69058289999998,0.0,123.740689655173,123.740689655173,0.01,0.01,0.00015,123.740689655173,0.0306954767743307,0.0880672261068677,0.049865287605894724,0.03820193850097297,2025-09-05 12:00:00+00:00,2025-09-05 17:30:00+05:30,2025-09-06 12:00:00+00:00,settlement,True
ETH,1757246400,2025-09-07 12:00:00+00:00,1757160000,4301.01,4300.0,C-ETH-4300-070925,P-ETH-4300-070925,32.30820166,30.70722195,63.01542361,6.503103448275,0.0,6.503103448275,0.01,0.01,0.00015,6.503103448275,0.0146513083229288,0.8968014007408337,0.07512332952081856,0.8216780712200151,2025-09-06 12:00:00+00:00,2025-09-06 17:30:00+05:30,2025-09-07 12:00:00+00:00,settlement,True
ETH,1757332800,2025-09-08 12:00:00+00:00,1757246400,4310.87,4320.0,C-ETH-4320-080925,P-ETH-4320-080925,38.93918535,47.5047078,86.44389315000001,0.0,12.626551724138,12.626551724138,0.01,0.01,0.00015,12.626551724138,0.0200525400093252,0.8539335600928104,0.06210724784345277,0.7918263122493576,2025-09-07 12:00:00+00:00,2025-09-07 17:30:00+05:30,2025-09-08 12:00:00+00:00,settlement,True
ETH,1757419200,2025-09-09 12:00:00+00:00,1757332800,4317.29,4320.0,C-ETH-4320-090925,P-ETH-4320-090925,44.55641218,46.73115702,91.2875692,31.907241379312,0.0,31.907241379312,0.01,0.01,0.00015,31.907241379312,0.0211446461090174,0.6504755065894339,0.060283653325276625,0.5901918532641572,2025-09-08 12:00:00+00:00,2025-09-08 17:30:00+05:30,2025-09-09 12:00:00+00:00,settlement,True
ETH,1757505600,2025-09-10 12:00:00+00:00,1757419200,4343.06,4340.0,C-ETH-4340-100925,P-ETH-4340-100925,46.32974268,42.65827191,88.98801459,0.0,11.757241379311,11.757241379311,0.01,0.01,0.00015,11.757241379311,0.0204897041694105,0.8678783717843255,0.06135393958576461,0.8065244321985608,2025-09-09 12:00:00+00:00,2025-09-09 17:30:00+05:30,2025-09-10 12:00:00+00:00,settlement,True
ETH,1757592000,2025-09-11 12:00:00+00:00,1757505600,4332.96,4340.0,C-ETH-4340-110925,P-ETH-4340-110925,37.7601794,44.17537336,81.93555276000001,92.661724137931,0.0,92.661724137931,0.01,0.01,0.00015,92.661724137931,0.0189098336379749,-0.1309098555708699,0.06424083705623858,-0.1951506926271085,2025-09-10 12:00:00+00:00,2025-09-10 17:30:00+05:30,2025-09-11 12:00:00+00:00,settlement,False
ETH,1757678400,2025-09-12 12:00:00+00:00,1757592000,4427.27,4420.0,C-ETH-4420-120925,P-ETH-4420-120925,61.16589677,53.36734221,114.53323898,105.247586206898,0.0,105.247586206898,0.01,0.01,0.00015,105.247586206898,0.0258699467120821,0.0810738686498114,0.05416766363996178,0.026906205009849624,2025-09-11 12:00:00+00:00,2025-09-11 17:30:00+05:30,2025-09-12 12:00:00+00:00,settlement,True
ETH,1757764800,2025-09-13 12:00:00+00:00,1757678400,4511.34,4520.0,C-ETH-4520-130925,P-ETH-4520-130925,38.15469226,46.10045014,84.2551424,200.444137931034,0.0,200.444137931034,0.01,0.01,0.00015,200.444137931034,0.0186763007000137,-1.3790136984093924,0.06470900625194363,-1.443722704661336,2025-09-12 12:00:00+00:00,2025-09-12 17:30:00+05:30,2025-09-13 12:00:00+00:00,settlement,False
ETH,1757851200,2025-09-14 12:00:00+00:00,1757764800,4714.83,4720.0,C-ETH-4720-140925,P-ETH-4720-140925,28.92828004,33.35574152,62.28402156,0.0,84.104137931035,84.104137931035,0.01,0.01,0.00015,84.104137931035,0.0132102369671865,-0.3503324901718982,0.08039479937859041,-0.4307272895504886,2025-09-13 12:00:00+00:00,2025-09-13 17:30:00+05:30,2025-09-14 12:00:00+00:00,settlement,False
ETH,1757937600,2025-09-15 12:00:00+00:00,1757851200,4635.0,4640.0,C-ETH-4640-150925,P-ETH-4640-150925,38.0226252,42.23263437,80.25525956999999,0.0,107.154827586207,107.154827586207,0.01,0.01,0.00015,107.154827586207,0.0173150506084142,-0.3351751419200726,0.06768928274087445,-0.402864424660947,2025-09-14 12:00:00+00:00,2025-09-14 17:30:00+05:30,2025-09-15 12:00:00+00:00,settlement,False
ETH,1758024000,2025-09-16 12:00:00+00:00,1757937600,4528.78,4520.0,C-ETH-4520-160925,P-ETH-4520-160925,50.56474631,41.03503664,91.59978295,0.0,17.435862068965,17.435862068965,0.01,0.01,0.00015,17.435862068965,0.0202261498571359,0.8096517097809891,0.06180419036746198,0.7478475194135271,2025-09-15 12:00:00+00:00,2025-09-15 17:30:00+05:30,2025-09-16 12:00:00+00:00,settlement,True
ETH,1758110400,2025-09-17 12:00:00+00:00,1758024000,4499.59,4500.0,C-ETH-4500-170925,P-ETH-4500-170925,40.7759763,40.49517123,81.27114753000001,0.0,6.962758620689,6.962758620689,0.01,0.01,0.00015,6.962758620689,0.0180619006465033,0.9143268080702464,0.06599853252747592,0.8483282755427705,2025-09-16 12:00:00+00:00,2025-09-16 17:30:00+05:30,2025-09-17 12:00:00+00:00,settlement,True
ETH,1758196800,2025-09-18 12:00:00+00:00,1758110400,4491.28,4500.0,C-ETH-4500-180925,P-ETH-4500-180925,65.54578257,73.71946516,139.26524773,76.263448275862,0.0,76.263448275862,0.01,0.01,0.00015,76.263448275862,0.031007919285816,0.4523870849408354,0.04963287677170457,0.4027542081691308,2025-09-17 12:00:00+00:00,2025-09-17 17:30:00+05:30,2025-09-18 12:00:00+00:00,settlement,True
ETH,1758283200,2025-09-19 12:00:00+00:00,1758196800,4576.97,4580.0,C-ETH-4580-190925,P-ETH-4580-190925,45.88970596,48.65371966,94.54342562,0.0,66.956551724139,66.956551724139,0.01,0.01,0.00015,66.956551724139,0.0206563350032881,0.291790504891809,0.06107519934621976,0.23071530554558928,2025-09-18 12:00:00+00:00,2025-09-18 17:30:00+05:30,2025-09-19 12:00:00+00:00,settlement,True
ETH,1758369600,2025-09-20 12:00:00+00:00,1758283200,4517.29,4520.0,C-ETH-4520-200925,P-ETH-4520-200925,35.41234366,37.36013298,72.77247664000001,0.0,52.084482758621,52.084482758621,0.01,0.01,0.00015,52.084482758621,0.0161097641816221,0.2842832185541927,0.07074850179170705,0.21353471676248564,2025-09-19 12:00:00+00:00,2025-09-19 17:30:00+05:30,2025-09-20 12:00:00+00:00,settlement,True
ETH,1758456000,2025-09-21 12:00:00+00:00,1758369600,4467.81,4460.0,C-ETH-4460-210925,P-ETH-4460-210925,27.49739096,19.0483792,46.54577016,2.825333333333,0.0,2.825333333333,0.01,0.01,0.00015,2.825333333333,0.0104180281077306,0.9392998907608364,0.09475911785596289,0.8445407729048735,2025-09-20 12:00:00+00:00,2025-09-20 17:30:00+05:30,2025-09-21 12:00:00+00:00,settlement,True
ETH,1758542400,2025-09-22 12:00:00+00:00,1758456000,4463.7,4460.0,C-ETH-4460-220925,P-ETH-4460-220925,32.39818753,28.3571469,60.755334430000005,0.0,278.477586206896,278.477586206896,0.01,0.01,0.00015,278.477586206896,0.0136109806729842,-3.5835907055659004,0.07881682501873441,-3.662407530584635,2025-09-21 12:00:00+00:00,2025-09-21 17:30:00+05:30,2025-09-22 12:00:00+00:00,settlement,False
ETH,1758628800,2025-09-23 12:00:00+00:00,1758542400,4175.93,4180.0,C-ETH-4180-230925,P-ETH-4180-230925,49.93883544,53.33525392,103.27408936,12.588620689655,0.0,12.588620689655,0.01,0.01,0.00015,12.588620689655,0.0247307999319911,0.8781047524343428,0.05542826928150218,0.8226764831528407,2025-09-22 12:00:00+00:00,2025-09-22 17:30:00+05:30,2025-09-23 12:00:00+00:00,settlement,True
ETH,1758715200,2025-09-24 12:00:00+00:00,1758628800,4194.45,4200.0,C-ETH-4200-240925,P-ETH-4200-240925,39.550912,44.55113937,84.10205137,0.0,16.257931034483,16.257931034483,0.01,0.01,0.00015,16.257931034483,0.0200507936368296,0.8066880561217518,0.062110323013824964,0.7445777331079269,2025-09-23 12:00:00+00:00,2025-09-23 17:30:00+05:30,2025-09-24 12:00:00+00:00,settlement,True
ETH,1758801600,2025-09-25 12:00:00+00:00,1758715200,4182.67,4180.0,C-ETH-4180-250925,P-ETH-4180-250925,43.93658898,40.67566127,84.61225025,0.0,176.3896551724133,176.3896551724133,0.01,0.01,0.00015,176.3896551724133,0.0202292435812531,-1.0846822375157583,0.0617988370626037,-1.146481074578362,2025-09-24 12:00:00+00:00,2025-09-24 17:30:00+05:30,2025-09-25 12:00:00+00:00,settlement,False
ETH,1758888000,2025-09-26 12:00:00+00:00,1758801600,4011.21,4000.0,C-ETH-4000-260925,P-ETH-4000-260925,63.21274786,51.55349849,114.76624635,0.0,92.1513793103445,92.1513793103445,0.01,0.01,0.00015,92.1513793103445,0.0286113782000942,0.1970515526898689,0.05154540006596635,0.14550615262390254,2025-09-25 12:00:00+00:00,2025-09-25 17:30:00+05:30,2025-09-26 12:00:00+00:00,settlement,True
ETH,1758974400,2025-09-27 12:00:00+00:00,1758888000,3899.14,3900.0,C-ETH-3900-270925,P-ETH-3900-270925,49.26768733,49.73407844,99.00176577,105.255172413793,0.0,105.255172413793,0.01,0.01,0.00015,105.255172413793,0.0253906671137738,-0.0631645970670954,0.054684261442501735,-0.11784885850959714,2025-09-26 12:00:00+00:00,2025-09-26 17:30:00+05:30,2025-09-27 12:00:00+00:00,settlement,False
ETH,1759060800,2025-09-28 12:00:00+00:00,1758974400,3998.34,4000.0,C-ETH-4000-280925,P-ETH-4000-280925,27.19234365,28.32335341,55.51569706,0.0,10.9479310344827,10.9479310344827,0.01,0.01,0.00015,10.9479310344827,0.01388468640986,0.8027957566190613,0.07779142890956613,0.7250043277094952,2025-09-27 12:00:00+00:00,2025-09-27 17:30:00+05:30,2025-09-28 12:00:00+00:00,settlement,True
ETH,1759147200,2025-09-29 12:00:00+00:00,1759060800,3989.9,3980.0,C-ETH-3980-290925,P-ETH-3980-290925,41.52757018,30.9120614,72.43963158,124.427586206897,0.0,124.427586206897,0.01,0.01,0.00015,124.427586206897,0.0181557511666959,-0.7176728193251947,0.0657959078806237,-0.7834687272058184,2025-09-28 12:00:00+00:00,2025-09-28 17:30:00+05:30,2025-09-29 12:00:00+00:00,settlement,False
ETH,1759233600,2025-09-30 12:00:00+00:00,1759147200,4099.84,4100.0,C-ETH-4100-300925,P-ETH-4100-300925,41.27162433,40.83015614,82.10178047,65.234137931034,0.0,65.234137931034,0.01,0.01,0.00015,65.234137931034,0.0200256059919411,0.2054479506096635,0.062154735346581697,0.1432932152630818,2025-09-29 12:00:00+00:00,2025-09-29 17:30:00+05:30,2025-09-30 12:00:00+00:00,settlement,True
ETH,1759320000,2025-10-01 12:00:00+00:00,1759233600,4161.11,4160.0,C-ETH-4160-011025,P-ETH-4160-011025,45.67828935,43.76222108,89.44051043,136.805666666667,0.0,136.805666666667,0.01,0.01,0.00015,136.805666666667,0.0214943874182609,-0.5295716226232521,0.05973883125036185,-0.5893104538736139,2025-09-30 12:00:00+00:00,2025-09-30 17:30:00+05:30,2025-10-01 12:00:00+00:00,settlement,False
ETH,1759406400,2025-10-02 12:00:00+00:00,1759320000,4298.55,4300.0,C-ETH-4300-021025,P-ETH-4300-021025,47.1774737,47.76438153,94.94185523,86.964137931033,0.0,86.964137931033,0.01,0.01,0.00015,86.964137931033,0.0220869491409894,0.0840274005562742,0.05885512882202819,0.025172271734246007,2025-10-01 12:00:00+00:00,2025-10-01 17:30:00+05:30,2025-10-02 12:00:00+00:00,settlement,True
ETH,1759492800,2025-10-03 12:00:00+00:00,1759406400,4385.67,4380.0,C-ETH-4380-031025,P-ETH-4380-031025,52.95946576,46.5851342,99.54459996,100.774137931035,0.0,100.774137931035,0.01,0.01,0.00015,100.774137931035,0.0226976949838907,-0.012351629033911,0.05799259468868933,-0.07034422372260032,2025-10-02 12:00:00+00:00,2025-10-02 17:30:00+05:30,2025-10-03 12:00:00+00:00,settlement,False
ETH,1759579200,2025-10-04 12:00:00+00:00,1759492800,4479.03,4480.0,C-ETH-4480-041025,P-ETH-4480-041025,47.91622477,48.06041887,95.97664364,9.601724137931,0.0,9.601724137931,0.01,0.01,0.00015,9.601724137931,0.0214279974994585,0.8999577003969191,0.05984088494586993,0.8401168154510492,2025-10-03 12:00:00+00:00,2025-10-03 17:30:00+05:30,2025-10-04 12:00:00+00:00,settlement,True
ETH,1759665600,2025-10-05 12:00:00+00:00,1759579200,4484.46,4480.0,C-ETH-4480-051025,P-ETH-4480-051025,31.6147537,26.45945418,58.07420788,70.23551724138,0.0,70.23551724138,0.01,0.01,0.00015,70.23551724138,0.0129501005427632,-0.2094098190113788,0.08147139020751804,-0.2908812092188968,2025-10-04 12:00:00+00:00,2025-10-04 17:30:00+05:30,2025-10-05 12:00:00+00:00,settlement,False
ETH,1759752000,2025-10-06 12:00:00+00:00,1759665600,4541.59,4540.0,C-ETH-4540-061025,P-ETH-4540-061025,50.68425845,48.25768749,98.94194594,36.008275862069,0.0,36.008275862069,0.01,0.01,0.00015,36.008275862069,0.021785750351749,0.6360666295778638,0.05929830685511177,0.576768322722752,2025-10-05 12:00:00+00:00,2025-10-05 17:30:00+05:30,2025-10-06 12:00:00+00:00,settlement,True
ETH,1759838400,2025-10-07 12:00:00+00:00,1759752000,4578.46,4580.0,C-ETH-4580-071025,P-ETH-4580-071025,49.95890115,50.92627152,100.88517267,121.337586206897,0.0,121.337586206897,0.01,0.01,0.00015,121.337586206897,0.022034739338118,-0.2027296281069744,0.05893108125019775,-0.2616607093571721,2025-10-06 12:00:00+00:00,2025-10-06 17:30:00+05:30,2025-10-07 12:00:00+00:00,settlement,False
ETH,1759924800,2025-10-08 12:00:00+00:00,1759838400,4705.6,4700.0,C-ETH-4700-081025,P-ETH-4700-081025,55.54223661,49.00380846,104.54604507,0.0,212.046551724137,212.046551724137,0.01,0.01,0.00015,212.046551724137,0.0222173676194321,-1.028259907700562,0.058666961564823546,-1.0869268692653857,2025-10-07 12:00:00+00:00,2025-10-07 17:30:00+05:30,2025-10-08 12:00:00+00:00,settlement,False
ETH,1760011200,2025-10-09 12:00:00+00:00,1759924800,4484.66,4480.0,C-ETH-4480-091025,P-ETH-4480-091025,53.67211382,48.29285845,101.96497227,0.0,102.922068965517,102.922068965517,0.01,0.01,0.00015,102.922068965517,0.0227363885489646,-0.0093865243544874,0.057939510062262674,-0.06732603441675007,2025-10-08 12:00:00+00:00,2025-10-08 17:30:00+05:30,2025-10-09 12:00:00+00:00,settlement,False
ETH,1760097600,2025-10-10 12:00:00+00:00,1760011200,4383.31,4380.0,C-ETH-4380-101025,P-ETH-4380-101025,55.29691452,51.43555161,106.73246613,0.0,39.645172413791,39.645172413791,0.01,0.01,0.00015,39.645172413791,0.0243497416632636,0.6285556414905354,0.055876283838697055,0.5726793576518384,2025-10-09 12:00:00+00:00,2025-10-09 17:30:00+05:30,2025-10-10 12:00:00+00:00,settlement,True
ETH,1760184000,2025-10-11 12:00:00+00:00,1760097600,4347.55,4340.0,C-ETH-4340-111025,P-ETH-4340-111025,53.80033978,45.67686341,99.47720319,0.0,509.9568965517246,509.9568965517246,0.01,0.01,0.00015,509.9568965517246,0.0228812096905153,-4.126369461530943,0.05774241998461637,-4.184111881515559,2025-10-10 12:00:00+00:00,2025-10-10 17:30:00+05:30,2025-10-11 12:00:00+00:00,settlement,False
ETH,1760270400,2025-10-12 12:00:00+00:00,1760184000,3833.57,3840.0,C-ETH-3840-121025,P-ETH-3840-121025,48.97058103,54.8328677,103.80344873,0.0,19.573103448276,19.573103448276,0.01,0.01,0.00015,19.573103448276,0.0270774887976481,0.8114407210189422,0.05294718097719218,0.75849354004175,2025-10-11 12:00:00+00:00,2025-10-11 17:30:00+05:30,2025-10-12 12:00:00+00:00,settlement,True
ETH,1760356800,2025-10-13 12:00:00+00:00,1760270400,3823.39,3820.0,C-ETH-3820-131025,P-ETH-3820-131025,64.57300189,60.68923252,125.26223441,259.9355172413807,0.0,259.9355172413807,0.01,0.01,0.00015,259.9355172413807,0.0327620866325433,-1.0751307723809005,0.048410345151115204,-1.1235411175320158,2025-10-12 12:00:00+00:00,2025-10-12 17:30:00+05:30,2025-10-13 12:00:00+00:00,settlement,False
ETH,1760443200,2025-10-14 12:00:00+00:00,1760356800,4070.03,4080.0,C-ETH-4080-141025,P-ETH-4080-141025,64.68346303,74.7150258,139.39848883000002,0.0,104.6568965517245,104.6568965517245,0.01,0.01,0.00015,104.6568965517245,0.0342499904988415,0.2492250279746129,0.04747153858112595,0.20175348939348697,2025-10-13 12:00:00+00:00,2025-10-13 17:30:00+05:30,2025-10-14 12:00:00+00:00,settlement,True
ETH,1760529600,2025-10-15 12:00:00+00:00,1760443200,3962.36,3960.0,C-ETH-3960-151025,P-ETH-3960-151025,74.57523173,71.59035613,146.16558786000002,145.565172413792,0.0,145.565172413792,0.01,0.01,0.00015,145.565172413792,0.0368885179186141,0.0041077756741423,0.04599296409690504,-0.04188518842276274,2025-10-14 12:00:00+00:00,2025-10-14 17:30:00+05:30,2025-10-15 12:00:00+00:00,settlement,True
ETH,1760616000,2025-10-16 12:00:00+00:00,1760529600,4093.76,4100.0,C-ETH-4100-161025,P-ETH-4100-161025,64.03120122,69.76491097,133.79611219,0.0,49.0468965517252,49.0468965517252,0.01,0.01,0.00015,49.0468965517252,0.0326829399354139,0.6334206147778412,0.048462677880236844,0.5849579368976043,2025-10-15 12:00:00+00:00,2025-10-15 17:30:00+05:30,2025-10-16 12:00:00+00:00,settlement,True
ETH,1760702400,2025-10-17 12:00:00+00:00,1760616000,4074.69,4080.0,C-ETH-4080-171025,P-ETH-4080-171025,63.82014749,68.5408508,132.36099829,0.0,295.2468965517232,295.2468965517232,0.01,0.01,0.00015,295.2468965517232,0.0324836977266982,-1.2306185384371595,0.04859554821488495,-1.2792140866520445,2025-10-16 12:00:00+00:00,2025-10-16 17:30:00+05:30,2025-10-17 12:00:00+00:00,settlement,False
ETH,1760788800,2025-10-18 12:00:00+00:00,1760702400,3781.51,3780.0,C-ETH-3780-181025,P-ETH-3780-181025,76.67205033,74.70280219,151.37485252,95.7168965517244,0.0,95.7168965517244,0.01,0.01,0.00015,95.7168965517244,0.0400302663539168,0.36768297403244,0.044486617264556994,0.323196356767883,2025-10-17 12:00:00+00:00,2025-10-17 17:30:00+05:30,2025-10-18 12:00:00+00:00,settlement,True
ETH,1760875200,2025-10-19 12:00:00+00:00,1760788800,3880.06,3880.0,C-ETH-3880-191025,P-ETH-3880-191025,37.51343926,36.78544283,74.29888209,45.437931034483,0.0,45.437931034483,0.01,0.01,0.00015,45.437931034483,0.0191489002979335,0.3884439475220778,0.06377340259672269,0.3246705449253551,2025-10-18 12:00:00+00:00,2025-10-18 17:30:00+05:30,2025-10-19 12:00:00+00:00,settlement,True
ETH,1760961600,2025-10-20 12:00:00+00:00,1760875200,3926.01,3920.0,C-ETH-3920-201025,P-ETH-3920-201025,57.52927261,50.97741469,108.5066873,112.512413793103,0.0,112.512413793103,0.01,0.01,0.00015,112.512413793103,0.0276379039533776,-0.0369168628476134,0.05241699328553734,-0.08933385613315073,2025-10-19 12:00:00+00:00,2025-10-19 17:30:00+05:30,2025-10-20 12:00:00+00:00,settlement,False
ETH,1761048000,2025-10-21 12:00:00+00:00,1760961600,4030.53,4040.0,C-ETH-4040-211025,P-ETH-4040-211025,51.65638412,60.54589787,112.20228199,0.0,149.7682758620704,149.7682758620704,0.01,0.01,0.00015,149.7682758620704,0.0278380962280394,-0.334805970126512,0.05223277364228945,-0.38703874376880143,2025-10-20 12:00:00+00:00,2025-10-20 17:30:00+05:30,2025-10-21 12:00:00+00:00,settlement,False
ETH,1761134400,2025-10-22 12:00:00+00:00,1761048000,3888.36,3880.0,C-ETH-3880-221025,P-ETH-3880-221025,57.8384641,49.19534687,107.03381097,0.0,51.7075862068964,51.7075862068964,0.01,0.01,0.00015,51.7075862068964,0.0275267235981236,0.5169041844040358,0.052520460245703234,0.4643837241583326,2025-10-21 12:00:00+00:00,2025-10-21 17:30:00+05:30,2025-10-22 12:00:00+00:00,settlement,True
ETH,1761220800,2025-10-23 12:00:00+00:00,1761134400,3821.54,3820.0,C-ETH-3820-231025,P-ETH-3820-231025,62.66572197,60.50198834,123.16771031,47.968620689655,0.0,47.968620689655,0.01,0.01,0.00015,47.968620689655,0.032229862911287,0.6105422389608194,0.0487672048233272,0.5617750341374922,2025-10-22 12:00:00+00:00,2025-10-22 17:30:00+05:30,2025-10-23 12:00:00+00:00,settlement,True
ETH,1761307200,2025-10-24 12:00:00+00:00,1761220800,3839.18,3840.0,C-ETH-3840-241025,P-ETH-3840-241025,58.34340946,58.51907435,116.86248381,104.7517241379305,0.0,104.7517241379305,0.01,0.01,0.00015,104.7517241379305,0.0304394385806344,0.103632571183064,0.05005929889030312,0.05357327229276088,2025-10-23 12:00:00+00:00,2025-10-23 17:30:00+05:30,2025-10-24 12:00:00+00:00,settlement,True
ETH,1761393600,2025-10-25 12:00:00+00:00,1761307200,3952.6,3960.0,C-ETH-3960-251025,P-ETH-3960-251025,51.91041355,58.79983632,110.71024987,0.0,17.8551724137938,17.8551724137938,0.01,0.01,0.00015,17.8551724137938,0.028009474743207,0.8387215959248581,0.052077160906835916,0.7866444350180222,2025-10-24 12:00:00+00:00,2025-10-24 17:30:00+05:30,2025-10-25 12:00:00+00:00,settlement,True
ETH,1761480000,2025-10-26 12:00:00+00:00,1761393600,3944.63,3940.0,C-ETH-3940-261025,P-ETH-3940-261025,31.85740083,26.69890026,58.55630109,88.166896551724,0.0,88.166896551724,0.01,0.01,0.00015,88.166896551724,0.0148445611096604,-0.5056773551357527,0.0744942359406807,-0.5801715910764335,2025-10-25 12:00:00+00:00,2025-10-25 17:30:00+05:30,2025-10-26 12:00:00+00:00,settlement,False
ETH,1761566400,2025-10-27 12:00:00+00:00,1761480000,4048.29,4040.0,C-ETH-4040-271025,P-ETH-4040-271025,54.93015076,46.12045781,101.05060857,116.579655172413,0.0,116.579655172413,0.01,0.01,0.00015,116.579655172413,0.0249613067665606,-0.1536759334967853,0.05516389963960016,-0.20883983313638546,2025-10-26 12:00:00+00:00,2025-10-26 17:30:00+05:30,2025-10-27 12:00:00+00:00,settlement,False
ETH,1761652800,2025-10-28 12:00:00+00:00,1761566400,4162.52,4160.0,C-ETH-4160-281025,P-ETH-4160-281025,56.93553854,53.88875603,110.82429457,0.0,41.384137931034,41.384137931034,0.01,0.01,0.00015,41.384137931034,0.0266243272272565,0.626578828301095,0.05339222124024931,0.5731866070608457,2025-10-27 12:00:00+00:00,2025-10-27 17:30:00+05:30,2025-10-28 12:00:00+00:00,settlement,True
ETH,1761739200,2025-10-29 12:00:00+00:00,1761652800,4109.22,4100.0,C-ETH-4100-291025,P-ETH-4100-291025,54.88658985,45.14328649,100.02987634,0.0,89.501379310344,89.501379310344,0.01,0.01,0.00015,89.501379310344,0.0243427892252057,0.1052535243957494,0.055884588189544886,0.04936893620620452,2025-10-28 12:00:00+00:00,2025-10-28 17:30:00+05:30,2025-10-29 12:00:00+00:00,settlement,True
ETH,1761825600,2025-10-30 12:00:00+00:00,1761739200,4012.85,4020.0,C-ETH-4020-301025,P-ETH-4020-301025,55.51614777,62.09126551,117.60741328,0.0,129.7679310344834,129.7679310344834,0.01,0.01,0.00015,129.7679310344834,0.0293077023262768,-0.1033992451269344,0.05095747205693494,-0.15435671718386934,2025-10-29 12:00:00+00:00,2025-10-29 17:30:00+05:30,2025-10-30 12:00:00+00:00,settlement,False
ETH,1761912000,2025-10-31 12:00:00+00:00,1761825600,3882.42,3900.0,C-ETH-3900-311025,P-ETH-3900-311025,46.20735414,63.00255424,109.20990838,0.0,49.8344827586207,49.8344827586207,0.01,0.01,0.00015,49.8344827586207,0.0281293390153564,0.5436816723147525,0.05196945028866437,0.4917122220260881,2025-10-30 12:00:00+00:00,2025-10-30 17:30:00+05:30,2025-10-31 12:00:00+00:00,settlement,True
ETH,1761998400,2025-11-01 12:00:00+00:00,1761912000,3881.17,3880.0,C-ETH-3880-011125,P-ETH-3880-011125,48.92918464,47.29740087,96.22658551,0.0,5.443793103448,5.443793103448,0.01,0.01,0.00015,5.443793103448,0.0247931900715505,0.943427348330028,0.05535622846260545,0.8880711198674225,2025-10-31 12:00:00+00:00,2025-10-31 17:30:00+05:30,2025-11-01 12:00:00+00:00,settlement,True
ETH,1762084800,2025-11-02 12:00:00+00:00,1761998400,3878.26,3880.0,C-ETH-3880-021125,P-ETH-3880-021125,28.78607654,29.97704574,58.763122280000005,11.2599999999993,0.0,11.2599999999993,0.01,0.01,0.00015,11.2599999999993,0.0151519295457241,0.8083832246634785,0.07352672202332132,0.7348565026401571,2025-11-01 12:00:00+00:00,2025-11-01 17:30:00+05:30,2025-11-02 12:00:00+00:00,settlement,True
ETH,1762171200,2025-11-03 12:00:00+00:00,1762084800,3891.25,3900.0,C-ETH-3900-031125,P-ETH-3900-031125,42.2914931,50.81135247,93.10284557,0.0,190.3548275862076,190.3548275862076,0.01,0.01,0.00015,190.3548275862076,0.0239262050934789,-1.0445650873590973,0.056390986001911524,-1.1009560733610089,2025-11-02 12:00:00+00:00,2025-11-02 17:30:00+05:30,2025-11-03 12:00:00+00:00,settlement,False
ETH,1762257600,2025-11-04 12:00:00+00:00,1762171200,3714.07,3720.0,C-ETH-3720-041125,P-ETH-3720-041125,48.22280659,52.4944412,100.71724779,0.0,201.4303448275864,201.4303448275864,0.01,0.01,0.00015,201.4303448275864,0.0271177570131957,-0.999958788067539,0.052908354007873144,-1.052867142075412,2025-11-03 12:00:00+00:00,2025-11-03 17:30:00+05:30,2025-11-04 12:00:00+00:00,settlement,False
ETH,1762344000,2025-11-05 12:00:00+00:00,1762257600,3525.95,3520.0,C-ETH-3520-051125,P-ETH-3520-051125,60.85752554,54.30193761,115.15946315,0.0,209.5379310344824,209.5379310344824,0.01,0.01,0.00015,209.5379310344824,0.032660549114423,-0.8195459174861776,0.048477528982124304,-0.8680234464683019,2025-11-04 12:00:00+00:00,2025-11-04 17:30:00+05:30,2025-11-05 12:00:00+00:00,settlement,False
ETH,1762430400,2025-11-06 12:00:00+00:00,1762344000,3315.81,3320.0,C-ETH-3320-061125,P-ETH-3320-061125,57.55193058,61.15206851,118.70399909,81.3127586206892,0.0,81.3127586206892,0.01,0.01,0.00015,81.3127586206892,0.0357993971578588,0.3149956257241274,0.046576869338834,0.26841875638529344,2025-11-05 12:00:00+00:00,2025-11-05 17:30:00+05:30,2025-11-06 12:00:00+00:00,settlement,True
ETH,1762516800,2025-11-07 12:00:00+00:00,1762430400,3391.08,3400.0,C-ETH-3400-071125,P-ETH-3400-071125,46.71251634,55.11933795,101.83185429,0.0,157.109655172414,157.109655172414,0.01,0.01,0.00015,157.109655172414,0.0300293282051735,-0.5428340794521145,0.05037695101144563,-0.5932110304635602,2025-11-06 12:00:00+00:00,2025-11-06 17:30:00+05:30,2025-11-07 12:00:00+00:00,settlement,False
ETH,1762603200,2025-11-08 12:00:00+00:00,1762516800,3263.1,3260.0,C-ETH-3260-081125,P-ETH-3260-081125,56.98573691,53.52794582,110.51368273,165.7868965517237,0.0,165.7868965517237,0.01,0.01,0.00015,165.7868965517237,0.0338676971989825,-0.5001481486845722,0.047704875694390865,-0.5478530243789631,2025-11-07 12:00:00+00:00,2025-11-07 17:30:00+05:30,2025-11-08 12:00:00+00:00,settlement,False
ETH,1762689600,2025-11-09 12:00:00+00:00,1762603200,3411.51,3420.0,C-ETH-3420-091125,P-ETH-3420-091125,26.60440246,34.68943342,61.29383588,2.3986206896548,0.0,2.3986206896548,0.01,0.01,0.00015,2.3986206896548,0.0179667759672403,0.9608668530005076,0.06620606825013739,0.8946607847503701,2025-11-08 12:00:00+00:00,2025-11-08 17:30:00+05:30,2025-11-09 12:00:00+00:00,settlement,True
ETH,1762776000,2025-11-10 12:00:00+00:00,1762689600,3428.73,3420.0,C-ETH-3420-101125,P-ETH-3420-101125,49.54947579,40.60955956,90.15903535,194.1710344827593,0.0,194.1710344827593,0.01,0.01,0.00015,194.1710344827593,0.026295169158843,-1.1536503105759912,0.05372509775172523,-1.2073754083277164,2025-11-09 12:00:00+00:00,2025-11-09 17:30:00+05:30,2025-11-10 12:00:00+00:00,settlement,False
ETH,1762862400,2025-11-11 12:00:00+00:00,1762776000,3593.5,3600.0,C-ETH-3600-111125,P-ETH-3600-111125,45.29780225,51.29210478,96.58990703,0.0,23.5706896551724,23.5706896551724,0.01,0.01,0.00015,23.5706896551724,0.0268790613691387,0.7559715048917943,0.053140205495899207,0.7028312993958952,2025-11-10 12:00:00+00:00,2025-11-10 17:30:00+05:30,2025-11-11 12:00:00+00:00,settlement,True
ETH,1762948800,2025-11-12 12:00:00+00:00,1762862400,3579.01,3580.0,C-ETH-3580-121125,P-ETH-3580-121125,46.60282485,47.1693383,93.77216315,0.0,34.494827586208,34.494827586208,0.01,0.01,0.00015,34.494827586208,0.0262005870757555,0.632142136563179,0.05382229526204547,0.5783198413011335,2025-11-11 12:00:00+00:00,2025-11-11 17:30:00+05:30,2025-11-12 12:00:00+00:00,settlement,True
ETH,1763035200,2025-11-13 12:00:00+00:00,1762948800,3541.94,3540.0,C-ETH-3540-131125,P-ETH-3540-131125,53.18632263,50.689509,103.87583163,0.0,35.7948275862077,35.7948275862077,0.01,0.01,0.00015,35.7948275862077,0.0293273831939558,0.655407547409999,0.05094126058631489,0.6044662868236841,2025-11-12 12:00:00+00:00,2025-11-12 17:30:00+05:30,2025-11-13 12:00:00+00:00,settlement,True
ETH,1763121600,2025-11-14 12:00:00+00:00,1763035200,3499.22,3500.0,C-ETH-3500-141125,P-ETH-3500-141125,51.60860796,51.88272665,103.49133461,0.0,364.69172413793,364.69172413793,0.01,0.01,0.00015,364.69172413793,0.0295755438669189,-2.5238865699456463,0.05073869756667157,-2.574625267512318,2025-11-13 12:00:00+00:00,2025-11-13 17:30:00+05:30,2025-11-14 12:00:00+00:00,settlement,False
ETH,1763208000,2025-11-15 12:00:00+00:00,1763121600,3129.02,3120.0,C-ETH-3120-151125,P-ETH-3120-151125,69.24875239,59.78210034,129.03085273,36.533793103449,0.0,36.533793103449,0.01,0.01,0.00015,36.533793103449,0.041236825820864,0.7168600196737691,0.04396911973476345,0.6728908999390056,2025-11-14 12:00:00+00:00,2025-11-14 17:30:00+05:30,2025-11-15 12:00:00+00:00,settlement,True
ETH,1763294400,2025-11-16 12:00:00+00:00,1763208000,3150.57,3160.0,C-ETH-3160-161125,P-ETH-3160-161125,28.22667513,37.23874631,65.46542144,10.0796551724143,0.0,10.0796551724143,0.01,0.01,0.00015,10.0796551724143,0.0207789134791482,0.8460308518497441,0.06087300389938496,0.7851578479503591,2025-11-15 12:00:00+00:00,2025-11-15 17:30:00+05:30,2025-11-16 12:00:00+00:00,settlement,True
ETH,1763380800,2025-11-17 12:00:00+00:00,1763294400,3175.63,3180.0,C-ETH-3180-171125,P-ETH-3180-171125,48.88856224,52.82092073,101.70948297,27.175862068966,0.0,27.175862068966,0.01,0.01,0.00015,27.175862068966,0.0320281276376656,0.7328089645585778,0.04890556945474954,0.6839033951038282,2025-11-16 12:00:00+00:00,2025-11-16 17:30:00+05:30,2025-11-17 12:00:00+00:00,settlement,True
ETH,1763467200,2025-11-18 12:00:00+00:00,1763380800,3198.0,3200.0,C-ETH-3200-181125,P-ETH-3200-181125,47.77502068,49.28083817,97.05585885,0.0,134.9868965517244,134.9868965517244,0.01,0.01,0.00015,134.9868965517244,0.030348923968105,-0.3908165684293919,0.05012866894207076,-0.44094523737146263,2025-11-17 12:00:00+00:00,2025-11-17 17:30:00+05:30,2025-11-18 12:00:00+00:00,settlement,False
ETH,1763553600,2025-11-19 12:00:00+00:00,1763467200,3050.15,3060.0,C-ETH-3060-191125,P-ETH-3060-191125,51.19693594,60.69309394,111.89002988,29.2893103448278,0.0,29.2893103448278,0.01,0.01,0.00015,29.2893103448278,0.0366834515941838,0.7382312760463104,0.046100255816501526,0.6921310202298089,2025-11-18 12:00:00+00:00,2025-11-18 17:30:00+05:30,2025-11-19 12:00:00+00:00,settlement,True
ETH,1763640000,2025-11-20 12:00:00+00:00,1763553600,3090.94,3100.0,C-ETH-3100-201125,P-ETH-3100-201125,47.05272566,55.7486573,102.80138296,0.0,82.714482758621,82.714482758621,0.01,0.01,0.00015,82.714482758621,0.0332589383682633,0.1953952332450119,0.04808751050802011,0.14730772273699178,2025-11-19 12:00:00+00:00,2025-11-19 17:30:00+05:30,2025-11-20 12:00:00+00:00,settlement,True
ETH,1763726400,2025-11-21 12:00:00+00:00,1763640000,3022.47,3020.0,C-ETH-3020-211125,P-ETH-3020-211125,52.07632096,49.44805852,101.52437948,0.0,326.6793103448276,326.6793103448276,0.01,0.01,0.00015,326.6793103448276,0.0335898716877256,-2.217742497103196,0.04787778221310435,-2.2656202793163,2025-11-20 12:00:00+00:00,2025-11-20 17:30:00+05:30,2025-11-21 12:00:00+00:00,settlement,False
ETH,1763812800,2025-11-22 12:00:00+00:00,1763726400,2687.96,2680.0,C-ETH-2680-221125,P-ETH-2680-221125,68.44880374,60.12598391,128.57478765000002,58.840689655172,0.0,58.840689655172,0.01,0.01,0.00015,58.840689655172,0.0478335941197041,0.5423621478936816,0.04160131303176218,0.5007608348619195,2025-11-21 12:00:00+00:00,2025-11-21 17:30:00+05:30,2025-11-22 12:00:00+00:00,settlement,True
ETH,1763899200,2025-11-23 12:00:00+00:00,1763812800,2729.59,2720.0,C-ETH-2720-231125,P-ETH-2720-231125,33.87959835,23.77935322,57.65895157,96.820344827586,0.0,96.820344827586,0.01,0.01,0.00015,96.820344827586,0.0211236674995145,-0.6791901724061473,0.060316907043545816,-0.7395070794496932,2025-11-22 12:00:00+00:00,2025-11-22 17:30:00+05:30,2025-11-23 12:00:00+00:00,settlement,False
ETH,1763985600,2025-11-24 12:00:00+00:00,1763899200,2819.52,2820.0,C-ETH-2820-241125,P-ETH-2820-241125,45.14001872,45.18883692,90.32885564,0.0,17.663793103448,17.663793103448,0.01,0.01,0.00015,17.663793103448,0.0320369621921461,0.80445016181932,0.04889947359408393,0.7555506882252361,2025-11-23 12:00:00+00:00,2025-11-23 17:30:00+05:30,2025-11-24 12:00:00+00:00,settlement,True
ETH,1764072000,2025-11-25 12:00:00+00:00,1763985600,2799.92,2800.0,C-ETH-2800-251125,P-ETH-2800-251125,50.26482146,50.02090663,100.28572809,94.0827586206888,0.0,94.0827586206888,0.01,0.01,0.00015,94.0827586206888,0.0358173548137089,0.0618529634021745,0.04656695386028383,0.015286009541890667,2025-11-24 12:00:00+00:00,2025-11-24 17:30:00+05:30,2025-11-25 12:00:00+00:00,settlement,True
ETH,1764158400,2025-11-26 12:00:00+00:00,1764072000,2895.46,2900.0,C-ETH-2900-261125,P-ETH-2900-261125,42.51045124,46.6294593,89.13991054,12.1468965517233,0.0,12.1468965517233,0.01,0.01,0.00015,12.1468965517233,0.0307860963508389,0.8637322330913425,0.04979739440595584,0.8139348386853866,2025-11-25 12:00:00+00:00,2025-11-25 17:30:00+05:30,2025-11-26 12:00:00+00:00,settlement,True
ETH,1764244800,2025-11-27 12:00:00+00:00,1764158400,2897.08,2900.0,C-ETH-2900-271125,P-ETH-2900-271125,39.93139861,42.47789234,82.40929095,129.5520689655173,0.0,129.5520689655173,0.01,0.01,0.00015,129.5520689655173,0.0284456386948237,-0.572056590610883,0.051689580001901464,-0.6237461706127845,2025-11-26 12:00:00+00:00,2025-11-26 17:30:00+05:30,2025-11-27 12:00:00+00:00,settlement,False
ETH,1764331200,2025-11-28 12:00:00+00:00,1764244800,3028.27,3050.0,C-ETH-3050-281125,P-ETH-3050-281125,28.45333924,49.77693884,78.23027808,0.0,17.4737931034483,17.4737931034483,0.01,0.01,0.00015,17.4737931034483,0.0258333233430308,0.7766364439408074,0.054206462211568295,0.7224299817292391,2025-11-27 12:00:00+00:00,2025-11-27 17:30:00+05:30,2025-11-28 12:00:00+00:00,settlement,True
ETH,1764417600,2025-11-29 12:00:00+00:00,1764331200,3039.0,3040.0,C-ETH-3040-291125,P-ETH-3040-291125,33.98538312,34.66180516,68.64718828,0.0,40.51448275862,40.51448275862,0.01,0.01,0.00015,40.51448275862,0.0225887424415926,0.4098158457216275,0.05814304629089755,0.35167279943072993,2025-11-28 12:00:00+00:00,2025-11-28 17:30:00+05:30,2025-11-29 12:00:00+00:00,settlement,True
ETH,1764504000,2025-11-30 12:00:00+00:00,1764417600,3001.73,3000.0,C-ETH-3000-301125,P-ETH-3000-301125,26.14111837,23.99011645,50.13123482,3.979655172413,0.0,3.979655172413,0.01,0.01,0.00015,3.979655172413,0.0167007808230587,0.9206152573998576,0.06919322744853144,0.8514220299513262,2025-11-29 12:00:00+00:00,2025-11-29 17:30:00+05:30,2025-11-30 12:00:00+00:00,settlement,True
ETH,1764590400,2025-12-01 12:00:00+00:00,1764504000,3001.7,3000.0,C-ETH-3000-011225,P-ETH-3000-011225,33.28833988,31.18094931,64.46928919,0.0,158.324827586208,158.324827586208,0.01,0.01,0.00015,158.324827586208,0.0214775924276243,-1.455817794416852,0.059764588670067814,-1.5155823830869197,2025-11-30 12:00:00+00:00,2025-11-30 17:30:00+05:30,2025-12-01 12:00:00+00:00,settlement,False
ETH,1764676800,2025-12-02 12:00:00+00:00,1764590400,2832.74,2840.0,C-ETH-2840-021225,P-ETH-2840-021225,37.4341064,44.3518473,81.7859537,0.0,14.065172413793,14.065172413793,0.01,0.01,0.00015,14.065172413793,0.0288716767864329,0.828024596186949,0.051322302782659854,0.7767022934042892,2025-12-01 12:00:00+00:00,2025-12-01 17:30:00+05:30,2025-12-02 12:00:00+00:00,settlement,True
ETH,1764763200,2025-12-03 12:00:00+00:00,1764676800,2828.36,2820.0,C-ETH-2820-031225,P-ETH-2820-031225,41.75481006,33.03521517,74.79002523,251.2244827586205,0.0,251.2244827586205,0.01,0.01,0.00015,251.2244827586205,0.0264428945501987,-2.3590640193800683,0.05357467849277793,-2.412638697872846,2025-12-02 12:00:00+00:00,2025-12-02 17:30:00+05:30,2025-12-03 12:00:00+00:00,settlement,False
ETH,1764849600,2025-12-04 12:00:00+00:00,1764763200,3079.01,3080.0,C-ETH-3080-041225,P-ETH-3080-041225,43.6633839,44.21687334,87.88025723999999,104.688275862069,0.0,104.688275862069,0.01,0.01,0.00015,104.688275862069,0.028541725177898,-0.1912604622465601,0.051605788563483725,-0.24286625081004382,2025-12-03 12:00:00+00:00,2025-12-03 17:30:00+05:30,2025-12-04 12:00:00+00:00,settlement,False
ETH,1764936000,2025-12-05 12:00:00+00:00,1764849600,3189.25,3180.0,C-ETH-3180-051225,P-ETH-3180-051225,50.91521664,41.26738731,92.18260395,0.0,54.921724137931,54.921724137931,0.01,0.01,0.00015,54.921724137931,0.0289041636591675,0.404207282236021,0.05129474090821665,0.3529125413278043,2025-12-04 12:00:00+00:00,2025-12-04 17:30:00+05:30,2025-12-05 12:00:00+00:00,settlement,True
ETH,1765022400,2025-12-06 12:00:00+00:00,1764936000,3128.16,3120.0,C-ETH-3120-061225,P-ETH-3120-061225,47.65042744,39.07975149,86.73017893,0.0,81.4744827586205,81.4744827586205,0.01,0.01,0.00015,81.4744827586205,0.027725621109534,0.0605982396925685,0.05233594731757116,0.008262292374997343,2025-12-05 12:00:00+00:00,2025-12-05 17:30:00+05:30,2025-12-06 12:00:00+00:00,settlement,True
ETH,1765108800,2025-12-07 12:00:00+00:00,1765022400,3039.52,3040.0,C-ETH-3040-071225,P-ETH-3040-071225,22.65225482,22.90886196,45.56111678,0.0,1.4172413793103,1.4172413793103,0.01,0.01,0.00015,1.4172413793103,0.0149895762423014,0.9688936207127296,0.07403282290008871,0.8948607978126408,2025-12-06 12:00:00+00:00,2025-12-06 17:30:00+05:30,2025-12-07 12:00:00+00:00,settlement,True
ETH,1765195200,2025-12-08 12:00:00+00:00,1765108800,3037.31,3040.0,C-ETH-3040-081225,P-ETH-3040-081225,37.72340293,40.01643217,77.7398351,104.4524137931035,0.0,104.4524137931035,0.01,0.01,0.00015,104.4524137931035,0.0255949623515545,-0.3436150676000535,0.05446169335494256,-0.39807676095499606,2025-12-07 12:00:00+00:00,2025-12-07 17:30:00+05:30,2025-12-08 12:00:00+00:00,settlement,False
ETH,1765281600,2025-12-09 12:00:00+00:00,1765195200,3136.6,3140.0,C-ETH-3140-091225,P-ETH-3140-091225,44.14289826,47.01395142,91.15684968,0.0,29.5610344827587,29.5610344827587,0.01,0.01,0.00015,29.5610344827587,0.0290623125932538,0.6757124167132724,0.05116144741503972,0.6245509692982327,2025-12-08 12:00:00+00:00,2025-12-08 17:30:00+05:30,2025-12-09 12:00:00+00:00,settlement,True
ETH,1765368000,2025-12-10 12:00:00+00:00,1765281600,3118.6,3120.0,C-ETH-3120-101225,P-ETH-3120-101225,38.57164598,39.62966141,78.20130739,192.2224137931044,0.0,192.2224137931044,0.01,0.01,0.00015,192.2224137931044,0.0250757735490284,-1.458046037957735,0.055034423102270844,-1.5130804610600057,2025-12-09 12:00:00+00:00,2025-12-09 17:30:00+05:30,2025-12-10 12:00:00+00:00,settlement,False
ETH,1765454400,2025-12-11 12:00:00+00:00,1765368000,3314.13,3320.0,C-ETH-3320-111225,P-ETH-3320-111225,57.55990193,62.91197405,120.47187598,0.0,123.3968965517242,123.3968965517242,0.01,0.01,0.00015,123.3968965517242,0.0363509807943562,-0.0242796963849869,0.04627677846727925,-0.07055647485226615,2025-12-10 12:00:00+00:00,2025-12-10 17:30:00+05:30,2025-12-11 12:00:00+00:00,settlement,False
ETH,1765540800,2025-12-12 12:00:00+00:00,1765454400,3195.14,3200.0,C-ETH-3200-121225,P-ETH-3200-121225,42.12761292,46.44477716,88.57239007999999,38.0483333333327,0.0,38.0483333333327,0.01,0.01,0.0001,38.0483333333327,0.027720973127938,0.5704267063475781,0.04382681929027607,0.526599887057302,2025-12-11 12:00:00+00:00,2025-12-11 17:30:00+05:30,2025-12-12 12:00:00+00:00,settlement,True
ETH,1765627200,2025-12-13 12:00:00+00:00,1765540800,3236.19,3240.0,C-ETH-3240-131225,P-ETH-3240-131225,39.27174989,42.49157394,81.76332383,0.0,119.325666666668,119.325666666668,0.01,0.01,0.0001,119.325666666668,0.0252653039005744,-0.4594033250747799,0.04548174639250108,-0.504885071467281,2025-12-12 12:00:00+00:00,2025-12-12 17:30:00+05:30,2025-12-13 12:00:00+00:00,settlement,False
ETH,1765713600,2025-12-14 12:00:00+00:00,1765627200,3122.44,3120.0,C-ETH-3120-141225,P-ETH-3120-141225,25.09448232,22.26989193,47.36437425,0.0,38.486896551724,38.486896551724,0.01,0.01,0.0001,38.486896551724,0.0151690262262845,0.1874294306395486,0.05791603823204738,0.1295133924075012,2025-12-13 12:00:00+00:00,2025-12-13 17:30:00+05:30,2025-12-14 12:00:00+00:00,settlement,True
ETH,1765800000,2025-12-15 12:00:00+00:00,1765713600,3075.5,3080.0,C-ETH-3080-151225,P-ETH-3080-151225,43.58596304,47.52027101,91.10623405,75.0244827586207,0.0,75.0244827586207,0.01,0.01,0.0001,75.0244827586207,0.029623226808649,0.1765164750696805,0.04273344314071118,0.13378303192896931,2025-12-14 12:00:00+00:00,2025-12-14 17:30:00+05:30,2025-12-15 12:00:00+00:00,settlement,True
ETH,1765886400,2025-12-16 12:00:00+00:00,1765800000,3150.96,3160.0,C-ETH-3160-161225,P-ETH-3160-161225,37.99470087,46.69812917,84.69283004,0.0,204.676206896552,204.676206896552,0.01,0.01,0.0001,204.676206896552,0.0268784211922715,-1.4166887185123516,0.04436055523587508,-1.4610492737482266,2025-12-15 12:00:00+00:00,2025-12-15 17:30:00+05:30,2025-12-16 12:00:00+00:00,settlement,False
ETH,1765972800,2025-12-17 12:00:00+00:00,1765886400,2958.79,2960.0,C-ETH-2960-171225,P-ETH-2960-171225,46.45972463,47.25430851,93.71403314,0.0,30.1755172413796,30.1755172413796,0.01,0.01,0.0001,30.1755172413796,0.0316730937781998,0.6780042835601772,0.0417022385784388,0.6363020449817384,2025-12-16 12:00:00+00:00,2025-12-16 17:30:00+05:30,2025-12-17 12:00:00+00:00,settlement,True
ETH,1766059200,2025-12-18 12:00:00+00:00,1765972800,2935.28,2940.0,C-ETH-2940-181225,P-ETH-2940-181225,38.05096494,42.30072412,80.35168906,0.0,84.016896551725,84.016896551725,0.01,0.01,0.0001,84.016896551725,0.0273744545869559,-0.0456145668448627,0.04404235266498827,-0.08965691950985097,2025-12-17 12:00:00+00:00,2025-12-17 17:30:00+05:30,2025-12-18 12:00:00+00:00,settlement,False
ETH,1766145600,2025-12-19 12:00:00+00:00,1766059200,2859.53,2860.0,C-ETH-2860-191225,P-ETH-2860-191225,47.39620006,47.53788222,94.93408228,106.727586206897,0.0,106.727586206897,0.01,0.01,0.0001,106.727586206897,0.0331991908740247,-0.1242283450122061,0.041017213961358795,-0.1652455589735649,2025-12-18 12:00:00+00:00,2025-12-18 17:30:00+05:30,2025-12-19 12:00:00+00:00,settlement,False
ETH,1766232000,2025-12-20 12:00:00+00:00,1766145600,2956.22,2960.0,C-ETH-2960-201225,P-ETH-2960-201225,45.2542614,48.13419069,93.38845209,26.297586206897,0.0,26.297586206897,0.01,0.01,0.0001,26.297586206897,0.0315904946485714,0.7184064451399882,0.04174120320845763,0.6766652419315305,2025-12-19 12:00:00+00:00,2025-12-19 17:30:00+05:30,2025-12-20 12:00:00+00:00,settlement,True
ETH,1766318400,2025-12-21 12:00:00+00:00,1766232000,2987.46,2980.0,C-ETH-2980-211225,P-ETH-2980-211225,24.71166796,16.7700942,41.48176216,16.884827586206,0.0,16.884827586206,0.01,0.01,0.0001,16.884827586206,0.0138852945846973,0.5929578034539794,0.06079279699259527,0.5321650064613841,2025-12-20 12:00:00+00:00,2025-12-20 17:30:00+05:30,2025-12-21 12:00:00+00:00,settlement,True
ETH,1766404800,2025-12-22 12:00:00+00:00,1766318400,2998.07,3000.0,C-ETH-3000-221225,P-ETH-3000-221225,38.49148132,39.9906469,78.48212821999999,48.424482758621,0.0,48.424482758621,0.01,0.01,0.0001,48.424482758621,0.0261775502973579,0.3829871353274446,0.044830716955499,0.3381564183719456,2025-12-21 12:00:00+00:00,2025-12-21 17:30:00+05:30,2025-12-22 12:00:00+00:00,settlement,True
ETH,1766491200,2025-12-23 12:00:00+00:00,1766404800,3051.6,3060.0,C-ETH-3060-231225,P-ETH-3060-231225,38.54926846,46.17652601,84.72579447000001,0.0,88.6324137931038,88.6324137931038,0.01,0.01,0.0001,88.6324137931038,0.0277643840837593,-0.04610897245097,0.04380019703574459,-0.0899091694867146,2025-12-22 12:00:00+00:00,2025-12-22 17:30:00+05:30,2025-12-23 12:00:00+00:00,settlement,False
ETH,1766577600,2025-12-24 12:00:00+00:00,1766491200,2967.5,2960.0,C-ETH-2960-241225,P-ETH-2960-241225,40.719912,32.73252051,73.45243251,0.0,30.2558620689656,30.2558620689656,0.01,0.01,0.0001,30.2558620689656,0.0247522940219039,0.5880890389185343,0.04586893961352895,0.5422200993050053,2025-12-23 12:00:00+00:00,2025-12-23 17:30:00+05:30,2025-12-24 12:00:00+00:00,settlement,True
ETH,1766664000,2025-12-25 12:00:00+00:00,1766577600,2926.67,2920.0,C-ETH-2920-251225,P-ETH-2920-251225,34.98733838,27.92775347,62.91509185,5.3486206896546,0.0,5.3486206896546,0.01,0.01,0.0001,5.3486206896546,0.0214971595191805,0.914986682330424,0.04875638914894154,0.8662302931814825,2025-12-24 12:00:00+00:00,2025-12-24 17:30:00+05:30,2025-12-25 12:00:00+00:00,settlement,True
ETH,1766750400,2025-12-26 12:00:00+00:00,1766664000,2926.41,2920.0,C-ETH-2920-261225,P-ETH-2920-261225,27.8605513,21.06820697,48.92875827,46.1596551724147,0.0,46.1596551724147,0.01,0.01,0.0001,46.1596551724147,0.0167197208422606,0.05659459171853,0.055030136403173426,0.0015644553153565735,2025-12-25 12:00:00+00:00,2025-12-25 17:30:00+05:30,2025-12-26 12:00:00+00:00,settlement,True
ETH,1766836800,2025-12-27 12:00:00+00:00,1766750400,2966.09,2960.0,C-ETH-2960-271225,P-ETH-2960-271225,32.64264765,26.17471554,58.81736319,0.0,30.307241379311,30.307241379311,0.01,0.01,0.0001,30.307241379311,0.0198299320620749,0.4847228822310794,0.05060240126504045,0.43412048096603895,2025-12-26 12:00:00+00:00,2025-12-26 17:30:00+05:30,2025-12-27 12:00:00+00:00,settlement,True
ETH,1766923200,2025-12-28 12:00:00+00:00,1766836800,2930.96,2940.0,C-ETH-2940-281225,P-ETH-2940-281225,11.9040711,20.55006884,32.454139940000005,3.2093103448274,0.0,3.2093103448274,0.01,0.01,0.0001,3.2093103448274,0.0110728703018806,0.9011124512693712,0.0694267071799654,0.8316857440894059,2025-12-27 12:00:00+00:00,2025-12-27 17:30:00+05:30,2025-12-28 12:00:00+00:00,settlement,True
ETH,1767009600,2025-12-29 12:00:00+00:00,1766923200,2943.63,2940.0,C-ETH-2940-291225,P-ETH-2940-291225,28.39659178,24.4072144,52.80380618,22.9406896551723,0.0,22.9406896551723,0.01,0.01,0.0001,22.9406896551723,0.0179383299463587,0.5655485595683948,0.05311237140867787,0.5124361881597169,2025-12-28 12:00:00+00:00,2025-12-28 17:30:00+05:30,2025-12-29 12:00:00+00:00,settlement,True
ETH,1767096000,2025-12-30 12:00:00+00:00,1767009600,2958.64,2960.0,C-ETH-2960-301225,P-ETH-2960-301225,32.30034793,33.19846647,65.4988144,18.866551724138,0.0,18.866551724138,0.01,0.01,0.0001,18.866551724138,0.0221381494200037,0.7119558285601885,0.048120661950790976,0.6638351666093975,2025-12-29 12:00:00+00:00,2025-12-29 17:30:00+05:30,2025-12-30 12:00:00+00:00,settlement,True
ETH,1767182400,2025-12-31 12:00:00+00:00,1767096000,2982.23,2980.0,C-ETH-2980-311225,P-ETH-2980-311225,33.01447986,30.38637213,63.40085199000001,16.450344827586,0.0,16.450344827586,0.01,0.01,0.0001,16.450344827586,0.0212595446997716,0.7405343254664676,0.04900179249676358,0.691532532969704,2025-12-30 12:00:00+00:00,2025-12-30 17:30:00+05:30,2025-12-31 12:00:00+00:00,settlement,True
ETH,1767268800,2026-01-01 12:00:00+00:00,1767182400,2996.5,3000.0,C-ETH-3000-010126,P-ETH-3000-010126,28.01936763,31.13268677,59.1520544,0.0,12.66275862069,12.66275862069,0.01,0.01,0.0001,12.66275862069,0.0197403819122309,0.7859286756963424,0.05071037833505915,0.7352182973612833,2025-12-31 12:00:00+00:00,2025-12-31 17:30:00+05:30,2026-01-01 12:00:00+00:00,settlement,True
ETH,1767355200,2026-01-02 12:00:00+00:00,1767268800,2989.26,2980.0,C-ETH-2980-020126,P-ETH-2980-020126,28.49712256,18.86140782,47.358530380000005,67.8386206896553,0.0,67.8386206896553,0.01,0.01,0.0001,67.8386206896553,0.0158428943551246,-0.432447758520485,0.056592535973537104,-0.4890402944940221,2026-01-01 12:00:00+00:00,2026-01-01 17:30:00+05:30,2026-01-02 12:00:00+00:00,settlement,False
ETH,1767441600,2026-01-03 12:00:00+00:00,1767355200,3045.8,3040.0,C-ETH-3040-030126,P-ETH-3040-030126,34.78760408,28.45776588,63.245369960000005,57.1931034482764,0.0,57.1931034482764,0.01,0.01,0.0001,57.1931034482764,0.0207647809967824,0.0956950131772713,0.04953079596038779,0.04616421721688351,2026-01-02 12:00:00+00:00,2026-01-02 17:30:00+05:30,2026-01-03 12:00:00+00:00,settlement,True
ETH,1767528000,2026-01-04 12:00:00+00:00,1767441600,3095.19,3100.0,C-ETH-3100-040126,P-ETH-3100-040126,17.38406255,21.71219886,39.09626141,38.408620689656,0.0,38.408620689656,0.01,0.01,0.0001,38.408620689656,0.0126312961110626,0.0175884009249057,0.0641675033701899,-0.046579102445284196,2026-01-03 12:00:00+00:00,2026-01-03 17:30:00+05:30,2026-01-04 12:00:00+00:00,settlement,True
ETH,1767614400,2026-01-05 12:00:00+00:00,1767528000,3138.46,3140.0,C-ETH-3140-050126,P-ETH-3140-050126,30.54995944,31.49858143,62.04854087,37.6141379310343,0.0,37.6141379310343,0.01,0.01,0.0001,37.6141379310343,0.0197703781058226,0.393794964335407,0.05067410081251763,0.3431208635228894,2026-01-04 12:00:00+00:00,2026-01-04 17:30:00+05:30,2026-01-05 12:00:00+00:00,settlement,True
ETH,1767700800,2026-01-06 12:00:00+00:00,1767614400,3178.21,3180.0,C-ETH-3180-060126,P-ETH-3180-060126,36.5933258,37.94506505,74.53839085,59.5072413793105,0.0,59.5072413793105,0.01,0.01,0.0001,59.5072413793105,0.0234529470519569,0.2016564792891487,0.04692540253275404,0.15473107675639466,2026-01-05 12:00:00+00:00,2026-01-05 17:30:00+05:30,2026-01-06 12:00:00+00:00,settlement,True
ETH,1767787200,2026-01-07 12:00:00+00:00,1767700800,3236.59,3240.0,C-ETH-3240-070126,P-ETH-3240-070126,30.47038683,33.43295001,63.90333684,0.0,16.4420689655176,16.4420689655176,0.01,0.01,0.0001,16.4420689655176,0.0197440320955079,0.7427040624391031,0.05070595789739358,0.6919981045417095,2026-01-06 12:00:00+00:00,2026-01-06 17:30:00+05:30,2026-01-07 12:00:00+00:00,settlement,True
ETH,1767873600,2026-01-08 12:00:00+00:00,1767787200,3220.92,3220.0,C-ETH-3220-080126,P-ETH-3220-080126,36.85956871,35.48772597,72.34729468,0.0,102.36551724138,102.36551724138,0.01,0.01,0.0001,102.36551724138,0.0224616863132272,-0.4149183835298041,0.047813560309674874,-0.46273194383947897,2026-01-07 12:00:00+00:00,2026-01-07 17:30:00+05:30,2026-01-08 12:00:00+00:00,settlement,False
ETH,1767960000,2026-01-09 12:00:00+00:00,1767873600,3117.69,3120.0,C-ETH-3120-090126,P-ETH-3120-090126,33.20555852,35.07335055,68.27890907,0.0,23.992068965517,23.992068965517,0.01,0.01,0.0001,23.992068965517,0.0219004805064005,0.6486166915625414,0.04835203854372303,0.6002646530188184,2026-01-08 12:00:00+00:00,2026-01-08 17:30:00+05:30,2026-01-09 12:00:00+00:00,settlement,True
ETH,1768046400,2026-01-10 12:00:00+00:00,1767960000,3093.46,3100.0,C-ETH-3100-100126,P-ETH-3100-100126,30.93334536,37.04418791,67.97753327,0.0,3.436206896552,3.436206896552,0.01,0.01,0.0001,3.436206896552,0.0219745958473683,0.9494508445473636,0.048279348392954724,0.9011714961544088,2026-01-09 12:00:00+00:00,2026-01-09 17:30:00+05:30,2026-01-10 12:00:00+00:00,settlement,True
ETH,1768132800,2026-01-11 12:00:00+00:00,1768046400,3098.39,3100.0,C-ETH-3100-110126,P-ETH-3100-110126,14.29537078,15.61068249,29.90605327,6.0689655172414,0.0,6.0689655172414,0.01,0.01,0.0001,6.0689655172414,0.009652126836841,0.7970656488019624,0.07570113940467812,0.7213645093972842,2026-01-10 12:00:00+00:00,2026-01-10 17:30:00+05:30,2026-01-11 12:00:00+00:00,settlement,True
ETH,1768219200,2026-01-12 12:00:00+00:00,1768132800,3107.71,3100.0,C-ETH-3100-120126,P-ETH-3100-120126,31.00290019,23.17215153,54.17505172,15.9693103448276,0.0,15.9693103448276,0.01,0.01,0.0001,15.9693103448276,0.0174324669032824,0.7052275939234194,0.05387591545239783,0.6513516784710216,2026-01-11 12:00:00+00:00,2026-01-11 17:30:00+05:30,2026-01-12 12:00:00+00:00,settlement,True
ETH,1768305600,2026-01-13 12:00:00+00:00,1768219200,3118.86,3120.0,C-ETH-3120-130126,P-ETH-3120-130126,28.86268971,29.64491849,58.5076082,14.316206896552,0.0,14.316206896552,0.01,0.01,0.0001,14.316206896552,0.0187592928826558,0.7553103376296966,0.05196086309609217,0.7033494745336044,2026-01-12 12:00:00+00:00,2026-01-12 17:30:00+05:30,2026-01-13 12:00:00+00:00,settlement,True
ETH,1768392000,2026-01-14 12:00:00+00:00,1768305600,3134.15,3140.0,C-ETH-3140-140126,P-ETH-3140-140126,28.50594425,33.91499066,62.42093491,150.0503448275867,0.0,150.0503448275867,0.01,0.01,0.0001,150.0503448275867,0.0199163839988513,-1.4038464826573471,0.05049908111970635,-1.4543455637770535,2026-01-13 12:00:00+00:00,2026-01-13 17:30:00+05:30,2026-01-14 12:00:00+00:00,settlement,False
ETH,1768478400,2026-01-15 12:00:00+00:00,1768392000,3289.64,3280.0,C-ETH-3280-150126,P-ETH-3280-150126,43.5127765,33.57640233,77.08917883000001,71.372413793103,0.0,71.372413793103,0.01,0.01,0.0001,71.372413793103,0.0234339255450444,0.0741578146720675,0.046941738484776126,0.027216076187291376,2026-01-14 12:00:00+00:00,2026-01-14 17:30:00+05:30,2026-01-15 12:00:00+00:00,settlement,True
ETH,1768564800,2026-01-16 12:00:00+00:00,1768478400,3354.03,3350.0,C-ETH-3350-160126,P-ETH-3350-160126,39.74390997,35.29474213,75.03865210000001,0.0,47.5951724137935,47.5951724137935,0.01,0.01,0.0001,47.5951724137935,0.022372683637296,0.3657245821744512,0.047897156141481385,0.3178274260329698,2026-01-15 12:00:00+00:00,2026-01-15 17:30:00+05:30,2026-01-16 12:00:00+00:00,settlement,True
ETH,1768651200,2026-01-17 12:00:00+00:00,1768564800,3302.12,3300.0,C-ETH-3300-170126,P-ETH-3300-170126,32.25745791,29.43207081,61.68952872,2.309655172414,0.0,2.309655172414,0.01,0.01,0.0001,2.309655172414,0.0186817949438542,0.9625600126903676,0.05206523823960897,0.9104947744507587,2026-01-16 12:00:00+00:00,2026-01-16 17:30:00+05:30,2026-01-17 12:00:00+00:00,settlement,True
ETH,1768737600,2026-01-18 12:00:00+00:00,1768651200,3301.93,3300.0,C-ETH-3300-180126,P-ETH-3300-180126,16.37521299,14.01964415,30.39485714,20.8368965517234,0.0,20.8368965517234,0.01,0.01,0.0001,20.8368965517234,0.0092051791346273,0.3144597964139864,0.07807548232325728,0.23638431409072913,2026-01-17 12:00:00+00:00,2026-01-17 17:30:00+05:30,2026-01-18 12:00:00+00:00,settlement,True
ETH,1768824000,2026-01-19 12:00:00+00:00,1768737600,3322.12,3320.0,C-ETH-3320-190126,P-ETH-3320-190126,29.71746616,27.1427705,56.86023666,0.0,94.157586206897,94.157586206897,0.01,0.01,0.0001,94.157586206897,0.0171156480379998,-0.6559478422490441,0.05437710365111942,-0.7103249459001635,2026-01-18 12:00:00+00:00,2026-01-18 17:30:00+05:30,2026-01-19 12:00:00+00:00,settlement,False
ETH,1768910400,2026-01-20 12:00:00+00:00,1768824000,3219.85,3220.0,C-ETH-3220-200126,P-ETH-3220-200126,30.63593559,30.35461686,60.99055245,0.0,110.9859999999994,110.9859999999994,0.01,0.01,0.0001,110.9859999999994,0.0189420477506716,-0.8197244579967631,0.05171810844385949,-0.8714425664406226,2026-01-19 12:00:00+00:00,2026-01-19 17:30:00+05:30,2026-01-20 12:00:00+00:00,settlement,False
ETH,1768996800,2026-01-21 12:00:00+00:00,1768910400,3111.85,3120.0,C-ETH-3120-210126,P-ETH-3120-210126,31.54268924,39.33913787,70.88182711,0.0,158.3817241379306,158.3817241379306,0.01,0.01,0.0001,158.3817241379306,0.0227780346449861,-1.2344475388895009,0.04752171753869452,-1.2819692564281955,2026-01-20 12:00:00+00:00,2026-01-20 17:30:00+05:30,2026-01-21 12:00:00+00:00,settlement,False
ETH,1769083200,2026-01-22 12:00:00+00:00,1768996800,2943.45,2940.0,C-ETH-2940-220126,P-ETH-2940-220126,40.24945791,36.31566243,76.56512033999999,45.9644827586217,0.0,45.9644827586217,0.01,0.01,0.0001,45.9644827586217,0.0260120336136166,0.3996681184002733,0.044945447872746076,0.3547226705275272,2026-01-21 12:00:00+00:00,2026-01-21 17:30:00+05:30,2026-01-22 12:00:00+00:00,settlement,True
ETH,1769169600,2026-01-23 12:00:00+00:00,1769083200,2985.47,2980.0,C-ETH-2980-230126,P-ETH-2980-230126,39.52961184,33.64260122,73.17221306,0.0,36.878275862069,36.878275862069,0.01,0.01,0.0001,36.878275862069,0.0245094450990966,0.4960070999652637,0.04605788193456069,0.44994921803070304,2026-01-22 12:00:00+00:00,2026-01-22 17:30:00+05:30,2026-01-23 12:00:00+00:00,settlement,True
ETH,1769256000,2026-01-24 12:00:00+00:00,1769169600,2937.22,2940.0,C-ETH-2940-240126,P-ETH-2940-240126,30.39737096,32.76438518,63.16175614,22.8334482758623,0.0,22.8334482758623,0.01,0.01,0.0001,22.8334482758623,0.0215039241663886,0.6384925044634407,0.04874948216650393,0.5897430222969369,2026-01-23 12:00:00+00:00,2026-01-23 17:30:00+05:30,2026-01-24 12:00:00+00:00,settlement,True
ETH,1769342400,2026-01-25 12:00:00+00:00,1769256000,2960.17,2960.0,C-ETH-2960-250126,P-ETH-2960-250126,13.68558283,12.8651178,26.55070063,0.0,21.5051724137934,21.5051724137934,0.01,0.01,0.0001,21.5051724137934,0.0089693161642743,0.1900337127264201,0.07942385574945184,0.11060985697696828,2026-01-24 12:00:00+00:00,2026-01-24 17:30:00+05:30,2026-01-25 12:00:00+00:00,settlement,True
ETH,1769428800,2026-01-26 12:00:00+00:00,1769342400,2935.18,2940.0,C-ETH-2940-260126,P-ETH-2940-260126,30.53632671,34.91311296,65.44943967,0.0,47.333103448276,47.333103448276,0.01,0.01,0.0001,47.333103448276,0.0222982712031289,0.2767989506566848,0.04796756028753332,0.22883139036915148,2026-01-25 12:00:00+00:00,2026-01-25 17:30:00+05:30,2026-01-26 12:00:00+00:00,settlement,True
ETH,1769515200,2026-01-27 12:00:00+00:00,1769428800,2898.65,2900.0,C-ETH-2900-270126,P-ETH-2900-270126,34.7758148,35.70279313,70.47860793000001,16.8565517241377,0.0,16.8565517241377,0.01,0.01,0.0001,16.8565517241377,0.0243142869715212,0.7608274025378058,0.046212454930421885,0.7146149476073839,2026-01-26 12:00:00+00:00,2026-01-26 17:30:00+05:30,2026-01-27 12:00:00+00:00,settlement,True
ETH,1769601600,2026-01-28 12:00:00+00:00,1769515200,2918.1,2920.0,C-ETH-2920-280126,P-ETH-2920-280126,30.63938309,32.12490277,62.76428586,108.8896551724147,0.0,108.8896551724147,0.01,0.01,0.0001,108.8896551724147,0.0215086137760871,-0.7348983371737945,0.048744696432494385,-0.7836430336062888,2026-01-27 12:00:00+00:00,2026-01-27 17:30:00+05:30,2026-01-28 12:00:00+00:00,settlement,False
ETH,1769688000,2026-01-29 12:00:00+00:00,1769601600,3032.28,3040.0,C-ETH-3040-290126,P-ETH-3040-290126,34.69886528,41.94695787,76.64582315,0.0,110.9627586206902,110.9627586206902,0.01,0.01,0.0001,110.9627586206902,0.0252766311653277,-0.4477339280906424,0.045473374505992245,-0.49320730259663464,2026-01-28 12:00:00+00:00,2026-01-28 17:30:00+05:30,2026-01-29 12:00:00+00:00,settlement,False
ETH,1769774400,2026-01-30 12:00:00+00:00,1769688000,2929.45,2920.0,C-ETH-2920-300126,P-ETH-2920-300126,36.93607158,27.1381966,64.07426817999999,0.0,174.570344827586,174.570344827586,0.01,0.01,0.0001,174.570344827586,0.021872456665927,-1.7245000182784147,0.04837965185206116,-1.7728796701304759,2026-01-29 12:00:00+00:00,2026-01-29 17:30:00+05:30,2026-01-30 12:00:00+00:00,settlement,False
ETH,1769860800,2026-01-31 12:00:00+00:00,1769774400,2759.7,2760.0,C-ETH-2760-310126,P-ETH-2760-310126,38.78996928,38.60738135,77.39735063,0.0,117.446551724138,117.446551724138,0.01,0.01,0.0001,117.446551724138,0.0280455667753741,-0.5174492507578744,0.04362975437010769,-0.5610790051279821,2026-01-30 12:00:00+00:00,2026-01-30 17:30:00+05:30,2026-01-31 12:00:00+00:00,settlement,False
ETH,1769947200,2026-02-01 12:00:00+00:00,1769860800,2641.64,2640.0,C-ETH-2640-010226,P-ETH-2640-010226,23.56319447,21.54133132,45.10452579,0.0,231.6317241379306,231.6317241379306,0.01,0.01,0.0001,231.6317241379306,0.0170744407981405,-4.135443064325155,0.05444365788491311,-4.189886722210068,2026-01-31 12:00:00+00:00,2026-01-31 17:30:00+05:30,2026-02-01 12:00:00+00:00,settlement,False
ETH,1770033600,2026-02-02 12:00:00+00:00,1769947200,2407.66,2400.0,C-ETH-2400-020226,P-ETH-2400-020226,48.30860221,40.32136493,88.62996713999999,0.0,111.063793103448,111.063793103448,0.01,0.01,0.0001,111.063793103448,0.0368116624191123,-0.2531178413731274,0.039622023483376866,-0.2927398648565042,2026-02-01 12:00:00+00:00,2026-02-01 17:30:00+05:30,2026-02-02 12:00:00+00:00,settlement,False
ETH,1770120000,2026-02-03 12:00:00+00:00,1770033600,2292.0,2300.0,C-ETH-2300-030226,P-ETH-2300-030226,45.28769848,53.11507666,98.40277514,0.0,20.936551724138,20.936551724138,0.01,0.01,0.0001,20.936551724138,0.0429331479668411,0.7872361659074039,0.03779383628623139,0.7494423296211725,2026-02-02 12:00:00+00:00,2026-02-02 17:30:00+05:30,2026-02-03 12:00:00+00:00,settlement,True
ETH,1770206400,2026-02-04 12:00:00+00:00,1770120000,2275.3,2280.0,C-ETH-2280-040226,P-ETH-2280-040226,37.8539775,42.29416904,80.14814654,0.0,26.098275862069,26.098275862069,0.01,0.01,0.0001,26.098275862069,0.0352253094273282,0.6743745552613124,0.04019945646109261,0.6341750988002198,2026-02-03 12:00:00+00:00,2026-02-03 17:30:00+05:30,2026-02-04 12:00:00+00:00,settlement,True
ETH,1770292800,2026-02-05 12:00:00+00:00,1770206400,2256.53,2260.0,C-ETH-2260-050226,P-ETH-2260-050226,38.24332017,41.32524035,79.56856052,0.0,178.592068965517,178.592068965517,0.01,0.01,0.0001,178.592068965517,0.0352614680593654,-1.244505465454875,0.040185716079811265,-1.2846911815346864,2026-02-04 12:00:00+00:00,2026-02-04 17:30:00+05:30,2026-02-05 12:00:00+00:00,settlement,False
ETH,1770379200,2026-02-06 12:00:00+00:00,1770292800,2088.31,2080.0,C-ETH-2080-060226,P-ETH-2080-060226,59.01483158,50.70424713,109.71907871,0.0,150.4737931034483,150.4737931034483,0.01,0.01,0.0001,150.4737931034483,0.0525396510623422,-0.3714460135157318,0.03578369118287322,-0.40722970469860503,2026-02-05 12:00:00+00:00,2026-02-05 17:30:00+05:30,2026-02-06 12:00:00+00:00,settlement,False
ETH,1770465600,2026-02-07 12:00:00+00:00,1770379200,1927.18,1920.0,C-ETH-1920-070226,P-ETH-1920-070226,52.13067405,44.69327234,96.82394639,91.5817241379314,0.0,91.5817241379314,0.01,0.01,0.0001,91.5817241379314,0.0502412573760624,0.0541417949538361,0.03619466933454746,0.017947125619288642,2026-02-06 12:00:00+00:00,2026-02-06 17:30:00+05:30,2026-02-07 12:00:00+00:00,settlement,True
ETH,1770552000,2026-02-08 12:00:00+00:00,1770465600,2032.47,2040.0,C-ETH-2040-080226,P-ETH-2040-080226,21.38049374,28.37999652,49.76049026,87.533448275862,0.0,87.533448275862,0.01,0.01,0.0001,87.533448275862,0.0244827674012408,-0.7590953750354389,0.04607886632522098,-0.8051742413606598,2026-02-07 12:00:00+00:00,2026-02-07 17:30:00+05:30,2026-02-08 12:00:00+00:00,settlement,False
ETH,1770638400,2026-02-09 12:00:00+00:00,1770552000,2130.94,2140.0,C-ETH-2140-090226,P-ETH-2140-090226,35.82053555,44.70324661,80.52378216,0.0,113.3141379310348,113.3141379310348,0.01,0.01,0.0001,113.3141379310348,0.0377879162059935,-0.4072133088070884,0.039290765498340326,-0.4465040743054287,2026-02-08 12:00:00+00:00,2026-02-08 17:30:00+05:30,2026-02-09 12:00:00+00:00,settlement,False
ETH,1770724800,2026-02-10 12:00:00+00:00,1770638400,2032.64,2040.0,C-ETH-2040-100226,P-ETH-2040-100226,36.01267575,43.04731391,79.05998966,0.0,28.1137931034484,28.1137931034484,0.01,0.01,0.0001,28.1137931034484,0.038895224761886,0.6443992312122394,0.03893516576622331,0.605464065446016,2026-02-09 12:00:00+00:00,2026-02-09 17:30:00+05:30,2026-02-10 12:00:00+00:00,settlement,True
ETH,1770811200,2026-02-11 12:00:00+00:00,1770724800,2010.76,2020.0,C-ETH-2020-110226,P-ETH-2020-110226,29.62946241,38.61013949,68.2396019,0.0,68.4262068965515,68.4262068965515,0.01,0.01,0.0001,68.4262068965515,0.0339372187133223,-0.0027345557616963,0.04070803424367574,-0.043442590005372046,2026-02-10 12:00:00+00:00,2026-02-10 17:30:00+05:30,2026-02-11 12:00:00+00:00,settlement,False
ETH,1770897600,2026-02-12 12:00:00+00:00,1770811200,1951.83,1960.0,C-ETH-1960-120226,P-ETH-1960-120226,29.23320423,37.08046879,66.31367302,33.646551724138,0.0,33.646551724138,0.01,0.01,0.0001,33.646551724138,0.0339751274547475,0.4926151698158794,0.04069251594798783,0.45192265386789154,2026-02-11 12:00:00+00:00,2026-02-11 17:30:00+05:30,2026-02-12 12:00:00+00:00,settlement,True
ETH,1770984000,2026-02-13 12:00:00+00:00,1770897600,1984.06,1980.0,C-ETH-1980-130226,P-ETH-1980-130226,31.21776149,26.92614957,58.14391106,0.0,23.3893103448277,23.3893103448277,0.01,0.01,0.0001,23.3893103448277,0.029305520528613,0.5977341407135177,0.04290618038806555,0.5548279603254521,2026-02-12 12:00:00+00:00,2026-02-12 17:30:00+05:30,2026-02-13 12:00:00+00:00,settlement,True
ETH,1771070400,2026-02-14 12:00:00+00:00,1770984000,1956.11,1960.0,C-ETH-1960-140226,P-ETH-1960-140226,25.4825878,29.1451723,54.6277601,139.588620689655,0.0,139.588620689655,0.01,0.01,0.0001,139.588620689655,0.0279267321878626,-1.555268977423348,0.04370136879692418,-1.598970346220272,2026-02-13 12:00:00+00:00,2026-02-13 17:30:00+05:30,2026-02-14 12:00:00+00:00,settlement,False
ETH,1771156800,2026-02-15 12:00:00+00:00,1771070400,2098.99,2100.0,C-ETH-2100-150226,P-ETH-2100-150226,17.24784117,18.02678964,35.274630810000005,0.0,38.3879310344823,38.3879310344823,0.01,0.01,0.0001,38.3879310344823,0.0168055259005521,-0.0882589031548334,0.05488599997364508,-0.14314490312847847,2026-02-14 12:00:00+00:00,2026-02-14 17:30:00+05:30,2026-02-15 12:00:00+00:00,settlement,False
ETH,1771243200,2026-02-16 12:00:00+00:00,1771156800,2062.75,2060.0,C-ETH-2060-160226,P-ETH-2060-160226,28.81161798,25.78657875,54.59819673,0.0,88.5679310344829,88.5679310344829,0.01,0.01,0.0001,88.5679310344829,0.0264686446394376,-0.622176854530025,0.04463242045181004,-0.6668092749818351,2026-02-15 12:00:00+00:00,2026-02-15 17:30:00+05:30,2026-02-16 12:00:00+00:00,settlement,False
ETH,1771329600,2026-02-17 12:00:00+00:00,1771243200,1976.52,1980.0,C-ETH-1980-170226,P-ETH-1980-170226,23.30101809,26.45203473,49.75305282,0.0,11.8527586206897,11.8527586206897,0.01,0.01,0.0001,11.8527586206897,0.0251720462327727,0.7617682142325735,0.04555095872760155,0.716217255504972,2026-02-16 12:00:00+00:00,2026-02-16 17:30:00+05:30,2026-02-17 12:00:00+00:00,settlement,True
ETH,1771416000,2026-02-18 12:00:00+00:00,1771329600,1970.27,1980.0,C-ETH-1980-180226,P-ETH-1980-180226,21.80333323,31.25340499,53.05673822,5.4013793103447,0.0,5.4013793103447,0.01,0.01,0.0001,5.4013793103447,0.0269286636958386,0.898196167130594,0.044327791402175645,0.8538683757284183,2026-02-17 12:00:00+00:00,2026-02-17 17:30:00+05:30,2026-02-18 12:00:00+00:00,settlement,True
ETH,1771502400,2026-02-19 12:00:00+00:00,1771416000,1985.14,1980.0,C-ETH-1980-190226,P-ETH-1980-190226,29.92121063,24.53920651,54.46041714,0.0,24.1089655172414,24.1089655172414,0.01,0.01,0.0001,24.1089655172414,0.0274340435133038,0.5573121400215297,0.04400490090245387,0.5133072391190758,2026-02-18 12:00:00+00:00,2026-02-18 17:30:00+05:30,2026-02-19 12:00:00+00:00,settlement,True
ETH,1771588800,2026-02-20 12:00:00+00:00,1771502400,1947.38,1950.0,C-ETH-1950-200226,P-ETH-1950-200226,23.92406788,26.3084284,50.23249628,0.0,2.1151724137935,2.1151724137935,0.01,0.01,0.0001,2.1151724137935,0.0257949122821431,0.957892349167691,0.04509818201501492,0.912794167152676,2026-02-19 12:00:00+00:00,2026-02-19 17:30:00+05:30,2026-02-20 12:00:00+00:00,settlement,True
ETH,1771675200,2026-02-21 12:00:00+00:00,1771588800,1946.42,1940.0,C-ETH-1940-210226,P-ETH-1940-210226,28.94095312,22.29063757,51.23159069,39.2548275862068,0.0,39.2548275862068,0.01,0.01,0.0001,39.2548275862068,0.0263209331439257,0.2337769126917031,0.04473249492406109,0.189044417767642,2026-02-20 12:00:00+00:00,2026-02-20 17:30:00+05:30,2026-02-21 12:00:00+00:00,settlement,True
ETH,1771761600,2026-02-22 12:00:00+00:00,1771675200,1978.21,1980.0,C-ETH-1980-220226,P-ETH-1980-220226,11.25599942,12.75465126,24.01065068,0.365517241379,0.0,0.365517241379,0.01,0.01,0.0001,0.365517241379,0.012137564100879,0.9847768706375184,0.06568753921932448,0.9190893314181939,2026-02-21 12:00:00+00:00,2026-02-21 17:30:00+05:30,2026-02-22 12:00:00+00:00,settlement,True
ETH,1771848000,2026-02-23 12:00:00+00:00,1771761600,1977.83,1980.0,C-ETH-1980-230226,P-ETH-1980-230226,19.53312904,21.42623464,40.95936368,0.0,66.225517241379,66.225517241379,0.01,0.01,0.0001,66.225517241379,0.0207092438076073,-0.6168590351836003,0.0495917544640918,-0.6664507896476921,2026-02-22 12:00:00+00:00,2026-02-22 17:30:00+05:30,2026-02-23 12:00:00+00:00,settlement,False
ETH,1771934400,2026-02-24 12:00:00+00:00,1771848000,1914.08,1920.0,C-ETH-1920-240226,P-ETH-1920-240226,25.26399302,30.98201127,56.24600429,0.0,97.555172413793,97.555172413793,0.01,0.01,0.0001,97.555172413793,0.0293853988809245,-0.734437381734819,0.04286239894556606,-0.7772997806803851,2026-02-23 12:00:00+00:00,2026-02-23 17:30:00+05:30,2026-02-24 12:00:00+00:00,settlement,False
ETH,1772020800,2026-02-25 12:00:00+00:00,1771934400,1824.17,1820.0,C-ETH-1820-250226,P-ETH-1820-250226,30.1859516,25.7624988,55.9484504,102.6324137931038,0.0,102.6324137931038,0.01,0.01,0.0001,102.6324137931038,0.0306706339869639,-0.8344103019715412,0.04218931344557846,-0.8765996154171196,2026-02-24 12:00:00+00:00,2026-02-24 17:30:00+05:30,2026-02-25 12:00:00+00:00,settlement,False
ETH,1772107200,2026-02-26 12:00:00+00:00,1772020800,1924.83,1920.0,C-ETH-1920-260226,P-ETH-1920-260226,25.56296252,20.47896432,46.04192684,138.3710344827587,0.0,138.3710344827587,0.01,0.01,0.0001,138.3710344827587,0.0239199964880015,-2.005326752801006,0.04653244436874223,-2.0518591971697484,2026-02-25 12:00:00+00:00,2026-02-25 17:30:00+05:30,2026-02-26 12:00:00+00:00,settlement,False
ETH,1772193600,2026-02-27 12:00:00+00:00,1772107200,2062.41,2050.0,C-ETH-2050-270226,P-ETH-2050-270226,38.40043037,25.70724377,64.10767414,0.0,86.7537931034478,86.7537931034478,0.01,0.01,0.0001,86.7537931034478,0.0310838650607784,-0.3532512958431875,0.04198472683744755,-0.395236022680635,2026-02-26 12:00:00+00:00,2026-02-26 17:30:00+05:30,2026-02-27 12:00:00+00:00,settlement,False
ETH,1772280000,2026-02-28 12:00:00+00:00,1772193600,1959.89,1960.0,C-ETH-1960-280226,P-ETH-1960-280226,33.55329514,33.41837728,66.97167242,0.0,89.461379310345,89.461379310345,0.01,0.01,0.0001,89.461379310345,0.0341711383904198,-0.3358092470694939,0.04061282632750476,-0.3764220733969986,2026-02-27 12:00:00+00:00,2026-02-27 17:30:00+05:30,2026-02-28 12:00:00+00:00,settlement,False
ETH,1772366400,2026-03-01 12:00:00+00:00,1772280000,1864.92,1860.0,C-ETH-1860-010326,P-ETH-1860-010326,26.93134077,21.70250552,48.63384629,125.0082758620695,0.0,125.0082758620695,0.01,0.01,0.0001,125.0082758620695,0.0260782480160006,-1.5703966557909996,0.04489937537638255,-1.615296031167382,2026-02-28 12:00:00+00:00,2026-02-28 17:30:00+05:30,2026-03-01 12:00:00+00:00,settlement,False
ETH,1772452800,2026-03-02 12:00:00+00:00,1772366400,1982.96,1980.0,C-ETH-1980-020326,P-ETH-1980-020326,34.19206076,30.99261711,65.18467787,0.0,33.141724137931,33.141724137931,0.01,0.01,0.0001,33.141724137931,0.0328724118842538,0.4915718659525072,0.04115854483881336,0.4504133211136938,2026-03-01 12:00:00+00:00,2026-03-01 17:30:00+05:30,2026-03-02 12:00:00+00:00,settlement,True
ETH,1772539200,2026-03-03 12:00:00+00:00,1772452800,1948.49,1940.0,C-ETH-1940-030326,P-ETH-1940-030326,36.68530591,27.91369672,64.59900263,22.7551724137934,0.0,22.7551724137934,0.01,0.01,0.0001,22.7551724137934,0.0331533662631063,0.6477473105254132,0.04103686500653331,0.6067104455188799,2026-03-02 12:00:00+00:00,2026-03-02 17:30:00+05:30,2026-03-03 12:00:00+00:00,settlement,True
ETH,1772625600,2026-03-04 12:00:00+00:00,1772539200,1966.33,1960.0,C-ETH-1960-040326,P-ETH-1960-040326,36.71062814,30.1263005,66.83692864,96.0924137931033,0.0,96.0924137931033,0.01,0.01,0.0001,96.0924137931033,0.0339906977160497,-0.4377143855708943,0.04068615214500676,-0.4784005377159011,2026-03-03 12:00:00+00:00,2026-03-03 17:30:00+05:30,2026-03-04 12:00:00+00:00,settlement,False
ETH,1772712000,2026-03-05 12:00:00+00:00,1772625600,2052.81,2060.0,C-ETH-2060-050326,P-ETH-2060-050326,33.21437569,40.09883841,73.3132141,79.443448275862,0.0,79.443448275862,0.01,0.01,0.0001,79.443448275862,0.035713589713612,-0.0836170429999194,0.04001625755867659,-0.12363330055859599,2026-03-04 12:00:00+00:00,2026-03-04 17:30:00+05:30,2026-03-05 12:00:00+00:00,settlement,False
ETH,1772798400,2026-03-06 12:00:00+00:00,1772712000,2131.23,2140.0,C-ETH-2140-060326,P-ETH-2140-060326,33.43256191,41.64522963,75.07779153999999,0.0,82.061724137931,82.061724137931,0.01,0.01,0.0001,82.061724137931,0.0352274468452489,-0.0930226163380165,0.04019864345189289,-0.1332212597899094,2026-03-05 12:00:00+00:00,2026-03-05 17:30:00+05:30,2026-03-06 12:00:00+00:00,settlement,False
ETH,1772884800,2026-03-07 12:00:00+00:00,1772798400,2049.41,2040.0,C-ETH-2040-070326,P-ETH-2040-070326,37.42773627,27.7758403,65.20357657,0.0,51.538965517241,51.538965517241,0.01,0.01,0.0001,51.538965517241,0.0318157794535988,0.2095684281688015,0.04163540583025414,0.16793302233854737,2026-03-06 12:00:00+00:00,2026-03-06 17:30:00+05:30,2026-03-07 12:00:00+00:00,settlement,True
ETH,1772971200,2026-03-08 12:00:00+00:00,1772884800,1990.78,2000.0,C-ETH-2000-080326,P-ETH-2000-080326,11.80767794,20.7226136,32.53029154,0.0,47.9120689655176,47.9120689655176,0.01,0.01,0.0001,47.9120689655176,0.0163404753614161,-0.4728447455382872,0.055685328581964504,-0.5285300741202517,2026-03-07 12:00:00+00:00,2026-03-07 17:30:00+05:30,2026-03-08 12:00:00+00:00,settlement,False
ETH,1773057600,2026-03-09 12:00:00+00:00,1772971200,1954.07,1960.0,C-ETH-1960-090326,P-ETH-1960-090326,29.76384103,35.42244003,65.18628106,31.013793103448,0.0,31.013793103448,0.01,0.01,0.0001,31.013793103448,0.0333592353702784,0.5242282179757779,0.04094900535821425,0.4832792126175637,2026-03-08 12:00:00+00:00,2026-03-08 17:30:00+05:30,2026-03-09 12:00:00+00:00,settlement,True
ETH,1773144000,2026-03-10 12:00:00+00:00,1773057600,1997.26,2000.0,C-ETH-2000-100326,P-ETH-2000-100326,30.97667033,33.27786933,64.25453966,63.418275862069,0.0,63.418275862069,0.01,0.01,0.0001,63.418275862069,0.0321713445720637,0.0130148593757897,0.0414714415041846,-0.0284565821283949,2026-03-09 12:00:00+00:00,2026-03-09 17:30:00+05:30,2026-03-10 12:00:00+00:00,settlement,True
ETH,1773230400,2026-03-11 12:00:00+00:00,1773144000,2057.38,2060.0,C-ETH-2060-110326,P-ETH-2060-110326,26.23352018,28.643297,54.87681718,0.0,37.923103448276,37.923103448276,0.01,0.01,0.0001,37.923103448276,0.0266731557514897,0.3089412725252372,0.04449569391779364,0.26444557860744355,2026-03-10 12:00:00+00:00,2026-03-10 17:30:00+05:30,2026-03-11 12:00:00+00:00,settlement,True
ETH,1773316800,2026-03-12 12:00:00+00:00,1773230400,2015.59,2020.0,C-ETH-2020-120326,P-ETH-2020-120326,26.24631403,30.4138764,56.66019043,49.652068965517,0.0,49.652068965517,0.01,0.01,0.0001,49.652068965517,0.0281109702022732,0.1236868674689873,0.043590597997995466,0.08009626947099183,2026-03-11 12:00:00+00:00,2026-03-11 17:30:00+05:30,2026-03-12 12:00:00+00:00,settlement,True
ETH,1773403200,2026-03-13 12:00:00+00:00,1773316800,2060.09,2060.0,C-ETH-2060-130326,P-ETH-2060-130326,27.67103703,27.3227499,54.99378693,62.5258620689665,0.0,62.5258620689665,0.01,0.01,0.0001,62.5258620689665,0.0266948467931012,-0.1369622926414189,0.044481315186344454,-0.18144360782776336,2026-03-12 12:00:00+00:00,2026-03-12 17:30:00+05:30,2026-03-13 12:00:00+00:00,settlement,False
ETH,1773489600,2026-03-14 12:00:00+00:00,1773403200,2127.53,2120.0,C-ETH-2120-140326,P-ETH-2120-140326,32.23575126,24.40375031,56.63950157,0.0,45.3289655172416,45.3289655172416,0.01,0.01,0.0001,45.3289655172416,0.02662218702909,0.1996934248932233,0.044529572686280265,0.15516385220694304,2026-03-13 12:00:00+00:00,2026-03-13 17:30:00+05:30,2026-03-14 12:00:00+00:00,settlement,True
ETH,1773576000,2026-03-15 12:00:00+00:00,1773489600,2076.11,2080.0,C-ETH-2080-150326,P-ETH-2080-150326,13.12578093,16.79466573,29.92044666,38.02724137931,0.0,38.02724137931,0.01,0.01,0.0001,38.02724137931,0.0144117829305768,-0.2709449765717502,0.05955097899223675,-0.330495955563987,2026-03-14 12:00:00+00:00,2026-03-14 17:30:00+05:30,2026-03-15 12:00:00+00:00,settlement,False
ETH,1773662400,2026-03-16 12:00:00+00:00,1773576000,2118.74,2120.0,C-ETH-2120-160326,P-ETH-2120-160326,27.16040416,28.12738359,55.28778775,150.537586206896,0.0,150.537586206896,0.01,0.01,0.0001,150.537586206896,0.0260946542520554,-1.7227999587828688,0.0448879959336047,-1.7676879547164734,2026-03-15 12:00:00+00:00,2026-03-15 17:30:00+05:30,2026-03-16 12:00:00+00:00,settlement,False
ETH,1773748800,2026-03-17 12:00:00+00:00,1773662400,2278.84,2280.0,C-ETH-2280-170326,P-ETH-2280-170326,34.35697118,35.10901526,69.46598644,48.865172413793,0.0,48.865172413793,0.01,0.01,0.0001,48.865172413793,0.0304830468308437,0.2965597277453273,0.04228401649675041,0.2542757112485769,2026-03-16 12:00:00+00:00,2026-03-16 17:30:00+05:30,2026-03-17 12:00:00+00:00,settlement,True
ETH,1773835200,2026-03-18 12:00:00+00:00,1773748800,2328.29,2320.0,C-ETH-2320-180326,P-ETH-2320-180326,39.36728579,31.07740133,70.44468712,0.0,47.5027586206897,47.5027586206897,0.01,0.01,0.0001,47.5027586206897,0.0302559763259731,0.3256729419527344,0.042400223734800235,0.28327271821793415,2026-03-17 12:00:00+00:00,2026-03-17 17:30:00+05:30,2026-03-18 12:00:00+00:00,settlement,True
ETH,1773921600,2026-03-19 12:00:00+00:00,1773835200,2266.46,2260.0,C-ETH-2260-190326,P-ETH-2260-190326,41.55389767,34.64881453,76.20271220000001,0.0,90.9234482758625,90.9234482758625,0.01,0.01,0.0001,90.9234482758625,0.0336219091446573,-0.1931786369653977,0.04083846515583733,-0.23401710212123503,2026-03-18 12:00:00+00:00,2026-03-18 17:30:00+05:30,2026-03-19 12:00:00+00:00,settlement,False
ETH,1774008000,2026-03-20 12:00:00+00:00,1773921600,2162.21,2160.0,C-ETH-2160-200326,P-ETH-2160-200326,36.61797333,34.04625196,70.66422528999999,0.0,18.814482758621,18.814482758621,0.01,0.01,0.0001,18.814482758621,0.0326814811188552,0.7337481210413338,0.04124242989733058,0.6925056911440032,2026-03-19 12:00:00+00:00,2026-03-19 17:30:00+05:30,2026-03-20 12:00:00+00:00,settlement,True
ETH,1774094400,2026-03-21 12:00:00+00:00,1774008000,2141.99,2140.0,C-ETH-2140-210326,P-ETH-2140-210326,30.62255704,28.51978504,59.14234208,16.1724137931033,0.0,16.1724137931033,0.01,0.01,0.0001,16.1724137931033,0.0276109328614979,0.7265510085612203,0.04389467776288646,0.6826563307983339,2026-03-20 12:00:00+00:00,2026-03-20 17:30:00+05:30,2026-03-21 12:00:00+00:00,settlement,True
ETH,1774180800,2026-03-22 12:00:00+00:00,1774094400,2159.27,2160.0,C-ETH-2160-220326,P-ETH-2160-220326,13.32608536,13.73503931,27.06112467,0.0,85.5234482758615,85.5234482758615,0.01,0.01,0.0001,85.5234482758615,0.0125325339906542,-2.16038040986053,0.06446197644881549,-2.2248423863093456,2026-03-21 12:00:00+00:00,2026-03-21 17:30:00+05:30,2026-03-22 12:00:00+00:00,settlement,False
ETH,1774267200,2026-03-23 12:00:00+00:00,1774180800,2070.09,2080.0,C-ETH-2080-230326,P-ETH-2080-230326,25.73941223,35.61453877,61.353951,74.9900000000002,0.0,74.9900000000002,0.01,0.01,0.0001,74.9900000000002,0.0296383012332797,-0.222252174110192,0.04272533918475764,-0.2649775132949496,2026-03-22 12:00:00+00:00,2026-03-22 17:30:00+05:30,2026-03-23 12:00:00+00:00,settlement,False
ETH,1774353600,2026-03-24 12:00:00+00:00,1774267200,2120.49,2120.0,C-ETH-2120-240326,P-ETH-2120-240326,39.49775941,38.82131234,78.31907175,48.0034482758624,0.0,48.0034482758624,0.01,0.01,0.0001,48.0034482758624,0.0369344216431107,0.3870784318142484,0.0395794068243665,0.3474990249898819,2026-03-23 12:00:00+00:00,2026-03-23 17:30:00+05:30,2026-03-24 12:00:00+00:00,settlement,True
ETH,1774440000,2026-03-25 12:00:00+00:00,1774353600,2163.5,2160.0,C-ETH-2160-250326,P-ETH-2160-250326,32.15589854,28.3447681,60.500666640000006,30.4789655172417,0.0,30.4789655172417,0.01,0.01,0.0001,30.4789655172417,0.0279642554379477,0.4962209970577326,0.04367869004942256,0.45254230700831005,2026-03-24 12:00:00+00:00,2026-03-24 17:30:00+05:30,2026-03-25 12:00:00+00:00,settlement,True
ETH,1774526400,2026-03-26 12:00:00+00:00,1774440000,2191.34,2200.0,C-ETH-2200-260326,P-ETH-2200-260326,24.87921887,33.21908863,58.0983075,0.0,129.092068965517,129.092068965517,0.01,0.01,0.0001,129.092068965517,0.0265126851606779,-1.221959201918524,0.04460279881647155,-1.2665620007349954,2026-03-25 12:00:00+00:00,2026-03-25 17:30:00+05:30,2026-03-26 12:00:00+00:00,settlement,False
ETH,1774612800,2026-03-27 12:00:00+00:00,1774526400,2070.28,2080.0,C-ETH-2080-270326,P-ETH-2080-270326,26.87026999,36.29521477,63.16548476,0.0,85.7331034482759,85.7331034482759,0.01,0.01,0.0001,85.7331034482759,0.0305105998995304,-0.3572776932532465,0.042270033416395174,-0.39954772666964167,2026-03-26 12:00:00+00:00,2026-03-26 17:30:00+05:30,2026-03-27 12:00:00+00:00,settlement,False
ETH,1774699200,2026-03-28 12:00:00+00:00,1774612800,1990.7,2000.0,C-ETH-2000-280326,P-ETH-2000-280326,28.63740249,37.56186205,66.19926454,0.0,2.023103448276,2.023103448276,0.01,0.01,0.0001,2.023103448276,0.0332542646003918,0.9694391854300198,0.04099366826095558,0.9284455171690642,2026-03-27 12:00:00+00:00,2026-03-27 17:30:00+05:30,2026-03-28 12:00:00+00:00,settlement,True
ETH,1774785600,2026-03-29 12:00:00+00:00,1774699200,1997.8,2000.0,C-ETH-2000-290326,P-ETH-2000-290326,12.19623941,14.14505904,26.34129845,4.6410344827584,0.0,4.6410344827584,0.01,0.01,0.0001,4.6410344827584,0.0131851528931825,0.8238114764324231,0.06259784048192962,0.7612136359504935,2026-03-28 12:00:00+00:00,2026-03-28 17:30:00+05:30,2026-03-29 12:00:00+00:00,settlement,True
ETH,1774872000,2026-03-30 12:00:00+00:00,1774785600,2002.87,2000.0,C-ETH-2000-300326,P-ETH-2000-300326,27.77263572,24.63742163,52.41005735,68.934482758621,0.0,68.934482758621,0.01,0.01,0.0001,68.934482758621,0.0261674783435769,-0.3152911148001443,0.04483765704141135,-0.3601287718415557,2026-03-29 12:00:00+00:00,2026-03-29 17:30:00+05:30,2026-03-30 12:00:00+00:00,settlement,False
ETH,1774958400,2026-03-31 12:00:00+00:00,1774872000,2072.92,2080.0,C-ETH-2080-310326,P-ETH-2080-310326,23.99856235,30.7979629,54.79652525,0.0,40.4672413793103,40.4672413793103,0.01,0.01,0.0001,40.4672413793103,0.0264344621355382,0.2614998634551139,0.04465547962277042,0.21684438383234347,2026-03-30 12:00:00+00:00,2026-03-30 17:30:00+05:30,2026-03-31 12:00:00+00:00,settlement,True
ETH,1775044800,2026-04-01 12:00:00+00:00,1774958400,2045.18,2040.0,C-ETH-2040-010426,P-ETH-2040-010426,29.4152294,23.95969297,53.37492237,95.2537931034485,0.0,95.2537931034485,0.01,0.01,0.0001,95.2537931034485,0.0260979094113965,-0.7846169862906819,0.04488573984067417,-0.829502726131356,2026-03-31 12:00:00+00:00,2026-03-31 17:30:00+05:30,2026-04-01 12:00:00+00:00,settlement,False
ETH,1775131200,2026-04-02 12:00:00+00:00,1775044800,2131.62,2140.0,C-ETH-2140-020426,P-ETH-2140-020426,23.1658509,31.192461,54.3583119,0.0,105.194137931035,105.194137931035,0.01,0.01,0.0001,105.194137931035,0.0255009391448757,-0.9351987626943764,0.0453091222452035,-0.9805078849395799,2026-04-01 12:00:00+00:00,2026-04-01 17:30:00+05:30,2026-04-02 12:00:00+00:00,settlement,False
ETH,1775217600,2026-04-03 12:00:00+00:00,1775131200,2029.91,2020.0,C-ETH-2020-030426,P-ETH-2020-030426,31.8345913,21.65727872,53.49187002,42.892068965517,0.0,42.892068965517,0.01,0.01,0.0001,42.892068965517,0.0263518431950184,0.198157234931586,0.04471146055731031,0.15344577437427567,2026-04-02 12:00:00+00:00,2026-04-02 17:30:00+05:30,2026-04-03 12:00:00+00:00,settlement,True
ETH,1775304000,2026-04-04 12:00:00+00:00,1775217600,2063.18,2060.0,C-ETH-2060-040426,P-ETH-2060-040426,20.98401366,17.54926237,38.53327603,0.0,8.332068965517,8.332068965517,0.01,0.01,0.0001,8.332068965517,0.0186766428668366,0.7837695149763523,0.05207220782478587,0.7316973071515664,2026-04-03 12:00:00+00:00,2026-04-03 17:30:00+05:30,2026-04-04 12:00:00+00:00,settlement,True
ETH,1775390400,2026-04-05 12:00:00+00:00,1775304000,2052.22,2060.0,C-ETH-2060-050426,P-ETH-2060-050426,7.34341663,14.80446524,22.14788187,0.0,18.0951724137935,18.0951724137935,0.01,0.01,0.0001,18.0951724137935,0.0107921576975178,0.182984065022309,0.07053546173334363,0.11244860328896536,2026-04-04 12:00:00+00:00,2026-04-04 17:30:00+05:30,2026-04-05 12:00:00+00:00,settlement,True
ETH,1775476800,2026-04-06 12:00:00+00:00,1775390400,2038.45,2040.0,C-ETH-2040-060426,P-ETH-2040-060426,20.43642175,21.71798399,42.15440574,111.5558620689653,0.0,111.5558620689653,0.01,0.01,0.0001,111.5558620689653,0.0206796368515293,-1.6463630576841644,0.04962438533078464,-1.695987443014949,2026-04-05 12:00:00+00:00,2026-04-05 17:30:00+05:30,2026-04-06 12:00:00+00:00,settlement,False
ETH,1775563200,2026-04-07 12:00:00+00:00,1775476800,2151.67,2160.0,C-ETH-2160-070426,P-ETH-2160-070426,21.48632289,29.50714596,50.99346885,0.0,70.6141379310347,70.6141379310347,0.01,0.01,0.0001,70.6141379310347,0.0236994840519224,-0.3847682756933039,0.04671604538587887,-0.4314843210791828,2026-04-06 12:00:00+00:00,2026-04-06 17:30:00+05:30,2026-04-07 12:00:00+00:00,settlement,False
ETH,1775649600,2026-04-08 12:00:00+00:00,1775563200,2088.49,2080.0,C-ETH-2080-080426,P-ETH-2080-080426,33.04543598,24.26874987,57.31418585,165.6299999999997,0.0,165.6299999999997,0.01,0.01,0.0001,165.6299999999997,0.0274428825850255,-1.8898604689854408,0.04399935937989076,-1.9338598283653317,2026-04-07 12:00:00+00:00,2026-04-07 17:30:00+05:30,2026-04-08 12:00:00+00:00,settlement,False
ETH,1775736000,2026-04-09 12:00:00+00:00,1775649600,2250.27,2260.0,C-ETH-2260-090426,P-ETH-2260-090426,23.86247882,33.33649806,57.19897688,0.0,79.0151724137936,79.0151724137936,0.01,0.01,0.0001,79.0151724137936,0.0254187172561514,-0.3814088419721678,0.04536899367672745,-0.42677783564889527,2026-04-08 12:00:00+00:00,2026-04-08 17:30:00+05:30,2026-04-09 12:00:00+00:00,settlement,False
ETH,1775822400,2026-04-10 12:00:00+00:00,1775736000,2181.6,2180.0,C-ETH-2180-100426,P-ETH-2180-100426,26.07249283,24.02297334,50.09546617,38.6727586206894,0.0,38.6727586206894,0.01,0.01,0.0001,38.6727586206894,0.0229627182664099,0.2280187893760167,0.04735505774725481,0.18066373162876187,2026-04-09 12:00:00+00:00,2026-04-09 17:30:00+05:30,2026-04-10 12:00:00+00:00,settlement,True
ETH,1775908800,2026-04-11 12:00:00+00:00,1775822400,2220.07,2220.0,C-ETH-2220-110426,P-ETH-2220-110426,25.58613277,25.23417333,50.8203061,22.656206896552,0.0,22.656206896552,0.01,0.01,0.0001,22.656206896552,0.0228913079767755,0.5541898773303138,0.0474191800170995,0.5067706973132142,2026-04-10 12:00:00+00:00,2026-04-10 17:30:00+05:30,2026-04-11 12:00:00+00:00,settlement,True
ETH,1775995200,2026-04-12 12:00:00+00:00,1775908800,2244.71,2240.0,C-ETH-2240-120426,P-ETH-2240-120426,17.86680082,12.88002581,30.74682663,0.0,35.5593103448277,35.5593103448277,0.01,0.01,0.0001,35.5593103448277,0.0136974605316499,-0.1565196881206631,0.0612589421454711,-0.2177786302661342,2026-04-11 12:00:00+00:00,2026-04-11 17:30:00+05:30,2026-04-12 12:00:00+00:00,settlement,False
ETH,1776081600,2026-04-13 12:00:00+00:00,1775995200,2201.91,2200.0,C-ETH-2200-130426,P-ETH-2200-130426,29.86034402,27.65051528,57.5108593,0.0,12.0796551724143,12.0796551724143,0.01,0.01,0.0001,12.0796551724143,0.0261186239673737,0.7899587083301622,0.04487139612674854,0.7450873122034137,2026-04-12 12:00:00+00:00,2026-04-12 17:30:00+05:30,2026-04-13 12:00:00+00:00,settlement,True
ETH,1776168000,2026-04-14 12:00:00+00:00,1776081600,2183.74,2180.0,C-ETH-2180-140426,P-ETH-2180-140426,28.23701742,24.00975881,52.24677623,192.9755172413793,0.0,192.9755172413793,0.01,0.01,0.0001,192.9755172413793,0.0239253648465476,-2.6935392222453167,0.04652801681509604,-2.7400672390604126,2026-04-13 12:00:00+00:00,2026-04-13 17:30:00+05:30,2026-04-14 12:00:00+00:00,settlement,False
ETH,1776254400,2026-04-15 12:00:00+00:00,1776168000,2375.63,2380.0,C-ETH-2380-150426,P-ETH-2380-150426,30.34257617,34.36851936,64.71109553,0.0,49.531724137931,49.531724137931,0.01,0.01,0.0001,49.531724137931,0.0272395514158349,0.2345713863711649,0.04412774496886964,0.19044364140229525,2026-04-14 12:00:00+00:00,2026-04-14 17:30:00+05:30,2026-04-15 12:00:00+00:00,settlement,True
ETH,1776340800,2026-04-16 12:00:00+00:00,1776254400,2336.1,2340.0,C-ETH-2340-160426,P-ETH-2340-160426,28.79145068,32.35340952,61.1448602,0.0,6.37275862069,6.37275862069,0.01,0.01,0.0001,6.37275862069,0.0261739053122725,0.8957760537869379,0.04483322791798615,0.8509428258689518,2026-04-15 12:00:00+00:00,2026-04-15 17:30:00+05:30,2026-04-16 12:00:00+00:00,settlement,True
ETH,1776427200,2026-04-17 12:00:00+00:00,1776340800,2340.61,2340.0,C-ETH-2340-170426,P-ETH-2340-170426,29.70290769,28.83545111,58.5383588,12.676896551724,0.0,12.676896551724,0.01,0.01,0.0001,12.676896551724,0.0250098729818295,0.7834429114243633,0.04567254686750801,0.7377703645568553,2026-04-16 12:00:00+00:00,2026-04-16 17:30:00+05:30,2026-04-17 12:00:00+00:00,settlement,True
ETH,1776513600,2026-04-18 12:00:00+00:00,1776427200,2351.74,2360.0,C-ETH-2360-180426,P-ETH-2360-180426,23.66496285,31.61635057,55.28131342,0.0,8.3668965517245,8.3668965517245,0.01,0.01,0.0001,8.3668965517245,0.0235065583015129,0.8486487379893279,0.04687950266243873,0.8017692353268893,2026-04-17 12:00:00+00:00,2026-04-17 17:30:00+05:30,2026-04-18 12:00:00+00:00,settlement,True
ETH,1776600000,2026-04-19 12:00:00+00:00,1776513600,2358.6,2360.0,C-ETH-2360-190426,P-ETH-2360-190426,16.49025419,17.46854623,33.95880042,0.0,32.1458620689655,32.1458620689655,0.01,0.01,0.0001,32.1458620689655,0.014397863317222,0.053386407311572,0.05958264209074791,-0.006196234779175906,2026-04-18 12:00:00+00:00,2026-04-18 17:30:00+05:30,2026-04-19 12:00:00+00:00,settlement,True
ETH,1776686400,2026-04-20 12:00:00+00:00,1776600000,2331.68,2340.0,C-ETH-2340-200426,P-ETH-2340-200426,25.47946347,33.51517126,58.99463473,0.0,31.899310344827,31.899310344827,0.01,0.01,0.0001,31.899310344827,0.0253013426928223,0.4592845520474841,0.04545513643803181,0.4138294156094523,2026-04-19 12:00:00+00:00,2026-04-19 17:30:00+05:30,2026-04-20 12:00:00+00:00,settlement,True
ETH,1776772800,2026-04-21 12:00:00+00:00,1776686400,2308.43,2300.0,C-ETH-2300-210426,P-ETH-2300-210426,34.51997344,25.84846196,60.3684354,23.567931034483,0.0,23.567931034483,0.01,0.01,0.0001,23.567931034483,0.0261512956424929,0.6095984453080094,0.04484881893626151,0.564749626371748,2026-04-20 12:00:00+00:00,2026-04-20 17:30:00+05:30,2026-04-21 12:00:00+00:00,settlement,True
ETH,1776859200,2026-04-22 12:00:00+00:00,1776772800,2319.83,2320.0,C-ETH-2320-220426,P-ETH-2320-220426,29.31185472,29.17665661,58.48851133,74.3279310344824,0.0,74.3279310344824,0.01,0.01,0.0001,74.3279310344824,0.0252124126897229,-0.270812495382457,0.045520937413197106,-0.3163334327956541,2026-04-21 12:00:00+00:00,2026-04-21 17:30:00+05:30,2026-04-22 12:00:00+00:00,settlement,False
ETH,1776945600,2026-04-23 12:00:00+00:00,1776859200,2400.03,2400.0,C-ETH-2400-230426,P-ETH-2400-230426,27.71690775,27.41586696,55.13277471,0.0,75.1303448275867,75.1303448275867,0.01,0.01,0.0001,75.1303448275867,0.022971702316221,-0.3627165551303103,0.047347018827886604,-0.4100635739581969,2026-04-22 12:00:00+00:00,2026-04-22 17:30:00+05:30,2026-04-23 12:00:00+00:00,settlement,False
ETH,1777032000,2026-04-24 12:00:00+00:00,1776945600,2330.35,2340.0,C-ETH-2340-240426,P-ETH-2340-240426,23.44076016,32.76669002,56.20745018,0.0,10.336206896551,10.336206896551,0.01,0.01,0.0001,10.336206896551,0.0241197460381487,0.8161061058018092,0.04636902859812312,0.7697370772036861,2026-04-23 12:00:00+00:00,2026-04-23 17:30:00+05:30,2026-04-24 12:00:00+00:00,settlement,True
ETH,1777118400,2026-04-25 12:00:00+00:00,1777032000,2328.18,2320.0,C-ETH-2320-250426,P-ETH-2320-250426,27.07746447,18.56634225,45.64380672,0.0,6.036206896552,6.036206896552,0.01,0.01,0.0001,6.036206896552,0.0196049303404375,0.8677540869108298,0.05087557649039138,0.8168785104204384,2026-04-24 12:00:00+00:00,2026-04-24 17:30:00+05:30,2026-04-25 12:00:00+00:00,settlement,True
ETH,1777204800,2026-04-26 12:00:00+00:00,1777118400,2313.62,2320.0,C-ETH-2320-260426,P-ETH-2320-260426,10.30238512,16.34980053,26.65218565,15.631724137931,0.0,15.631724137931,0.01,0.01,0.0001,15.631724137931,0.0115196902040957,0.4134918485407218,0.06777332407708184,0.34571852446363993,2026-04-25 12:00:00+00:00,2026-04-25 17:30:00+05:30,2026-04-26 12:00:00+00:00,settlement,True
ETH,1777291200,2026-04-27 12:00:00+00:00,1777204800,2334.67,2340.0,C-ETH-2340-270426,P-ETH-2340-270426,19.65482131,24.68898634,44.34380765,0.0,19.9831034482763,19.9831034482763,0.01,0.01,0.0001,19.9831034482763,0.0189936083686345,0.5493597751911523,0.05165046500060759,0.4977093101905447,2026-04-26 12:00:00+00:00,2026-04-26 17:30:00+05:30,2026-04-27 12:00:00+00:00,settlement,True
ETH,1777377600,2026-04-28 12:00:00+00:00,1777291200,2317.26,2320.0,C-ETH-2320-280426,P-ETH-2320-280426,19.73591545,22.13992301,41.87583846,0.0,46.4168965517233,46.4168965517233,0.01,0.01,0.0001,46.4168965517233,0.0180712731674477,-0.1084410070036195,0.05291880168189952,-0.16135980868551902,2026-04-27 12:00:00+00:00,2026-04-27 17:30:00+05:30,2026-04-28 12:00:00+00:00,settlement,False
ETH,1777464000,2026-04-29 12:00:00+00:00,1777377600,2275.18,2280.0,C-ETH-2280-290426,P-ETH-2280-290426,18.75639427,23.27974951,42.03614378,52.117931034483,0.0,52.117931034483,0.01,0.01,0.0001,52.117931034483,0.0184759640028481,-0.2398361587886593,0.052346704893300275,-0.29218286368195956,2026-04-28 12:00:00+00:00,2026-04-28 17:30:00+05:30,2026-04-29 12:00:00+00:00,settlement,False
ETH,1777550400,2026-04-30 12:00:00+00:00,1777464000,2326.36,2320.0,C-ETH-2320-300426,P-ETH-2320-300426,26.26174027,19.61312098,45.87486125,0.0,59.3510344827587,59.3510344827587,0.01,0.01,0.0001,59.3510344827587,0.0197195882193641,-0.2937594330655048,0.05073559108584771,-0.34449502415135247,2026-04-29 12:00:00+00:00,2026-04-29 17:30:00+05:30,2026-04-30 12:00:00+00:00,settlement,False
ETH,1777636800,2026-05-01 12:00:00+00:00,1777550400,2260.46,2260.0,C-ETH-2260-010526,P-ETH-2260-010526,22.64644353,21.87901536,44.52545889,25.476896551724,0.0,25.476896551724,0.01,0.01,0.0001,25.476896551724,0.0196975212523114,0.4278128246883521,0.05076240592681738,0.37705041876153467,2026-04-30 12:00:00+00:00,2026-04-30 17:30:00+05:30,2026-05-01 12:00:00+00:00,settlement,True
ETH,1777723200,2026-05-02 12:00:00+00:00,1777636800,2287.72,2280.0,C-ETH-2280-020526,P-ETH-2280-020526,22.72433398,14.73001952,37.4543535,21.9672413793105,0.0,21.9672413793105,0.01,0.01,0.0001,21.9672413793105,0.0163719133023272,0.4134929767427303,0.05562986192779965,0.3578631148149306,2026-05-01 12:00:00+00:00,2026-05-01 17:30:00+05:30,2026-05-02 12:00:00+00:00,settlement,True
ETH,1777809600,2026-05-03 12:00:00+00:00,1777723200,2302.0,2300.0,C-ETH-2300-030526,P-ETH-2300-030526,12.4546096,10.21240383,22.66701343,20.065517241379,0.0,20.065517241379,0.01,0.01,0.0001,20.065517241379,0.0098466609165942,0.1147701348770498,0.07473503137744425,0.040035103499605554,2026-05-02 12:00:00+00:00,2026-05-02 17:30:00+05:30,2026-05-03 12:00:00+00:00,settlement,True
ETH,1777896000,2026-05-04 12:00:00+00:00,1777809600,2322.72,2320.0,C-ETH-2320-040526,P-ETH-2320-040526,20.94363009,17.86235389,38.80598398,16.113793103448,0.0,16.113793103448,0.01,0.01,0.0001,16.113793103448,0.016707129563615,0.5847600949443056,0.05505141196174869,0.5297086829825569,2026-05-03 12:00:00+00:00,2026-05-03 17:30:00+05:30,2026-05-04 12:00:00+00:00,settlement,True
ETH,1777982400,2026-05-05 12:00:00+00:00,1777896000,2337.1,2340.0,C-ETH-2340-050526,P-ETH-2340-050526,21.44769089,24.09333174,45.54102263,39.181034482758,0.0,39.181034482758,0.01,0.01,0.0001,39.181034482758,0.0194861249540028,0.1396540477124108,0.05102236340545698,0.08863168430695381,2026-05-04 12:00:00+00:00,2026-05-04 17:30:00+05:30,2026-05-05 12:00:00+00:00,settlement,True
ETH,1778068800,2026-05-06 12:00:00+00:00,1777982400,2378.59,2380.0,C-ETH-2380-060526,P-ETH-2380-060526,22.59732319,23.65970477,46.25702796,33.5696551724136,0.0,33.5696551724136,0.01,0.01,0.0001,33.5696551724136,0.019447247301973,0.2742798953395277,0.05107078715413432,0.22320910818539336,2026-05-05 12:00:00+00:00,2026-05-05 17:30:00+05:30,2026-05-06 12:00:00+00:00,settlement,True
ETH,1778155200,2026-05-07 12:00:00+00:00,1778068800,2407.81,2400.0,C-ETH-2400-070526,P-ETH-2400-070526,31.0864578,23.04275223,54.12921003,0.0,70.2320689655166,70.2320689655166,0.01,0.01,0.0001,70.2320689655166,0.0224806816277031,-0.2974892655294973,0.04779580465649001,-0.3452850701859873,2026-05-06 12:00:00+00:00,2026-05-06 17:30:00+05:30,2026-05-07 12:00:00+00:00,settlement,False
ETH,1778241600,2026-05-08 12:00:00+00:00,1778155200,2333.19,2340.0,C-ETH-2340-080526,P-ETH-2340-080526,17.61527629,24.11432658,41.72960287,0.0,46.970344827586,46.970344827586,0.01,0.01,0.0001,46.970344827586,0.0178852141788709,-0.1255881100501351,0.05319051426946877,-0.17877862431960387,2026-05-07 12:00:00+00:00,2026-05-07 17:30:00+05:30,2026-05-08 12:00:00+00:00,settlement,False
ETH,1778328000,2026-05-09 12:00:00+00:00,1778241600,2293.34,2300.0,C-ETH-2300-090526,P-ETH-2300-090526,17.06855565,23.39623904,40.464794690000005,14.282068965517,0.0,14.282068965517,0.01,0.01,0.0001,14.282068965517,0.0176444812762172,0.6470495136591784,0.053550573882622604,0.5934989397765558,2026-05-08 12:00:00+00:00,2026-05-08 17:30:00+05:30,2026-05-09 12:00:00+00:00,settlement,True
ETH,1778414400,2026-05-10 12:00:00+00:00,1778328000,2316.37,2320.0,C-ETH-2320-100526,P-ETH-2320-100526,9.86278446,13.18015651,23.04294097,1.616551724138,0.0,1.616551724138,0.01,0.01,0.0001,1.616551724138,0.0099478671239914,0.9298461196319248,0.07424735671646343,0.8555987629154613,2026-05-09 12:00:00+00:00,2026-05-09 17:30:00+05:30,2026-05-10 12:00:00+00:00,settlement,True
ETH,1778500800,2026-05-11 12:00:00+00:00,1778414400,2321.57,2320.0,C-ETH-2320-110526,P-ETH-2320-110526,21.27270595,19.40657592,40.67928187,14.6217241379313,0.0,14.6217241379313,0.01,0.01,0.0001,14.6217241379313,0.0175223154460128,0.6405609080155745,0.05373707926068657,0.5868238287548879,2026-05-10 12:00:00+00:00,2026-05-10 17:30:00+05:30,2026-05-11 12:00:00+00:00,settlement,True
ETH,1778587200,2026-05-12 12:00:00+00:00,1778500800,2333.77,2340.0,C-ETH-2340-120526,P-ETH-2340-120526,16.82733787,22.72786984,39.555207710000005,0.0,54.252068965517,54.252068965517,0.01,0.01,0.0001,54.252068965517,0.0169490599802037,-0.3715531305831434,0.0546481520834365,-0.42620128266657986,2026-05-11 12:00:00+00:00,2026-05-11 17:30:00+05:30,2026-05-12 12:00:00+00:00,settlement,False
ETH,1778673600,2026-05-13 12:00:00+00:00,1778587200,2284.03,2280.0,C-ETH-2280-130526,P-ETH-2280-130526,22.94810303,18.61037673,41.55847976,23.8713793103443,0.0,23.8713793103443,0.01,0.01,0.0001,23.8713793103443,0.0181952425143277,0.4255954633518505,0.05274084687952503,0.3728546164723255,2026-05-12 12:00:00+00:00,2026-05-12 17:30:00+05:30,2026-05-13 12:00:00+00:00,settlement,True
ETH,1778760000,2026-05-14 12:00:00+00:00,1778673600,2306.89,2300.0,C-ETH-2300-140526,P-ETH-2300-140526,24.11805267,16.78022795,40.89828062,0.0,44.7368965517244,44.7368965517244,0.01,0.01,0.0001,44.7368965517244,0.0177287519647664,-0.0938576359087145,0.05342341945660013,-0.14728105536531463,2026-05-13 12:00:00+00:00,2026-05-13 17:30:00+05:30,2026-05-14 12:00:00+00:00,settlement,False
ETH,1778846400,2026-05-15 12:00:00+00:00,1778760000,2255.46,2260.0,C-ETH-2260-150526,P-ETH-2260-150526,21.79030762,26.06438088,47.8546885,0.0,0.4900000000002,0.4900000000002,0.01,0.01,0.0001,0.4900000000002,0.0212172632190329,0.9897606689049872,0.04904603593438916,0.940714632970598,2026-05-14 12:00:00+00:00,2026-05-14 17:30:00+05:30,2026-05-15 12:00:00+00:00,settlement,True
ETH,1778932800,2026-05-16 12:00:00+00:00,1778846400,2255.1,2260.0,C-ETH-2260-160526,P-ETH-2260-160526,16.00317072,20.52644387,36.52961459,0.0,81.779655172414,81.779655172414,0.01,0.01,0.0001,81.779655172414,0.0161986672830473,-1.2387220913850323,0.055938199566205715,-1.2946602909512381,2026-05-15 12:00:00+00:00,2026-05-15 17:30:00+05:30,2026-05-16 12:00:00+00:00,settlement,False
ETH,1779019200,2026-05-17 12:00:00+00:00,1778932800,2177.99,2180.0,C-ETH-2180-170526,P-ETH-2180-170526,13.78145645,15.47400481,29.25546126,12.109655172414,0.0,12.109655172414,0.01,0.01,0.0001,12.109655172414,0.0134323212044132,0.5860719793548045,0.061939123969498466,0.524132855385306,2026-05-16 12:00:00+00:00,2026-05-16 17:30:00+05:30,2026-05-17 12:00:00+00:00,settlement,True
ETH,1779105600,2026-05-18 12:00:00+00:00,1779019200,2191.46,2200.0,C-ETH-2200-180526,P-ETH-2200-180526,14.48210172,22.66060061,37.14270233,0.0,71.3627586206894,71.3627586206894,0.01,0.01,0.0001,71.3627586206894,0.0169488388243454,-0.921313047894472,0.05464851545829891,-0.975961563352771,2026-05-17 12:00:00+00:00,2026-05-17 17:30:00+05:30,2026-05-18 12:00:00+00:00,settlement,False
ETH,1779192000,2026-05-19 12:00:00+00:00,1779105600,2138.23,2140.0,C-ETH-2140-190526,P-ETH-2140-190526,22.65572855,24.12144121,46.77716976,0.0,27.6155172413796,27.6155172413796,0.01,0.01,0.0001,27.6155172413796,0.0218765847266196,0.409636850988062,0.048375579821911825,0.3612612711661502,2026-05-18 12:00:00+00:00,2026-05-18 17:30:00+05:30,2026-05-19 12:00:00+00:00,settlement,True
ETH,1779278400,2026-05-20 12:00:00+00:00,1779192000,2111.65,2120.0,C-ETH-2120-200526,P-ETH-2120-200526,17.14606917,25.21372319,42.35979236,7.581724137931,0.0,7.581724137931,0.01,0.01,0.0001,7.581724137931,0.0200600442118722,0.8210160221396563,0.05032935990642802,0.7706866622332282,2026-05-19 12:00:00+00:00,2026-05-19 17:30:00+05:30,2026-05-20 12:00:00+00:00,settlement,True
ETH,1779364800,2026-05-21 12:00:00+00:00,1779278400,2130.95,2140.0,C-ETH-2140-210526,P-ETH-2140-210526,14.64213151,23.42401025,38.06614176,0.0,23.3262068965523,23.3262068965523,0.01,0.01,0.0001,23.3262068965523,0.0178634607850958,0.3872190398591029,0.053222651561102154,0.3339963882980007,2026-05-20 12:00:00+00:00,2026-05-20 17:30:00+05:30,2026-05-21 12:00:00+00:00,settlement,True
ETH,1779451200,2026-05-22 12:00:00+00:00,1779364800,2116.45,2120.0,C-ETH-2120-220526,P-ETH-2120-220526,18.31988113,21.59607791,39.91595904,7.5810344827582,0.0,7.5810344827582,0.01,0.01,0.0001,7.5810344827582,0.0188598639419783,0.8100751011603855,0.05182669167985999,0.7582484094805255,2026-05-21 12:00:00+00:00,2026-05-21 17:30:00+05:30,2026-05-22 12:00:00+00:00,settlement,True
ETH,1779537600,2026-05-23 12:00:00+00:00,1779451200,2130.91,2140.0,C-ETH-2140-230526,P-ETH-2140-230526,11.38314523,20.12806762,31.51121285,0.0,107.944137931035,107.944137931035,0.01,0.01,0.0001,107.944137931035,0.0147876789024407,-2.425578648618566,0.05871846422375964,-2.484297112842326,2026-05-22 12:00:00+00:00,2026-05-22 17:30:00+05:30,2026-05-23 12:00:00+00:00,settlement,False
ETH,1779624000,2026-05-24 12:00:00+00:00,1779537600,2031.27,2040.0,C-ETH-2040-240526,P-ETH-2040-240526,9.50194679,17.96653106,27.46847785,85.8131034482763,0.0,85.8131034482763,0.01,0.01,0.0001,85.8131034482763,0.0135228097938728,-2.124057471145104,0.06170398868243076,-2.1857614598275346,2026-05-23 12:00:00+00:00,2026-05-23 17:30:00+05:30,2026-05-24 12:00:00+00:00,settlement,False
ETH,1779710400,2026-05-25 12:00:00+00:00,1779624000,2123.89,2120.0,C-ETH-2120-250526,P-ETH-2120-250526,21.46706206,17.30385644,38.7709185,0.0,2.0013793103453,2.0013793103453,0.01,0.01,0.0001,2.0013793103453,0.01825467350004,0.9483793681507624,0.05265639233695225,0.8957229758138101,2026-05-24 12:00:00+00:00,2026-05-24 17:30:00+05:30,2026-05-25 12:00:00+00:00,settlement,True
ETH,1779796800,2026-05-26 12:00:00+00:00,1779710400,2113.56,2120.0,C-ETH-2120-260526,P-ETH-2120-260526,14.63022096,20.8204458,35.450666760000004,1.7582758620683,0.0,1.7582758620683,0.01,0.01,0.0001,1.7582758620683,0.0167729644580707,0.9504021779344298,0.054940523470368714,0.8954616544640611,2026-05-25 12:00:00+00:00,2026-05-25 17:30:00+05:30,2026-05-26 12:00:00+00:00,settlement,True
ETH,1779883200,2026-05-27 12:00:00+00:00,1779796800,2122.77,2120.0,C-ETH-2120-270526,P-ETH-2120-270526,20.95177569,17.90344697,38.85522266,0.0,38.32,38.32,0.01,0.01,0.0001,38.32,0.0183040191165317,0.0137747932802607,0.05258668635533177,-0.038811893075071074,2026-05-26 12:00:00+00:00,2026-05-26 17:30:00+05:30,2026-05-27 12:00:00+00:00,settlement,True
ETH,1779969600,2026-05-28 12:00:00+00:00,1779883200,2079.81,2080.0,C-ETH-2080-280526,P-ETH-2080-280526,18.99970213,18.88536053,37.88506266,0.0,90.4496551724142,90.4496551724142,0.01,0.01,0.0001,90.4496551724142,0.0182156363610137,-1.387475401166835,0.05271180404820795,-1.440187205215043,2026-05-27 12:00:00+00:00,2026-05-27 17:30:00+05:30,2026-05-28 12:00:00+00:00,settlement,False
ETH,1780056000,2026-05-29 12:00:00+00:00,1779969600,1988.67,1980.0,C-ETH-1980-290526,P-ETH-1980-290526,25.59229266,16.67857232,42.27086498,27.5962068965518,0.0,27.5962068965518,0.01,0.01,0.0001,27.5962068965518,0.0212558468624759,0.3471577430552073,0.04900565489833513,0.29815208815687216,2026-05-28 12:00:00+00:00,2026-05-28 17:30:00+05:30,2026-05-29 12:00:00+00:00,settlement,True
ETH,1780142400,2026-05-30 12:00:00+00:00,1780056000,2002.86,2000.0,C-ETH-2000-300526,P-ETH-2000-300526,19.17100167,16.09546936,35.26647103,17.8375862068963,0.0,17.8375862068963,0.01,0.01,0.0001,17.8375862068963,0.0176080559949272,0.4942055247965563,0.05360591202890197,0.4405996127676543,2026-05-29 12:00:00+00:00,2026-05-29 17:30:00+05:30,2026-05-30 12:00:00+00:00,settlement,True
ETH,1780228800,2026-05-31 12:00:00+00:00,1780142400,2017.42,2020.0,C-ETH-2020-310526,P-ETH-2020-310526,8.43601928,10.7437835,19.17980278,2.7613793103446,0.0,2.7613793103446,0.01,0.01,0.0001,2.7613793103446,0.0095070945960682,0.8560267098666903,0.07644713406714185,0.7795795757995484,2026-05-30 12:00:00+00:00,2026-05-30 17:30:00+05:30,2026-05-31 12:00:00+00:00,settlement,True
ETH,1780315200,2026-06-01 12:00:00+00:00,1780228800,2020.15,2020.0,C-ETH-2020-010626,P-ETH-2020-010626,15.72374152,15.30618713,31.02992865,0.0,35.9782758620686,35.9782758620686,0.01,0.01,0.0001,35.9782758620686,0.0153602102071628,-0.1594701447071679,0.05752874613264701,-0.21699889083981488,2026-05-31 12:00:00+00:00,2026-05-31 17:30:00+05:30,2026-06-01 12:00:00+00:00,settlement,False
ETH,1780401600,2026-06-02 12:00:00+00:00,1780315200,1981.34,1980.0,C-ETH-1980-020626,P-ETH-1980-020626,19.35568231,17.81817725,37.17385956,0.0,0.7372413793105,0.7372413793105,0.01,0.01,0.0001,0.7372413793105,0.018761979044485,0.9801677472278454,0.051957260802865106,0.9282104864249803,2026-06-01 12:00:00+00:00,2026-06-01 17:30:00+05:30,2026-06-02 12:00:00+00:00,settlement,True
ETH,1780488000,2026-06-03 12:00:00+00:00,1780401600,1980.34,1980.0,C-ETH-1980-030626,P-ETH-1980-030626,19.97720718,19.22721324,39.204420420000005,0.0,99.8403448275863,99.8403448275863,0.01,0.01,0.0001,99.8403448275863,0.0197968128806164,-1.546660395893854,0.050642221616498,-1.597302617510352,2026-06-02 12:00:00+00:00,2026-06-02 17:30:00+05:30,2026-06-03 12:00:00+00:00,settlement,False
ETH,1780574400,2026-06-04 12:00:00+00:00,1780488000,1878.87,1880.0,C-ETH-1880-040626,P-ETH-1880-040626,23.87786418,24.83043119,48.70829537,0.0,133.3872413793104,133.3872413793104,0.01,0.01,0.0001,133.3872413793104,0.0259242498789165,-1.7384912644975283,0.0450068913162214,-1.7834981558137497,2026-06-03 12:00:00+00:00,2026-06-03 17:30:00+05:30,2026-06-04 12:00:00+00:00,settlement,False
ETH,1780660800,2026-06-05 12:00:00+00:00,1780574400,1756.33,1760.0,C-ETH-1760-050626,P-ETH-1760-050626,30.5137744,33.83068252,64.34445692,0.0,89.5451724137927,89.5451724137927,0.01,0.01,0.0001,89.5451724137927,0.0366357443760568,-0.3916532472272624,0.03968359245973103,-0.43133683968699343,2026-06-04 12:00:00+00:00,2026-06-04 17:30:00+05:30,2026-06-05 12:00:00+00:00,settlement,False
ETH,1780747200,2026-06-06 12:00:00+00:00,1780660800,1652.21,1660.0,C-ETH-1660-060626,P-ETH-1660-060626,25.68857281,33.22926718,58.91783999,0.0,97.8348275862068,97.8348275862068,0.01,0.01,0.0001,97.8348275862068,0.0356600189987955,-0.6605297750700312,0.040036111848845125,-0.7005658869188763,2026-06-05 12:00:00+00:00,2026-06-05 17:30:00+05:30,2026-06-06 12:00:00+00:00,settlement,False
ETH,1780833600,2026-06-07 12:00:00+00:00,1780747200,1560.13,1560.0,C-ETH-1560-070626,P-ETH-1560-070626,21.96436684,21.60524427,43.56961111,70.8324137931033,0.0,70.8324137931033,0.01,0.01,0.0001,70.8324137931033,0.0279269106484716,-0.6257297687205201,0.04370126079254785,-0.669431029513068,2026-06-06 12:00:00+00:00,2026-06-06 17:30:00+05:30,2026-06-07 12:00:00+00:00,settlement,False
ETH,1780920000,2026-06-08 12:00:00+00:00,1780833600,1629.79,1620.0,C-ETH-1620-080626,P-ETH-1620-080626,33.48292506,23.49996306,56.98288812,67.3110344827583,0.0,67.3110344827583,0.01,0.01,0.0001,67.3110344827583,0.0349633315457819,-0.1812499629890346,0.04029985768324022,-0.2215498206722748,2026-06-07 12:00:00+00:00,2026-06-07 17:30:00+05:30,2026-06-08 12:00:00+00:00,settlement,False
ETH,1781006400,2026-06-09 12:00:00+00:00,1780920000,1671.05,1680.0,C-ETH-1680-090626,P-ETH-1680-090626,23.05701772,31.43059463,54.487612350000006,0.0,9.2403448275857,9.2403448275857,0.01,0.01,0.0001,9.2403448275857,0.0326068114957661,0.8304138421733266,0.04127550307276402,0.7891383391005625,2026-06-08 12:00:00+00:00,2026-06-08 17:30:00+05:30,2026-06-09 12:00:00+00:00,settlement,True
ETH,1781092800,2026-06-10 12:00:00+00:00,1781006400,1680.01,1680.0,C-ETH-1680-100626,P-ETH-1680-100626,20.63020687,20.34784331,40.97805018,0.0,60.0699999999997,60.0699999999997,0.01,0.01,0.0001,60.0699999999997,0.0243915513479086,-0.465906741197702,0.04615096268653161,-0.5120577038842336,2026-06-09 12:00:00+00:00,2026-06-09 17:30:00+05:30,2026-06-10 12:00:00+00:00,settlement,False
ETH,1781179200,2026-06-11 12:00:00+00:00,1781092800,1621.85,1620.0,C-ETH-1620-110626,P-ETH-1620-110626,26.6301437,24.66992406,51.300067760000005,44.9244827586206,0.0,44.9244827586206,0.01,0.01,0.0001,44.9244827586206,0.0316305871443105,0.1242802452270953,0.04172226489020138,0.08255798033689392,2026-06-10 12:00:00+00:00,2026-06-10 17:30:00+05:30,2026-06-11 12:00:00+00:00,settlement,True
ETH,1781265600,2026-06-12 12:00:00+00:00,1781179200,1663.11,1660.0,C-ETH-1660-120626,P-ETH-1660-120626,21.36500074,18.0310723,39.396073040000005,14.5041379310346,0.0,14.5041379310346,0.01,0.01,0.0001,14.5041379310346,0.0236881944309155,0.6318379774474446,0.046725537228113526,0.5851124402193311,2026-06-11 12:00:00+00:00,2026-06-11 17:30:00+05:30,2026-06-12 12:00:00+00:00,settlement,True
ETH,1781352000,2026-06-13 12:00:00+00:00,1781265600,1670.2,1680.0,C-ETH-1680-130626,P-ETH-1680-130626,12.37624048,21.93845841,34.31469889,0.0,2.3129166666663,2.3129166666663,0.01,0.01,0.0001,2.3129166666663,0.0205452633756436,0.9325969120673144,0.04977366509107666,0.8828232469762378,2026-06-12 12:00:00+00:00,2026-06-12 17:30:00+05:30,2026-06-13 12:00:00+00:00,settlement,True
ETH,1781438400,2026-06-14 12:00:00+00:00,1781352000,1677.82,1680.0,C-ETH-1680-140626,P-ETH-1680-140626,8.5792976,10.54353833,19.12283593,0.0,4.29213888889,4.29213888889,0.01,0.01,0.0001,4.29213888889,0.0113974299567295,0.77554903966119,0.0682128449827682,0.7073361946784218,2026-06-13 12:00:00+00:00,2026-06-13 17:30:00+05:30,2026-06-14 12:00:00+00:00,settlement,True
ETH,1781524800,2026-06-15 12:00:00+00:00,1781438400,1674.26,1680.0,C-ETH-1680-150626,P-ETH-1680-150626,13.58328717,19.10718608,32.690473250000004,83.2178055555537,0.0,83.2178055555537,0.01,0.01,0.0001,83.2178055555537,0.0195253265621827,-1.5456286582071337,0.05097373140965464,-1.5966023896167882,2026-06-14 12:00:00+00:00,2026-06-14 17:30:00+05:30,2026-06-15 12:00:00+00:00,settlement,False
ETH,1781611200,2026-06-16 12:00:00+00:00,1781524800,1762.61,1760.0,C-ETH-1760-160626,P-ETH-1760-160626,20.7431822,17.96681242,38.70999462,35.0983055555555,0.0,35.0983055555555,0.01,0.01,0.0001,35.0983055555555,0.0219617468526787,0.0933012029554372,0.048291915154391726,0.045009287801045475,2026-06-15 12:00:00+00:00,2026-06-15 17:30:00+05:30,2026-06-16 12:00:00+00:00,settlement,True
ETH,1781697600,2026-06-17 12:00:00+00:00,1781611200,1797.94,1800.0,C-ETH-1800-170626,P-ETH-1800-170626,18.94294995,20.77169079,39.71464074,0.0,33.9048888888876,33.9048888888876,0.01,0.01,0.0001,33.9048888888876,0.0220889688977385,0.146287407939735,0.04816813185735997,0.09811927608237503,2026-06-16 12:00:00+00:00,2026-06-16 17:30:00+05:30,2026-06-17 12:00:00+00:00,settlement,True
ETH,1781784000,2026-06-18 12:00:00+00:00,1781697600,1763.39,1760.0,C-ETH-1760-180626,P-ETH-1760-180626,24.49774226,20.69930527,45.19704753,0.0,16.9856944444452,16.9856944444452,0.01,0.01,0.0001,16.9856944444452,0.0256307722795297,0.6241857516650667,0.045215363955965024,0.5789703877091017,2026-06-17 12:00:00+00:00,2026-06-17 17:30:00+05:30,2026-06-18 12:00:00+00:00,settlement,True
ETH,1781870400,2026-06-19 12:00:00+00:00,1781784000,1744.07,1740.0,C-ETH-1740-190626,P-ETH-1740-190626,21.70626299,17.37981597,39.08607896,0.0,47.1531944444446,47.1531944444446,0.01,0.01,0.0001,47.1531944444446,0.0224108430051546,-0.2063935728293531,0.04786123361318615,-0.2542548064425393,2026-06-18 12:00:00+00:00,2026-06-18 17:30:00+05:30,2026-06-19 12:00:00+00:00,settlement,False
ETH,1781956800,2026-06-20 12:00:00+00:00,1781870400,1694.19,1700.0,C-ETH-1700-200626,P-ETH-1700-200626,13.8106265,19.37855797,33.18918447,27.7448333333334,0.0,27.7448333333334,0.01,0.01,0.0001,27.7448333333334,0.0195900013988985,0.1640399191365427,0.050893923751661255,0.11314599538488145,2026-06-19 12:00:00+00:00,2026-06-19 17:30:00+05:30,2026-06-20 12:00:00+00:00,settlement,True
ETH,1782043200,2026-06-21 12:00:00+00:00,1781956800,1728.35,1720.0,C-ETH-1720-210626,P-ETH-1720-210626,14.72126595,6.1430327,20.86429865,5.7767499999998,0.0,5.7767499999998,0.01,0.01,0.0001,5.7767499999998,0.0120718018051899,0.7231275253050597,0.0658993828110297,0.65722814249403,2026-06-20 12:00:00+00:00,2026-06-20 17:30:00+05:30,2026-06-21 12:00:00+00:00,settlement,True
ETH,1782129600,2026-06-22 12:00:00+00:00,1782043200,1725.09,1720.0,C-ETH-1720-220626,P-ETH-1720-220626,21.92715631,16.55107432,38.47823063,44.3743611111117,0.0,44.3743611111117,0.01,0.01,0.0001,44.3743611111117,0.0223050569129726,-0.153232889989352,0.04796112063024973,-0.20119401061960174,2026-06-21 12:00:00+00:00,2026-06-21 17:30:00+05:30,2026-06-22 12:00:00+00:00,settlement,False
ETH,1782216000,2026-06-23 12:00:00+00:00,1782129600,1767.82,1760.0,C-ETH-1760-230626,P-ETH-1760-230626,23.20468045,15.11891195,38.3235924,0.0,99.236222222222,99.236222222222,0.01,0.01,0.0001,99.236222222222,0.0216784471269699,-1.5894290176779458,0.048572777230560464,-1.6380017949085062,2026-06-22 12:00:00+00:00,2026-06-22 17:30:00+05:30,2026-06-23 12:00:00+00:00,settlement,False
ETH,1782302400,2026-06-24 12:00:00+00:00,1782216000,1659.98,1660.0,C-ETH-1660-240626,P-ETH-1660-240626,21.03974764,20.88918225,41.928929890000006,10.8403333333324,0.0,10.8403333333324,0.01,0.01,0.0001,10.8403333333324,0.0252586958216364,0.7414593369835131,0.04548663383624456,0.6959727031472686,2026-06-23 12:00:00+00:00,2026-06-23 17:30:00+05:30,2026-06-24 12:00:00+00:00,settlement,True
ETH,1782388800,2026-06-25 12:00:00+00:00,1782302400,1680.69,1680.0,C-ETH-1680-250626,P-ETH-1680-250626,18.05697256,17.14749163,35.20446419,0.0,47.8636111111111,47.8636111111111,0.01,0.01,0.0001,47.8636111111111,0.0209464352081585,-0.3595892513173654,0.04933366719966544,-0.40892291851703083,2026-06-24 12:00:00+00:00,2026-06-24 17:30:00+05:30,2026-06-25 12:00:00+00:00,settlement,False
ETH,1782475200,2026-06-26 12:00:00+00:00,1782388800,1631.64,1640.0,C-ETH-1640-260626,P-ETH-1640-260626,18.14732177,26.33972318,44.48704495,0.0,93.583944444443,93.583944444443,0.01,0.01,0.0001,93.583944444443,0.0272652331090191,-1.1036224039970317,0.04411142360355855,-1.1477338276005902,2026-06-25 12:00:00+00:00,2026-06-25 17:30:00+05:30,2026-06-26 12:00:00+00:00,settlement,False
ETH,1782561600,2026-06-27 12:00:00+00:00,1782475200,1546.23,1540.0,C-ETH-1540-270626,P-ETH-1540-270626,26.91629198,20.41578827,47.33208025,42.1132500000012,0.0,42.1132500000012,0.01,0.01,0.0001,42.1132500000012,0.0306112805016071,0.110259896088104,0.04221915242569547,0.06804074366240853,2026-06-26 12:00:00+00:00,2026-06-26 17:30:00+05:30,2026-06-27 12:00:00+00:00,settlement,True
ETH,1782648000,2026-06-28 12:00:00+00:00,1782561600,1583.89,1580.0,C-ETH-1580-280626,P-ETH-1580-280626,11.89041151,7.80898322,19.69939473,1.6227500000002,0.0,1.6227500000002,0.01,0.01,0.0001,1.6227500000002,0.01243735027685,0.9176243726144068,0.0647502055898953,0.8528741670245115,2026-06-27 12:00:00+00:00,2026-06-27 17:30:00+05:30,2026-06-28 12:00:00+00:00,settlement,True
ETH,1782734400,2026-06-29 12:00:00+00:00,1782648000,1582.27,1580.0,C-ETH-1580-290626,P-ETH-1580-290626,20.24803836,17.73922627,37.98726463,0.0,6.6979722222216,6.6979722222216,0.01,0.01,0.0001,6.6979722222216,0.0240080799294684,0.8236784804733754,0.046460047841670564,0.7772184326317049,2026-06-28 12:00:00+00:00,2026-06-28 17:30:00+05:30,2026-06-29 12:00:00+00:00,settlement,True
ETH,1782820800,2026-06-30 12:00:00+00:00,1782734400,1580.68,1580.0,C-ETH-1580-300626,P-ETH-1580-300626,20.26298428,19.50556317,39.76854745,0.0,0.0849444444427,0.0849444444427,0.01,0.01,0.0001,0.0849444444427,0.0251591387567376,0.9978640294934208,0.0455605785938757,0.952303450899545,2026-06-29 12:00:00+00:00,2026-06-29 17:30:00+05:30,2026-06-30 12:00:00+00:00,settlement,True
ETH,1782907200,2026-07-01 12:00:00+00:00,1782820800,1575.43,1580.0,C-ETH-1580-010726,P-ETH-1580-010726,17.40513795,21.73405194,39.13918989,0.0,8.0798888888883,8.0798888888883,0.01,0.01,0.0001,8.0798888888883,0.0248434966263178,0.7935601398088034,0.045798935902605115,0.7477612039061983,2026-06-30 12:00:00+00:00,2026-06-30 17:30:00+05:30,2026-07-01 12:00:00+00:00,settlement,True
ETH,1782993600,2026-07-02 12:00:00+00:00,1782907200,1567.94,1560.0,C-ETH-1560-020726,P-ETH-1560-020726,23.11337926,15.0074358,38.12081506,87.3579444444451,0.0,87.3579444444451,0.01,0.01,0.0001,87.3579444444451,0.0243126746304067,-1.29160746712652,0.04621374230417623,-1.3378212094306963,2026-07-01 12:00:00+00:00,2026-07-01 17:30:00+05:30,2026-07-02 12:00:00+00:00,settlement,False
ETH,1783080000,2026-07-03 12:00:00+00:00,1782993600,1648.15,1650.0,C-ETH-1650-030726,P-ETH-1650-030726,20.08351374,21.72682026,41.810334,92.0514722222213,0.0,92.0514722222213,0.01,0.01,0.0001,92.0514722222213,0.0253680393168097,-1.2016440294933142,0.04540608910706144,-1.2470501186003755,2026-07-02 12:00:00+00:00,2026-07-02 17:30:00+05:30,2026-07-03 12:00:00+00:00,settlement,False
ETH,1783166400,2026-07-04 12:00:00+00:00,1783080000,1744.34,1740.0,C-ETH-1740-040726,P-ETH-1740-040726,18.93826014,14.40981032,33.34807046,18.4700555555528,0.0,18.4700555555528,0.01,0.01,0.0001,18.4700555555528,0.0191178729261497,0.4461432010674479,0.051488939079325675,0.39465426198812226,2026-07-03 12:00:00+00:00,2026-07-03 17:30:00+05:30,2026-07-04 12:00:00+00:00,settlement,True
ETH,1783252800,2026-07-05 12:00:00+00:00,1783166400,1761.12,1760.0,C-ETH-1760-050726,P-ETH-1760-050726,11.74794581,10.37860531,22.12655112,1.1401944444447,0.0,1.1401944444447,0.01,0.01,0.0001,1.1401944444447,0.012563908830744,0.9484694004835628,0.06436792622093922,0.8841014742626235,2026-07-04 12:00:00+00:00,2026-07-04 17:30:00+05:30,2026-07-05 12:00:00+00:00,settlement,True
ETH,1783339200,2026-07-06 12:00:00+00:00,1783252800,1757.37,1760.0,C-ETH-1760-060726,P-ETH-1760-060726,17.87676972,20.246616,38.12338572,12.0093333333332,0.0,12.0093333333332,0.01,0.01,0.0001,12.0093333333332,0.0216934315027569,0.6849877547199865,0.04855773804803609,0.6364300166719504,2026-07-05 12:00:00+00:00,2026-07-05 17:30:00+05:30,2026-07-06 12:00:00+00:00,settlement,True
ETH,1783425600,2026-07-07 12:00:00+00:00,1783339200,1740.07,1740.0,C-ETH-1740-070726,P-ETH-1740-070726,21.23216727,20.88744868,42.11961595,39.222555555555,0.0,39.222555555555,0.01,0.01,0.0001,39.222555555555,0.0242057020407224,0.068781738130853,0.04629953772073746,0.022482200410115546,2026-07-06 12:00:00+00:00,2026-07-06 17:30:00+05:30,2026-07-07 12:00:00+00:00,settlement,True
ETH,1783512000,2026-07-08 12:00:00+00:00,1783425600,1782.79,1780.0,C-ETH-1780-080726,P-ETH-1780-080726,19.5822743,16.56327964,36.14555394,0.0,36.661583333333,36.661583333333,0.01,0.01,0.0001,36.661583333333,0.0202747120748938,-0.0142764278613515,0.05008023195873036,-0.06435665982008186,2026-07-07 12:00:00+00:00,2026-07-07 17:30:00+05:30,2026-07-08 12:00:00+00:00,settlement,False
ETH,1783598400,2026-07-09 12:00:00+00:00,1783512000,1746.57,1740.0,C-ETH-1740-090726,P-ETH-1740-090726,24.69966006,17.91008248,42.60974254,3.235361111112,0.0,3.235361111112,0.01,0.01,0.0001,3.235361111112,0.0243962409408154,0.9240699211436258,0.04614724292750914,0.8779226782161167,2026-07-08 12:00:00+00:00,2026-07-08 17:30:00+05:30,2026-07-09 12:00:00+00:00,settlement,True
ETH,1783684800,2026-07-10 12:00:00+00:00,1783598400,1741.16,1740.0,C-ETH-1740-100726,P-ETH-1740-100726,19.92993343,18.53003397,38.4599674,57.918000000002,0.0,57.918000000002,0.01,0.01,0.0001,57.918000000002,0.022088703737738,-0.5059295136064522,0.04816838836738068,-0.5540979019738329,2026-07-09 12:00:00+00:00,2026-07-09 17:30:00+05:30,2026-07-10 12:00:00+00:00,settlement,False
ETH,1783771200,2026-07-11 12:00:00+00:00,1783684800,1799.96,1800.0,C-ETH-1800-110726,P-ETH-1800-110726,16.1611072,15.93986337,32.10097057,0.0,0.0673055555528,0.0673055555528,0.01,0.01,0.0001,0.0673055555528,0.0178342688559745,0.9979033171160344,0.053265901339256606,0.9446374157767778,2026-07-10 12:00:00+00:00,2026-07-10 17:30:00+05:30,2026-07-11 12:00:00+00:00,settlement,True
ETH,1783857600,2026-07-12 12:00:00+00:00,1783771200,1801.22,1800.0,C-ETH-1800-120726,P-ETH-1800-120726,9.33562892,7.96715971,17.30278863,4.5567499999995,0.0,4.5567499999995,0.01,0.01,0.0001,4.5567499999995,0.0096061495153284,0.7366464968485545,0.0759351919150156,0.6607113049335389,2026-07-11 12:00:00+00:00,2026-07-11 17:30:00+05:30,2026-07-12 12:00:00+00:00,settlement,True
ETH,1783944000,2026-07-13 12:00:00+00:00,1783857600,1803.13,1800.0,C-ETH-1800-130726,P-ETH-1800-130726,19.34663759,15.9603308,35.30696839,0.0,17.6410833333327,17.6410833333327,0.01,0.01,0.0001,17.6410833333327,0.0195809333714152,0.5003512298629076,0.05090508176740122,0.44944614809550637,2026-07-12 12:00:00+00:00,2026-07-12 17:30:00+05:30,2026-07-13 12:00:00+00:00,settlement,True
ETH,1784030400,2026-07-14 12:00:00+00:00,1783944000,1780.14,1780.0,C-ETH-1780-140726,P-ETH-1780-140726,18.75259534,18.40251879,37.15511413,18.9411111111121,0.0,18.9411111111121,0.01,0.01,0.0001,18.9411111111121,0.0208720180042019,0.4902152353821312,0.04941400885649762,0.4408012265256336,2026-07-13 12:00:00+00:00,2026-07-13 17:30:00+05:30,2026-07-14 12:00:00+00:00,settlement,True
ETH,1784116800,2026-07-15 12:00:00+00:00,1784030400,1797.61,1800.0,C-ETH-1800-150726,P-ETH-1800-150726,18.47324109,20.62548945,39.09873054,81.9301944444442,0.0,81.9301944444442,0.01,0.01,0.0001,81.9301944444442,0.0217503966600096,-1.0954694260629618,0.04850075366339502,-1.1439701797263568,2026-07-14 12:00:00+00:00,2026-07-14 17:30:00+05:30,2026-07-15 12:00:00+00:00,settlement,False
ETH,1784203200,2026-07-16 12:00:00+00:00,1784116800,1883.04,1880.0,C-ETH-1880-160726,P-ETH-1880-160726,20.17242022,16.79787442,36.97029464,4.7773611111102,0.0,4.7773611111102,0.01,0.01,0.0001,4.7773611111102,0.0196333028719517,0.8707783868743816,0.05084078432846377,0.8199376025459179,2026-07-15 12:00:00+00:00,2026-07-15 17:30:00+05:30,2026-07-16 12:00:00+00:00,settlement,True
ETH,1784289600,2026-07-17 12:00:00+00:00,1784203200,1881.82,1880.0,C-ETH-1880-170726,P-ETH-1880-170726,21.57901337,19.46070576,41.03971913,0.0,40.002750000001,40.002750000001,0.01,0.01,0.0001,40.002750000001,0.0218085253265455,0.0252674519217401,0.048442912252552726,-0.023175460330812626,2026-07-16 12:00:00+00:00,2026-07-16 17:30:00+05:30,2026-07-17 12:00:00+00:00,settlement,True
ETH,1784376000,2026-07-18 12:00:00+00:00,1784289600,1837.67,1840.0,C-ETH-1840-180726,P-ETH-1840-180726,17.45886364,19.52412135,36.982984990000006,5.2283888888887,0.0,5.2283888888887,0.01,0.01,0.0001,5.2283888888887,0.0201249326538497,0.8586271797611137,0.05025349463366829,0.8083736851274455,2026-07-17 12:00:00+00:00,2026-07-17 17:30:00+05:30,2026-07-18 12:00:00+00:00,settlement,True
ETH,1784462400,2026-07-19 12:00:00+00:00,1784376000,1847.89,1840.0,C-ETH-1840-190726,P-ETH-1840-190726,14.06972259,5.93717696,20.00689955,34.184416666666,0.0,34.184416666666,0.01,0.01,0.0001,34.184416666666,0.0108268888029049,-0.7086313939465949,0.07039516464908727,-0.7790265585956822,2026-07-18 12:00:00+00:00,2026-07-18 17:30:00+05:30,2026-07-19 12:00:00+00:00,settlement,False
ETH,1784548800,2026-07-20 12:00:00+00:00,1784462400,1869.13,1860.0,C-ETH-1860-200726,P-ETH-1860-200726,22.42165338,13.05216752,35.4738209,29.3613888888892,0.0,29.3613888888892,0.01,0.01,0.0001,29.3613888888892,0.0189787874037653,0.1723082503106058,0.05166987129147963,0.12063837901912616,2026-07-19 12:00:00+00:00,2026-07-19 17:30:00+05:30,2026-07-20 12:00:00+00:00,settlement,True
ETH,1784635200,2026-07-21 12:00:00+00:00,1784548800,1882.67,1880.0,C-ETH-1880-210726,P-ETH-1880-210726,21.36653836,18.6346764,40.00121476,54.1428611111103,0.0,54.1428611111103,0.01,0.01,0.0001,54.1428611111103,0.0212470665384799,-0.3535304224123594,0.04901483135778649,-0.4025452537701459,2026-07-20 12:00:00+00:00,2026-07-20 17:30:00+05:30,2026-07-21 12:00:00+00:00,settlement,False
ETH,1784721600,2026-07-22 12:00:00+00:00,1784635200,1933.54,1940.0,C-ETH-1940-220726,P-ETH-1940-220726,17.21198325,23.39222736,40.60421061,0.0,13.0758888888874,13.0758888888874,0.01,0.01,0.0001,13.0758888888874,0.0209999330812913,0.6779671691076523,0.0492762620991636,0.6286909070084887,2026-07-21 12:00:00+00:00,2026-07-21 17:30:00+05:30,2026-07-22 12:00:00+00:00,settlement,True
ETH,1784808000,2026-07-23 12:00:00+00:00,1784721600,1924.63,1920.0,C-ETH-1920-230726,P-ETH-1920-230726,20.51618433,15.62786027,36.1440446,5.9435277777782,0.0,5.9435277777782,0.01,0.01,0.0001,5.9435277777782,0.0187797366766599,0.835559970015691,0.05193347274920085,0.7836264972664901,2026-07-22 12:00:00+00:00,2026-07-22 17:30:00+05:30,2026-07-23 12:00:00+00:00,settlement,True
ETH,1784894400,2026-07-24 12:00:00+00:00,1784808000,1926.78,1920.0,C-ETH-1920-240726,P-ETH-1920-240726,21.5722265,14.52795179,36.10017829,0.0,39.5207499999992,39.5207499999992,0.01,0.01,0.0001,39.5207499999992,0.0187360146410072,-0.0947522109869112,0.05199212378105958,-0.14674433476797077,2026-07-23 12:00:00+00:00,2026-07-23 17:30:00+05:30,2026-07-24 12:00:00+00:00,settlement,False
ETH,1784980800,2026-07-25 12:00:00+00:00,1784894400,1882.27,1880.0,C-ETH-1880-250726,P-ETH-1880-250726,17.0906544,14.60294279,31.69359719,0.0,21.5072222222232,21.5072222222232,0.01,0.01,0.0001,21.5072222222232,0.0168379654300392,0.3214016669269343,0.054831890311280884,0.2665697766156534,2026-07-24 12:00:00+00:00,2026-07-24 17:30:00+05:30,2026-07-25 12:00:00+00:00,settlement,True
ETH,1785067200,2026-07-26 12:00:00+00:00,1784980800,1858.5,1860.0,C-ETH-1860-260726,P-ETH-1860-260726,7.47400493,8.71313933,16.18714426,26.5926388888909,0.0,26.5926388888909,0.01,0.01,0.0001,26.5926388888909,0.0087097897551789,-0.6428246058573707,0.08099189363547439,-0.7238164994928451,2026-07-25 12:00:00+00:00,2026-07-25 17:30:00+05:30,2026-07-26 12:00:00+00:00,settlement,False
ETH,1785153600,2026-07-27 12:00:00+00:00,1785067200,1888.34,1880.0,C-ETH-1880-270726,P-ETH-1880-270726,19.17026547,10.65077026,29.82103573,80.1960555555568,0.0,80.1960555555568,0.01,0.01,0.0001,80.1960555555568,0.0157921961775951,-1.6892444743251982,0.05668817987644053,-1.7459326542016387,2026-07-26 12:00:00+00:00,2026-07-26 17:30:00+05:30,2026-07-27 12:00:00+00:00,settlement,False
ETH,1785240000,2026-07-28 12:00:00+00:00,1785153600,1963.8,1960.0,C-ETH-1960-280726,P-ETH-1960-280726,20.62037484,16.54987315,37.17024799,0.0,84.0125277777768,84.0125277777768,0.01,0.01,0.0001,84.0125277777768,0.018927715648233,-1.2602089660628275,0.051736976483163895,-1.3119459425459914,2026-07-27 12:00:00+00:00,2026-07-27 17:30:00+05:30,2026-07-28 12:00:00+00:00,settlement,False
ETH,1785326400,2026-07-29 12:00:00+00:00,1785240000,1877.44,1880.0,C-ETH-1880-290726,P-ETH-1880-290726,17.21111945,19.45497756,36.66609701,33.1722777777775,0.0,33.1722777777775,0.01,0.01,0.0001,33.1722777777775,0.0195298369108999,0.0952874594552462,0.05096814856946238,0.04431931088578383,2026-07-28 12:00:00+00:00,2026-07-28 17:30:00+05:30,2026-07-29 12:00:00+00:00,settlement,True
ETH,1785412800,2026-07-30 12:00:00+00:00,1785326400,1912.73,1920.0,C-ETH-1920-300726,P-ETH-1920-300726,20.51947824,27.60096652,48.12044476,2.0456111111118,0.0,2.0456111111118,0.01,0.01,0.0001,2.0456111111118,0.0251579913317614,0.9574897713162408,0.04556143424074205,0.9119283370754987,2026-07-29 12:00:00+00:00,2026-07-29 17:30:00+05:30,2026-07-30 12:00:00+00:00,settlement,True
ETH,1785499200,2026-07-31 12:00:00+00:00,1785412800,1924.89,1920.0,C-ETH-1920-310726,P-ETH-1920-310726,22.05510851,16.8535749,38.90868341,0.0,36.1192499999997,36.1192499999997,0.01,0.01,0.0001,36.1192499999997,0.0202134581248798,0.0716917964200089,0.05015077932157663,0.021541017098432272,2026-07-30 12:00:00+00:00,2026-07-30 17:30:00+05:30,2026-07-31 12:00:00+00:00,settlement,True
ETH,1785585600,2026-08-01 12:00:00+00:00,1785499200,1881.52,1880.0,C-ETH-1880-010826,P-ETH-1880-010826,18.10691256,16.37658125,34.48349381,0.0,13.2730277777814,13.2730277777814,0.01,0.01,0.0001,13.2730277777814,0.0183274659902631,0.6150904009055977,0.052553696678567505,0.5625367042270303,2026-07-31 12:00:00+00:00,2026-07-31 17:30:00+05:30,2026-08-01 12:00:00+00:00,settlement,True
ETH,1785672000,2026-08-02 12:00:00+00:00,1785585600,1868.35,1860.0,C-ETH-1860-020826,P-ETH-1860-020826,13.77375559,5.17066749,18.94442308,0.0,1.3431388888878,1.3431388888878,0.01,0.01,0.0001,1.3431388888878,0.010139654283191,0.9291010930649148,0.07334991056080235,0.8557511825041125,2026-08-01 12:00:00+00:00,2026-08-01 17:30:00+05:30,2026-08-02 12:00:00+00:00,settlement,True
ETH,1785758400,2026-08-03 12:00:00+00:00,1785672000,1854.3,1860.0,C-ETH-1860-030826,P-ETH-1860-030826,14.07112447,19.55832158,33.62944605,0.0,16.2717500000035,16.2717500000035,0.01,0.01,0.0001,16.2717500000035,0.01813592517392,0.5161457617883212,0.05282569185049066,0.4633200699378305,2026-08-02 12:00:00+00:00,2026-08-02 17:30:00+05:30,2026-08-03 12:00:00+00:00,settlement,True
ETH,1785844800,2026-08-04 12:00:00+00:00,1785758400,1838.82,1840.0,C-ETH-1840-040826,P-ETH-1840-040826,17.8569071,18.87680374,36.73371084,30.582472222221,0.0,30.582472222221,0.01,0.01,0.0001,30.582472222221,0.0199767844813521,0.1674548657654485,0.05042742614761651,0.11702743961783199,2026-08-03 12:00:00+00:00,2026-08-03 17:30:00+05:30,2026-08-04 12:00:00+00:00,settlement,True
ETH,1785931200,2026-08-05 12:00:00+00:00,1785844800,1870.96,1880.0,C-ETH-1880-050826,P-ETH-1880-050826,12.60390505,21.36476397,33.96866902,0.0,10.9445833333348,10.9445833333348,0.01,0.01,0.0001,10.9445833333348,0.0181557430516953,0.6778035863904215,0.05279728354031341,0.625006302850108,2026-08-04 12:00:00+00:00,2026-08-04 17:30:00+05:30,2026-08-05 12:00:00+00:00,settlement,True
ETH,1786017600,2026-08-06 12:00:00+00:00,1785931200,1869.37,1860.0,C-ETH-1860-060826,P-ETH-1860-060826,20.32208623,10.70151061,31.02359684,47.820888888888,0.0,47.820888888888,0.01,0.01,0.0001,47.820888888888,0.0165957498194578,-0.5414359958169183,0.0552410168347198,-0.5966770126516381,2026-08-05 12:00:00+00:00,2026-08-05 17:30:00+05:30,2026-08-06 12:00:00+00:00,settlement,False
ETH,1786104000,2026-08-07 12:00:00+00:00,1786017600,1904.8,1900.0,C-ETH-1900-070826,P-ETH-1900-070826,19.07246833,14.07792646,33.15039479,16.1145555555556,0.0,16.1145555555556,0.01,0.01,0.0001,16.1145555555556,0.0174036091925661,0.5138955159467167,0.05392081125112899,0.45997470469558766,2026-08-06 12:00:00+00:00,2026-08-06 17:30:00+05:30,2026-08-07 12:00:00+00:00,settlement,True
ETH,1786190400,2026-08-08 12:00:00+00:00,1786104000,1919.3,1920.0,C-ETH-1920-080826,P-ETH-1920-080826,16.40349003,16.84801271,33.25150274,0.0,0.0050277777757,0.0050277777757,0.01,0.01,0.0001,0.0050277777757,0.0173248073464283,0.999848795472042,0.0540441701983662,0.9458046252736758,2026-08-07 12:00:00+00:00,2026-08-07 17:30:00+05:30,2026-08-08 12:00:00+00:00,settlement,True
ETH,1786276800,2026-08-09 12:00:00+00:00,1786190400,1920.84,1920.0,C-ETH-1920-090826,P-ETH-1920-090826,8.39315815,7.32465416,15.71781231,0.2692499999985,0.0,0.2692499999985,0.01,0.01,0.0001,0.2692499999985,0.0081827806116074,0.982869753456262,0.08448210372528618,0.8983876497309758,2026-08-08 12:00:00+00:00,2026-08-08 17:30:00+05:30,2026-08-09 12:00:00+00:00,settlement,True
ETH,1786363200,2026-08-10 12:00:00+00:00,1786276800,1917.3,1920.0,C-ETH-1920-100826,P-ETH-1920-100826,11.91876811,14.33856862,26.25733673,0.0,0.795305555557,0.795305555557,0.01,0.01,0.0001,0.795305555557,0.0136949547436499,0.9697111110797336,0.06126524715379997,0.9084458639259336,2026-08-09 12:00:00+00:00,2026-08-09 17:30:00+05:30,2026-08-10 12:00:00+00:00,settlement,True
ETH,1786449600,2026-08-11 12:00:00+00:00,1786363200,1923.31,1920.0,C-ETH-1920-110826,P-ETH-1920-110826,15.6687618,12.08509946,27.75386126,0.0,27.3438611111103,27.3438611111103,0.01,0.01,0.0001,27.3438611111103,0.0144302589078203,0.0147727245967252,0.05950904583314185,-0.04473632123641665,2026-08-10 12:00:00+00:00,2026-08-10 17:30:00+05:30,2026-08-11 12:00:00+00:00,settlement,True
ETH,1786536000,2026-08-12 12:00:00+00:00,1786449600,1893.88,1900.0,C-ETH-1900-120826,P-ETH-1900-120826,10.45773259,16.32519389,26.78292648,14.0123611111107,0.0,14.0123611111107,0.01,0.01,0.0001,14.0123611111107,0.014141828669187,0.476817400011371,0.06017616450045231,0.4166412355109187,2026-08-11 12:00:00+00:00,2026-08-11 17:30:00+05:30,2026-08-12 12:00:00+00:00,settlement,True
ETH,1786622400,2026-08-13 12:00:00+00:00,1786536000,1916.86,1920.0,C-ETH-1920-130826,P-ETH-1920-130826,16.70730821,19.59251641,36.29982462,0.0,41.2336111111126,41.2336111111126,0.01,0.01,0.0001,41.2336111111126,0.0189371287522302,-0.1359176398994017,0.051724581026804974,-0.18764222092620667,2026-08-12 12:00:00+00:00,2026-08-12 17:30:00+05:30,2026-08-13 12:00:00+00:00,settlement,False
ETH,1786708800,2026-08-14 12:00:00+00:00,1786622400,1879.62,1880.0,C-ETH-1880-140826,P-ETH-1880-140826,14.4072839,14.45191332,28.85919722,0.0,0.9860833333314,0.9860833333314,0.01,0.01,0.0001,0.9860833333314,0.0153537402347282,0.9658312278815564,0.057541695038736775,0.9082895328428197,2026-08-13 12:00:00+00:00,2026-08-13 17:30:00+05:30,2026-08-14 12:00:00+00:00,settlement,True
ETH,1786795200,2026-08-15 12:00:00+00:00,1786708800,1877.19,1880.0,C-ETH-1880-150826,P-ETH-1880-150826,10.92031904,13.47782457,24.39814361,0.0,0.2152222222228,0.2152222222228,0.01,0.01,0.0001,0.2152222222228,0.0129971625727816,0.9911787459872732,0.0631156186865317,0.9280631273007415,2026-08-14 12:00:00+00:00,2026-08-14 17:30:00+05:30,2026-08-15 12:00:00+00:00,settlement,True
ETH,1786881600,2026-08-16 12:00:00+00:00,1786795200,1878.84,1880.0,C-ETH-1880-160826,P-ETH-1880-160826,6.6901086,7.6191222,14.3092308,0.5268055555575,0.0,0.5268055555575,0.01,0.01,0.0001,0.5268055555575,0.0076159922079581,0.9631842156353017,0.08877485332335265,0.874409362311949,2026-08-15 12:00:00+00:00,2026-08-15 17:30:00+05:30,2026-08-16 12:00:00+00:00,settlement,True
ETH,1786968000,2026-08-17 12:00:00+00:00,1786881600,1880.5,1880.0,C-ETH-1880-170826,P-ETH-1880-170826,10.42303376,9.66389871,20.08693247,26.0537777777774,0.0,26.0537777777774,0.01,0.01,0.0001,26.0537777777774,0.0106816976708322,-0.2970510961138008,0.07098773256322896,-0.36803882867702975,2026-08-16 12:00:00+00:00,2026-08-16 17:30:00+05:30,2026-08-17 12:00:00+00:00,settlement,False
ETH,1787054400,2026-08-18 12:00:00+00:00,1786968000,1904.36,1900.0,C-ETH-1900-180826,P-ETH-1900-180826,15.11123093,10.4874163,25.59864723,4.0676388888917,0.0,4.0676388888917,0.01,0.01,0.0001,4.0676388888917,0.0134421260843537,0.841099459188426,0.061913492987496425,0.7791859662009296,2026-08-17 12:00:00+00:00,2026-08-17 17:30:00+05:30,2026-08-18 12:00:00+00:00,settlement,True
ETH,1787140800,2026-08-19 12:00:00+00:00,1787054400,1903.04,1900.0,C-ETH-1900-190826,P-ETH-1900-190826,13.5438566,10.2508028,23.7946594,22.977055555558,0.0,22.977055555558,0.01,0.01,0.0001,22.977055555558,0.0125034993484109,0.0343608131008591,0.06454943212677378,-0.030188619025914673,2026-08-18 12:00:00+00:00,2026-08-18 17:30:00+05:30,2026-08-19 12:00:00+00:00,settlement,True
ETH,1787227200,2026-08-20 12:00:00+00:00,1787140800,1922.96,1920.0,C-ETH-1920-200826,P-ETH-1920-200826,14.56500897,11.34126787,25.90627684,387.245805555555,0.0,387.245805555555,0.01,0.01,0.0001,387.245805555555,0.01347208305945,-13.94795288212303,0.06183541344847297,-14.009788295571502,2026-08-19 12:00:00+00:00,2026-08-19 17:30:00+05:30,2026-08-20 12:00:00+00:00,settlement,False
ETH,1787313600,2026-08-21 12:00:00+00:00,1787227200,2289.37,2280.0,C-ETH-2280-210826,P-ETH-2280-210826,41.15892071,31.12489864,72.28381935,93.158388888889,0.0,93.158388888889,0.01,0.01,0.0001,93.158388888889,0.0315736728226542,-0.2887862003778995,0.04174916358483761,-0.3305353639627371,2026-08-20 12:00:00+00:00,2026-08-20 17:30:00+05:30,2026-08-21 12:00:00+00:00,settlement,False
ETH,1787400000,2026-08-22 12:00:00+00:00,1787313600,2370.25,2380.0,C-ETH-2380-220826,P-ETH-2380-220826,31.50392809,40.83284699,72.33677508,41.610027777778,0.0,41.610027777778,0.01,0.01,0.0001,41.610027777778,0.0305186267608901,0.424773530036971,0.042265964563152326,0.38250756547381864,2026-08-21 12:00:00+00:00,2026-08-21 17:30:00+05:30,2026-08-22 12:00:00+00:00,settlement,True
ETH,1787486400,2026-08-23 12:00:00+00:00,1787400000,2423.11,2420.0,C-ETH-2420-230826,P-ETH-2420-230826,28.27885374,24.8801719,53.15902564,11.5870277777763,0.0,11.5870277777763,0.01,0.01,0.0001,11.5870277777763,0.0219383460263875,0.7820308472874353,0.04831483978930205,0.7337160074981333,2026-08-22 12:00:00+00:00,2026-08-22 17:30:00+05:30,2026-08-23 12:00:00+00:00,settlement,True
ETH,1787572800,2026-08-24 12:00:00+00:00,1787486400,2427.35,2420.0,C-ETH-2420-240826,P-ETH-2420-240826,34.16850207,26.51463519,60.68313726,71.617388888888,0.0,71.617388888888,0.01,0.01,0.0001,71.617388888888,0.0249997475683358,-0.1801859976691653,0.04568019063831769,-0.22586618830748298,2026-08-23 12:00:00+00:00,2026-08-23 17:30:00+05:30,2026-08-24 12:00:00+00:00,settlement,False
