underlying,expiry,obs_ts,strike,spot,atm_iv,rv_forward,rv_trailing,vrp_vol_points
BTC,2024-01-06 12:00:00+00:00,1704456000,43800.0,43852.8,0.2984708576220306,0.42116312412751084,0.9479227258152904,-0.12269226650548021
BTC,2024-01-09 12:00:00+00:00,1704715200,45000.0,44964.5,0.29846588724680984,0.6157434124690336,0.47503054348582535,-0.3172775252222238
BTC,2024-01-10 12:00:00+00:00,1704801600,46800.0,46733.5,0.30317433636072094,0.9303500269476224,0.6157434124690336,-0.6271756905869015
BTC,2024-01-11 12:00:00+00:00,1704888000,45600.0,45621.7,0.29928391610877547,0.9186080059214625,0.9303500269476224,-0.619324089812687
BTC,2024-01-12 12:00:00+00:00,1704974400,47200.0,47117.1,0.2987931041975786,0.7533257059665154,0.9186080059214625,-0.4545326017689368
BTC,2024-01-13 12:00:00+00:00,1705060800,46000.0,45987.1,0.5890830919819887,0.7939037882073364,0.7533257059665154,-0.2048206962253477
BTC,2024-01-14 12:00:00+00:00,1705147200,42600.0,42687.3,0.2995830522185009,0.36344439831930414,0.7939037882073364,-0.06386134610080324
BTC,2024-01-15 12:00:00+00:00,1705233600,42800.0,42847.2,0.2989614869085177,0.46592695106541093,0.36344439831930414,-0.16696546415689323
BTC,2024-01-16 12:00:00+00:00,1705320000,42600.0,42642.0,0.5145293893431356,0.41115355577126794,0.46592695106541093,0.10337583357186769
BTC,2024-01-17 12:00:00+00:00,1705406400,43000.0,42932.8,0.5229638535787853,0.48884094617211304,0.41115355577126794,0.03412290740667223
BTC,2024-01-18 12:00:00+00:00,1705492800,42600.0,42645.0,0.4672474564093243,0.3390488567135749,0.48884094617211304,0.12819859969574943
BTC,2024-01-19 12:00:00+00:00,1705579200,42500.0,42509.3,0.4478972041499335,0.5352762087370838,0.3390488567135749,-0.08737900458715031
BTC,2024-01-20 12:00:00+00:00,1705665600,41400.0,41451.7,0.4621756434212718,0.48348285243977523,0.5352762087370838,-0.021307209018503415
BTC,2024-01-21 12:00:00+00:00,1705752000,41600.0,41595.7,0.29954878731188433,0.1793152087453001,0.48348285243977523,0.12023357856658423
BTC,2024-01-22 12:00:00+00:00,1705838400,41800.0,41726.5,0.31684579032221843,0.3739498663820486,0.1793152087453001,-0.057104076059830144
BTC,2024-01-23 12:00:00+00:00,1705924800,40800.0,40800.9,0.4792122632853108,0.5998367723137392,0.3739498663820486,-0.12062450902842842
BTC,2024-01-24 12:00:00+00:00,1706011200,39000.0,38966.0,0.598149402753095,0.5619978152353046,0.5998367723137392,0.03615158751779046
BTC,2024-01-25 12:00:00+00:00,1706097600,40200.0,40230.8,0.4421415918254501,0.35760721410973667,0.5619978152353046,0.08453437771571343
BTC,2024-01-26 12:00:00+00:00,1706184000,40200.0,40205.4,0.44029466418838603,0.3975293190864613,0.35760721410973667,0.04276534510192476
BTC,2024-01-27 12:00:00+00:00,1706270400,41200.0,41211.8,0.44929574443262577,0.392206435658843,0.3975293190864613,0.057089308773782765
BTC,2024-01-28 12:00:00+00:00,1706356800,41800.0,41725.3,0.29898551395393486,0.2828074074930543,0.392206435658843,0.01617810646088058
BTC,2024-01-29 12:00:00+00:00,1706443200,42400.0,42431.9,0.3147330764303868,0.319483823996618,0.2828074074930543,-0.004750747566231228
BTC,2024-01-30 12:00:00+00:00,1706529600,42200.0,42294.5,0.3922691445534954,0.389105724732902,0.319483823996618,0.0031634198205933717
BTC,2024-01-31 12:00:00+00:00,1706616000,43600.0,43559.6,0.4010650449903529,0.39831302444848404,0.389105724732902,0.0027520205418688493
BTC,2024-02-01 12:00:00+00:00,1706702400,42600.0,42580.8,0.47580734071102343,0.4828526923699512,0.39831302444848404,-0.007045351658927779
BTC,2024-02-02 12:00:00+00:00,1706788800,42000.0,42091.3,0.45117733951463596,0.3587952275704318,0.4828526923699512,0.09238211194420415
BTC,2024-02-03 12:00:00+00:00,1706875200,43000.0,43098.2,0.37004230802577587,0.29695672076209206,0.3587952275704318,0.0730855872636838
BTC,2024-02-04 12:00:00+00:00,1706961600,43000.0,42987.1,0.29943144376905867,0.18771286924706365,0.29695672076209206,0.11171857452199502
BTC,2024-02-05 12:00:00+00:00,1707048000,43000.0,43053.5,0.3001969592231216,0.2751762851975732,0.18771286924706365,0.025020674025548417
BTC,2024-02-06 12:00:00+00:00,1707134400,43200.0,43185.0,0.349470195504582,0.34533711324996125,0.2751762851975732,0.004133082254620779
BTC,2024-02-07 12:00:00+00:00,1707220800,42800.0,42891.3,0.34444650609206434,0.2815168067417114,0.34533711324996125,0.06292969935035292
BTC,2024-02-08 12:00:00+00:00,1707307200,43000.0,42916.9,0.308212069431529,0.38196664171403233,0.2815168067417114,-0.07375457228250332
BTC,2024-02-09 12:00:00+00:00,1707393600,44800.0,44728.8,0.43012325710131477,0.4248911723009288,0.38196664171403233,0.00523208480038595
BTC,2024-02-10 12:00:00+00:00,1707480000,47200.0,47199.9,0.5030696339762154,0.4544997447020114,0.4248911723009288,0.048569889274204026
BTC,2024-02-11 12:00:00+00:00,1707566400,47200.0,47191.6,0.29889354800627294,0.3269943928926641,0.4544997447020114,-0.02810084488639114
BTC,2024-02-12 12:00:00+00:00,1707652800,48400.0,48417.8,0.385227517252677,0.3586590062062396,0.3269943928926641,0.026568511046437426
BTC,2024-02-13 12:00:00+00:00,1707739200,47800.0,47877.9,0.4230278110624713,0.4621263872224857,0.3586590062062396,-0.03909857616001444
BTC,2024-02-14 12:00:00+00:00,1707825600,50000.0,49917.5,0.5269357252152922,0.6341502467001625,0.4621263872224857,-0.10721452148487032
BTC,2024-02-15 12:00:00+00:00,1707912000,51600.0,51682.7,0.5702372398580731,0.4544386304896521,0.6341502467001625,0.11579860936842096
BTC,2024-02-16 12:00:00+00:00,1707998400,52500.0,52463.4,0.5468939104685258,0.4724800279753012,0.4544386304896521,0.07441388249322456
BTC,2024-02-17 12:00:00+00:00,1708084800,52200.0,52132.2,0.45662842830045336,0.3306990039099118,0.4724800279753012,0.12592942439054156
BTC,2024-02-18 12:00:00+00:00,1708171200,51600.0,51669.4,0.29939741998526626,0.3595970235825395,0.3306990039099118,-0.06019960359727322
BTC,2024-02-19 12:00:00+00:00,1708257600,51800.0,51809.4,0.3827727615036499,0.34420854633952125,0.3595970235825395,0.03856421516412867
BTC,2024-02-20 12:00:00+00:00,1708344000,52200.0,52253.5,0.4209678581405245,0.34856336446996494,0.34420854633952125,0.07240449367055957
BTC,2024-02-21 12:00:00+00:00,1708430400,52400.0,52343.7,0.48519851246500295,0.48796008768582927,0.34856336446996494,-0.002761575220826318
BTC,2024-02-22 12:00:00+00:00,1708516800,51000.0,50955.9,0.544360556027492,0.4220894444371936,0.48796008768582927,0.12227111159029841
BTC,2024-02-23 12:00:00+00:00,1708603200,51500.0,51586.3,0.5367318065097268,0.40269467752152427,0.4220894444371936,0.13403712898820258
BTC,2024-02-24 12:00:00+00:00,1708689600,51200.0,51153.7,0.4496120154330808,0.2673214826245308,0.40269467752152427,0.18229053280855
BTC,2024-02-25 12:00:00+00:00,1708776000,51000.0,51096.4,0.299530937165294,0.21093904180219739,0.2673214826245308,0.08859189536309661
BTC,2024-02-26 12:00:00+00:00,1708862400,51600.0,51642.8,0.3160184238806658,0.23863201532155448,0.21093904180219739,0.07738640855911133
BTC,2024-02-27 12:00:00+00:00,1708948800,51000.0,51084.5,0.45352855978597617,0.7128154039297553,0.23863201532155448,-0.2592868441437791
BTC,2024-02-28 12:00:00+00:00,1709035200,56600.0,56525.3,0.615459441275114,0.6258295208440635,0.7128154039297553,-0.01037007956894953
BTC,2024-02-29 12:00:00+00:00,1709121600,57400.0,59032.3,0.7352470425891915,1.1912809261033972,0.6258295208440635,-0.4560338835142057
BTC,2024-03-01 12:00:00+00:00,1709208000,63000.0,62833.6,0.9089038146514548,0.7516798644967659,1.1912809261033972,0.15722395015468882
BTC,2024-03-02 12:00:00+00:00,1709294400,62000.0,61905.2,0.6193991302177317,0.5172776075916625,0.7516798644967659,0.10212152262606922
BTC,2024-03-03 12:00:00+00:00,1709380800,61800.0,61855.2,0.3255040489163034,0.3013591135768359,0.5172776075916625,0.024144935339467488
BTC,2024-03-04 12:00:00+00:00,1709467200,61800.0,61869.6,0.4538484851723583,0.5742772176392851,0.3013591135768359,-0.12042873246692676
BTC,2024-03-05 12:00:00+00:00,1709553600,65000.0,65069.0,0.7803072194727911,0.928609757125888,0.5742772176392851,-0.14830253765309687
BTC,2024-03-06 12:00:00+00:00,1709640000,66600.0,66694.4,0.7888675044574696,1.326257383549812,0.928609757125888,-0.5373898790923424
BTC,2024-03-07 12:00:00+00:00,1709726400,67600.0,67500.1,0.9669029846056603,0.8315863976299122,1.326257383549812,0.1353165869757481
BTC,2024-03-08 12:00:00+00:00,1709812800,67000.0,67053.0,0.7693032501620338,0.5431122424770042,0.8315863976299122,0.22619100768502964
BTC,2024-03-09 12:00:00+00:00,1709899200,67600.0,67657.8,0.6258538191268344,0.8277397451341927,0.5431122424770042,-0.20188592600735833
BTC,2024-03-10 12:00:00+00:00,1709985600,68200.0,68282.7,0.307141436217284,0.33035040733335713,0.8277397451341927,-0.023208971116073118
BTC,2024-03-11 12:00:00+00:00,1710072000,69600.0,69626.7,0.6378407853649755,0.5796998212781957,0.33035040733335713,0.05814096408677971
BTC,2024-03-12 12:00:00+00:00,1710158400,71600.0,71614.3,0.9211881546344917,0.5105258005139385,0.5796998212781957,0.4106623541205532
BTC,2024-03-13 12:00:00+00:00,1710244800,72200.0,72105.4,0.7806423685932284,0.6269508010715592,0.5105258005139385,0.15369156752166924
BTC,2024-03-14 12:00:00+00:00,1710331200,73200.0,73121.0,0.7090293318145933,0.507469693927933,0.6269508010715592,0.20155963788666031
BTC,2024-03-15 12:00:00+00:00,1710417600,68500.0,72933.4,0.8855350840201179,1.1711085188592936,0.507469693927933,-0.28557343483917563
BTC,2024-03-16 12:00:00+00:00,1710504000,67600.0,67779.3,0.8468358538725689,0.7074831823192441,1.1711085188592936,0.13935267155332476
BTC,2024-03-17 12:00:00+00:00,1710590400,68000.0,68086.6,0.5105623809808246,0.7858963236281377,0.7074831823192441,-0.27533394264731303
BTC,2024-03-18 12:00:00+00:00,1710676800,67200.0,67124.5,0.7182150884954538,0.5824820827914772,0.7858963236281377,0.13573300570397662
BTC,2024-03-19 12:00:00+00:00,1710763200,68200.0,68284.1,0.749585266678618,0.9045178764973384,0.5824820827914772,-0.15493260981872037
BTC,2024-03-20 12:00:00+00:00,1710849600,63200.0,63146.7,0.9116812210786747,1.0153731576536997,0.9045178764973384,-0.10369193657502507
BTC,2024-03-21 12:00:00+00:00,1710936000,63200.0,63202.9,0.812629252486502,0.9394040551222174,1.0153731576536997,-0.1267748026357154
BTC,2024-03-22 12:00:00+00:00,1711022400,67000.0,67184.7,0.7310465095002143,0.7067185423562502,0.9394040551222174,0.024327967143964124
BTC,2024-03-23 12:00:00+00:00,1711108800,64000.0,63958.0,0.7322306980678353,0.6897155555962688,0.7067185423562502,0.0425151424715664
BTC,2024-03-24 12:00:00+00:00,1711195200,64600.0,64580.4,0.3722982962775019,0.47960318354177417,0.6897155555962688,-0.10730488726427229
BTC,2024-03-25 12:00:00+00:00,1711281600,65400.0,65461.1,0.5407055785345987,0.5774007040599258,0.47960318354177417,-0.036695125525327166
BTC,2024-03-27 12:00:00+00:00,1711454400,70600.0,70598.1,0.6316071804380616,0.5400511868367859,0.6282573073921556,0.09155599360127575
BTC,2024-03-28 12:00:00+00:00,1711540800,70400.0,70327.1,0.6108198599392873,0.6446241794355478,0.5400511868367859,-0.033804319496260504
BTC,2024-03-29 12:00:00+00:00,1711627200,71000.0,70788.2,0.6030104422334885,0.43317486354254864,0.6446241794355478,0.1698355786909399
BTC,2024-03-30 12:00:00+00:00,1711713600,70200.0,70261.8,0.45262427359922613,0.3346515396961742,0.43317486354254864,0.11797273390305191
BTC,2024-03-31 12:00:00+00:00,1711800000,70200.0,70178.0,0.29980705401241353,0.22389680045053442,0.3346515396961742,0.07591025356187911
BTC,2024-04-01 12:00:00+00:00,1711886400,70400.0,70430.5,0.33764120240529805,0.4084542460154968,0.22389680045053442,-0.07081304361019874
BTC,2024-04-02 12:00:00+00:00,1711972800,69400.0,69465.0,0.5496771500817719,0.6841477666828291,0.4084542460154968,-0.1344706166010572
BTC,2024-04-03 12:00:00+00:00,1712059200,65600.0,65597.2,0.7334539421665585,0.5862635863573007,0.6841477666828291,0.14719035580925777
BTC,2024-04-04 12:00:00+00:00,1712145600,66000.0,65972.0,0.6425950084165455,0.44806423656470157,0.5862635863573007,0.19453077185184392
BTC,2024-04-05 12:00:00+00:00,1712232000,66500.0,66381.8,0.48774209610893343,0.6403367274266202,0.44806423656470157,-0.15259463131768675
BTC,2024-04-06 12:00:00+00:00,1712318400,66400.0,66307.7,0.6623419821538525,0.5253196637922867,0.6403367274266202,0.13702231836156586
BTC,2024-04-07 12:00:00+00:00,1712404800,67600.0,67692.3,0.2998324907605212,0.3576090783362086,0.5253196637922867,-0.05777658757568738
BTC,2024-04-08 12:00:00+00:00,1712491200,69400.0,69364.3,0.4596049111954246,0.4954429905747585,0.3576090783362086,-0.035838079379333865
BTC,2024-04-09 12:00:00+00:00,1712577600,72400.0,72458.7,0.7216911295336675,0.47539718578396006,0.4954429905747585,0.24629394374970748
BTC,2024-04-10 12:00:00+00:00,1712664000,70800.0,70869.5,0.5636372230797142,0.5157275574146871,0.47539718578396006,0.04790966566502708
BTC,2024-04-11 12:00:00+00:00,1712750400,69000.0,69008.3,0.6929710928019303,0.5381825583146609,0.5157275574146871,0.15478853448726937
BTC,2024-04-12 12:00:00+00:00,1712836800,70000.0,70083.0,0.5380902648158612,0.45235602703080924,0.5381825583146609,0.08573423778505196
BTC,2024-04-13 12:00:00+00:00,1712923200,70800.0,70866.1,0.4550740400921113,0.7693638278093011,0.45235602703080924,-0.31428978771718985
BTC,2024-04-14 12:00:00+00:00,1713009600,67400.0,67419.2,0.3004731298390302,1.3424662585548226,0.7693638278093011,-1.0419931287157924
BTC,2024-04-15 12:00:00+00:00,1713096000,64400.0,64300.9,0.7583367120410844,0.8240658539371866,1.3424662585548226,-0.06572914189610213
BTC,2024-04-16 12:00:00+00:00,1713182400,66000.0,65967.3,0.7245400657305842,0.8083876115180793,0.8240658539371866,-0.08384754578749509
BTC,2024-04-17 12:00:00+00:00,1713268800,62800.0,62896.7,0.850903903393721,0.6460430972214083,0.8083876115180793,0.20486080617231273
BTC,2024-04-18 12:00:00+00:00,1713355200,62800.0,62741.1,0.6482623632027393,0.8000885915374558,0.6460430972214083,-0.15182622833471648
BTC,2024-04-19 12:00:00+00:00,1713441600,62600.0,62585.0,0.7148940580013023,0.9193317014394445,0.8000885915374558,-0.2044376434381422
BTC,2024-04-20 12:00:00+00:00,1713528000,65000.0,65061.2,0.7497329323260573,0.7004256457325874,0.9193317014394445,0.049307286593469946
BTC,2024-04-21 12:00:00+00:00,1713614400,63800.0,63790.0,0.36477177981765513,0.4076077422191826,0.7004256457325874,-0.04283596240152748
BTC,2024-04-22 12:00:00+00:00,1713700800,65200.0,65272.0,0.48981664521986634,0.44991189970603734,0.4076077422191826,0.039904745513829
BTC,2024-04-23 12:00:00+00:00,1713787200,66000.0,65925.4,0.5492308123077843,0.3629956401350674,0.44991189970603734,0.18623517217271685
BTC,2024-04-24 12:00:00+00:00,1713873600,66000.0,66081.2,0.5019668326926101,0.34975861052172025,0.3629956401350674,0.15220822217088986
BTC,2024-04-25 12:00:00+00:00,1713960000,66600.0,66609.0,0.4705696400584664,0.5168761381751938,0.34975861052172025,-0.046306498116727435
BTC,2024-04-26 12:00:00+00:00,1714046400,64000.0,63756.8,0.5401395278258825,0.47473793946282256,0.5168761381751938,0.06540158836305993
BTC,2024-04-27 12:00:00+00:00,1714132800,64400.0,64305.4,0.4294347048294817,0.43352777524498043,0.47473793946282256,-0.004093070415498723
BTC,2024-04-28 12:00:00+00:00,1714219200,62800.0,62867.1,0.29988654669239256,0.3377011148749082,0.43352777524498043,-0.03781456818251566
BTC,2024-04-29 12:00:00+00:00,1714305600,63600.0,63533.2,0.32963284971132883,0.34878979115696207,0.3377011148749082,-0.019156941445633235
BTC,2024-04-30 12:00:00+00:00,1714392000,62400.0,62328.3,0.43733249950722014,0.5233352046408022,0.34878979115696207,-0.08600270513358205
BTC,2024-05-01 12:00:00+00:00,1714478400,61200.0,61243.4,0.5799961138052971,0.7843591903996466,0.5233352046408022,-0.2043630765943495
BTC,2024-05-02 12:00:00+00:00,1714564800,57800.0,57797.6,0.7854667332848034,0.7500080984111093,0.7843591903996466,0.03545863487369416
BTC,2024-05-03 12:00:00+00:00,1714651200,58600.0,58507.0,0.6158945177619386,0.5264224146875572,0.7500080984111093,0.08947210307438136
BTC,2024-05-04 12:00:00+00:00,1714737600,59200.0,59208.0,0.49429692906027456,0.569426429386565,0.5264224146875572,-0.0751295003262904
BTC,2024-05-05 12:00:00+00:00,1714824000,63800.0,63860.8,0.37313202926382,0.3975481252875614,0.569426429386565,-0.024416096023741396
BTC,2024-05-06 12:00:00+00:00,1714910400,63800.0,63839.7,0.3918379646304253,0.4268396789137323,0.3975481252875614,-0.035001714283307006
BTC,2024-05-07 12:00:00+00:00,1714996800,64200.0,64288.2,0.5736861037201423,0.5083239725267137,0.4268396789137323,0.0653621311934286
BTC,2024-05-08 12:00:00+00:00,1715083200,63600.0,63519.6,0.4935172493501297,0.4653781260057738,0.5083239725267137,0.02813912334435592
BTC,2024-05-09 12:00:00+00:00,1715169600,62400.0,62354.5,0.40230506975335156,0.4211080155333498,0.4653781260057738,-0.018802945779998248
BTC,2024-05-10 12:00:00+00:00,1715256000,61000.0,61162.4,0.4817159397558171,0.44454421919950377,0.4211080155333498,0.03717172055631335
BTC,2024-05-11 12:00:00+00:00,1715342400,63400.0,63450.2,0.39360448257136266,0.44445340003611095,0.44454421919950377,-0.05084891746474829
BTC,2024-05-12 12:00:00+00:00,1715428800,60800.0,60724.2,0.29902704357692267,0.28153094092477504,0.44445340003611095,0.017496102652147627
BTC,2024-05-13 12:00:00+00:00,1715515200,61200.0,61132.8,0.38429925658877795,0.38270712641348925,0.28153094092477504,0.0015921301752886974
BTC,2024-05-14 12:00:00+00:00,1715601600,62800.0,62800.0,0.5040616896712785,0.4132068249205334,0.38270712641348925,0.09085486475074511
BTC,2024-05-15 12:00:00+00:00,1715688000,61800.0,61761.2,0.4821786413586371,0.4400511025632339,0.4132068249205334,0.04212753879540321
BTC,2024-05-16 12:00:00+00:00,1715774400,62400.0,62456.0,0.7527019223329083,0.5537408130529536,0.4400511025632339,0.1989611092799547
BTC,2024-05-17 12:00:00+00:00,1715860800,66500.0,66452.0,0.533348837353673,0.4351745247722524,0.5537408130529536,0.09817431258142062
BTC,2024-05-18 12:00:00+00:00,1715947200,66200.0,66222.0,0.4814559474700564,0.3327650053973362,0.4351745247722524,0.14869094207272016
BTC,2024-05-19 12:00:00+00:00,1716033600,67200.0,67134.6,0.29927919595123487,0.25543703906697446,0.3327650053973362,0.04384215688426041
BTC,2024-05-20 12:00:00+00:00,1716120000,67200.0,67245.9,0.30803928582887674,0.3362917797786584,0.25543703906697446,-0.028252493949781632
BTC,2024-05-21 12:00:00+00:00,1716206400,67000.0,67062.7,0.4325641582922988,0.6133384737378669,0.3362917797786584,-0.1807743154455681
BTC,2024-05-22 12:00:00+00:00,1716292800,71000.0,71077.3,0.5039900387217193,0.45423890135563927,0.6133384737378669,0.049751137366080056
BTC,2024-05-23 12:00:00+00:00,1716379200,69800.0,69870.0,0.5057734704392456,0.3931543254890538,0.45423890135563927,0.11261914495019176
BTC,2024-05-24 12:00:00+00:00,1716465600,70000.0,69989.6,0.6684351588651302,0.5400785513922872,0.3931543254890538,0.12835660747284294
BTC,2024-05-25 12:00:00+00:00,1716552000,67400.0,67388.0,0.3995502995497795,0.33679289175171717,0.5400785513922872,0.06275740779806233
BTC,2024-05-26 12:00:00+00:00,1716638400,69000.0,69076.7,0.29865601051997115,0.2135784153643883,0.33679289175171717,0.08507759515558286
BTC,2024-05-27 12:00:00+00:00,1716724800,69200.0,69109.7,0.29910993937014535,0.27418960169199985,0.2135784153643883,0.0249203376781455
BTC,2024-05-28 12:00:00+00:00,1716811200,68400.0,68429.2,0.3253023612062367,0.44365152398550584,0.27418960169199985,-0.11834916277926916
BTC,2024-05-29 12:00:00+00:00,1716897600,68200.0,68289.1,0.47333947792836345,0.4082016513869389,0.44365152398550584,0.06513782654142453
BTC,2024-05-30 12:00:00+00:00,1716984000,67800.0,67784.0,0.39710599142571223,0.3817547119614072,0.4082016513869389,0.015351279464305034
BTC,2024-05-31 12:00:00+00:00,1717070400,68000.0,67922.0,0.4276746799973268,0.3526507521261889,0.3817547119614072,0.07502392787113787
BTC,2024-06-01 12:00:00+00:00,1717156800,68400.0,68402.6,0.45187266858200204,0.38292401921336844,0.3526507521261889,0.0689486493686336
BTC,2024-06-02 12:00:00+00:00,1717243200,67600.0,67659.3,0.3001575799151437,0.1787833512525671,0.38292401921336844,0.12137422866257658
BTC,2024-06-03 12:00:00+00:00,1717329600,68000.0,68072.0,0.29999570442820367,0.31632329715966445,0.1787833512525671,-0.016327592731460783
BTC,2024-06-04 12:00:00+00:00,1717416000,69200.0,69117.3,0.41523484449612297,0.3918248713634004,0.31632329715966445,0.023409973132722584
BTC,2024-06-05 12:00:00+00:00,1717502400,69000.0,68999.9,0.32147612971996414,0.39956795677867774,0.3918248713634004,-0.07809182705871359
BTC,2024-06-06 12:00:00+00:00,1717588800,71000.0,70902.7,0.4512492115419566,0.3353154463035571,0.39956795677867774,0.11593376523839949
BTC,2024-06-07 12:00:00+00:00,1717675200,71200.0,71198.4,0.40459734728113717,0.2920107560812911,0.3353154463035571,0.11258659119984604
BTC,2024-06-08 12:00:00+00:00,1717761600,71800.0,71899.4,0.5855641256969337,0.41588744450903486,0.2920107560812911,0.16967668118789886
BTC,2024-06-09 12:00:00+00:00,1717848000,69400.0,69317.7,0.3002591533049618,0.11060316824779894,0.41588744450903486,0.18965598505716286
BTC,2024-06-10 12:00:00+00:00,1717934400,69400.0,69380.7,0.2994650647598656,0.18906377933440324,0.11060316824779894,0.11040128542546238
BTC,2024-06-11 12:00:00+00:00,1718020800,69400.0,69399.5,0.32997091329658285,0.4627200001539962,0.18906377933440324,-0.13274908685741338
BTC,2024-06-12 12:00:00+00:00,1718107200,66800.0,66849.6,0.5405059692537995,0.3816911614686083,0.4627200001539962,0.15881480778519114
BTC,2024-06-13 12:00:00+00:00,1718193600,67800.0,67788.5,0.6225538488632916,0.629083929090722,0.3816911614686083,-0.0065300802274304015
BTC,2024-06-14 12:00:00+00:00,1718280000,67800.0,67812.7,0.481622793077561,0.3871431642556747,0.629083929090722,0.09447962882188632
BTC,2024-06-15 12:00:00+00:00,1718366400,67000.0,67037.0,0.35530865509213616,0.3760974022858691,0.3871431642556747,-0.020788747193732915
BTC,2024-06-16 12:00:00+00:00,1718452800,66400.0,66317.4,0.299281224431553,0.1569772019696807,0.3760974022858691,0.14230402246187226
BTC,2024-06-17 12:00:00+00:00,1718539200,66600.0,66520.5,0.2972127642903782,0.27981010941447193,0.1569772019696807,0.017402654875906254
BTC,2024-06-18 12:00:00+00:00,1718625600,65800.0,65811.1,0.3945262317912493,0.49194526760007273,0.27981010941447193,-0.09741903580882344
BTC,2024-06-19 12:00:00+00:00,1718712000,65200.0,65257.4,0.42905430621716584,0.5014398987990903,0.49194526760007273,-0.07238559258192451
BTC,2024-06-20 12:00:00+00:00,1718798400,65200.0,65260.6,0.3826886723197934,0.2877792831414557,0.5014398987990903,0.09490938917833774
BTC,2024-06-21 12:00:00+00:00,1718884800,66200.0,66149.3,0.4166026490765266,0.403365240473547,0.2877792831414557,0.013237408602979617
BTC,2024-06-22 12:00:00+00:00,1718971200,63800.0,63864.8,0.3979175860044244,0.35620920032956027,0.403365240473547,0.041708385674864124
BTC,2024-06-23 12:00:00+00:00,1719057600,64200.0,64278.3,0.2994583872437816,0.12203944962964706,0.35620920032956027,0.17741893761413452
BTC,2024-06-24 12:00:00+00:00,1719144000,64400.0,64345.4,0.2994858787017721,0.4820079566954763,0.12203944962964706,-0.18252207799370418
BTC,2024-06-25 12:00:00+00:00,1719230400,61200.0,61232.4,0.48922409162763475,0.5605127312365766,0.4820079566954763,-0.07128863960894188
BTC,2024-06-26 12:00:00+00:00,1719316800,61200.0,61149.7,0.4473199770636303,0.40252202522674563,0.5605127312365766,0.044797951836884675
BTC,2024-06-27 12:00:00+00:00,1719403200,61600.0,61517.1,0.3775584779590827,0.379733484940677,0.40252202522674563,-0.002175006981594285
BTC,2024-06-28 12:00:00+00:00,1719489600,61500.0,61265.4,0.4535387966285518,0.36489647104634226,0.379733484940677,0.08864232558220952
BTC,2024-06-29 12:00:00+00:00,1719576000,61800.0,61715.1,0.35996885835926773,0.3297574177226885,0.36489647104634226,0.030211440636579212
BTC,2024-06-30 12:00:00+00:00,1719662400,61000.0,61094.0,0.2995506250912603,0.239336220591114,0.3297574177226885,0.060214404500146285
BTC,2024-07-01 12:00:00+00:00,1719748800,61600.0,61599.8,0.2994985442347122,0.33938166356778054,0.239336220591114,-0.03988311933306832
BTC,2024-07-02 12:00:00+00:00,1719835200,62800.0,62707.8,0.3628131989254132,0.29770370794294265,0.33938166356778054,0.06510949098247054
BTC,2024-07-03 12:00:00+00:00,1719921600,62800.0,62801.7,0.3188328843885818,0.4122149166206967,0.29770370794294265,-0.09338203223211489
BTC,2024-07-04 12:00:00+00:00,1720008000,60200.0,60280.8,0.4265282455596631,0.5412050899592256,0.4122149166206967,-0.11467684439956244
BTC,2024-07-05 12:00:00+00:00,1720094400,58000.0,57719.3,0.5366642306741363,0.9493354946334754,0.5412050899592256,-0.4126712639593392
BTC,2024-07-06 12:00:00+00:00,1720180800,55400.0,55332.3,0.6385908883849095,0.561379851903265,0.9493354946334754,0.07721103648164451
BTC,2024-07-07 12:00:00+00:00,1720267200,56800.0,56723.2,0.29887171700480203,0.37767936344689207,0.561379851903265,-0.07880764644209004
BTC,2024-07-08 12:00:00+00:00,1720353600,57400.0,57429.1,0.4578939771585575,0.6748857402388598,0.37767936344689207,-0.21699176308030232
BTC,2024-07-09 12:00:00+00:00,1720440000,57200.0,57109.7,0.5840334707701579,0.7444971239168195,0.6748857402388598,-0.16046365314666167
BTC,2024-07-10 12:00:00+00:00,1720526400,57400.0,57433.6,0.6008795024683729,0.5242367693568121,0.7444971239168195,0.07664273311156078
BTC,2024-07-11 12:00:00+00:00,1720612800,58400.0,58443.2,0.5113146277310932,0.45031738665853843,0.5242367693568121,0.06099724107255472
BTC,2024-07-12 12:00:00+00:00,1720699200,58600.0,58614.6,0.6075924871087852,0.5364994363832284,0.45031738665853843,0.07109305072555683
BTC,2024-07-13 12:00:00+00:00,1720785600,57200.0,57291.2,0.4533971267467857,0.37523876683250007,0.5364994363832284,0.0781583599142856
BTC,2024-07-14 12:00:00+00:00,1720872000,58600.0,58514.8,0.2999925801268677,0.4321223717668366,0.37523876683250007,-0.1321297916399689
BTC,2024-07-15 12:00:00+00:00,1720958400,60000.0,60097.5,0.4563905210900627,0.4916374520246352,0.4321223717668366,-0.03524693093457254
BTC,2024-07-16 12:00:00+00:00,1721044800,62600.0,62552.6,0.4819511878121906,0.5786971714006318,0.4916374520246352,-0.09674598358844122
BTC,2024-07-17 12:00:00+00:00,1721131200,63800.0,63801.7,0.54851607787344,0.5402386779635759,0.5786971714006318,0.008277399909864092
BTC,2024-07-18 12:00:00+00:00,1721217600,64800.0,64828.0,0.5190569202332299,0.4666205613753616,0.5402386779635759,0.05243635885786829
BTC,2024-07-19 12:00:00+00:00,1721304000,64800.0,64816.9,0.47239688519009826,0.4364497053982653,0.4666205613753616,0.035947179791832984
BTC,2024-07-20 12:00:00+00:00,1721390400,64200.0,64144.0,0.4062959252648266,0.42720257409591716,0.4364497053982653,-0.020906648831090557
BTC,2024-07-21 12:00:00+00:00,1721476800,66600.0,66526.5,0.29939306042057895,0.30207871042810674,0.42720257409591716,-0.0026856500075277956
BTC,2024-07-22 12:00:00+00:00,1721563200,67000.0,66947.0,0.4122785084171759,0.5114331680208374,0.30207871042810674,-0.09915465960366149
BTC,2024-07-23 12:00:00+00:00,1721649600,67400.0,67434.5,0.4964052174679022,0.43188701203839885,0.5114331680208374,0.06451820542950337
BTC,2024-07-24 12:00:00+00:00,1721736000,66800.0,66749.0,0.508129946991702,0.4191580562008414,0.43188701203839885,0.0889718907908606
BTC,2024-07-25 12:00:00+00:00,1721822400,66400.0,66447.5,0.3740153771274119,0.5254035006794218,0.4191580562008414,-0.15138812355200987
BTC,2024-07-26 12:00:00+00:00,1721908800,64000.0,64136.1,0.4647617538482097,0.4803081963311455,0.5254035006794218,-0.015546442482935796
BTC,2024-07-27 12:00:00+00:00,1721995200,67400.0,67352.0,0.5258806415128463,0.3483365473878926,0.4803081963311455,0.1775440941249537
BTC,2024-07-28 12:00:00+00:00,1722081600,68400.0,68360.7,0.6800496078021885,0.6275513338013482,0.3483365473878926,0.052498274000840284
BTC,2024-07-29 12:00:00+00:00,1722168000,67800.0,67769.8,0.3818524698617762,0.3577473077129329,0.6275513338013482,0.024105162148843284
BTC,2024-07-30 12:00:00+00:00,1722254400,69600.0,69600.9,0.47894807961694125,0.5065722599735847,0.3577473077129329,-0.027624180356643435
BTC,2024-07-31 12:00:00+00:00,1722340800,66400.0,66459.5,0.4255449843721417,0.4185569998865897,0.5065722599735847,0.006987984485552046
BTC,2024-08-01 12:00:00+00:00,1722427200,66200.0,66105.0,0.49085932310208186,0.4982914375294588,0.4185569998865897,-0.007432114427376957
BTC,2024-08-02 12:00:00+00:00,1722513600,64500.0,64725.1,0.4749170802838871,0.5761814139588906,0.4982914375294588,-0.10126433367500343
BTC,2024-08-03 12:00:00+00:00,1722600000,64800.0,64714.6,0.44936934895726854,0.6713529977226083,0.5761814139588906,-0.22198364876533971
BTC,2024-08-04 12:00:00+00:00,1722686400,61800.0,61854.6,0.3613163941070582,0.49835658718234177,0.6713529977226083,-0.1370401930752836
BTC,2024-08-05 12:00:00+00:00,1722772800,61000.0,60930.0,0.4993528822927971,1.8175279620654132,0.49835658718234177,-1.3181750797726162
BTC,2024-08-06 12:00:00+00:00,1722859200,52400.0,51295.6,1.0817141009566003,1.6061386071950476,1.8175279620654132,-0.5244245062384474
BTC,2024-08-07 12:00:00+00:00,1722945600,55200.0,55173.5,0.8817214912915292,0.8137258549872354,1.6061386071950476,0.06799563630429384
BTC,2024-08-08 12:00:00+00:00,1723032000,56800.0,56919.3,0.6648445948536137,0.7603248025183773,0.8137258549872354,-0.09548020766476362
BTC,2024-08-09 12:00:00+00:00,1723118400,57500.0,57338.0,0.6639608817042226,0.8476179405677999,0.7603248025183773,-0.1836570588635773
BTC,2024-08-10 12:00:00+00:00,1723204800,60600.0,60638.3,0.7386856812137215,0.6904194899361541,0.8476179405677999,0.04826619127756737
BTC,2024-08-11 12:00:00+00:00,1723291200,60800.0,60896.2,0.32078967290296934,0.3475047454815645,0.6904194899361541,-0.026715072578595178
BTC,2024-08-12 12:00:00+00:00,1723377600,60600.0,60602.4,0.4365544161262126,0.6412283939120641,0.3475047454815645,-0.2046739777858515
BTC,2024-08-13 12:00:00+00:00,1723464000,59800.0,59743.1,0.5905974566391283,0.7717787916496865,0.6412283939120641,-0.18118133501055822
BTC,2024-08-14 12:00:00+00:00,1723550400,59000.0,58910.9,0.6261357866584831,0.49888486268815385,0.7717787916496865,0.12725092397032928
BTC,2024-08-15 12:00:00+00:00,1723636800,61200.0,61265.7,0.7042624005570186,0.58546726379726,0.49888486268815385,0.11879513675975861
BTC,2024-08-16 12:00:00+00:00,1723723200,58500.0,58679.7,0.5589976947850882,0.6404154494407184,0.58546726379726,-0.08141775465563017
BTC,2024-08-17 12:00:00+00:00,1723809600,58400.0,58475.0,0.5713249290924561,0.498620830580195,0.6404154494407184,0.07270409851226112
BTC,2024-08-18 12:00:00+00:00,1723896000,59200.0,59159.0,0.29946891461243935,0.2818964966050676,0.498620830580195,0.01757241800737175
BTC,2024-08-19 12:00:00+00:00,1723982400,60000.0,60015.7,0.42331657106918497,0.3843294970197159,0.2818964966050676,0.03898707404946905
BTC,2024-08-20 12:00:00+00:00,1724068800,58400.0,58395.3,0.4980134237958191,0.5077967040715216,0.3843294970197159,-0.009783280275702466
BTC,2024-08-21 12:00:00+00:00,1724155200,60600.0,60595.8,0.44418347326838914,0.4337763940411857,0.5077967040715216,0.010407079227203464
BTC,2024-08-22 12:00:00+00:00,1724241600,59400.0,59389.4,0.5009652808400498,0.5535176673997926,0.4337763940411857,-0.052552386559742814
BTC,2024-08-23 12:00:00+00:00,1724328000,61200.0,61286.8,0.5362963087855486,0.4021182755904402,0.5535176673997926,0.13417803319510835
BTC,2024-08-24 12:00:00+00:00,1724414400,60800.0,60828.9,0.5114821826646123,0.6005291693632253,0.4021182755904402,-0.089046986698613
BTC,2024-08-25 12:00:00+00:00,1724500800,64000.0,64031.6,0.30878563987638075,0.28491626483734983,0.6005291693632253,0.023869375039030916
BTC,2024-08-26 12:00:00+00:00,1724587200,64000.0,63912.7,0.3751309178669475,0.30269647273509026,0.28491626483734983,0.07243444513185726
BTC,2024-08-27 12:00:00+00:00,1724673600,63800.0,63892.4,0.41454441140805504,0.38716040395344553,0.30269647273509026,0.027384007454609505
BTC,2024-08-28 12:00:00+00:00,1724760000,62400.0,62321.4,0.38699085665055677,0.7651386848685351,0.38716040395344553,-0.3781478282179783
BTC,2024-08-29 12:00:00+00:00,1724846400,59800.0,59895.0,0.5369953113744188,0.6707082400779816,0.7651386848685351,-0.13371292870356277
BTC,2024-08-30 12:00:00+00:00,1724932800,60000.0,60150.0,0.5722490421745732,0.4983185046082553,0.6707082400779816,0.0739305375663179
BTC,2024-08-31 12:00:00+00:00,1725019200,59400.0,59410.9,0.4772668138009162,0.4407303391227891,0.4983185046082553,0.036536474678127095
BTC,2024-09-01 12:00:00+00:00,1725105600,59200.0,59106.5,0.24650980019148777,0.29382153314137666,0.4407303391227891,-0.047311732949888885
BTC,2024-09-02 12:00:00+00:00,1725192000,58200.0,58181.3,0.3647479998976672,0.48776726291850875,0.29382153314137666,-0.12301926302084154
BTC,2024-09-03 12:00:00+00:00,1725278400,58400.0,58475.3,0.44936125540847394,0.3838007546811807,0.48776726291850875,0.06556050072729325
BTC,2024-09-04 12:00:00+00:00,1725364800,59200.0,59108.8,0.40974764854964374,0.6964109641132624,0.3838007546811807,-0.2866633155636187
BTC,2024-09-05 12:00:00+00:00,1725451200,56600.0,56626.1,0.5550949725397896,0.5275433385302308,0.6964109641132624,0.027551634009558734
BTC,2024-09-06 12:00:00+00:00,1725537600,56600.0,56647.3,0.5688783408152136,0.6026693362790465,0.5275433385302308,-0.03379099546383291
BTC,2024-09-07 12:00:00+00:00,1725624000,56000.0,56078.2,0.7087452744305378,0.6786718204783948,0.6026693362790465,0.030073453952143003
BTC,2024-09-08 12:00:00+00:00,1725710400,54400.0,54418.0,0.28418533640454857,0.2878153004540877,0.6786718204783948,-0.003629964049539136
BTC,2024-09-09 12:00:00+00:00,1725796800,54600.0,54525.1,0.39900539943816177,0.48444560454832286,0.2878153004540877,-0.0854402051101611
BTC,2024-09-10 12:00:00+00:00,1725883200,55200.0,55257.4,0.5382865817951431,0.49970397615750145,0.48444560454832286,0.038582605637641654
BTC,2024-09-11 12:00:00+00:00,1725969600,57200.0,57250.7,0.6267970033217792,0.5340791338497846,0.49970397615750145,0.09271786947199467
BTC,2024-09-12 12:00:00+00:00,1726056000,56600.0,56696.4,0.649100874480918,0.5465611834516979,0.5340791338497846,0.10253969102922011
BTC,2024-09-13 12:00:00+00:00,1726142400,58000.0,58060.2,0.5010908885147904,0.41066461850784697,0.5465611834516979,0.09042627000694348
BTC,2024-09-14 12:00:00+00:00,1726228800,58000.0,57902.2,0.4330216074702218,0.41678940215689136,0.41066461850784697,0.016232205313330417
BTC,2024-09-15 12:00:00+00:00,1726315200,59600.0,59654.0,0.2719802178201237,0.1980492852246175,0.41678940215689136,0.0739309325955062
BTC,2024-09-16 12:00:00+00:00,1726401600,60000.0,59962.0,0.3604100503728303,0.3985154653803201,0.1980492852246175,-0.03810541500748982
BTC,2024-09-17 12:00:00+00:00,1726488000,58800.0,58717.7,0.44695079382764424,0.43733552063979647,0.3985154653803201,0.009615273187847773
BTC,2024-09-18 12:00:00+00:00,1726574400,59200.0,59147.0,0.4901149990992111,0.5398204386626058,0.43733552063979647,-0.04970543956339468
BTC,2024-09-19 12:00:00+00:00,1726660800,59800.0,59890.2,0.7411950876254478,0.5762420909180174,0.5398204386626058,0.16495299670743047
BTC,2024-09-20 12:00:00+00:00,1726747200,62600.0,62766.0,0.5487577378761006,0.46323720202268354,0.5762420909180174,0.08552053585341707
BTC,2024-09-21 12:00:00+00:00,1726833600,63400.0,63440.0,0.4574036597164952,0.3578999642582955,0.46323720202268354,0.0995036954581997
BTC,2024-09-22 12:00:00+00:00,1726920000,63000.0,63070.0,0.24839223094525295,0.21074866160096298,0.3578999642582955,0.03764356934428997
BTC,2024-09-23 12:00:00+00:00,1727006400,62800.0,62839.3,0.36287085511062833,0.4038363640065861,0.21074866160096298,-0.04096550889595779
BTC,2024-09-24 12:00:00+00:00,1727092800,63400.0,63456.8,0.4474025738543648,0.3862060212025022,0.4038363640065861,0.061196552651862635
BTC,2024-09-25 12:00:00+00:00,1727179200,63600.0,63530.1,0.4007188864375068,0.4224920286890241,0.3862060212025022,-0.021773142251517275
BTC,2024-09-26 12:00:00+00:00,1727265600,63800.0,63785.8,0.4210535840710585,0.3555311594467146,0.4224920286890241,0.06552242462434388
BTC,2024-09-27 12:00:00+00:00,1727352000,64000.0,64421.2,0.5497327776775306,0.4266261223256734,0.3555311594467146,0.12310665535185722
BTC,2024-09-28 12:00:00+00:00,1727438400,65400.0,65486.2,0.403480670266664,0.27530897094839457,0.4266261223256734,0.12817169931826944
BTC,2024-09-29 12:00:00+00:00,1727524800,65800.0,65715.2,0.1780350504547128,0.18715220576649252,0.27530897094839457,-0.009117155311779729
BTC,2024-09-30 12:00:00+00:00,1727611200,65800.0,65742.2,0.2664279269328923,0.33084775361952823,0.18715220576649252,-0.06441982668663593
BTC,2024-10-01 12:00:00+00:00,1727697600,63800.0,63841.1,0.4323943386304804,0.3487845427082571,0.33084775361952823,0.08360979592222328
BTC,2024-10-02 12:00:00+00:00,1727784000,63800.0,63762.8,0.34955281754263706,0.5887236636965407,0.3487845427082571,-0.23917084615390366
BTC,2024-10-03 12:00:00+00:00,1727870400,61200.0,61134.1,0.4803662009428513,0.6133678204799398,0.5887236636965407,-0.13300161953708844
BTC,2024-10-04 12:00:00+00:00,1727956800,60500.0,60550.7,0.5190186337267777,0.4208919054097069,0.6133678204799398,0.09812672831707081
BTC,2024-10-05 12:00:00+00:00,1728043200,61400.0,61459.4,0.5171059870235586,0.3599837775971941,0.4208919054097069,0.1571222094263645
BTC,2024-10-06 12:00:00+00:00,1728129600,62200.0,62235.3,0.1966847450867426,0.1625395967184857,0.3599837775971941,0.03414514836825691
BTC,2024-10-07 12:00:00+00:00,1728216000,62000.0,62097.3,0.3072936786873325,0.3361306779626882,0.1625395967184857,-0.028836999275355713
BTC,2024-10-08 12:00:00+00:00,1728302400,63000.0,63012.8,0.4062589864341465,0.4559932422218118,0.3361306779626882,-0.04973425578766533
BTC,2024-10-09 12:00:00+00:00,1728388800,62600.0,62609.4,0.388644126025803,0.37762575000793874,0.4559932422218118,0.011018376017864262
BTC,2024-10-10 12:00:00+00:00,1728475200,62200.0,62122.3,0.36462687616886535,0.36727342734033397,0.37762575000793874,-0.002646551171468614
BTC,2024-10-11 12:00:00+00:00,1728561600,61200.0,61239.8,0.418281243769704,0.43464911375280546,0.36727342734033397,-0.01636786998310147
BTC,2024-10-12 12:00:00+00:00,1728648000,61200.0,61180.2,0.34014659551169746,0.37232460774012327,0.43464911375280546,-0.03217801222842581
BTC,2024-10-13 12:00:00+00:00,1728734400,62800.0,62823.5,0.20074846432864393,0.23222614904382827,0.37232460774012327,-0.031477684715184334
BTC,2024-10-14 12:00:00+00:00,1728820800,62600.0,62609.6,0.29919522845655266,0.3799092699197084,0.23222614904382827,-0.08071404146315575
BTC,2024-10-15 12:00:00+00:00,1728907200,64800.0,64871.3,0.42053679237608765,0.409201388943849,0.3799092699197084,0.011335403432238655
BTC,2024-10-16 12:00:00+00:00,1728993600,65400.0,65474.8,0.4116425758175438,0.6194845713537501,0.409201388943849,-0.2078419955362063
BTC,2024-10-17 12:00:00+00:00,1729080000,68000.0,67956.8,0.5250335540036719,0.4228043491737645,0.6194845713537501,0.10222920482990738
BTC,2024-10-18 12:00:00+00:00,1729166400,67000.0,66929.4,0.42646804197802235,0.35550450085009533,0.4228043491737645,0.07096354112792702
BTC,2024-10-19 12:00:00+00:00,1729252800,67800.0,67752.2,0.3893381544559924,0.31050308663406234,0.35550450085009533,0.07883506782193006
BTC,2024-10-20 12:00:00+00:00,1729339200,68200.0,68134.7,0.17250847436352887,0.11857806843213034,0.31050308663406234,0.05393040593139853
BTC,2024-10-21 12:00:00+00:00,1729425600,68400.0,68436.7,0.2703532048941728,0.29413963322919984,0.11857806843213034,-0.023786428335027032
BTC,2024-10-22 12:00:00+00:00,1729512000,68200.0,68241.8,0.36570477522724393,0.4233010803804553,0.29413963322919984,-0.05759630515321135
BTC,2024-10-23 12:00:00+00:00,1729598400,67400.0,67375.5,0.3630600474343224,0.3680223743689514,0.4233010803804553,-0.004962326934629002
BTC,2024-10-24 12:00:00+00:00,1729684800,66400.0,66350.6,0.3710786435191636,0.37979892378956265,0.3680223743689514,-0.008720280270399061
BTC,2024-10-25 12:00:00+00:00,1729771200,67400.0,67388.6,0.33850473836184564,0.3281377466894935,0.37979892378956265,0.01036699167235211
BTC,2024-10-26 12:00:00+00:00,1729857600,68200.0,68255.8,0.3438107416381313,0.6019534978350335,0.3281377466894935,-0.2581427561969022
BTC,2024-10-27 12:00:00+00:00,1729944000,67200.0,67160.5,0.18237043643065953,0.16204580379194766,0.6019534978350335,0.02032463263871187
BTC,2024-10-28 12:00:00+00:00,1730030400,67200.0,67135.1,0.25357297771738047,0.263840153356025,0.16204580379194766,-0.010267175638644543
BTC,2024-10-29 12:00:00+00:00,1730116800,68800.0,68759.8,0.35753183841630054,0.43749619162327025,0.263840153356025,-0.07996435320696971
BTC,2024-10-30 12:00:00+00:00,1730203200,71400.0,71442.1,0.4129415011603443,0.44617195889221706,0.43749619162327025,-0.033230457731872776
BTC,2024-10-31 12:00:00+00:00,1730289600,71800.0,71815.0,0.41521453200820063,0.43221293741301897,0.44617195889221706,-0.01699840540481834
BTC,2024-11-01 12:00:00+00:00,1730376000,72200.0,72205.9,0.4272550351165875,0.47992718832335823,0.43221293741301897,-0.05267215320677071
BTC,2024-11-02 12:00:00+00:00,1730462400,70200.0,70119.1,0.49819990752585847,0.514747133335014,0.47992718832335823,-0.01654722580915552
BTC,2024-11-03 12:00:00+00:00,1730548800,69600.0,69685.1,0.17668864552494637,0.2948326445873519,0.514747133335014,-0.11814399906240555
BTC,2024-11-04 12:00:00+00:00,1730635200,68400.0,68367.9,0.40011803047858513,0.39959337951712,0.2948326445873519,0.0005246509614651451
BTC,2024-11-05 12:00:00+00:00,1730721600,68800.0,68751.5,0.5002172410427836,0.4370720611531375,0.39959337951712,0.06314517988964613
BTC,2024-11-06 12:00:00+00:00,1730808000,68800.0,68815.9,0.9357850884530763,0.7854247142038082,0.4370720611531375,0.15036037424926807
BTC,2024-11-07 12:00:00+00:00,1730894400,74400.0,74484.5,0.6886399236741894,0.52551200054079,0.7854247142038082,0.1631279231333994
BTC,2024-11-08 12:00:00+00:00,1730980800,75000.0,74914.3,0.5119322585699617,0.40716310952226215,0.52551200054079,0.10476914904769957
BTC,2024-11-09 12:00:00+00:00,1731067200,76000.0,75999.8,0.3950001573923225,0.3451413781302526,0.40716310952226215,0.04985877926206994
BTC,2024-11-10 12:00:00+00:00,1731153600,76400.0,76482.3,0.19360253401704539,0.4413737220474952,0.3451413781302526,-0.2477711880304498
BTC,2024-11-11 12:00:00+00:00,1731240000,80000.0,79949.1,0.4729865950754935,0.5376248711465561,0.4413737220474952,-0.0646382760710626
BTC,2024-11-12 12:00:00+00:00,1731326400,82200.0,82145.2,0.5293070733853558,0.964036840566511,0.5376248711465561,-0.4347297671811552
BTC,2024-11-13 12:00:00+00:00,1731412800,87200.0,87358.7,0.7958639238480911,0.8426923511523026,0.964036840566511,-0.04682842730421144
BTC,2024-11-14 12:00:00+00:00,1731499200,87600.0,87651.9,0.7088949055127529,0.9185571954118772,0.8426923511523026,-0.20966228989912428
BTC,2024-11-15 12:00:00+00:00,1731585600,91200.0,91293.7,0.6922915529503901,0.816167530477732,0.9185571954118772,-0.12387597752734192
BTC,2024-11-16 12:00:00+00:00,1731672000,89800.0,89751.1,0.7060296741349774,0.6042675662618483,0.816167530477732,0.10176210787312912
BTC,2024-11-17 12:00:00+00:00,1731758400,91200.0,91289.3,0.3158768111145957,0.3904469927399133,0.6042675662618483,-0.07457018162531759
BTC,2024-11-18 12:00:00+00:00,1731844800,90800.0,90796.0,0.5108415889512452,0.44192463993421877,0.3904469927399133,0.06891694901702644
BTC,2024-11-19 12:00:00+00:00,1731931200,90400.0,90464.4,0.6688410393360398,0.5974861655855149,0.44192463993421877,0.07135487375052485
BTC,2024-11-20 12:00:00+00:00,1732017600,92000.0,91918.1,0.6210463738142797,0.5467280633792038,0.5974861655855149,0.07431831043507597
BTC,2024-11-21 12:00:00+00:00,1732104000,93400.0,93423.3,0.5576814881243755,0.565517662807051,0.5467280633792038,-0.0078361746826755
BTC,2024-11-22 12:00:00+00:00,1732190400,98000.0,98066.0,0.8142718590161144,0.520408448642114,0.565517662807051,0.29386341037400043
BTC,2024-11-23 12:00:00+00:00,1732276800,98800.0,98828.2,0.5953687401855055,0.36021436715175226,0.520408448642114,0.2351543730337532
BTC,2024-11-24 12:00:00+00:00,1732363200,98400.0,98422.8,0.2569055517666482,0.3056456275932351,0.36021436715175226,-0.048740075826586904
BTC,2024-11-25 12:00:00+00:00,1732449600,97400.0,97316.3,0.37656959960655617,0.39857476631965216,0.3056456275932351,-0.02200516671309599
BTC,2024-11-26 12:00:00+00:00,1732536000,98200.0,98253.9,0.5324196674588233,0.6987969058117672,0.39857476631965216,-0.16637723835294393
BTC,2024-11-27 12:00:00+00:00,1732622400,92200.0,92193.5,0.6508397339823073,0.6044229121788159,0.6987969058117672,0.04641682180349138
BTC,2024-11-28 12:00:00+00:00,1732708800,93400.0,93332.9,0.5543054047566098,0.473686533652032,0.6044229121788159,0.08061887110457783
BTC,2024-11-29 12:00:00+00:00,1732795200,95500.0,95460.0,0.5208948935115623,0.356525222105245,0.473686533652032,0.16436967140631725
BTC,2024-11-30 12:00:00+00:00,1732881600,97200.0,97289.0,0.5087171576106495,0.3531894150882661,0.356525222105245,0.15552774252238338
BTC,2024-12-01 12:00:00+00:00,1732968000,96400.0,96358.7,0.24186990177259943,0.23163769889879277,0.3531894150882661,0.010232202873806662
BTC,2024-12-02 12:00:00+00:00,1733054400,97200.0,97100.8,0.35989513407356016,0.3571315162845275,0.23163769889879277,0.0027636177890326685
BTC,2024-12-03 12:00:00+00:00,1733140800,95200.0,95131.6,0.4388505946560425,0.4714375718087367,0.3571315162845275,-0.03258697715269421
BTC,2024-12-04 12:00:00+00:00,1733227200,94800.0,94835.8,0.4275629228061337,0.4630576395552549,0.4714375718087367,-0.03549471674912119
BTC,2024-12-05 12:00:00+00:00,1733313600,96200.0,96221.2,0.3592051534000125,0.7139476239967688,0.4630576395552549,-0.3547424705967563
BTC,2024-12-06 12:00:00+00:00,1733400000,103000.0,102569.7,0.6654373458042221,1.1876595461832369,0.7139476239967688,-0.5222222003790148
BTC,2024-12-07 12:00:00+00:00,1733486400,98400.0,98305.3,0.6233289048577495,0.4935947766429835,1.1876595461832369,0.129734128214766
BTC,2024-12-08 12:00:00+00:00,1733572800,99600.0,99594.9,0.26555580012082025,0.2890540775686188,0.4935947766429835,-0.023498277447798532
BTC,2024-12-09 12:00:00+00:00,1733659200,99600.0,99579.5,0.3961340088055804,0.42400376895812136,0.2890540775686188,-0.027869760152540946
BTC,2024-12-10 12:00:00+00:00,1733745600,98200.0,98233.6,0.4960497695018269,0.7681505828216836,0.42400376895812136,-0.2721008133198567
BTC,2024-12-11 12:00:00+00:00,1733832000,97800.0,97700.2,0.5229334996785546,0.6737292308170583,0.7681505828216836,-0.15079573113850364
BTC,2024-12-12 12:00:00+00:00,1733918400,98400.0,98390.7,0.5733973126090207,0.4283327578465439,0.6737292308170583,0.14506455476247682
BTC,2024-12-13 12:00:00+00:00,1734004800,100500.0,100547.7,0.5179571399333956,0.44331683977449415,0.4283327578465439,0.0746403001589015
BTC,2024-12-14 12:00:00+00:00,1734091200,100400.0,100406.4,0.4885509903157407,0.4008188525708162,0.44331683977449415,0.0877321377449245
BTC,2024-12-15 12:00:00+00:00,1734177600,101600.0,101609.0,0.21137275148346707,0.28609631940751823,0.4008188525708162,-0.07472356792405116
BTC,2024-12-16 12:00:00+00:00,1734264000,102800.0,102799.8,0.37828324580226175,0.4509998182395502,0.28609631940751823,-0.07271657243728846
BTC,2024-12-17 12:00:00+00:00,1734350400,103800.0,103872.4,0.5330098696305876,0.4533273241295647,0.4509998182395502,0.07968254550102288
BTC,2024-12-18 12:00:00+00:00,1734436800,106800.0,106810.7,0.43415688124620977,0.5288648728340626,0.4533273241295647,-0.09470799158785281
BTC,2024-12-19 12:00:00+00:00,1734523200,105200.0,105178.6,0.5004541055824954,0.7244292358878515,0.5288648728340626,-0.2239751303053561
BTC,2024-12-20 12:00:00+00:00,1734609600,102500.0,102260.4,0.49959846898137555,0.9551018319573839,0.7244292358878515,-0.4555033629760083
BTC,2024-12-21 12:00:00+00:00,1734696000,93200.0,92614.5,0.8403050676842929,0.6584385010865182,0.9551018319573839,0.18186656659777467
BTC,2024-12-22 12:00:00+00:00,1734782400,98000.0,98087.0,0.27306654555455323,0.4615776136965906,0.6584385010865182,-0.18851106814203739
BTC,2024-12-23 12:00:00+00:00,1734868800,97000.0,97085.2,0.4865543705154079,0.5693987949315945,0.4615776136965906,-0.08284442441618661
BTC,2024-12-24 12:00:00+00:00,1734955200,96000.0,96029.8,0.5993482104287394,0.5399088587631372,0.5693987949315945,0.059439351665602214
BTC,2024-12-25 12:00:00+00:00,1735041600,94400.0,94367.0,0.4321774819737715,0.5035304452046879,0.5399088587631372,-0.07135296323091644
BTC,2024-12-26 12:00:00+00:00,1735128000,97800.0,97776.5,0.439916851134512,0.4538671805051513,0.5035304452046879,-0.01395032937063928
BTC,2024-12-27 12:00:00+00:00,1735214400,96000.0,95548.9,0.5623227285802253,0.5207176671949635,0.4538671805051513,0.041605061385261766
BTC,2024-12-28 12:00:00+00:00,1735300800,96800.0,96853.6,0.5716667719542006,0.4156121896100499,0.5207176671949635,0.15605458234415065
BTC,2024-12-29 12:00:00+00:00,1735387200,94800.0,94832.0,0.22220698866130079,0.2352656163197805,0.4156121896100499,-0.013058627658479705
BTC,2024-12-30 12:00:00+00:00,1735473600,95000.0,95042.4,0.36316916453431664,0.35363220754753505,0.2352656163197805,0.009536956986781586
BTC,2024-12-31 12:00:00+00:00,1735560000,94000.0,93968.7,0.48451843754489055,0.49957191347252244,0.35363220754753505,-0.015053475927631899
BTC,2025-01-01 12:00:00+00:00,1735646400,94400.0,94499.7,0.5030242334005878,0.4802215758542403,0.49957191347252244,0.02280265754634747
BTC,2025-01-02 12:00:00+00:00,1735732800,93600.0,93504.2,0.4367970362546384,0.3409586407789211,0.4802215758542403,0.09583839547571732
BTC,2025-01-03 12:00:00+00:00,1735819200,97000.0,96789.3,0.5153310293472253,0.4448851528142671,0.3409586407789211,0.0704458765329582
BTC,2025-01-04 12:00:00+00:00,1735905600,96800.0,96819.2,0.38047116480426596,0.3158192630208502,0.4448851528142671,0.06465190178341573
BTC,2025-01-05 12:00:00+00:00,1735992000,98000.0,97907.1,0.1844891752280833,0.19330755287937315,0.3158192630208502,-0.008818377651289844
BTC,2025-01-06 12:00:00+00:00,1736078400,97600.0,97670.1,0.2989811249219139,0.30998931483624825,0.19330755287937315,-0.011008189914334332
BTC,2025-01-07 12:00:00+00:00,1736164800,99400.0,99399.5,0.42140849052940355,0.4453912977480588,0.30998931483624825,-0.023982807218655255
BTC,2025-01-08 12:00:00+00:00,1736251200,101000.0,100903.3,0.42753421878555264,0.5054015853640661,0.4453912977480588,-0.07786736657851345
BTC,2025-01-09 12:00:00+00:00,1736337600,95200.0,95204.9,0.5903977553547651,0.6281972610612034,0.5054015853640661,-0.03779950570643831
BTC,2025-01-10 12:00:00+00:00,1736424000,93500.0,93451.3,0.46500406547911777,0.5215743557186813,0.6281972610612034,-0.0565702902395635
BTC,2025-01-11 12:00:00+00:00,1736510400,95000.0,95095.9,0.5338870239335763,0.6364128144848428,0.5215743557186813,-0.10252579055126643
BTC,2025-01-12 12:00:00+00:00,1736596800,94600.0,94589.8,0.2125419106559177,0.19643977829497547,0.6364128144848428,0.01610213236094224
BTC,2025-01-13 12:00:00+00:00,1736683200,94200.0,94206.5,0.32549735510223726,0.4289461119908124,0.19643977829497547,-0.10344875688857513
BTC,2025-01-14 12:00:00+00:00,1736769600,90600.0,90554.9,0.6123052508224152,0.6708361663940949,0.4289461119908124,-0.058530915571679776
BTC,2025-01-15 12:00:00+00:00,1736856000,96600.0,96500.7,0.5443014921768339,0.48636077284307494,0.6708361663940949,0.05794071933375894
BTC,2025-01-16 12:00:00+00:00,1736942400,96800.0,96703.0,0.5850074038003634,0.49709724836603153,0.48636077284307494,0.0879101554343319
BTC,2025-01-17 12:00:00+00:00,1737028800,99000.0,98956.6,0.4780801403676386,0.4939840485785624,0.49709724836603153,-0.0159039082109238
BTC,2025-01-18 12:00:00+00:00,1737115200,102400.0,102325.4,0.5143219207242753,0.48705909807226727,0.4939840485785624,0.027262822652008023
BTC,2025-01-19 12:00:00+00:00,1737201600,103600.0,103557.6,0.30304943866682443,0.4772739242667217,0.48705909807226727,-0.17422448559989728
BTC,2025-01-20 12:00:00+00:00,1737288000,104800.0,104800.1,0.5761065014312265,1.148164185410609,0.4772739242667217,-0.5720576839793825
BTC,2025-01-21 12:00:00+00:00,1737374400,108400.0,108479.3,1.1448996058171572,1.2850895908669828,1.148164185410609,-0.1401899850498256
BTC,2025-01-22 12:00:00+00:00,1737460800,103600.0,103669.3,0.7012623093438037,0.6347298687188225,1.2850895908669828,0.0665324406249812
BTC,2025-01-23 12:00:00+00:00,1737547200,105200.0,105326.7,0.5310067978666009,0.4945668509787139,0.6347298687188225,0.03643994688788699
BTC,2025-01-24 12:00:00+00:00,1737633600,102000.0,101898.2,0.5547313555012348,0.9444740174781858,0.4945668509787139,-0.38974266197695107
BTC,2025-01-25 12:00:00+00:00,1737720000,105400.0,105467.7,0.5706789021120737,0.414313738960028,0.9444740174781858,0.15636516315204574
BTC,2025-01-26 12:00:00+00:00,1737806400,104600.0,104564.3,0.20800422881506858,0.20932925847133033,0.414313738960028,-0.0013250296562617447
BTC,2025-01-27 12:00:00+00:00,1737892800,104800.0,104795.2,0.32186893669906996,0.5266304902608694,0.20932925847133033,-0.20476155356179943
BTC,2025-01-28 12:00:00+00:00,1737979200,98800.0,98850.1,0.6911133549825641,0.6188943528432215,0.5266304902608694,0.07221900213934263
BTC,2025-01-29 12:00:00+00:00,1738065600,103000.0,102963.5,0.492812367082329,0.4408219412231296,0.6188943528432215,0.051990425859199385
BTC,2025-01-30 12:00:00+00:00,1738152000,102600.0,102617.8,0.5462254016223932,0.5107970346129442,0.4408219412231296,0.03542836700944896
BTC,2025-01-31 12:00:00+00:00,1738238400,105000.0,105172.1,0.4755174000100949,0.348303529311341,0.5107970346129442,0.1272138706987539
BTC,2025-02-01 12:00:00+00:00,1738324800,104600.0,104612.5,0.4392884221913099,0.3964611452684995,0.348303529311341,0.04282727692281041
BTC,2025-02-02 12:00:00+00:00,1738411200,102000.0,102087.2,0.19281084618653654,0.4072446620042839,0.3964611452684995,-0.21443381581774734
BTC,2025-02-03 12:00:00+00:00,1738497600,99200.0,99010.0,0.5176740491870224,0.8736368647392195,0.4072446620042839,-0.3559628155521971
BTC,2025-02-04 12:00:00+00:00,1738584000,95200.0,95094.4,0.6467014391034118,0.755873165945288,0.8736368647392195,-0.10917172684187615
BTC,2025-02-05 12:00:00+00:00,1738670400,99200.0,99163.9,0.6239088072869137,0.6606118152284356,0.755873165945288,-0.036703007941521926
BTC,2025-02-06 12:00:00+00:00,1738756800,98400.0,98334.4,0.5365675463151464,0.48930960582503624,0.6606118152284356,0.04725794049011012
BTC,2025-02-07 12:00:00+00:00,1738843200,99000.0,98981.0,0.49175182020898134,0.4899177630564867,0.48930960582503624,0.001834057152494628
BTC,2025-02-08 12:00:00+00:00,1738929600,97800.0,97870.8,0.48084560823195355,0.49241379890972947,0.4899177630564867,-0.011568190677775925
BTC,2025-02-09 12:00:00+00:00,1739016000,96200.0,96192.9,0.21605285022118037,0.2334930937222769,0.49241379890972947,-0.01744024350109652
BTC,2025-02-10 12:00:00+00:00,1739102400,96600.0,96607.0,0.36454271928290033,0.4109952660354309,0.2334930937222769,-0.04645254675253058
BTC,2025-02-11 12:00:00+00:00,1739188800,97800.0,97744.5,0.4729448958880089,0.30756912392582664,0.4109952660354309,0.16537577196218228
BTC,2025-02-12 12:00:00+00:00,1739275200,98000.0,98022.1,0.3942637180475922,0.34749609678992466,0.30756912392582664,0.046767621257667535
BTC,2025-02-13 12:00:00+00:00,1739361600,96200.0,96207.5,0.4615779478884546,0.5982967255543351,0.34749609678992466,-0.13671877766588053
BTC,2025-02-14 12:00:00+00:00,1739448000,96000.0,95987.5,0.46582439915950813,0.3550466914233585,0.5982967255543351,0.11077770773614964
BTC,2025-02-15 12:00:00+00:00,1739534400,96800.0,96730.7,0.3779100376195328,0.406076232557067,0.3550466914233585,-0.028166194937534195
BTC,2025-02-16 12:00:00+00:00,1739620800,97600.0,97587.9,0.17641197185435886,0.15358326832590902,0.406076232557067,0.022828703528449845
BTC,2025-02-17 12:00:00+00:00,1739707200,97200.0,97288.9,0.26441973865753793,0.24082427880668622,0.15358326832590902,0.023595459850851708
BTC,2025-02-18 12:00:00+00:00,1739793600,96200.0,96193.6,0.3448848132536616,0.30261331337584085,0.24082427880668622,0.04227149987782075
BTC,2025-02-19 12:00:00+00:00,1739880000,95600.0,95645.2,0.35267133898846004,0.40293420437307526,0.30261331337584085,-0.05026286538461522
BTC,2025-02-20 12:00:00+00:00,1739966400,96400.0,96494.2,0.33171236632350815,0.3040612968611507,0.40293420437307526,0.027651069462357458
BTC,2025-02-21 12:00:00+00:00,1740052800,97500.0,97318.2,0.30170129469143936,0.3045393995885327,0.3040612968611507,-0.002838104897093352
BTC,2025-02-22 12:00:00+00:00,1740139200,98600.0,98641.1,0.36338281976530995,0.46212816188649064,0.3045393995885327,-0.09874534212118069
BTC,2025-02-23 12:00:00+00:00,1740225600,96600.0,96588.8,0.18609046797383197,0.1380081403076116,0.46212816188649064,0.048082327666220365
BTC,2025-02-24 12:00:00+00:00,1740312000,96200.0,96148.1,0.2738106640864356,0.2653459265548441,0.1380081403076116,0.008464737531591493
BTC,2025-02-25 12:00:00+00:00,1740398400,95600.0,95689.6,0.36528686164330576,0.7387299997444225,0.2653459265548441,-0.3734431381011168
BTC,2025-02-26 12:00:00+00:00,1740484800,89200.0,89084.5,0.683242735771137,0.6486329718752953,0.7387299997444225,0.034609763895841694
BTC,2025-02-27 12:00:00+00:00,1740571200,88400.0,88482.5,0.4952697843864154,0.9545985103970102,0.6486329718752953,-0.45932872601059477
BTC,2025-02-28 12:00:00+00:00,1740657600,87000.0,86689.9,0.6617701815316124,1.0776761593931365,0.9545985103970102,-0.41590597786152417
BTC,2025-03-01 12:00:00+00:00,1740744000,80400.0,80314.2,0.7483443703009931,0.763886073570991,1.0776761593931365,-0.01554170326999793
BTC,2025-03-02 12:00:00+00:00,1740830400,84600.0,84600.2,0.2722408216076271,0.3590463516232151,0.763886073570991,-0.086805530015588
BTC,2025-03-03 12:00:00+00:00,1740916800,86000.0,85952.8,0.46102778640260145,1.0043997503158686,0.3590463516232151,-0.5433719639132671
BTC,2025-03-04 12:00:00+00:00,1741003200,93200.0,93201.5,0.7376683862016864,1.057699590168994,1.0043997503158686,-0.32003120396730766
BTC,2025-03-05 12:00:00+00:00,1741089600,83800.0,83895.6,0.8135970799215524,0.9152831305294493,1.057699590168994,-0.10168605060789693
BTC,2025-03-06 12:00:00+00:00,1741176000,90000.0,89973.9,0.8257657837209036,0.739220268170163,0.9152831305294493,0.08654551555074064
BTC,2025-03-07 12:00:00+00:00,1741262400,91000.0,91154.3,0.6325060723565392,1.0013100406481947,0.739220268170163,-0.3688039682916555
BTC,2025-03-08 12:00:00+00:00,1741348800,89000.0,89016.4,0.8449643710699855,0.8858890621158682,1.0013100406481947,-0.0409246910458827
BTC,2025-03-09 12:00:00+00:00,1741435200,86000.0,86052.2,0.3253814777229687,0.27899866179572397,0.8858890621158682,0.04638281592724475
BTC,2025-03-10 12:00:00+00:00,1741521600,84800.0,84788.6,0.5224761684063457,0.811088989406897,0.27899866179572397,-0.2886128210005513
BTC,2025-03-11 12:00:00+00:00,1741608000,83800.0,83727.6,0.7112754014709474,0.9177218966607976,0.811088989406897,-0.20644649518985025
BTC,2025-03-12 12:00:00+00:00,1741694400,81600.0,81534.5,0.7870701751814206,0.7896567887344538,0.9177218966607976,-0.0025866135530331347
BTC,2025-03-13 12:00:00+00:00,1741780800,83200.0,83169.8,0.7987942276113758,0.5556030625177995,0.7896567887344538,0.2431911650935763
BTC,2025-03-14 12:00:00+00:00,1741867200,83000.0,82861.4,0.5947005608278186,0.4901652990654111,0.5556030625177995,0.10453526176240752
BTC,2025-03-15 12:00:00+00:00,1741953600,83200.0,83109.4,0.5503822822762172,0.42281610058374836,0.4901652990654111,0.12756618169246886
BTC,2025-03-16 12:00:00+00:00,1742040000,84000.0,84010.9,0.23014430714609044,0.2478822431878969,0.42281610058374836,-0.017737936041806457
BTC,2025-03-17 12:00:00+00:00,1742126400,82600.0,82623.9,0.4929407929619297,0.5034434291409036,0.2478822431878969,-0.010502636178973845
BTC,2025-03-18 12:00:00+00:00,1742212800,83400.0,83422.0,0.5297249227232308,0.4298003612794097,0.5034434291409036,0.09992456144382111
BTC,2025-03-19 12:00:00+00:00,1742299200,82600.0,82627.0,0.46836176661483364,0.3916563420377507,0.4298003612794097,0.07670542457708296
BTC,2025-03-20 12:00:00+00:00,1742385600,83800.0,83742.4,0.5622771535652581,0.500851978510645,0.3916563420377507,0.06142517505461309
BTC,2025-03-21 12:00:00+00:00,1742472000,85500.0,85361.7,0.519661537206171,0.4243071228944506,0.500851978510645,0.09535441431172043
BTC,2025-03-22 12:00:00+00:00,1742558400,84200.0,84107.6,0.4274652735920531,0.23841821873183636,0.4243071228944506,0.18904705486021675
BTC,2025-03-23 12:00:00+00:00,1742644800,84200.0,84219.47333333334,0.16547224569651367,0.14781624714240085,0.23841821873183636,0.017655998554112817
BTC,2025-03-24 12:00:00+00:00,1742731200,84800.0,84738.0,0.29949546086022844,0.3141700709586017,0.14781624714240085,-0.014674610098373286
BTC,2025-03-25 12:00:00+00:00,1742817600,87400.0,87475.21,0.4404727742116843,0.39122212234354004,0.3141700709586017,0.04925065186814426
BTC,2025-03-26 12:00:00+00:00,1742904000,87400.0,87308.71999999999,0.39978054168823474,0.3374971301204332,0.39122212234354004,0.06228341156780154
BTC,2025-03-27 12:00:00+00:00,1742990400,88000.0,87967.25333333334,0.3505489009128996,0.3708909792055302,0.3374971301204332,-0.020342078292630628
BTC,2025-03-28 12:00:00+00:00,1743076800,87000.0,86846.29333333333,0.38037107049270047,0.3522311838313178,0.3708909792055302,0.028139886661382674
BTC,2025-03-29 12:00:00+00:00,1743163200,85200.0,85159.08,0.42542938886065235,0.3691608035684389,0.3522311838313178,0.05626858529221346
BTC,2025-03-30 12:00:00+00:00,1743249600,82200.0,82157.40333333334,0.3181117610361264,0.31855307602837213,0.3691608035684389,-0.000441314992245756
BTC,2025-03-31 12:00:00+00:00,1743336000,83000.0,83002.85666666666,0.39548722669748854,0.38652683393070597,0.31855307602837213,0.008960392766782566
BTC,2025-04-01 12:00:00+00:00,1743422400,82200.0,82140.01333333332,0.4998972369677068,0.4742835906217657,0.38652683393070597,0.0256136463459411
BTC,2025-04-02 12:00:00+00:00,1743508800,84000.0,84005.38666666667,0.43598140414190273,0.41072502702100094,0.4742835906217657,0.025256377120901785
BTC,2025-04-03 12:00:00+00:00,1743595200,84600.0,84646.7,0.5765007547471033,0.7302762665095381,0.41072502702100094,-0.15377551176243487
BTC,2025-04-04 12:00:00+00:00,1743681600,83000.0,82997.13,0.5861893612178937,0.5665139854740554,0.7302762665095381,0.019675375743838264
BTC,2025-04-05 12:00:00+00:00,1743768000,82400.0,82414.77,0.8320747692159531,0.6032650398610638,0.5665139854740554,0.2288097293548893
BTC,2025-04-06 12:00:00+00:00,1743854400,83400.0,83470.13666666667,0.2596005553054649,0.2429670520827565,0.6032650398610638,0.016633503222708373
BTC,2025-04-07 12:00:00+00:00,1743940800,83000.0,82941.66333333334,0.4912276958044954,0.8363055972111727,0.2429670520827565,-0.3450779014066773
BTC,2025-04-08 12:00:00+00:00,1744027200,76800.0,76698.06333333334,0.7958201858485322,0.9962793272995931,0.8363055972111727,-0.20045914145106092
BTC,2025-04-09 12:00:00+00:00,1744113600,79800.0,79871.56333333334,0.6987980612934981,0.8008054961469122,0.9962793272995931,-0.10200743485341413
BTC,2025-04-10 12:00:00+00:00,1744200000,76200.0,76296.81333333334,0.7531272514623109,0.8007922669575371,0.8008054961469122,-0.04766501549522628
BTC,2025-04-11 12:00:00+00:00,1744286400,82000.0,81811.05,0.5989066096559659,0.6057881785403127,0.8007922669575371,-0.006881568884346878
BTC,2025-04-12 12:00:00+00:00,1744372800,82400.0,82259.81,0.6157491048375882,0.4899617096028148,0.6057881785403127,0.12578739523477334
BTC,2025-04-13 12:00:00+00:00,1744459200,83600.0,83524.43333333333,0.2687775804151879,0.4235651553205337,0.4899617096028148,-0.15478757490534578
BTC,2025-04-14 12:00:00+00:00,1744545600,84400.0,84429.14333333333,0.48595760651412856,0.5421690085378259,0.4235651553205337,-0.05621140202369734
BTC,2025-04-15 12:00:00+00:00,1744632000,84800.0,84894.74,0.5593032419679946,0.45799604947214145,0.5421690085378259,0.10130719249585318
BTC,2025-04-16 12:00:00+00:00,1744718400,85600.0,85681.7,0.4563680235811597,0.4061138165334723,0.45799604947214145,0.050254207047687405
BTC,2025-04-17 12:00:00+00:00,1744804800,84000.0,84038.04666666668,0.4213859929113623,0.433148990148458,0.4061138165334723,-0.011762997237095674
BTC,2025-04-18 12:00:00+00:00,1744891200,84500.0,84708.22666666667,0.39714635541556703,0.2723991090011881,0.433148990148458,0.12474724641437895
BTC,2025-04-19 12:00:00+00:00,1744977600,84600.0,84681.25333333334,0.23611329705380119,0.15893204776897973,0.2723991090011881,0.07718124928482145
BTC,2025-04-20 12:00:00+00:00,1745064000,85200.0,85240.80666666667,0.15740325137625585,0.19118113306892826,0.15893204776897973,-0.0337778816926724
BTC,2025-04-21 12:00:00+00:00,1745150400,84200.0,84247.87333333334,0.3073859364343564,0.360659662044518,0.19118113306892826,-0.05327372561016158
BTC,2025-04-22 12:00:00+00:00,1745236800,87000.0,87090.17,0.41646288955108784,0.4193379968881766,0.360659662044518,-0.0028751073370887337
BTC,2025-04-23 12:00:00+00:00,1745323200,88600.0,88579.26333333335,0.4058388386078666,0.5907059180181442,0.4193379968881766,-0.18486707941027758
BTC,2025-04-24 12:00:00+00:00,1745409600,93600.0,93525.155,0.5063642960452037,0.46303893626390025,0.5907059180181442,0.043325359781303474
BTC,2025-04-25 12:00:00+00:00,1745496000,93000.0,92578.34,0.4269707584737418,0.3256784869958832,0.46303893626390025,0.10129227147785858
BTC,2025-04-26 12:00:00+00:00,1745582400,94600.0,94644.195,0.4234951447482457,0.3605191648331742,0.3256784869958832,0.06297597991507148
BTC,2025-04-27 12:00:00+00:00,1745668800,94200.0,94163.13333333335,0.20095403914381493,0.253159399566176,0.3605191648331742,-0.05220536042236107
BTC,2025-04-28 12:00:00+00:00,1745755200,94000.0,93918.86666666665,0.2969439077940992,0.28739623194914404,0.253159399566176,0.009547675844955139
BTC,2025-04-29 12:00:00+00:00,1745841600,95200.0,95185.56333333334,0.39475710784117257,0.3468852495920915,0.28739623194914404,0.04787185824908108
BTC,2025-04-30 12:00:00+00:00,1745928000,95000.0,95070.66666666667,0.3544739756587162,0.31116582865224945,0.3468852495920915,0.043308147006466735
BTC,2025-05-01 12:00:00+00:00,1746014400,95200.0,95151.43000000001,0.3431720980074231,0.35736180168894033,0.31116582865224945,-0.01418970368151723
BTC,2025-05-02 12:00:00+00:00,1746100800,96000.0,96178.95,0.3955811590985501,0.32855134970284006,0.35736180168894033,0.06702980939571002
BTC,2025-05-03 12:00:00+00:00,1746187200,97000.0,96905.69333333331,0.34681543681300564,0.26633648926321646,0.32855134970284006,0.08047894754978918
BTC,2025-05-04 12:00:00+00:00,1746273600,96000.0,95914.56666666667,0.16356572718007228,0.1961990676895303,0.26633648926321646,-0.032633340509458014
BTC,2025-05-05 12:00:00+00:00,1746360000,95400.0,95477.14999999998,0.2750213437870181,0.28694113791861986,0.1961990676895303,-0.011919794131601769
BTC,2025-05-06 12:00:00+00:00,1746446400,94000.0,93938.3,0.33932890068560556,0.2906327203502705,0.28694113791861986,0.04869618033533507
BTC,2025-05-07 12:00:00+00:00,1746532800,93800.0,93865.9,0.29315169074210723,0.3579714207689668,0.2906327203502705,-0.06481973002685959
BTC,2025-05-08 12:00:00+00:00,1746619200,97000.0,97032.9,0.37571043809388033,0.38989616061309135,0.3579714207689668,-0.01418572251921102
BTC,2025-05-09 12:00:00+00:00,1746705600,99500.0,99464.6,0.3729997478200759,0.49118834153865887,0.38989616061309135,-0.11818859371858298
BTC,2025-05-10 12:00:00+00:00,1746792000,103200.0,103038.2,0.403636701799268,0.3072837146532326,0.49118834153865887,0.09635298714603541
BTC,2025-05-11 12:00:00+00:00,1746878400,103600.0,103522.2,0.2539603001344829,0.3501337690360327,0.3072837146532326,-0.09617346890154982
BTC,2025-05-12 12:00:00+00:00,1746964800,104600.0,104659.6,0.36984762546488814,0.4218806920699096,0.3501337690360327,-0.05203306660502144
BTC,2025-05-13 12:00:00+00:00,1747051200,103800.0,103877.6,0.39063683387388476,0.48161271860775046,0.4218806920699096,-0.0909758847338657
BTC,2025-05-14 12:00:00+00:00,1747137600,103800.0,103787.4,0.3726060684259966,0.3160635849919414,0.48161271860775046,0.05654248343405516
BTC,2025-05-15 12:00:00+00:00,1747224000,104000.0,103928.7,0.33702019977587006,0.31909747350026274,0.3160635849919414,0.017922726275607315
BTC,2025-05-16 12:00:00+00:00,1747310400,102500.0,102330.6,0.36189817495141546,0.40368545424786934,0.31909747350026274,-0.04178727929645387
BTC,2025-05-17 12:00:00+00:00,1747396800,103600.0,103668.9,0.24242491441829989,0.2954716135942219,0.40368545424786934,-0.05304669917592203
BTC,2025-05-18 12:00:00+00:00,1747483200,103000.0,102986.2,0.16963794595968207,0.17663043528922298,0.2954716135942219,-0.006992489329540913
BTC,2025-05-19 12:00:00+00:00,1747569600,103800.0,103801.5,0.26337900409140824,0.486080420046208,0.17663043528922298,-0.22270141595479975
BTC,2025-05-20 12:00:00+00:00,1747656000,102800.0,102782.5,0.3804666169396786,0.43610007084985053,0.486080420046208,-0.05563345391017194
BTC,2025-05-21 12:00:00+00:00,1747742400,105000.0,105095.7,0.3666207349164135,0.44566014532948445,0.43610007084985053,-0.07903941041307094
BTC,2025-05-22 12:00:00+00:00,1747828800,106400.0,106460.6,0.40842699192137444,0.6241199391672914,0.44566014532948445,-0.21569294724591692
BTC,2025-05-23 12:00:00+00:00,1747915200,111000.0,111016.8,0.505926385237434,0.3767283571974904,0.6241199391672914,0.12919802803994362
BTC,2025-05-24 12:00:00+00:00,1748001600,108600.0,108645.3,0.49010833653507035,0.46153312419924736,0.3767283571974904,0.028575212335822997
BTC,2025-05-25 12:00:00+00:00,1748088000,109200.0,109238.1,0.2593512630087302,0.30053505867084634,0.46153312419924736,-0.04118379566211616
BTC,2025-05-26 12:00:00+00:00,1748174400,107200.0,107221.4,0.38044916856745004,0.29481538731191603,0.30053505867084634,0.085633781255534
BTC,2025-05-27 12:00:00+00:00,1748260800,109800.0,109703.7,0.34176700757301115,0.3305992248642684,0.29481538731191603,0.011167782708742746
BTC,2025-05-28 12:00:00+00:00,1748347200,109600.0,109574.7,0.43110454423213695,0.3337244778804701,0.3305992248642684,0.09738006635166685
BTC,2025-05-29 12:00:00+00:00,1748433600,108800.0,108864.7,0.36172257358045606,0.30557897631018893,0.3337244778804701,0.05614359727026713
BTC,2025-05-30 12:00:00+00:00,1748520000,108800.0,108701.0,0.3612736010266653,0.42766352223654297,0.30557897631018893,-0.06638992120987769
BTC,2025-05-31 12:00:00+00:00,1748606400,106000.0,105922.7,0.35694159026094385,0.3904559925371804,0.42766352223654297,-0.03351440227623653
BTC,2025-06-01 12:00:00+00:00,1748692800,103600.0,103554.4,0.1851925435661429,0.210544132713068,0.3904559925371804,-0.02535158914692509
BTC,2025-06-02 12:00:00+00:00,1748779200,104000.0,104071.2,0.3590200774809339,0.26958049902008646,0.210544132713068,0.08943957846084744
BTC,2025-06-03 12:00:00+00:00,1748865600,104000.0,104032.5,0.34273365005745404,0.31323146849175,0.26958049902008646,0.029502181565704055
BTC,2025-06-04 12:00:00+00:00,1748952000,105200.0,105298.6,0.3221822696608415,0.28070791513315996,0.31323146849175,0.041474354527681556
BTC,2025-06-05 12:00:00+00:00,1749038400,105000.0,105078.3,0.304945194439733,0.233420284464941,0.28070791513315996,0.071524909974792
BTC,2025-06-06 12:00:00+00:00,1749124800,104800.0,104871.6,0.2849980316791214,0.4619440909987473,0.233420284464941,-0.17694605931962587
BTC,2025-06-07 12:00:00+00:00,1749211200,104000.0,104019.8,0.3492881087372781,0.27837316309668175,0.4619440909987473,0.07091494564059636
BTC,2025-06-08 12:00:00+00:00,1749297600,105200.0,105241.6,0.1677728899098114,0.17875318824343306,0.27837316309668175,-0.010980298333621658
BTC,2025-06-09 12:00:00+00:00,1749384000,105600.0,105644.2,0.28855251152177225,0.23762843886158125,0.17875318824343306,0.050924072660191
BTC,2025-06-10 12:00:00+00:00,1749470400,107800.0,107762.0,0.35225169177943744,0.35164005648761676,0.23762843886158125,0.000611635291820678
BTC,2025-06-11 12:00:00+00:00,1749556800,109600.0,109550.3,0.3796018953413145,0.3047409414810608,0.35164005648761676,0.07486095386025371
BTC,2025-06-12 12:00:00+00:00,1749643200,109400.0,109334.5,0.36719557369351313,0.34061957001127663,0.3047409414810608,0.026576003682236504
BTC,2025-06-13 12:00:00+00:00,1749729600,107000.0,107012.6,0.3463903897696589,0.5108682981637722,0.34061957001127663,-0.1644779083941133
BTC,2025-06-14 12:00:00+00:00,1749816000,105000.0,105046.2,0.3743831584095249,0.3034918976613228,0.5108682981637722,0.07089126074820212
BTC,2025-06-15 12:00:00+00:00,1749902400,105000.0,105065.1,0.1730882607423296,0.2024535720848119,0.3034918976613228,-0.029365311342482298
BTC,2025-06-16 12:00:00+00:00,1749988800,105000.0,104977.9,0.29973722763649935,0.2600726922938899,0.2024535720848119,0.03966453534260944
BTC,2025-06-17 12:00:00+00:00,1750075200,106800.0,106888.0,0.2868050585819194,0.3609867760502972,0.2600726922938899,-0.07418171746837782
BTC,2025-06-18 12:00:00+00:00,1750161600,105600.0,105644.0,0.32234585916435604,0.3569577976153312,0.3609867760502972,-0.034611938450975155
BTC,2025-06-19 12:00:00+00:00,1750248000,104800.0,104730.0,0.36620701748078865,0.37143975209184643,0.3569577976153312,-0.005232734611057777
BTC,2025-06-20 12:00:00+00:00,1750334400,104800.0,104736.0,0.30825211815729314,0.27010577984048995,0.37143975209184643,0.0381463383168032
BTC,2025-06-21 12:00:00+00:00,1750420800,106000.0,106024.0,0.2815295776425988,0.3303922529318334,0.27010577984048995,-0.0488626752892346
BTC,2025-06-22 12:00:00+00:00,1750507200,104000.0,103930.0,0.16164933914410212,0.4753881012655084,0.3303922529318334,-0.3137387621214063
BTC,2025-06-23 12:00:00+00:00,1750593600,102800.0,102726.7,0.36072754583194766,0.5204184041020758,0.4753881012655084,-0.1596908582701282
BTC,2025-06-24 12:00:00+00:00,1750680000,101200.0,101215.9,0.3920405903111882,0.5119158675947837,0.5204184041020758,-0.11987527728359548
BTC,2025-06-25 12:00:00+00:00,1750766400,105200.0,105218.0,0.37749029633331915,0.3061831119997062,0.5119158675947837,0.07130718433361294
BTC,2025-06-26 12:00:00+00:00,1750852800,107200.0,107065.6,0.3084546787916454,0.3137173075855698,0.3061831119997062,-0.005262628793924418
BTC,2025-06-27 12:00:00+00:00,1750939200,107000.0,107378.7,0.2693420528753409,0.2839518297885315,0.3137173075855698,-0.014609776913190597
BTC,2025-06-28 12:00:00+00:00,1751025600,107000.0,106945.0,0.24318832313990313,0.22392805778555974,0.2839518297885315,0.019260265354343387
BTC,2025-06-29 12:00:00+00:00,1751112000,107400.0,107369.8,0.13593182813665228,0.11941639905379932,0.22392805778555974,0.01651542908285296
BTC,2025-06-30 12:00:00+00:00,1751198400,108400.0,108407.4,0.2558309413718445,0.208532833092291,0.11941639905379932,0.04729810827955347
BTC,2025-07-01 12:00:00+00:00,1751284800,107800.0,107708.4,0.2523137819072756,0.25669581942075625,0.208532833092291,-0.004382037513480652
BTC,2025-07-02 12:00:00+00:00,1751371200,106600.0,106699.5,0.24492834885649642,0.26260545555370357,0.25669581942075625,-0.01767710669720715
BTC,2025-07-03 12:00:00+00:00,1751457600,107400.0,107473.5,0.2403546182803409,0.31017087214528055,0.26260545555370357,-0.06981625386493964
BTC,2025-07-04 12:00:00+00:00,1751544000,109500.0,109547.3,0.32649592373286906,0.28046586373906546,0.31017087214528055,0.04603005999380361
BTC,2025-07-05 12:00:00+00:00,1751630400,109000.0,108969.5,0.18960769397636792,0.20847078250637835,0.28046586373906546,-0.018863088530010425
BTC,2025-07-06 12:00:00+00:00,1751716800,108000.0,108019.0,0.12801572660503116,0.09333471228150168,0.20847078250637835,0.03468101432352948
BTC,2025-07-07 12:00:00+00:00,1751803200,108000.0,108080.9,0.23992928645886097,0.2130119023224857,0.09333471228150168,0.02691738413637526
BTC,2025-07-08 12:00:00+00:00,1751889600,108600.0,108584.0,0.26840369284671073,0.24936184614156012,0.2130119023224857,0.019041846705150606
BTC,2025-07-09 12:00:00+00:00,1751976000,108800.0,108783.9,0.22059753542861688,0.20577378965407161,0.24936184614156012,0.01482374577454526
BTC,2025-07-10 12:00:00+00:00,1752062400,109000.0,109053.1,0.23835093108563413,0.30295948021290775,0.20577378965407161,-0.06460854912727362
BTC,2025-07-11 12:00:00+00:00,1752148800,111000.0,110892.2,0.28457959739648364,0.5655648704104473,0.30295948021290775,-0.2809852730139637
BTC,2025-07-12 12:00:00+00:00,1752235200,118000.0,117980.5,0.3969879181116357,0.29453455728864575,0.5655648704104473,0.10245336082298995
BTC,2025-07-13 12:00:00+00:00,1752321600,117800.0,117831.0,0.1636632268747191,0.1626391208863398,0.29453455728864575,0.0010241059883792925
BTC,2025-07-14 12:00:00+00:00,1752408000,118200.0,118111.6,0.2988806265804625,0.4106949602204531,0.1626391208863398,-0.1118143336399906
BTC,2025-07-15 12:00:00+00:00,1752494400,121600.0,121628.3,0.4059969704701517,0.4372703265939834,0.4106949602204531,-0.0312733561238317
BTC,2025-07-16 12:00:00+00:00,1752580800,117200.0,117198.2,0.37226987539797984,0.4323305453348334,0.4372703265939834,-0.06006066993685355
BTC,2025-07-17 12:00:00+00:00,1752667200,118800.0,118775.9,0.3321393129912521,0.3971577304464111,0.4323305453348334,-0.06501841745515902
BTC,2025-07-18 12:00:00+00:00,1752753600,118000.0,118000.0,0.3860972984649895,0.391039407555873,0.3971577304464111,-0.004942109090883495
BTC,2025-07-19 12:00:00+00:00,1752840000,119200.0,119236.2,0.3452540043476034,0.3042752323770466,0.391039407555873,0.04097877197055677
BTC,2025-07-20 12:00:00+00:00,1752926400,118400.0,118310.3,0.16568567577525023,0.20085016334559205,0.3042752323770466,-0.035164487570341824
BTC,2025-07-21 12:00:00+00:00,1753012800,117800.0,117776.4,0.24212332277019488,0.30710256162120225,0.20085016334559205,-0.06497923885100737
BTC,2025-07-22 12:00:00+00:00,1753099200,118000.0,117915.8,0.31366887437076474,0.35907001379861037,0.30710256162120225,-0.04540113942784563
BTC,2025-07-23 12:00:00+00:00,1753185600,119200.0,119187.0,0.28782266383768473,0.3614598712414458,0.35907001379861037,-0.07363720740376106
BTC,2025-07-24 12:00:00+00:00,1753272000,118400.0,118487.2,0.2848476318269125,0.3669678975939746,0.3614598712414458,-0.0821202657670621
BTC,2025-07-25 12:00:00+00:00,1753358400,118800.0,118705.4,0.278179056750231,0.402797275805674,0.3669678975939746,-0.12461821905544296
BTC,2025-07-26 12:00:00+00:00,1753444800,116600.0,116548.4,0.33611333603415144,0.2880784629577786,0.402797275805674,0.04803487307637283
BTC,2025-07-27 12:00:00+00:00,1753531200,117800.0,117781.8,0.16443062558243837,0.13639733966584996,0.2880784629577786,0.028033285916588407
BTC,2025-07-28 12:00:00+00:00,1753617600,118000.0,118083.0,0.23834449036322258,0.26341203823111187,0.13639733966584996,-0.025067547867889284
BTC,2025-07-29 12:00:00+00:00,1753704000,118800.0,118798.4,0.26745775487486606,0.3151957742027829,0.26341203823111187,-0.047738019327916825
BTC,2025-07-30 12:00:00+00:00,1753790400,118600.0,118641.9,0.22259677738509231,0.2841621629280457,0.3151957742027829,-0.06156538554295338
BTC,2025-07-31 12:00:00+00:00,1753876800,117600.0,117599.6,0.3409765586437959,0.26876521691777455,0.2841621629280457,0.07221134172602134
BTC,2025-08-01 12:00:00+00:00,1753963200,118400.0,118376.8,0.2888709596488731,0.3805498966664288,0.26876521691777455,-0.0916789370175557
BTC,2025-08-02 12:00:00+00:00,1754049600,115400.0,115386.4,0.328736924898695,0.3588992433553403,0.3805498966664288,-0.0301623184566453
BTC,2025-08-03 12:00:00+00:00,1754136000,113800.0,113707.7,0.1762240686355639,0.27381886457603166,0.3588992433553403,-0.09759479594046777
BTC,2025-08-04 12:00:00+00:00,1754222400,113800.0,113845.5,0.3096295632123703,0.20448726480602572,0.27381886457603166,0.10514229840634456
BTC,2025-08-05 12:00:00+00:00,1754308800,114400.0,114482.1,0.2821065931825499,0.2608965770307231,0.20448726480602572,0.02121001615182677
BTC,2025-08-06 12:00:00+00:00,1754395200,114800.0,114798.6,0.25361061157696135,0.3061997892768522,0.2608965770307231,-0.052589177699890854
BTC,2025-08-07 12:00:00+00:00,1754481600,114400.0,114340.4,0.2400018472942007,0.2711398121380411,0.3061997892768522,-0.031137964843840404
BTC,2025-08-08 12:00:00+00:00,1754568000,116400.0,116440.7,0.2993657381269113,0.2849920120696862,0.2711398121380411,0.014373726057225089
BTC,2025-08-09 12:00:00+00:00,1754654400,116800.0,116822.3,0.22591820503341883,0.22485831406852128,0.2849920120696862,0.0010598909648975585
BTC,2025-08-10 12:00:00+00:00,1754740800,117000.0,117068.3,0.16408907812161885,0.233121887312828,0.22485831406852128,-0.06903280919120916
BTC,2025-08-11 12:00:00+00:00,1754827200,118400.0,118339.8,0.2596499419746101,0.33224414456535634,0.233121887312828,-0.07259420259074623
BTC,2025-08-12 12:00:00+00:00,1754913600,120400.0,120466.0,0.28136134757972403,0.3325557528072364,0.33224414456535634,-0.051194405227512396
BTC,2025-08-13 12:00:00+00:00,1755000000,118400.0,118490.1,0.298474690558172,0.29556057161300187,0.3325557528072364,0.00291411894517013
BTC,2025-08-14 12:00:00+00:00,1755086400,120600.0,120564.9,0.2906015767732431,0.4231303517973297,0.29556057161300187,-0.1325287750240866
BTC,2025-08-15 12:00:00+00:00,1755172800,121000.0,120977.8,0.340949959682221,0.5754999864495174,0.4231303517973297,-0.23455002676729636
BTC,2025-08-16 12:00:00+00:00,1755259200,119000.0,119034.3,0.2742736438099543,0.26374275501370076,0.5754999864495174,0.010530888796253524
BTC,2025-08-17 12:00:00+00:00,1755345600,117400.0,117422.2,0.16696046657143487,0.1319639445195252,0.26374275501370076,0.03499652205190967
BTC,2025-08-18 12:00:00+00:00,1755432000,118400.0,118303.8,0.22857634624748457,0.25523574151524236,0.1319639445195252,-0.02665939526775779
BTC,2025-08-19 12:00:00+00:00,1755518400,115000.0,114995.7,0.3438609353848041,0.30321072913448843,0.25523574151524236,0.04065020625031568
BTC,2025-08-20 12:00:00+00:00,1755604800,115400.0,115458.8,0.28133578201207493,0.31553506891811495,0.30321072913448843,-0.034199286906040016
BTC,2025-08-21 12:00:00+00:00,1755691200,113800.0,113867.0,0.2857128685943037,0.3384188692492302,0.31553506891811495,-0.05270600065492648
BTC,2025-08-22 12:00:00+00:00,1755777600,113200.0,113166.5,0.30281208496937395,0.3186044905005846,0.3384188692492302,-0.01579240553121064
BTC,2025-08-23 12:00:00+00:00,1755864000,112400.0,112350.0,0.41945190453927106,0.4646281041988381,0.3186044905005846,-0.04517619965956704
BTC,2025-08-24 12:00:00+00:00,1755950400,115200.0,115224.1,0.17744584489727638,0.18230084930155682,0.4646281041988381,-0.0048550044042804386
BTC,2025-08-25 12:00:00+00:00,1756036800,114800.0,114718.2,0.25933857441123515,0.4593656507005644,0.18230084930155682,-0.20002707628932925
BTC,2025-08-26 12:00:00+00:00,1756123200,111400.0,111345.0,0.4039707370908724,0.49499060314963844,0.4593656507005644,-0.09101986605876605
BTC,2025-08-27 12:00:00+00:00,1756209600,109600.0,109678.4,0.38969220814425315,0.37820490000395074,0.49499060314963844,0.01148730814030241
BTC,2025-08-28 12:00:00+00:00,1756296000,111400.0,111311.4,0.3088044963869848,0.3388521343588208,0.37820490000395074,-0.03004763797183596
BTC,2025-08-29 12:00:00+00:00,1756382400,113000.0,112906.2,0.3174855653166422,0.3047815168740577,0.3388521343588208,0.012704048442584492
BTC,2025-08-30 12:00:00+00:00,1756468800,110200.0,110104.3,0.33499162719960973,0.32261767597005064,0.3047815168740577,0.012373951229559088
BTC,2025-08-31 12:00:00+00:00,1756555200,108400.0,108470.0,0.18986079661762156,0.17152159763128316,0.32261767597005064,0.0183391989863384
BTC,2025-09-01 12:00:00+00:00,1756641600,108400.0,108370.8,0.27694013912225135,0.3056038828642574,0.17152159763128316,-0.02866374374200603
BTC,2025-09-02 12:00:00+00:00,1756728000,108600.0,108687.2,0.28822299542776897,0.31961608621731236,0.3056038828642574,-0.03139309078954339
BTC,2025-09-03 12:00:00+00:00,1756814400,109600.0,109593.4,0.3302686197313139,0.35528981158036727,0.31961608621731236,-0.02502119184905338
BTC,2025-09-04 12:00:00+00:00,1756900800,111600.0,111600.4,0.2824277499396849,0.32611639754515753,0.35528981158036727,-0.04368864760547264
BTC,2025-09-05 12:00:00+00:00,1756987200,110800.0,110867.0,0.3035392564738737,0.292048233530541,0.32611639754515753,0.011491022943332707
BTC,2025-09-06 12:00:00+00:00,1757073600,112400.0,112470.4,0.42896999199019076,0.31504971475271915,0.292048233530541,0.11392027723747161
BTC,2025-09-07 12:00:00+00:00,1757160000,110800.0,110832.6,0.1615724096492191,0.1510332121134381,0.31504971475271915,0.010539197535781003
BTC,2025-09-08 12:00:00+00:00,1757246400,111200.0,111289.0,0.24481633286207904,0.21125455035969062,0.1510332121134381,0.03356178250238842
BTC,2025-09-09 12:00:00+00:00,1757332800,112000.0,112065.4,0.23294908723472504,0.2455941019503702,0.21125455035969062,-0.012645014715645164
BTC,2025-09-10 12:00:00+00:00,1757419200,112600.0,112556.5,0.226529539976364,0.29149449947456946,0.2455941019503702,-0.06496495949820547
BTC,2025-09-11 12:00:00+00:00,1757505600,112400.0,112378.1,0.26481552547528586,0.29773179775674896,0.29149449947456946,-0.0329162722814631
BTC,2025-09-12 12:00:00+00:00,1757592000,114200.0,114133.0,0.3514015103457463,0.2918736178121977,0.29773179775674896,0.059527892533548565
BTC,2025-09-13 12:00:00+00:00,1757678400,114800.0,114852.4,0.19323902011415844,0.21623869673376003,0.2918736178121977,-0.02299967661960159
BTC,2025-09-14 12:00:00+00:00,1757764800,116000.0,115905.8,0.12931435818398057,0.13716243209469772,0.21623869673376003,-0.007848073910717152
BTC,2025-09-15 12:00:00+00:00,1757851200,115800.0,115827.4,0.18265541952554518,0.23654727097282105,0.13716243209469772,-0.053891851447275874
BTC,2025-09-16 12:00:00+00:00,1757937600,115000.0,114991.4,0.22562757275963488,0.24761503774964655,0.23654727097282105,-0.021987464990011668
BTC,2025-09-17 12:00:00+00:00,1758024000,115200.0,115283.7,0.2009337710387903,0.22652988437696564,0.24761503774964655,-0.025596113338175353
BTC,2025-09-18 12:00:00+00:00,1758110400,116200.0,116261.2,0.4285068101789704,0.35130999404292373,0.22652988437696564,0.07719681613604668
BTC,2025-09-19 12:00:00+00:00,1758196800,117000.0,117016.2,0.2382335266800317,0.21125817119814505,0.35130999404292373,0.026975355481886648
BTC,2025-09-20 12:00:00+00:00,1758283200,116400.0,116423.3,0.19776961247832295,0.16007908814730964,0.21125817119814505,0.0376905243310133
BTC,2025-09-21 12:00:00+00:00,1758369600,116000.0,115920.3,0.11660193878706594,0.09515360289455153,0.16007908814730964,0.02144833589251441
BTC,2025-09-22 12:00:00+00:00,1758456000,115600.0,115671.0,0.1653530760884867,0.3251629647791714,0.09515360289455153,-0.1598098886906847
BTC,2025-09-23 12:00:00+00:00,1758542400,112800.0,112720.9,0.2806639346261768,0.2607672441512383,0.3251629647791714,0.019896690474938472
BTC,2025-09-24 12:00:00+00:00,1758628800,113000.0,112997.0,0.22079231657774434,0.2602708687898972,0.2607672441512383,-0.03947855221215285
BTC,2025-09-25 12:00:00+00:00,1758715200,113000.0,113000.8,0.2148681410276185,0.2627065438338301,0.2602708687898972,-0.04783840280621157
BTC,2025-09-26 12:00:00+00:00,1758801600,111500.0,111471.4,0.28200760425979104,0.39301092070029453,0.2627065438338301,-0.11100331644050349
BTC,2025-09-27 12:00:00+00:00,1758888000,109000.0,109079.6,0.28988379188779434,0.24479587087465735,0.39301092070029453,0.045087921013136995
BTC,2025-09-28 12:00:00+00:00,1758974400,109200.0,109297.8,0.14014348649012537,0.10679672742079648,0.24479587087465735,0.03334675906932889
BTC,2025-09-29 12:00:00+00:00,1759060800,109400.0,109404.8,0.21961066092753823,0.21300907228978777,0.10679672742079648,0.006601588637750455
BTC,2025-09-30 12:00:00+00:00,1759147200,112000.0,112060.0,0.2257179940369421,0.2731000292310076,0.21300907228978777,-0.04738203519406553
BTC,2025-10-01 12:00:00+00:00,1759233600,113000.0,113012.9,0.259585069021105,0.2977994384091465,0.2731000292310076,-0.038214369388041514
BTC,2025-10-02 12:00:00+00:00,1759320000,116800.0,116716.3,0.2642402692079132,0.29091213342220323,0.2977994384091465,-0.02667186421429002
BTC,2025-10-03 12:00:00+00:00,1759406400,118800.0,118874.8,0.2745051994639023,0.28967722595507883,0.29091213342220323,-0.015172026491176549
BTC,2025-10-04 12:00:00+00:00,1759492800,120400.0,120349.5,0.250480537299269,0.3729636702992652,0.28967722595507883,-0.12248313299999619
BTC,2025-10-05 12:00:00+00:00,1759579200,122000.0,122020.1,0.1412809090895669,0.3891831144738256,0.3729636702992652,-0.2479022053842587
BTC,2025-10-06 12:00:00+00:00,1759665600,123200.0,123126.1,0.3407725035426945,0.30706828135888947,0.3891831144738256,0.03370422218380503
BTC,2025-10-07 12:00:00+00:00,1759752000,124400.0,124389.2,0.3477658883436404,0.29063871895379156,0.30706828135888947,0.05712716938984885
BTC,2025-10-08 12:00:00+00:00,1759838400,124400.0,124443.3,0.27284506550957227,0.4149578029074333,0.29063871895379156,-0.142112737397861
BTC,2025-10-09 12:00:00+00:00,1759924800,122800.0,122802.9,0.32774622390063307,0.32804975627166916,0.4149578029074333,-0.000303532371036086
BTC,2025-10-10 12:00:00+00:00,1760011200,123000.0,122984.1,0.33173403525464384,0.3393574377432607,0.32804975627166916,-0.0076234024886168705
BTC,2025-10-11 12:00:00+00:00,1760097600,121600.0,121665.6,0.2874148253170225,1.9731720632348464,0.3393574377432607,-1.6857572379178238
BTC,2025-10-12 12:00:00+00:00,1760184000,112200.0,112239.6,0.32940585218096574,0.42941702252452485,1.9731720632348464,-0.10001117034355911
BTC,2025-10-13 12:00:00+00:00,1760270400,112000.0,112026.4,0.4599107545068445,0.5193188164439305,0.42941702252452485,-0.05940806193708603
BTC,2025-10-14 12:00:00+00:00,1760356800,114000.0,113996.0,0.4672751254716641,0.43571560784552693,0.5193188164439305,0.03155951762613718
BTC,2025-10-15 12:00:00+00:00,1760443200,111200.0,111196.7,0.4745980201821112,0.45859130967339695,0.43571560784552693,0.016006710508714272
BTC,2025-10-16 12:00:00+00:00,1760529600,111800.0,111839.7,0.39159690292377625,0.537630527764685,0.45859130967339695,-0.14603362484090876
BTC,2025-10-17 12:00:00+00:00,1760616000,111800.0,111836.2,0.4187141737613582,0.5968688632650804,0.537630527764685,-0.17815468950372215
BTC,2025-10-18 12:00:00+00:00,1760702400,105800.0,105787.4,0.6367706868918879,0.4488432907706676,0.5968688632650804,0.18792739612122028
BTC,2025-10-19 12:00:00+00:00,1760788800,107200.0,107137.7,0.22727069172981756,0.318712864155694,0.4488432907706676,-0.09144217242587643
BTC,2025-10-20 12:00:00+00:00,1760875200,107800.0,107778.5,0.42714023696931935,0.36961244621608097,0.318712864155694,0.057527790753238384
BTC,2025-10-21 12:00:00+00:00,1760961600,111000.0,110976.2,0.38761385221760536,0.3796542620962467,0.36961244621608097,0.007959590121358662
BTC,2025-10-22 12:00:00+00:00,1761048000,108600.0,108562.7,0.4103497313318901,0.6377540831176847,0.3796542620962467,-0.22740435178579455
BTC,2025-10-23 12:00:00+00:00,1761134400,107400.0,107473.1,0.550148947304628,0.4967048599775319,0.6377540831176847,0.05344408732709616
BTC,2025-10-24 12:00:00+00:00,1761220800,108800.0,108713.4,0.4443180443603381,0.40944866180147543,0.4967048599775319,0.03486938255886268
BTC,2025-10-25 12:00:00+00:00,1761307200,111200.0,111196.7,0.4273968339270333,0.302318476833274,0.40944866180147543,0.1250783570937593
BTC,2025-10-26 12:00:00+00:00,1761393600,111600.0,111579.5,0.19976290752669187,0.20163615977671265,0.302318476833274,-0.0018732522500207738
BTC,2025-10-27 12:00:00+00:00,1761480000,113400.0,113433.7,0.3512873116586313,0.3505330621012715,0.20163615977671265,0.0007542495573598096
BTC,2025-10-28 12:00:00+00:00,1761566400,115400.0,115334.2,0.32340456156451364,0.2810944750919112,0.3505330621012715,0.042310086472602426
BTC,2025-10-29 12:00:00+00:00,1761652800,114400.0,114309.8,0.3043666379037492,0.3735071916995969,0.2810944750919112,-0.06914055379584771
BTC,2025-10-30 12:00:00+00:00,1761739200,113200.0,113194.2,0.45287707239952835,0.6878937982183536,0.3735071916995969,-0.23501672581882527
BTC,2025-10-31 12:00:00+00:00,1761825600,109800.0,109714.8,0.46689364708165637,0.48855159697390277,0.6878937982183536,-0.021657949892246398
BTC,2025-11-01 12:00:00+00:00,1761912000,110600.0,110573.9,0.41448016021529,0.4018706543653391,0.48855159697390277,0.012609505849950908
BTC,2025-11-02 12:00:00+00:00,1761998400,110200.0,110142.1,0.1950942900988997,0.21829885503026092,0.4018706543653391,-0.02320456493136122
BTC,2025-11-03 12:00:00+00:00,1762084800,111200.0,111200.0,0.39125702345955976,0.3582742314708578,0.21829885503026092,0.032982791988701965
BTC,2025-11-04 12:00:00+00:00,1762171200,108000.0,107967.9,0.42002752179967057,0.5627525530647904,0.3582742314708578,-0.14272503126511987
BTC,2025-11-05 12:00:00+00:00,1762257600,104600.0,104582.1,0.4725058620837913,0.7384571767191637,0.5627525530647904,-0.26595131463537236
BTC,2025-11-06 12:00:00+00:00,1762344000,102000.0,101934.6,0.5007398009137494,0.45720294311869886,0.7384571767191637,0.04353685779505051
BTC,2025-11-07 12:00:00+00:00,1762430400,103000.0,103018.1,0.4298093768111051,0.5429623050505729,0.45720294311869886,-0.11315292823946776
BTC,2025-11-08 12:00:00+00:00,1762516800,100400.0,100483.8,0.47185339168892027,0.5259018192833285,0.5429623050505729,-0.0540484275944082
BTC,2025-11-09 12:00:00+00:00,1762603200,102000.0,101969.2,0.20870807008564368,0.27776126586090233,0.5259018192833285,-0.06905319577525865
BTC,2025-11-10 12:00:00+00:00,1762689600,102200.0,102152.7,0.41281595176544134,0.4123413278863352,0.27776126586090233,0.0004746238791061286
BTC,2025-11-11 12:00:00+00:00,1762776000,106000.0,105921.3,0.3872184574245333,0.4650655371733679,0.4123413278863352,-0.07784707974883459
BTC,2025-11-12 12:00:00+00:00,1762862400,105400.0,105320.6,0.3558709558097984,0.3765598738407723,0.4650655371733679,-0.02068891803097389
BTC,2025-11-13 12:00:00+00:00,1762948800,105000.0,104932.1,0.3596818259750333,0.5044987457708694,0.3765598738407723,-0.1448169197958361
BTC,2025-11-14 12:00:00+00:00,1763035200,103000.0,102994.5,0.4127346154853785,0.7374023772920256,0.5044987457708694,-0.32466776180664714
BTC,2025-11-15 12:00:00+00:00,1763121600,95800.0,95873.0,0.5921592734531481,0.6245104031079882,0.7374023772920256,-0.032351129654840105
BTC,2025-11-16 12:00:00+00:00,1763208000,95600.0,95638.7,0.25747159159791666,0.3461751575543801,0.6245104031079882,-0.08870356595646345
BTC,2025-11-17 12:00:00+00:00,1763294400,95800.0,95710.0,0.4888344534055213,0.57719425021126,0.3461751575543801,-0.08835979680573874
BTC,2025-11-18 12:00:00+00:00,1763380800,95400.0,95420.5,0.45645390703460076,0.6751050393300466,0.57719425021126,-0.21865113229544586
BTC,2025-11-19 12:00:00+00:00,1763467200,91400.0,91326.8,0.5418880288569486,0.5648775094967187,0.6751050393300466,-0.02298948063977002
BTC,2025-11-20 12:00:00+00:00,1763553600,91600.0,91505.1,0.5217664457106277,0.5715634367835926,0.5648775094967187,-0.04979699107296487
BTC,2025-11-21 12:00:00+00:00,1763640000,92000.0,91917.7,0.5603810290868845,0.8373157782431792,0.5715634367835926,-0.2769347491562947
BTC,2025-11-22 12:00:00+00:00,1763726400,82400.0,82216.5,0.8611198583954737,0.897856393785005,0.8373157782431792,-0.036736535389531366
BTC,2025-11-23 12:00:00+00:00,1763812800,84000.0,83999.8,0.33341018466843925,0.39365664404973516,0.897856393785005,-0.060246459381295914
BTC,2025-11-24 12:00:00+00:00,1763899200,86400.0,86439.9,0.557923970447542,0.5451213584354123,0.39365664404973516,0.012802612012129733
BTC,2025-11-25 12:00:00+00:00,1763985600,86200.0,86149.7,0.6282159379460982,0.48307387465920426,0.5451213584354123,0.14514206328689394
BTC,2025-11-26 12:00:00+00:00,1764072000,87600.0,87513.6,0.4883513571700391,0.5154203809628806,0.48307387465920426,-0.027069023792841485
BTC,2025-11-27 12:00:00+00:00,1764158400,86800.0,86733.0,0.4427178868709034,0.48225037043357644,0.5154203809628806,-0.039532483562673026
BTC,2025-11-28 12:00:00+00:00,1764244800,91400.0,91367.8,0.4228581918876599,0.3355002515427733,0.48225037043357644,0.08735794034488659
BTC,2025-11-29 12:00:00+00:00,1764331200,91600.0,91505.3,0.3355718608270526,0.3845800730700149,0.3355002515427733,-0.04900821224296231
BTC,2025-11-30 12:00:00+00:00,1764417600,90600.0,90696.6,0.2026833545032463,0.23950898735291198,0.3845800730700149,-0.036825632849665696
BTC,2025-12-01 12:00:00+00:00,1764504000,91000.0,91047.1,0.4170117319553963,0.4317035122565782,0.23950898735291198,-0.0146917803011819
BTC,2025-12-02 12:00:00+00:00,1764590400,86200.0,86141.6,0.5254153452567283,0.6229239909516294,0.4317035122565782,-0.09750864569490114
BTC,2025-12-03 12:00:00+00:00,1764676800,87400.0,87381.1,0.47924761590033377,0.5589698854222779,0.6229239909516294,-0.07972226952194411
BTC,2025-12-04 12:00:00+00:00,1764763200,93000.0,93052.5,0.4782443398085805,0.6140167919201827,0.5589698854222779,-0.13577245211160216
BTC,2025-12-05 12:00:00+00:00,1764849600,93000.0,92999.4,0.47402412203140554,0.4746130399300533,0.6140167919201827,-0.0005889178986477894
BTC,2025-12-06 12:00:00+00:00,1764936000,91200.0,91283.2,0.43169525826240085,0.4354207540607298,0.4746130399300533,-0.003725495798328926
BTC,2025-12-07 12:00:00+00:00,1765022400,89600.0,89611.9,0.19195375760983513,0.23690363694955874,0.4354207540607298,-0.04494987933972361
BTC,2025-12-08 12:00:00+00:00,1765108800,89200.0,89165.4,0.4744728553541023,0.5155014477763785,0.23690363694955874,-0.041028592422276244
BTC,2025-12-09 12:00:00+00:00,1765195200,91800.0,91831.9,0.4518260515511855,0.45226135233507986,0.5155014477763785,-0.00043530078389436566
BTC,2025-12-10 12:00:00+00:00,1765281600,90400.0,90450.1,0.4195937180106247,0.5031204782313516,0.45226135233507986,-0.08352676022072691
BTC,2025-12-11 12:00:00+00:00,1765368000,92000.0,92079.7,0.6720022146745785,0.5624733072079685,0.5031204782313516,0.10952890746661004
BTC,2025-12-12 12:00:00+00:00,1765454400,90200.0,90235.4,0.4185752484888769,0.4882844829303582,0.5624733072079685,-0.0697092344414813
BTC,2025-12-13 12:00:00+00:00,1765540800,92200.0,92289.2,0.4005908025244942,0.3818576305657979,0.4882844829303582,0.018733171958696282
BTC,2025-12-14 12:00:00+00:00,1765627200,90400.0,90388.1,0.1851268992597048,0.23092845549350063,0.3818576305657979,-0.04580155623379584
BTC,2025-12-15 12:00:00+00:00,1765713600,89200.0,89173.4,0.5418938927472089,0.3324023842054582,0.23092845549350063,0.2094915085417507
BTC,2025-12-16 12:00:00+00:00,1765800000,89600.0,89502.8,0.4086120725697784,0.5237144207126505,0.3324023842054582,-0.11510234814287212
BTC,2025-12-17 12:00:00+00:00,1765886400,87400.0,87304.6,0.4922582054605007,0.39533413575868587,0.5237144207126505,0.09692406970181483
BTC,2025-12-18 12:00:00+00:00,1765972800,87200.0,87179.9,0.41332904621952327,0.6703999524349934,0.39533413575868587,-0.25707090621547013
BTC,2025-12-19 12:00:00+00:00,1766059200,87400.0,87340.4,0.5659153181253265,0.7321888699247332,0.6703999524349934,-0.16627355179940673
BTC,2025-12-20 12:00:00+00:00,1766145600,88000.0,88061.6,0.5354107450512241,0.4456156925053473,0.7321888699247332,0.08979505254587677
BTC,2025-12-21 12:00:00+00:00,1766232000,88200.0,88266.8,0.17041653392330441,0.18090023391830218,0.4456156925053473,-0.010483699994997764
BTC,2025-12-22 12:00:00+00:00,1766318400,88600.0,88671.4,0.46968848096293586,0.3774567127889575,0.18090023391830218,0.09223176817397838
BTC,2025-12-23 12:00:00+00:00,1766404800,90000.0,90021.4,0.4703721392563391,0.39183692941256243,0.3774567127889575,0.07853520984377665
BTC,2025-12-24 12:00:00+00:00,1766491200,87800.0,87734.7,0.3904110585830388,0.3889388888648228,0.39183692941256243,0.0014721697182160098
BTC,2025-12-25 12:00:00+00:00,1766577600,87200.0,87182.7,0.32778138916162103,0.28802524028091214,0.3889388888648228,0.039756148880708886
BTC,2025-12-26 12:00:00+00:00,1766664000,87600.0,87561.8,0.2476896011095061,0.35724673546631114,0.28802524028091214,-0.10955713435680503
BTC,2025-12-27 12:00:00+00:00,1766750400,88600.0,88641.4,0.3522484775845441,0.26376152992817653,0.35724673546631114,0.08848694765636755
BTC,2025-12-28 12:00:00+00:00,1766836800,87400.0,87476.7,0.1493028862781,0.11735184015993348,0.26376152992817653,0.03195104611816653
BTC,2025-12-29 12:00:00+00:00,1766923200,87800.0,87856.3,0.3219011705788089,0.3173822971497879,0.11735184015993348,0.00451887342902102
BTC,2025-12-30 12:00:00+00:00,1767009600,87600.0,87591.0,0.3885674281950938,0.31948622194640675,0.3173822971497879,0.06908120624868708
BTC,2025-12-31 12:00:00+00:00,1767096000,88000.0,87973.2,0.3476496023142989,0.3261789207152624,0.31948622194640675,0.021470681599036534
BTC,2026-01-01 12:00:00+00:00,1767182400,89000.0,88956.6,0.3455016329041278,0.2274793712625359,0.3261789207152624,0.11802226164159188
BTC,2026-01-02 12:00:00+00:00,1767268800,88000.0,88017.2,0.21819088335557937,0.21306493138203977,0.2274793712625359,0.0051259519735396
BTC,2026-01-03 12:00:00+00:00,1767355200,89400.0,89445.0,0.3883674323465322,0.39973985911069615,0.21306493138203977,-0.011372426764163945
BTC,2026-01-04 12:00:00+00:00,1767441600,89800.0,89700.3,0.1915420268909493,0.23639266554040042,0.39973985911069615,-0.04485063864945113
BTC,2026-01-05 12:00:00+00:00,1767528000,91400.0,91330.6,0.35909184240722936,0.26979347714423896,0.23639266554040042,0.0892983652629904
BTC,2026-01-06 12:00:00+00:00,1767614400,93200.0,93115.8,0.424016355379124,0.3186470872662379,0.26979347714423896,0.1053692681128861
BTC,2026-01-07 12:00:00+00:00,1767700800,93800.0,93827.1,0.3580424153778432,0.42581896751788073,0.3186470872662379,-0.06777655214003753
BTC,2026-01-08 12:00:00+00:00,1767787200,92200.0,92169.9,0.38109038880726187,0.35310330257050737,0.42581896751788073,0.0279870862367545
BTC,2026-01-09 12:00:00+00:00,1767873600,90200.0,90126.0,0.3788655327935488,0.3705660469799144,0.35310330257050737,0.008299485813634377
BTC,2026-01-10 12:00:00+00:00,1767960000,90400.0,90466.8,0.3526029137296922,0.3719428553053814,0.3705660469799144,-0.01933994157568919
BTC,2026-01-11 12:00:00+00:00,1768046400,90800.0,90731.6,0.14754848967029502,0.09538925793756603,0.3719428553053814,0.05215923173272899
BTC,2026-01-12 12:00:00+00:00,1768132800,90800.0,90750.5,0.3197691875245638,0.314396157972465,0.09538925793756603,0.005373029552098785
BTC,2026-01-13 12:00:00+00:00,1768219200,90800.0,90706.0,0.33392630967408077,0.3675759358019081,0.314396157972465,-0.03364962612782735
BTC,2026-01-14 12:00:00+00:00,1768305600,92000.0,91973.0,0.3593717008781354,0.4105814120204503,0.3675759358019081,-0.05120971114231487
BTC,2026-01-15 12:00:00+00:00,1768392000,94800.0,94838.2,0.36086548285736864,0.4455074446291338,0.4105814120204503,-0.08464196177176514
BTC,2026-01-16 12:00:00+00:00,1768478400,96600.0,96650.8,0.37357763974035774,0.40213499244134177,0.4455074446291338,-0.02855735270098403
BTC,2026-01-17 12:00:00+00:00,1768564800,95400.0,95469.8,0.2882041071215481,0.27424607403759427,0.40213499244134177,0.013958033083953825
BTC,2026-01-18 12:00:00+00:00,1768651200,95400.0,95301.9,0.14240545264522733,0.13954668333930362,0.27424607403759427,0.002858769305923714
BTC,2026-01-19 12:00:00+00:00,1768737600,95200.0,95161.8,0.28159064479901313,0.34501678184102264,0.13954668333930362,-0.0634261370420095
BTC,2026-01-20 12:00:00+00:00,1768824000,93000.0,93039.0,0.3328030256468475,0.3013842564309627,0.34501678184102264,0.03141876921588477
BTC,2026-01-21 12:00:00+00:00,1768910400,91200.0,91234.9,0.3541002895958699,0.5358218125257825,0.3013842564309627,-0.18172152292991262
BTC,2026-01-22 12:00:00+00:00,1768996800,88800.0,88757.1,0.4301853179980826,0.5705862037266376,0.5358218125257825,-0.14040088572855502
BTC,2026-01-23 12:00:00+00:00,1769083200,90000.0,89985.6,0.3827811293533035,0.35243395282580997,0.5705862037266376,0.030347176527493525
BTC,2026-01-24 12:00:00+00:00,1769169600,89200.0,89236.4,0.32720686182877257,0.38298331924887374,0.35243395282580997,-0.05577645742010118
BTC,2026-01-25 12:00:00+00:00,1769256000,89600.0,89563.3,0.1362032012523643,0.1504688125319087,0.38298331924887374,-0.014265611279544399
BTC,2026-01-26 12:00:00+00:00,1769342400,88400.0,88467.6,0.36340149139567984,0.3944614259842074,0.1504688125319087,-0.03105993458852757
BTC,2026-01-27 12:00:00+00:00,1769428800,88000.0,87953.6,0.3779520930343398,0.377063519340253,0.3944614259842074,0.0008885736940867917
BTC,2026-01-28 12:00:00+00:00,1769515200,88000.0,87986.2,0.3383574795455079,0.363060036704496,0.377063519340253,-0.024702557158988114
BTC,2026-01-29 12:00:00+00:00,1769601600,90000.0,89929.7,0.401899491886493,0.3950473179842902,0.363060036704496,0.006852173902202774
BTC,2026-01-30 12:00:00+00:00,1769688000,88000.0,87912.7,0.34998477689487223,0.6139622052209572,0.3950473179842902,-0.263977428326085
BTC,2026-01-31 12:00:00+00:00,1769774400,83200.0,83260.1,0.5359878796246513,0.5594619005482898,0.6139622052209572,-0.023474020923638483
BTC,2026-02-01 12:00:00+00:00,1769860800,83000.0,83009.3,0.22045267030563737,0.7530168760333331,0.5594619005482898,-0.5325642057276958
BTC,2026-02-02 12:00:00+00:00,1769947200,78600.0,78569.3,0.5921801308684667,1.020529744031064,0.7530168760333331,-0.42834961316259723
BTC,2026-02-03 12:00:00+00:00,1770033600,78000.0,77930.7,0.6387238129077366,0.5591248094946046,1.020529744031064,0.07959900341313197
BTC,2026-02-04 12:00:00+00:00,1770120000,78000.0,78047.4,0.5196618227482723,0.78376443157974,0.5591248094946046,-0.26410260883146763
BTC,2026-02-05 12:00:00+00:00,1770206400,76200.0,76174.8,0.5566025022306966,1.0149763271932266,0.78376443157974,-0.45837382496253
BTC,2026-02-06 12:00:00+00:00,1770292800,70400.0,70495.5,0.9323360364002453,1.652027740162475,1.0149763271932266,-0.7196917037622297
BTC,2026-02-07 12:00:00+00:00,1770379200,66400.0,66417.2,0.9623226911086067,0.9669787946320892,1.652027740162475,-0.004656103523482558
BTC,2026-02-08 12:00:00+00:00,1770465600,68400.0,68407.6,0.41004841518516516,0.659631670027736,0.9669787946320892,-0.24958325484257088
BTC,2026-02-09 12:00:00+00:00,1770552000,71000.0,71032.2,0.6239681096410773,0.6715563194139982,0.659631670027736,-0.047588209772920886
BTC,2026-02-10 12:00:00+00:00,1770638400,69000.0,69073.9,0.7611519077044064,0.6114035852380646,0.6715563194139982,0.14974832246634184
BTC,2026-02-11 12:00:00+00:00,1770724800,68800.0,68711.3,0.5755956303420385,0.6206060512223788,0.6114035852380646,-0.04501042088034024
BTC,2026-02-12 12:00:00+00:00,1770811200,67000.0,66966.7,0.657792508140902,0.6842857173939688,0.6206060512223788,-0.026493209253066863
BTC,2026-02-13 12:00:00+00:00,1770897600,68000.0,67937.7,0.5605777432203414,0.6333788714296833,0.6842857173939688,-0.07280112820934193
BTC,2026-02-14 12:00:00+00:00,1770984000,67000.0,67022.3,0.5298730490433198,0.4771545075289842,0.6333788714296833,0.05271854151433558
BTC,2026-02-15 12:00:00+00:00,1771070400,70400.0,70420.6,0.2560330867714482,0.4282603559567223,0.4771545075289842,-0.1722272691852741
BTC,2026-02-16 12:00:00+00:00,1771156800,70400.0,70301.5,0.4275255683769108,0.48734759246873327,0.4282603559567223,-0.05982202409182247
BTC,2026-02-17 12:00:00+00:00,1771243200,69000.0,68928.7,0.4243433754080691,0.5542187244039132,0.48734759246873327,-0.12987534899584408
BTC,2026-02-18 12:00:00+00:00,1771329600,68000.0,67912.2,0.48260284836469797,0.5451259314501002,0.5542187244039132,-0.06252308308540228
BTC,2026-02-19 12:00:00+00:00,1771416000,67400.0,67485.1,0.4787843718802979,0.4898008321103321,0.5451259314501002,-0.01101646023003422
BTC,2026-02-20 12:00:00+00:00,1771502400,66400.0,66439.7,0.4884423257030256,0.48972226417617826,0.4898008321103321,-0.0012799384731526642
BTC,2026-02-21 12:00:00+00:00,1771588800,67400.0,67394.0,0.4843666171853019,0.47977027614285994,0.48972226417617826,0.004596341042441943
BTC,2026-02-22 12:00:00+00:00,1771675200,68200.0,68114.7,0.20162325466026415,0.22850091613068793,0.47977027614285994,-0.02687766147042378
BTC,2026-02-23 12:00:00+00:00,1771761600,68200.0,68134.9,0.39733547265212943,0.500372758734655,0.22850091613068793,-0.1030372860825256
BTC,2026-02-24 12:00:00+00:00,1771848000,66200.0,66182.7,0.5618213930838305,0.6186902089712888,0.500372758734655,-0.05686881588745829
BTC,2026-02-25 12:00:00+00:00,1771934400,63200.0,63145.3,0.5790613979399757,0.60308720541838,0.6186902089712888,-0.024025807478404326
BTC,2026-02-26 12:00:00+00:00,1772020800,65400.0,65414.4,0.41262077880991455,0.6180581533629519,0.60308720541838,-0.20543737455303734
BTC,2026-02-27 12:00:00+00:00,1772107200,68200.0,68166.0,0.5415057484461533,0.56258867346849,0.6180581533629519,-0.021082925022336663
BTC,2026-02-28 12:00:00+00:00,1772193600,66000.0,66046.0,0.5842064298307734,0.6038850673629813,0.56258867346849,-0.019678637532207888
BTC,2026-03-01 12:00:00+00:00,1772280000,63800.0,63864.4,0.4433617487298499,0.6987378473462784,0.6038850673629813,-0.2553760986164285
BTC,2026-03-02 12:00:00+00:00,1772366400,66400.0,66482.6,0.5908167342010047,0.6663933750821612,0.6987378473462784,-0.07557664088115656
BTC,2026-03-03 12:00:00+00:00,1772452800,66400.0,66378.7,0.587896176812898,0.6856292476946092,0.6663933750821612,-0.09773307088171124
BTC,2026-03-04 12:00:00+00:00,1772539200,67200.0,67238.7,0.6249599406204365,0.7708467067246872,0.6856292476946092,-0.14588676610425078
BTC,2026-03-05 12:00:00+00:00,1772625600,71000.0,70996.2,0.6358370963876769,0.6441526011587054,0.7708467067246872,-0.008315504771028492
BTC,2026-03-06 12:00:00+00:00,1772712000,72800.0,72808.0,0.5863735356912183,0.5613196970404609,0.6441526011587054,0.025053838650757387
BTC,2026-03-07 12:00:00+00:00,1772798400,70200.0,70160.2,0.5558993979708781,0.5061641348823456,0.5613196970404609,0.04973526308853249
BTC,2026-03-08 12:00:00+00:00,1772884800,68000.0,68078.4,0.2706588677272688,0.31272736783056804,0.5061641348823456,-0.04206850010329921
BTC,2026-03-09 12:00:00+00:00,1772971200,67600.0,67624.8,0.6329722081770106,0.6611548190798671,0.31272736783056804,-0.028182610902856453
BTC,2026-03-10 12:00:00+00:00,1773057600,67800.0,67872.6,0.6312263678642769,0.595790326892798,0.6611548190798671,0.0354360409714789
BTC,2026-03-11 12:00:00+00:00,1773144000,70400.0,70480.6,0.5167429760298328,0.5664372844800053,0.595790326892798,-0.04969430845017253
BTC,2026-03-12 12:00:00+00:00,1773230400,69000.0,69089.3,0.5544251220204897,0.5353854876792253,0.5664372844800053,0.019039634341264322
BTC,2026-03-13 12:00:00+00:00,1773316800,70400.0,70348.4,0.5078246080809998,0.51325364561252,0.5353854876792253,-0.005429037531520131
BTC,2026-03-14 12:00:00+00:00,1773403200,72400.0,72392.4,0.4965883539271141,0.4610730800563393,0.51325364561252,0.0355152738707748
BTC,2026-03-15 12:00:00+00:00,1773489600,70800.0,70778.2,0.2364061460714238,0.23902629949383392,0.4610730800563393,-0.002620153422410121
BTC,2026-03-16 12:00:00+00:00,1773576000,71800.0,71766.8,0.4952315781693524,0.5165310509185388,0.23902629949383392,-0.021299472749186366
BTC,2026-03-17 12:00:00+00:00,1773662400,73600.0,73615.4,0.5025799966838695,0.5541382905909792,0.5165310509185388,-0.05155829390710964
BTC,2026-03-18 12:00:00+00:00,1773748800,74000.0,74061.5,0.4905185784987767,0.41837391549413955,0.5541382905909792,0.07214466300463718
BTC,2026-03-19 12:00:00+00:00,1773835200,73000.0,72936.6,0.5572072785091369,0.4721758862489165,0.41837391549413955,0.08503139226022038
BTC,2026-03-20 12:00:00+00:00,1773921600,69800.0,69841.5,0.5638324525688662,0.4977205680792851,0.4721758862489165,0.06611188448958105
BTC,2026-03-21 12:00:00+00:00,1774008000,70400.0,70495.2,0.5221883157024734,0.3885718018739675,0.4977205680792851,0.13361651382850587
BTC,2026-03-22 12:00:00+00:00,1774094400,70800.0,70727.9,0.19486098946948693,0.39848805596542314,0.3885718018739675,-0.2036270664959362
BTC,2026-03-23 12:00:00+00:00,1774180800,68200.0,68220.0,0.5734322167021219,0.8785858469812383,0.39848805596542314,-0.30515363027911646
BTC,2026-03-24 12:00:00+00:00,1774267200,70000.0,69928.5,0.6312202963566421,0.4654369036865844,0.8785858469812383,0.1657833926700577
BTC,2026-03-25 12:00:00+00:00,1774353600,71000.0,71013.3,0.5248125437989555,0.47958616850336394,0.4654369036865844,0.04522637529559154
BTC,2026-03-26 12:00:00+00:00,1774440000,71800.0,71792.7,0.48243434079957476,0.423491185674678,0.47958616850336394,0.058943155124896784
BTC,2026-03-27 12:00:00+00:00,1774526400,69400.0,69336.5,0.52348194292782,0.49350216181237766,0.423491185674678,0.02997978111544236
BTC,2026-03-28 12:00:00+00:00,1774612800,66600.0,66644.2,0.5838897440685021,0.35324211632567176,0.49350216181237766,0.23064762774283037
BTC,2026-03-29 12:00:00+00:00,1774699200,66200.0,66299.8,0.24896573663472954,0.27492991505087594,0.35324211632567176,-0.0259641784161464
BTC,2026-03-30 12:00:00+00:00,1774785600,66800.0,66793.5,0.45168360354991355,0.5569375843181196,0.27492991505087594,-0.10525398076820602
BTC,2026-03-31 12:00:00+00:00,1774872000,67800.0,67785.6,0.4605568786930483,0.47691082302798465,0.5569375843181196,-0.016353944334936366
BTC,2026-04-01 12:00:00+00:00,1774958400,66800.0,66763.5,0.4790245636457741,0.54767920658248,0.47691082302798465,-0.06865464293670592
BTC,2026-04-02 12:00:00+00:00,1775044800,68600.0,68505.2,0.4677237887275897,0.47244249696441853,0.54767920658248,-0.00471870823682885
BTC,2026-04-03 12:00:00+00:00,1775131200,66200.0,66188.2,0.48437434843141014,0.3823452363252019,0.47244249696441853,0.10202911210620824
BTC,2026-04-04 12:00:00+00:00,1775217600,67000.0,67015.6,0.30933955259018847,0.17937028998584054,0.3823452363252019,0.12996926260434793
BTC,2026-04-05 12:00:00+00:00,1775304000,67200.0,67156.0,0.17796244203508613,0.17042752802412542,0.17937028998584054,0.007534914010960708
BTC,2026-04-06 12:00:00+00:00,1775390400,67000.0,66925.4,0.3128924254081514,0.40139532957593027,0.17042752802412542,-0.0885029041677789
BTC,2026-04-07 12:00:00+00:00,1775476800,69600.0,69578.4,0.4379502674237596,0.3715818749648996,0.40139532957593027,0.06636839245886
BTC,2026-04-08 12:00:00+00:00,1775563200,68400.0,68394.5,0.49066179708901364,0.5308187501359224,0.3715818749648996,-0.04015695304690875
BTC,2026-04-09 12:00:00+00:00,1775649600,71800.0,71720.7,0.4004825428875301,0.4108992824847927,0.5308187501359224,-0.010416739597262581
BTC,2026-04-10 12:00:00+00:00,1775736000,71200.0,71202.4,0.40241069617482794,0.4873156008541063,0.4108992824847927,-0.08490490467927836
BTC,2026-04-11 12:00:00+00:00,1775822400,72200.0,72183.8,0.4135135569842459,0.3220276290720966,0.4873156008541063,0.09148592791214932
BTC,2026-04-12 12:00:00+00:00,1775908800,73000.0,72925.2,0.21084409671289683,0.3624467369702846,0.3220276290720966,-0.1516026402573878
BTC,2026-04-13 12:00:00+00:00,1775995200,71400.0,71392.8,0.4035015522380938,0.32548514783236443,0.3624467369702846,0.07801640440572938
BTC,2026-04-14 12:00:00+00:00,1776081600,70800.0,70847.6,0.433972929014788,0.46203572262739706,0.32548514783236443,-0.02806279361260905
BTC,2026-04-15 12:00:00+00:00,1776168000,74400.0,74425.1,0.4396285663522176,0.4540298189441077,0.46203572262739706,-0.014401252591890124
BTC,2026-04-16 12:00:00+00:00,1776254400,74200.0,74142.1,0.403835699942119,0.3936734123156766,0.4540298189441077,0.01016228762644239
BTC,2026-04-17 12:00:00+00:00,1776340800,74800.0,74743.1,0.3962412357034482,0.5257070123584376,0.3936734123156766,-0.12946577665498943
BTC,2026-04-18 12:00:00+00:00,1776427200,75600.0,75584.5,0.37960921626389643,0.4065081511440539,0.5257070123584376,-0.026898934880157488
BTC,2026-04-19 12:00:00+00:00,1776513600,76200.0,76231.9,0.210905324884643,0.24380337241030806,0.4065081511440539,-0.03289804752566505
BTC,2026-04-20 12:00:00+00:00,1776600000,75600.0,75638.7,0.37468484959173476,0.42171672270391963,0.24380337241030806,-0.047031873112184874
BTC,2026-04-21 12:00:00+00:00,1776686400,75200.0,75189.7,0.4147345779363516,0.38063419822631867,0.42171672270391963,0.034100379710032935
BTC,2026-04-22 12:00:00+00:00,1776772800,76400.0,76399.9,0.41580451266565066,0.48110484942222065,0.38063419822631867,-0.06530033675656999
BTC,2026-04-23 12:00:00+00:00,1776859200,78400.0,78312.8,0.3840445865400295,0.3740135753203093,0.48110484942222065,0.010031011219720165
BTC,2026-04-24 12:00:00+00:00,1776945600,77800.0,77766.1,0.41332829323819953,0.3771607113638291,0.3740135753203093,0.036167581874370414
BTC,2026-04-25 12:00:00+00:00,1777032000,78200.0,78217.7,0.3578320426986815,0.23873765251363727,0.3771607113638291,0.11909439018504425
BTC,2026-04-26 12:00:00+00:00,1777118400,77600.0,77642.1,0.17022767072426176,0.17501411353633292,0.23873765251363727,-0.004786442812071162
BTC,2026-04-27 12:00:00+00:00,1777204800,78000.0,78056.1,0.3203002475207698,0.36713284453650813,0.17501411353633292,-0.04683259701573833
BTC,2026-04-28 12:00:00+00:00,1777291200,77800.0,77746.3,0.3159368500793419,0.3355028264584443,0.36713284453650813,-0.0195659763791024
BTC,2026-04-29 12:00:00+00:00,1777377600,76200.0,76205.7,0.3442200149269076,0.2692144580337749,0.3355028264584443,0.07500555689313271
BTC,2026-04-30 12:00:00+00:00,1777464000,77400.0,77479.7,0.3348956731575621,0.41863147149569074,0.2692144580337749,-0.08373579833812866
BTC,2026-05-01 12:00:00+00:00,1777550400,76200.0,76110.8,0.3577735289049186,0.25789365859144814,0.41863147149569074,0.09987987031347045
BTC,2026-05-02 12:00:00+00:00,1777636800,77400.0,77472.2,0.27134230559774036,0.28045798497124924,0.25789365859144814,-0.009115679373508878
BTC,2026-05-03 12:00:00+00:00,1777723200,78200.0,78133.8,0.14628800064441597,0.18784068949371494,0.28045798497124924,-0.04155268884929897
BTC,2026-05-04 12:00:00+00:00,1777809600,78800.0,78741.4,0.30193482469312216,0.420081477347503,0.18784068949371494,-0.11814665265438085
BTC,2026-05-05 12:00:00+00:00,1777896000,78800.0,78814.3,0.3528776455393708,0.39730033329967857,0.420081477347503,-0.04442268776030778
BTC,2026-05-06 12:00:00+00:00,1777982400,81000.0,81000.1,0.3661643062904797,0.32544341493766304,0.39730033329967857,0.040720891352816646
BTC,2026-05-07 12:00:00+00:00,1778068800,82400.0,82368.8,0.3791179870443237,0.30166106766020667,0.32544341493766304,0.07745691938411703
BTC,2026-05-08 12:00:00+00:00,1778155200,81000.0,80979.9,0.3137940560788266,0.30268030440767607,0.30166106766020667,0.011113751671150529
BTC,2026-05-09 12:00:00+00:00,1778241600,80200.0,80234.4,0.31250556475508123,0.2570884990878918,0.30268030440767607,0.05541706566718946
BTC,2026-05-10 12:00:00+00:00,1778328000,80400.0,80360.2,0.1569685935438458,0.13889673507038444,0.2570884990878918,0.01807185847346135
BTC,2026-05-11 12:00:00+00:00,1778414400,80800.0,80801.8,0.2433589430762968,0.3613329445649997,0.13889673507038444,-0.1179740014887029
BTC,2026-05-12 12:00:00+00:00,1778500800,81200.0,81170.4,0.28636385951074855,0.31251407252389374,0.3613329445649997,-0.026150213013145185
BTC,2026-05-13 12:00:00+00:00,1778587200,80800.0,80750.4,0.3345099066884359,0.26642791339404304,0.31251407252389374,0.06808199329439285
BTC,2026-05-14 12:00:00+00:00,1778673600,80600.0,80579.7,0.30492490246980597,0.30091708025633024,0.26642791339404304,0.004007822213475731
BTC,2026-05-15 12:00:00+00:00,1778760000,79400.0,79371.8,0.3990958191147743,0.40161653605172454,0.30091708025633024,-0.002520716936950218
BTC,2026-05-16 12:00:00+00:00,1778846400,80600.0,80518.7,0.3162365591286202,0.2886629059919781,0.40161653605172454,0.027573653136642118
BTC,2026-05-17 12:00:00+00:00,1778932800,78200.0,78107.7,0.19916306899112896,0.16919234760658647,0.2886629059919781,0.029970721384542487
BTC,2026-05-18 12:00:00+00:00,1779019200,78400.0,78387.4,0.33163877438614625,0.2960544500067736,0.16919234760658647,0.035584324379372645
BTC,2026-05-19 12:00:00+00:00,1779105600,77200.0,77276.6,0.37750647135293935,0.3351919126346176,0.2960544500067736,0.04231455871832174
BTC,2026-05-20 12:00:00+00:00,1779192000,76800.0,76738.5,0.32468896536890646,0.2911600708225709,0.3351919126346176,0.033528894546335564
BTC,2026-05-21 12:00:00+00:00,1779278400,77400.0,77463.9,0.2966780844323188,0.28121083919861395,0.2911600708225709,0.015467245233704852
BTC,2026-05-22 12:00:00+00:00,1779364800,77200.0,77278.3,0.3100442303692452,0.29806437060934654,0.28121083919861395,0.011979859759898681
BTC,2026-05-23 12:00:00+00:00,1779451200,77400.0,77440.1,0.2202210605918648,0.3274190715944951,0.29806437060934654,-0.10719801100263032
BTC,2026-05-24 12:00:00+00:00,1779537600,74800.0,74764.9,0.18503208440294877,0.2971759666491449,0.3274190715944951,-0.11214388224619615
BTC,2026-05-25 12:00:00+00:00,1779624000,77200.0,77256.8,0.2939203837933626,0.2964803383754466,0.2971759666491449,-0.0025599545820839675
BTC,2026-05-26 12:00:00+00:00,1779710400,77400.0,77317.7,0.2628932078841946,0.2205225339167882,0.2964803383754466,0.04237067396740643
BTC,2026-05-27 12:00:00+00:00,1779796800,77200.0,77221.5,0.2783594543481071,0.3660282562819856,0.2205225339167882,-0.08766880193387849
BTC,2026-05-28 12:00:00+00:00,1779883200,75800.0,75751.4,0.31919587770190744,0.3713237948195241,0.3660282562819856,-0.05212791711761666
BTC,2026-05-29 12:00:00+00:00,1779969600,73500.0,73480.5,0.3421275431288122,0.33843679117265296,0.3713237948195241,0.003690751956159255
BTC,2026-05-30 12:00:00+00:00,1780056000,73400.0,73425.0,0.3160321226620141,0.34345782863220753,0.33843679117265296,-0.027425705970193448
BTC,2026-05-31 12:00:00+00:00,1780142400,73600.0,73599.7,0.15998147885488614,0.17905237983390943,0.34345782863220753,-0.01907090097902328
BTC,2026-06-01 12:00:00+00:00,1780228800,73800.0,73878.3,0.27508330260312147,0.2779465932529707,0.17905237983390943,-0.0028632906498492483
BTC,2026-06-02 12:00:00+00:00,1780315200,72400.0,72322.7,0.34428729216018367,0.4402137762040848,0.2779465932529707,-0.09592648404390114
BTC,2026-06-03 12:00:00+00:00,1780401600,69400.0,69486.2,0.4159870103749312,0.6342499388754801,0.4402137762040848,-0.2182629285005489
BTC,2026-06-04 12:00:00+00:00,1780488000,67200.0,67115.2,0.4838148456188893,0.8773797018406156,0.6342499388754801,-0.3935648562217263
BTC,2026-06-05 12:00:00+00:00,1780574400,62600.0,62672.4,0.7361033351113311,0.8302808204095224,0.8773797018406156,-0.09417748529819137
BTC,2026-06-06 12:00:00+00:00,1780660800,61600.0,61659.4,0.7000439149133715,0.9656079091075802,0.8302808204095224,-0.26556399419420873
BTC,2026-06-07 12:00:00+00:00,1780747200,61000.0,60930.1,0.41493121345387257,0.427720700798648,0.9656079091075802,-0.012789487344775419
BTC,2026-06-08 12:00:00+00:00,1780833600,62600.0,62634.5,0.5671617105244733,0.8011093792976831,0.427720700798648,-0.23394766877320983
BTC,2026-06-09 12:00:00+00:00,1780920000,62800.0,62868.5,0.6567332997029527,0.4819921150289499,0.8011093792976831,0.1747411846740028
BTC,2026-06-10 12:00:00+00:00,1781006400,62800.0,62818.0,0.4477598773893547,0.5112212616652688,0.4819921150289499,-0.06346138427591413
BTC,2026-06-11 12:00:00+00:00,1781092800,61000.0,61089.1,0.6139935140024226,0.54030009745604,0.5112212616652688,0.07369341654638262
BTC,2026-06-12 12:00:00+00:00,1781179200,63000.0,63073.2,0.42017720279445603,0.4341146372679415,0.54030009745604,-0.0139374344734855
BTC,2026-06-13 12:00:00+00:00,1781265600,63600.0,63677.3,0.35115267399233596,0.3348816947846506,0.4341146372679415,0.016270979207685388
BTC,2026-06-14 12:00:00+00:00,1781352000,64000.0,63959.4,0.17974524969996852,0.22438087382368518,0.3348816947846506,-0.04463562412371666
BTC,2026-06-15 12:00:00+00:00,1781438400,64600.0,64548.0,0.3515454375344092,0.38456595304066576,0.22438087382368518,-0.033020515506256565
BTC,2026-06-16 12:00:00+00:00,1781524800,66200.0,66150.0,0.336129214052152,0.38159962789238094,0.38456595304066576,-0.04547041384022893
BTC,2026-06-17 12:00:00+00:00,1781611200,66400.0,66409.8,0.33465952056318343,0.3540929184710319,0.38159962789238094,-0.019433397907848482
BTC,2026-06-18 12:00:00+00:00,1781697600,64800.0,64827.0,0.41727449362482977,0.5584600143862387,0.3540929184710319,-0.14118552076140894
BTC,2026-06-19 12:00:00+00:00,1781784000,64000.0,63998.8,0.3592751352979656,0.4531251780316488,0.5584600143862387,-0.09385004273368319
BTC,2026-06-20 12:00:00+00:00,1781870400,62600.0,62673.8,0.35207372814694243,0.31748212907076084,0.4531251780316488,0.03459159907618159
BTC,2026-06-21 12:00:00+00:00,1781956800,63600.0,63695.3,0.18330259704159943,0.28190426447895256,0.31748212907076084,-0.09860166743735313
BTC,2026-06-22 12:00:00+00:00,1782043200,64200.0,64191.3,0.3231268645771008,0.38009974133410335,0.28190426447895256,-0.05697287675700252
BTC,2026-06-23 12:00:00+00:00,1782129600,64800.0,64765.5,0.3662682493632361,0.3905810691534108,0.38009974133410335,-0.02431281979017469
BTC,2026-06-24 12:00:00+00:00,1782216000,62400.0,62461.4,0.43388582997926417,0.3549743500013683,0.3905810691534108,0.07891147997789588
BTC,2026-06-25 12:00:00+00:00,1782302400,63000.0,62939.8,0.32333408781674444,0.5026274190627099,0.3549743500013683,-0.17929333124596547
BTC,2026-06-26 12:00:00+00:00,1782388800,61200.0,61241.6,0.48366489359739306,0.8229968270362533,0.5026274190627099,-0.33933193343886026
BTC,2026-06-27 12:00:00+00:00,1782475200,59400.0,59432.2,0.6065535086138445,0.5086021374319777,0.8229968270362533,0.09795137118186681
BTC,2026-06-28 12:00:00+00:00,1782561600,60400.0,60343.3,0.20583350651243598,0.28944754305372095,0.5086021374319777,-0.08361403654128496
BTC,2026-06-29 12:00:00+00:00,1782648000,60400.0,60349.5,0.4418032290558109,0.48287794245275373,0.28944754305372095,-0.04107471339694285
BTC,2026-06-30 12:00:00+00:00,1782734400,60400.0,60343.7,0.49466900838946826,0.4880774421772598,0.48287794245275373,0.006591566212208466
BTC,2026-07-01 12:00:00+00:00,1782820800,59000.0,59068.5,0.46925496344357964,0.4540792306600274,0.4880774421772598,0.01517573278355222
BTC,2026-07-02 12:00:00+00:00,1782907200,58600.0,58536.2,0.4618964496388267,0.4976110624967832,0.4540792306600274,-0.03571461285795652
BTC,2026-07-03 12:00:00+00:00,1782993600,61400.0,61310.2,0.4485909050197868,0.3996627425816759,0.4976110624967832,0.048928162438110934
BTC,2026-07-04 12:00:00+00:00,1783080000,62200.0,62140.8,0.29107569231129055,0.2959316547298369,0.3996627425816759,-0.004855962418546356
BTC,2026-07-05 12:00:00+00:00,1783166400,62600.0,62551.9,0.19546536302770035,0.2429705698847709,0.2959316547298369,-0.04750520685707055
BTC,2026-07-06 12:00:00+00:00,1783252800,62600.0,62594.2,0.3222367068490792,0.3770795586862324,0.2429705698847709,-0.054842851837153206
BTC,2026-07-07 12:00:00+00:00,1783339200,62000.0,61920.5,0.4858102571857831,0.49341565697600137,0.3770795586862324,-0.007605399790218292
BTC,2026-07-08 12:00:00+00:00,1783425600,63400.0,63491.1,0.3538453902112308,0.45487947792187466,0.49341565697600137,-0.10103408771064387
BTC,2026-07-09 12:00:00+00:00,1783512000,62200.0,62293.7,0.43031852558920974,0.4005029319034191,0.45487947792187466,0.02981559368579062
BTC,2026-07-10 12:00:00+00:00,1783598400,62800.0,62700.3,0.3955786976667037,0.36787744553592405,0.4005029319034191,0.027701252130779674
BTC,2026-07-11 12:00:00+00:00,1783684800,64400.0,64387.2,0.3329433226782799,0.22697634333606542,0.36787744553592405,0.1059669793422145
BTC,2026-07-12 12:00:00+00:00,1783771200,64200.0,64215.0,0.17559148479831563,0.2246337376914741,0.22697634333606542,-0.04904225289315847
BTC,2026-07-13 12:00:00+00:00,1783857600,64000.0,63977.8,0.29177145116517494,0.3284902514518944,0.2246337376914741,-0.03671880028671948
BTC,2026-07-14 12:00:00+00:00,1783944000,62800.0,62884.7,0.3501967254215552,0.29203718340243734,0.3284902514518944,0.05815954201911788
BTC,2026-07-15 12:00:00+00:00,1784030400,62800.0,62822.7,0.37104895787257736,0.40021074776430493,0.29203718340243734,-0.029161789891727574
BTC,2026-07-16 12:00:00+00:00,1784116800,64800.0,64738.1,0.3239778469038174,0.3407673256046628,0.40021074776430493,-0.01678947870084535
BTC,2026-07-17 12:00:00+00:00,1784203200,64200.0,64171.9,0.36888831860031457,0.3160544006827688,0.3407673256046628,0.05283391791754577
BTC,2026-07-18 12:00:00+00:00,1784289600,63200.0,63284.1,0.30391589010681275,0.2904921588976195,0.3160544006827688,0.013423731209193268
BTC,2026-07-19 12:00:00+00:00,1784376000,64200.0,64132.0,0.16178695315661495,0.16146841996307154,0.2904921588976195,0.00031853319354341325
BTC,2026-07-20 12:00:00+00:00,1784462400,64400.0,64422.3,0.269999534645044,0.36963450007456705,0.16146841996307154,-0.09963496542952305
BTC,2026-07-21 12:00:00+00:00,1784548800,64800.0,64810.2,0.33742956164854443,0.33912587979318803,0.36963450007456705,-0.0016963181446436049
BTC,2026-07-22 12:00:00+00:00,1784635200,66200.0,66276.2,0.3347951215566336,0.27325841299509757,0.33912587979318803,0.061536708561536035
BTC,2026-07-23 12:00:00+00:00,1784721600,66000.0,65944.7,0.31812662512319295,0.260906746021411,0.27325841299509757,0.057219879101781945
BTC,2026-07-24 12:00:00+00:00,1784808000,65600.0,65564.4,0.31036907472672176,0.28802859762229027,0.260906746021411,0.02234047710443149
BTC,2026-07-25 12:00:00+00:00,1784894400,65000.0,65015.5,0.2904238523718421,0.26261614285904283,0.28802859762229027,0.02780770951279926
BTC,2026-07-26 12:00:00+00:00,1784980800,64000.0,64076.6,0.16137721814018588,0.11258644181469742,0.26261614285904283,0.048790776325488464
BTC,2026-07-27 12:00:00+00:00,1785067200,64600.0,64558.1,0.240767979379505,0.21862520914306377,0.11258644181469742,0.022142770236441234
BTC,2026-07-28 12:00:00+00:00,1785153600,65200.0,65208.3,0.30579042277843005,0.357673187736342,0.21862520914306377,-0.05188276495791194
BTC,2026-07-29 12:00:00+00:00,1785240000,63600.0,63532.2,0.2979277281697512,0.35270622276274627,0.357673187736342,-0.05477849459299505
BTC,2026-07-30 12:00:00+00:00,1785326400,64400.0,64465.3,0.4024426613561391,0.3787478422650016,0.35270622276274627,0.02369481909113752
BTC,2026-07-31 12:00:00+00:00,1785412800,64800.0,64861.4,0.3174945540539299,0.3163755793449899,0.3787478422650016,0.0011189747089400126
BTC,2026-08-01 12:00:00+00:00,1785499200,63800.0,63768.2,0.30739547264559985,0.2306172496647113,0.3163755793449899,0.07677822298088854
BTC,2026-08-02 12:00:00+00:00,1785585600,63200.0,63102.7,0.1558153247947794,0.22370277866184654,0.2306172496647113,-0.06788745386706715
BTC,2026-08-03 12:00:00+00:00,1785672000,63200.0,63105.9,0.2618147094748012,0.2252275872879649,0.22370277866184654,0.03658712218683627
BTC,2026-08-04 12:00:00+00:00,1785758400,62600.0,62547.1,0.31683193394520426,0.3078086996357292,0.2252275872879649,0.009023234309475048
BTC,2026-08-05 12:00:00+00:00,1785844800,63800.0,63871.5,0.28290889085387133,0.28062516707851626,0.3078086996357292,0.002283723775355073
BTC,2026-08-06 12:00:00+00:00,1785931200,64200.0,64111.4,0.2654199749937372,0.26733042295562537,0.28062516707851626,-0.001910447961888162
BTC,2026-08-07 12:00:00+00:00,1786017600,64600.0,64556.5,0.26624689622389563,0.23747533537317736,0.26733042295562537,0.028771560850718275
BTC,2026-08-08 12:00:00+00:00,1786104000,65000.0,65046.0,0.2953977199809208,0.18615153285163824,0.23747533537317736,0.10924618712928255
BTC,2026-08-09 12:00:00+00:00,1786190400,65000.0,64956.2,0.12497373910061106,0.08877654235136186,0.18615153285163824,0.036197196749249205
BTC,2026-08-10 12:00:00+00:00,1786276800,65000.0,64925.0,0.20991048027015635,0.21412321823238334,0.08877654235136186,-0.004212737962226987
BTC,2026-08-11 12:00:00+00:00,1786363200,65200.0,65188.2,0.2414444954824379,0.22459180184264363,0.21412321823238334,0.016852693639794275
BTC,2026-08-12 12:00:00+00:00,1786449600,64400.0,64415.9,0.21930887108432978,0.2169950800549372,0.22459180184264363,0.002313791029392581
BTC,2026-08-13 12:00:00+00:00,1786536000,64200.0,64269.4,0.3316743181750436,0.23664667045961707,0.2169950800549372,0.09502764771542654
BTC,2026-08-14 12:00:00+00:00,1786622400,63500.0,63460.3,0.2898498511582275,0.26952588733069827,0.23664667045961707,0.020323963827529212
BTC,2026-08-15 12:00:00+00:00,1786708800,62800.0,62867.7,0.2309135701901654,0.1555949668285938,0.26952588733069827,0.07531860336157159
BTC,2026-08-16 12:00:00+00:00,1786795200,63000.0,62998.0,0.11567546220651273,0.07731513171165925,0.1555949668285938,0.038360330494853476
BTC,2026-08-17 12:00:00+00:00,1786881600,63000.0,63014.4,0.1777682375725922,0.19684601061074275,0.07731513171165925,-0.01907777303815056
BTC,2026-08-18 12:00:00+00:00,1786968000,63600.0,63618.4,0.21219456227762126,0.23480298800306007,0.19684601061074275,-0.022608425725438808
BTC,2026-08-19 12:00:00+00:00,1787054400,64400.0,64339.8,0.19849838773336234,0.21772539737664162,0.23480298800306007,-0.01922700964327928
BTC,2026-08-20 12:00:00+00:00,1787140800,64400.0,64482.4,0.22969931708425428,0.6996461923177687,0.21772539737664162,-0.4699468752335144
BTC,2026-08-21 12:00:00+00:00,1787227200,71800.0,71796.0,0.54393548530114,0.8055217182704494,0.6996461923177687,-0.2615862329693094
BTC,2026-08-22 12:00:00+00:00,1787313600,76600.0,76658.6,0.6094693935378364,0.6298217227695426,0.8055217182704494,-0.020352329231706268
BTC,2026-08-23 12:00:00+00:00,1787400000,77200.0,77131.2,0.3509196651259059,0.33650799658983316,0.6298217227695426,0.01441166853607273
BTC,2026-08-24 12:00:00+00:00,1787486400,77200.0,77191.9,0.4177397088275906,0.4173045560733894,0.33650799658983316,0.0004351527542011957
ETH,2024-02-07 12:00:00+00:00,1707220800,2320.0,2328.57,0.39259411587516263,0.37382902455925954,0.3531429138450834,0.018765091315903093
ETH,2024-02-08 12:00:00+00:00,1707307200,2360.0,2362.01,0.34362234067605346,0.3913374169794934,0.37382902455925954,-0.04771507630343996
ETH,2024-02-09 12:00:00+00:00,1707393600,2420.0,2429.11,0.4135724878317287,0.38847163855809164,0.3913374169794934,0.025100849273637038
ETH,2024-02-10 12:00:00+00:00,1707480000,2500.0,2504.72,0.48735042900632836,0.39777625522280924,0.38847163855809164,0.08957417378351912
ETH,2024-02-11 12:00:00+00:00,1707566400,2480.0,2482.92,0.18701335907108768,0.2722243073330607,0.39777625522280924,-0.08521094826197301
ETH,2024-02-12 12:00:00+00:00,1707652800,2540.0,2531.67,0.35556996005666297,0.31081531997480766,0.2722243073330607,0.04475464008185531
ETH,2024-02-13 12:00:00+00:00,1707739200,2480.0,2488.07,0.3963848995050793,0.49705322043678374,0.31081531997480766,-0.10066832093170441
ETH,2024-02-14 12:00:00+00:00,1707825600,2680.0,2677.54,0.5913470321574107,0.683913794081036,0.49705322043678374,-0.09256676192362534
ETH,2024-02-15 12:00:00+00:00,1707912000,2760.0,2755.51,0.6291620733490786,0.49373353235401146,0.683913794081036,0.13542854099506713
ETH,2024-02-16 12:00:00+00:00,1707998400,2800.0,2801.33,0.5646018211132715,0.6116033786284502,0.49373353235401146,-0.04700155751517865
ETH,2024-02-17 12:00:00+00:00,1708084800,2820.0,2819.77,0.5098014814936314,0.4744323294544433,0.6116033786284502,0.035369152039188057
ETH,2024-02-18 12:00:00+00:00,1708171200,2780.0,2779.85,0.2512910536646046,0.381344259573015,0.4744323294544433,-0.1300532059084104
ETH,2024-02-19 12:00:00+00:00,1708257600,2800.0,2802.49,0.3758382231499225,0.5118176397963752,0.381344259573015,-0.1359794166464527
ETH,2024-02-20 12:00:00+00:00,1708344000,2900.0,2906.67,0.5349260905394826,0.5492061499724378,0.5118176397963752,-0.014280059432955183
ETH,2024-02-21 12:00:00+00:00,1708430400,2940.0,2934.49,0.5956276219893404,0.6383983656755923,0.5492061499724378,-0.04277074368625189
ETH,2024-02-22 12:00:00+00:00,1708516800,2900.0,2900.03,0.6559776617355125,0.6076017215155377,0.6383983656755923,0.04837594021997482
ETH,2024-02-23 12:00:00+00:00,1708603200,2980.0,2989.22,0.6726450912695775,0.5850401570580749,0.6076017215155377,0.08760493421150262
ETH,2024-02-24 12:00:00+00:00,1708689600,2940.0,2938.49,0.5817524156399309,0.3793357571738936,0.5850401570580749,0.20241665846603724
ETH,2024-02-25 12:00:00+00:00,1708776000,2960.0,2959.44,0.22818689316026142,0.3526142298108937,0.3793357571738936,-0.12442733665063227
ETH,2024-02-26 12:00:00+00:00,1708862400,3040.0,3043.78,0.4248299106996663,0.4440613251406225,0.3526142298108937,-0.019231414440956218
ETH,2024-02-27 12:00:00+00:00,1708948800,3060.0,3055.45,0.577671941708663,0.6400243161969439,0.4440613251406225,-0.062352374488280904
ETH,2024-02-28 12:00:00+00:00,1709035200,3260.0,3252.71,0.6316138201559239,0.6018910847443957,0.6400243161969439,0.029722735411528256
ETH,2024-02-29 12:00:00+00:00,1709121600,3300.0,3300.93,0.7475067364581486,1.3024038020628832,0.6018910847443957,-0.5548970656047346
ETH,2024-03-01 12:00:00+00:00,1709208000,3500.0,3501.3,0.924950003962072,0.7663504234540012,1.3024038020628832,0.15859958050807088
ETH,2024-03-02 12:00:00+00:00,1709294400,3420.0,3412.5,0.6322511205127702,0.4933961041391382,0.7663504234540012,0.138855016373632
ETH,2024-03-03 12:00:00+00:00,1709380800,3400.0,3408.83,0.3330778181374059,0.37693953776860134,0.4933961041391382,-0.04386171963119545
ETH,2024-03-04 12:00:00+00:00,1709467200,3420.0,3412.25,0.47663022367956986,0.48566025647494887,0.37693953776860134,-0.009030032795379006
ETH,2024-03-05 12:00:00+00:00,1709553600,3500.0,3497.91,0.7590483545881598,0.7676471237145229,0.48566025647494887,-0.008598769126363148
ETH,2024-03-06 12:00:00+00:00,1709640000,3740.0,3737.52,0.7875599727615099,1.5575075204460622,0.7676471237145229,-0.7699475476845523
ETH,2024-03-07 12:00:00+00:00,1709726400,3900.0,3893.93,1.0234152275555481,0.9506659027151398,1.5575075204460622,0.0727493248404083
ETH,2024-03-08 12:00:00+00:00,1709812800,3800.0,3794.86,0.831059130522726,0.6387420549782441,0.9506659027151398,0.19231707554448185
ETH,2024-03-09 12:00:00+00:00,1709899200,3940.0,3945.98,0.7016562065778753,0.7505557877200334,0.6387420549782441,-0.04889958114215809
ETH,2024-03-10 12:00:00+00:00,1709985600,3900.0,3909.64,0.3910151135302546,0.34659782041159376,0.7505557877200334,0.04441729311866083
ETH,2024-03-11 12:00:00+00:00,1710072000,3940.0,3934.57,0.6092602746027733,0.7124484625238349,0.34659782041159376,-0.10318818792106155
ETH,2024-03-12 12:00:00+00:00,1710158400,4040.0,4036.46,0.8548977187351547,0.5107243902140395,0.7124484625238349,0.34417332852111526
ETH,2024-03-13 12:00:00+00:00,1710244800,4020.0,4024.94,0.804046291479086,0.6171075875214723,0.5107243902140395,0.1869387039576137
ETH,2024-03-14 12:00:00+00:00,1710331200,4040.0,4048.78,0.6621885170441132,0.5685092055246271,0.6171075875214723,0.09367931151948605
ETH,2024-03-15 12:00:00+00:00,1710417600,3950.0,3958.55,0.6642493556231438,1.0358785153445023,0.5685092055246271,-0.37162915972135846
ETH,2024-03-16 12:00:00+00:00,1710504000,3700.0,3692.48,0.9512559032268123,0.7374102061542643,1.0358785153445023,0.21384569707254797
ETH,2024-03-17 12:00:00+00:00,1710590400,3680.0,3686.82,0.41585758722617283,0.9028410152544087,0.7374102061542643,-0.4869834280282359
ETH,2024-03-18 12:00:00+00:00,1710676800,3580.0,3585.42,0.6739079353174868,0.696748788437141,0.9028410152544087,-0.022840853119654225
ETH,2024-03-19 12:00:00+00:00,1710763200,3600.0,3602.07,0.7538769308074701,1.0841299968522495,0.696748788437141,-0.33025306604477944
ETH,2024-03-20 12:00:00+00:00,1710849600,3280.0,3277.54,0.9998545280500976,1.198178857830574,1.0841299968522495,-0.19832432978047654
ETH,2024-03-21 12:00:00+00:00,1710936000,3280.0,3277.94,0.9123521709114171,1.210019936755606,1.198178857830574,-0.29766776584418886
ETH,2024-03-22 12:00:00+00:00,1711022400,3550.0,3539.59,0.8067257526728501,0.7875741642246141,1.210019936755606,0.019151588448235946
ETH,2024-03-23 12:00:00+00:00,1711108800,3380.0,3385.18,0.7930883924163985,0.795733199446416,0.7875741642246141,-0.0026448070300174598
ETH,2024-03-24 12:00:00+00:00,1711195200,3360.0,3361.77,0.4179769017279858,0.5583212866185521,0.795733199446416,-0.14034438489056628
ETH,2024-03-25 12:00:00+00:00,1711281600,3380.0,3389.83,0.5747934308951628,0.5871787208300614,0.5583212866185521,-0.012385289934898625
ETH,2024-03-27 12:00:00+00:00,1711454400,3620.0,3629.07,0.6655836534805122,0.5778196585705276,0.7008210490369737,0.08776399490998454
ETH,2024-03-28 12:00:00+00:00,1711540800,3600.0,3592.5,0.6753351936632177,0.683737886193472,0.5778196585705276,-0.008402692530254274
ETH,2024-03-29 12:00:00+00:00,1711627200,3600.0,3590.48,0.7168835066895223,0.4642465036023135,0.683737886193472,0.25263700308720877
ETH,2024-03-30 12:00:00+00:00,1711713600,3560.0,3553.67,0.5780740533075972,0.4079062425111768,0.4642465036023135,0.1701678107964204
ETH,2024-03-31 12:00:00+00:00,1711800000,3560.0,3561.55,0.32055951119942105,0.3797492781640725,0.4079062425111768,-0.05918976696465145
ETH,2024-04-01 12:00:00+00:00,1711886400,3620.0,3611.58,0.4716622837338822,0.47206422884356486,0.3797492781640725,-0.0004019451096826665
ETH,2024-04-02 12:00:00+00:00,1711972800,3540.0,3539.77,0.5670029573743803,0.7215131269740035,0.47206422884356486,-0.15451016959962316
ETH,2024-04-03 12:00:00+00:00,1712059200,3300.0,3305.76,0.7803838216983734,0.6843949508636412,0.7215131269740035,0.09598887083473218
ETH,2024-04-04 12:00:00+00:00,1712145600,3320.0,3313.39,0.6881531646127537,0.5443015897372089,0.6843949508636412,0.14385157487554479
ETH,2024-04-05 12:00:00+00:00,1712232000,3340.0,3340.46,0.6170811634322544,0.7248597352751115,0.5443015897372089,-0.10777857184285711
ETH,2024-04-06 12:00:00+00:00,1712318400,3220.0,3222.66,0.7268327648231384,0.5274091353210804,0.7248597352751115,0.19942362950205805
ETH,2024-04-07 12:00:00+00:00,1712404800,3320.0,3329.77,0.314751404166059,0.3975622002877347,0.5274091353210804,-0.08281079612167569
ETH,2024-04-08 12:00:00+00:00,1712491200,3380.0,3388.87,0.4773696379517202,0.5709239684690018,0.3975622002877347,-0.09355433051728163
ETH,2024-04-09 12:00:00+00:00,1712577600,3640.0,3641.97,0.744223840513594,0.582017069016927,0.5709239684690018,0.16220677149666707
ETH,2024-04-10 12:00:00+00:00,1712664000,3640.0,3637.57,0.6610870244739165,0.6195749259901355,0.582017069016927,0.04151209848378101
ETH,2024-04-11 12:00:00+00:00,1712750400,3520.0,3517.31,0.6716914118653857,0.6182290219147175,0.6195749259901355,0.05346238995066821
ETH,2024-04-12 12:00:00+00:00,1712836800,3520.0,3528.29,0.5978276377319862,0.5036475474842759,0.6182290219147175,0.09418009024771035
ETH,2024-04-13 12:00:00+00:00,1712923200,3520.0,3527.29,0.501553129990652,0.9891117709382167,0.5036475474842759,-0.4875586409475646
ETH,2024-04-14 12:00:00+00:00,1713009600,3280.0,3271.86,0.4185937959926512,1.6059094407183039,0.9891117709382167,-1.1873156447256528
ETH,2024-04-15 12:00:00+00:00,1713096000,3040.0,3038.23,1.0203929178272346,0.9445560678021072,1.6059094407183039,0.07583685002512741
ETH,2024-04-16 12:00:00+00:00,1713182400,3240.0,3239.27,0.8586115975718176,0.9505222216031577,0.9445560678021072,-0.0919106240313401
ETH,2024-04-17 12:00:00+00:00,1713268800,3080.0,3079.95,1.0041666502573283,0.6839173874020535,0.9505222216031577,0.3202492628552748
ETH,2024-04-18 12:00:00+00:00,1713355200,3040.0,3045.82,0.7180511603358787,0.8601025348989776,0.6839173874020535,-0.1420513745630989
ETH,2024-04-19 12:00:00+00:00,1713441600,3050.0,3045.63,0.7532593169577925,0.9352299709285135,0.8601025348989776,-0.18197065397072099
ETH,2024-04-20 12:00:00+00:00,1713528000,3100.0,3103.54,0.7751148917838788,0.661537440799429,0.9352299709285135,0.11357745098444982
ETH,2024-04-21 12:00:00+00:00,1713614400,3060.0,3051.3,0.38034049948006576,0.5061232398350558,0.661537440799429,-0.12578274035499004
ETH,2024-04-22 12:00:00+00:00,1713700800,3160.0,3169.05,0.5259902236146418,0.5108908938523729,0.5061232398350558,0.01509932976226891
ETH,2024-04-23 12:00:00+00:00,1713787200,3200.0,3196.74,0.6668385942076364,0.3848072238458399,0.5108908938523729,0.2820313703617965
ETH,2024-04-24 12:00:00+00:00,1713873600,3180.0,3182.62,0.600590084357874,0.44868999337019094,0.3848072238458399,0.15190009098768303
ETH,2024-04-25 12:00:00+00:00,1713960000,3280.0,3283.32,0.5880476938044674,0.5918389597058255,0.44868999337019094,-0.003791265901358032
ETH,2024-04-26 12:00:00+00:00,1714046400,3100.0,3106.68,0.6959205096235188,0.49664037450458703,0.5918389597058255,0.19928013511893178
ETH,2024-04-27 12:00:00+00:00,1714132800,3140.0,3132.7,0.5354892376608299,0.4883563772458297,0.49664037450458703,0.0471328604150002
ETH,2024-04-28 12:00:00+00:00,1714219200,3120.0,3127.21,0.30889642777419357,0.5387314062013551,0.4883563772458297,-0.2298349784271615
ETH,2024-04-29 12:00:00+00:00,1714305600,3300.0,3291.71,0.49800849845832573,0.5187761615651153,0.5387314062013551,-0.02076766310678957
ETH,2024-04-30 12:00:00+00:00,1714392000,3160.0,3164.89,0.5857771550926916,0.6504505104785872,0.5187761615651153,-0.06467335538589558
ETH,2024-05-01 12:00:00+00:00,1714478400,3020.0,3011.55,0.7325107884211917,0.892908531673042,0.6504505104785872,-0.1603977432518503
ETH,2024-05-02 12:00:00+00:00,1714564800,2900.0,2901.22,0.8082853483047412,0.7736948780796401,0.892908531673042,0.03459047022510109
ETH,2024-05-03 12:00:00+00:00,1714651200,3000.0,2991.76,0.6299973373634671,0.4928777694918676,0.7736948780796401,0.13711956787159946
ETH,2024-05-04 12:00:00+00:00,1714737600,2980.0,2978.83,0.5336784186759839,0.49442071775733937,0.4928777694918676,0.0392577009186445
ETH,2024-05-05 12:00:00+00:00,1714824000,3140.0,3133.61,0.4509363115317134,0.45346264559015836,0.49442071775733937,-0.00252633405844499
ETH,2024-05-06 12:00:00+00:00,1714910400,3140.0,3140.56,0.4986086689925145,0.46054488774906005,0.45346264559015836,0.03806378124345444
ETH,2024-05-07 12:00:00+00:00,1714996800,3160.0,3152.2,0.6215803746140056,0.5434838703224739,0.46054488774906005,0.0780965042915317
ETH,2024-05-08 12:00:00+00:00,1715083200,3060.0,3067.45,0.5812217929971634,0.5081713646032152,0.5434838703224739,0.07305042839394815
ETH,2024-05-09 12:00:00+00:00,1715169600,3000.0,2997.71,0.5165765383811918,0.48288216104878384,0.5081713646032152,0.03369437733240793
ETH,2024-05-10 12:00:00+00:00,1715256000,2980.0,2981.02,0.5621730932779967,0.38847144355773205,0.48288216104878384,0.17370164972026464
ETH,2024-05-11 12:00:00+00:00,1715342400,3040.0,3043.35,0.4681558879587111,0.4764107775779206,0.38847144355773205,-0.008254889619209504
ETH,2024-05-12 12:00:00+00:00,1715428800,2900.0,2905.48,0.35256387231380687,0.3295286206755096,0.4764107775779206,0.023035251638297283
ETH,2024-05-13 12:00:00+00:00,1715515200,2920.0,2929.37,0.4589851171632297,0.40559523745992615,0.3295286206755096,0.053389879703303555
ETH,2024-05-14 12:00:00+00:00,1715601600,2960.0,2968.04,0.5675814388232325,0.4331155129148249,0.40559523745992615,0.1344659259084076
ETH,2024-05-15 12:00:00+00:00,1715688000,2900.0,2906.4,0.5343474359973297,0.46376478089745027,0.4331155129148249,0.07058265509987943
ETH,2024-05-16 12:00:00+00:00,1715774400,2900.0,2897.9,0.7179303405207872,0.507201140479653,0.46376478089745027,0.21072920004113416
ETH,2024-05-17 12:00:00+00:00,1715860800,3000.0,3004.25,0.500218939525344,0.49358083899510136,0.507201140479653,0.006638100530242663
ETH,2024-05-18 12:00:00+00:00,1715947200,3020.0,3029.53,0.5027531271279528,0.3959544813128261,0.49358083899510136,0.10679864581512671
ETH,2024-05-19 12:00:00+00:00,1716033600,3140.0,3132.14,0.32547976190352057,0.2996846365943593,0.3959544813128261,0.025795125309161282
ETH,2024-05-20 12:00:00+00:00,1716120000,3100.0,3099.27,0.4070302451442989,0.4420290639192711,0.2996846365943593,-0.034998818774972185
ETH,2024-05-21 12:00:00+00:00,1716206400,3100.0,3095.98,0.49464947387553404,1.3121055940936979,0.4420290639192711,-0.8174561202181638
ETH,2024-05-22 12:00:00+00:00,1716292800,3780.0,3770.09,1.0031284062265842,0.7242574793974504,1.3121055940936979,0.2788709268291337
ETH,2024-05-23 12:00:00+00:00,1716379200,3700.0,3706.7,0.8311287037342265,0.7139863614543124,0.7242574793974504,0.11714234227991416
ETH,2024-05-24 12:00:00+00:00,1716465600,3920.0,3913.91,1.494177729291677,1.2395382111359556,0.7139863614543124,0.2546395181557213
ETH,2024-05-25 12:00:00+00:00,1716552000,3700.0,3708.59,0.6715253144371206,0.4604691469962941,1.2395382111359556,0.2110561674408265
ETH,2024-05-26 12:00:00+00:00,1716638400,3720.0,3728.89,0.28264337591684996,0.34012998994870247,0.4604691469962941,-0.05748661403185251
ETH,2024-05-27 12:00:00+00:00,1716724800,3800.0,3805.68,0.3986166068557657,0.49103847500585157,0.34012998994870247,-0.09242186815008585
ETH,2024-05-28 12:00:00+00:00,1716811200,3900.0,3901.55,0.5192797986305209,0.5037911500625302,0.49103847500585157,0.015488648567990704
ETH,2024-05-29 12:00:00+00:00,1716897600,3900.0,3896.0,0.5857512363899711,0.5417824560151773,0.5037911500625302,0.04396878037479379
ETH,2024-05-30 12:00:00+00:00,1716984000,3820.0,3812.25,0.566417741220989,0.4770638116278816,0.5417824560151773,0.0893539295931074
ETH,2024-05-31 12:00:00+00:00,1717070400,3750.0,3742.9,0.5821137399380296,0.43346460363915795,0.4770638116278816,0.14864913629887166
ETH,2024-06-01 12:00:00+00:00,1717156800,3820.0,3810.38,0.6147686403910666,0.4157642761867018,0.43346460363915795,0.1990043642043648
ETH,2024-06-02 12:00:00+00:00,1717243200,3780.0,3789.16,0.2619861420911536,0.2532842103493792,0.4157642761867018,0.008701931741774416
ETH,2024-06-03 12:00:00+00:00,1717329600,3800.0,3800.47,0.43233215895489224,0.32379051404308473,0.2532842103493792,0.10854164491180751
ETH,2024-06-04 12:00:00+00:00,1717416000,3820.0,3812.51,0.4341218698701864,0.3630074715474463,0.32379051404308473,0.07111439832274014
ETH,2024-06-05 12:00:00+00:00,1717502400,3760.0,3765.03,0.4180338737981273,0.35811195104902455,0.3630074715474463,0.05992192274910274
ETH,2024-06-06 12:00:00+00:00,1717588800,3800.0,3803.53,0.4584407256359634,0.32869412048555163,0.35811195104902455,0.12974660515041175
ETH,2024-06-07 12:00:00+00:00,1717675200,3850.0,3848.51,0.49059202673741276,0.2890129922813557,0.32869412048555163,0.20157903445605707
ETH,2024-06-08 12:00:00+00:00,1717761600,3840.0,3840.96,0.5468148173437635,0.5515275637614763,0.2890129922813557,-0.004712746417712799
ETH,2024-06-09 12:00:00+00:00,1717848000,3680.0,3681.54,0.2588331060303458,0.17812523606139213,0.5515275637614763,0.08070786996895368
ETH,2024-06-10 12:00:00+00:00,1717934400,3700.0,3693.94,0.27773878971990995,0.21021528327357855,0.17812523606139213,0.0675235064463314
ETH,2024-06-11 12:00:00+00:00,1718020800,3680.0,3671.8,0.43291364930954657,0.5486546446555908,0.21021528327357855,-0.1157409953460442
ETH,2024-06-12 12:00:00+00:00,1718107200,3540.0,3530.01,0.6071743020979625,0.47656186020373154,0.5486546446555908,0.130612441894231
ETH,2024-06-13 12:00:00+00:00,1718193600,3540.0,3535.56,0.7410794948424153,0.6611410334650492,0.47656186020373154,0.07993846137736615
ETH,2024-06-14 12:00:00+00:00,1718280000,3500.0,3501.36,0.5689798468667174,0.497349014186471,0.6611410334650492,0.07163083268024645
ETH,2024-06-15 12:00:00+00:00,1718366400,3520.0,3514.91,0.49318459003748977,0.5788355091934382,0.497349014186471,-0.08565091915594841
ETH,2024-06-16 12:00:00+00:00,1718452800,3540.0,3538.63,0.3251658290086634,0.3100721263452234,0.5788355091934382,0.015093702663440012
ETH,2024-06-17 12:00:00+00:00,1718539200,3560.0,3557.52,0.39541067820431597,0.4717321114134708,0.3100721263452234,-0.07632143320915485
ETH,2024-06-18 12:00:00+00:00,1718625600,3520.0,3527.64,0.5190019275311836,0.7080446403094551,0.4717321114134708,-0.18904271277827156
ETH,2024-06-19 12:00:00+00:00,1718712000,3400.0,3405.11,0.5487572232891441,0.6127502982811871,0.7080446403094551,-0.06399307499204299
ETH,2024-06-20 12:00:00+00:00,1718798400,3540.0,3541.77,0.5577551486733314,0.4432535077775184,0.6127502982811871,0.11450164089581305
ETH,2024-06-21 12:00:00+00:00,1718884800,3600.0,3598.35,0.6141641674078866,0.5039621832060253,0.4432535077775184,0.11020198420186134
ETH,2024-06-22 12:00:00+00:00,1718971200,3500.0,3508.25,0.5591010916935479,0.44138147257398774,0.5039621832060253,0.11771961911956019
ETH,2024-06-23 12:00:00+00:00,1719057600,3500.0,3490.52,0.24901415652067488,0.18818154114251032,0.44138147257398774,0.06083261537816456
ETH,2024-06-24 12:00:00+00:00,1719144000,3500.0,3498.72,0.363969506775204,0.5931903069257397,0.18818154114251032,-0.2292208001505357
ETH,2024-06-25 12:00:00+00:00,1719230400,3320.0,3317.65,0.6617233570653185,0.6081572053031049,0.5931903069257397,0.053566151762213576
ETH,2024-06-26 12:00:00+00:00,1719316800,3380.0,3375.78,0.5174984550555685,0.3607174060857004,0.6081572053031049,0.15678104896986805
ETH,2024-06-27 12:00:00+00:00,1719403200,3380.0,3384.53,0.49776927620450623,0.4058509288998695,0.3607174060857004,0.09191834730463672
ETH,2024-06-28 12:00:00+00:00,1719489600,3420.0,3414.9,0.5454995925273324,0.3719030956156258,0.4058509288998695,0.1735964969117066
ETH,2024-06-29 12:00:00+00:00,1719576000,3460.0,3453.24,0.46946595377260675,0.35586161362442637,0.3719030956156258,0.11360434014818038
ETH,2024-06-30 12:00:00+00:00,1719662400,3400.0,3401.27,0.2481730235592859,0.23023656488016017,0.35586161362442637,0.017936458679125716
ETH,2024-07-01 12:00:00+00:00,1719748800,3400.0,3391.75,0.30837681139882506,0.3405020268483048,0.23023656488016017,-0.032125215449479716
ETH,2024-07-02 12:00:00+00:00,1719835200,3460.0,3463.74,0.42903657950596213,0.28325197363985316,0.3405020268483048,0.14578460586610897
ETH,2024-07-03 12:00:00+00:00,1719921600,3460.0,3450.6,0.4196985085056902,0.4033310381702587,0.28325197363985316,0.016367470335431455
ETH,2024-07-04 12:00:00+00:00,1720008000,3300.0,3302.15,0.48949807249323746,0.5464407547909971,0.4033310381702587,-0.05694268229775962
ETH,2024-07-05 12:00:00+00:00,1720094400,3160.0,3157.12,0.5557925604783676,1.1214595367214026,0.5464407547909971,-0.5656669762430351
ETH,2024-07-06 12:00:00+00:00,1720180800,2940.0,2940.0,0.7768288643393997,0.6422250259467331,1.1214595367214026,0.13460383839266654
ETH,2024-07-07 12:00:00+00:00,1720267200,3000.0,3006.28,0.34123798900819813,0.396619912557439,0.6422250259467331,-0.055381923549240875
ETH,2024-07-08 12:00:00+00:00,1720353600,3020.0,3014.38,0.4431131897695497,0.8405555709706188,0.396619912557439,-0.3974423812010691
ETH,2024-07-09 12:00:00+00:00,1720440000,3040.0,3049.34,0.6774052617749453,0.8889173507322107,0.8405555709706188,-0.21151208895726537
ETH,2024-07-10 12:00:00+00:00,1720526400,3080.0,3081.67,0.6715662025453408,0.537552098225357,0.8889173507322107,0.13401410431998384
ETH,2024-07-11 12:00:00+00:00,1720612800,3100.0,3102.46,0.5792593250361966,0.4851564091842538,0.537552098225357,0.0941029158519428
ETH,2024-07-12 12:00:00+00:00,1720699200,3140.0,3141.3,0.6710911101469929,0.5684159845263125,0.4851564091842538,0.10267512562068037
ETH,2024-07-13 12:00:00+00:00,1720785600,3080.0,3071.62,0.500480127457263,0.4259086250928752,0.5684159845263125,0.07457150236438781
ETH,2024-07-14 12:00:00+00:00,1720872000,3160.0,3155.18,0.25943748249891324,0.36153465800784335,0.4259086250928752,-0.1020971755089301
ETH,2024-07-15 12:00:00+00:00,1720958400,3200.0,3202.76,0.4696936231945569,0.4870765024261654,0.36153465800784335,-0.017382879231608528
ETH,2024-07-16 12:00:00+00:00,1721044800,3340.0,3341.34,0.5541036351200794,0.6399784287440926,0.4870765024261654,-0.08587479362401318
ETH,2024-07-17 12:00:00+00:00,1721131200,3420.0,3415.83,0.5691432951453068,0.5714636294953536,0.6399784287440926,-0.002320334350046749
ETH,2024-07-18 12:00:00+00:00,1721217600,3460.0,3455.56,0.5463250391539074,0.49775405064875805,0.5714636294953536,0.04857098850514935
ETH,2024-07-19 12:00:00+00:00,1721304000,3460.0,3462.1,0.5056388940359009,0.49312294953018077,0.49775405064875805,0.012515944505720134
ETH,2024-07-20 12:00:00+00:00,1721390400,3400.0,3406.32,0.49674499947164114,0.4422696079104222,0.49312294953018077,0.054475391561218944
ETH,2024-07-21 12:00:00+00:00,1721476800,3480.0,3488.98,0.26940134293325907,0.31708819083708234,0.4422696079104222,-0.04768684790382327
ETH,2024-07-22 12:00:00+00:00,1721563200,3500.0,3500.08,0.3809545787412604,0.5889885356906774,0.31708819083708234,-0.20803395694941706
ETH,2024-07-23 12:00:00+00:00,1721649600,3500.0,3496.76,0.5401406989159292,0.5281950176251018,0.5889885356906774,0.011945681290827403
ETH,2024-07-24 12:00:00+00:00,1721736000,3520.0,3517.02,0.7673333180163124,0.5690468337985187,0.5281950176251018,0.1982864842177937
ETH,2024-07-25 12:00:00+00:00,1721822400,3460.0,3463.52,0.4808643529849661,0.7285516538511084,0.5690468337985187,-0.24768730086614232
ETH,2024-07-26 12:00:00+00:00,1721908800,3200.0,3176.6,0.5901301205886915,0.6509669190659226,0.7285516538511084,-0.06083679847723111
ETH,2024-07-27 12:00:00+00:00,1721995200,3240.0,3248.74,0.5571609051840836,0.36779589398909235,0.6509669190659226,0.18936501119499122
ETH,2024-07-28 12:00:00+00:00,1722081600,3280.0,3284.74,0.591308928348427,0.5500453794110154,0.36779589398909235,0.041263548937411576
ETH,2024-07-29 12:00:00+00:00,1722168000,3260.0,3255.63,0.4182485579847569,0.40612513750617296,0.5500453794110154,0.012123420478583946
ETH,2024-07-30 12:00:00+00:00,1722254400,3380.0,3375.36,0.5006243409156156,0.5268982671015076,0.40612513750617296,-0.02627392618589197
ETH,2024-07-31 12:00:00+00:00,1722340800,3340.0,3332.05,0.45639881206999267,0.4682547023095684,0.5268982671015076,-0.011855890239575728
ETH,2024-08-01 12:00:00+00:00,1722427200,3320.0,3319.79,0.5235119304872484,0.5927692297306218,0.4682547023095684,-0.06925729924337343
ETH,2024-08-02 12:00:00+00:00,1722513600,3200.0,3191.51,0.5311367190496777,0.534766850160765,0.5927692297306218,-0.0036301311110872314
ETH,2024-08-03 12:00:00+00:00,1722600000,3160.0,3154.16,0.5005740218054469,0.7289017127332869,0.534766850160765,-0.22832769092784
ETH,2024-08-04 12:00:00+00:00,1722686400,3000.0,2995.29,0.3449547486587104,0.612219145301715,0.7289017127332869,-0.26726439664300455
ETH,2024-08-05 12:00:00+00:00,1722772800,2920.0,2917.32,0.5207885349541725,2.858006246472049,0.612219145301715,-2.3372177115178765
ETH,2024-08-06 12:00:00+00:00,1722859200,2300.0,2293.09,1.3759949113291066,1.83626394872148,2.858006246472049,-0.46026903739237346
ETH,2024-08-07 12:00:00+00:00,1722945600,2460.0,2456.2,0.9838839444598736,1.074781694228855,1.83626394872148,-0.09089774976898146
ETH,2024-08-08 12:00:00+00:00,1723032000,2480.0,2473.66,0.8785048949196028,1.097334989085403,1.074781694228855,-0.21883009416580013
ETH,2024-08-09 12:00:00+00:00,1723118400,2450.0,2451.08,0.820991071522927,1.1166787234781559,1.097334989085403,-0.29568765195522884
ETH,2024-08-10 12:00:00+00:00,1723204800,2640.0,2634.78,0.814223254941144,0.8779912175092202,1.1166787234781559,-0.06376796256807615
ETH,2024-08-11 12:00:00+00:00,1723291200,2640.0,2633.59,0.4003404590079157,0.46435409440397923,0.8779912175092202,-0.06401363539606353
ETH,2024-08-12 12:00:00+00:00,1723377600,2660.0,2651.59,0.6113343806123186,0.8706409186384516,0.46435409440397923,-0.259306538026133
ETH,2024-08-13 12:00:00+00:00,1723464000,2680.0,2670.74,0.7648174508734912,0.9503703295161463,0.8706409186384516,-0.18555287864265513
ETH,2024-08-14 12:00:00+00:00,1723550400,2640.0,2648.7,0.7634794273629034,0.6225052933625295,0.9503703295161463,0.14097413400037395
ETH,2024-08-15 12:00:00+00:00,1723636800,2740.0,2744.82,0.8100700977213942,0.6532888941075745,0.6225052933625295,0.15678120361381964
ETH,2024-08-16 12:00:00+00:00,1723723200,2640.0,2635.2,0.6645188951431136,0.6809830454837656,0.6532888941075745,-0.016464150340652073
ETH,2024-08-17 12:00:00+00:00,1723809600,2620.0,2614.09,0.6034091556304018,0.5855408633442054,0.6809830454837656,0.017868292286196352
ETH,2024-08-18 12:00:00+00:00,1723896000,2600.0,2599.81,0.26320813652027353,0.3283393026681405,0.5855408633442054,-0.06513116614786696
ETH,2024-08-19 12:00:00+00:00,1723982400,2660.0,2650.31,0.456270259117063,0.4704039403863533,0.3283393026681405,-0.014133681269290321
ETH,2024-08-20 12:00:00+00:00,1724068800,2580.0,2583.97,0.6084273274120193,0.5480952925096337,0.4704039403863533,0.06033203490238559
ETH,2024-08-21 12:00:00+00:00,1724155200,2640.0,2647.07,0.5423185967325848,0.4265092665282698,0.5480952925096337,0.11580933020431494
ETH,2024-08-22 12:00:00+00:00,1724241600,2580.0,2579.57,0.5435401682508976,0.5694408012443593,0.4265092665282698,-0.02590063299346168
ETH,2024-08-23 12:00:00+00:00,1724328000,2640.0,2639.66,0.551989662754824,0.4113495596485817,0.5694408012443593,0.14064010310624225
ETH,2024-08-24 12:00:00+00:00,1724414400,2660.0,2658.11,0.5741129288078504,0.6086895350293707,0.4113495596485817,-0.03457660622152037
ETH,2024-08-25 12:00:00+00:00,1724500800,2760.0,2759.55,0.3144436378018927,0.49048413285837655,0.6086895350293707,-0.17604049505648384
ETH,2024-08-26 12:00:00+00:00,1724587200,2760.0,2752.45,0.447005264121158,0.3611590086994235,0.49048413285837655,0.08584625542173446
ETH,2024-08-27 12:00:00+00:00,1724673600,2740.0,2737.6,0.4826326812388143,0.44925853932188226,0.3611590086994235,0.033374141916932054
ETH,2024-08-28 12:00:00+00:00,1724760000,2620.0,2622.01,0.5328267970172653,1.0895511812266385,0.44925853932188226,-0.5567243842093732
ETH,2024-08-29 12:00:00+00:00,1724846400,2520.0,2522.33,0.6970047241499511,0.729051590910469,1.0895511812266385,-0.032046866760517934
ETH,2024-08-30 12:00:00+00:00,1724932800,2560.0,2556.96,0.6260211776114626,0.49548186084431395,0.729051590910469,0.13053931676714864
ETH,2024-08-31 12:00:00+00:00,1725019200,2520.0,2511.2,0.5500451209006855,0.5765588164648208,0.49548186084431395,-0.026513695564135298
ETH,2024-09-01 12:00:00+00:00,1725105600,2520.0,2523.97,0.25312269142982036,0.3353378636618708,0.5765588164648208,-0.08221517223205044
ETH,2024-09-02 12:00:00+00:00,1725192000,2480.0,2475.27,0.41273433285363126,0.6248404119559025,0.3353378636618708,-0.2121060791022712
ETH,2024-09-03 12:00:00+00:00,1725278400,2520.0,2520.45,0.5473097166651748,0.40583397255577097,0.6248404119559025,0.14147574410940383
ETH,2024-09-04 12:00:00+00:00,1725364800,2500.0,2509.21,0.5006224962241489,0.9256795118448572,0.40583397255577097,-0.4250570156207083
ETH,2024-09-05 12:00:00+00:00,1725451200,2400.0,2403.06,0.6989852794513547,0.5911573536730589,0.9256795118448572,0.10782792577829581
ETH,2024-09-06 12:00:00+00:00,1725537600,2380.0,2389.81,0.6784513866439902,0.666348506363441,0.5911573536730589,0.012102880280549178
ETH,2024-09-07 12:00:00+00:00,1725624000,2380.0,2376.93,0.783160497553995,0.8684973910858942,0.666348506363441,-0.08533689353189922
ETH,2024-09-08 12:00:00+00:00,1725710400,2280.0,2286.97,0.3508435966228571,0.3802496844278353,0.8684973910858942,-0.02940608780497822
ETH,2024-09-09 12:00:00+00:00,1725796800,2300.0,2296.86,0.505890208337416,0.5824764054529258,0.3802496844278353,-0.07658619711550974
ETH,2024-09-10 12:00:00+00:00,1725883200,2320.0,2314.78,0.6218387803203149,0.5729225687009298,0.5824764054529258,0.048916211619385086
ETH,2024-09-11 12:00:00+00:00,1725969600,2360.0,2352.54,0.7051769942351861,0.5702241690783719,0.5729225687009298,0.13495282515681417
ETH,2024-09-12 12:00:00+00:00,1726056000,2320.0,2324.3,0.7048223856151874,0.5801028972499368,0.5702241690783719,0.1247194883652506
ETH,2024-09-13 12:00:00+00:00,1726142400,2350.0,2347.24,0.5595706235696548,0.40208253667362887,0.5801028972499368,0.15748808689602595
ETH,2024-09-14 12:00:00+00:00,1726228800,2360.0,2359.61,0.4734036648023062,0.4974125136760932,0.40208253667362887,-0.02400884887378696
ETH,2024-09-15 12:00:00+00:00,1726315200,2420.0,2415.98,0.2612051050646892,0.2566815897543477,0.4974125136760932,0.004523515310341508
ETH,2024-09-16 12:00:00+00:00,1726401600,2400.0,2406.05,0.38032827173711736,0.5920639752047011,0.2566815897543477,-0.21173570346758375
ETH,2024-09-17 12:00:00+00:00,1726488000,2300.0,2310.0,0.5670032400061276,0.4867623819415976,0.5920639752047011,0.08024085806452996
ETH,2024-09-18 12:00:00+00:00,1726574400,2300.0,2309.92,0.5546577215820174,0.56688684420118,0.4867623819415976,-0.012229122619162536
ETH,2024-09-19 12:00:00+00:00,1726660800,2300.0,2302.78,0.8344162034585434,0.6067993632445682,0.56688684420118,0.2276168402139752
ETH,2024-09-20 12:00:00+00:00,1726747200,2440.0,2438.79,0.5889083322490101,0.5892232386323665,0.6067993632445682,-0.00031490638335640586
ETH,2024-09-21 12:00:00+00:00,1726833600,2540.0,2547.99,0.6005581752372557,0.4978736821126515,0.5892232386323665,0.10268449312460426
ETH,2024-09-22 12:00:00+00:00,1726920000,2560.0,2555.09,0.2844430530118033,0.38841660900815345,0.4978736821126515,-0.10397355599635016
ETH,2024-09-23 12:00:00+00:00,1727006400,2580.0,2582.85,0.49261127057428605,0.5728411591996937,0.38841660900815345,-0.08022988862540764
ETH,2024-09-24 12:00:00+00:00,1727092800,2640.0,2646.99,0.5605664414792583,0.49281055035994237,0.5728411591996937,0.0677558911193159
ETH,2024-09-25 12:00:00+00:00,1727179200,2640.0,2639.97,0.4937183491687003,0.4777293308892079,0.49281055035994237,0.015989018279492395
ETH,2024-09-26 12:00:00+00:00,1727265600,2620.0,2625.01,0.4971160964108618,0.453553807596129,0.4777293308892079,0.043562288814732786
ETH,2024-09-27 12:00:00+00:00,1727352000,2620.0,2627.6,0.5496046649883934,0.5046139166219427,0.453553807596129,0.04499074836645078
ETH,2024-09-28 12:00:00+00:00,1727438400,2660.0,2654.65,0.5003385386288541,0.4366423900151166,0.5046139166219427,0.06369614861373751
ETH,2024-09-29 12:00:00+00:00,1727524800,2680.0,2670.63,0.24381133453200127,0.2735204939958523,0.4366423900151166,-0.029709159463851054
ETH,2024-09-30 12:00:00+00:00,1727611200,2660.0,2656.26,0.37207062576416905,0.44169357621988103,0.2735204939958523,-0.06962295045571198
ETH,2024-10-01 12:00:00+00:00,1727697600,2620.0,2629.83,0.5324777012260828,0.4102534319113035,0.44169357621988103,0.12222426931477937
ETH,2024-10-02 12:00:00+00:00,1727784000,2620.0,2629.8,0.4807287496268534,0.7472083188581418,0.4102534319113035,-0.26647956923128835
ETH,2024-10-03 12:00:00+00:00,1727870400,2460.0,2454.15,0.5604169248467118,0.7563866848223461,0.7472083188581418,-0.19596975997563426
ETH,2024-10-04 12:00:00+00:00,1727956800,2340.0,2342.38,0.6348683829317483,0.5106590716466393,0.7563866848223461,0.12420931128510904
ETH,2024-10-05 12:00:00+00:00,1728043200,2380.0,2383.71,0.6081900813249062,0.4262975392712014,0.5106590716466393,0.18189254205370475
ETH,2024-10-06 12:00:00+00:00,1728129600,2420.0,2420.43,0.24539338023402635,0.27150891163141777,0.4262975392712014,-0.026115531397391423
ETH,2024-10-07 12:00:00+00:00,1728216000,2420.0,2426.54,0.42286339701930553,0.4494767088521965,0.27150891163141777,-0.02661331183289095
ETH,2024-10-08 12:00:00+00:00,1728302400,2460.0,2469.39,0.5228998836717288,0.5505083468764671,0.4494767088521965,-0.02760846320473831
ETH,2024-10-09 12:00:00+00:00,1728388800,2440.0,2438.2,0.5038783528705773,0.49063268020635736,0.5505083468764671,0.013245672664219887
ETH,2024-10-10 12:00:00+00:00,1728475200,2440.0,2439.06,0.4514265109953026,0.4933685057207748,0.49063268020635736,-0.041941994725472165
ETH,2024-10-11 12:00:00+00:00,1728561600,2400.0,2405.52,0.5636957856946643,0.5099571181479184,0.4933685057207748,0.05373866754674583
ETH,2024-10-12 12:00:00+00:00,1728648000,2420.0,2419.5,0.4429848005240292,0.36707223071545375,0.5099571181479184,0.07591256980857547
ETH,2024-10-13 12:00:00+00:00,1728734400,2440.0,2448.65,0.21186056136457296,0.2958357684543151,0.36707223071545375,-0.08397520708974213
ETH,2024-10-14 12:00:00+00:00,1728820800,2460.0,2461.79,0.3276524350164003,0.45293753338025106,0.2958357684543151,-0.12528509836385077
ETH,2024-10-15 12:00:00+00:00,1728907200,2540.0,2537.41,0.4723472013374361,0.4852796576049459,0.45293753338025106,-0.012932456267509829
ETH,2024-10-16 12:00:00+00:00,1728993600,2580.0,2588.61,0.48151277511388363,0.6950439347730715,0.4852796576049459,-0.21353115965918784
ETH,2024-10-17 12:00:00+00:00,1729080000,2640.0,2638.95,0.5695151347704742,0.4632441852699932,0.6950439347730715,0.106270949500481
ETH,2024-10-18 12:00:00+00:00,1729166400,2600.0,2600.69,0.4870712356968157,0.43919704697429235,0.4632441852699932,0.04787418872252336
ETH,2024-10-19 12:00:00+00:00,1729252800,2620.0,2623.15,0.4371744028238383,0.3638689410145811,0.43919704697429235,0.07330546180925718
ETH,2024-10-20 12:00:00+00:00,1729339200,2640.0,2634.6,0.20068846199797805,0.1882437691196862,0.3638689410145811,0.012444692878291835
ETH,2024-10-21 12:00:00+00:00,1729425600,2660.0,2654.35,0.3605552758340073,0.4536323275692653,0.1882437691196862,-0.09307705173525799
ETH,2024-10-22 12:00:00+00:00,1729512000,2700.0,2706.7,0.5069748193995728,0.4649571858191261,0.4536323275692653,0.04201763358044669
ETH,2024-10-23 12:00:00+00:00,1729598400,2640.0,2637.53,0.48804523410084666,0.4148336034336793,0.4649571858191261,0.07321163066716735
ETH,2024-10-24 12:00:00+00:00,1729684800,2580.0,2578.44,0.4654137178051155,0.5377395295267665,0.4148336034336793,-0.07232581172165103
ETH,2024-10-25 12:00:00+00:00,1729771200,2540.0,2534.77,0.474475450844127,0.44272402076262174,0.5377395295267665,0.03175143008150527
ETH,2024-10-26 12:00:00+00:00,1729857600,2560.0,2550.7,0.46822458242521864,0.7398082531442114,0.44272402076262174,-0.27158367071899275
ETH,2024-10-27 12:00:00+00:00,1729944000,2480.0,2477.19,0.2543597772082703,0.2629784184570712,0.7398082531442114,-0.008618641248800907
ETH,2024-10-28 12:00:00+00:00,1730030400,2480.0,2471.17,0.3745109044668243,0.39906359597003177,0.2629784184570712,-0.02455269150320749
ETH,2024-10-29 12:00:00+00:00,1730116800,2520.0,2525.0,0.4743018680582824,0.5720970564132954,0.39906359597003177,-0.09779518835501305
ETH,2024-10-30 12:00:00+00:00,1730203200,2640.0,2632.48,0.5015680898283634,0.5370245578667511,0.5720970564132954,-0.035456468038387645
ETH,2024-10-31 12:00:00+00:00,1730289600,2660.0,2657.8,0.5567858170582259,0.5403722575984529,0.5370245578667511,0.016413559459773075
ETH,2024-11-01 12:00:00+00:00,1730376000,2640.0,2638.12,0.4655325160519795,0.5968436212618217,0.5403722575984529,-0.13131110520984218
ETH,2024-11-02 12:00:00+00:00,1730462400,2520.0,2518.74,0.530714532556841,0.5535091555210463,0.5968436212618217,-0.022794622964205313
ETH,2024-11-03 12:00:00+00:00,1730548800,2500.0,2504.52,0.23561381752649468,0.3830400645734404,0.5535091555210463,-0.14742624704694574
ETH,2024-11-04 12:00:00+00:00,1730635200,2460.0,2455.65,0.44117028240656436,0.4492318035616406,0.3830400645734404,-0.008061521155076246
ETH,2024-11-05 12:00:00+00:00,1730721600,2460.0,2467.19,0.6108266880661883,0.5197091608049761,0.4492318035616406,0.09111752726121225
ETH,2024-11-06 12:00:00+00:00,1730808000,2440.0,2440.01,0.9979586611744276,0.878648308892086,0.5197091608049761,0.11931035228234155
ETH,2024-11-07 12:00:00+00:00,1730894400,2640.0,2634.21,0.7102455324566037,0.8010953597186817,0.878648308892086,-0.09084982726207802
ETH,2024-11-08 12:00:00+00:00,1730980800,2800.0,2804.41,0.6810868915616493,0.6454515942375679,0.8010953597186817,0.03563529732408133
ETH,2024-11-09 12:00:00+00:00,1731067200,2920.0,2917.94,0.5689849563568564,0.6300317435240419,0.6454515942375679,-0.06104678716718548
ETH,2024-11-10 12:00:00+00:00,1731153600,3060.0,3050.01,0.4312294612435078,0.6205789779997563,0.6300317435240419,-0.18934951675624845
ETH,2024-11-11 12:00:00+00:00,1731240000,3220.0,3226.94,0.6323142436887268,0.8010159895716975,0.6205789779997563,-0.1687017458829707
ETH,2024-11-12 12:00:00+00:00,1731326400,3200.0,3199.2,0.736559306811696,1.244405678042956,0.8010159895716975,-0.50784637123126
ETH,2024-11-13 12:00:00+00:00,1731412800,3280.0,3289.71,0.9907397398771765,0.9822870006755264,1.244405678042956,0.008452739201650017
ETH,2024-11-14 12:00:00+00:00,1731499200,3180.0,3171.07,0.7527403510829095,1.0013554320765676,0.9822870006755264,-0.24861508099365814
ETH,2024-11-15 12:00:00+00:00,1731585600,3180.0,3184.23,0.8093942153844116,0.8872180216942805,1.0013554320765676,-0.07782380630986896
ETH,2024-11-16 12:00:00+00:00,1731672000,3100.0,3099.45,0.7729698973375068,0.7204240959706301,0.8872180216942805,0.0525458013668767
ETH,2024-11-17 12:00:00+00:00,1731758400,3220.0,3213.84,0.47082831257147334,0.6489444956402635,0.7204240959706301,-0.17811618306879012
ETH,2024-11-18 12:00:00+00:00,1731844800,3120.0,3112.57,0.6021796233845724,0.5972425156349466,0.6489444956402635,0.0049371077496258575
ETH,2024-11-19 12:00:00+00:00,1731931200,3060.0,3065.11,0.7963761534541197,0.7336392141152411,0.5972425156349466,0.06273693933887858
ETH,2024-11-20 12:00:00+00:00,1732017600,3140.0,3134.82,0.7091462152304606,0.5483510083149563,0.7336392141152411,0.1607952069155043
ETH,2024-11-21 12:00:00+00:00,1732104000,3100.0,3096.16,0.6269895636525724,0.6671979936375283,0.5483510083149563,-0.040208429984955885
ETH,2024-11-22 12:00:00+00:00,1732190400,3160.0,3167.41,0.8268998480265523,0.914217194256635,0.6671979936375283,-0.08731734623008269
ETH,2024-11-23 12:00:00+00:00,1732276800,3340.0,3338.92,0.7916161425816655,0.6747634529073163,0.914217194256635,0.11685268967434914
ETH,2024-11-24 12:00:00+00:00,1732363200,3360.0,3351.44,0.41830254894297636,0.6677107607707483,0.6747634529073163,-0.24940821182777195
ETH,2024-11-25 12:00:00+00:00,1732449600,3360.0,3351.47,0.647135538147865,0.6614660918606965,0.6677107607707483,-0.01433055371283154
ETH,2024-11-26 12:00:00+00:00,1732536000,3480.0,3483.24,0.8599025887804606,1.0174300454006269,0.6614660918606965,-0.15752745662016632
ETH,2024-11-27 12:00:00+00:00,1732622400,3320.0,3317.24,0.8616290810965685,0.7187847412360192,1.0174300454006269,0.14284433986054934
ETH,2024-11-28 12:00:00+00:00,1732708800,3460.0,3464.96,0.7795954717164211,0.6923266961615118,0.7187847412360192,0.0872687755549093
ETH,2024-11-29 12:00:00+00:00,1732795200,3600.0,3616.62,0.6794949616791877,0.5025217689218873,0.6923266961615118,0.1769731927573004
ETH,2024-11-30 12:00:00+00:00,1732881600,3600.0,3591.63,0.6982203769905907,0.5566104035604584,0.5025217689218873,0.14160997343013226
ETH,2024-12-01 12:00:00+00:00,1732968000,3660.0,3660.93,0.43784447493021145,0.4828335596452774,0.5566104035604584,-0.04498908471506596
ETH,2024-12-02 12:00:00+00:00,1733054400,3680.0,3689.17,0.547682770708283,0.5531856864672064,0.4828335596452774,-0.005502915758923477
ETH,2024-12-03 12:00:00+00:00,1733140800,3600.0,3590.24,0.6963240413296592,0.6102539404081595,0.5531856864672064,0.08607010092149969
ETH,2024-12-04 12:00:00+00:00,1733227200,3600.0,3606.64,0.6379978614599886,0.6987741628714331,0.6102539404081595,-0.06077630141144452
ETH,2024-12-05 12:00:00+00:00,1733313600,3740.0,3738.78,0.6571548161959326,0.8664077691048858,0.6987741628714331,-0.20925295290895318
ETH,2024-12-06 12:00:00+00:00,1733400000,3920.0,3929.91,0.7724912181098229,0.8132121017653694,0.8664077691048858,-0.04072088365554649
ETH,2024-12-07 12:00:00+00:00,1733486400,3880.0,3875.63,0.6650292994842883,0.52863564652633,0.8132121017653694,0.13639365295795836
ETH,2024-12-08 12:00:00+00:00,1733572800,4000.0,3994.21,0.3341662279390454,0.32703443982715646,0.52863564652633,0.007131788111888915
ETH,2024-12-09 12:00:00+00:00,1733659200,3960.0,3966.75,0.5335409950733778,0.4918189456396521,0.32703443982715646,0.041722049433725705
ETH,2024-12-10 12:00:00+00:00,1733745600,3860.0,3853.13,0.6853079007004406,1.5187202882895365,0.4918189456396521,-0.833412387589096
ETH,2024-12-11 12:00:00+00:00,1733832000,3740.0,3744.02,0.7114127630102558,0.9303397350691549,1.5187202882895365,-0.2189269720588991
ETH,2024-12-12 12:00:00+00:00,1733918400,3720.0,3723.26,0.7392609462121559,0.6134234619956561,0.9303397350691549,0.12583748421649976
ETH,2024-12-13 12:00:00+00:00,1734004800,3920.0,3920.19,0.7170375914499951,0.6028357588590576,0.6134234619956561,0.11420183259093752
ETH,2024-12-14 12:00:00+00:00,1734091200,3900.0,3905.72,0.631955875800921,0.45594118202629025,0.6028357588590576,0.1760146937746308
ETH,2024-12-15 12:00:00+00:00,1734177600,3900.0,3897.59,0.3435301779884652,0.3822243580663422,0.45594118202629025,-0.038694180077877005
ETH,2024-12-16 12:00:00+00:00,1734264000,3880.0,3880.72,0.48883459230216314,0.5185859383216386,0.3822243580663422,-0.029751346019475433
ETH,2024-12-17 12:00:00+00:00,1734350400,3920.0,3922.11,0.6654595378714787,0.5782733113384179,0.5185859383216386,0.08718622653306085
ETH,2024-12-18 12:00:00+00:00,1734436800,4000.0,3994.99,0.583244570403896,0.6710585370673166,0.5782733113384179,-0.08781396666342056
ETH,2024-12-19 12:00:00+00:00,1734523200,3880.0,3887.72,0.6595607806250927,0.9490000283917202,0.6710585370673166,-0.28943924776662744
ETH,2024-12-20 12:00:00+00:00,1734609600,3700.0,3698.27,0.627206917943426,1.527670299952677,0.9490000283917202,-0.900463382009251
ETH,2024-12-21 12:00:00+00:00,1734696000,3120.0,3124.46,1.3042476570301471,0.945188372411064,1.527670299952677,0.3590592846190831
ETH,2024-12-22 12:00:00+00:00,1734782400,3440.0,3437.36,0.4912703683234762,0.8191109971018007,0.945188372411064,-0.3278406287783245
ETH,2024-12-23 12:00:00+00:00,1734868800,3380.0,3380.07,0.7559759577048869,0.843166995727065,0.8191109971018007,-0.08719103802217809
ETH,2024-12-24 12:00:00+00:00,1734955200,3340.0,3345.01,0.765414017334497,0.7415485957566246,0.843166995727065,0.023865421577872414
ETH,2024-12-25 12:00:00+00:00,1735041600,3420.0,3413.24,0.6724243591491802,0.563658983760267,0.7415485957566246,0.10876537538891318
ETH,2024-12-26 12:00:00+00:00,1735128000,3460.0,3467.3,0.6253885739110486,0.4894679752567557,0.563658983760267,0.1359205986542929
ETH,2024-12-27 12:00:00+00:00,1735214400,3360.0,3364.94,0.7525273744373171,0.6664861433102701,0.4894679752567557,0.08604123112704698
ETH,2024-12-28 12:00:00+00:00,1735300800,3420.0,3413.5,0.7449272466862549,0.46004957297330734,0.6664861433102701,0.28487767371294753
ETH,2024-12-29 12:00:00+00:00,1735387200,3360.0,3360.81,0.3823825741341272,0.3223309531732043,0.46004957297330734,0.06005162096092287
ETH,2024-12-30 12:00:00+00:00,1735473600,3400.0,3399.12,0.5336381225337554,0.44959500991692974,0.3223309531732043,0.08404311261682568
ETH,2024-12-31 12:00:00+00:00,1735560000,3420.0,3424.37,0.6764848994478503,0.5632925963624951,0.44959500991692974,0.11319230308535522
ETH,2025-01-01 12:00:00+00:00,1735646400,3400.0,3399.09,0.6272542173431037,0.4692899996034958,0.5632925963624951,0.1579642177396079
ETH,2025-01-02 12:00:00+00:00,1735732800,3340.0,3342.11,0.5522299310626088,0.39719578048933246,0.4692899996034958,0.1550341505732763
ETH,2025-01-03 12:00:00+00:00,1735819200,3480.0,3474.36,0.7490974382440057,0.46011154027287243,0.39719578048933246,0.2889858979711332
ETH,2025-01-04 12:00:00+00:00,1735905600,3460.0,3462.57,0.5030970982951556,0.37755824224229545,0.46011154027287243,0.12553885605286014
ETH,2025-01-05 12:00:00+00:00,1735992000,3600.0,3604.85,0.29801223815440825,0.3626523331619897,0.37755824224229545,-0.06464009500758144
ETH,2025-01-06 12:00:00+00:00,1736078400,3620.0,3613.35,0.4505416952947002,0.41507664638807545,0.3626523331619897,0.03546504890662472
ETH,2025-01-07 12:00:00+00:00,1736164800,3660.0,3654.83,0.5545146652440126,0.47728544650386634,0.41507664638807545,0.07722921874014627
ETH,2025-01-08 12:00:00+00:00,1736251200,3640.0,3640.85,0.5273237235984769,0.754957415272012,0.47728544650386634,-0.2276336916735351
ETH,2025-01-09 12:00:00+00:00,1736337600,3360.0,3352.1,0.7480115353121135,0.7527120896297234,0.754957415272012,-0.004700554317609851
ETH,2025-01-10 12:00:00+00:00,1736424000,3300.0,3298.62,0.5932624787666394,0.6613135080357464,0.7527120896297234,-0.068051029269107
ETH,2025-01-11 12:00:00+00:00,1736510400,3300.0,3309.19,0.7110724353515322,0.6715864574150088,0.6613135080357464,0.03948597793652342
ETH,2025-01-12 12:00:00+00:00,1736596800,3280.0,3274.26,0.3420018659693712,0.30620147399922387,0.6715864574150088,0.03580039197014734
ETH,2025-01-13 12:00:00+00:00,1736683200,3260.0,3250.64,0.4632559612020527,0.6034815544252792,0.30620147399922387,-0.14022559322322647
ETH,2025-01-14 12:00:00+00:00,1736769600,3040.0,3045.62,0.8350458722125247,1.000429140676172,0.6034815544252792,-0.16538326846364737
ETH,2025-01-15 12:00:00+00:00,1736856000,3220.0,3214.14,0.7353232152829114,0.587332126276207,1.000429140676172,0.14799108900670443
ETH,2025-01-16 12:00:00+00:00,1736942400,3200.0,3195.62,0.7875910868825694,0.6815022372812076,0.587332126276207,0.10608884960136178
ETH,2025-01-17 12:00:00+00:00,1737028800,3350.0,3345.75,0.6935054953396385,0.6749066394843453,0.6815022372812076,0.018598855855293195
ETH,2025-01-18 12:00:00+00:00,1737115200,3420.0,3421.63,0.6768793334239479,0.754542928634124,0.6749066394843453,-0.07766359521017607
ETH,2025-01-19 12:00:00+00:00,1737201600,3320.0,3321.23,0.4889881239498696,0.850392026911349,0.754542928634124,-0.36140390296147934
ETH,2025-01-20 12:00:00+00:00,1737288000,3160.0,3167.58,0.805158369770537,1.6342340564355369,0.850392026911349,-0.8290756866649999
ETH,2025-01-21 12:00:00+00:00,1737374400,3360.0,3368.1,1.296947058177454,1.2207562882408913,1.6342340564355369,0.07619076993656271
ETH,2025-01-22 12:00:00+00:00,1737460800,3300.0,3296.4,0.87669985371492,0.6310956301461459,1.2207562882408913,0.2456042235687741
ETH,2025-01-23 12:00:00+00:00,1737547200,3320.0,3326.98,0.6718778480475175,0.5201147334560691,0.6310956301461459,0.15176311459144842
ETH,2025-01-24 12:00:00+00:00,1737633600,3200.0,3208.97,0.6556553987892235,0.7953992453126812,0.5201147334560691,-0.13974384652345773
ETH,2025-01-25 12:00:00+00:00,1737720000,3400.0,3397.6,0.654482137036339,0.49758213211213537,0.7953992453126812,0.15690000492420358
ETH,2025-01-26 12:00:00+00:00,1737806400,3300.0,3302.49,0.3367861949135622,0.3300094174045848,0.49758213211213537,0.006776777508977427
ETH,2025-01-27 12:00:00+00:00,1737892800,3300.0,3308.49,0.4289037458589369,0.7224154785148192,0.3300094174045848,-0.2935117326558823
ETH,2025-01-28 12:00:00+00:00,1737979200,3060.0,3059.64,0.8798063669676199,0.7886861338477775,0.7224154785148192,0.09112023311984241
ETH,2025-01-29 12:00:00+00:00,1738065600,3200.0,3190.97,0.6395090513939103,0.5707175256406631,0.7886861338477775,0.0687915257532472
ETH,2025-01-30 12:00:00+00:00,1738152000,3140.0,3133.22,0.6953090759468161,0.7596805017228483,0.5707175256406631,-0.06437142577603217
ETH,2025-01-31 12:00:00+00:00,1738238400,3220.0,3219.77,0.6635062426913072,0.5698600719804917,0.7596805017228483,0.09364617071081549
ETH,2025-02-01 12:00:00+00:00,1738324800,3320.0,3326.8,0.716859933477423,0.6330248495210661,0.5698600719804917,0.08383508395635697
ETH,2025-02-02 12:00:00+00:00,1738411200,3260.0,3253.52,0.347620686674607,0.6375665313602351,0.6330248495210661,-0.2899458446856281
ETH,2025-02-03 12:00:00+00:00,1738497600,3060.0,3068.82,0.7096740496450136,2.413225710031645,0.6375665313602351,-1.7035516603866316
ETH,2025-02-04 12:00:00+00:00,1738584000,2600.0,2593.78,1.1697849917724625,1.4729447593282217,2.413225710031645,-0.30315976755575913
ETH,2025-02-05 12:00:00+00:00,1738670400,2760.0,2765.54,0.9860511046347986,1.2082109069598168,1.4729447593282217,-0.2221598023250182
ETH,2025-02-06 12:00:00+00:00,1738756800,2800.0,2796.94,0.8297555928146187,0.8147012341250053,1.2082109069598168,0.015054358689613467
ETH,2025-02-07 12:00:00+00:00,1738843200,2800.0,2804.89,0.7423490068022409,0.7811926726226955,0.8147012341250053,-0.03884366582045462
ETH,2025-02-08 12:00:00+00:00,1738929600,2760.0,2761.9,0.7499171260440978,0.7463782816703973,0.7811926726226955,0.003538844373700445
ETH,2025-02-09 12:00:00+00:00,1739016000,2620.0,2617.47,0.4570359158688097,0.49001884767602455,0.7463782816703973,-0.032982931807214844
ETH,2025-02-10 12:00:00+00:00,1739102400,2660.0,2660.63,0.6044867753311812,0.7990911789996582,0.49001884767602455,-0.19460440366847698
ETH,2025-02-11 12:00:00+00:00,1739188800,2660.0,2654.39,0.7223229529681895,0.5513672693724192,0.7990911789996582,0.1709556835957703
ETH,2025-02-12 12:00:00+00:00,1739275200,2700.0,2701.47,0.6626726447817914,0.5895702067475125,0.5513672693724192,0.07310243803427896
ETH,2025-02-13 12:00:00+00:00,1739361600,2620.0,2629.12,0.7326727478354634,0.9296274958339757,0.5895702067475125,-0.19695474799851231
ETH,2025-02-14 12:00:00+00:00,1739448000,2660.0,2655.92,0.7682040780897939,0.5609789262826612,0.9296274958339757,0.20722515180713263
ETH,2025-02-15 12:00:00+00:00,1739534400,2680.0,2679.68,0.6299523396172044,0.5649820427282668,0.5609789262826612,0.06497029688893763
ETH,2025-02-16 12:00:00+00:00,1739620800,2700.0,2709.11,0.3454979879040922,0.3461419834761722,0.5649820427282668,-0.0006439955720800028
ETH,2025-02-17 12:00:00+00:00,1739707200,2720.0,2710.73,0.4673404105312875,0.5036942991603388,0.3461419834761722,-0.03635388862905131
ETH,2025-02-18 12:00:00+00:00,1739793600,2760.0,2759.41,0.6408025961107225,0.6786127500025291,0.5036942991603388,-0.03781015389180653
ETH,2025-02-19 12:00:00+00:00,1739880000,2680.0,2681.75,0.6740981516492153,0.5953265881874542,0.6786127500025291,0.07877156346176106
ETH,2025-02-20 12:00:00+00:00,1739966400,2720.0,2726.38,0.6244365404575288,0.480011781669038,0.5953265881874542,0.14442475878849081
ETH,2025-02-21 12:00:00+00:00,1740052800,2740.0,2742.75,0.5414954510318363,0.6245434616062716,0.480011781669038,-0.08304801057443534
ETH,2025-02-22 12:00:00+00:00,1740139200,2800.0,2791.46,0.5703568568602598,0.9236517220387062,0.6245434616062716,-0.3532948651784463
ETH,2025-02-23 12:00:00+00:00,1740225600,2740.0,2733.78,0.41152702472533154,0.4431010625387427,0.9236517220387062,-0.03157403781341117
ETH,2025-02-24 12:00:00+00:00,1740312000,2800.0,2805.02,0.512235084972106,0.6011986686825178,0.4431010625387427,-0.0889635837104118
ETH,2025-02-25 12:00:00+00:00,1740398400,2680.0,2682.53,0.6697926331805968,1.3030638155297956,0.6011986686825178,-0.6332711823491988
ETH,2025-02-26 12:00:00+00:00,1740484800,2420.0,2425.29,1.0158655269979242,0.8075672302975381,1.3030638155297956,0.20829829670038613
ETH,2025-02-27 12:00:00+00:00,1740571200,2460.0,2460.41,0.742521285276587,1.2294149155935385,0.8075672302975381,-0.48689363031695154
ETH,2025-02-28 12:00:00+00:00,1740657600,2350.0,2353.23,0.8555010747608713,1.3843735878082999,1.2294149155935385,-0.5288725130474285
ETH,2025-03-01 12:00:00+00:00,1740744000,2120.0,2127.0,1.130148397301126,0.918997520263766,1.3843735878082999,0.2111508770373599
ETH,2025-03-02 12:00:00+00:00,1740830400,2180.0,2178.92,0.49393093411703165,0.6513306129928287,0.918997520263766,-0.15739967887579703
ETH,2025-03-03 12:00:00+00:00,1740916800,2240.0,2235.0,0.667187296518966,1.7787870485159571,0.6513306129928287,-1.1115997519969911
ETH,2025-03-04 12:00:00+00:00,1741003200,2380.0,2373.45,1.0347441988558275,1.3131088912538473,1.7787870485159571,-0.27836469239801986
ETH,2025-03-05 12:00:00+00:00,1741089600,2100.0,2100.6,1.1144897395529214,1.3126110890272629,1.3131088912538473,-0.19812134947434146
ETH,2025-03-06 12:00:00+00:00,1741176000,2220.0,2216.84,1.0223318352404838,0.7636789911539684,1.3126110890272629,0.25865284408651534
ETH,2025-03-07 12:00:00+00:00,1741262400,2300.0,2291.2,0.7921476764926316,0.9360847669283163,0.7636789911539684,-0.1439370904356847
ETH,2025-03-08 12:00:00+00:00,1741348800,2200.0,2196.36,0.9974215462959839,1.0040933660860956,0.9360847669283163,-0.006671819790111666
ETH,2025-03-09 12:00:00+00:00,1741435200,2140.0,2146.17,0.47872468474096375,0.5209842211512195,1.0040933660860956,-0.042259536410255705
ETH,2025-03-10 12:00:00+00:00,1741521600,2140.0,2143.27,0.716251705883002,1.046112263449196,0.5209842211512195,-0.3298605575661939
ETH,2025-03-11 12:00:00+00:00,1741608000,2140.0,2135.18,0.9371999381773615,1.4591819881920913,1.046112263449196,-0.5219820500147299
ETH,2025-03-12 12:00:00+00:00,1741694400,1900.0,1907.52,1.06441623775478,1.2999281092748873,1.4591819881920913,-0.23551187152010744
ETH,2025-03-13 12:00:00+00:00,1741780800,1920.0,1917.76,1.1815359621751647,0.7213730022695878,1.2999281092748873,0.4601629599055769
ETH,2025-03-14 12:00:00+00:00,1741867200,1900.0,1898.69,0.9082479259731202,0.6123678572931227,0.7213730022695878,0.2958800686799975
ETH,2025-03-15 12:00:00+00:00,1741953600,1900.0,1900.19,0.7339305784349137,0.46086076171289125,0.6123678572931227,0.27306981672202246
ETH,2025-03-16 12:00:00+00:00,1742040000,1920.0,1926.81,0.37372852049217614,0.3565253510623465,0.46086076171289125,0.017203169429829634
ETH,2025-03-17 12:00:00+00:00,1742126400,1880.0,1878.41,0.6498298208283899,0.5260314270167092,0.3565253510623465,0.12379839381168067
ETH,2025-03-18 12:00:00+00:00,1742212800,1920.0,1912.79,0.7241857222438299,0.45375020783175973,0.5260314270167092,0.2704355144120702
ETH,2025-03-19 12:00:00+00:00,1742299200,1900.0,1894.05,0.5941986251800617,0.6576296233610952,0.45375020783175973,-0.06343099818103348
ETH,2025-03-20 12:00:00+00:00,1742385600,2020.0,2018.98,0.9579493081336661,0.601482399944047,0.6576296233610952,0.3564669081896191
ETH,2025-03-21 12:00:00+00:00,1742472000,1980.0,1986.85,0.7327516322514687,0.5212712807765995,0.601482399944047,0.2114803514748692
ETH,2025-03-22 12:00:00+00:00,1742558400,1960.0,1967.88,0.5896198747162888,0.4052128226455409,0.5212712807765995,0.18440705207074792
ETH,2025-03-23 12:00:00+00:00,1742644800,2000.0,1992.3433333333332,0.3157917412869785,0.2995660650743896,0.4052128226455409,0.016225676212588913
ETH,2025-03-24 12:00:00+00:00,1742731200,2020.0,2010.6333333333332,0.42418303429610665,0.47243742736555033,0.2995660650743896,-0.04825439306944368
ETH,2025-03-25 12:00:00+00:00,1742817600,2080.0,2087.61,0.6179000850816712,0.458978643239355,0.47243742736555033,0.15892144184231616
ETH,2025-03-26 12:00:00+00:00,1742904000,2060.0,2065.6666666666665,0.5246821470640448,0.41435794982558605,0.458978643239355,0.11032419723845877
ETH,2025-03-27 12:00:00+00:00,1742990400,2060.0,2069.15,0.4887011784397004,0.47558781361069674,0.41435794982558605,0.01311336482900366
ETH,2025-03-28 12:00:00+00:00,1743076800,2020.0,2014.7333333333336,0.5682362262963945,0.6711821465830945,0.47558781361069674,-0.10294592028670002
ETH,2025-03-29 12:00:00+00:00,1743163200,1900.0,1894.9266666666665,0.7414704571300547,0.5775132644342256,0.6711821465830945,0.1639571926958291
ETH,2025-03-30 12:00:00+00:00,1743249600,1840.0,1842.64,0.5128937057452037,0.5273131649244641,0.5775132644342256,-0.014419459179260463
ETH,2025-03-31 12:00:00+00:00,1743336000,1840.0,1830.39,0.6264193902819799,0.6962711321725018,0.5273131649244641,-0.0698517418905219
ETH,2025-04-01 12:00:00+00:00,1743422400,1820.0,1811.9866666666667,0.7586646280224907,0.5978828889344245,0.6962711321725018,0.16078173908806614
ETH,2025-04-02 12:00:00+00:00,1743508800,1860.0,1867.1966666666667,0.6845913485317832,0.5484892997005947,0.5978828889344245,0.13610204883118848
ETH,2025-04-03 12:00:00+00:00,1743595200,1860.0,1868.7633333333333,0.7802740524244403,0.940372249855826,0.5484892997005947,-0.16009819743138576
ETH,2025-04-04 12:00:00+00:00,1743681600,1800.0,1794.033333333333,0.8042228767679542,0.7738123259014075,0.940372249855826,0.03041055086654676
ETH,2025-04-05 12:00:00+00:00,1743768000,1780.0,1778.8966666666665,0.9966402664368624,0.648743050127544,0.7738123259014075,0.34789721630931847
ETH,2025-04-06 12:00:00+00:00,1743854400,1800.0,1808.2833333333335,0.4134211779846009,0.33608364508853605,0.648743050127544,0.07733753289606482
ETH,2025-04-07 12:00:00+00:00,1743940800,1800.0,1790.9533333333331,0.60604745670699,1.4668401683113839,0.33608364508853605,-0.8607927116043939
ETH,2025-04-08 12:00:00+00:00,1744027200,1480.0,1485.7266666666667,1.4361081635508084,1.307589630526876,1.4668401683113839,0.12851853302393246
ETH,2025-04-09 12:00:00+00:00,1744113600,1580.0,1583.71,0.9962255093500505,1.2126555972576556,1.307589630526876,-0.2164300879076051
ETH,2025-04-10 12:00:00+00:00,1744200000,1460.0,1453.8733333333332,1.2147979138939387,1.37770524064772,1.2126555972576556,-0.16290732675378128
ETH,2025-04-11 12:00:00+00:00,1744286400,1600.0,1598.9066666666668,0.9937511128591705,0.9659291561664507,1.37770524064772,0.027821956692719807
ETH,2025-04-12 12:00:00+00:00,1744372800,1560.0,1561.0033333333333,0.9573460536065435,0.6275275168888329,0.9659291561664507,0.32981853671771055
ETH,2025-04-13 12:00:00+00:00,1744459200,1600.0,1592.3033333333333,0.44046606351756534,0.7468705126075977,0.6275275168888329,-0.3064044490900324
ETH,2025-04-14 12:00:00+00:00,1744545600,1600.0,1602.5133333333333,0.755535446823285,0.8851235062193078,0.7468705126075977,-0.1295880593960228
ETH,2025-04-15 12:00:00+00:00,1744632000,1680.0,1671.5,0.9093433018888164,0.6856566075006991,0.8851235062193078,0.22368669438811728
ETH,2025-04-16 12:00:00+00:00,1744718400,1640.0,1634.993333333333,0.750787831148269,0.7646485846528931,0.6856566075006991,-0.013860753504624124
ETH,2025-04-17 12:00:00+00:00,1744804800,1580.0,1584.8266666666668,0.6817633879833138,0.7326802636239016,0.7646485846528931,-0.05091687564058778
ETH,2025-04-18 12:00:00+00:00,1744891200,1600.0,1596.43,0.6909845670913123,0.5013014850675308,0.7326802636239016,0.18968308202378148
ETH,2025-04-19 12:00:00+00:00,1744977600,1600.0,1590.03,0.48268406750301474,0.3078038390323108,0.5013014850675308,0.17488022847070395
ETH,2025-04-20 12:00:00+00:00,1745064000,1600.0,1597.0,0.3386777568300612,0.34629899411202475,0.3078038390323108,-0.0076212372819635665
ETH,2025-04-21 12:00:00+00:00,1745150400,1580.0,1575.54,0.5576992177095537,0.4951605104607935,0.34629899411202475,0.06253870724876015
ETH,2025-04-22 12:00:00+00:00,1745236800,1620.0,1628.0933333333335,0.6862197594098705,0.6522983853430041,0.4951605104607935,0.03392137406686635
ETH,2025-04-23 12:00:00+00:00,1745323200,1640.0,1630.3766666666668,0.6953147392409312,1.1593202601904034,0.6522983853430041,-0.4640055209494721
ETH,2025-04-24 12:00:00+00:00,1745409600,1800.0,1802.9250000000002,0.8117149633404954,0.6786441083135865,1.1593202601904034,0.13307085502690896
ETH,2025-04-25 12:00:00+00:00,1745496000,1750.0,1752.5149999999999,0.7315776993345855,0.5550002915569653,0.6786441083135865,0.1765774077776202
ETH,2025-04-26 12:00:00+00:00,1745582400,1780.0,1786.405,0.7286682500035068,0.7145980653375786,0.5550002915569653,0.014070184665928132
ETH,2025-04-27 12:00:00+00:00,1745668800,1780.0,1788.03,0.4618258164036616,0.5348597458289188,0.7145980653375786,-0.07303392942525722
ETH,2025-04-28 12:00:00+00:00,1745755200,1800.0,1806.1899999999998,0.5628961785728033,0.48920870535198774,0.5348597458289188,0.07368747322081554
ETH,2025-04-29 12:00:00+00:00,1745841600,1820.0,1812.3999999999999,0.6739973810077731,0.6474268223298381,0.48920870535198774,0.026570558677935008
ETH,2025-04-30 12:00:00+00:00,1745928000,1820.0,1826.7666666666667,0.6465154179741317,0.5061985964927014,0.6474268223298381,0.14031682148143032
ETH,2025-05-01 12:00:00+00:00,1746014400,1820.0,1814.8133333333335,0.5703541101045888,0.5780416285857437,0.5061985964927014,-0.007687518481154898
ETH,2025-05-02 12:00:00+00:00,1746100800,1840.0,1843.3266666666668,0.7107288580643558,0.5178956819028604,0.5780416285857437,0.19283317616149542
ETH,2025-05-03 12:00:00+00:00,1746187200,1840.0,1834.6200000000001,0.6167036764107809,0.4559735425439646,0.5178956819028604,0.16073013386681634
ETH,2025-05-04 12:00:00+00:00,1746273600,1820.0,1824.6499999999999,0.326127924392487,0.3600125932311713,0.4559735425439646,-0.033884668838684295
ETH,2025-05-05 12:00:00+00:00,1746360000,1820.0,1829.9033333333334,0.42575455550344843,0.4290808217159538,0.3600125932311713,-0.003326266212505369
ETH,2025-05-06 12:00:00+00:00,1746446400,1800.0,1800.71,0.5600024816779522,0.43996354804169147,0.4290808217159538,0.12003893363626073
ETH,2025-05-07 12:00:00+00:00,1746532800,1760.0,1769.15,0.549588203553566,0.5407101378442593,0.43996354804169147,0.008878065709306715
ETH,2025-05-08 12:00:00+00:00,1746619200,1840.0,1833.97,0.5544513727582153,0.6933290731090258,0.5407101378442593,-0.13887770035081048
ETH,2025-05-09 12:00:00+00:00,1746705600,1960.0,1959.42,0.6844570447558438,1.561010323974269,0.6933290731090258,-0.8765532792184252
ETH,2025-05-10 12:00:00+00:00,1746792000,2340.0,2343.47,1.1958209297705678,0.9625162883614945,1.561010323974269,0.23330464140907325
ETH,2025-05-11 12:00:00+00:00,1746878400,2400.0,2393.49,0.658230333238748,1.0243531547123357,0.9625162883614945,-0.36612282147358766
ETH,2025-05-12 12:00:00+00:00,1746964800,2520.0,2528.09,0.9162752522466806,0.8720721924157322,1.0243531547123357,0.04420305983094841
ETH,2025-05-13 12:00:00+00:00,1747051200,2540.0,2538.71,0.860840929600755,0.8982995431064436,0.8720721924157322,-0.037458613505688576
ETH,2025-05-14 12:00:00+00:00,1747137600,2500.0,2509.9,0.7302753652397308,0.9322766860568358,0.8982995431064436,-0.20200132081710498
ETH,2025-05-15 12:00:00+00:00,1747224000,2620.0,2621.86,0.8113064567117061,0.7524969719178068,0.9322766860568358,0.05880948479389925
ETH,2025-05-16 12:00:00+00:00,1747310400,2550.0,2551.69,0.756520070201969,0.8863199195879927,0.7524969719178068,-0.12979984938602374
ETH,2025-05-17 12:00:00+00:00,1747396800,2620.0,2619.37,0.7013849480937293,0.6534359618064935,0.8863199195879927,0.04794898628723576
ETH,2025-05-18 12:00:00+00:00,1747483200,2480.0,2483.54,0.44554212016545897,0.5037699418680552,0.6534359618064935,-0.05822782170259627
ETH,2025-05-19 12:00:00+00:00,1747569600,2500.0,2497.66,0.5856547259610083,1.0752234373924756,0.5037699418680552,-0.4895687114314673
ETH,2025-05-20 12:00:00+00:00,1747656000,2420.0,2411.07,0.7947647295116435,0.8093835937111222,1.0752234373924756,-0.014618864199478776
ETH,2025-05-21 12:00:00+00:00,1747742400,2500.0,2506.63,0.7895115995085255,0.7424833522919956,0.8093835937111222,0.04702824721652987
ETH,2025-05-22 12:00:00+00:00,1747828800,2540.0,2532.18,0.763588590628387,1.0859190012468725,0.7424833522919956,-0.32233041061848544
ETH,2025-05-23 12:00:00+00:00,1747915200,2650.0,2650.73,0.9067136018903708,0.7715406590802316,1.0859190012468725,0.13517294281013914
ETH,2025-05-24 12:00:00+00:00,1748001600,2540.0,2548.29,0.932898803793162,0.6211946495468259,0.7715406590802316,0.31170415424633613
ETH,2025-05-25 12:00:00+00:00,1748088000,2560.0,2564.03,0.46695848576574395,0.47105545806721755,0.6211946495468259,-0.0040969723014736
ETH,2025-05-26 12:00:00+00:00,1748174400,2500.0,2496.83,0.6186823559163099,0.4517784966148423,0.47105545806721755,0.16690385930146762
ETH,2025-05-27 12:00:00+00:00,1748260800,2560.0,2565.09,0.5732225342861563,0.48672366124935673,0.4517784966148423,0.0864988730367996
ETH,2025-05-28 12:00:00+00:00,1748347200,2640.0,2645.32,0.7544199267472624,0.5446696835760164,0.48672366124935673,0.20975024317124602
ETH,2025-05-29 12:00:00+00:00,1748433600,2660.0,2654.25,0.6510500037804574,0.6777307623336407,0.5446696835760164,-0.026680758553183304
ETH,2025-05-30 12:00:00+00:00,1748520000,2720.0,2713.6,0.7220328173099264,0.6827190258347008,0.6777307623336407,0.03931379147522562
ETH,2025-05-31 12:00:00+00:00,1748606400,2620.0,2624.13,0.6784140948965152,0.741803490083215,0.6827190258347008,-0.06338939518669984
ETH,2025-06-01 12:00:00+00:00,1748692800,2520.0,2520.07,0.44388524940910684,0.41602326936172795,0.741803490083215,0.027861980047378887
ETH,2025-06-02 12:00:00+00:00,1748779200,2500.0,2495.94,0.6593541256320561,0.4463911274876853,0.41602326936172795,0.2129629981443708
ETH,2025-06-03 12:00:00+00:00,1748865600,2480.0,2481.17,0.6451026703621192,0.5027947573140988,0.4463911274876853,0.14230791304802037
ETH,2025-06-04 12:00:00+00:00,1748952000,2600.0,2600.32,0.5967613468385811,0.4844248696960393,0.5027947573140988,0.11233647714254175
ETH,2025-06-05 12:00:00+00:00,1749038400,2620.0,2627.78,0.5791296282050296,0.48097190219140157,0.4844248696960393,0.09815772601362799
ETH,2025-06-06 12:00:00+00:00,1749124800,2620.0,2610.43,0.5559443960445556,0.8739189988957982,0.48097190219140157,-0.31797460285124257
ETH,2025-06-07 12:00:00+00:00,1749211200,2480.0,2479.16,0.7042610720895824,0.46844655916276456,0.8739189988957982,0.23581451292681788
ETH,2025-06-08 12:00:00+00:00,1749297600,2500.0,2496.48,0.4099815640277062,0.3214644092608998,0.46844655916276456,0.08851715476680638
ETH,2025-06-09 12:00:00+00:00,1749384000,2520.0,2510.8,0.5256112383065793,0.38061186143979503,0.3214644092608998,0.14499937686678427
ETH,2025-06-10 12:00:00+00:00,1749470400,2540.0,2537.47,0.6147518274946211,0.684282335853009,0.38061186143979503,-0.06953050835838792
ETH,2025-06-11 12:00:00+00:00,1749556800,2780.0,2770.67,0.9049642432143774,0.6948150454302106,0.684282335853009,0.21014919778416685
ETH,2025-06-12 12:00:00+00:00,1749643200,2780.0,2774.32,0.7592197216124104,0.7694891375731279,0.6948150454302106,-0.01026941596071751
ETH,2025-06-13 12:00:00+00:00,1749729600,2740.0,2735.01,0.6995692844245736,0.9542729571976202,0.7694891375731279,-0.2547036727730466
ETH,2025-06-14 12:00:00+00:00,1749816000,2560.0,2557.23,0.7741314847876248,0.5531858120199713,0.9542729571976202,0.22094567276765353
ETH,2025-06-15 12:00:00+00:00,1749902400,2540.0,2536.6,0.41652228114397905,0.3752767060680271,0.5531858120199713,0.041245575075951946
ETH,2025-06-16 12:00:00+00:00,1749988800,2520.0,2517.19,0.6284580380306541,0.5339931554923907,0.3752767060680271,0.09446488253826346
ETH,2025-06-17 12:00:00+00:00,1750075200,2620.0,2610.67,0.644614352333215,0.7674444593958746,0.5339931554923907,-0.12283010706265962
ETH,2025-06-18 12:00:00+00:00,1750161600,2560.0,2554.92,0.7069506248992602,0.6237198025750118,0.7674444593958746,0.08323082232424839
ETH,2025-06-19 12:00:00+00:00,1750248000,2500.0,2509.24,0.7494570577659037,0.6698249434840897,0.6237198025750118,0.07963211428181394
ETH,2025-06-20 12:00:00+00:00,1750334400,2520.0,2528.82,0.6162697538792942,0.4251784225413411,0.6698249434840897,0.19109133133795309
ETH,2025-06-21 12:00:00+00:00,1750420800,2560.0,2553.94,0.5179527680724629,0.6664071069497234,0.4251784225413411,-0.14845433887726045
ETH,2025-06-22 12:00:00+00:00,1750507200,2440.0,2443.42,0.3868859348985286,1.3422816348656397,0.6664071069497234,-0.955395699967111
ETH,2025-06-23 12:00:00+00:00,1750593600,2280.0,2272.85,0.8212016764119539,0.9573829792947421,1.3422816348656397,-0.1361813028827883
ETH,2025-06-24 12:00:00+00:00,1750680000,2240.0,2248.99,0.7937296357207653,0.9806760284246069,0.9573829792947421,-0.1869463927038416
ETH,2025-06-25 12:00:00+00:00,1750766400,2420.0,2413.02,0.7518621083075463,0.6043785837914761,0.9806760284246069,0.14748352451607016
ETH,2025-06-26 12:00:00+00:00,1750852800,2420.0,2423.05,0.6429449849899691,0.7313522817287462,0.6043785837914761,-0.08840729673877712
ETH,2025-06-27 12:00:00+00:00,1750939200,2450.0,2451.06,0.6784140738692079,0.6035459620048261,0.7313522817287462,0.0748681118643818
ETH,2025-06-28 12:00:00+00:00,1751025600,2440.0,2445.44,0.5365021895152983,0.35169520346435373,0.6035459620048261,0.18480698605094453
ETH,2025-06-29 12:00:00+00:00,1751112000,2420.0,2427.21,0.29712426501081424,0.23356243532161297,0.35169520346435373,0.06356182968920127
ETH,2025-06-30 12:00:00+00:00,1751198400,2460.0,2459.35,0.4487783045290732,0.48556730655562247,0.23356243532161297,-0.03678900202654928
ETH,2025-07-01 12:00:00+00:00,1751284800,2460.0,2460.28,0.5304938539869561,0.47772087571693445,0.48556730655562247,0.0527729782700217
ETH,2025-07-02 12:00:00+00:00,1751371200,2460.0,2452.56,0.4866340661198155,0.4292553392284225,0.47772087571693445,0.057378726891393006
ETH,2025-07-03 12:00:00+00:00,1751457600,2440.0,2446.24,0.4544802043070711,0.6397030775787735,0.4292553392284225,-0.18522287327170245
ETH,2025-07-04 12:00:00+00:00,1751544000,2600.0,2597.2,0.5865709129124413,0.47257084461499477,0.6397030775787735,0.11400006829744658
ETH,2025-07-05 12:00:00+00:00,1751630400,2560.0,2550.05,0.41743822937362995,0.36898170308468914,0.47257084461499477,0.048456526288940815
ETH,2025-07-06 12:00:00+00:00,1751716800,2520.0,2514.95,0.2874093978343358,0.23392027334183108,0.36898170308468914,0.0534891244925047
ETH,2025-07-07 12:00:00+00:00,1751803200,2520.0,2514.95,0.41784255582467295,0.45247771598674175,0.23392027334183108,-0.0346351601620688
ETH,2025-07-08 12:00:00+00:00,1751889600,2560.0,2562.03,0.5372697659001258,0.4478363860887565,0.45247771598674175,0.08943337981136928
ETH,2025-07-09 12:00:00+00:00,1751976000,2580.0,2577.22,0.4982511667167298,0.4842125197459866,0.4478363860887565,0.014038646970743196
ETH,2025-07-10 12:00:00+00:00,1752062400,2620.0,2629.05,0.5150288458058873,0.6580168271019146,0.4842125197459866,-0.1429879812960273
ETH,2025-07-11 12:00:00+00:00,1752148800,2780.0,2775.3,0.6405307861872631,0.8587282586227242,0.6580168271019146,-0.21819747243546106
ETH,2025-07-12 12:00:00+00:00,1752235200,2980.0,2989.12,0.7534899205622074,0.5743507052398371,0.8587282586227242,0.17913921532237032
ETH,2025-07-13 12:00:00+00:00,1752321600,2960.0,2965.09,0.3362809151963672,0.34642007779710615,0.5743507052398371,-0.010139162600738938
ETH,2025-07-14 12:00:00+00:00,1752408000,2960.0,2965.77,0.5108895261549893,0.5886884239495002,0.34642007779710615,-0.07779889779451088
ETH,2025-07-15 12:00:00+00:00,1752494400,3060.0,3054.14,0.6774341004357756,0.5563506776678294,0.5886884239495002,0.12108342276794615
ETH,2025-07-16 12:00:00+00:00,1752580800,2980.0,2979.93,0.602839456247328,0.7434030052539471,0.5563506776678294,-0.14056354900661905
ETH,2025-07-17 12:00:00+00:00,1752667200,3160.0,3154.51,0.6485302516425386,0.8718563970037724,0.7434030052539471,-0.22332614536123374
ETH,2025-07-18 12:00:00+00:00,1752753600,3420.0,3428.58,0.7796775410418832,0.8175500830812578,0.8718563970037724,-0.03787254203937451
ETH,2025-07-19 12:00:00+00:00,1752840000,3620.0,3614.99,0.715187059485092,0.7432552397925613,0.8175500830812578,-0.02806818030746927
ETH,2025-07-20 12:00:00+00:00,1752926400,3560.0,3550.74,0.36145147549319157,0.565194530361281,0.7432552397925613,-0.2037430548680894
ETH,2025-07-21 12:00:00+00:00,1753012800,3760.0,3752.18,0.7264481590759231,0.6374090605926479,0.565194530361281,0.08903909848327518
ETH,2025-07-22 12:00:00+00:00,1753099200,3800.0,3806.95,0.7465859957486616,0.7163867592533885,0.6374090605926479,0.03019923649527312
ETH,2025-07-23 12:00:00+00:00,1753185600,3700.0,3705.6,0.6765102571070896,0.6538833358108705,0.7163867592533885,0.022626921296219016
ETH,2025-07-24 12:00:00+00:00,1753272000,3680.0,3671.81,0.5719581112620953,0.826400443602267,0.6538833358108705,-0.2544423323401718
ETH,2025-07-25 12:00:00+00:00,1753358400,3660.0,3658.5,0.6318615891370262,0.8272443057462927,0.826400443602267,-0.19538271660926654
ETH,2025-07-26 12:00:00+00:00,1753444800,3720.0,3725.79,0.6901198727775164,0.5666334850077328,0.8272443057462927,0.1234863877697836
ETH,2025-07-27 12:00:00+00:00,1753531200,3740.0,3733.57,0.3702259046847048,0.4377308440138664,0.5666334850077328,-0.06750493932916163
ETH,2025-07-28 12:00:00+00:00,1753617600,3820.0,3822.12,0.542601146844334,0.5173196478860514,0.4377308440138664,0.025281498958282578
ETH,2025-07-29 12:00:00+00:00,1753704000,3880.0,3873.9,0.5985658375134363,0.6700194049870232,0.5173196478860514,-0.07145356747358689
ETH,2025-07-30 12:00:00+00:00,1753790400,3840.0,3837.67,0.5947410867788703,0.602257778400816,0.6700194049870232,-0.007516691621945681
ETH,2025-07-31 12:00:00+00:00,1753876800,3760.0,3760.01,0.6361686705748497,0.5512080152172165,0.602257778400816,0.0849606553576332
ETH,2025-08-01 12:00:00+00:00,1753963200,3840.0,3842.22,0.5586667743725492,0.6824573774391726,0.5512080152172165,-0.12379060306662337
ETH,2025-08-02 12:00:00+00:00,1754049600,3640.0,3646.5,0.6719948886224977,0.7454543463485612,0.6824573774391726,-0.07345945772606355
ETH,2025-08-03 12:00:00+00:00,1754136000,3500.0,3501.2,0.42608483672950304,0.6172211426843884,0.7454543463485612,-0.1911363059548854
ETH,2025-08-04 12:00:00+00:00,1754222400,3480.0,3484.16,0.5924685447249582,0.42851074681196266,0.6172211426843884,0.16395779791299558
ETH,2025-08-05 12:00:00+00:00,1754308800,3560.0,3552.33,0.5219921485700401,0.5590545956120598,0.42851074681196266,-0.037062447042019775
ETH,2025-08-06 12:00:00+00:00,1754395200,3660.0,3668.53,0.5792699265825003,0.6307823343826312,0.5590545956120598,-0.05151240780013089
ETH,2025-08-07 12:00:00+00:00,1754481600,3620.0,3622.81,0.5734117934024734,0.5489727585028694,0.6307823343826312,0.024439034899603973
ETH,2025-08-08 12:00:00+00:00,1754568000,3820.0,3828.0,0.6384384963226686,0.604240078075179,0.5489727585028694,0.03419841824748959
ETH,2025-08-09 12:00:00+00:00,1754654400,3920.0,3916.55,0.5487945216212948,0.6864555313155652,0.604240078075179,-0.13766100969427042
ETH,2025-08-10 12:00:00+00:00,1754740800,4180.0,4184.22,0.4594251080009618,0.596353153999691,0.6864555313155652,-0.1369280459987292
ETH,2025-08-11 12:00:00+00:00,1754827200,4180.0,4178.11,0.5781511749949787,0.5275573316637222,0.596353153999691,0.050593843331256494
ETH,2025-08-12 12:00:00+00:00,1754913600,4200.0,4190.03,0.6494959614676814,0.7061334462373012,0.5275573316637222,-0.05663748476961983
ETH,2025-08-13 12:00:00+00:00,1755000000,4300.0,4295.62,0.6923017444642031,0.7152806941844037,0.7061334462373012,-0.022978949720200537
ETH,2025-08-14 12:00:00+00:00,1755086400,4680.0,4689.35,0.6679118727153381,0.7303659477451264,0.7152806941844037,-0.06245407502978828
ETH,2025-08-15 12:00:00+00:00,1755172800,4720.0,4728.53,0.6962399610587618,1.1444410866421428,0.7303659477451264,-0.448201125583381
ETH,2025-08-16 12:00:00+00:00,1755259200,4640.0,4630.3,0.6060535496421056,0.7484023142803814,1.1444410866421428,-0.14234876463827584
ETH,2025-08-17 12:00:00+00:00,1755345600,4400.0,4393.33,0.4347225520082189,0.42333259532843986,0.7484023142803814,0.011389956679779045
ETH,2025-08-18 12:00:00+00:00,1755432000,4540.0,4545.73,0.5276146324286441,0.6881414569914258,0.42333259532843986,-0.16052682456278167
ETH,2025-08-19 12:00:00+00:00,1755518400,4280.0,4286.5,0.7730247177829797,0.6578247389579293,0.6881414569914258,0.1151999788250504
ETH,2025-08-20 12:00:00+00:00,1755604800,4300.0,4301.82,0.6319741083680193,0.7272740389876751,0.6578247389579293,-0.0952999306196558
ETH,2025-08-21 12:00:00+00:00,1755691200,4220.0,4212.12,0.66866990670442,0.7410436674195893,0.7272740389876751,-0.07237376071516932
ETH,2025-08-22 12:00:00+00:00,1755777600,4280.0,4281.63,0.6415091259662692,0.6374143519132044,0.7410436674195893,0.004094774053064798
ETH,2025-08-23 12:00:00+00:00,1755864000,4260.0,4268.02,0.8200508614550549,1.1609642891840426,0.6374143519132044,-0.3409134277289877
ETH,2025-08-24 12:00:00+00:00,1755950400,4700.0,4693.69,0.3888586772092574,0.4040148867232829,1.1609642891840426,-0.01515620951402552
ETH,2025-08-25 12:00:00+00:00,1756036800,4740.0,4745.2,0.5363117828100425,0.8924599490190347,0.4040148867232829,-0.35614816620899215
ETH,2025-08-26 12:00:00+00:00,1756123200,4600.0,4600.0,0.7998330469099558,0.8803495531242098,0.8924599490190347,-0.08051650621425399
ETH,2025-08-27 12:00:00+00:00,1756209600,4420.0,4413.88,0.7112809941162204,0.8221615936663137,0.8803495531242098,-0.11088059955009333
ETH,2025-08-28 12:00:00+00:00,1756296000,4620.0,4616.57,0.6773959970269658,0.6350113685765245,0.8221615936663137,0.04238462845044133
ETH,2025-08-29 12:00:00+00:00,1756382400,4600.0,4587.68,0.6735391570208722,0.5833059442225343,0.6350113685765245,0.09023321279833785
ETH,2025-08-30 12:00:00+00:00,1756468800,4340.0,4349.92,0.6863164643232353,0.6529396856102105,0.5833059442225343,0.0333767787130248
ETH,2025-08-31 12:00:00+00:00,1756555200,4380.0,4384.45,0.3777792674498319,0.3957946925373773,0.6529396856102105,-0.01801542508754539
ETH,2025-09-01 12:00:00+00:00,1756641600,4480.0,4472.83,0.5085429830407102,0.5248413260941034,0.3957946925373773,-0.01629834305339317
ETH,2025-09-02 12:00:00+00:00,1756728000,4380.0,4389.87,0.6113642775506011,0.5708848367694855,0.5248413260941034,0.04047944078111554
ETH,2025-09-03 12:00:00+00:00,1756814400,4340.0,4332.37,0.6460488198075574,0.622506753304497,0.5708848367694855,0.023542066503060344
ETH,2025-09-04 12:00:00+00:00,1756900800,4380.0,4377.97,0.6219513431702379,0.5018063164776261,0.622506753304497,0.12014502669261184
ETH,2025-09-05 12:00:00+00:00,1756987200,4400.0,4408.47,0.6156277247066044,0.5007377026334393,0.5018063164776261,0.11489002207316512
ETH,2025-09-06 12:00:00+00:00,1757073600,4420.0,4420.54,0.7350753875126594,0.4887121791430646,0.5007377026334393,0.24636320836959485
ETH,2025-09-07 12:00:00+00:00,1757160000,4300.0,4301.01,0.3508361689994238,0.2877948165904293,0.4887121791430646,0.0630413524089945
ETH,2025-09-08 12:00:00+00:00,1757246400,4320.0,4310.87,0.47794519314882195,0.3203801404040465,0.2877948165904293,0.15756505274477545
ETH,2025-09-09 12:00:00+00:00,1757332800,4320.0,4317.29,0.5060126089840098,0.4107938779321184,0.3203801404040465,0.09521873105189138
ETH,2025-09-10 12:00:00+00:00,1757419200,4340.0,4343.06,0.4906180069577396,0.4034216481456474,0.4107938779321184,0.0871963588120922
ETH,2025-09-11 12:00:00+00:00,1757505600,4340.0,4332.96,0.45136490105787813,0.500554757327344,0.4034216481456474,-0.04918985626946587
ETH,2025-09-12 12:00:00+00:00,1757592000,4420.0,4427.27,0.619184086747908,0.5709095204212573,0.500554757327344,0.048274566326650725
ETH,2025-09-13 12:00:00+00:00,1757678400,4520.0,4511.34,0.4452700041091444,0.4290763428137361,0.5709095204212573,0.016193661295408335
ETH,2025-09-14 12:00:00+00:00,1757764800,4720.0,4714.83,0.3154485127693428,0.36662813082313217,0.4290763428137361,-0.051179618053789344
ETH,2025-09-15 12:00:00+00:00,1757851200,4640.0,4635.0,0.413872889108692,0.4378358431239193,0.36662813082313217,-0.0239629540152273
ETH,2025-09-16 12:00:00+00:00,1757937600,4520.0,4528.78,0.48336738848639615,0.4178683382568947,0.4378358431239193,0.06549905022950148
ETH,2025-09-17 12:00:00+00:00,1758024000,4500.0,4499.59,0.4324698045083659,0.4077232856569348,0.4178683382568947,0.024746518851431143
ETH,2025-09-18 12:00:00+00:00,1758110400,4500.0,4491.28,0.740870083816955,0.7235245600939854,0.4077232856569348,0.017345523722969602
ETH,2025-09-19 12:00:00+00:00,1758196800,4580.0,4576.97,0.4942947359630617,0.3600791757172515,0.7235245600939854,0.13421556024581022
ETH,2025-09-20 12:00:00+00:00,1758283200,4520.0,4517.29,0.3854613546241155,0.29881338733518126,0.3600791757172515,0.08664796728893426
ETH,2025-09-21 12:00:00+00:00,1758369600,4460.0,4467.81,0.24741992909567306,0.21826267823427115,0.29881338733518126,0.029157250861401918
ETH,2025-09-22 12:00:00+00:00,1758456000,4460.0,4463.7,0.32566236464019893,0.6884307960232685,0.21826267823427115,-0.3627684313830696
ETH,2025-09-23 12:00:00+00:00,1758542400,4180.0,4175.93,0.5916099653194502,0.41833750661793456,0.6884307960232685,0.17327245870151564
ETH,2025-09-24 12:00:00+00:00,1758628800,4200.0,4194.45,0.47913621566405157,0.4738859210728262,0.41833750661793456,0.005250294591225391
ETH,2025-09-25 12:00:00+00:00,1758715200,4180.0,4182.67,0.48439380662131226,0.5916699002901452,0.4738859210728262,-0.10727609366883295
ETH,2025-09-26 12:00:00+00:00,1758801600,4000.0,4011.21,0.6839929059111092,0.8054789316961172,0.5916699002901452,-0.121486025785008
ETH,2025-09-27 12:00:00+00:00,1758888000,3900.0,3899.14,0.6079116728650924,0.5066617641113166,0.8054789316961172,0.10124990875377582
ETH,2025-09-28 12:00:00+00:00,1758974400,4000.0,3998.34,0.3323028958737116,0.29708208249371126,0.5066617641113166,0.035220813380000326
ETH,2025-09-29 12:00:00+00:00,1759060800,3980.0,3989.9,0.43267947579222776,0.40962162751118947,0.29708208249371126,0.023057848281038296
ETH,2025-09-30 12:00:00+00:00,1759147200,4100.0,4099.84,0.47950643447672925,0.435655384221728,0.40962162751118947,0.043851050255001245
ETH,2025-10-01 12:00:00+00:00,1759233600,4160.0,4161.11,0.514732059224899,0.5462230931001764,0.435655384221728,-0.03149103387527741
ETH,2025-10-02 12:00:00+00:00,1759320000,4300.0,4298.55,0.5287501175327078,0.43287335717204023,0.5462230931001764,0.09587676036066761
ETH,2025-10-03 12:00:00+00:00,1759406400,4380.0,4385.67,0.5432934976009935,0.4880389188278894,0.43287335717204023,0.055254578773104135
ETH,2025-10-04 12:00:00+00:00,1759492800,4480.0,4479.03,0.5130265778452803,0.5215268212341437,0.4880389188278894,-0.00850024338886346
ETH,2025-10-05 12:00:00+00:00,1759579200,4480.0,4484.46,0.30965836403859937,0.4532148286718946,0.5215268212341437,-0.14355646463329524
ETH,2025-10-06 12:00:00+00:00,1759665600,4540.0,4541.59,0.5217142722684449,0.4095205526098871,0.4532148286718946,0.11219371965855779
ETH,2025-10-07 12:00:00+00:00,1759752000,4580.0,4578.46,0.5275004555328042,0.4729150312926259,0.4095205526098871,0.054585424240178315
ETH,2025-10-08 12:00:00+00:00,1759838400,4700.0,4705.6,0.5318319103845435,0.6563533787093219,0.4729150312926259,-0.1245214683247784
ETH,2025-10-09 12:00:00+00:00,1759924800,4480.0,4484.66,0.5443513092509475,0.5238457113254152,0.6563533787093219,0.020505597925532304
ETH,2025-10-10 12:00:00+00:00,1760011200,4380.0,4383.31,0.5831074680679853,0.5188395662390544,0.5238457113254152,0.06426790182893094
ETH,2025-10-11 12:00:00+00:00,1760097600,4340.0,4347.55,0.5473678581155303,2.3416189168035992,0.5188395662390544,-1.794251058688069
ETH,2025-10-12 12:00:00+00:00,1760184000,3840.0,3833.57,0.6470535617354527,0.7310553691605874,2.3416189168035992,-0.08400180742513474
ETH,2025-10-13 12:00:00+00:00,1760270400,3820.0,3823.39,0.7846929919336005,1.0542059586495716,0.7310553691605874,-0.269512966715971
ETH,2025-10-14 12:00:00+00:00,1760356800,4080.0,4070.03,0.8178241180404311,0.826035979845397,1.0542059586495716,-0.008211861804965914
ETH,2025-10-15 12:00:00+00:00,1760443200,3960.0,3962.36,0.883546892095489,0.8343415147088986,0.826035979845397,0.049205377386590365
ETH,2025-10-16 12:00:00+00:00,1760529600,4100.0,4093.76,0.781494657596106,0.7907236114595227,0.8343415147088986,-0.009228953863416711
ETH,2025-10-17 12:00:00+00:00,1760616000,4080.0,4074.69,0.7769557614464542,0.8540020663863286,0.7907236114595227,-0.07704630493987441
ETH,2025-10-18 12:00:00+00:00,1760702400,3780.0,3781.51,0.9587676904581182,0.7278275928821206,0.8540020663863286,0.23094009757599754
ETH,2025-10-19 12:00:00+00:00,1760788800,3880.0,3880.06,0.45852593195918057,0.5144362183835879,0.7278275928821206,-0.05591028642440732
ETH,2025-10-20 12:00:00+00:00,1760875200,3920.0,3926.01,0.6616695351622834,0.51034340657043,0.5144362183835879,0.15132612859185346
ETH,2025-10-21 12:00:00+00:00,1760961600,4040.0,4030.53,0.6643092519805467,0.5361961783310303,0.51034340657043,0.1281130736495164
ETH,2025-10-22 12:00:00+00:00,1761048000,3880.0,3888.36,0.6585733310744546,0.8746315829989587,0.5361961783310303,-0.21605825192450412
ETH,2025-10-23 12:00:00+00:00,1761134400,3820.0,3821.54,0.7718986420351068,0.6715211764355424,0.8746315829989587,0.1003774655995644
ETH,2025-10-24 12:00:00+00:00,1761220800,3840.0,3839.18,0.7288130860957055,0.6178692103884763,0.6715211764355424,0.11094387570722919
ETH,2025-10-25 12:00:00+00:00,1761307200,3960.0,3952.6,0.6691269185652835,0.4344170177972847,0.6178692103884763,0.2347099007679988
ETH,2025-10-26 12:00:00+00:00,1761393600,3940.0,3944.63,0.35495094639949815,0.32245277370524195,0.4344170177972847,0.0324981726942562
ETH,2025-10-27 12:00:00+00:00,1761480000,4040.0,4048.29,0.5970398591616508,0.54592443736829,0.32245277370524195,0.051115421793360816
ETH,2025-10-28 12:00:00+00:00,1761566400,4160.0,4162.52,0.6376247567403426,0.550676862489118,0.54592443736829,0.08694789425122462
ETH,2025-10-29 12:00:00+00:00,1761652800,4100.0,4109.22,0.5819724597526561,0.5654755581942384,0.550676862489118,0.016496901558417654
ETH,2025-10-30 12:00:00+00:00,1761739200,4020.0,4012.85,0.7003482951171061,1.015772550204463,0.5654755581942384,-0.31542425508735694
ETH,2025-10-31 12:00:00+00:00,1761825600,3900.0,3882.42,0.6664753672292688,0.6427225421741262,1.015772550204463,0.023752825055142646
ETH,2025-11-01 12:00:00+00:00,1761912000,3880.0,3881.17,0.5937468094287461,0.5531223046857732,0.6427225421741262,0.04062450474297297
ETH,2025-11-02 12:00:00+00:00,1761998400,3880.0,3878.26,0.3626286946362282,0.3001094582906461,0.5531223046857732,0.0625192363455821
ETH,2025-11-03 12:00:00+00:00,1762084800,3900.0,3891.25,0.5706671515580338,0.5711243741999922,0.3001094582906461,-0.0004572226419583547
ETH,2025-11-04 12:00:00+00:00,1762171200,3720.0,3714.07,0.6481185402775063,0.9190304984654248,0.5711243741999922,-0.2709119581879186
ETH,2025-11-05 12:00:00+00:00,1762257600,3520.0,3525.95,0.782091210633104,1.402081481895034,0.9190304984654248,-0.61999027126193
ETH,2025-11-06 12:00:00+00:00,1762344000,3320.0,3315.81,0.8563905353499854,0.7044733232283192,1.402081481895034,0.1519172121216662
ETH,2025-11-07 12:00:00+00:00,1762430400,3400.0,3391.08,0.7163786888091186,0.8244798342039341,0.7044733232283192,-0.10810114539481552
ETH,2025-11-08 12:00:00+00:00,1762516800,3260.0,3263.1,0.8111893227871231,0.8718245808182099,0.8244798342039341,-0.060635258031086825
ETH,2025-11-09 12:00:00+00:00,1762603200,3420.0,3411.51,0.42704288795824785,0.46997817159222605,0.8718245808182099,-0.042935283633978194
ETH,2025-11-10 12:00:00+00:00,1762689600,3420.0,3428.73,0.6285706360958601,0.6690226112219272,0.46997817159222605,-0.04045197512606713
ETH,2025-11-11 12:00:00+00:00,1762776000,3600.0,3593.5,0.6421273535368341,0.7242625269740287,0.6690226112219272,-0.08213517343719456
ETH,2025-11-12 12:00:00+00:00,1762862400,3580.0,3579.01,0.6272799895095031,0.6693809094217948,0.7242625269740287,-0.0421009199122917
ETH,2025-11-13 12:00:00+00:00,1762948800,3540.0,3541.94,0.7023844393429401,0.8470496742749201,0.6693809094217948,-0.1446652349319799
ETH,2025-11-14 12:00:00+00:00,1763035200,3500.0,3499.22,0.7081213997547016,1.1843391270029806,0.8470496742749201,-0.47621772724827904
ETH,2025-11-15 12:00:00+00:00,1763121600,3120.0,3129.02,0.9873921888554887,0.9802472008542744,1.1843391270029806,0.007144988001214325
ETH,2025-11-16 12:00:00+00:00,1763208000,3160.0,3150.57,0.4935124134332611,0.5335478869599496,0.9802472008542744,-0.040035473526688514
ETH,2025-11-17 12:00:00+00:00,1763294400,3180.0,3175.63,0.76597211972108,0.9995908467792233,0.5335478869599496,-0.23361872705814324
ETH,2025-11-18 12:00:00+00:00,1763380800,3200.0,3198.0,0.7264092231239887,1.1226556504684344,0.9995908467792233,-0.3962464273444457
ETH,2025-11-19 12:00:00+00:00,1763467200,3060.0,3050.15,0.8748615349411953,0.7661596513411885,1.1226556504684344,0.10870188360000688
ETH,2025-11-20 12:00:00+00:00,1763553600,3100.0,3090.94,0.7932917608558666,0.8937886155436349,0.7661596513411885,-0.10049685468776826
ETH,2025-11-21 12:00:00+00:00,1763640000,3020.0,3022.47,0.8045304284207584,1.1977015071663024,0.8937886155436349,-0.393171078745544
ETH,2025-11-22 12:00:00+00:00,1763726400,2680.0,2687.96,1.145823180702072,1.1191657207919392,1.1977015071663024,0.026657459910132797
ETH,2025-11-23 12:00:00+00:00,1763812800,2720.0,2729.59,0.5022062049751752,0.5494547248627326,1.1191657207919392,-0.047248519887557405
ETH,2025-11-24 12:00:00+00:00,1763899200,2820.0,2819.52,0.7670894405058453,0.8123366400227353,0.5494547248627326,-0.045247199516890046
ETH,2025-11-25 12:00:00+00:00,1763985600,2800.0,2799.92,0.8576894299157931,0.7105999706612328,0.8123366400227353,0.1470894592545603
ETH,2025-11-26 12:00:00+00:00,1764072000,2900.0,2895.46,0.7360182756154703,0.7640347338522984,0.7105999706612328,-0.02801645823682808
ETH,2025-11-27 12:00:00+00:00,1764158400,2900.0,2897.08,0.680538333389783,0.623120769483039,0.7640347338522984,0.05741756390674402
ETH,2025-11-28 12:00:00+00:00,1764244800,3050.0,3028.27,0.6009219989473196,0.4805921431593297,0.623120769483039,0.12032985578798988
ETH,2025-11-29 12:00:00+00:00,1764331200,3040.0,3039.0,0.5407694400309708,0.5090719340470251,0.4805921431593297,0.03169750598394572
ETH,2025-11-30 12:00:00+00:00,1764417600,3000.0,3001.73,0.39986328541546384,0.3280111876158969,0.5090719340470251,0.07185209779956692
ETH,2025-12-01 12:00:00+00:00,1764504000,3000.0,3001.7,0.5143182529143407,0.620704555539358,0.3280111876158969,-0.10638630262501725
ETH,2025-12-02 12:00:00+00:00,1764590400,2840.0,2832.74,0.6887363080484468,0.6839894293090567,0.620704555539358,0.004746878739390059
ETH,2025-12-03 12:00:00+00:00,1764676800,2820.0,2828.36,0.6315987105077435,0.6813615776863954,0.6839894293090567,-0.04976286717865186
ETH,2025-12-04 12:00:00+00:00,1764763200,3080.0,3079.01,0.6833172511274253,0.8884334101614966,0.6813615776863954,-0.20511615903407132
ETH,2025-12-05 12:00:00+00:00,1764849600,3180.0,3189.25,0.6909125241898361,0.7385776740732973,0.8884334101614966,-0.047665149883461266
ETH,2025-12-06 12:00:00+00:00,1764936000,3120.0,3128.16,0.6629002036102918,0.6308715853541977,0.7385776740732973,0.032028618256094044
ETH,2025-12-07 12:00:00+00:00,1765022400,3040.0,3039.52,0.35888266206369807,0.3513655054523925,0.6308715853541977,0.0075171566113055865
ETH,2025-12-08 12:00:00+00:00,1765108800,3040.0,3037.31,0.6123808536688332,0.8185570144019407,0.3513655054523925,-0.20617616073310752
ETH,2025-12-09 12:00:00+00:00,1765195200,3140.0,3136.6,0.6952368673734417,0.639322372993415,0.8185570144019407,0.055914494380026714
ETH,2025-12-10 12:00:00+00:00,1765281600,3120.0,3118.6,0.6002563974720159,0.7937571850250003,0.639322372993415,-0.1935007875529844
ETH,2025-12-11 12:00:00+00:00,1765368000,3320.0,3314.13,0.8690546380693818,0.8056942762186358,0.7937571850250003,0.063360361850746
ETH,2025-12-12 12:00:00+00:00,1765454400,3200.0,3195.14,0.6626585005707721,0.6491241451768807,0.8056942762186358,0.013534355393891473
ETH,2025-12-13 12:00:00+00:00,1765540800,3240.0,3236.19,0.6042171000432,0.6018663847873816,0.6491241451768807,0.002350715255818314
ETH,2025-12-14 12:00:00+00:00,1765627200,3120.0,3122.44,0.3630555205970425,0.3465919391276397,0.6018663847873816,0.0164635814694028
ETH,2025-12-15 12:00:00+00:00,1765713600,3080.0,3075.5,0.708285669880865,0.503255815779806,0.3465919391276397,0.205029854101059
ETH,2025-12-16 12:00:00+00:00,1765800000,3160.0,3150.96,0.64036196204839,0.7915159117979028,0.503255815779806,-0.1511539497495128
ETH,2025-12-17 12:00:00+00:00,1765886400,2960.0,2958.79,0.7582519343402443,0.5741450062002259,0.7915159117979028,0.1841069281400184
ETH,2025-12-18 12:00:00+00:00,1765972800,2940.0,2935.28,0.6542540160002159,0.8186830346472027,0.5741450062002259,-0.16442901864698678
ETH,2025-12-19 12:00:00+00:00,1766059200,2860.0,2859.53,0.7949249374385337,1.071779454564227,0.8186830346472027,-0.2768545171256933
ETH,2025-12-20 12:00:00+00:00,1766145600,2960.0,2956.22,0.7555912833824567,0.5861291018827639,1.071779454564227,0.16946218149969283
ETH,2025-12-21 12:00:00+00:00,1766232000,2980.0,2987.46,0.32943936232366694,0.23789680669010235,0.5861291018827639,0.09154255563356459
ETH,2025-12-22 12:00:00+00:00,1766318400,3000.0,2998.07,0.6265149810027175,0.514614851196715,0.23789680669010235,0.1119001298060025
ETH,2025-12-23 12:00:00+00:00,1766404800,3060.0,3051.6,0.6618421955114464,0.5077259074435002,0.514614851196715,0.1541162880679462
ETH,2025-12-24 12:00:00+00:00,1766491200,2960.0,2967.5,0.5914810221244362,0.5073365434005154,0.5077259074435002,0.08414447872392083
ETH,2025-12-25 12:00:00+00:00,1766577600,2920.0,2926.67,0.5134931152582163,0.3573217924409199,0.5073365434005154,0.1561713228172964
ETH,2025-12-26 12:00:00+00:00,1766664000,2920.0,2926.41,0.3985925194205043,0.4213037637414921,0.3573217924409199,-0.02271124432098781
ETH,2025-12-27 12:00:00+00:00,1766750400,2960.0,2966.09,0.47369202168861957,0.3176411933206025,0.4213037637414921,0.1560508283680171
ETH,2025-12-28 12:00:00+00:00,1766836800,2940.0,2930.96,0.2580492426864097,0.18713421381432127,0.3176411933206025,0.07091502887208845
ETH,2025-12-29 12:00:00+00:00,1766923200,2940.0,2943.63,0.42915163987612026,0.4122898749028905,0.18713421381432127,0.016861764973229776
ETH,2025-12-30 12:00:00+00:00,1767009600,2960.0,2958.64,0.5299101005410769,0.48553310819299017,0.4122898749028905,0.04437699234808673
ETH,2025-12-31 12:00:00+00:00,1767096000,2980.0,2982.23,0.5090547385500817,0.3714536632920184,0.48553310819299017,0.13760107525806325
ETH,2026-01-01 12:00:00+00:00,1767182400,3000.0,2996.5,0.47188342814229467,0.28224790105409653,0.3714536632920184,0.18963552708819814
ETH,2026-01-02 12:00:00+00:00,1767268800,2980.0,2989.26,0.37527366017776187,0.2798401572683479,0.28224790105409653,0.09543350290941399
ETH,2026-01-03 12:00:00+00:00,1767355200,3040.0,3045.8,0.49635558752954695,0.47726024457309485,0.2798401572683479,0.0190953429564521
ETH,2026-01-04 12:00:00+00:00,1767441600,3100.0,3095.19,0.3007566237058039,0.27976420085084885,0.47726024457309485,0.020992422854955062
ETH,2026-01-05 12:00:00+00:00,1767528000,3140.0,3138.46,0.47319564052411944,0.3782173493978842,0.27976420085084885,0.09497829112623524
ETH,2026-01-06 12:00:00+00:00,1767614400,3180.0,3178.21,0.5613288980421901,0.49992915352777506,0.3782173493978842,0.061399744514415044
ETH,2026-01-07 12:00:00+00:00,1767700800,3240.0,3236.59,0.47209614678501016,0.5664730511208262,0.49992915352777506,-0.09437690433581608
ETH,2026-01-08 12:00:00+00:00,1767787200,3220.0,3220.92,0.5379014926017587,0.47155584798546624,0.5664730511208262,0.06634564461629244
ETH,2026-01-09 12:00:00+00:00,1767873600,3120.0,3117.69,0.5240279792416163,0.5307159206243011,0.47155584798546624,-0.006687941382684803
ETH,2026-01-10 12:00:00+00:00,1767960000,3100.0,3093.46,0.5240799533973131,0.4388689900322116,0.5307159206243011,0.08521096336510148
ETH,2026-01-11 12:00:00+00:00,1768046400,3100.0,3098.39,0.2308437058341322,0.14049841468655563,0.4388689900322116,0.09034529114757656
ETH,2026-01-12 12:00:00+00:00,1768132800,3100.0,3107.71,0.4152300325532948,0.4099116512998639,0.14049841468655563,0.005318381253430926
ETH,2026-01-13 12:00:00+00:00,1768219200,3120.0,3118.86,0.44905649300250805,0.4567932696547035,0.4099116512998639,-0.007736776652195465
ETH,2026-01-14 12:00:00+00:00,1768305600,3140.0,3134.15,0.4751210344684656,0.66137057340745,0.4567932696547035,-0.18624953893898438
ETH,2026-01-15 12:00:00+00:00,1768392000,3280.0,3289.64,0.5591492905381115,0.5876417696966308,0.66137057340745,-0.02849247915851938
ETH,2026-01-16 12:00:00+00:00,1768478400,3350.0,3354.03,0.535550571551183,0.5319307142458544,0.5876417696966308,0.0036198573053286554
ETH,2026-01-17 12:00:00+00:00,1768564800,3300.0,3302.12,0.4473124427393457,0.32360824065204247,0.5319307142458544,0.1237042020873032
ETH,2026-01-18 12:00:00+00:00,1768651200,3300.0,3301.93,0.22019605417596688,0.19624891011098794,0.32360824065204247,0.023947144064978942
ETH,2026-01-19 12:00:00+00:00,1768737600,3320.0,3322.12,0.40978339479003734,0.46815626547647354,0.19624891011098794,-0.05837287068643621
ETH,2026-01-20 12:00:00+00:00,1768824000,3220.0,3219.85,0.45355770166930776,0.42459157691452626,0.46815626547647354,0.028966124754781497
ETH,2026-01-21 12:00:00+00:00,1768910400,3120.0,3111.85,0.5424143056500716,0.6916155791698951,0.42459157691452626,-0.14920127351982349
ETH,2026-01-22 12:00:00+00:00,1768996800,2940.0,2943.45,0.6228358751477105,0.8910134107493717,0.6916155791698951,-0.26817753560166113
ETH,2026-01-23 12:00:00+00:00,1769083200,2980.0,2985.47,0.5863820457116621,0.5637073429699028,0.8910134107493717,0.02267470274175931
ETH,2026-01-24 12:00:00+00:00,1769169600,2940.0,2937.22,0.5143559051819102,0.5273363176461252,0.5637073429699028,-0.012980412464214997
ETH,2026-01-25 12:00:00+00:00,1769256000,2960.0,2960.17,0.21477058228916607,0.2279076687935031,0.5273363176461252,-0.013137086504337037
ETH,2026-01-26 12:00:00+00:00,1769342400,2940.0,2935.18,0.532578667989001,0.5711722635477311,0.2279076687935031,-0.0385935955587301
ETH,2026-01-27 12:00:00+00:00,1769428800,2900.0,2898.65,0.5820132345025906,0.5460776307186314,0.5711722635477311,0.035935603783959214
ETH,2026-01-28 12:00:00+00:00,1769515200,2920.0,2918.1,0.5147114653421301,0.5526135510349445,0.5460776307186314,-0.03790208569281439
ETH,2026-01-29 12:00:00+00:00,1769601600,3040.0,3032.28,0.6025355967786725,0.4992004487141785,0.5526135510349445,0.10333514806449401
ETH,2026-01-30 12:00:00+00:00,1769688000,2920.0,2929.45,0.5209350946671141,0.8567177959074949,0.4992004487141785,-0.3357827012403808
ETH,2026-01-31 12:00:00+00:00,1769774400,2760.0,2759.7,0.6715328612395479,0.8155034791681679,0.8567177959074949,-0.14397061792861998
ETH,2026-02-01 12:00:00+00:00,1769860800,2640.0,2641.64,0.40880209841884135,1.2035285092981807,0.8155034791681679,-0.7947264108793393
ETH,2026-02-02 12:00:00+00:00,1769947200,2400.0,2407.66,0.8808179169045947,1.622332415848886,1.2035285092981807,-0.7415144989442914
ETH,2026-02-03 12:00:00+00:00,1770033600,2300.0,2292.0,1.0241840470616823,0.8911807441873598,1.622332415848886,0.1330033028743225
ETH,2026-02-04 12:00:00+00:00,1770120000,2280.0,2275.3,0.8417285601411614,1.230876260053086,0.8911807441873598,-0.38914769991192466
ETH,2026-02-05 12:00:00+00:00,1770206400,2260.0,2256.53,0.8432283033983737,1.500724493064282,1.230876260053086,-0.6574961896659083
ETH,2026-02-06 12:00:00+00:00,1770292800,2080.0,2088.31,1.258469399605518,2.0036003830674023,1.500724493064282,-0.7451309834618842
ETH,2026-02-07 12:00:00+00:00,1770379200,1920.0,1927.18,1.2033361436162253,1.0727403985823112,2.0036003830674023,0.13059574503391413
ETH,2026-02-08 12:00:00+00:00,1770465600,2040.0,2032.47,0.5808756668583843,0.8435647044889449,1.0727403985823112,-0.2626890376305606
ETH,2026-02-09 12:00:00+00:00,1770552000,2140.0,2130.94,0.8993283987939327,0.8040532844477544,0.8435647044889449,0.0952751143461783
ETH,2026-02-10 12:00:00+00:00,1770638400,2040.0,2032.64,0.9271663980853195,0.927817882383239,0.8040532844477544,-0.0006514842979195024
ETH,2026-02-11 12:00:00+00:00,1770724800,2020.0,2010.76,0.8060543475516126,0.722262628923066,0.927817882383239,0.08379171862854662
ETH,2026-02-12 12:00:00+00:00,1770811200,1960.0,1951.83,0.8079425018801987,0.8539177508616703,0.722262628923066,-0.04597524898147165
ETH,2026-02-13 12:00:00+00:00,1770897600,1980.0,1984.06,0.7013737232951287,0.689848061247628,0.8539177508616703,0.011525662047500718
ETH,2026-02-14 12:00:00+00:00,1770984000,1960.0,1956.11,0.666982699109787,0.6144581309199151,0.689848061247628,0.052524568189871945
ETH,2026-02-15 12:00:00+00:00,1771070400,2100.0,2098.99,0.40220610305842086,0.5245866244843737,0.6144581309199151,-0.12238052142595279
ETH,2026-02-16 12:00:00+00:00,1771156800,2060.0,2062.75,0.6337187364455774,0.7497182632235971,0.5245866244843737,-0.11599952677801972
ETH,2026-02-17 12:00:00+00:00,1771243200,1980.0,1976.52,0.6012886598523033,0.6792788840836553,0.7497182632235971,-0.07799022423135205
ETH,2026-02-18 12:00:00+00:00,1771329600,1980.0,1970.27,0.636288383655096,0.6926998631958251,0.6792788840836553,-0.056411479540729115
ETH,2026-02-19 12:00:00+00:00,1771416000,1980.0,1985.14,0.6559100312216474,0.6363273845706467,0.6926998631958251,0.019582646651000624
ETH,2026-02-20 12:00:00+00:00,1771502400,1950.0,1947.38,0.616723909409661,0.6572599449923933,0.6363273845706467,-0.04053603558273222
ETH,2026-02-21 12:00:00+00:00,1771588800,1940.0,1946.42,0.6281435930954005,0.5335841306359763,0.6572599449923933,0.09455946245942415
ETH,2026-02-22 12:00:00+00:00,1771675200,1980.0,1978.21,0.2899849298159039,0.2630967603745793,0.5335841306359763,0.026888169441324605
ETH,2026-02-23 12:00:00+00:00,1771761600,1980.0,1977.83,0.49517206666987884,0.649755518867873,0.2630967603745793,-0.15458345219799413
ETH,2026-02-24 12:00:00+00:00,1771848000,1920.0,1914.08,0.7000883107984393,0.7430612013655012,0.649755518867873,-0.042972890567061994
ETH,2026-02-25 12:00:00+00:00,1771934400,1820.0,1824.17,0.7339777942346745,0.7115822025102033,0.7430612013655012,0.022395591724471142
ETH,2026-02-26 12:00:00+00:00,1772020800,1920.0,1924.83,0.5714794409109907,0.8440504626227897,0.7115822025102033,-0.27257102171179903
ETH,2026-02-27 12:00:00+00:00,1772107200,2050.0,2062.41,0.7375874515868469,0.7461166988005206,0.8440504626227897,-0.008529247213673652
ETH,2026-02-28 12:00:00+00:00,1772193600,1960.0,1959.89,0.8182508246767338,0.7632502371011094,0.7461166988005206,0.05500058757562443
ETH,2026-03-01 12:00:00+00:00,1772280000,1860.0,1864.92,0.6232417372470109,0.8858758300739751,0.7632502371011094,-0.26263409282696415
ETH,2026-03-02 12:00:00+00:00,1772366400,1980.0,1982.96,0.7872409925489497,0.913512706885705,0.8858758300739751,-0.12627171433675521
ETH,2026-03-03 12:00:00+00:00,1772452800,1940.0,1948.49,0.7912384508531716,0.8901232338915696,0.913512706885705,-0.09888478303839798
ETH,2026-03-04 12:00:00+00:00,1772539200,1960.0,1966.33,0.8129324596357006,0.9289117540826575,0.8901232338915696,-0.11597929444695687
ETH,2026-03-05 12:00:00+00:00,1772625600,2060.0,2052.81,0.8511012556222795,0.9151229342959487,0.9289117540826575,-0.06402167867366926
ETH,2026-03-06 12:00:00+00:00,1772712000,2140.0,2131.23,0.838171559931997,0.6932892454663708,0.9151229342959487,0.14488231446562616
ETH,2026-03-07 12:00:00+00:00,1772798400,2040.0,2049.41,0.7585276414095288,0.6143015935651313,0.6932892454663708,0.14422604784439752
ETH,2026-03-08 12:00:00+00:00,1772884800,2000.0,1990.78,0.3801632859912991,0.42684179334716665,0.6143015935651313,-0.04667850735586754
ETH,2026-03-09 12:00:00+00:00,1772971200,1960.0,1954.07,0.7955136163674243,0.7783604082883766,0.42684179334716665,0.017153208079047744
ETH,2026-03-10 12:00:00+00:00,1773057600,2000.0,1997.26,0.7694060928299649,0.6774975065787184,0.7783604082883766,0.09190858625124643
ETH,2026-03-11 12:00:00+00:00,1773144000,2060.0,2057.38,0.6378361672880994,0.6228454270017526,0.6774975065787184,0.014990740286346838
ETH,2026-03-12 12:00:00+00:00,1773230400,2020.0,2015.59,0.6711046393638448,0.6329468094206997,0.6228454270017526,0.038157829943145094
ETH,2026-03-13 12:00:00+00:00,1773316800,2060.0,2060.09,0.639238876289019,0.6938592677564754,0.6329468094206997,-0.05462039146745645
ETH,2026-03-14 12:00:00+00:00,1773403200,2120.0,2127.53,0.6350060072760177,0.6678126489953987,0.6938592677564754,-0.03280664171938097
ETH,2026-03-15 12:00:00+00:00,1773489600,2080.0,2076.11,0.3429016885462806,0.2854435045380015,0.6678126489953987,0.05745818400827912
ETH,2026-03-16 12:00:00+00:00,1773576000,2120.0,2118.74,0.6245631220458367,0.7548989487317549,0.2854435045380015,-0.13033582668591814
ETH,2026-03-17 12:00:00+00:00,1773662400,2280.0,2278.84,0.7296961892712899,0.786745849098964,0.7548989487317549,-0.05704965982767407
ETH,2026-03-18 12:00:00+00:00,1773748800,2320.0,2328.29,0.7225899728492344,0.5501911035754273,0.786745849098964,0.1723988692738071
ETH,2026-03-19 12:00:00+00:00,1773835200,2260.0,2266.46,0.8044219825211423,0.7132739038164558,0.5501911035754273,0.09114807870468644
ETH,2026-03-20 12:00:00+00:00,1773921600,2160.0,2162.21,0.7827539122317402,0.6584381831466295,0.7132739038164558,0.12431572908511068
ETH,2026-03-21 12:00:00+00:00,1774008000,2140.0,2141.99,0.6612327535718432,0.46883673809662785,0.6584381831466295,0.19239601547521534
ETH,2026-03-22 12:00:00+00:00,1774094400,2160.0,2159.27,0.2999685194304831,0.6071983899383195,0.46883673809662785,-0.30722987050783646
ETH,2026-03-23 12:00:00+00:00,1774180800,2080.0,2070.09,0.7021008252057899,1.1718082798518992,0.6071983899383195,-0.4697074546461093
ETH,2026-03-24 12:00:00+00:00,1774267200,2120.0,2120.49,0.8845476533867807,0.6223088839537239,1.1718082798518992,0.2622387694330568
ETH,2026-03-25 12:00:00+00:00,1774353600,2160.0,2163.5,0.6694529503107889,0.5505462421361359,0.6223088839537239,0.11890670817465299
ETH,2026-03-26 12:00:00+00:00,1774440000,2200.0,2191.34,0.6291034473247916,0.5752351156993198,0.5505462421361359,0.05386833162547178
ETH,2026-03-27 12:00:00+00:00,1774526400,2080.0,2070.28,0.7233668883415845,0.6141516645319337,0.5752351156993198,0.10921522380965076
ETH,2026-03-28 12:00:00+00:00,1774612800,2000.0,1990.7,0.7894426816723532,0.3910707772544304,0.6141516645319337,0.3983719044179228
ETH,2026-03-29 12:00:00+00:00,1774699200,2000.0,1997.8,0.31484021507177135,0.404920796263216,0.3910707772544304,-0.09008058119144463
ETH,2026-03-30 12:00:00+00:00,1774785600,2000.0,2002.87,0.6264464682878137,0.7164579511635286,0.404920796263216,-0.09001148287571492
ETH,2026-03-31 12:00:00+00:00,1774872000,2080.0,2072.92,0.6285378936681494,0.609669114314774,0.7164579511635286,0.018868779353375387
ETH,2026-04-01 12:00:00+00:00,1774958400,2040.0,2045.18,0.6238420698879144,0.6742866067673315,0.609669114314774,-0.05044453687941719
ETH,2026-04-02 12:00:00+00:00,1775044800,2140.0,2131.62,0.6047964369178346,0.6679198802550798,0.6742866067673315,-0.06312344333724518
ETH,2026-04-03 12:00:00+00:00,1775131200,2020.0,2029.91,0.6255811617083071,0.475546203427715,0.6679198802550798,0.15003495828059216
ETH,2026-04-04 12:00:00+00:00,1775217600,2060.0,2063.18,0.4465866265139179,0.22284047835661766,0.475546203427715,0.22374614815730023
ETH,2026-04-05 12:00:00+00:00,1775304000,2060.0,2052.22,0.2474382441713056,0.2645787342982008,0.22284047835661766,-0.01714049012689517
ETH,2026-04-06 12:00:00+00:00,1775390400,2040.0,2038.45,0.4947768122286256,0.5176272238009365,0.2645787342982008,-0.022850411572310936
ETH,2026-04-07 12:00:00+00:00,1775476800,2160.0,2151.67,0.5615521436170106,0.518075915969457,0.5176272238009365,0.043476227647553545
ETH,2026-04-08 12:00:00+00:00,1775563200,2080.0,2088.49,0.6538519853091209,0.6741280776914306,0.518075915969457,-0.02027609238230965
ETH,2026-04-09 12:00:00+00:00,1775649600,2260.0,2250.27,0.601714397995573,0.49685991554083647,0.6741280776914306,0.10485448245473655
ETH,2026-04-10 12:00:00+00:00,1775736000,2180.0,2181.6,0.5498736087952909,0.6059045656911687,0.49685991554083647,-0.05603095689587778
ETH,2026-04-11 12:00:00+00:00,1775822400,2220.0,2220.07,0.548148791678912,0.40784928825820405,0.6059045656911687,0.1402995034207079
ETH,2026-04-12 12:00:00+00:00,1775908800,2240.0,2244.71,0.3258597466635059,0.5822549306426743,0.40784928825820405,-0.2563951839791684
ETH,2026-04-13 12:00:00+00:00,1775995200,2200.0,2201.91,0.6254778530199515,0.4082847914285816,0.5822549306426743,0.21719306159136992
ETH,2026-04-14 12:00:00+00:00,1776081600,2180.0,2183.74,0.5724576722793122,0.6504786651715018,0.4082847914285816,-0.07802099289218956
ETH,2026-04-15 12:00:00+00:00,1776168000,2380.0,2375.63,0.6507235156186952,0.5362034294210333,0.6504786651715018,0.11452008619766196
ETH,2026-04-16 12:00:00+00:00,1776254400,2340.0,2336.1,0.6254154963220848,0.4838690887459727,0.5362034294210333,0.14154640757611214
ETH,2026-04-17 12:00:00+00:00,1776340800,2340.0,2340.61,0.5989316006833671,0.6077671107196437,0.4838690887459727,-0.008835510036276584
ETH,2026-04-18 12:00:00+00:00,1776427200,2360.0,2351.74,0.5578702914065063,0.574791784808223,0.6077671107196437,-0.01692149340171667
ETH,2026-04-19 12:00:00+00:00,1776513600,2360.0,2358.6,0.3444659350692888,0.33899245618863494,0.574791784808223,0.005473478880653859
ETH,2026-04-20 12:00:00+00:00,1776600000,2340.0,2331.68,0.6009261250652411,0.5848336313649034,0.33899245618863494,0.016092493700337718
ETH,2026-04-21 12:00:00+00:00,1776686400,2300.0,2308.43,0.6234401043159891,0.4678926130849032,0.5848336313649034,0.15554749123108585
ETH,2026-04-22 12:00:00+00:00,1776772800,2320.0,2319.83,0.6037008224986327,0.5845925066920403,0.4678926130849032,0.019108315806592335
ETH,2026-04-23 12:00:00+00:00,1776859200,2400.0,2400.03,0.5500690700213757,0.4741639522047873,0.5845925066920403,0.07590511781658843
ETH,2026-04-24 12:00:00+00:00,1776945600,2340.0,2330.35,0.5709141431108391,0.4254988753740293,0.4741639522047873,0.1454152677368098
ETH,2026-04-25 12:00:00+00:00,1777032000,2320.0,2328.18,0.4654194840166216,0.282247792057632,0.4254988753740293,0.18317169195898958
ETH,2026-04-26 12:00:00+00:00,1777118400,2320.0,2313.62,0.27035234546665377,0.18522816928142471,0.282247792057632,0.08512417618522905
ETH,2026-04-27 12:00:00+00:00,1777204800,2340.0,2334.67,0.4521880332982397,0.42441563781378194,0.18522816928142471,0.027772395484457757
ETH,2026-04-28 12:00:00+00:00,1777291200,2320.0,2317.26,0.4318717260457288,0.4193987661881357,0.42441563781378194,0.012472959857593113
ETH,2026-04-29 12:00:00+00:00,1777377600,2280.0,2275.18,0.440084027394604,0.3783695969980503,0.4193987661881357,0.06171443039655372
ETH,2026-04-30 12:00:00+00:00,1777464000,2320.0,2326.36,0.4699270116075204,0.5789794824584139,0.3783695969980503,-0.10905247085089353
ETH,2026-05-01 12:00:00+00:00,1777550400,2260.0,2260.46,0.47169189854972937,0.3067603331366995,0.5789794824584139,0.1649315654130299
ETH,2026-05-02 12:00:00+00:00,1777636800,2280.0,2287.72,0.38731556105638804,0.2853961019448411,0.3067603331366995,0.10191945911154693
ETH,2026-05-03 12:00:00+00:00,1777723200,2300.0,2302.0,0.23529185714787743,0.26454147310410875,0.2853961019448411,-0.029249615956231323
ETH,2026-05-04 12:00:00+00:00,1777809600,2320.0,2322.72,0.3996592789536527,0.5203878932634927,0.26454147310410875,-0.12072861430983994
ETH,2026-05-05 12:00:00+00:00,1777896000,2340.0,2337.1,0.46570591071982126,0.44063920543753676,0.5203878932634927,0.025066705282284496
ETH,2026-05-06 12:00:00+00:00,1777982400,2380.0,2378.59,0.4653910786347344,0.40130102069968127,0.44063920543753676,0.06409005793505312
ETH,2026-05-07 12:00:00+00:00,1778068800,2400.0,2407.81,0.5355890285679967,0.3753995932448677,0.40130102069968127,0.16018943532312901
ETH,2026-05-08 12:00:00+00:00,1778155200,2340.0,2333.19,0.4239867244108124,0.3598188532418219,0.3753995932448677,0.06416787116899053
ETH,2026-05-09 12:00:00+00:00,1778241600,2300.0,2293.34,0.4182204418920515,0.30530447098867675,0.3598188532418219,0.11291597090337474
ETH,2026-05-10 12:00:00+00:00,1778328000,2320.0,2316.37,0.23611907858104497,0.19633271441128028,0.30530447098867675,0.03978636416976469
ETH,2026-05-11 12:00:00+00:00,1778414400,2320.0,2321.57,0.4195149350932133,0.4580592875969199,0.19633271441128028,-0.03854435250370658
ETH,2026-05-12 12:00:00+00:00,1778500800,2340.0,2333.77,0.4020821429714262,0.3630108546052825,0.4580592875969199,0.03907128836614371
ETH,2026-05-13 12:00:00+00:00,1778587200,2280.0,2284.03,0.43476219983272746,0.33988631398201913,0.3630108546052825,0.09487588585070833
ETH,2026-05-14 12:00:00+00:00,1778673600,2300.0,2306.89,0.42127987715025006,0.3748510380649783,0.33988631398201913,0.046428839085271734
ETH,2026-05-15 12:00:00+00:00,1778760000,2260.0,2255.46,0.5060840706514246,0.46863560665199727,0.3748510380649783,0.037448463999427306
ETH,2026-05-16 12:00:00+00:00,1778846400,2260.0,2255.1,0.38522528766690156,0.3879376250543294,0.46863560665199727,-0.002712337387427821
ETH,2026-05-17 12:00:00+00:00,1778932800,2180.0,2177.99,0.3210024086076348,0.22182466521941654,0.3879376250543294,0.09917774338821825
ETH,2026-05-18 12:00:00+00:00,1779019200,2200.0,2191.46,0.3981356634454736,0.5313359072853557,0.22182466521941654,-0.13320024383988216
ETH,2026-05-19 12:00:00+00:00,1779105600,2140.0,2138.23,0.5233855481854265,0.4954837934709707,0.5313359072853557,0.027901754714455773
ETH,2026-05-20 12:00:00+00:00,1779192000,2120.0,2111.65,0.4734014589359154,0.36804046284618586,0.4954837934709707,0.10536099608972954
ETH,2026-05-21 12:00:00+00:00,1779278400,2140.0,2130.95,0.419036546791785,0.3466849379677874,0.36804046284618586,0.0723516088239976
ETH,2026-05-22 12:00:00+00:00,1779364800,2120.0,2116.45,0.4500842413874522,0.3543738455369292,0.3466849379677874,0.09571039585052299
ETH,2026-05-23 12:00:00+00:00,1779451200,2140.0,2130.91,0.3437592628246755,0.45279281076052513,0.3543738455369292,-0.10903354793584963
ETH,2026-05-24 12:00:00+00:00,1779537600,2040.0,2031.27,0.31242336300851486,0.4644516400122609,0.45279281076052513,-0.15202827700374605
ETH,2026-05-25 12:00:00+00:00,1779624000,2120.0,2123.89,0.4361041448269752,0.4169412717204018,0.4644516400122609,0.019162873106573386
ETH,2026-05-26 12:00:00+00:00,1779710400,2120.0,2113.56,0.3967671717305042,0.3248918944355775,0.4169412717204018,0.07187527729492671
ETH,2026-05-27 12:00:00+00:00,1779796800,2120.0,2122.77,0.4378664920851963,0.41768380593177507,0.3248918944355775,0.020182686153421225
ETH,2026-05-28 12:00:00+00:00,1779883200,2080.0,2079.81,0.436150964673082,0.522050637474494,0.41768380593177507,-0.08589967280141197
ETH,2026-05-29 12:00:00+00:00,1779969600,1980.0,1988.67,0.5031800896571259,0.39610314993666856,0.522050637474494,0.10707693972045734
ETH,2026-05-30 12:00:00+00:00,1780056000,2000.0,2002.86,0.42104167635790535,0.4541015430853474,0.39610314993666856,-0.033059866727442044
ETH,2026-05-31 12:00:00+00:00,1780142400,2020.0,2017.42,0.22618188109968143,0.22776988688866534,0.4541015430853474,-0.0015880057889839094
ETH,2026-06-01 12:00:00+00:00,1780228800,2020.0,2020.15,0.3678096604488692,0.357704564617002,0.22776988688866534,0.010105095831867195
ETH,2026-06-02 12:00:00+00:00,1780315200,1980.0,1981.34,0.4492232163751472,0.5316535567109127,0.357704564617002,-0.08243034033576552
ETH,2026-06-03 12:00:00+00:00,1780401600,1980.0,1980.34,0.47406695061811666,0.7822587852384406,0.5316535567109127,-0.30819183462032396
ETH,2026-06-04 12:00:00+00:00,1780488000,1880.0,1878.87,0.6204784058735247,1.1144890723138359,0.7822587852384406,-0.4940106664403112
ETH,2026-06-05 12:00:00+00:00,1780574400,1760.0,1756.33,0.875478894826112,0.9566143807257647,1.1144890723138359,-0.08113548589965269
ETH,2026-06-06 12:00:00+00:00,1780660800,1660.0,1652.21,0.8471627927026391,1.304609150474139,0.9566143807257647,-0.4574463577715
ETH,2026-06-07 12:00:00+00:00,1780747200,1560.0,1560.13,0.668756943531128,0.6014071786802097,1.304609150474139,0.06734976485091837
ETH,2026-06-08 12:00:00+00:00,1780833600,1620.0,1629.79,0.8318184837752494,1.0863924175309267,0.6014071786802097,-0.2545739337556774
ETH,2026-06-09 12:00:00+00:00,1780920000,1680.0,1671.05,0.7719873246669693,0.6667088789498171,1.0863924175309267,0.10527844571715217
ETH,2026-06-10 12:00:00+00:00,1781006400,1680.0,1680.01,0.5840687799845277,0.6525587013271437,0.6667088789498171,-0.068489921342616
ETH,2026-06-11 12:00:00+00:00,1781092800,1620.0,1621.85,0.7575477393161474,0.6815973526493989,0.6525587013271437,0.07595038666674847
ETH,2026-06-12 12:00:00+00:00,1781179200,1660.0,1663.11,0.5666264260403823,0.6047637341152118,0.6815973526493989,-0.03813730807482951
ETH,2026-06-13 12:00:00+00:00,1781265600,1680.0,1670.2,0.47749820971281226,0.4281533403356125,0.6047637341152118,0.049344869377199785
ETH,2026-06-14 12:00:00+00:00,1781352000,1680.0,1677.82,0.2715990123849362,0.26211831259895774,0.4281533403356125,0.009480699785978486
ETH,2026-06-15 12:00:00+00:00,1781438400,1680.0,1674.26,0.46211792189861084,0.4665056954726921,0.26211831259895774,-0.004387773574081266
ETH,2026-06-16 12:00:00+00:00,1781524800,1760.0,1762.61,0.5255076099158429,0.6445986513770163,0.4665056954726921,-0.11909104146117344
ETH,2026-06-17 12:00:00+00:00,1781611200,1800.0,1797.94,0.5281710503387453,0.5868789989230548,0.6445986513770163,-0.0587079485843095
ETH,2026-06-18 12:00:00+00:00,1781697600,1760.0,1763.39,0.6132320804289013,0.7179983647308111,0.5868789989230548,-0.10476628430190982
ETH,2026-06-19 12:00:00+00:00,1781784000,1740.0,1744.07,0.5354021105040112,0.5743982998034977,0.7179983647308111,-0.03899618929948645
ETH,2026-06-20 12:00:00+00:00,1781870400,1700.0,1694.19,0.463676552020582,0.3916390998910662,0.5743982998034977,0.07203745212951579
ETH,2026-06-21 12:00:00+00:00,1781956800,1720.0,1728.35,0.27429575238643233,0.36510649543380336,0.3916390998910662,-0.09081074304737102
ETH,2026-06-22 12:00:00+00:00,1782043200,1720.0,1725.09,0.5318974570849864,0.5028533205215303,0.36510649543380336,0.029044136563456058
ETH,2026-06-23 12:00:00+00:00,1782129600,1760.0,1767.82,0.5132741010469919,0.5535161562237949,0.5028533205215303,-0.040242055176803015
ETH,2026-06-24 12:00:00+00:00,1782216000,1660.0,1659.98,0.6048292457379946,0.47972238595547867,0.5535161562237949,0.1251068597825159
ETH,2026-06-25 12:00:00+00:00,1782302400,1680.0,1680.69,0.5016086499760739,0.6584705836262406,0.47972238595547867,-0.15686193365016665
ETH,2026-06-26 12:00:00+00:00,1782388800,1640.0,1631.64,0.6438271245837427,1.008465654745928,0.6584705836262406,-0.3646385301621854
ETH,2026-06-27 12:00:00+00:00,1782475200,1540.0,1546.23,0.7304287673403073,0.6221573515393614,1.008465654745928,0.1082714158009459
ETH,2026-06-28 12:00:00+00:00,1782561600,1580.0,1583.89,0.29443537292424005,0.4166749366701935,0.6221573515393614,-0.12223956374595346
ETH,2026-06-29 12:00:00+00:00,1782648000,1580.0,1582.27,0.574642150624507,0.5769527057776455,0.4166749366701935,-0.002310555153138494
ETH,2026-06-30 12:00:00+00:00,1782734400,1580.0,1580.68,0.6025223321493736,0.6511376071295808,0.5769527057776455,-0.048615274980207235
ETH,2026-07-01 12:00:00+00:00,1782820800,1580.0,1575.43,0.5914411292117464,0.5098847457385726,0.6511376071295808,0.08155638347317384
ETH,2026-07-02 12:00:00+00:00,1782907200,1560.0,1567.94,0.5755018371286544,0.6169526993823761,0.5098847457385726,-0.04145086225372163
ETH,2026-07-03 12:00:00+00:00,1782993600,1650.0,1648.15,0.6067321572345193,0.6214236702570421,0.6169526993823761,-0.014691513022522806
ETH,2026-07-04 12:00:00+00:00,1783080000,1740.0,1744.34,0.455867480974317,0.3818081528438352,0.6214236702570421,0.07405932813048183
ETH,2026-07-05 12:00:00+00:00,1783166400,1760.0,1761.12,0.30069010592938894,0.41153361585094217,0.3818081528438352,-0.11084350992155323
ETH,2026-07-06 12:00:00+00:00,1783252800,1760.0,1757.37,0.5182793504569342,0.4825867570012626,0.41153361585094217,0.035692593455671606
ETH,2026-07-07 12:00:00+00:00,1783339200,1740.0,1740.07,0.5796276116285126,0.6193475531971064,0.4825867570012626,-0.03971994156859382
ETH,2026-07-08 12:00:00+00:00,1783425600,1780.0,1782.79,0.484938896669904,0.5614546738238771,0.6193475531971064,-0.07651577715397317
ETH,2026-07-09 12:00:00+00:00,1783512000,1740.0,1746.57,0.5808229723173282,0.4480860295269333,0.5614546738238771,0.13273694279039483
ETH,2026-07-10 12:00:00+00:00,1783598400,1740.0,1741.16,0.5289436054296817,0.4553528207884758,0.4480860295269333,0.07359078464120589
ETH,2026-07-11 12:00:00+00:00,1783684800,1800.0,1799.96,0.42703717416949216,0.30019166616412185,0.4553528207884758,0.1268455080053703
ETH,2026-07-12 12:00:00+00:00,1783771200,1800.0,1801.22,0.2297294549998431,0.36040685427731767,0.30019166616412185,-0.13067739927747457
ETH,2026-07-13 12:00:00+00:00,1783857600,1800.0,1803.13,0.46809899323122567,0.5342628378367588,0.36040685427731767,-0.0661638446055331
ETH,2026-07-14 12:00:00+00:00,1783944000,1780.0,1780.14,0.4998023713980332,0.3810200480877915,0.5342628378367588,0.11878232331024169
ETH,2026-07-15 12:00:00+00:00,1784030400,1800.0,1797.61,0.5198535613042506,0.5356958221193213,0.3810200480877915,-0.015842260815070675
ETH,2026-07-16 12:00:00+00:00,1784116800,1880.0,1883.04,0.46948745237527795,0.5671768318509508,0.5356958221193213,-0.09768937947567286
ETH,2026-07-17 12:00:00+00:00,1784203200,1880.0,1881.82,0.5221366410221973,0.4235956339696969,0.5671768318509508,0.09854100705250035
ETH,2026-07-18 12:00:00+00:00,1784289600,1840.0,1837.67,0.48098046213754675,0.3620621442255373,0.4235956339696969,0.11891831791200946
ETH,2026-07-19 12:00:00+00:00,1784376000,1840.0,1847.89,0.24635926871852176,0.23555475536899195,0.3620621442255373,0.01080451334952981
ETH,2026-07-20 12:00:00+00:00,1784462400,1860.0,1869.13,0.4457811052254321,0.49902295262499696,0.23555475536899195,-0.05324184739956489
ETH,2026-07-21 12:00:00+00:00,1784548800,1880.0,1882.67,0.5084043213371576,0.4014386206013344,0.49902295262499696,0.10696570073582323
ETH,2026-07-22 12:00:00+00:00,1784635200,1940.0,1933.54,0.49793726750921974,0.34648602290327674,0.4014386206013344,0.151451244605943
ETH,2026-07-23 12:00:00+00:00,1784721600,1920.0,1924.63,0.44786201291403677,0.4043404911311365,0.34648602290327674,0.04352152178290025
ETH,2026-07-24 12:00:00+00:00,1784808000,1920.0,1926.78,0.4443320098392457,0.4253373894182509,0.4043404911311365,0.018994620420994812
ETH,2026-07-25 12:00:00+00:00,1784894400,1880.0,1882.27,0.40276831337321384,0.32686206271851836,0.4253373894182509,0.07590625065469547
ETH,2026-07-26 12:00:00+00:00,1784980800,1860.0,1858.5,0.2078974933668432,0.18326111344691676,0.32686206271851836,0.024636379919926454
ETH,2026-07-27 12:00:00+00:00,1785067200,1880.0,1888.34,0.369340355829565,0.3648193526884293,0.18326111344691676,0.004521003141135682
ETH,2026-07-28 12:00:00+00:00,1785153600,1960.0,1963.8,0.45215141828081507,0.5019116994418837,0.3648193526884293,-0.049760281161068676
ETH,2026-07-29 12:00:00+00:00,1785240000,1880.0,1877.44,0.4665997757294528,0.5856133617847737,0.5019116994418837,-0.11901358605532092
ETH,2026-07-30 12:00:00+00:00,1785326400,1920.0,1912.73,0.5968835188404932,0.4897368818878807,0.5856133617847737,0.10714663695261245
ETH,2026-07-31 12:00:00+00:00,1785412800,1920.0,1924.89,0.4821834415872906,0.40053533017681137,0.4897368818878807,0.08164811141047923
ETH,2026-08-01 12:00:00+00:00,1785499200,1880.0,1881.52,0.43875794488434255,0.2822378541116516,0.40053533017681137,0.15652009077269097
ETH,2026-08-02 12:00:00+00:00,1785585600,1860.0,1868.35,0.22741799423784395,0.3896590439558346,0.2822378541116516,-0.16224104971799067
ETH,2026-08-03 12:00:00+00:00,1785672000,1860.0,1854.3,0.4296034246321661,0.31726938733396887,0.3896590439558346,0.11233403729819724
ETH,2026-08-04 12:00:00+00:00,1785758400,1840.0,1838.82,0.4780367234528781,0.3634670811800352,0.31726938733396887,0.11456964227284294
ETH,2026-08-05 12:00:00+00:00,1785844800,1880.0,1870.96,0.4237241081499378,0.32027312689548726,0.3634670811800352,0.10345098125445051
ETH,2026-08-06 12:00:00+00:00,1785931200,1860.0,1869.37,0.3865208814184065,0.4181929965248935,0.32027312689548726,-0.03167211510648699
ETH,2026-08-07 12:00:00+00:00,1786017600,1900.0,1904.8,0.4144550982480112,0.27860120548862033,0.4181929965248935,0.13585389275939086
ETH,2026-08-08 12:00:00+00:00,1786104000,1920.0,1919.3,0.4147084149821766,0.29802581123244115,0.27860120548862033,0.11668260374973544
ETH,2026-08-09 12:00:00+00:00,1786190400,1920.0,1920.84,0.19579823184944473,0.1403423764583591,0.29802581123244115,0.055455855391085634
ETH,2026-08-10 12:00:00+00:00,1786276800,1920.0,1917.3,0.32658645454862273,0.30110176103004915,0.1403423764583591,0.025484693518573576
ETH,2026-08-11 12:00:00+00:00,1786363200,1920.0,1923.31,0.3442563078409097,0.30472110446451867,0.30110176103004915,0.03953520337639105
ETH,2026-08-12 12:00:00+00:00,1786449600,1900.0,1893.88,0.3323783131123069,0.3119962676367889,0.30472110446451867,0.02038204547551803
ETH,2026-08-13 12:00:00+00:00,1786536000,1920.0,1916.86,0.45199894898505627,0.3122858110204059,0.3119962676367889,0.13971313796465035
ETH,2026-08-14 12:00:00+00:00,1786622400,1880.0,1879.62,0.3675863629606104,0.2886209456499037,0.3122858110204059,0.07896541731070672
ETH,2026-08-15 12:00:00+00:00,1786708800,1880.0,1877.19,0.30966384212506526,0.20209399038460554,0.2886209456499037,0.10756985174045972
ETH,2026-08-16 12:00:00+00:00,1786795200,1880.0,1878.84,0.1819236673058382,0.11551073339572257,0.20209399038460554,0.06641293391011563
ETH,2026-08-17 12:00:00+00:00,1786881600,1880.0,1880.5,0.25575371403861497,0.2662683917372236,0.11551073339572257,-0.010514677698608643
ETH,2026-08-18 12:00:00+00:00,1786968000,1900.0,1904.36,0.3192390739754596,0.26503365180855987,0.2662683917372236,0.05420542216689972
ETH,2026-08-19 12:00:00+00:00,1787054400,1900.0,1903.04,0.298069116001841,0.26872495912801514,0.26503365180855987,0.029344156873825855
ETH,2026-08-20 12:00:00+00:00,1787140800,1920.0,1922.96,0.32148871547282687,1.292980949044614,0.26872495912801514,-0.9714922335717872
ETH,2026-08-21 12:00:00+00:00,1787227200,2280.0,2289.37,0.7535464968242129,0.847776131249645,1.292980949044614,-0.09422963442543209
ETH,2026-08-22 12:00:00+00:00,1787313600,2380.0,2370.25,0.7250610826410283,0.9503472360148033,0.847776131249645,-0.225286153373775
ETH,2026-08-23 12:00:00+00:00,1787400000,2420.0,2423.11,0.5250841629850933,0.5140209768812014,0.9503472360148033,0.011063186103891898
ETH,2026-08-24 12:00:00+00:00,1787486400,2420.0,2427.35,0.5967290545698662,0.7089329113029684,0.5140209768812014,-0.11220385673310218
