label,trades,symbol,family,swing_n,struct_tf,exec_tf,trigger,grid,candidate,split,effective_n,symbols,win_rate,gross_r,median_r,median_gross_r,fee_r,slip_r,funding_r,cost_r,net_r,gross_total_r,net_total_r,profit_factor,pf_gross,max_dd_r,stop_pct_median,cost_over_gross,pct_long,pct_target,pct_stop,ambiguous_pct,hold_median_min,trades_per_day,p_hit_05r,p_hit_1r,p_hit_2r,conf_delay_bars_median,conf_delay_min_median,signal_lag_min_median,disp_atr_median,break_dist_atr_median,bars_between_swings_median,mfe_r_median,t_gross,t_net,gross_ci_low,gross_ci_high,net_ci_low,net_ci_high
A|N2|5m|oneshot|BTCUSD,1873,BTCUSD,A,2,5,5,oneshot,primary,A|N2|5m|oneshot,train,1478.3,1,0.283,0.0235,-1.4847,-1.0,1.6251,0.5509,0.00384,2.1798,-2.1563,44.0,-4038.8,0.14,1.036,4035.3,0.2069,92.792,100.0,34.1,65.9,0.6,31.0,5.31,0.6476,0.4949,0.3406,2.0,10.0,15.0,1.166,-1.075,3.0,1.012,0.631,-6.177,-0.0406,0.0876,-2.7897,-1.6047
A|N2|5m|oneshot|ETHUSD,2122,ETHUSD,A,2,5,5,oneshot,primary,A|N2|5m|oneshot,train,2122.0,1,0.3167,0.0108,-1.2901,-1.0,0.7196,0.2439,0.00268,0.9662,-0.9554,23.0,-2027.3,0.326,1.016,2032.3,0.3375,89.143,100.0,33.7,66.3,0.5,32.0,6.01,0.6555,0.4967,0.3369,2.0,10.0,15.0,1.034,-1.053,3.0,1.008,0.357,-10.253,-0.0472,0.073,-1.1592,-0.796
A|N2|5m|oneshot|SOLUSD,2135,SOLUSD,A,2,5,5,oneshot,primary,A|N2|5m|oneshot,train,2135.0,1,0.3237,0.0019,-1.228,-1.0,0.614,0.2081,0.00145,0.8235,-0.8217,4.0,-1754.2,0.371,1.003,1753.5,0.4057,439.559,100.0,33.4,66.6,0.6,28.0,6.05,0.6375,0.4834,0.334,2.0,10.0,15.0,1.049,-1.002,3.0,0.966,0.062,-8.767,-0.06,0.0595,-1.0337,-0.66
A|N2|5m|oneshot|XRPUSD,2036,XRPUSD,A,2,5,5,oneshot,primary,A|N2|5m|oneshot,train,2036.0,1,0.3099,-0.0083,-1.2609,-1.0,0.6455,0.2188,-0.00089,0.8634,-0.8718,-17.0,-1775.0,0.349,0.988,1784.4,0.3734,,100.0,33.1,66.9,0.6,28.0,5.77,0.6336,0.4799,0.3306,2.0,10.0,15.0,1.059,-1.044,3.0,0.965,-0.258,-13.805,-0.0747,0.0535,-1.0014,-0.7524
A|N2|5m|level|BTCUSD,2058,BTCUSD,A,2,5,5,level,primary,A|N2|5m|level,train,2058.0,1,0.259,0.0117,-1.4991,-1.0,2.6901,0.9119,0.00561,3.6076,-3.5959,24.0,-7400.4,0.084,1.018,7400.6,0.1983,309.351,100.0,33.7,66.3,1.9,26.0,5.84,0.6302,0.4966,0.3367,2.0,10.0,25.0,1.042,-1.071,3.0,1.091,0.387,-9.501,-0.0467,0.07,-4.386,-2.9108
A|N2|5m|level|ETHUSD,2397,ETHUSD,A,2,5,5,level,primary,A|N2|5m|level,train,2397.0,1,0.2924,-0.0013,-1.2815,-1.0,1.2432,0.4214,0.00537,1.6699,-1.6712,-3.0,-4005.9,0.204,0.998,4007.0,0.3297,,100.0,33.3,66.7,2.1,28.0,6.79,0.6224,0.4806,0.3329,2.0,10.0,25.0,0.932,-1.034,3.0,1.05,-0.043,-12.634,-0.0588,0.0551,-1.9475,-1.425
A|N2|5m|level|SOLUSD,2393,SOLUSD,A,2,5,5,level,primary,A|N2|5m|level,train,2393.0,1,0.3063,0.0042,-1.2162,-1.0,1.2922,0.438,0.00135,1.7316,-1.7274,10.0,-4133.7,0.208,1.006,4133.0,0.4017,414.374,100.0,33.5,66.5,1.7,27.0,6.78,0.6281,0.4852,0.3347,2.0,10.0,25.0,0.988,-0.969,3.0,1.053,0.141,-7.195,-0.0523,0.0656,-2.2348,-1.3071
A|N2|5m|level|XRPUSD,2284,XRPUSD,A,2,5,5,level,primary,A|N2|5m|level,train,2182.5,1,0.2846,-0.0293,-1.2452,-1.0,0.9815,0.3327,0.00037,1.3145,-1.3439,-67.0,-3069.4,0.243,0.957,3084.9,0.3786,,100.0,32.4,67.6,1.7,25.0,6.48,0.6147,0.4707,0.3236,2.0,10.0,25.0,1.017,-1.025,3.0,0.968,-0.957,-14.013,-0.0898,0.0285,-1.5325,-1.1669
A|N2|15m|oneshot|BTCUSD,544,BTCUSD,A,2,15,15,oneshot,primary,A|N2|15m|oneshot,train,544.0,1,0.3548,0.1415,-1.2231,-1.0,0.552,0.1871,0.00543,0.7445,-0.603,77.0,-328.0,0.469,1.228,340.6,0.3797,5.26,100.0,38.1,61.9,0.2,97.5,1.55,0.7004,0.5331,0.3805,2.0,30.0,45.0,0.903,-0.931,3.0,1.137,2.325,-6.524,0.0202,0.2629,-0.7916,-0.4256
A|N2|15m|oneshot|ETHUSD,723,ETHUSD,A,2,15,15,oneshot,primary,A|N2|15m|oneshot,train,686.8,1,0.3306,-0.0,-1.1586,-1.0,0.3228,0.1094,0.00253,0.4348,-0.4348,-0.0,-314.3,0.555,1.0,320.4,0.5912,,100.0,33.3,66.7,0.3,84.0,2.06,0.6542,0.491,0.332,2.0,30.0,60.0,0.923,-0.987,3.0,0.992,-0.0,-6.881,-0.108,0.1079,-0.5549,-0.3114
A|N2|15m|oneshot|SOLUSD,762,SOLUSD,A,2,15,15,oneshot,primary,A|N2|15m|oneshot,train,762.0,1,0.3307,0.0157,-1.1136,-1.0,0.2927,0.0992,0.00274,0.3947,-0.379,12.0,-288.8,0.6,1.024,293.2,0.7433,25.064,100.0,33.9,66.1,0.0,99.0,2.16,0.6942,0.5171,0.3386,2.0,30.0,45.0,0.964,-0.944,3.0,1.084,0.306,-6.627,-0.0827,0.1142,-0.4891,-0.2706
A|N2|15m|oneshot|XRPUSD,756,XRPUSD,A,2,15,15,oneshot,primary,A|N2|15m|oneshot,train,756.0,1,0.3042,-0.0516,-1.1516,-1.0,0.3515,0.1191,-0.00569,0.4649,-0.5165,-39.0,-390.5,0.495,0.925,394.4,0.6578,,100.0,31.6,68.4,0.3,84.0,2.14,0.6376,0.4656,0.3161,2.0,30.0,45.0,1.004,-0.972,3.0,0.881,-1.01,-7.878,-0.1508,0.0476,-0.6525,-0.3959
A|N2|15m|level|BTCUSD,674,BTCUSD,A,2,15,15,level,primary,A|N2|15m|level,train,674.0,1,0.3323,0.0816,-1.224,-1.0,1.2027,0.4077,-0.01093,1.5994,-1.5178,55.0,-1023.0,0.248,1.128,1033.7,0.41,19.6,100.0,36.1,63.9,1.0,86.0,1.92,0.6484,0.497,0.3591,2.0,30.0,75.0,0.864,-0.832,3.0,1.033,1.535,-4.549,-0.0209,0.1884,-2.2548,-0.9626
A|N2|15m|level|ETHUSD,886,ETHUSD,A,2,15,15,level,primary,A|N2|15m|level,train,886.0,1,0.3296,0.0497,-1.1479,-1.0,0.6654,0.2255,0.00283,0.8937,-0.8441,44.0,-747.9,0.387,1.076,753.7,0.5806,17.997,100.0,35.0,65.0,1.0,71.5,2.52,0.6501,0.4876,0.3488,2.0,30.0,75.0,0.801,-1.008,3.0,1.015,0.919,-6.29,-0.0553,0.158,-1.1211,-0.5974
A|N2|15m|level|SOLUSD,909,SOLUSD,A,2,15,15,level,primary,A|N2|15m|level,train,909.0,1,0.3146,-0.0264,-1.1143,-1.0,0.8851,0.3,0.00287,1.188,-1.2144,-24.0,-1103.9,0.306,0.961,1106.0,0.7303,,100.0,32.5,67.5,1.2,91.0,2.58,0.6645,0.4961,0.3245,2.0,30.0,75.0,0.9,-0.899,3.0,1.051,-0.533,-3.216,-0.1254,0.0694,-2.0601,-0.6036
A|N2|15m|level|XRPUSD,897,XRPUSD,A,2,15,15,level,primary,A|N2|15m|level,train,897.0,1,0.3032,-0.0401,-1.1342,-1.0,0.5713,0.1937,-0.00186,0.7631,-0.8032,-36.0,-720.5,0.381,0.941,723.3,0.6707,,100.0,32.0,68.0,1.2,75.0,2.54,0.6232,0.4548,0.32,2.0,30.0,75.0,0.931,-0.978,3.0,0.881,-0.893,-8.201,-0.1304,0.0468,-0.9978,-0.617
A|N2|60m|oneshot|BTCUSD,170,BTCUSD,A,2,60,60,oneshot,primary,A|N2|60m|oneshot,train,170.0,1,0.3412,0.0588,-1.1286,-1.0,0.288,0.0976,0.00805,0.3937,-0.3349,10.0,-56.9,0.635,1.091,66.1,0.8552,6.694,100.0,35.3,64.7,0.6,465.0,0.48,0.6412,0.5353,0.3529,2.0,120.0,180.0,1.14,-0.902,3.0,1.122,0.581,-2.734,-0.1353,0.2529,-0.5773,-0.1045
A|N2|60m|oneshot|ETHUSD,227,ETHUSD,A,2,60,60,oneshot,primary,A|N2|60m|oneshot,train,227.0,1,0.3436,0.0308,-1.0796,-1.0,0.1643,0.0557,0.00378,0.2238,-0.1929,7.0,-43.8,0.764,1.047,52.6,1.2054,7.257,100.0,34.4,65.6,0.0,401.0,0.65,0.6784,0.5198,0.3392,2.0,120.0,180.0,0.894,-0.861,3.0,1.053,0.321,-2.139,-0.141,0.2291,-0.3681,-0.0158
A|N2|60m|oneshot|SOLUSD,197,SOLUSD,A,2,60,60,oneshot,primary,A|N2|60m|oneshot,train,197.0,1,0.3299,0.0051,-1.0746,-1.0,0.1868,0.0633,0.00551,0.2556,-0.2505,1.0,-49.4,0.708,1.008,54.9,1.4383,50.358,100.0,33.5,66.5,0.0,298.0,0.56,0.6954,0.5178,0.335,2.0,120.0,180.0,1.009,-0.85,3.0,1.083,0.057,-2.158,-0.1624,0.1726,-0.4921,-0.0325
A|N2|60m|oneshot|XRPUSD,210,XRPUSD,A,2,60,60,oneshot,primary,A|N2|60m|oneshot,train,210.0,1,0.3095,-0.0714,-1.0759,-1.0,0.1388,0.0471,0.00025,0.1861,-0.2575,-15.0,-54.1,0.688,0.897,58.0,1.399,,100.0,31.0,69.0,0.5,373.0,0.6,0.6429,0.4524,0.3095,2.0,120.0,180.0,0.833,-0.836,3.0,0.859,-0.784,-3.062,-0.2571,0.1,-0.4216,-0.0914
A|N2|60m|level|BTCUSD,201,BTCUSD,A,2,60,60,level,primary,A|N2|60m|level,train,200.6,1,0.3532,0.0896,-1.1073,-1.0,0.3846,0.1304,0.00936,0.5244,-0.4348,18.0,-87.4,0.573,1.141,98.7,0.8545,5.855,100.0,36.3,63.7,0.5,426.0,0.57,0.607,0.5124,0.3582,2.0,120.0,300.0,1.223,-0.772,3.0,1.058,0.892,-2.572,-0.1045,0.2836,-0.7946,-0.1431
A|N2|60m|level|ETHUSD,296,ETHUSD,A,2,60,60,level,primary,A|N2|60m|level,train,296.0,1,0.3345,0.0338,-1.0768,-1.0,0.2851,0.0966,0.00486,0.3866,-0.3528,10.0,-104.4,0.626,1.052,107.8,1.1748,11.443,100.0,34.5,65.5,0.3,314.5,0.84,0.6689,0.527,0.3412,2.0,120.0,270.0,0.823,-0.85,3.0,1.13,0.428,-3.719,-0.1081,0.1959,-0.5428,-0.1666
A|N2|60m|level|SOLUSD,280,SOLUSD,A,2,60,60,level,primary,A|N2|60m|level,train,280.0,1,0.3321,0.0286,-1.0744,-1.0,0.3679,0.1247,0.00516,0.4978,-0.4692,8.0,-131.4,0.561,1.043,139.6,1.3424,17.423,100.0,34.3,65.7,0.4,236.0,0.8,0.6893,0.5107,0.3429,2.0,120.0,300.0,0.902,-0.923,3.0,1.092,0.406,-3.417,-0.1107,0.1679,-0.7536,-0.2064
A|N2|60m|level|XRPUSD,303,XRPUSD,A,2,60,60,level,primary,A|N2|60m|level,train,303.0,1,0.3234,0.0099,-1.0754,-1.0,0.3443,0.1167,-0.00014,0.4609,-0.451,3.0,-136.7,0.557,1.015,140.6,1.2647,46.552,100.0,33.7,66.3,1.0,246.0,0.86,0.6172,0.4752,0.3366,2.0,120.0,300.0,0.807,-1.032,3.0,0.939,0.119,-3.566,-0.1488,0.1686,-0.7156,-0.218
A|N3|5m|oneshot|BTCUSD,1424,BTCUSD,A,3,5,5,oneshot,primary,A|N3|5m|oneshot,train,1424.0,1,0.3027,0.026,-1.3862,-1.0,1.4633,0.496,0.0038,1.9631,-1.9371,37.0,-2758.5,0.169,1.039,2760.0,0.251,75.554,100.0,34.2,65.8,0.5,48.0,4.05,0.6552,0.5014,0.342,3.0,15.0,20.0,1.373,-1.258,5.0,1.031,0.674,-5.141,-0.0499,0.0997,-2.7894,-1.3219
A|N3|5m|oneshot|ETHUSD,1527,ETHUSD,A,3,5,5,oneshot,primary,A|N3|5m|oneshot,train,1527.0,1,0.3301,0.0295,-1.2191,-1.0,0.5113,0.1733,0.00247,0.6871,-0.6576,45.0,-1004.1,0.433,1.045,1007.2,0.4168,23.314,100.0,34.3,65.7,0.4,50.0,4.34,0.6745,0.5043,0.3432,3.0,15.0,25.0,1.204,-1.286,5.0,1.03,0.775,-10.143,-0.0413,0.1061,-0.7956,-0.534
A|N3|5m|oneshot|SOLUSD,1435,SOLUSD,A,3,5,5,oneshot,primary,A|N3|5m|oneshot,train,1435.0,1,0.3282,0.0056,-1.1961,-1.0,0.5681,0.1926,0.00146,0.7621,-0.7565,8.0,-1085.6,0.408,1.008,1088.6,0.4919,136.702,100.0,33.5,66.5,0.2,38.0,4.07,0.6383,0.5031,0.3352,3.0,15.0,20.0,1.243,-1.226,5.0,1.035,0.153,-3.544,-0.0655,0.0788,-1.2554,-0.4681
A|N3|5m|oneshot|XRPUSD,1385,XRPUSD,A,3,5,5,oneshot,primary,A|N3|5m|oneshot,train,1385.0,1,0.3112,-0.0274,-1.1975,-1.0,0.4746,0.1609,-0.00141,0.6341,-0.6615,-38.0,-916.2,0.425,0.959,916.4,0.4817,,100.0,32.4,67.6,0.4,45.0,3.93,0.6412,0.4953,0.3242,3.0,15.0,25.0,1.316,-1.192,5.0,1.0,-0.744,-10.97,-0.0968,0.044,-0.7835,-0.5463
A|N3|5m|level|BTCUSD,1730,BTCUSD,A,3,5,5,level,primary,A|N3|5m|level,train,1730.0,1,0.2607,-0.0029,-1.4138,-1.0,2.3821,0.8075,0.00357,3.1932,-3.1961,-5.0,-5529.2,0.098,0.996,5528.8,0.2345,,100.0,33.2,66.8,2.0,35.0,4.91,0.6341,0.4832,0.3324,3.0,15.0,35.0,1.182,-1.334,4.5,1.049,-0.082,-7.995,-0.0705,0.0682,-4.0356,-2.4795
A|N3|5m|level|ETHUSD,1807,ETHUSD,A,3,5,5,level,primary,A|N3|5m|level,train,1807.0,1,0.2878,-0.0288,-1.2426,-1.0,1.0714,0.3632,0.00332,1.4378,-1.4666,-52.0,-2650.2,0.231,0.957,2655.3,0.3892,,100.0,32.4,67.6,2.4,35.0,5.13,0.6309,0.4781,0.3237,3.0,15.0,40.0,1.063,-1.347,5.0,1.037,-0.839,-11.53,-0.0952,0.0393,-1.7243,-1.2245
A|N3|5m|level|SOLUSD,1970,SOLUSD,A,3,5,5,level,primary,A|N3|5m|level,train,1970.0,1,0.3081,0.0066,-1.2008,-1.0,1.6245,0.5507,0.0018,2.177,-2.1704,13.0,-4275.7,0.182,1.01,4280.0,0.4373,329.903,100.0,33.6,66.4,2.6,30.0,5.59,0.6147,0.4848,0.3355,3.0,15.0,35.0,1.143,-1.286,4.0,1.087,0.204,-6.863,-0.0574,0.0706,-2.8111,-1.6073
A|N3|5m|level|XRPUSD,1728,XRPUSD,A,3,5,5,level,primary,A|N3|5m|level,train,1728.0,1,0.287,-0.0399,-1.2148,-1.0,0.9723,0.3296,-0.00114,1.3008,-1.3407,-69.0,-2316.8,0.247,0.941,2325.3,0.4172,,100.0,32.0,68.0,2.0,34.5,4.9,0.6209,0.4792,0.32,3.0,15.0,40.0,1.157,-1.286,5.0,1.028,-1.197,-10.884,-0.1042,0.026,-1.6063,-1.123
A|N3|15m|oneshot|BTCUSD,448,BTCUSD,A,3,15,15,oneshot,primary,A|N3|15m|oneshot,train,361.6,1,0.3683,0.1518,-1.1911,-1.0,0.8328,0.2823,0.00507,1.1202,-0.9684,68.0,-433.8,0.376,1.246,453.2,0.4728,7.38,100.0,38.4,61.6,0.4,155.0,1.27,0.6808,0.5201,0.3817,3.0,45.0,60.0,1.187,-1.067,5.0,1.136,1.838,-3.103,0.0112,0.2991,-1.5748,-0.4904
A|N3|15m|oneshot|ETHUSD,550,ETHUSD,A,3,15,15,oneshot,primary,A|N3|15m|oneshot,train,550.0,1,0.3636,0.1018,-1.1272,-1.0,0.438,0.1485,0.00431,0.5908,-0.489,56.0,-268.9,0.559,1.161,274.8,0.7592,5.802,100.0,36.7,63.3,0.2,135.0,1.56,0.6745,0.5273,0.3673,3.0,45.0,82.5,1.119,-1.145,5.0,1.101,1.604,-2.086,-0.0182,0.2327,-1.0274,-0.1387
A|N3|15m|oneshot|SOLUSD,565,SOLUSD,A,3,15,15,oneshot,primary,A|N3|15m|oneshot,train,565.0,1,0.3451,0.046,-1.1105,-1.0,0.226,0.0766,0.00309,0.3058,-0.2597,26.0,-146.8,0.699,1.071,157.0,0.8364,6.644,100.0,34.9,65.1,0.2,106.0,1.61,0.6584,0.5062,0.3469,3.0,45.0,60.0,1.18,-1.141,5.0,1.04,0.724,-3.827,-0.0761,0.1788,-0.3975,-0.128
A|N3|15m|oneshot|XRPUSD,524,XRPUSD,A,3,15,15,oneshot,primary,A|N3|15m|oneshot,train,524.0,1,0.3149,-0.0324,-1.1199,-1.0,0.2977,0.1009,0.00113,0.3998,-0.4322,-17.0,-226.5,0.554,0.952,232.6,0.8068,,100.0,32.3,67.7,0.4,136.5,1.49,0.6584,0.479,0.3225,3.0,45.0,60.0,1.164,-1.169,5.0,0.943,-0.545,-4.855,-0.1527,0.0821,-0.6293,-0.2762
A|N3|15m|level|BTCUSD,534,BTCUSD,A,3,15,15,level,primary,A|N3|15m|level,train,534.0,1,0.3221,0.073,-1.1997,-1.0,1.418,0.4807,0.00637,1.905,-1.832,39.0,-978.3,0.213,1.114,993.0,0.4677,26.084,100.0,35.8,64.2,1.5,114.0,1.52,0.6423,0.4831,0.3539,3.0,45.0,105.0,1.117,-1.103,4.0,1.009,1.121,-4.398,-0.0506,0.2022,-2.7637,-1.1259
A|N3|15m|level|ETHUSD,745,ETHUSD,A,3,15,15,level,primary,A|N3|15m|level,train,745.0,1,0.3315,0.055,-1.136,-1.0,0.8863,0.3004,0.00356,1.1903,-1.1353,41.0,-845.8,0.324,1.085,855.0,0.6389,21.629,100.0,35.2,64.8,1.2,89.0,2.12,0.6362,0.4886,0.3517,3.0,45.0,120.0,1.024,-1.255,4.0,1.006,1.058,-4.928,-0.0456,0.1557,-1.6324,-0.7246
A|N3|15m|level|SOLUSD,779,SOLUSD,A,3,15,15,level,primary,A|N3|15m|level,train,779.0,1,0.3286,0.0552,-1.1074,-1.0,0.6166,0.209,0.00239,0.828,-0.7728,43.0,-602.0,0.416,1.085,613.3,0.7757,15.001,100.0,35.2,64.8,1.3,85.0,2.21,0.638,0.4955,0.3504,3.0,45.0,105.0,0.983,-1.205,4.0,1.054,1.066,-5.412,-0.0411,0.163,-1.0757,-0.5224
A|N3|15m|level|XRPUSD,688,XRPUSD,A,3,15,15,level,primary,A|N3|15m|level,train,688.0,1,0.311,-0.0189,-1.118,-1.0,0.7734,0.2622,-0.00227,1.0333,-1.0522,-13.0,-723.9,0.326,0.972,737.9,0.6787,,100.0,32.7,67.3,2.3,88.5,1.95,0.6177,0.4549,0.327,3.0,45.0,120.0,1.059,-1.263,5.0,0.922,-0.36,-6.904,-0.1235,0.0858,-1.3518,-0.7675
A|N3|60m|oneshot|BTCUSD,118,BTCUSD,A,3,60,60,oneshot,primary,A|N3|60m|oneshot,train,118.0,1,0.3729,0.1186,-1.0719,-1.0,0.1762,0.0597,0.00874,0.2447,-0.1261,14.0,-14.9,0.838,1.189,24.3,1.0989,2.063,100.0,37.3,62.7,0.0,769.5,0.34,0.678,0.5,0.3644,3.0,180.0,240.0,1.523,-1.088,4.0,1.018,1.182,-1.101,-0.0593,0.322,-0.3525,0.0933
A|N3|60m|oneshot|ETHUSD,150,ETHUSD,A,3,60,60,oneshot,primary,A|N3|60m|oneshot,train,150.0,1,0.3333,0.0,-1.0722,-1.0,0.2,0.0678,0.00555,0.2734,-0.2734,0.0,-41.0,0.692,1.0,47.3,1.3915,,100.0,33.3,66.7,0.7,518.0,0.43,0.66,0.4933,0.3267,3.0,180.0,300.0,1.089,-1.178,4.5,0.988,0.0,-1.996,-0.22,0.22,-0.5405,-0.0058
A|N3|60m|oneshot|SOLUSD,131,SOLUSD,A,3,60,60,oneshot,primary,A|N3|60m|oneshot,train,129.9,1,0.3817,0.145,-1.0618,-1.0,0.1576,0.0534,0.0063,0.2174,-0.0723,19.0,-9.5,0.907,1.235,14.9,1.8218,1.499,100.0,38.2,61.8,0.8,427.0,0.37,0.6947,0.5038,0.3664,3.0,180.0,300.0,1.055,-1.122,4.0,1.069,1.38,-0.547,-0.0611,0.3511,-0.3278,0.1794
A|N3|60m|oneshot|XRPUSD,133,XRPUSD,A,3,60,60,oneshot,primary,A|N3|60m|oneshot,train,133.0,1,0.2932,-0.1203,-1.087,-1.0,0.1337,0.0453,0.00357,0.1826,-0.3029,-16.0,-40.3,0.642,0.83,42.2,1.3999,,100.0,29.3,70.7,0.0,326.0,0.38,0.6391,0.4737,0.2932,3.0,180.0,240.0,1.125,-1.253,5.0,0.958,-1.06,-2.612,-0.3459,0.0833,-0.5216,-0.0764
A|N3|60m|level|BTCUSD,162,BTCUSD,A,3,60,60,level,primary,A|N3|60m|level,train,162.0,1,0.3333,0.0741,-1.0869,-1.0,1.1247,0.3813,0.00947,1.5154,-1.4414,12.0,-233.5,0.292,1.115,238.2,1.1137,20.459,100.0,35.8,64.2,0.6,413.5,0.46,0.6235,0.4506,0.3519,3.0,180.0,420.0,1.391,-1.083,5.0,0.859,0.828,-1.269,-0.0926,0.2593,-3.8987,-0.1038
A|N3|60m|level|ETHUSD,229,ETHUSD,A,3,60,60,level,primary,A|N3|60m|level,train,229.0,1,0.3188,-0.0044,-1.0827,-1.0,0.3911,0.1326,0.00647,0.5302,-0.5346,-1.0,-122.4,0.517,0.993,128.4,1.1894,,100.0,33.2,66.8,1.3,380.0,0.65,0.6856,0.4934,0.3275,3.0,180.0,480.0,1.044,-1.297,5.0,1.041,-0.047,-4.412,-0.1747,0.179,-0.7787,-0.3109
A|N3|60m|level|SOLUSD,228,SOLUSD,A,3,60,60,level,primary,A|N3|60m|level,train,228.0,1,0.3684,0.1184,-1.0609,-1.0,0.3978,0.1349,0.00548,0.5382,-0.4197,27.0,-95.7,0.611,1.189,108.4,1.4347,4.545,100.0,37.3,62.7,0.4,221.0,0.65,0.6623,0.5,0.364,3.0,180.0,420.0,1.084,-1.427,4.0,1.013,1.604,-2.624,-0.0263,0.2632,-0.7861,-0.1358
A|N3|60m|level|XRPUSD,230,XRPUSD,A,3,60,60,level,primary,A|N3|60m|level,train,214.2,1,0.3217,0.0043,-1.0755,-1.0,0.2635,0.0893,-0.00026,0.3526,-0.3482,1.0,-80.1,0.619,1.007,88.8,1.3133,81.09,100.0,33.5,66.5,0.0,218.5,0.66,0.613,0.4783,0.3348,3.0,180.0,360.0,1.161,-1.344,4.0,0.87,0.042,-2.613,-0.1913,0.2,-0.6167,-0.0901
A|N5|5m|oneshot|BTCUSD,922,BTCUSD,A,5,5,5,oneshot,primary,A|N5|5m|oneshot,train,851.7,1,0.3102,0.051,-1.2954,-1.0,0.8671,0.2939,0.00339,1.1644,-1.1134,47.0,-1026.6,0.282,1.078,1034.2,0.2988,22.843,100.0,35.0,65.0,0.1,72.0,2.62,0.6757,0.5,0.3503,5.0,25.0,30.0,1.572,-1.555,8.0,1.008,0.975,-6.851,-0.0466,0.1453,-1.4384,-0.8472
A|N5|5m|oneshot|ETHUSD,1022,ETHUSD,A,5,5,5,oneshot,primary,A|N5|5m|oneshot,train,1022.0,1,0.3415,0.0597,-1.1683,-1.0,0.4492,0.1523,0.00293,0.6044,-0.5447,61.0,-556.7,0.502,1.092,560.9,0.518,10.126,100.0,35.3,64.7,0.4,65.5,2.9,0.6644,0.502,0.3532,5.0,25.0,40.0,1.607,-1.618,8.0,1.028,1.318,-6.548,-0.0313,0.1507,-0.715,-0.3871
A|N5|5m|oneshot|SOLUSD,1053,SOLUSD,A,5,5,5,oneshot,primary,A|N5|5m|oneshot,train,1053.0,1,0.3618,0.114,-1.139,-1.0,0.3473,0.1177,0.00232,0.4673,-0.3534,120.0,-372.1,0.627,1.181,376.0,0.6172,4.101,100.0,37.1,62.9,0.2,61.0,2.99,0.6524,0.5147,0.3713,5.0,25.0,30.0,1.55,-1.577,8.0,1.103,2.692,-6.825,0.0313,0.1994,-0.4508,-0.2489
A|N5|5m|oneshot|XRPUSD,956,XRPUSD,A,5,5,5,oneshot,primary,A|N5|5m|oneshot,train,956.0,1,0.2971,-0.0868,-1.1703,-1.0,0.3746,0.127,-0.00069,0.5009,-0.5878,-83.0,-561.9,0.451,0.875,568.1,0.5919,,100.0,30.4,69.6,0.1,61.5,2.71,0.6172,0.4728,0.3044,5.0,25.0,30.0,1.579,-1.586,8.0,0.843,-1.947,-10.241,-0.1715,0.001,-0.7006,-0.4771
A|N5|5m|level|BTCUSD,1162,BTCUSD,A,5,5,5,level,primary,A|N5|5m|level,train,1162.0,1,0.2685,0.0043,-1.3414,-1.0,2.3576,0.7992,0.00537,3.1621,-3.1578,5.0,-3669.4,0.108,1.006,3679.2,0.2505,734.874,100.0,33.5,66.5,2.7,44.0,3.3,0.6248,0.4854,0.3339,5.0,25.0,55.0,1.238,-1.726,7.0,1.128,0.101,-7.286,-0.0783,0.0895,-4.0218,-2.3567
A|N5|5m|level|ETHUSD,1242,ETHUSD,A,5,5,5,level,primary,A|N5|5m|level,train,1242.0,1,0.3084,0.0242,-1.1683,-1.0,1.0302,0.3492,0.00316,1.3826,-1.3584,30.0,-1687.2,0.265,1.037,1687.9,0.5002,57.239,100.0,34.1,65.9,2.6,48.0,3.53,0.6176,0.4791,0.3414,5.0,25.0,60.0,1.3,-1.686,7.0,1.061,0.598,-7.489,-0.0556,0.1014,-1.7341,-1.037
A|N5|5m|level|SOLUSD,1485,SOLUSD,A,5,5,5,level,primary,A|N5|5m|level,train,1485.0,1,0.3104,0.0323,-1.1545,-1.0,1.3368,0.4532,0.00218,1.7922,-1.7599,48.0,-2613.4,0.218,1.049,2621.6,0.4969,55.446,100.0,34.4,65.6,2.8,39.0,4.22,0.6195,0.4896,0.3441,5.0,25.0,60.0,1.359,-1.715,7.0,1.134,0.889,-6.078,-0.0404,0.103,-2.3512,-1.2438
A|N5|5m|level|XRPUSD,1360,XRPUSD,A,5,5,5,level,primary,A|N5|5m|level,train,1360.0,1,0.2779,-0.0449,-1.1903,-1.0,1.0224,0.3466,-0.00022,1.3688,-1.4136,-61.0,-1922.6,0.23,0.934,1930.3,0.4458,,100.0,31.8,68.2,1.6,33.0,3.86,0.6051,0.4779,0.3184,5.0,25.0,60.0,1.37,-1.848,7.0,1.0,-1.257,-10.147,-0.1133,0.0257,-1.6832,-1.1529
A|N5|15m|oneshot|BTCUSD,322,BTCUSD,A,5,15,15,oneshot,primary,A|N5|15m|oneshot,train,322.0,1,0.3385,0.0248,-1.1653,-1.0,0.384,0.1302,0.00296,0.5172,-0.4923,8.0,-158.5,0.517,1.038,168.5,0.5316,20.816,100.0,34.2,65.8,0.0,199.0,0.92,0.6553,0.4969,0.3385,5.0,75.0,90.0,1.467,-1.39,8.0,0.983,0.351,-5.579,-0.1149,0.1646,-0.6682,-0.3221
A|N5|15m|oneshot|ETHUSD,337,ETHUSD,A,5,15,15,oneshot,primary,A|N5|15m|oneshot,train,280.0,1,0.3709,0.1217,-1.0962,-1.0,0.2164,0.0734,0.00585,0.2956,-0.174,41.0,-58.6,0.79,1.194,67.8,0.9398,2.43,100.0,37.4,62.6,0.0,254.0,0.96,0.6588,0.5163,0.3709,5.0,75.0,120.0,1.5,-1.395,8.0,1.074,1.585,-1.646,-0.0208,0.2552,-0.3713,0.002
A|N5|15m|oneshot|SOLUSD,324,SOLUSD,A,5,15,15,oneshot,primary,A|N5|15m|oneshot,train,324.0,1,0.321,-0.0093,-1.0861,-1.0,0.1988,0.0674,0.00366,0.2698,-0.2791,-3.0,-90.4,0.675,0.986,99.3,1.1606,,100.0,33.0,67.0,0.0,211.5,0.92,0.6481,0.5,0.3272,5.0,75.0,90.0,1.55,-1.392,7.0,0.996,-0.116,-3.32,-0.1574,0.1481,-0.4503,-0.1142
A|N5|15m|oneshot|XRPUSD,355,XRPUSD,A,5,15,15,oneshot,primary,A|N5|15m|oneshot,train,348.1,1,0.3268,-0.0197,-1.1001,-1.0,0.2442,0.0828,0.00061,0.3276,-0.3473,-7.0,-123.3,0.629,0.971,130.5,1.0432,,100.0,32.7,67.3,0.8,227.0,1.01,0.6648,0.5155,0.3268,5.0,75.0,105.0,1.482,-1.63,8.0,1.089,-0.257,-3.754,-0.1718,0.1324,-0.5268,-0.1763
A|N5|15m|level|BTCUSD,412,BTCUSD,A,5,15,15,level,primary,A|N5|15m|level,train,412.0,1,0.2937,-0.017,-1.1886,-1.0,1.2849,0.4356,0.00661,1.7271,-1.7441,-7.0,-718.6,0.211,0.975,728.6,0.4798,,100.0,32.8,67.2,1.5,134.0,1.17,0.6359,0.4854,0.3252,5.0,75.0,180.0,1.231,-1.484,7.0,1.024,-0.265,-3.589,-0.1408,0.1068,-2.8066,-0.9847
A|N5|15m|level|ETHUSD,482,ETHUSD,A,5,15,15,level,primary,A|N5|15m|level,train,482.0,1,0.3465,0.1079,-1.0923,-1.0,0.8182,0.2774,0.00514,1.1008,-0.9929,52.0,-478.6,0.375,1.171,486.5,0.8323,10.203,100.0,36.9,63.1,1.9,167.5,1.37,0.6494,0.4979,0.3672,5.0,75.0,165.0,1.343,-1.523,7.0,1.09,1.587,-2.925,-0.0228,0.2448,-1.7484,-0.4257
A|N5|15m|level|SOLUSD,513,SOLUSD,A,5,15,15,level,primary,A|N5|15m|level,train,513.0,1,0.3392,0.0702,-1.0866,-1.0,0.4838,0.164,0.00285,0.6507,-0.5805,36.0,-297.8,0.495,1.109,308.8,0.9247,9.272,100.0,35.7,64.3,1.2,100.0,1.46,0.6374,0.5127,0.3528,5.0,75.0,180.0,1.126,-1.523,7.0,1.112,1.097,-5.165,-0.0585,0.193,-0.7988,-0.3478
A|N5|15m|level|XRPUSD,540,XRPUSD,A,5,15,15,level,primary,A|N5|15m|level,train,540.0,1,0.3019,-0.0333,-1.108,-1.0,0.6111,0.2072,-0.00015,0.8181,-0.8514,-18.0,-459.8,0.374,0.951,465.9,0.772,,100.0,32.2,67.8,1.9,115.0,1.54,0.6407,0.4907,0.3222,5.0,75.0,180.0,1.364,-1.805,8.0,1.011,-0.565,-5.568,-0.1444,0.0778,-1.1602,-0.5679
A|N5|60m|oneshot|BTCUSD,84,BTCUSD,A,5,60,60,oneshot,primary,A|N5|60m|oneshot,train,83.0,1,0.2976,-0.1071,-1.0856,-1.0,0.2279,0.0773,0.00774,0.3129,-0.4201,-9.0,-35.3,0.556,0.847,38.7,1.0816,,100.0,29.8,70.2,0.0,911.0,0.24,0.6905,0.4881,0.2976,5.0,300.0,390.0,1.597,-1.371,8.5,0.972,-0.808,-2.796,-0.3571,0.1786,-0.7148,-0.1351
A|N5|60m|oneshot|ETHUSD,93,ETHUSD,A,5,60,60,oneshot,primary,A|N5|60m|oneshot,train,93.0,1,0.3226,-0.0323,-1.0523,-1.0,0.0972,0.0329,0.00631,0.1365,-0.1687,-3.0,-15.7,0.778,0.952,14.6,1.9454,,100.0,32.3,67.7,0.0,785.0,0.27,0.5914,0.4516,0.3226,5.0,300.0,360.0,1.401,-1.37,6.0,0.815,-0.269,-1.424,-0.2581,0.1935,-0.3953,0.0692
A|N5|60m|oneshot|SOLUSD,88,SOLUSD,A,5,60,60,oneshot,primary,A|N5|60m|oneshot,train,87.0,1,0.4432,0.3295,-1.0353,-1.0,0.1062,0.036,0.00343,0.1456,0.1839,29.0,16.2,1.287,1.592,10.1,2.0808,0.442,100.0,44.3,55.7,0.0,500.0,0.25,0.7045,0.5568,0.4432,5.0,300.0,360.0,1.499,-1.864,7.0,1.205,2.056,1.139,0.0227,0.6364,-0.1253,0.5074
A|N5|60m|oneshot|XRPUSD,85,XRPUSD,A,5,60,60,oneshot,primary,A|N5|60m|oneshot,train,85.0,1,0.3059,-0.0824,-1.0616,-1.0,0.101,0.0342,0.00447,0.1397,-0.2221,-7.0,-18.9,0.72,0.881,20.7,1.9718,,100.0,30.6,69.4,0.0,664.0,0.25,0.6588,0.4471,0.3059,5.0,300.0,360.0,1.332,-1.862,7.0,0.84,-0.681,-1.796,-0.3294,0.1647,-0.4489,0.0294
A|N5|60m|level|BTCUSD,136,BTCUSD,A,5,60,60,level,primary,A|N5|60m|level,train,106.1,1,0.3162,0.0147,-1.0849,-1.0,2.4591,0.8336,-0.01227,3.2804,-3.2657,2.0,-444.1,0.133,1.022,447.7,0.7904,223.069,100.0,33.8,66.2,0.7,417.5,0.39,0.6618,0.4853,0.3309,5.0,300.0,720.0,1.52,-1.704,6.0,1.046,0.143,-1.828,-0.1618,0.1912,-6.9091,-0.7131
A|N5|60m|level|ETHUSD,188,ETHUSD,A,5,60,60,level,primary,A|N5|60m|level,train,188.0,1,0.2872,-0.1064,-1.0753,-1.0,0.3143,0.1065,0.00929,0.4301,-0.5365,-20.0,-100.9,0.488,0.848,99.8,1.2002,,100.0,29.8,70.2,0.5,331.5,0.54,0.6277,0.4681,0.2979,5.0,300.0,660.0,1.448,-1.945,7.0,0.899,-1.183,-4.046,-0.2819,0.0691,-0.8003,-0.2802
A|N5|60m|level|SOLUSD,168,SOLUSD,A,5,60,60,level,primary,A|N5|60m|level,train,168.0,1,0.3869,0.1607,-1.0495,-1.0,0.2954,0.1001,0.00585,0.4014,-0.2407,27.0,-40.4,0.739,1.262,51.3,1.6302,2.497,100.0,38.7,61.3,1.2,333.5,0.48,0.6667,0.5179,0.3869,5.0,300.0,570.0,1.672,-2.039,6.0,1.158,1.313,-1.357,-0.0893,0.3929,-0.6324,0.0708
A|N5|60m|level|XRPUSD,178,XRPUSD,A,5,60,60,level,primary,A|N5|60m|level,train,178.0,1,0.2753,-0.1236,-1.0831,-1.0,0.4646,0.1575,0.00439,0.6265,-0.7501,-22.0,-133.5,0.393,0.825,135.8,1.2267,,100.0,29.2,70.8,1.1,212.5,0.52,0.6011,0.4213,0.2921,5.0,300.0,600.0,1.571,-2.233,6.5,0.772,-1.424,-4.968,-0.2921,0.0449,-1.0547,-0.4708
A|N8|5m|oneshot|BTCUSD,494,BTCUSD,A,8,5,5,oneshot,primary,A|N8|5m|oneshot,train,494.0,1,0.3603,0.1356,-1.2083,-1.0,0.9332,0.3163,0.0055,1.255,-1.1194,67.0,-553.0,0.33,1.218,565.6,0.4177,9.253,100.0,37.9,62.1,0.4,111.0,1.4,0.6741,0.5283,0.3785,8.0,40.0,65.0,1.94,-2.053,12.0,1.13,1.967,-2.455,0.002,0.2692,-2.1524,-0.4441
A|N8|5m|oneshot|ETHUSD,659,ETHUSD,A,8,5,5,oneshot,primary,A|N8|5m|oneshot,train,652.7,1,0.3369,0.0243,-1.1462,-1.0,0.2992,0.1014,0.0033,0.404,-0.3797,16.0,-250.2,0.597,1.037,258.0,0.6501,16.638,100.0,34.1,65.9,0.0,100.0,1.87,0.6555,0.5068,0.3399,8.0,40.0,55.0,2.068,-2.023,12.0,1.018,0.382,-5.409,-0.0942,0.1426,-0.5191,-0.2408
A|N8|5m|oneshot|SOLUSD,697,SOLUSD,A,8,5,5,oneshot,primary,A|N8|5m|oneshot,train,697.0,1,0.34,0.0416,-1.115,-1.0,0.3286,0.1114,0.00292,0.4429,-0.4013,29.0,-279.7,0.594,1.064,234.2,0.7591,10.645,100.0,34.7,65.3,0.1,96.0,1.98,0.6786,0.4892,0.3458,8.0,40.0,55.0,1.971,-1.996,12.0,0.954,0.73,-3.899,-0.0703,0.1493,-0.6185,-0.2154
A|N8|5m|oneshot|XRPUSD,642,XRPUSD,A,8,5,5,oneshot,primary,A|N8|5m|oneshot,train,642.0,1,0.3255,-0.0,-1.1308,-1.0,0.3339,0.1132,-0.00637,0.4407,-0.4407,-0.0,-282.9,0.555,1.0,289.3,0.7202,,100.0,33.3,66.7,0.2,91.0,1.82,0.6417,0.4751,0.3333,8.0,40.0,45.0,2.02,-2.05,12.0,0.923,-0.0,-6.075,-0.1215,0.1215,-0.5843,-0.2974
A|N8|5m|level|BTCUSD,745,BTCUSD,A,8,5,5,level,primary,A|N8|5m|level,train,745.0,1,0.2953,0.0389,-1.2568,-1.0,1.7441,0.5912,-0.00867,2.3267,-2.2878,29.0,-1704.4,0.161,1.06,1713.0,0.3268,59.772,100.0,34.6,65.4,2.0,53.0,2.12,0.6201,0.4832,0.3463,8.0,40.0,95.0,1.592,-2.346,11.0,1.049,0.718,-6.242,-0.0658,0.1477,-3.0878,-1.6565
A|N8|5m|level|ETHUSD,945,ETHUSD,A,8,5,5,level,primary,A|N8|5m|level,train,945.0,1,0.2952,-0.0032,-1.1645,-1.0,1.2624,0.4279,0.00354,1.6938,-1.697,-3.0,-1603.7,0.218,0.995,1614.0,0.5346,,100.0,33.2,66.8,2.1,51.0,2.69,0.6233,0.4847,0.3312,8.0,40.0,95.0,1.441,-2.326,10.0,1.039,-0.066,-5.433,-0.0985,0.0921,-2.3963,-1.1676
A|N8|5m|level|SOLUSD,1044,SOLUSD,A,8,5,5,level,primary,A|N8|5m|level,train,1044.0,1,0.3094,0.0201,-1.1331,-1.0,2.0037,0.6792,0.00201,2.685,-2.6649,21.0,-2782.1,0.158,1.03,2730.1,0.581,133.482,100.0,34.0,66.0,3.1,49.5,2.97,0.613,0.4646,0.3381,8.0,40.0,90.0,1.645,-2.344,11.0,1.051,0.463,-3.645,-0.0603,0.1092,-4.2928,-1.4523
A|N8|5m|level|XRPUSD,992,XRPUSD,A,8,5,5,level,primary,A|N8|5m|level,train,879.4,1,0.2913,-0.0232,-1.1619,-1.0,1.0058,0.341,-0.00057,1.3462,-1.3694,-23.0,-1358.4,0.248,0.966,1360.9,0.4709,,100.0,32.6,67.4,2.4,38.5,2.81,0.6079,0.4677,0.3256,8.0,40.0,100.0,1.679,-2.517,11.0,1.0,-0.481,-8.325,-0.1109,0.0616,-1.6762,-1.0777
A|N8|15m|oneshot|BTCUSD,186,BTCUSD,A,8,15,15,oneshot,primary,A|N8|15m|oneshot,train,186.0,1,0.3548,0.0645,-1.1312,-1.0,0.2348,0.0796,0.01184,0.3262,-0.2617,12.0,-48.7,0.694,1.1,57.1,0.7229,5.056,100.0,35.5,64.5,0.0,391.5,0.53,0.6882,0.5376,0.3548,8.0,120.0,180.0,2.325,-1.721,12.0,1.107,0.666,-2.509,-0.1129,0.2581,-0.4697,-0.0639
A|N8|15m|oneshot|ETHUSD,251,ETHUSD,A,8,15,15,oneshot,primary,A|N8|15m|oneshot,train,251.0,1,0.3665,0.0996,-1.0823,-1.0,0.2006,0.068,0.00346,0.272,-0.1724,25.0,-43.3,0.792,1.157,54.7,1.0977,2.731,100.0,36.7,63.3,0.8,342.0,0.71,0.7211,0.5418,0.3625,8.0,120.0,135.0,1.934,-1.81,10.0,1.154,0.98,-1.549,-0.0916,0.3028,-0.3955,0.0406
A|N8|15m|oneshot|SOLUSD,223,SOLUSD,A,8,15,15,oneshot,primary,A|N8|15m|oneshot,train,222.5,1,0.3453,0.0359,-1.0788,-1.0,0.1387,0.047,0.00473,0.1905,-0.1546,8.0,-34.5,0.801,1.055,39.1,1.2695,5.309,100.0,34.5,65.5,0.0,264.0,0.64,0.7534,0.5336,0.3453,8.0,120.0,135.0,1.709,-1.587,11.0,1.086,0.402,-1.768,-0.1525,0.1976,-0.3267,0.012
A|N8|15m|oneshot|XRPUSD,234,XRPUSD,A,8,15,15,oneshot,primary,A|N8|15m|oneshot,train,234.0,1,0.3547,0.0769,-1.0723,-1.0,0.1495,0.0507,0.00031,0.2005,-0.1236,18.0,-28.9,0.838,1.12,34.7,1.2407,2.606,100.0,35.9,64.1,0.0,280.5,0.67,0.6453,0.4744,0.359,8.0,120.0,135.0,1.793,-1.932,10.5,0.947,0.904,-1.451,-0.0897,0.2436,-0.2854,0.0483
A|N8|15m|level|BTCUSD,294,BTCUSD,A,8,15,15,level,primary,A|N8|15m|level,train,294.0,1,0.3027,0.0816,-1.1758,-1.0,1.2345,0.4185,0.01166,1.6647,-1.583,24.0,-465.4,0.231,1.128,472.9,0.4251,20.392,100.0,36.1,63.9,1.7,140.5,0.84,0.6599,0.534,0.3605,8.0,120.0,285.0,2.017,-2.205,11.0,1.132,0.873,-4.249,-0.102,0.2653,-2.4194,-0.9483
A|N8|15m|level|ETHUSD,447,ETHUSD,A,8,15,15,level,primary,A|N8|15m|level,train,447.0,1,0.3199,0.0134,-1.105,-1.0,0.9177,0.3111,0.00425,1.233,-1.2196,6.0,-545.1,0.303,1.02,551.1,0.7253,91.858,100.0,33.8,66.2,2.9,108.0,1.27,0.6488,0.5056,0.3356,8.0,120.0,240.0,1.712,-2.125,10.0,1.111,0.205,-3.58,-0.1208,0.1477,-1.9884,-0.6758
A|N8|15m|level|SOLUSD,430,SOLUSD,A,8,15,15,level,primary,A|N8|15m|level,train,430.0,1,0.3209,0.0186,-1.0959,-1.0,0.7087,0.2402,0.00366,0.9526,-0.934,8.0,-401.6,0.362,1.028,407.9,0.8298,51.202,100.0,34.0,66.0,1.4,99.0,1.22,0.6558,0.5093,0.3395,8.0,120.0,270.0,1.622,-2.313,12.0,1.105,0.279,-4.933,-0.114,0.1512,-1.3557,-0.6069
A|N8|15m|level|XRPUSD,406,XRPUSD,A,8,15,15,level,primary,A|N8|15m|level,train,362.3,1,0.2882,-0.069,-1.1087,-1.0,0.8204,0.2781,0.0003,1.0987,-1.1677,-28.0,-474.1,0.293,0.9,478.0,0.818,,100.0,31.0,69.0,2.7,93.0,1.16,0.5862,0.4212,0.3103,8.0,120.0,255.0,1.51,-2.342,10.0,0.886,-1.051,-4.134,-0.1946,0.0567,-1.7163,-0.7072
A|N8|60m|oneshot|BTCUSD,59,BTCUSD,A,8,60,60,oneshot,primary,A|N8|60m|oneshot,train,59.0,1,0.2881,-0.1356,-1.0982,-1.0,0.1984,0.0673,-0.00991,0.2558,-0.3913,-8.0,-23.1,0.567,0.81,25.8,1.2881,,100.0,28.8,71.2,0.0,917.0,0.17,0.5763,0.4068,0.2881,8.0,480.0,540.0,2.258,-1.83,10.0,0.603,-1.004,-2.711,-0.3898,0.1186,-0.683,-0.1077
A|N8|60m|oneshot|ETHUSD,54,ETHUSD,A,8,60,60,oneshot,primary,A|N8|60m|oneshot,train,54.0,1,0.3889,0.1667,-1.0545,-1.0,0.0918,0.0311,0.00895,0.1319,0.0348,9.0,1.9,1.05,1.273,9.3,1.7969,0.791,100.0,38.9,61.1,0.0,1015.5,0.16,0.7037,0.5741,0.3889,8.0,480.0,600.0,1.997,-2.174,12.0,1.263,1.18,0.235,-0.1111,0.4444,-0.2562,0.3245
A|N8|60m|oneshot|SOLUSD,56,SOLUSD,A,8,60,60,oneshot,primary,A|N8|60m|oneshot,train,56.0,1,0.3214,-0.0357,-1.0586,-1.0,0.0971,0.0329,0.00507,0.135,-0.1707,-2.0,-9.6,0.78,0.947,14.2,2.41,,100.0,32.1,67.9,0.0,1065.0,0.18,0.6786,0.5179,0.3214,8.0,480.0,540.0,2.023,-2.493,13.0,1.04,-0.267,-1.22,-0.3036,0.2321,-0.4444,0.1013
A|N8|60m|oneshot|XRPUSD,60,XRPUSD,A,8,60,60,oneshot,primary,A|N8|60m|oneshot,train,60.0,1,0.3167,-0.05,-1.0612,-1.0,0.2071,0.0702,0.00284,0.2801,-0.3301,-3.0,-19.8,0.64,0.927,25.7,1.727,,100.0,31.7,68.3,0.0,775.5,0.17,0.65,0.55,0.3167,8.0,480.0,600.0,1.545,-2.353,9.5,1.095,-0.311,-1.588,-0.35,0.3,-0.756,0.0632
A|N8|60m|level|BTCUSD,110,BTCUSD,A,8,60,60,level,primary,A|N8|60m|level,train,110.0,1,0.3455,0.0364,-1.0973,-1.0,0.6401,0.217,-0.00175,0.8554,-0.819,4.0,-90.1,0.406,1.056,94.6,0.7956,23.523,100.0,34.5,65.5,0.0,376.5,0.32,0.6091,0.5,0.3455,8.0,480.0,960.0,1.74,-2.489,11.0,1.091,0.351,-3.413,-0.1545,0.2273,-1.3116,-0.3685
A|N8|60m|level|ETHUSD,123,ETHUSD,A,8,60,60,level,primary,A|N8|60m|level,train,123.0,1,0.3415,0.0488,-1.0601,-1.0,0.3892,0.1319,0.01541,0.5366,-0.4878,6.0,-60.0,0.539,1.075,72.6,1.1892,11.0,100.0,35.0,65.0,0.8,332.0,0.36,0.7154,0.5691,0.3496,8.0,480.0,1200.0,1.429,-3.087,13.0,1.244,0.369,-2.111,-0.2195,0.2927,-0.9457,-0.0476
A|N8|60m|level|SOLUSD,141,SOLUSD,A,8,60,60,level,primary,A|N8|60m|level,train,141.0,1,0.3121,0.0,-1.0599,-1.0,0.7077,0.2399,0.01111,0.9587,-0.9587,0.0,-135.2,0.363,1.0,136.7,1.4559,3.043819496654506e+16,100.0,33.3,66.7,0.7,221.0,0.42,0.6312,0.4823,0.3333,8.0,480.0,1020.0,1.741,-2.969,12.0,1.068,0.0,-2.428,-0.234,0.2128,-1.8517,-0.3419
A|N8|60m|level|XRPUSD,152,XRPUSD,A,8,60,60,level,primary,A|N8|60m|level,train,152.0,1,0.3421,0.0461,-1.0612,-1.0,0.3681,0.1248,0.00548,0.4984,-0.4523,7.0,-68.8,0.572,1.071,69.3,1.2838,10.822,100.0,34.9,65.1,1.3,337.5,0.44,0.6579,0.5197,0.3487,8.0,480.0,960.0,1.634,-2.555,12.0,1.073,0.424,-2.692,-0.1711,0.2632,-0.7849,-0.1457
B|N2|5m|oneshot|BTCUSD,2076,BTCUSD,B,2,5,5,oneshot,primary,B|N2|5m|oneshot,train,2076.0,1,0.2818,0.0014,-1.4975,-1.0,1.426,0.4834,-0.00411,1.9053,-1.9039,3.0,-3952.4,0.152,1.002,3951.7,0.1924,1318.482,0.0,33.4,66.6,0.4,26.0,5.92,0.631,0.4822,0.3338,2.0,10.0,15.0,1.184,-1.101,3.0,0.962,0.046,-8.974,-0.0592,0.0621,-2.3846,-1.5515
B|N2|5m|oneshot|ETHUSD,2104,ETHUSD,B,2,5,5,oneshot,primary,B|N2|5m|oneshot,train,2104.0,1,0.3313,0.0822,-1.2658,-1.0,0.7158,0.2426,-0.00205,0.9563,-0.8741,173.0,-1839.1,0.353,1.129,1838.4,0.3347,11.631,0.0,36.1,63.9,0.4,29.0,5.96,0.6697,0.5176,0.3607,2.0,10.0,20.0,1.054,-1.129,3.0,1.116,2.574,-9.311,0.0209,0.145,-1.0827,-0.7128
B|N2|5m|oneshot|SOLUSD,2181,SOLUSD,B,2,5,5,oneshot,primary,B|N2|5m|oneshot,train,2181.0,1,0.3269,0.0385,-1.2296,-1.0,0.7981,0.2706,-0.00138,1.0673,-1.0288,84.0,-2243.8,0.329,1.059,2245.7,0.4073,27.712,0.0,34.6,65.4,0.6,27.0,6.18,0.6465,0.5076,0.3462,2.0,10.0,15.0,1.065,-1.065,3.0,1.071,1.308,-5.233,-0.0193,0.0977,-1.4591,-0.6982
B|N2|5m|oneshot|XRPUSD,2140,XRPUSD,B,2,5,5,oneshot,primary,B|N2|5m|oneshot,train,2122.8,1,0.328,0.0486,-1.2427,-1.0,0.5997,0.2033,-0.00017,0.8028,-0.7542,104.0,-1614.0,0.393,1.075,1613.5,0.3754,16.519,0.0,35.0,65.0,0.3,31.0,6.07,0.671,0.5178,0.3495,2.0,10.0,15.0,1.143,-1.08,3.0,1.097,1.483,-12.67,-0.0117,0.1145,-0.8767,-0.6426
B|N2|5m|level|BTCUSD,2374,BTCUSD,B,2,5,5,level,primary,B|N2|5m|level,train,2374.0,1,0.2515,-0.0118,-1.5256,-1.0,2.8114,0.953,-0.00325,3.7611,-3.7729,-28.0,-8956.9,0.077,0.982,8955.5,0.1801,,0.0,32.9,67.1,1.5,21.0,6.77,0.6222,0.4747,0.3294,2.0,10.0,30.0,1.11,-1.1,3.0,0.994,-0.392,-8.985,-0.0712,0.0476,-4.6742,-3.0109
B|N2|5m|level|ETHUSD,2277,ETHUSD,B,2,5,5,level,primary,B|N2|5m|level,train,2192.2,1,0.3026,0.029,-1.2615,-1.0,1.1757,0.3986,-0.00195,1.5723,-1.5433,66.0,-3514.2,0.222,1.044,3512.8,0.3306,54.245,0.0,34.3,65.7,1.3,27.0,6.45,0.6495,0.4945,0.343,2.0,10.0,25.0,0.983,-1.084,3.0,1.077,0.971,-9.57,-0.029,0.0843,-1.8745,-1.2497
B|N2|5m|level|SOLUSD,2441,SOLUSD,B,2,5,5,level,primary,B|N2|5m|level,train,2441.0,1,0.3081,0.0213,-1.2209,-1.0,1.4138,0.4793,-0.00139,1.8917,-1.8704,52.0,-4565.5,0.201,1.032,4566.2,0.396,88.799,0.0,34.0,66.0,1.8,26.0,6.92,0.6301,0.4912,0.3404,2.0,10.0,25.0,1.012,-1.056,3.0,1.067,0.697,-6.769,-0.0389,0.0766,-2.4346,-1.344
B|N2|5m|level|XRPUSD,2432,XRPUSD,B,2,5,5,level,primary,B|N2|5m|level,train,2104.9,1,0.3141,0.0387,-1.2385,-1.0,1.0175,0.3449,-0.00162,1.3608,-1.3221,94.0,-3215.4,0.26,1.059,3215.7,0.3612,35.207,0.0,34.6,65.4,1.4,27.0,6.89,0.6484,0.5078,0.3462,2.0,10.0,25.0,1.039,-1.072,3.0,1.125,1.238,-12.22,-0.0169,0.0991,-1.5302,-1.1368
B|N2|15m|oneshot|BTCUSD,668,BTCUSD,B,2,15,15,oneshot,primary,B|N2|15m|oneshot,train,668.0,1,0.3293,0.0689,-1.2553,-1.0,0.6837,0.2318,-0.00513,0.9104,-0.8415,46.0,-562.1,0.369,1.107,560.7,0.3321,13.22,0.0,35.6,64.4,0.3,82.0,1.9,0.6722,0.5045,0.3563,2.0,30.0,45.0,1.002,-1.103,3.0,1.069,1.257,-5.831,-0.039,0.1766,-1.1575,-0.5962
B|N2|15m|oneshot|ETHUSD,751,ETHUSD,B,2,15,15,oneshot,primary,B|N2|15m|oneshot,train,751.0,1,0.3409,0.0626,-1.154,-1.0,0.3754,0.1273,-0.00231,0.5004,-0.4378,47.0,-328.8,0.559,1.097,330.3,0.564,7.996,0.0,35.4,64.6,0.1,82.0,2.13,0.6977,0.5326,0.3542,2.0,30.0,45.0,1.05,-1.164,3.0,1.15,1.308,-7.525,-0.0373,0.1585,-0.5504,-0.3279
B|N2|15m|oneshot|SOLUSD,728,SOLUSD,B,2,15,15,oneshot,primary,B|N2|15m|oneshot,train,728.0,1,0.3462,0.0549,-1.1299,-1.0,0.4102,0.139,-0.00257,0.5467,-0.4917,40.0,-358.0,0.545,1.085,358.6,0.6946,9.949,0.0,35.2,64.8,0.4,79.0,2.06,0.6662,0.5027,0.3516,2.0,30.0,45.0,1.085,-1.028,3.0,1.078,1.081,-3.593,-0.044,0.1538,-0.8046,-0.2661
B|N2|15m|oneshot|XRPUSD,770,XRPUSD,B,2,15,15,oneshot,primary,B|N2|15m|oneshot,train,770.0,1,0.3364,0.0286,-1.1479,-1.0,0.3606,0.1222,-0.00241,0.4805,-0.4519,22.0,-348.0,0.556,1.043,349.5,0.6403,16.816,0.0,34.3,65.7,0.3,79.0,2.18,0.6753,0.5195,0.3429,2.0,30.0,45.0,1.114,-1.081,3.0,1.1,0.561,-5.99,-0.0727,0.1221,-0.6053,-0.3125
B|N2|15m|level|BTCUSD,836,BTCUSD,B,2,15,15,level,primary,B|N2|15m|level,train,836.0,1,0.2691,-0.0419,-1.3027,-1.0,1.5277,0.5179,-0.0049,2.0407,-2.0825,-35.0,-1741.0,0.16,0.938,1742.5,0.3087,,0.0,31.9,68.1,1.2,63.0,2.37,0.6304,0.4833,0.3194,2.0,30.0,75.0,0.908,-1.115,3.0,1.023,-0.884,-7.979,-0.1353,0.0514,-2.6294,-1.6112
B|N2|15m|level|ETHUSD,936,ETHUSD,B,2,15,15,level,primary,B|N2|15m|level,train,850.7,1,0.3269,0.0577,-1.1412,-1.0,0.7499,0.2542,-0.00298,1.0011,-0.9435,54.0,-883.1,0.358,1.089,884.6,0.5456,17.353,0.0,35.3,64.7,1.2,77.5,2.66,0.6741,0.5203,0.3526,2.0,30.0,75.0,0.986,-1.129,3.0,1.144,1.214,-5.346,-0.0321,0.1474,-1.3218,-0.6533
B|N2|15m|level|SOLUSD,868,SOLUSD,B,2,15,15,level,primary,B|N2|15m|level,train,868.0,1,0.3283,0.0403,-1.1266,-1.0,0.8729,0.2959,-0.0029,1.1659,-1.1256,35.0,-977.0,0.328,1.062,978.9,0.6867,28.914,0.0,34.7,65.3,0.8,77.5,2.46,0.6694,0.5092,0.3468,2.0,30.0,75.0,0.989,-1.009,3.0,1.112,0.889,-2.889,-0.0495,0.1267,-1.99,-0.5693
B|N2|15m|level|XRPUSD,933,XRPUSD,B,2,15,15,level,primary,B|N2|15m|level,train,933.0,1,0.3323,0.0322,-1.1335,-1.0,0.5599,0.1898,0.00065,0.7504,-0.7182,30.0,-670.1,0.43,1.049,672.8,0.6766,23.336,0.0,34.4,65.6,1.2,69.0,2.65,0.6592,0.507,0.3441,2.0,30.0,75.0,1.024,-1.077,3.0,1.1,0.682,-7.373,-0.0611,0.1254,-0.9181,-0.5342
B|N2|60m|oneshot|BTCUSD,201,BTCUSD,B,2,60,60,oneshot,primary,B|N2|60m|oneshot,train,201.0,1,0.3433,0.0746,-1.119,-1.0,0.3842,0.1302,-0.00231,0.5122,-0.4375,15.0,-87.9,0.564,1.116,86.7,0.6279,6.863,0.0,35.8,64.2,0.0,292.0,0.57,0.6716,0.5473,0.3582,2.0,120.0,180.0,1.024,-1.032,4.0,1.211,0.882,-3.669,-0.0896,0.2388,-0.6739,-0.209
B|N2|60m|oneshot|ETHUSD,205,ETHUSD,B,2,60,60,oneshot,primary,B|N2|60m|oneshot,train,202.8,1,0.4049,0.2146,-1.0598,-1.0,0.1546,0.0524,-0.0031,0.2039,0.0108,44.0,2.2,1.015,1.361,35.9,1.0195,0.95,0.0,40.5,59.5,0.0,266.0,0.58,0.7073,0.5366,0.4049,2.0,120.0,240.0,1.051,-1.084,3.0,1.187,1.974,0.096,0.0098,0.4341,-0.2083,0.2322
B|N2|60m|oneshot|SOLUSD,198,SOLUSD,B,2,60,60,oneshot,primary,B|N2|60m|oneshot,train,197.0,1,0.3485,0.0455,-1.0725,-1.0,0.1512,0.0513,-0.00348,0.199,-0.1536,9.0,-30.4,0.808,1.07,44.6,1.4039,4.378,0.0,34.8,65.2,0.0,314.0,0.57,0.6919,0.5253,0.3485,2.0,120.0,180.0,1.191,-1.113,3.0,1.232,0.458,-1.468,-0.1515,0.2424,-0.3491,0.0518
B|N2|60m|oneshot|XRPUSD,208,XRPUSD,B,2,60,60,oneshot,primary,B|N2|60m|oneshot,train,208.0,1,0.3221,-0.0192,-1.0793,-1.0,0.2217,0.0752,0.00445,0.3013,-0.3205,-4.0,-66.7,0.646,0.971,73.7,1.2151,,0.0,32.7,67.3,0.0,329.0,0.6,0.6635,0.4856,0.3269,2.0,120.0,180.0,1.195,-1.069,4.0,0.954,-0.198,-2.743,-0.2067,0.1683,-0.5554,-0.1017
B|N2|60m|level|BTCUSD,270,BTCUSD,B,2,60,60,level,primary,B|N2|60m|level,train,270.0,1,0.3296,0.0444,-1.1206,-1.0,1.4784,0.5011,-0.0161,1.9634,-1.9189,12.0,-518.1,0.224,1.068,521.7,0.626,44.176,0.0,34.8,65.2,0.7,260.5,0.77,0.6519,0.537,0.3481,2.0,120.0,300.0,1.05,-1.04,4.0,1.202,0.547,-1.54,-0.1111,0.2,-4.6688,-0.4038
B|N2|60m|level|ETHUSD,330,ETHUSD,B,2,60,60,level,primary,B|N2|60m|level,train,330.0,1,0.3485,0.0909,-1.0687,-1.0,0.4581,0.1553,-0.00523,0.6082,-0.5173,30.0,-170.7,0.545,1.143,178.4,0.9885,6.69,0.0,36.4,63.6,0.6,210.5,0.94,0.6758,0.497,0.3636,2.0,120.0,300.0,0.983,-1.158,3.0,1.018,1.219,-2.386,-0.0545,0.2364,-1.0133,-0.1877
B|N2|60m|level|SOLUSD,321,SOLUSD,B,2,60,60,level,primary,B|N2|60m|level,train,321.0,1,0.3333,0.0187,-1.0724,-1.0,1.134,0.3844,-0.02286,1.4955,-1.4768,6.0,-474.1,0.288,1.028,488.7,1.1454,80.011,0.0,34.0,66.0,0.6,194.0,0.92,0.6822,0.5202,0.3396,2.0,120.0,300.0,1.086,-1.215,3.0,1.14,0.229,-1.772,-0.1402,0.1869,-3.3843,-0.3225
B|N2|60m|level|XRPUSD,293,XRPUSD,B,2,60,60,level,primary,B|N2|60m|level,train,293.0,1,0.3515,0.0751,-1.0649,-1.0,0.2585,0.0876,0.00697,0.3531,-0.278,22.0,-81.5,0.692,1.117,83.9,1.2036,4.702,0.0,35.8,64.2,0.3,232.0,0.84,0.6758,0.529,0.3584,2.0,120.0,300.0,1.199,-1.207,3.0,1.117,0.924,-2.451,-0.0785,0.2389,-0.5071,-0.0579
B|N3|5m|oneshot|BTCUSD,1438,BTCUSD,B,3,5,5,oneshot,primary,B|N3|5m|oneshot,train,1438.0,1,0.2962,0.0181,-1.4247,-1.0,1.5475,0.5246,-0.00426,2.0678,-2.0498,26.0,-2947.6,0.158,1.027,2947.9,0.2252,114.368,0.0,33.9,66.1,0.4,40.0,4.08,0.6558,0.4986,0.3394,3.0,15.0,20.0,1.378,-1.346,5.0,1.015,0.509,-6.065,-0.0487,0.087,-2.7815,-1.4703
B|N3|5m|oneshot|ETHUSD,1484,ETHUSD,B,3,5,5,oneshot,primary,B|N3|5m|oneshot,train,1440.9,1,0.3221,0.0168,-1.2397,-1.0,0.5803,0.1967,-0.00243,0.7746,-0.7578,25.0,-1124.5,0.396,1.025,1123.1,0.4006,45.98,0.0,33.9,66.1,0.3,37.0,4.21,0.6617,0.4933,0.3389,3.0,15.0,25.0,1.3,-1.39,5.0,0.995,0.431,-10.88,-0.058,0.0937,-0.8984,-0.6314
B|N3|5m|oneshot|SOLUSD,1501,SOLUSD,B,3,5,5,oneshot,primary,B|N3|5m|oneshot,train,1501.0,1,0.3384,0.0573,-1.1985,-1.0,0.6588,0.2233,-0.00135,0.8808,-0.8235,86.0,-1236.0,0.39,1.088,1238.2,0.4748,15.373,0.0,35.2,64.8,0.3,40.0,4.25,0.6616,0.5083,0.3524,3.0,15.0,20.0,1.367,-1.296,5.0,1.063,1.553,-3.581,-0.0147,0.1252,-1.3315,-0.494
B|N3|5m|oneshot|XRPUSD,1426,XRPUSD,B,3,5,5,oneshot,primary,B|N3|5m|oneshot,train,1376.0,1,0.3317,0.0288,-1.1968,-1.0,0.4567,0.1548,0.00048,0.612,-0.5833,41.0,-831.7,0.473,1.044,831.9,0.4618,21.287,0.0,34.3,65.7,0.3,45.5,4.04,0.6536,0.5021,0.3429,3.0,15.0,25.0,1.366,-1.247,5.0,1.014,0.735,-9.553,-0.047,0.1024,-0.7029,-0.4687
B|N3|5m|level|BTCUSD,1775,BTCUSD,B,3,5,5,level,primary,B|N3|5m|level,train,1775.0,1,0.2597,0.0073,-1.4618,-1.0,2.9596,1.0032,-0.00344,3.9594,-3.9521,13.0,-7014.9,0.079,1.011,7015.2,0.2041,540.609,0.0,33.6,66.4,1.8,30.0,5.03,0.6383,0.4935,0.3358,3.0,15.0,35.0,1.241,-1.417,5.0,1.114,0.217,-7.789,-0.0603,0.0732,-4.9998,-3.0492
B|N3|5m|level|ETHUSD,1689,ETHUSD,B,3,5,5,level,primary,B|N3|5m|level,train,1689.0,1,0.3025,0.0337,-1.2225,-1.0,1.1178,0.3789,-0.00177,1.495,-1.4613,57.0,-2468.1,0.24,1.051,2465.9,0.3703,44.299,0.0,34.5,65.5,1.7,35.0,4.79,0.6584,0.5038,0.3446,3.0,15.0,35.0,1.212,-1.411,5.0,1.128,0.969,-9.309,-0.0337,0.0995,-1.7844,-1.1751
B|N3|5m|level|SOLUSD,1873,SOLUSD,B,3,5,5,level,primary,B|N3|5m|level,train,1873.0,1,0.2947,-0.0005,-1.2085,-1.0,1.5099,0.5118,-0.00125,2.0205,-2.021,-1.0,-3785.3,0.182,0.999,3787.5,0.4112,,0.0,33.3,66.7,2.1,27.0,5.31,0.6418,0.4917,0.3332,3.0,15.0,35.0,1.225,-1.37,5.0,1.093,-0.017,-5.67,-0.063,0.0588,-2.8073,-1.4037
B|N3|5m|level|XRPUSD,1799,XRPUSD,B,3,5,5,level,primary,B|N3|5m|level,train,1713.4,1,0.3024,0.0272,-1.2136,-1.0,1.0738,0.364,-0.00109,1.4367,-1.4094,49.0,-2535.6,0.25,1.041,2537.5,0.4151,52.747,0.0,34.2,65.8,2.1,32.0,5.1,0.6153,0.4786,0.3424,3.0,15.0,40.0,1.253,-1.341,5.0,1.009,0.794,-11.197,-0.0362,0.0956,-1.6614,-1.1729
B|N3|15m|oneshot|BTCUSD,512,BTCUSD,B,3,15,15,oneshot,primary,B|N3|15m|oneshot,train,512.0,1,0.3262,0.043,-1.2135,-1.0,0.9447,0.3202,-0.00741,1.2575,-1.2145,22.0,-621.8,0.287,1.066,625.4,0.398,29.266,0.0,34.8,65.2,0.4,102.5,1.45,0.6562,0.5176,0.3477,3.0,45.0,60.0,1.317,-1.361,5.0,1.128,0.795,-4.81,-0.0625,0.1484,-1.7664,-0.7955
B|N3|15m|oneshot|ETHUSD,526,ETHUSD,B,3,15,15,oneshot,primary,B|N3|15m|oneshot,train,526.0,1,0.3536,0.0837,-1.1287,-1.0,0.3348,0.1135,-0.00356,0.4448,-0.3611,44.0,-190.0,0.627,1.131,194.5,0.6797,5.317,0.0,36.1,63.9,0.0,117.0,1.51,0.6882,0.5228,0.3612,3.0,45.0,60.0,1.284,-1.376,5.0,1.129,1.454,-4.225,-0.0304,0.1977,-0.5316,-0.2018
B|N3|15m|oneshot|SOLUSD,534,SOLUSD,B,3,15,15,oneshot,primary,B|N3|15m|oneshot,train,529.9,1,0.3446,0.073,-1.1035,-1.0,0.2898,0.0982,-0.00361,0.3844,-0.3114,39.0,-166.3,0.659,1.114,164.9,0.8564,5.263,0.0,35.8,64.2,0.0,136.5,1.52,0.691,0.5562,0.3577,3.0,45.0,60.0,1.329,-1.279,5.0,1.199,1.202,-3.937,-0.0393,0.1966,-0.4669,-0.1674
B|N3|15m|oneshot|XRPUSD,519,XRPUSD,B,3,15,15,oneshot,primary,B|N3|15m|oneshot,train,519.0,1,0.3526,0.0925,-1.107,-1.0,0.3516,0.1192,0.00213,0.4729,-0.3804,48.0,-197.4,0.617,1.145,210.5,0.7806,5.114,0.0,36.4,63.6,0.2,110.0,1.48,0.6898,0.5106,0.3642,3.0,45.0,75.0,1.249,-1.341,5.0,1.114,1.506,-3.824,-0.0231,0.2139,-0.5877,-0.1939
B|N3|15m|level|BTCUSD,723,BTCUSD,B,3,15,15,level,primary,B|N3|15m|level,train,723.0,1,0.2739,-0.0249,-1.285,-1.0,2.2067,0.748,-0.00513,2.9496,-2.9745,-18.0,-2150.6,0.118,0.963,2152.5,0.2933,,0.0,32.5,67.5,1.1,70.0,2.05,0.6279,0.4938,0.325,3.0,45.0,105.0,1.219,-1.474,4.0,1.047,-0.533,-4.413,-0.1203,0.0664,-4.5168,-1.8473
B|N3|15m|level|ETHUSD,645,ETHUSD,B,3,15,15,level,primary,B|N3|15m|level,train,645.0,1,0.3473,0.0977,-1.111,-1.0,0.9183,0.3113,-0.00383,1.2257,-1.1281,63.0,-727.6,0.337,1.154,731.4,0.6336,12.549,0.0,36.6,63.4,1.2,100.0,1.85,0.6713,0.5287,0.3659,3.0,45.0,105.0,1.205,-1.377,5.0,1.177,1.886,-4.099,0.0,0.2,-1.7055,-0.6471
B|N3|15m|level|SOLUSD,712,SOLUSD,B,3,15,15,level,primary,B|N3|15m|level,train,712.0,1,0.3258,0.0492,-1.1073,-1.0,0.9055,0.3069,-0.00236,1.2101,-1.1609,35.0,-826.6,0.323,1.076,830.0,0.7617,24.616,0.0,35.0,65.0,1.3,90.5,2.02,0.6517,0.5098,0.3497,3.0,45.0,105.0,1.141,-1.302,5.0,1.11,0.921,-2.5,-0.052,0.1545,-2.2012,-0.5396
B|N3|15m|level|XRPUSD,682,XRPUSD,B,3,15,15,level,primary,B|N3|15m|level,train,682.0,1,0.3211,0.0293,-1.1143,-1.0,0.5631,0.1909,0.0017,0.7556,-0.7263,20.0,-495.3,0.421,1.045,502.4,0.7256,25.767,0.0,34.3,65.7,1.0,83.5,1.94,0.651,0.4927,0.3431,3.0,45.0,120.0,1.179,-1.38,4.0,1.069,0.552,-6.98,-0.0762,0.1306,-0.9471,-0.5371
B|N3|60m|oneshot|BTCUSD,169,BTCUSD,B,3,60,60,oneshot,primary,B|N3|60m|oneshot,train,169.0,1,0.2899,-0.1302,-1.1455,-1.0,1.7285,0.5859,-0.0077,2.3067,-2.4369,-22.0,-411.8,0.169,0.817,417.6,0.7594,,0.0,29.0,71.0,0.6,387.0,0.48,0.6095,0.4497,0.2899,3.0,180.0,240.0,1.171,-1.357,5.0,0.821,-1.134,-1.265,-0.3432,0.1006,-6.4714,-0.2857
B|N3|60m|oneshot|ETHUSD,145,ETHUSD,B,3,60,60,oneshot,primary,B|N3|60m|oneshot,train,144.7,1,0.3862,0.1586,-1.0459,-1.0,0.1278,0.0433,-0.00655,0.1646,-0.006,23.0,-0.9,0.992,1.258,23.5,1.4135,1.038,0.0,38.6,61.4,0.0,471.0,0.42,0.7517,0.5448,0.3862,3.0,180.0,300.0,1.176,-1.306,5.0,1.141,1.44,-0.053,-0.069,0.3862,-0.2331,0.2082
B|N3|60m|oneshot|SOLUSD,152,SOLUSD,B,3,60,60,oneshot,primary,B|N3|60m|oneshot,train,152.0,1,0.3158,-0.0329,-1.0533,-1.0,0.1221,0.0414,-0.00341,0.1601,-0.193,-5.0,-29.3,0.752,0.951,41.6,1.774,,0.0,32.2,67.8,0.0,356.0,0.44,0.6579,0.4605,0.3224,3.0,180.0,240.0,1.195,-1.141,5.0,0.84,-0.317,-1.849,-0.2303,0.1842,-0.3964,-0.0043
B|N3|60m|oneshot|XRPUSD,158,XRPUSD,B,3,60,60,oneshot,primary,B|N3|60m|oneshot,train,158.0,1,0.3481,0.0443,-1.0699,-1.0,0.1444,0.049,0.00329,0.1967,-0.1524,7.0,-24.1,0.807,1.068,27.0,1.5018,4.439,0.0,34.8,65.2,0.0,394.0,0.45,0.6519,0.4937,0.3481,3.0,180.0,240.0,1.181,-1.333,5.0,0.961,0.496,-1.543,-0.1266,0.2152,-0.3345,0.0482
B|N3|60m|level|BTCUSD,213,BTCUSD,B,3,60,60,level,primary,B|N3|60m|level,train,213.0,1,0.3099,-0.0563,-1.1274,-1.0,1.7338,0.5877,-0.00795,2.3136,-2.3699,-12.0,-504.8,0.185,0.918,505.5,0.7561,,0.0,31.5,68.5,0.5,376.0,0.61,0.6432,0.4789,0.3146,3.0,180.0,360.0,1.307,-1.347,4.0,0.937,-0.555,-1.508,-0.2535,0.1549,-5.7391,-0.5389
B|N3|60m|level|ETHUSD,249,ETHUSD,B,3,60,60,level,primary,B|N3|60m|level,train,249.0,1,0.3373,0.0723,-1.0598,-1.0,0.9165,0.3107,-0.01003,1.2171,-1.1448,18.0,-285.1,0.344,1.113,295.3,1.142,16.837,0.0,35.7,64.3,0.8,220.0,0.71,0.7068,0.5181,0.3574,3.0,180.0,420.0,1.148,-1.443,4.0,1.077,0.694,-2.21,-0.1325,0.2771,-2.2795,-0.3104
B|N3|60m|level|SOLUSD,262,SOLUSD,B,3,60,60,level,primary,B|N3|60m|level,train,262.0,1,0.3015,-0.0611,-1.0603,-1.0,0.3218,0.1091,-0.00189,0.429,-0.4901,-16.0,-128.4,0.525,0.911,136.0,1.4123,,0.0,31.3,68.7,0.4,217.0,0.75,0.6489,0.4618,0.313,3.0,180.0,420.0,1.241,-1.381,4.0,0.854,-0.81,-3.923,-0.2099,0.0878,-0.748,-0.2639
B|N3|60m|level|XRPUSD,238,XRPUSD,B,3,60,60,level,primary,B|N3|60m|level,train,238.0,1,0.3571,0.0714,-1.0526,-1.0,0.404,0.137,0.00111,0.5421,-0.4707,17.0,-112.0,0.573,1.111,126.7,1.5209,7.589,0.0,35.7,64.3,0.8,289.5,0.68,0.6387,0.5,0.3571,3.0,180.0,420.0,1.174,-1.483,5.0,1.091,0.839,-2.195,-0.0924,0.2479,-0.9278,-0.0894
B|N5|5m|oneshot|BTCUSD,902,BTCUSD,B,5,5,5,oneshot,primary,B|N5|5m|oneshot,train,818.1,1,0.2938,0.0078,-1.332,-1.0,0.8586,0.2911,-0.00572,1.144,-1.1362,7.0,-1024.9,0.268,1.012,1026.5,0.2865,147.412,0.0,33.6,66.4,0.1,59.0,2.56,0.6563,0.5133,0.3359,5.0,25.0,30.0,1.683,-1.73,8.0,1.072,0.166,-7.9,-0.0787,0.0909,-1.4274,-0.8916
B|N5|5m|oneshot|ETHUSD,1051,ETHUSD,B,5,5,5,oneshot,primary,B|N5|5m|oneshot,train,1051.0,1,0.352,0.099,-1.1788,-1.0,0.4659,0.1579,-0.0021,0.6218,-0.5228,104.0,-549.5,0.514,1.156,550.8,0.4829,6.283,0.0,36.6,63.4,0.3,63.0,2.98,0.686,0.5357,0.3663,5.0,25.0,40.0,1.628,-1.789,8.0,1.136,2.363,-8.068,0.0162,0.1789,-0.6525,-0.4019
B|N5|5m|oneshot|SOLUSD,1015,SOLUSD,B,5,5,5,oneshot,primary,B|N5|5m|oneshot,train,927.6,1,0.3291,0.0256,-1.1693,-1.0,0.3663,0.1242,-0.00152,0.4889,-0.4633,26.0,-470.3,0.542,1.039,472.0,0.5641,19.087,0.0,34.2,65.8,0.3,51.0,2.88,0.6512,0.5143,0.3419,5.0,25.0,30.0,1.742,-1.735,7.0,1.073,0.522,-7.587,-0.069,0.1202,-0.5795,-0.3438
B|N5|5m|oneshot|XRPUSD,1031,XRPUSD,B,5,5,5,oneshot,primary,B|N5|5m|oneshot,train,586.5,1,0.3366,0.0417,-1.1748,-1.0,0.3796,0.1287,0.001,0.5093,-0.4676,43.0,-482.1,0.538,1.064,483.3,0.5561,12.212,0.0,34.7,65.3,0.0,63.0,2.92,0.6625,0.5179,0.3472,5.0,25.0,40.0,1.711,-1.734,8.0,1.057,0.693,-5.804,-0.0485,0.1348,-0.5919,-0.3501
B|N5|5m|level|BTCUSD,1370,BTCUSD,B,5,5,5,level,primary,B|N5|5m|level,train,1370.0,1,0.2438,-0.0321,-1.4609,-1.0,2.6079,0.884,-0.00526,3.4866,-3.5187,-44.0,-4820.7,0.087,0.953,4822.3,0.2127,,0.0,32.3,67.7,2.0,31.0,3.89,0.6109,0.4766,0.3226,5.0,25.0,60.0,1.543,-1.96,7.0,1.033,-0.849,-9.768,-0.1044,0.0467,-4.2478,-2.8631
B|N5|5m|level|ETHUSD,1244,ETHUSD,B,5,5,5,level,primary,B|N5|5m|level,train,1195.8,1,0.2934,0.0105,-1.2122,-1.0,1.1551,0.3916,-0.0019,1.5448,-1.5344,13.0,-1908.7,0.23,1.016,1913.7,0.43,147.826,0.0,33.7,66.3,1.5,42.0,3.53,0.6503,0.4976,0.3368,5.0,25.0,60.0,1.458,-1.961,7.0,1.1,0.278,-8.659,-0.0619,0.0852,-1.8982,-1.2184
B|N5|5m|level|SOLUSD,1416,SOLUSD,B,5,5,5,level,primary,B|N5|5m|level,train,1416.0,1,0.2945,-0.0064,-1.1914,-1.0,1.4175,0.4805,-0.00188,1.8961,-1.9025,-9.0,-2693.9,0.199,0.99,2697.9,0.4712,,0.0,33.1,66.9,2.1,34.0,4.01,0.6243,0.4922,0.3312,5.0,25.0,55.0,1.544,-1.886,7.0,1.085,-0.164,-5.06,-0.0847,0.0699,-2.6882,-1.2479
B|N5|5m|level|XRPUSD,1383,XRPUSD,B,5,5,5,level,primary,B|N5|5m|level,train,1383.0,1,0.3044,0.0195,-1.1838,-1.0,1.1364,0.3852,0.00209,1.5237,-1.5042,27.0,-2080.3,0.237,1.03,2081.5,0.4408,78.046,0.0,34.0,66.0,2.7,34.0,3.92,0.6421,0.5004,0.3398,5.0,25.0,60.0,1.542,-1.955,7.0,1.123,0.494,-9.528,-0.0586,0.0955,-1.8156,-1.2119
B|N5|15m|oneshot|BTCUSD,362,BTCUSD,B,5,15,15,oneshot,primary,B|N5|15m|oneshot,train,362.0,1,0.326,0.0193,-1.1875,-1.0,0.4305,0.1459,-0.00573,0.5707,-0.5513,7.0,-199.6,0.485,1.029,198.2,0.4935,29.511,0.0,34.0,66.0,0.0,198.5,1.03,0.7127,0.5331,0.3398,5.0,75.0,105.0,1.6,-1.667,8.0,1.165,0.277,-6.354,-0.1215,0.1519,-0.7189,-0.3822
B|N5|15m|oneshot|ETHUSD,373,ETHUSD,B,5,15,15,oneshot,primary,B|N5|15m|oneshot,train,373.0,1,0.3592,0.118,-1.09,-1.0,0.3044,0.1032,0.00377,0.4113,-0.2934,44.0,-109.4,0.68,1.188,109.3,0.8056,3.487,0.0,37.3,62.7,0.3,177.0,1.06,0.6997,0.504,0.3727,5.0,75.0,135.0,1.659,-1.765,8.0,1.072,1.662,-3.103,-0.0268,0.2547,-0.4862,-0.1117
B|N5|15m|oneshot|SOLUSD,373,SOLUSD,B,5,15,15,oneshot,primary,B|N5|15m|oneshot,train,373.0,1,0.3539,0.0777,-1.0835,-1.0,0.1947,0.066,-0.00268,0.258,-0.1802,29.0,-67.2,0.775,1.121,77.0,1.081,3.318,0.0,35.9,64.1,0.0,177.0,1.06,0.6676,0.5147,0.3592,5.0,75.0,90.0,1.844,-1.668,8.0,1.134,1.076,-2.31,-0.059,0.2145,-0.336,-0.0236
B|N5|15m|oneshot|XRPUSD,325,XRPUSD,B,5,15,15,oneshot,primary,B|N5|15m|oneshot,train,325.0,1,0.3446,0.0431,-1.1039,-1.0,0.2132,0.0723,0.00131,0.2868,-0.2438,14.0,-79.2,0.712,1.066,79.9,0.929,6.659,0.0,34.8,65.2,0.6,202.0,0.93,0.7015,0.5138,0.3477,5.0,75.0,90.0,1.493,-1.648,8.0,1.117,0.628,-3.522,-0.0954,0.1723,-0.3785,-0.1056
B|N5|15m|level|BTCUSD,509,BTCUSD,B,5,15,15,level,primary,B|N5|15m|level,train,509.0,1,0.275,-0.0275,-1.2581,-1.0,1.9415,0.6581,-0.00432,2.5953,-2.6228,-14.0,-1335.0,0.141,0.959,1334.2,0.3687,,0.0,32.4,67.6,1.4,87.0,1.44,0.6424,0.4912,0.3222,5.0,75.0,180.0,1.426,-1.956,7.0,1.049,-0.449,-3.705,-0.1395,0.0963,-4.139,-1.4903
B|N5|15m|level|ETHUSD,533,ETHUSD,B,5,15,15,level,primary,B|N5|15m|level,train,533.0,1,0.3265,0.0694,-1.1039,-1.0,1.1422,0.3872,0.00155,1.531,-1.4616,37.0,-779.0,0.273,1.108,777.4,0.6717,22.055,0.0,35.6,64.4,2.3,102.0,1.51,0.6623,0.4991,0.3565,5.0,75.0,165.0,1.515,-1.904,8.0,1.124,1.184,-4.453,-0.0432,0.1876,-2.163,-0.9093
B|N5|15m|level|SOLUSD,594,SOLUSD,B,5,15,15,level,primary,B|N5|15m|level,train,594.0,1,0.3367,0.0808,-1.0912,-1.0,0.6096,0.2067,-0.00508,0.8112,-0.7304,48.0,-433.9,0.429,1.126,438.9,0.8299,10.039,0.0,36.0,64.0,0.7,99.0,1.69,0.6431,0.5118,0.3603,5.0,75.0,165.0,1.566,-1.824,8.0,1.131,1.388,-4.477,-0.0404,0.1919,-1.0828,-0.4342
B|N5|15m|level|XRPUSD,470,XRPUSD,B,5,15,15,level,primary,B|N5|15m|level,train,470.0,1,0.334,0.066,-1.0921,-1.0,0.5742,0.1946,0.0005,0.7693,-0.7033,31.0,-330.6,0.442,1.102,343.2,0.789,11.663,0.0,35.5,64.5,1.7,118.0,1.34,0.6723,0.5128,0.3553,5.0,75.0,165.0,1.442,-1.907,7.0,1.153,1.027,-4.371,-0.0489,0.1938,-1.0453,-0.4094
B|N5|60m|oneshot|BTCUSD,85,BTCUSD,B,5,60,60,oneshot,primary,B|N5|60m|oneshot,train,81.9,1,0.4118,0.2706,-1.0485,-1.0,0.2884,0.0978,-0.0134,0.3727,-0.1021,23.0,-8.7,0.88,1.469,27.7,1.0253,1.377,0.0,42.4,57.6,0.0,646.0,0.25,0.6235,0.5294,0.4118,5.0,300.0,360.0,1.462,-1.648,8.0,1.251,1.879,-0.444,-0.0118,0.5529,-0.5717,0.3385
B|N5|60m|oneshot|ETHUSD,84,ETHUSD,B,5,60,60,oneshot,primary,B|N5|60m|oneshot,train,84.0,1,0.2976,-0.1071,-1.0643,-1.0,0.1089,0.0369,-0.00711,0.1388,-0.2459,-9.0,-20.7,0.698,0.847,29.9,1.6462,,0.0,29.8,70.2,0.0,569.0,0.25,0.6667,0.4881,0.2976,5.0,300.0,360.0,1.515,-1.747,7.0,0.971,-0.653,-1.419,-0.4286,0.2143,-0.563,0.1115
B|N5|60m|oneshot|SOLUSD,93,SOLUSD,B,5,60,60,oneshot,primary,B|N5|60m|oneshot,train,92.0,1,0.3978,0.1935,-1.0407,-1.0,0.1123,0.0381,-0.00387,0.1465,0.047,18.0,4.4,1.068,1.321,9.4,1.9513,0.757,0.0,39.8,60.2,0.0,360.0,0.27,0.6774,0.5591,0.3978,5.0,300.0,360.0,1.459,-1.403,7.0,1.189,1.648,0.411,-0.0323,0.4194,-0.1719,0.2751
B|N5|60m|oneshot|XRPUSD,92,XRPUSD,B,5,60,60,oneshot,primary,B|N5|60m|oneshot,train,92.0,1,0.3696,0.1087,-1.0432,-1.0,0.1071,0.0363,0.00079,0.1442,-0.0355,10.0,-3.3,0.951,1.172,18.2,1.7642,1.326,0.0,37.0,63.0,0.0,609.5,0.27,0.7174,0.5435,0.3696,5.0,300.0,360.0,1.305,-1.725,7.5,1.102,0.811,-0.257,-0.1522,0.3696,-0.3105,0.2268
B|N5|60m|level|BTCUSD,135,BTCUSD,B,5,60,60,level,primary,B|N5|60m|level,train,135.0,1,0.3778,0.2222,-1.0748,-1.0,0.6863,0.2326,-0.01373,0.9052,-0.683,30.0,-92.2,0.49,1.375,95.3,0.8786,4.074,0.0,40.7,59.3,0.7,444.0,0.39,0.6519,0.5333,0.4,5.0,300.0,660.0,1.697,-1.789,7.0,1.132,1.706,-2.411,-0.0222,0.4889,-1.2824,-0.1702
B|N5|60m|level|ETHUSD,173,ETHUSD,B,5,60,60,level,primary,B|N5|60m|level,train,173.0,1,0.3179,0.0058,-1.0685,-1.0,0.8558,0.2901,-0.00553,1.1403,-1.1345,1.0,-196.3,0.333,1.009,198.8,1.173,197.274,0.0,33.5,66.5,0.6,256.0,0.5,0.659,0.5029,0.3353,5.0,300.0,600.0,1.78,-2.096,7.0,1.034,0.05,-1.729,-0.2197,0.2312,-2.656,-0.2569
B|N5|60m|level|SOLUSD,206,SOLUSD,B,5,60,60,level,primary,B|N5|60m|level,train,206.0,1,0.3544,0.0922,-1.048,-1.0,2.7685,0.9385,-0.00291,3.704,-3.6118,19.0,-744.0,0.15,1.145,768.7,1.3213,40.16,0.0,36.4,63.6,0.5,216.5,0.59,0.6359,0.5049,0.3641,5.0,300.0,720.0,1.411,-1.845,6.0,1.124,0.947,-1.36,-0.0971,0.2816,-9.5647,-0.1288
B|N5|60m|level|XRPUSD,160,XRPUSD,B,5,60,60,level,primary,B|N5|60m|level,train,160.0,1,0.3625,0.125,-1.0413,-1.0,0.3086,0.1046,0.00307,0.4162,-0.2912,20.0,-46.6,0.687,1.2,52.7,1.5956,3.33,0.0,37.5,62.5,0.6,449.0,0.46,0.7125,0.5625,0.3688,5.0,300.0,660.0,1.291,-1.859,6.0,1.256,1.214,-2.129,-0.0625,0.3312,-0.5676,-0.0396
B|N8|5m|oneshot|BTCUSD,611,BTCUSD,B,8,5,5,oneshot,primary,B|N8|5m|oneshot,train,594.5,1,0.3241,0.0507,-1.2583,-1.0,0.5962,0.2021,-0.0045,0.7938,-0.7431,31.0,-454.0,0.397,1.078,455.6,0.3552,15.645,0.0,35.0,65.0,0.0,89.0,1.73,0.6825,0.5155,0.3502,8.0,40.0,45.0,2.244,-2.312,13.0,1.122,0.858,-8.803,-0.0671,0.1637,-0.9134,-0.5891
B|N8|5m|oneshot|ETHUSD,651,ETHUSD,B,8,5,5,oneshot,primary,B|N8|5m|oneshot,train,645.1,1,0.3641,0.129,-1.1257,-1.0,0.3305,0.112,-0.00342,0.4391,-0.31,84.0,-201.8,0.655,1.207,203.3,0.593,3.403,0.0,37.6,62.4,0.2,97.0,1.85,0.7035,0.5422,0.3763,8.0,40.0,60.0,2.062,-2.289,12.0,1.246,2.615,-5.389,0.0323,0.2304,-0.4249,-0.2028
B|N8|5m|oneshot|SOLUSD,659,SOLUSD,B,8,5,5,oneshot,primary,B|N8|5m|oneshot,train,659.0,1,0.352,0.0789,-1.1139,-1.0,0.6848,0.2321,-0.00221,0.9147,-0.8358,52.0,-550.8,0.414,1.123,564.4,0.7394,11.592,0.0,36.0,64.0,0.3,90.0,1.87,0.6874,0.5326,0.3596,8.0,40.0,45.0,2.356,-2.244,12.0,1.125,1.545,-1.697,-0.0212,0.1792,-1.9312,-0.2297
B|N8|5m|oneshot|XRPUSD,633,XRPUSD,B,8,5,5,oneshot,primary,B|N8|5m|oneshot,train,627.9,1,0.3633,0.109,-1.1244,-1.0,0.2971,0.1007,0.00033,0.3981,-0.2891,69.0,-183.0,0.681,1.173,181.8,0.7195,3.653,0.0,37.0,63.0,0.0,94.0,1.8,0.6698,0.5276,0.3697,8.0,40.0,45.0,2.251,-2.091,12.0,1.133,1.816,-4.274,-0.0047,0.2322,-0.4137,-0.1555
B|N8|5m|level|BTCUSD,1018,BTCUSD,B,8,5,5,level,primary,B|N8|5m|level,train,1018.0,1,0.2338,-0.0334,-1.417,-1.0,3.5976,1.2195,-0.00383,4.8133,-4.8467,-34.0,-4933.9,0.064,0.951,4935.4,0.2233,,0.0,32.2,67.8,1.8,35.0,2.89,0.6179,0.4813,0.3222,8.0,40.0,95.0,1.89,-2.725,11.0,1.067,-0.808,-5.986,-0.113,0.0462,-6.5566,-3.4262
B|N8|5m|level|ETHUSD,989,ETHUSD,B,8,5,5,level,primary,B|N8|5m|level,train,989.0,1,0.3094,0.0829,-1.1537,-1.0,1.5314,0.5191,-0.00311,2.0474,-1.9645,82.0,-1942.8,0.197,1.13,1946.0,0.45,24.693,0.0,36.1,63.9,2.4,52.0,2.81,0.6562,0.5197,0.361,8.0,40.0,90.0,1.769,-2.435,11.0,1.276,1.878,-5.913,-0.002,0.1709,-2.6559,-1.3981
B|N8|5m|level|SOLUSD,995,SOLUSD,B,8,5,5,level,primary,B|N8|5m|level,train,995.0,1,0.3055,0.0191,-1.1516,-1.0,1.9118,0.6481,-0.00177,2.5581,-2.539,19.0,-2526.3,0.157,1.029,2525.1,0.5106,133.962,0.0,34.0,66.0,2.7,36.0,2.82,0.6523,0.5126,0.3397,8.0,40.0,90.0,1.934,-2.615,11.0,1.139,0.459,-4.601,-0.0653,0.0975,-3.7072,-1.6266
B|N8|5m|level|XRPUSD,1039,XRPUSD,B,8,5,5,level,primary,B|N8|5m|level,train,1039.0,1,0.3118,0.0423,-1.1503,-1.0,1.0385,0.352,0.00222,1.3927,-1.3504,44.0,-1403.0,0.261,1.065,1401.4,0.4718,32.887,0.0,34.7,65.3,2.6,38.0,2.95,0.6285,0.487,0.3474,8.0,40.0,95.0,1.934,-2.596,11.0,1.128,0.921,-8.802,-0.0443,0.1347,-1.6605,-1.0675
B|N8|15m|oneshot|BTCUSD,242,BTCUSD,B,8,15,15,oneshot,primary,B|N8|15m|oneshot,train,241.9,1,0.3264,0.0413,-1.1597,-1.0,0.4211,0.1427,-0.00417,0.5597,-0.5184,10.0,-125.4,0.512,1.063,124.1,0.5968,13.545,0.0,34.7,65.3,0.0,226.5,0.69,0.6777,0.5248,0.343,8.0,120.0,135.0,2.056,-2.234,13.0,1.116,0.478,-4.643,-0.1322,0.2149,-0.7389,-0.2946
B|N8|15m|oneshot|ETHUSD,233,ETHUSD,B,8,15,15,oneshot,primary,B|N8|15m|oneshot,train,233.0,1,0.3863,0.1588,-1.0747,-1.0,0.1795,0.0609,-0.00284,0.2376,-0.0788,37.0,-18.4,0.898,1.259,42.8,0.97,1.496,0.0,38.6,61.4,0.4,236.0,0.66,0.7167,0.5322,0.3863,8.0,120.0,195.0,1.898,-2.08,11.0,1.317,1.859,-0.846,-0.0086,0.3262,-0.2572,0.1072
B|N8|15m|oneshot|SOLUSD,230,SOLUSD,B,8,15,15,oneshot,primary,B|N8|15m|oneshot,train,230.0,1,0.3609,0.0826,-1.0713,-1.0,0.1272,0.0431,-0.0024,0.168,-0.0854,19.0,-19.6,0.886,1.129,36.9,1.4189,2.033,0.0,36.1,63.9,0.0,264.5,0.66,0.7,0.5478,0.3609,8.0,120.0,135.0,2.172,-2.056,11.0,1.266,0.872,-0.87,-0.1,0.2655,-0.2712,0.1063
B|N8|15m|oneshot|XRPUSD,247,XRPUSD,B,8,15,15,oneshot,primary,B|N8|15m|oneshot,train,247.0,1,0.3198,-0.004,-1.0797,-1.0,0.1904,0.0645,0.00234,0.2573,-0.2613,-1.0,-64.5,0.689,0.994,80.8,1.1496,,0.0,33.2,66.8,0.0,272.0,0.71,0.6923,0.4899,0.332,8.0,120.0,135.0,1.888,-2.175,11.0,0.982,-0.044,-2.786,-0.1862,0.1781,-0.4384,-0.0667
B|N8|15m|level|BTCUSD,422,BTCUSD,B,8,15,15,level,primary,B|N8|15m|level,train,422.0,1,0.2583,-0.0261,-1.2632,-1.0,2.1262,0.7207,-0.00309,2.8438,-2.8699,-11.0,-1211.1,0.126,0.961,1209.8,0.3832,,0.0,32.5,67.5,0.9,93.5,1.2,0.6374,0.4976,0.3223,8.0,120.0,285.0,1.706,-2.484,12.0,1.041,-0.397,-3.505,-0.154,0.1019,-4.7645,-1.6124
B|N8|15m|level|ETHUSD,511,ETHUSD,B,8,15,15,level,primary,B|N8|15m|level,train,511.0,1,0.2896,-0.0196,-1.1395,-1.0,1.1859,0.402,-0.00433,1.5836,-1.6032,-10.0,-819.2,0.228,0.971,819.3,0.6023,,0.0,32.7,67.3,1.4,76.0,1.45,0.6458,0.4736,0.3268,8.0,120.0,270.0,1.478,-2.64,11.0,1.0,-0.336,-4.492,-0.137,0.092,-2.3718,-1.0144
B|N8|15m|level|SOLUSD,458,SOLUSD,B,8,15,15,level,primary,B|N8|15m|level,train,442.9,1,0.3319,0.0873,-1.0828,-1.0,0.6021,0.2041,-0.00514,0.8011,-0.7138,40.0,-326.9,0.435,1.137,343.9,0.753,9.173,0.0,36.2,63.8,1.1,83.5,1.31,0.6681,0.5109,0.3624,8.0,120.0,255.0,1.855,-2.613,11.0,1.134,1.208,-4.867,-0.0437,0.2251,-1.0,-0.4446
B|N8|15m|level|XRPUSD,454,XRPUSD,B,8,15,15,level,primary,B|N8|15m|level,train,429.8,1,0.3194,0.0903,-1.0872,-1.0,0.7325,0.2483,0.00157,0.9824,-0.8921,41.0,-405.0,0.373,1.142,399.6,0.7402,10.879,0.0,36.3,63.7,1.1,83.0,1.3,0.6938,0.5154,0.3634,8.0,120.0,270.0,1.786,-2.769,11.0,1.079,1.404,-5.674,-0.0352,0.2159,-1.2092,-0.6105
B|N8|60m|oneshot|BTCUSD,58,BTCUSD,B,8,60,60,oneshot,primary,B|N8|60m|oneshot,train,58.0,1,0.3966,0.1897,-1.0648,-1.0,0.196,0.0664,-0.01574,0.2467,-0.057,11.0,-3.3,0.927,1.314,12.8,1.0914,1.301,0.0,39.7,60.3,0.0,948.5,0.17,0.6724,0.5172,0.3621,8.0,480.0,540.0,1.672,-2.49,12.0,1.305,1.184,-0.321,-0.1207,0.5,-0.4125,0.2867
B|N8|60m|oneshot|ETHUSD,53,ETHUSD,B,8,60,60,oneshot,primary,B|N8|60m|oneshot,train,53.0,1,0.3774,0.1321,-1.048,-1.0,0.0976,0.0331,-0.01166,0.1191,0.013,7.0,0.7,1.019,1.212,13.7,1.6893,0.902,0.0,37.7,62.3,0.0,770.0,0.16,0.7358,0.566,0.3585,8.0,480.0,540.0,1.982,-2.561,13.0,1.441,0.717,0.068,-0.2075,0.4717,-0.3587,0.4027
B|N8|60m|oneshot|SOLUSD,47,SOLUSD,B,8,60,60,oneshot,primary,B|N8|60m|oneshot,train,47.0,1,0.3617,0.0851,-1.0322,-1.0,0.081,0.0275,-0.00745,0.101,-0.0159,4.0,-0.7,0.977,1.133,7.7,2.1943,1.187,0.0,36.2,63.8,0.0,708.0,0.14,0.7021,0.5532,0.3617,8.0,480.0,540.0,2.329,-2.288,11.0,1.267,0.505,-0.099,-0.234,0.4043,-0.3301,0.3026
B|N8|60m|oneshot|XRPUSD,53,XRPUSD,B,8,60,60,oneshot,primary,B|N8|60m|oneshot,train,53.0,1,0.4151,0.2453,-1.0314,-1.0,0.0855,0.029,-0.00018,0.1143,0.1309,13.0,6.9,1.2,1.419,11.0,2.4988,0.466,0.0,41.5,58.5,0.0,1110.0,0.15,0.6415,0.5472,0.4151,8.0,480.0,540.0,1.606,-2.013,10.0,1.185,1.074,0.577,-0.2075,0.6981,-0.2923,0.6047
B|N8|60m|level|BTCUSD,106,BTCUSD,B,8,60,60,level,primary,B|N8|60m|level,train,106.0,1,0.3302,0.0189,-1.081,-1.0,0.8151,0.2763,-0.00783,1.0836,-1.0647,2.0,-112.9,0.341,1.029,111.2,0.7828,57.43,0.0,34.0,66.0,0.9,545.0,0.31,0.6415,0.5,0.3113,8.0,480.0,1080.0,1.36,-2.987,12.0,1.08,0.127,-2.276,-0.2642,0.3302,-2.0887,-0.2682
B|N8|60m|level|ETHUSD,145,ETHUSD,B,8,60,60,level,primary,B|N8|60m|level,train,145.0,1,0.3724,0.1172,-1.048,-1.0,0.3123,0.1058,-0.00668,0.4114,-0.2942,17.0,-42.7,0.684,1.187,58.2,1.146,3.509,0.0,37.2,62.8,0.0,280.0,0.42,0.6828,0.5034,0.3724,8.0,480.0,1140.0,1.982,-3.223,11.0,1.051,1.022,-1.898,-0.0897,0.3655,-0.5743,0.0187
B|N8|60m|level|SOLUSD,122,SOLUSD,B,8,60,60,level,primary,B|N8|60m|level,train,122.0,1,0.3115,-0.0164,-1.0487,-1.0,0.7261,0.2461,-0.01748,0.9547,-0.9711,-2.0,-118.5,0.36,0.976,125.2,1.4276,,0.0,32.8,67.2,3.3,272.0,0.35,0.7213,0.541,0.3279,8.0,480.0,930.0,2.339,-2.859,11.0,1.292,-0.129,-3.284,-0.2623,0.2295,-1.5736,-0.4246
B|N8|60m|level|XRPUSD,121,XRPUSD,B,8,60,60,level,primary,B|N8|60m|level,train,107.8,1,0.3223,-0.0331,-1.0438,-1.0,0.9765,0.331,-0.01057,1.2969,-1.33,-4.0,-160.9,0.305,0.951,176.6,1.8404,,0.0,32.2,67.8,2.5,697.0,0.35,0.5868,0.4793,0.3223,8.0,480.0,1080.0,1.908,-2.885,10.0,1.003,-0.21,-2.468,-0.3058,0.2645,-2.4341,-0.4269
C|N2|5m|oneshot|BTCUSD,1717,BTCUSD,C,2,5,5,oneshot,primary,C|N2|5m|oneshot,train,1335.5,1,0.3145,-0.046,-1.2891,-1.0,0.3967,0.1345,0.00049,0.5316,-0.5776,-79.0,-991.8,0.445,0.933,991.6,0.3514,,49.5,31.8,68.2,0.0,81.0,4.9,0.6558,0.4962,0.318,2.0,10.0,20.0,0.985,0.442,3.0,0.99,-1.24,-12.73,-0.1089,0.0187,-0.6536,-0.4983
C|N2|5m|oneshot|ETHUSD,1604,ETHUSD,C,2,5,5,oneshot,primary,C|N2|5m|oneshot,train,1435.9,1,0.3423,0.0268,-1.158,-1.0,0.2235,0.0758,4e-05,0.2993,-0.2725,43.0,-437.1,0.68,1.041,435.8,0.6233,11.166,50.5,34.2,65.8,0.0,84.0,4.55,0.6814,0.4994,0.3416,2.0,10.0,20.0,0.968,0.408,3.0,0.996,0.683,-6.59,-0.048,0.0979,-0.3499,-0.1967
C|N2|5m|oneshot|SOLUSD,1884,SOLUSD,C,2,5,5,oneshot,primary,C|N2|5m|oneshot,train,1884.0,1,0.353,0.0605,-1.1418,-1.0,0.1898,0.0644,0.00032,0.2545,-0.194,114.0,-365.5,0.762,1.094,365.7,0.7026,4.206,49.5,35.4,64.6,0.0,80.0,5.34,0.6789,0.5239,0.3535,2.0,10.0,20.0,0.943,0.401,3.0,1.113,1.889,-5.912,-0.0048,0.1226,-0.2592,-0.1321
C|N2|5m|oneshot|XRPUSD,1857,XRPUSD,C,2,5,5,oneshot,primary,C|N2|5m|oneshot,train,1752.0,1,0.3123,-0.0582,-1.1639,-1.0,0.2258,0.0765,0.00016,0.3025,-0.3606,-108.0,-669.7,0.6,0.915,681.7,0.6621,,49.5,31.4,68.6,0.1,85.0,5.26,0.6532,0.4793,0.3139,2.0,10.0,20.0,1.036,0.427,3.0,0.925,-1.686,-9.485,-0.1228,0.0081,-0.432,-0.2876
C|N2|5m|level|BTCUSD,1101,BTCUSD,C,2,5,5,level,primary,C|N2|5m|level,train,907.2,1,0.3206,-0.0354,-1.2069,-1.0,0.3227,0.1094,-0.00024,0.4318,-0.4672,-39.0,-514.4,0.516,0.948,513.0,0.4585,,51.0,32.2,67.8,0.0,115.0,3.14,0.6794,0.5114,0.3206,2.0,10.0,25.0,0.901,0.856,3.0,1.013,-0.732,-8.378,-0.1172,0.049,-0.5706,-0.3696
C|N2|5m|level|ETHUSD,1332,ETHUSD,C,2,5,5,level,primary,C|N2|5m|level,train,1140.7,1,0.3566,0.0698,-1.1215,-1.0,0.1893,0.0642,0.00045,0.2539,-0.1841,93.0,-245.2,0.772,1.109,245.9,0.7443,3.636,47.8,35.7,64.3,0.0,109.0,3.78,0.6772,0.5008,0.3566,2.0,10.0,25.0,0.83,0.783,3.0,1.006,1.547,-3.816,-0.0113,0.151,-0.2706,-0.0958
C|N2|5m|level|SOLUSD,1441,SOLUSD,C,2,5,5,level,primary,C|N2|5m|level,train,1441.0,1,0.3456,0.0368,-1.1074,-1.0,0.1605,0.0544,0.00051,0.2154,-0.1786,53.0,-257.4,0.776,1.056,266.6,0.8807,5.856,50.6,34.6,65.4,0.0,108.0,4.09,0.6731,0.5108,0.3456,2.0,10.0,25.0,0.858,0.809,3.0,1.066,1.069,-4.955,-0.0298,0.1055,-0.2494,-0.1067
C|N2|5m|level|XRPUSD,1593,XRPUSD,C,2,5,5,level,primary,C|N2|5m|level,train,1484.2,1,0.3271,-0.0132,-1.1272,-1.0,0.1926,0.0653,-0.00016,0.2577,-0.2709,-21.0,-431.5,0.68,0.98,448.0,0.7815,,49.5,32.9,67.1,0.0,104.0,4.52,0.661,0.4909,0.3289,2.0,10.0,25.0,0.906,0.735,3.0,0.947,-0.353,-6.873,-0.081,0.0584,-0.3446,-0.1977
C|N2|15m|oneshot|BTCUSD,554,BTCUSD,C,2,15,15,oneshot,primary,C|N2|15m|oneshot,train,553.6,1,0.352,0.056,-1.1393,-1.0,0.2092,0.0709,0.00103,0.2811,-0.2251,31.0,-124.7,0.73,1.086,139.8,0.682,5.024,49.8,35.2,64.8,0.0,247.5,1.57,0.6787,0.4982,0.3502,2.0,30.0,60.0,0.795,0.376,3.0,0.987,1.093,-4.029,-0.0415,0.1588,-0.3339,-0.1166
C|N2|15m|oneshot|ETHUSD,644,ETHUSD,C,2,15,15,oneshot,primary,C|N2|15m|oneshot,train,575.7,1,0.3416,0.0248,-1.0918,-1.0,0.1198,0.0406,3e-05,0.1604,-0.1356,16.0,-87.3,0.823,1.038,97.2,1.1625,6.458,50.0,34.2,65.8,0.2,231.5,1.83,0.646,0.5,0.3416,2.0,30.0,60.0,0.86,0.366,3.0,1.002,0.414,-2.127,-0.0823,0.1413,-0.2526,-0.0153
C|N2|15m|oneshot|SOLUSD,701,SOLUSD,C,2,15,15,oneshot,primary,C|N2|15m|oneshot,train,656.4,1,0.3438,0.0314,-1.0763,-1.0,0.0992,0.0336,0.00034,0.1332,-0.1018,22.0,-71.4,0.863,1.048,93.4,1.3623,4.244,51.5,34.4,65.6,0.0,258.0,1.99,0.6805,0.5078,0.3438,2.0,30.0,60.0,0.956,0.383,3.0,1.038,0.595,-1.834,-0.0672,0.1298,-0.2062,0.0048
C|N2|15m|oneshot|XRPUSD,681,XRPUSD,C,2,15,15,oneshot,primary,C|N2|15m|oneshot,train,681.0,1,0.3245,-0.0264,-1.0876,-1.0,0.1191,0.0404,-0.00028,0.1591,-0.1856,-18.0,-126.4,0.763,0.961,135.9,1.2073,,47.4,32.5,67.5,0.0,242.0,1.93,0.6696,0.4772,0.3245,2.0,30.0,60.0,0.91,0.423,3.0,0.904,-0.561,-3.824,-0.1145,0.0617,-0.2796,-0.09
C|N2|15m|level|BTCUSD,444,BTCUSD,C,2,15,15,level,primary,C|N2|15m|level,train,440.9,1,0.3649,0.0946,-1.1061,-1.0,0.1806,0.0612,0.00109,0.2429,-0.1483,42.0,-65.8,0.811,1.149,90.7,0.8069,2.568,49.3,36.5,63.5,0.0,381.0,1.26,0.6959,0.5315,0.3626,2.0,30.0,75.0,0.692,0.698,3.0,1.142,1.477,-2.164,-0.0338,0.2162,-0.282,-0.0118
C|N2|15m|level|ETHUSD,523,ETHUSD,C,2,15,15,level,primary,C|N2|15m|level,train,490.3,1,0.3327,-0.0019,-1.078,-1.0,0.099,0.0336,0.00127,0.1339,-0.1358,-1.0,-71.0,0.821,0.997,76.4,1.3728,,49.3,33.3,66.7,0.0,311.0,1.48,0.6386,0.4761,0.3308,2.0,30.0,75.0,0.759,0.686,3.0,0.905,-0.03,-2.034,-0.1281,0.1244,-0.2583,-0.0093
C|N2|15m|level|SOLUSD,575,SOLUSD,C,2,15,15,level,primary,C|N2|15m|level,train,546.0,1,0.3513,0.0539,-1.0658,-1.0,0.0839,0.0284,0.0009,0.1132,-0.0593,31.0,-34.1,0.918,1.083,55.1,1.6409,2.1,51.7,35.1,64.9,0.0,360.0,1.63,0.6904,0.5443,0.3513,2.0,30.0,75.0,0.857,0.684,3.0,1.194,0.906,-1.018,-0.0661,0.1635,-0.1689,0.0564
C|N2|15m|level|XRPUSD,608,XRPUSD,C,2,15,15,level,primary,C|N2|15m|level,train,534.7,1,0.3207,-0.0378,-1.0719,-1.0,0.0989,0.0335,0.00024,0.1327,-0.1705,-23.0,-103.7,0.779,0.944,108.3,1.4573,,47.9,32.1,67.9,0.0,288.5,1.73,0.6546,0.4605,0.3207,2.0,30.0,75.0,0.809,0.655,3.0,0.852,-0.681,-2.912,-0.1414,0.0658,-0.2741,-0.06
C|N2|60m|oneshot|BTCUSD,175,BTCUSD,C,2,60,60,oneshot,primary,C|N2|60m|oneshot,train,175.0,1,0.3657,0.0971,-1.0668,-1.0,0.1012,0.0343,0.00317,0.1387,-0.0416,17.0,-7.3,0.942,1.153,25.4,1.4245,1.428,52.0,36.6,63.4,0.0,1025.0,0.5,0.6743,0.52,0.36,2.0,120.0,240.0,1.011,0.426,3.0,1.07,1.081,-0.435,-0.0747,0.2686,-0.2207,0.1503
C|N2|60m|oneshot|ETHUSD,206,ETHUSD,C,2,60,60,oneshot,primary,C|N2|60m|oneshot,train,198.9,1,0.3398,0.0194,-1.0513,-1.0,0.0616,0.0209,-0.00262,0.0798,-0.0604,4.0,-12.4,0.916,1.029,39.1,2.2179,4.11,52.4,34.0,66.0,0.0,845.0,0.59,0.6699,0.5146,0.335,2.0,120.0,240.0,0.711,0.422,3.0,1.101,0.162,-0.513,-0.2136,0.2524,-0.2816,0.1727
C|N2|60m|oneshot|SOLUSD,224,SOLUSD,C,2,60,60,oneshot,primary,C|N2|60m|oneshot,train,219.9,1,0.3482,0.0446,-1.0494,-1.0,0.0551,0.0187,0.00159,0.0754,-0.0307,10.0,-6.9,0.956,1.068,29.9,2.3825,1.688,48.7,34.8,65.2,0.0,779.5,0.65,0.6562,0.4911,0.3482,2.0,120.0,240.0,0.827,0.374,3.0,0.946,0.538,-0.358,-0.1161,0.2187,-0.1829,0.1446
C|N2|60m|oneshot|XRPUSD,210,XRPUSD,C,2,60,60,oneshot,primary,C|N2|60m|oneshot,train,196.7,1,0.3762,0.1286,-1.0449,-1.0,0.0594,0.0201,0.00259,0.0821,0.0465,27.0,9.8,1.069,1.206,17.2,2.2574,0.639,51.0,37.6,62.4,0.0,941.0,0.6,0.6381,0.4762,0.3762,2.0,120.0,240.0,0.857,0.401,3.0,0.909,1.196,0.444,-0.0714,0.3286,-0.1503,0.2457
C|N2|60m|level|BTCUSD,151,BTCUSD,C,2,60,60,level,primary,C|N2|60m|level,train,151.0,1,0.3974,0.1921,-1.0374,-1.0,0.0883,0.0299,-0.00219,0.1161,0.076,29.0,11.5,1.114,1.319,13.3,1.704,0.605,54.3,39.7,60.3,0.0,1282.0,0.43,0.7086,0.5364,0.3907,2.0,120.0,300.0,0.882,0.846,3.0,1.303,1.786,0.672,-0.0066,0.4106,-0.1423,0.3108
C|N2|60m|level|ETHUSD,220,ETHUSD,C,2,60,60,level,primary,C|N2|60m|level,train,211.8,1,0.3409,0.0227,-1.0482,-1.0,0.0577,0.0196,-0.00228,0.075,-0.0523,5.0,-11.5,0.926,1.034,30.8,2.3549,3.302,53.6,34.1,65.9,0.0,854.5,0.63,0.6591,0.4909,0.3364,2.0,120.0,300.0,0.671,0.51,2.0,0.96,0.229,-0.534,-0.1545,0.2136,-0.2332,0.1339
C|N2|60m|level|SOLUSD,225,SOLUSD,C,2,60,60,level,primary,C|N2|60m|level,train,221.0,1,0.3556,0.0667,-1.0448,-1.0,0.0517,0.0175,0.00169,0.071,-0.0043,15.0,-1.0,0.994,1.103,23.2,2.5761,1.065,52.0,35.6,64.4,0.0,786.0,0.65,0.6844,0.5022,0.3556,2.0,120.0,240.0,0.781,0.484,3.0,1.001,0.769,-0.049,-0.1067,0.24,-0.179,0.169
C|N2|60m|level|XRPUSD,202,XRPUSD,C,2,60,60,level,primary,C|N2|60m|level,train,191.7,1,0.3515,0.0545,-1.0449,-1.0,0.0556,0.0188,0.00298,0.0774,-0.0229,11.0,-4.6,0.967,1.084,27.3,2.6215,1.421,49.5,35.1,64.9,0.0,996.0,0.57,0.6238,0.4653,0.3515,2.0,120.0,240.0,0.668,0.461,3.0,0.874,0.535,-0.222,-0.1386,0.2475,-0.2123,0.1803
C|N3|5m|oneshot|BTCUSD,1336,BTCUSD,C,3,5,5,oneshot,primary,C|N3|5m|oneshot,train,1206.4,1,0.3293,-0.003,-1.24,-1.0,0.3454,0.1171,0.00023,0.4627,-0.4657,-4.0,-622.2,0.525,0.996,622.2,0.4127,,51.2,33.2,66.8,0.0,109.0,3.79,0.6534,0.5045,0.3323,3.0,15.0,30.0,1.156,0.442,4.0,1.013,-0.076,-10.097,-0.0771,0.0689,-0.5521,-0.3786
C|N3|5m|oneshot|ETHUSD,1370,ETHUSD,C,3,5,5,oneshot,primary,C|N3|5m|oneshot,train,1266.2,1,0.3416,0.0248,-1.1459,-1.0,0.1944,0.0659,6e-05,0.2604,-0.2356,34.0,-322.8,0.718,1.038,323.9,0.699,10.493,51.3,34.2,65.8,0.1,101.0,3.88,0.6628,0.4949,0.3409,3.0,15.0,30.0,1.033,0.406,4.0,0.988,0.643,-5.606,-0.0474,0.0971,-0.3154,-0.155
C|N3|5m|oneshot|SOLUSD,1320,SOLUSD,C,3,5,5,oneshot,primary,C|N3|5m|oneshot,train,1271.6,1,0.3561,0.0682,-1.1165,-1.0,0.1499,0.0508,0.00035,0.2011,-0.1329,90.0,-175.4,0.828,1.106,179.8,0.8842,2.949,49.9,35.6,64.4,0.0,122.0,3.75,0.6674,0.5174,0.3561,3.0,15.0,30.0,1.188,0.418,4.0,1.058,1.73,-3.23,-0.0046,0.1477,-0.213,-0.0517
C|N3|5m|oneshot|XRPUSD,1363,XRPUSD,C,3,5,5,oneshot,primary,C|N3|5m|oneshot,train,1269.9,1,0.3441,0.0323,-1.128,-1.0,0.1799,0.061,0.00046,0.2413,-0.2091,44.0,-284.9,0.743,1.049,294.0,0.7776,7.476,48.9,34.4,65.6,0.0,119.0,3.87,0.6816,0.5062,0.3441,3.0,15.0,30.0,1.227,0.409,4.0,1.04,0.799,-5.128,-0.0448,0.1093,-0.2853,-0.1335
C|N3|5m|level|BTCUSD,952,BTCUSD,C,3,5,5,level,primary,C|N3|5m|level,train,785.6,1,0.3214,-0.0263,-1.1977,-1.0,0.2903,0.0984,0.00047,0.3892,-0.4155,-25.0,-395.5,0.556,0.961,393.7,0.5143,,49.6,32.5,67.5,0.0,148.0,2.7,0.6324,0.4926,0.3246,3.0,15.0,35.0,0.973,0.812,4.0,0.985,-0.535,-7.186,-0.1113,0.0588,-0.5175,-0.3114
C|N3|5m|level|ETHUSD,962,ETHUSD,C,3,5,5,level,primary,C|N3|5m|level,train,861.9,1,0.3711,0.1133,-1.0908,-1.0,0.1638,0.0555,0.00048,0.2198,-0.1065,109.0,-102.4,0.863,1.18,127.2,0.9313,1.94,48.9,37.1,62.9,0.1,173.0,2.73,0.6726,0.5114,0.3711,3.0,15.0,35.0,0.935,0.951,4.0,1.105,2.228,-1.846,0.0198,0.21,-0.2131,-0.0012
C|N3|5m|level|SOLUSD,1035,SOLUSD,C,3,5,5,level,primary,C|N3|5m|level,train,870.7,1,0.3749,0.1275,-1.0859,-1.0,0.1304,0.0442,0.00074,0.1753,-0.0478,132.0,-49.4,0.935,1.204,78.1,1.0977,1.375,51.5,37.6,62.4,0.0,169.0,2.94,0.6667,0.5188,0.3758,3.0,15.0,35.0,0.975,0.973,4.0,1.113,2.608,-0.921,0.0377,0.2174,-0.1429,0.0438
C|N3|5m|level|XRPUSD,996,XRPUSD,C,3,5,5,level,primary,C|N3|5m|level,train,916.9,1,0.3494,0.0482,-1.0955,-1.0,0.1509,0.0511,0.00031,0.2023,-0.1541,48.0,-153.5,0.803,1.074,171.7,0.9809,4.198,49.6,34.9,65.1,0.0,160.0,2.83,0.6737,0.501,0.3484,3.0,15.0,35.0,1.06,0.927,4.0,1.012,1.055,-3.228,-0.0392,0.1325,-0.2412,-0.0636
C|N3|15m|oneshot|BTCUSD,432,BTCUSD,C,3,15,15,oneshot,primary,C|N3|15m|oneshot,train,412.8,1,0.3634,0.0903,-1.112,-1.0,0.1836,0.0622,0.0011,0.2469,-0.1566,39.0,-67.7,0.803,1.142,101.4,0.7918,2.735,54.2,36.3,63.7,0.0,375.5,1.23,0.6921,0.5185,0.3634,3.0,45.0,90.0,1.034,0.378,4.0,1.093,1.28,-2.074,-0.0417,0.2292,-0.2946,-0.0057
C|N3|15m|oneshot|ETHUSD,525,ETHUSD,C,3,15,15,oneshot,primary,C|N3|15m|oneshot,train,468.3,1,0.3619,0.0857,-1.0794,-1.0,0.1089,0.0369,-0.00013,0.1457,-0.06,45.0,-31.5,0.918,1.134,47.6,1.3053,1.7,52.0,36.2,63.8,0.0,338.0,1.49,0.6857,0.5486,0.3619,3.0,45.0,90.0,0.968,0.395,4.0,1.189,1.203,-0.837,-0.0457,0.2229,-0.1913,0.0714
C|N3|15m|oneshot|SOLUSD,507,SOLUSD,C,3,15,15,oneshot,primary,C|N3|15m|oneshot,train,479.3,1,0.3511,0.0533,-1.0685,-1.0,0.0842,0.0285,0.00122,0.114,-0.0607,27.0,-30.8,0.916,1.082,63.8,1.6054,2.14,52.5,35.1,64.9,0.0,380.0,1.44,0.6824,0.5325,0.3511,3.0,45.0,90.0,1.138,0.363,4.0,1.185,0.819,-0.872,-0.0651,0.1777,-0.1906,0.0789
C|N3|15m|oneshot|XRPUSD,507,XRPUSD,C,3,15,15,oneshot,primary,C|N3|15m|oneshot,train,500.4,1,0.3235,-0.0296,-1.0721,-1.0,0.095,0.0322,0.00111,0.1283,-0.1579,-15.0,-80.0,0.793,0.956,90.7,1.4705,,47.9,32.3,67.7,0.0,365.0,1.44,0.6824,0.5069,0.3235,3.0,45.0,90.0,1.007,0.394,4.0,1.017,-0.563,-2.971,-0.1302,0.071,-0.2641,-0.0526
C|N3|15m|level|BTCUSD,364,BTCUSD,C,3,15,15,level,primary,C|N3|15m|level,train,364.0,1,0.3571,0.0714,-1.0931,-1.0,0.1512,0.0512,0.00091,0.2033,-0.1319,26.0,-48.0,0.829,1.111,58.6,1.0065,2.847,51.1,35.7,64.3,0.0,450.5,1.03,0.6621,0.5055,0.3544,3.0,45.0,105.0,0.94,0.771,4.0,1.027,1.004,-1.867,-0.0687,0.2115,-0.2682,0.0041
C|N3|15m|level|ETHUSD,432,ETHUSD,C,3,15,15,level,primary,C|N3|15m|level,train,408.3,1,0.3495,0.0486,-1.0643,-1.0,0.0952,0.0323,0.00033,0.1278,-0.0792,21.0,-34.2,0.892,1.075,50.5,1.5814,2.628,51.4,35.0,65.0,0.0,476.0,1.23,0.6921,0.5301,0.3472,3.0,45.0,105.0,0.891,0.761,3.0,1.125,0.634,-1.017,-0.0972,0.1946,-0.2169,0.0768
C|N3|15m|level|SOLUSD,467,SOLUSD,C,3,15,15,level,primary,C|N3|15m|level,train,411.6,1,0.3426,0.0278,-1.0598,-1.0,0.0738,0.025,0.00129,0.1001,-0.0722,13.0,-33.7,0.9,1.042,60.0,1.7963,3.595,54.2,34.3,65.7,0.0,442.0,1.33,0.666,0.5332,0.3426,3.0,45.0,105.0,0.952,0.572,4.0,1.192,0.375,-0.969,-0.1071,0.1692,-0.2028,0.0732
C|N3|15m|level|XRPUSD,448,XRPUSD,C,3,15,15,level,primary,C|N3|15m|level,train,423.3,1,0.3594,0.0781,-1.0537,-1.0,0.086,0.0292,0.00169,0.1169,-0.0387,35.0,-17.4,0.946,1.122,35.0,1.7029,1.496,51.1,35.9,64.1,0.0,449.5,1.27,0.6763,0.5179,0.3594,3.0,45.0,105.0,0.967,0.706,4.0,1.083,1.39,-0.711,-0.029,0.1853,-0.1475,0.0606
C|N3|60m|oneshot|BTCUSD,117,BTCUSD,C,3,60,60,oneshot,primary,C|N3|60m|oneshot,train,117.0,1,0.4017,0.2051,-1.0448,-1.0,0.0808,0.0274,0.0001,0.1082,0.0969,24.0,11.3,1.145,1.343,14.2,1.8177,0.528,47.9,40.2,59.8,0.0,1655.0,0.33,0.7607,0.5812,0.3846,3.0,180.0,360.0,1.241,0.45,3.0,1.293,1.657,0.749,-0.0256,0.4615,-0.1541,0.3629
C|N3|60m|oneshot|ETHUSD,162,ETHUSD,C,3,60,60,oneshot,primary,C|N3|60m|oneshot,train,157.7,1,0.3148,-0.0556,-1.0495,-1.0,0.054,0.0183,0.00038,0.0727,-0.1283,-9.0,-20.8,0.825,0.919,39.3,2.5508,,54.3,31.5,68.5,0.0,1163.0,0.46,0.6605,0.4877,0.3148,3.0,180.0,360.0,0.766,0.368,3.0,0.978,-0.469,-1.113,-0.2782,0.1852,-0.3512,0.0979
C|N3|60m|oneshot|SOLUSD,185,SOLUSD,C,3,60,60,oneshot,primary,C|N3|60m|oneshot,train,180.6,1,0.3027,-0.0919,-1.0483,-1.0,0.0487,0.0165,0.00234,0.0675,-0.1594,-17.0,-29.5,0.786,0.868,40.1,2.714,,49.7,30.3,69.7,0.0,753.0,0.54,0.6108,0.4595,0.3027,3.0,180.0,300.0,1.139,0.364,4.0,0.781,-0.933,-1.56,-0.2703,0.1027,-0.3578,0.0501
C|N3|60m|oneshot|XRPUSD,151,XRPUSD,C,3,60,60,oneshot,primary,C|N3|60m|oneshot,train,138.8,1,0.3576,0.0728,-1.0441,-1.0,0.0541,0.0184,0.00743,0.0799,-0.0071,11.0,-1.1,0.99,1.113,15.4,2.5824,1.097,48.3,35.8,64.2,0.0,1108.0,0.44,0.6821,0.5166,0.3576,3.0,180.0,300.0,0.782,0.417,4.0,1.167,0.629,-0.059,-0.1457,0.2914,-0.2227,0.2249
C|N3|60m|level|BTCUSD,88,BTCUSD,C,3,60,60,level,primary,C|N3|60m|level,train,88.0,1,0.4432,0.3295,-1.0005,-1.0,0.0681,0.0231,-0.00681,0.0843,0.2452,29.0,21.6,1.405,1.592,7.3,2.1002,0.256,54.5,44.3,55.7,0.0,2286.5,0.25,0.8182,0.6477,0.4205,3.0,180.0,420.0,0.964,0.914,3.0,1.458,2.296,1.662,0.0568,0.6031,-0.0283,0.5471
C|N3|60m|level|ETHUSD,174,ETHUSD,C,3,60,60,level,primary,C|N3|60m|level,train,166.7,1,0.3046,-0.0862,-1.0489,-1.0,0.0499,0.0169,0.00091,0.0677,-0.154,-15.0,-26.8,0.793,0.876,38.3,2.7963,,53.4,30.5,69.5,0.0,1321.5,0.5,0.6437,0.4943,0.3046,3.0,180.0,360.0,0.725,0.569,3.0,0.974,-0.842,-1.49,-0.2931,0.1207,-0.3509,0.0513
C|N3|60m|level|SOLUSD,179,SOLUSD,C,3,60,60,level,primary,C|N3|60m|level,train,179.0,1,0.324,-0.0279,-1.0422,-1.0,0.0456,0.0154,0.00313,0.0641,-0.0921,-5.0,-16.5,0.872,0.959,24.8,2.9399,,52.0,32.4,67.6,0.0,993.0,0.52,0.648,0.4749,0.3184,3.0,180.0,300.0,1.023,0.461,4.0,0.934,-0.319,-1.058,-0.1955,0.1401,-0.2602,0.0755
C|N3|60m|level|XRPUSD,136,XRPUSD,C,3,60,60,level,primary,C|N3|60m|level,train,126.0,1,0.375,0.125,-1.0327,-1.0,0.0441,0.0149,0.00623,0.0652,0.0598,17.0,8.1,1.089,1.2,12.5,3.0887,0.522,49.3,37.5,62.5,0.0,1445.5,0.39,0.6985,0.5147,0.3676,3.0,180.0,420.0,0.686,0.507,4.0,1.218,1.122,0.519,-0.0956,0.3235,-0.1626,0.2799
C|N5|5m|oneshot|BTCUSD,907,BTCUSD,C,5,5,5,oneshot,primary,C|N5|5m|oneshot,train,860.9,1,0.3219,-0.0309,-1.2035,-1.0,0.2602,0.0882,0.0006,0.349,-0.3799,-28.0,-344.6,0.584,0.954,347.7,0.5216,,49.9,32.3,67.7,0.0,156.0,2.57,0.6571,0.4906,0.323,5.0,25.0,45.0,1.332,0.436,6.0,0.966,-0.699,-8.113,-0.1136,0.0584,-0.4695,-0.2905
C|N5|5m|oneshot|ETHUSD,899,ETHUSD,C,5,5,5,oneshot,primary,C|N5|5m|oneshot,train,899.0,1,0.3604,0.0812,-1.0992,-1.0,0.1492,0.0506,0.00087,0.2006,-0.1194,73.0,-107.3,0.844,1.127,122.9,0.9423,2.471,51.9,36.0,64.0,0.0,170.0,2.55,0.6919,0.5239,0.3604,5.0,25.0,50.0,1.488,0.485,6.0,1.119,1.873,-2.595,-0.0022,0.168,-0.2074,-0.028
C|N5|5m|oneshot|SOLUSD,990,SOLUSD,C,5,5,5,oneshot,primary,C|N5|5m|oneshot,train,990.0,1,0.3323,-0.003,-1.096,-1.0,0.1245,0.0422,0.00062,0.1673,-0.1704,-3.0,-168.7,0.782,0.995,176.0,1.0727,,52.0,33.2,66.8,0.0,167.5,2.81,0.6576,0.4879,0.3323,5.0,25.0,50.0,1.566,0.423,6.0,0.964,-0.071,-3.994,-0.0909,0.0788,-0.2474,-0.084
C|N5|5m|oneshot|XRPUSD,958,XRPUSD,C,5,5,5,oneshot,primary,C|N5|5m|oneshot,train,958.0,1,0.3434,0.0303,-1.1058,-1.0,0.1427,0.0484,0.0005,0.1916,-0.1614,29.0,-154.6,0.794,1.046,166.1,0.9687,6.331,47.1,34.3,65.7,0.0,171.0,2.72,0.6639,0.4979,0.3434,5.0,25.0,45.0,1.529,0.477,6.0,0.984,0.68,-3.549,-0.0574,0.118,-0.2506,-0.0714
C|N5|5m|level|BTCUSD,594,BTCUSD,C,5,5,5,level,primary,C|N5|5m|level,train,527.1,1,0.3485,0.0505,-1.1238,-1.0,0.2099,0.0712,0.00142,0.2825,-0.232,30.0,-137.8,0.721,1.078,159.1,0.7127,5.594,50.0,35.0,65.0,0.0,234.5,1.69,0.6717,0.5135,0.3502,5.0,25.0,50.0,1.079,0.914,6.0,1.07,0.88,-3.866,-0.0556,0.1566,-0.3447,-0.1216
C|N5|5m|level|ETHUSD,622,ETHUSD,C,5,5,5,level,primary,C|N5|5m|level,train,613.4,1,0.3826,0.1479,-1.0701,-1.0,0.1155,0.0391,0.0013,0.1559,-0.008,92.0,-5.0,0.989,1.24,32.9,1.315,1.054,52.6,38.3,61.7,0.0,279.0,1.77,0.7106,0.5611,0.3826,5.0,25.0,55.0,1.234,1.061,6.0,1.278,2.672,-0.142,0.037,0.2588,-0.1194,0.1001
C|N5|5m|level|SOLUSD,746,SOLUSD,C,5,5,5,level,primary,C|N5|5m|level,train,696.7,1,0.3727,0.118,-1.0673,-1.0,0.1114,0.0378,0.00137,0.1506,-0.0326,88.0,-24.3,0.955,1.188,63.4,1.3763,1.276,51.3,37.3,62.7,0.0,239.0,2.11,0.6702,0.5188,0.3727,5.0,25.0,52.5,1.293,0.896,6.0,1.082,2.192,-0.592,0.0174,0.2225,-0.1417,0.0682
C|N5|5m|level|XRPUSD,778,XRPUSD,C,5,5,5,level,primary,C|N5|5m|level,train,706.3,1,0.3509,0.0527,-1.078,-1.0,0.1194,0.0405,1e-05,0.1599,-0.1072,41.0,-83.4,0.858,1.081,102.9,1.1998,3.034,49.2,35.1,64.9,0.0,237.0,2.21,0.6761,0.4923,0.3509,5.0,25.0,50.0,1.274,0.958,6.0,0.972,1.026,-1.951,-0.0437,0.1453,-0.2093,-0.0036
C|N5|15m|oneshot|BTCUSD,294,BTCUSD,C,5,15,15,oneshot,primary,C|N5|15m|oneshot,train,283.9,1,0.3265,-0.0204,-1.1216,-1.0,0.1489,0.0505,-0.00045,0.199,-0.2194,-6.0,-64.5,0.731,0.97,75.1,0.9223,,53.1,32.7,67.3,0.0,447.0,0.83,0.6429,0.4966,0.3231,5.0,75.0,150.0,1.337,0.482,6.0,0.989,-0.24,-2.445,-0.1837,0.1429,-0.3871,-0.0444
C|N5|15m|oneshot|ETHUSD,349,ETHUSD,C,5,15,15,oneshot,primary,C|N5|15m|oneshot,train,338.3,1,0.3524,0.0573,-1.0619,-1.0,0.0854,0.029,0.00047,0.1149,-0.0575,20.0,-20.1,0.92,1.088,36.7,1.6578,2.004,53.0,35.2,64.8,0.0,550.0,1.0,0.6648,0.5272,0.3524,5.0,75.0,135.0,1.233,0.505,6.0,1.16,0.737,-0.746,-0.0974,0.2034,-0.2018,0.0902
C|N5|15m|oneshot|SOLUSD,347,SOLUSD,C,5,15,15,oneshot,primary,C|N5|15m|oneshot,train,326.1,1,0.3458,0.0375,-1.0547,-1.0,0.0677,0.0229,0.00118,0.0918,-0.0544,13.0,-18.9,0.924,1.057,42.0,1.9823,2.451,54.2,34.6,65.4,0.0,523.0,0.98,0.6542,0.5072,0.3458,5.0,75.0,135.0,1.58,0.493,6.0,1.02,0.434,-0.63,-0.1268,0.2017,-0.2099,0.1117
C|N5|15m|oneshot|XRPUSD,332,XRPUSD,C,5,15,15,oneshot,primary,C|N5|15m|oneshot,train,310.8,1,0.3645,0.0934,-1.053,-1.0,0.0774,0.0262,0.00243,0.1061,-0.0127,31.0,-4.2,0.982,1.147,26.2,1.7904,1.136,51.5,36.4,63.6,0.0,589.0,0.94,0.7199,0.5452,0.3645,5.0,75.0,135.0,1.374,0.445,6.0,1.161,1.192,-0.159,-0.0512,0.238,-0.1638,0.1443
C|N5|15m|level|BTCUSD,254,BTCUSD,C,5,15,15,level,primary,C|N5|15m|level,train,230.2,1,0.3504,0.0512,-1.0884,-1.0,0.1182,0.0401,0.0014,0.1596,-0.1085,13.0,-27.6,0.857,1.079,39.0,1.1864,3.119,55.9,35.0,65.0,0.0,582.0,0.72,0.6535,0.4843,0.3465,5.0,75.0,150.0,1.229,0.951,6.0,0.961,0.576,-1.121,-0.1024,0.2283,-0.2805,0.0706
C|N5|15m|level|ETHUSD,294,ETHUSD,C,5,15,15,level,primary,C|N5|15m|level,train,273.2,1,0.3469,0.0408,-1.0518,-1.0,0.0691,0.0234,0.00029,0.0929,-0.0521,12.0,-15.3,0.927,1.062,37.5,2.0132,2.275,52.7,34.7,65.3,0.0,702.5,0.84,0.6905,0.5408,0.3435,5.0,75.0,165.0,1.178,0.898,6.0,1.133,0.471,-0.585,-0.1224,0.2041,-0.2286,0.1094
C|N5|15m|level|SOLUSD,339,SOLUSD,C,5,15,15,level,primary,C|N5|15m|level,train,339.0,1,0.3333,0.0,-1.0505,-1.0,0.064,0.0217,0.00125,0.087,-0.087,0.0,-29.5,0.88,1.0,46.8,2.2984,2074267920498414.8,51.3,33.3,66.7,0.0,651.0,0.96,0.6785,0.5251,0.3333,5.0,75.0,135.0,1.304,0.799,6.0,1.067,0.0,-1.158,-0.1416,0.1416,-0.2298,0.0648
C|N5|15m|level|XRPUSD,328,XRPUSD,C,5,15,15,level,primary,C|N5|15m|level,train,309.2,1,0.3598,0.0793,-1.0474,-1.0,0.0717,0.0243,0.00268,0.0987,-0.0194,26.0,-6.4,0.972,1.124,24.8,2.0333,1.245,51.5,36.0,64.0,0.0,620.0,0.93,0.7043,0.5427,0.3598,5.0,75.0,150.0,1.221,0.763,6.0,1.216,1.026,-0.24,-0.0671,0.2256,-0.1676,0.139
C|N5|60m|oneshot|BTCUSD,97,BTCUSD,C,5,60,60,oneshot,primary,C|N5|60m|oneshot,train,97.0,1,0.4433,0.3299,-1.0309,-1.0,0.0765,0.0259,0.00343,0.1058,0.2241,32.0,21.7,1.363,1.593,8.8,1.8474,0.321,45.4,44.3,55.7,0.0,1571.0,0.28,0.6495,0.567,0.4124,5.0,300.0,540.0,1.41,0.488,5.0,1.592,2.624,1.754,0.0825,0.5773,-0.0276,0.4635
C|N5|60m|oneshot|ETHUSD,107,ETHUSD,C,5,60,60,oneshot,primary,C|N5|60m|oneshot,train,107.0,1,0.2523,-0.243,-1.0429,-1.0,0.0421,0.0143,-0.00053,0.0559,-0.2989,-26.0,-32.0,0.621,0.675,37.7,3.2522,,62.6,25.2,74.8,0.0,1437.0,0.31,0.5981,0.3925,0.2523,5.0,300.0,540.0,0.96,0.502,5.0,0.674,-2.128,-2.669,-0.4673,-0.0187,-0.5159,-0.0765
C|N5|60m|oneshot|SOLUSD,108,SOLUSD,C,5,60,60,oneshot,primary,C|N5|60m|oneshot,train,108.0,1,0.3333,0.0,-1.0385,-1.0,0.1724,0.0584,0.00198,0.2328,-0.2328,0.0,-25.1,0.736,1.0,35.2,3.3099,,47.2,33.3,66.7,0.0,1406.0,0.31,0.6759,0.4907,0.3333,5.0,300.0,540.0,1.337,0.449,5.5,0.986,0.0,-0.982,-0.2222,0.25,-0.7801,0.1604
C|N5|60m|oneshot|XRPUSD,103,XRPUSD,C,5,60,60,oneshot,primary,C|N5|60m|oneshot,train,103.0,1,0.3495,0.0485,-1.0373,-1.0,0.0436,0.0148,0.00765,0.066,-0.0174,5.0,-1.8,0.975,1.075,11.6,3.1116,1.359,50.5,35.0,65.0,0.0,1360.0,0.3,0.7087,0.534,0.3495,5.0,300.0,540.0,0.932,0.41,6.0,1.129,0.464,-0.171,-0.1553,0.2524,-0.2208,0.1857
C|N5|60m|level|BTCUSD,90,BTCUSD,C,5,60,60,level,primary,C|N5|60m|level,train,88.7,1,0.4333,0.3,-1.0248,-1.0,0.0558,0.0189,0.00116,0.0759,0.2241,27.0,20.2,1.369,1.529,11.2,2.4492,0.253,45.6,43.3,56.7,0.0,1704.5,0.26,0.6444,0.5,0.4,5.0,300.0,660.0,1.167,0.857,6.0,1.052,2.033,1.519,0.0333,0.5667,-0.0598,0.5079
C|N5|60m|level|ETHUSD,103,ETHUSD,C,5,60,60,level,primary,C|N5|60m|level,train,103.0,1,0.2718,-0.1845,-1.042,-1.0,0.0377,0.0128,0.00085,0.0513,-0.2358,-19.0,-24.3,0.692,0.747,27.9,3.6309,,60.2,27.2,72.8,0.0,2015.0,0.29,0.6602,0.4272,0.2718,5.0,300.0,540.0,1.115,0.638,5.0,0.798,-1.646,-2.157,-0.3883,0.0485,-0.4414,-0.0279
C|N5|60m|level|SOLUSD,116,SOLUSD,C,5,60,60,level,primary,C|N5|60m|level,train,116.0,1,0.3017,-0.0948,-1.0392,-1.0,0.0844,0.0286,0.00405,0.1171,-0.2119,-11.0,-24.6,0.735,0.864,34.6,3.4893,,50.9,30.2,69.8,0.9,1580.0,0.33,0.681,0.5,0.3017,5.0,300.0,480.0,1.437,0.657,6.0,1.058,-0.797,-1.385,-0.3276,0.1379,-0.5165,0.0654
C|N5|60m|level|XRPUSD,108,XRPUSD,C,5,60,60,level,primary,C|N5|60m|level,train,108.0,1,0.3704,0.1111,-1.0314,-1.0,0.0404,0.0137,0.01004,0.0641,0.047,12.0,5.1,1.07,1.176,11.1,3.303,0.577,49.1,37.0,63.0,0.0,1582.5,0.31,0.7222,0.5463,0.3611,5.0,300.0,540.0,0.964,0.442,6.0,1.165,1.044,0.414,-0.1111,0.3056,-0.1784,0.2718
C|N8|5m|oneshot|BTCUSD,563,BTCUSD,C,8,5,5,oneshot,primary,C|N8|5m|oneshot,train,552.5,1,0.341,0.0231,-1.1368,-1.0,0.2249,0.0762,0.00068,0.3018,-0.2787,13.0,-156.9,0.678,1.035,169.7,0.6675,13.07,49.4,34.1,65.9,0.0,240.0,1.6,0.6661,0.4973,0.341,8.0,40.0,75.0,1.916,0.453,10.0,0.987,0.419,-4.442,-0.0835,0.135,-0.4005,-0.1557
C|N8|5m|oneshot|ETHUSD,598,ETHUSD,C,8,5,5,oneshot,primary,C|N8|5m|oneshot,train,510.9,1,0.3729,0.1187,-1.0802,-1.0,0.114,0.0387,0.00077,0.1535,-0.0347,71.0,-20.8,0.952,1.189,55.7,1.2049,1.292,52.3,37.3,62.7,0.0,270.5,1.7,0.6823,0.5167,0.3729,8.0,40.0,75.0,2.035,0.521,9.0,1.045,1.786,-0.523,0.0033,0.2391,-0.1505,0.0907
C|N8|5m|oneshot|SOLUSD,688,SOLUSD,C,8,5,5,oneshot,primary,C|N8|5m|oneshot,train,665.3,1,0.3401,0.0203,-1.0811,-1.0,0.1017,0.0345,0.00078,0.137,-0.1166,14.0,-80.2,0.845,1.031,118.0,1.372,6.731,53.1,34.0,66.0,0.0,265.5,1.95,0.6526,0.4898,0.3401,8.0,40.0,70.0,2.041,0.467,9.5,0.966,0.357,-2.013,-0.093,0.1294,-0.2252,-0.0062
C|N8|5m|oneshot|XRPUSD,593,XRPUSD,C,8,5,5,oneshot,primary,C|N8|5m|oneshot,train,593.0,1,0.3322,-0.0034,-1.0777,-1.0,0.1076,0.0365,0.00067,0.1447,-0.1481,-2.0,-87.8,0.806,0.995,97.1,1.32,,49.7,33.2,66.8,0.0,258.0,1.68,0.6796,0.5143,0.3322,8.0,40.0,75.0,2.013,0.431,9.0,1.033,-0.067,-2.886,-0.0995,0.0927,-0.2452,-0.0446
C|N8|5m|level|BTCUSD,400,BTCUSD,C,8,5,5,level,primary,C|N8|5m|level,train,370.4,1,0.3325,-0.0025,-1.0968,-1.0,0.2404,0.0815,-0.00342,0.3184,-0.3209,-1.0,-128.4,0.647,0.996,140.3,0.9402,,50.5,33.2,66.8,0.0,375.0,1.14,0.6625,0.4775,0.33,8.0,40.0,85.0,1.626,1.161,11.0,0.95,-0.034,-2.506,-0.1452,0.1325,-0.5826,-0.1106
C|N8|5m|level|ETHUSD,471,ETHUSD,C,8,5,5,level,primary,C|N8|5m|level,train,459.8,1,0.3355,0.0064,-1.0646,-1.0,0.0898,0.0304,0.00053,0.1207,-0.1143,3.0,-53.9,0.846,1.01,74.7,1.5615,18.952,52.4,33.5,66.5,0.0,345.0,1.34,0.6582,0.4692,0.3333,8.0,40.0,85.0,1.352,1.209,9.0,0.918,0.091,-1.754,-0.1274,0.1401,-0.2345,0.015
C|N8|5m|level|SOLUSD,573,SOLUSD,C,8,5,5,level,primary,C|N8|5m|level,train,496.5,1,0.3525,0.0576,-1.0582,-1.0,0.0834,0.0283,0.0004,0.112,-0.0544,33.0,-31.2,0.924,1.089,61.0,1.6609,1.945,52.0,35.3,64.7,0.0,373.0,1.62,0.6667,0.5113,0.3525,8.0,40.0,75.0,1.567,0.877,10.0,1.038,0.856,-0.81,-0.0628,0.1832,-0.1752,0.0646
C|N8|5m|level|XRPUSD,524,XRPUSD,C,8,5,5,level,primary,C|N8|5m|level,train,477.9,1,0.334,0.0076,-1.0658,-1.0,0.1318,0.0447,0.00098,0.1774,-0.1698,4.0,-89.0,0.786,1.011,94.5,1.5315,23.244,49.4,33.6,66.4,0.0,347.5,1.49,0.6718,0.4866,0.3359,8.0,40.0,85.0,1.449,1.049,9.0,0.933,0.138,-2.136,-0.0954,0.1107,-0.3347,-0.0356
C|N8|15m|oneshot|BTCUSD,162,BTCUSD,C,8,15,15,oneshot,primary,C|N8|15m|oneshot,train,149.9,1,0.4259,0.2778,-1.0494,-1.0,0.115,0.039,0.00249,0.1564,0.1213,45.0,19.7,1.182,1.484,21.0,1.2446,0.563,50.6,42.6,57.4,0.0,1002.5,0.46,0.7407,0.5556,0.4136,8.0,120.0,225.0,2.382,0.552,10.0,1.44,2.349,0.975,0.0741,0.5005,-0.1067,0.3539
C|N8|15m|oneshot|ETHUSD,256,ETHUSD,C,8,15,15,oneshot,primary,C|N8|15m|oneshot,train,244.4,1,0.3438,0.0312,-1.0593,-1.0,0.069,0.0234,-0.00063,0.0918,-0.0606,8.0,-15.5,0.916,1.048,41.1,1.9628,2.938,55.9,34.4,65.6,0.0,669.0,0.73,0.6875,0.5391,0.3398,8.0,120.0,225.0,1.541,0.476,9.0,1.108,0.295,-0.572,-0.1565,0.2422,-0.2622,0.1479
C|N8|15m|oneshot|SOLUSD,232,SOLUSD,C,8,15,15,oneshot,primary,C|N8|15m|oneshot,train,227.4,1,0.3578,0.0733,-1.0426,-1.0,0.0545,0.0185,0.00094,0.0739,-0.0006,17.0,-0.1,0.999,1.114,30.8,2.5471,1.009,47.4,35.8,64.2,0.0,750.5,0.66,0.7155,0.5345,0.3534,8.0,120.0,195.0,2.114,0.583,10.0,1.174,0.754,-0.007,-0.1078,0.2546,-0.1842,0.1896
C|N8|15m|oneshot|XRPUSD,236,XRPUSD,C,8,15,15,oneshot,primary,C|N8|15m|oneshot,train,224.6,1,0.3898,0.1695,-1.0466,-1.0,0.0647,0.0219,0.00583,0.0925,0.077,40.0,18.2,1.115,1.278,16.1,2.1091,0.546,52.5,39.0,61.0,0.0,817.0,0.67,0.7034,0.5381,0.3898,8.0,120.0,180.0,1.526,0.466,9.0,1.196,1.814,0.827,-0.0085,0.3475,-0.0977,0.2583
C|N8|15m|level|BTCUSD,183,BTCUSD,C,8,15,15,level,primary,C|N8|15m|level,train,176.9,1,0.4426,0.3279,-1.0283,-1.0,0.095,0.0322,-0.00039,0.1268,0.201,60.0,36.8,1.322,1.588,11.1,1.6435,0.387,53.0,44.3,55.7,0.0,1362.0,0.52,0.7213,0.5792,0.4372,8.0,120.0,255.0,1.567,1.443,10.0,1.54,3.251,1.98,0.1311,0.5246,0.0087,0.396
C|N8|15m|level|ETHUSD,237,ETHUSD,C,8,15,15,level,primary,C|N8|15m|level,train,207.7,1,0.3544,0.0633,-1.0465,-1.0,0.0598,0.0203,-0.00066,0.0795,-0.0162,15.0,-3.8,0.977,1.098,22.8,2.3273,1.256,52.3,35.4,64.6,0.0,763.0,0.68,0.6878,0.5485,0.3502,8.0,120.0,225.0,1.15,0.965,9.0,1.129,0.593,-0.143,-0.1266,0.2658,-0.2226,0.1994
C|N8|15m|level|SOLUSD,272,SOLUSD,C,8,15,15,level,primary,C|N8|15m|level,train,262.7,1,0.3235,-0.0294,-1.0423,-1.0,0.05,0.017,0.00165,0.0686,-0.0981,-8.0,-26.7,0.864,0.957,47.1,2.768,,51.1,32.4,67.6,0.0,819.5,0.77,0.6765,0.4853,0.3235,8.0,120.0,195.0,1.895,0.86,10.0,0.943,-0.335,-1.108,-0.1949,0.136,-0.2665,0.0697
C|N8|15m|level|XRPUSD,227,XRPUSD,C,8,15,15,level,primary,C|N8|15m|level,train,206.5,1,0.3392,0.0176,-1.0463,-1.0,0.0603,0.0204,0.00165,0.0824,-0.0647,4.0,-14.7,0.91,1.027,35.0,2.4937,4.674,50.7,33.9,66.1,0.0,851.0,0.65,0.696,0.511,0.3392,8.0,120.0,180.0,1.406,0.742,9.0,1.055,0.176,-0.658,-0.1545,0.2159,-0.2393,0.1245
C|N8|60m|oneshot|BTCUSD,78,BTCUSD,C,8,60,60,oneshot,primary,C|N8|60m|oneshot,train,77.6,1,0.4487,0.3462,-1.018,-1.0,0.062,0.021,0.00116,0.0842,0.2619,27.0,20.4,1.44,1.628,7.6,2.0972,0.243,43.6,44.9,55.1,0.0,1705.0,0.22,0.7179,0.5897,0.4487,8.0,480.0,900.0,1.418,0.351,10.0,1.698,2.504,1.865,0.0769,0.6154,-0.0115,0.5357
C|N8|60m|oneshot|ETHUSD,62,ETHUSD,C,8,60,60,oneshot,primary,C|N8|60m|oneshot,train,60.1,1,0.3226,-0.0323,-1.0369,-1.0,0.04,0.0135,0.0077,0.0612,-0.0935,-2.0,-5.8,0.87,0.952,10.8,3.5928,,54.8,32.3,67.7,0.0,1923.5,0.18,0.6935,0.5645,0.3226,8.0,480.0,900.0,1.079,0.375,9.0,1.16,-0.236,-0.68,-0.2742,0.2581,-0.3458,0.1581
C|N8|60m|oneshot|SOLUSD,53,SOLUSD,C,8,60,60,oneshot,primary,C|N8|60m|oneshot,train,53.0,1,0.3585,0.0755,-1.0335,-1.0,0.0326,0.0111,0.00449,0.0482,0.0273,4.0,1.4,1.041,1.118,11.0,3.9655,0.638,52.8,35.8,64.2,0.0,2718.0,0.16,0.7736,0.566,0.3585,8.0,480.0,840.0,1.598,0.552,7.0,1.401,0.442,0.154,-0.209,0.4151,-0.3153,0.3717
C|N8|60m|oneshot|XRPUSD,64,XRPUSD,C,8,60,60,oneshot,primary,C|N8|60m|oneshot,train,64.0,1,0.4375,0.3125,-1.0285,-1.0,0.0381,0.0129,0.00838,0.0593,0.2532,20.0,16.2,1.43,1.556,7.3,3.4089,0.19,53.1,43.8,56.2,0.0,1784.5,0.19,0.6406,0.5312,0.4219,8.0,480.0,840.0,1.084,0.424,9.0,1.413,2.085,1.702,0.0312,0.5938,-0.0278,0.5327
C|N8|60m|level|BTCUSD,65,BTCUSD,C,8,60,60,level,primary,C|N8|60m|level,train,60.8,1,0.4308,0.2923,-1.0115,-1.0,0.0455,0.0154,0.00621,0.0672,0.2252,19.0,14.6,1.373,1.514,8.6,2.9697,0.23,44.6,43.1,56.9,0.0,3107.0,0.19,0.6615,0.5231,0.3846,8.0,480.0,900.0,1.274,0.873,10.0,1.115,1.666,1.233,-0.0308,0.6154,-0.1105,0.5738
C|N8|60m|level|ETHUSD,70,ETHUSD,C,8,60,60,level,primary,C|N8|60m|level,train,70.0,1,0.3143,-0.0571,-1.0327,-1.0,0.0353,0.012,0.00623,0.0535,-0.1106,-4.0,-7.7,0.847,0.917,12.4,3.9148,,58.6,31.4,68.6,0.0,1923.5,0.2,0.6714,0.5429,0.3143,8.0,480.0,900.0,0.973,0.538,9.0,1.131,-0.523,-0.998,-0.2714,0.1571,-0.3251,0.105
C|N8|60m|level|SOLUSD,65,SOLUSD,C,8,60,60,level,primary,C|N8|60m|level,train,65.0,1,0.4,0.2,-1.0317,-1.0,0.0323,0.011,0.00497,0.0482,0.1518,13.0,9.9,1.242,1.333,8.6,4.0543,0.241,55.4,40.0,60.0,0.0,2471.0,0.19,0.7692,0.5846,0.4,8.0,480.0,840.0,1.755,0.591,8.0,1.537,1.183,0.902,-0.1231,0.5231,-0.1706,0.4784
C|N8|60m|level|XRPUSD,70,XRPUSD,C,8,60,60,level,primary,C|N8|60m|level,train,68.0,1,0.4286,0.2857,-1.0284,-1.0,0.0348,0.0118,0.0095,0.0562,0.2296,20.0,16.1,1.384,1.5,8.0,3.9585,0.197,47.1,42.9,57.1,0.0,2144.0,0.2,0.7,0.5857,0.4143,8.0,480.0,810.0,1.132,0.554,9.5,1.603,1.805,1.44,-0.0143,0.6286,-0.067,0.5302
D|N2|5m|oneshot|BTCUSD,1385,BTCUSD,D,2,5,5,oneshot,primary,D|N2|5m|oneshot,train,1283.4,1,0.2982,-0.0989,-1.2867,-1.0,0.3744,0.1269,4e-05,0.5013,-0.6003,-137.0,-831.4,0.428,0.859,840.2,0.392,,51.0,30.0,70.0,0.0,85.0,3.95,0.6383,0.4686,0.2996,2.0,10.0,20.0,0.749,0.515,3.0,0.857,-2.652,-14.21,-0.1704,-0.0296,-0.6804,-0.5239
D|N2|5m|oneshot|ETHUSD,1395,ETHUSD,D,2,5,5,oneshot,primary,D|N2|5m|oneshot,train,1380.7,1,0.3398,0.0194,-1.1575,-1.0,0.2143,0.0727,0.00026,0.2872,-0.2679,27.0,-373.7,0.683,1.029,373.8,0.6251,14.841,49.7,34.0,66.0,0.0,85.0,3.95,0.6767,0.5197,0.3398,2.0,10.0,20.0,0.649,0.445,3.0,1.076,0.502,-6.89,-0.0559,0.0925,-0.3397,-0.1933
D|N2|5m|oneshot|SOLUSD,1707,SOLUSD,D,2,5,5,oneshot,primary,D|N2|5m|oneshot,train,1707.0,1,0.3462,0.0387,-1.1407,-1.0,0.1904,0.0645,-0.00014,0.2548,-0.2162,66.0,-369.0,0.736,1.059,374.0,0.7192,6.59,50.0,34.6,65.4,0.0,86.0,4.84,0.6649,0.5126,0.3462,2.0,10.0,20.0,0.682,0.445,3.0,1.049,1.156,-6.117,-0.0281,0.1054,-0.2833,-0.146
D|N2|5m|oneshot|XRPUSD,1629,XRPUSD,D,2,5,5,oneshot,primary,D|N2|5m|oneshot,train,1478.9,1,0.3247,-0.0221,-1.1557,-1.0,0.2154,0.073,-0.00083,0.2876,-0.3097,-36.0,-504.5,0.645,0.967,506.1,0.6583,,50.5,32.6,67.4,0.0,88.0,4.62,0.6618,0.4985,0.326,2.0,10.0,20.0,0.727,0.465,3.0,0.997,-0.604,-8.005,-0.0921,0.0461,-0.3788,-0.2343
D|N2|5m|level|BTCUSD,1334,BTCUSD,D,2,5,5,level,primary,D|N2|5m|level,train,1334.0,1,0.2939,-0.0262,-1.2321,-1.0,2.409,0.8166,-5e-05,3.2255,-3.2517,-35.0,-4337.8,0.119,0.961,4337.7,0.414,,51.9,32.5,67.5,1.8,76.0,3.8,0.6079,0.4828,0.3238,2.0,10.0,30.0,1.002,0.39,4.0,1.019,-0.725,-5.132,-0.1004,0.0435,-4.5444,-2.0834
D|N2|5m|level|ETHUSD,1324,ETHUSD,D,2,5,5,level,primary,D|N2|5m|level,train,1324.0,1,0.3406,0.0718,-1.1282,-1.0,0.7046,0.2388,2e-05,0.9434,-0.8717,95.0,-1154.1,0.396,1.112,1159.6,0.711,13.149,50.4,35.7,64.3,1.4,93.5,3.76,0.6586,0.5151,0.3565,2.0,10.0,30.0,0.955,0.4,4.0,1.162,1.72,-6.706,-0.0053,0.1534,-1.144,-0.6266
D|N2|5m|level|SOLUSD,1782,SOLUSD,D,2,5,5,level,primary,D|N2|5m|level,train,1782.0,1,0.3227,0.0269,-1.1273,-1.0,0.9626,0.3263,0.00017,1.2891,-1.2622,48.0,-2249.2,0.301,1.041,2247.9,0.7321,47.859,50.1,34.2,65.8,1.5,63.0,5.05,0.6369,0.486,0.3423,2.0,10.0,30.0,0.927,0.222,4.0,1.027,0.805,-4.85,-0.0354,0.0926,-1.8242,-0.8146
D|N2|5m|level|XRPUSD,1695,XRPUSD,D,2,5,5,level,primary,D|N2|5m|level,train,1695.0,1,0.3044,-0.0283,-1.1292,-1.0,0.6218,0.2108,-0.00037,0.8323,-0.8606,-48.0,-1458.7,0.372,0.958,1471.0,0.6894,,50.3,32.4,67.6,0.9,75.0,4.81,0.6431,0.472,0.3239,2.0,10.0,30.0,0.949,0.332,4.0,0.94,-0.849,-9.171,-0.092,0.0389,-1.0486,-0.6875
D|N2|15m|oneshot|BTCUSD,485,BTCUSD,D,2,15,15,oneshot,primary,D|N2|15m|oneshot,train,451.5,1,0.332,-0.0041,-1.1659,-1.0,0.222,0.0753,0.00129,0.2986,-0.3027,-2.0,-146.8,0.653,0.994,153.0,0.6544,,48.0,33.2,66.8,0.0,256.0,1.38,0.6763,0.4907,0.3299,2.0,30.0,60.0,0.649,0.419,3.0,0.961,-0.064,-4.433,-0.1216,0.1196,-0.428,-0.1731
D|N2|15m|oneshot|ETHUSD,603,ETHUSD,D,2,15,15,oneshot,primary,D|N2|15m|oneshot,train,578.4,1,0.325,-0.0249,-1.1027,-1.0,0.1238,0.042,3e-05,0.1658,-0.1907,-15.0,-115.0,0.758,0.963,122.7,1.1061,,50.4,32.5,67.5,0.0,248.0,1.72,0.6517,0.4925,0.325,2.0,30.0,60.0,0.568,0.417,3.0,0.983,-0.417,-3.071,-0.1393,0.0945,-0.3069,-0.0707
D|N2|15m|oneshot|SOLUSD,537,SOLUSD,D,2,15,15,oneshot,primary,D|N2|15m|oneshot,train,506.8,1,0.3631,0.0894,-1.0788,-1.0,0.098,0.0332,-0.00029,0.131,-0.0416,48.0,-22.3,0.943,1.14,61.6,1.3244,1.465,52.7,36.3,63.7,0.0,288.0,1.52,0.7169,0.5475,0.3631,2.0,30.0,60.0,0.699,0.428,3.0,1.29,1.327,-0.591,-0.0391,0.2235,-0.1749,0.0912
D|N2|15m|oneshot|XRPUSD,598,XRPUSD,D,2,15,15,oneshot,primary,D|N2|15m|oneshot,train,551.0,1,0.3612,0.0836,-1.0793,-1.0,0.1192,0.0404,6e-05,0.1597,-0.0761,50.0,-45.5,0.897,1.131,49.3,1.1715,1.91,48.2,36.1,63.9,0.0,271.0,1.7,0.6656,0.5017,0.3612,2.0,30.0,60.0,0.685,0.416,3.0,1.006,1.314,-1.18,-0.0318,0.204,-0.193,0.046
D|N2|15m|level|BTCUSD,446,BTCUSD,D,2,15,15,level,primary,D|N2|15m|level,train,446.0,1,0.3408,0.083,-1.1025,-1.0,0.7605,0.2578,0.0063,1.0246,-0.9417,37.0,-420.0,0.381,1.13,439.5,0.7718,12.351,53.1,36.1,63.9,0.4,227.5,1.29,0.6839,0.5314,0.3587,2.0,30.0,75.0,0.972,0.273,4.0,1.123,1.236,-2.863,-0.0448,0.2175,-1.6738,-0.4169
D|N2|15m|level|ETHUSD,602,ETHUSD,D,2,15,15,level,primary,D|N2|15m|level,train,602.0,1,0.3206,0.0066,-1.0797,-1.0,0.3453,0.1171,0.00168,0.464,-0.4574,4.0,-275.3,0.556,1.01,282.2,1.158,69.837,53.5,33.6,66.4,0.3,213.5,1.71,0.6379,0.4917,0.3339,2.0,30.0,75.0,0.829,0.154,4.0,0.992,0.114,-3.957,-0.103,0.1213,-0.7032,-0.2565
D|N2|15m|level|SOLUSD,714,SOLUSD,D,2,15,15,level,primary,D|N2|15m|level,train,714.0,1,0.3431,0.0588,-1.0678,-1.0,0.5554,0.1883,0.00158,0.7452,-0.6864,42.0,-490.1,0.474,1.091,508.6,1.4907,12.668,51.4,35.3,64.7,0.3,214.5,2.03,0.7045,0.5308,0.3529,2.0,30.0,75.0,0.893,0.13,4.0,1.128,1.278,-2.095,-0.0294,0.1471,-1.4149,-0.2042
D|N2|15m|level|XRPUSD,696,XRPUSD,D,2,15,15,level,primary,D|N2|15m|level,train,696.0,1,0.3204,-0.0345,-1.074,-1.0,0.4578,0.1552,-0.00202,0.6109,-0.6454,-24.0,-449.2,0.466,0.949,455.8,1.2984,,49.0,32.2,67.8,1.7,209.0,1.98,0.6523,0.4885,0.3218,2.0,30.0,75.0,0.991,0.045,4.0,1.023,-0.646,-4.556,-0.1379,0.0733,-0.9384,-0.3886
D|N2|60m|oneshot|BTCUSD,149,BTCUSD,D,2,60,60,oneshot,primary,D|N2|60m|oneshot,train,149.0,1,0.349,0.047,-1.0746,-1.0,0.0975,0.033,0.00723,0.1378,-0.0908,7.0,-13.5,0.877,1.072,26.3,1.453,2.932,54.4,34.9,65.1,0.0,1030.0,0.43,0.6107,0.5034,0.3423,2.0,120.0,240.0,0.592,0.462,2.0,1.002,0.442,-0.837,-0.1544,0.2685,-0.2965,0.1282
D|N2|60m|oneshot|ETHUSD,173,ETHUSD,D,2,60,60,oneshot,primary,D|N2|60m|oneshot,train,169.3,1,0.3468,0.0405,-1.052,-1.0,0.0641,0.0217,-0.00383,0.0819,-0.0415,7.0,-7.2,0.942,1.062,30.7,2.038,2.025,49.7,34.7,65.3,0.0,781.0,0.49,0.6879,0.5145,0.341,2.0,120.0,240.0,0.573,0.469,3.0,1.037,0.367,-0.368,-0.1503,0.2486,-0.2504,0.1871
D|N2|60m|oneshot|SOLUSD,166,SOLUSD,D,2,60,60,oneshot,primary,D|N2|60m|oneshot,train,162.6,1,0.3735,0.1205,-1.0455,-1.0,0.0553,0.0188,-0.00015,0.0739,0.0465,20.0,7.7,1.069,1.192,10.6,2.405,0.614,48.2,37.3,62.7,0.0,818.5,0.49,0.6928,0.5301,0.3735,2.0,120.0,240.0,0.733,0.449,3.0,1.154,1.191,0.476,-0.0783,0.3193,-0.1357,0.246
D|N2|60m|oneshot|XRPUSD,159,XRPUSD,D,2,60,60,oneshot,primary,D|N2|60m|oneshot,train,159.0,1,0.3459,0.0377,-1.0432,-1.0,0.0557,0.0189,0.00215,0.0768,-0.039,6.0,-6.2,0.945,1.058,21.5,2.3534,2.035,51.6,34.6,65.4,0.0,1046.0,0.46,0.6164,0.4843,0.3459,2.0,120.0,240.0,0.605,0.423,3.0,0.842,0.398,-0.409,-0.1509,0.2264,-0.2264,0.1516
D|N2|60m|level|BTCUSD,182,BTCUSD,D,2,60,60,level,primary,D|N2|60m|level,train,181.1,1,0.3187,-0.0275,-1.0569,-1.0,0.1652,0.056,-0.00617,0.2151,-0.2426,-5.0,-44.1,0.709,0.959,58.3,1.6008,,56.0,32.4,67.6,0.0,997.5,0.52,0.6538,0.5055,0.3132,2.0,120.0,300.0,1.068,0.476,3.0,1.021,-0.306,-2.264,-0.2088,0.1538,-0.451,-0.0395
D|N2|60m|level|ETHUSD,330,ETHUSD,D,2,60,60,level,primary,D|N2|60m|level,train,330.0,1,0.3333,0.0182,-1.0531,-1.0,0.3622,0.1228,-3e-05,0.4849,-0.4668,6.0,-154.0,0.568,1.028,169.3,1.8258,26.672,57.9,33.9,66.1,0.9,456.5,0.94,0.6879,0.5152,0.3364,2.0,120.0,300.0,0.888,-0.841,3.0,1.108,0.234,-2.349,-0.1273,0.1727,-0.8897,-0.1384
D|N2|60m|level|SOLUSD,355,SOLUSD,D,2,60,60,level,primary,D|N2|60m|level,train,355.0,1,0.3408,0.031,-1.048,-1.0,0.6475,0.2195,0.00226,0.8692,-0.8382,11.0,-297.6,0.422,1.047,305.5,2.0553,28.052,48.7,34.4,65.6,0.0,358.0,1.02,0.6986,0.5211,0.3437,2.0,120.0,300.0,0.923,-0.862,4.0,1.118,0.433,-1.267,-0.1042,0.1746,-2.2655,-0.0551
D|N2|60m|level|XRPUSD,307,XRPUSD,D,2,60,60,level,primary,D|N2|60m|level,train,307.0,1,0.3648,0.1238,-1.0454,-1.0,0.2765,0.0937,0.00041,0.3707,-0.2469,38.0,-75.8,0.732,1.198,98.6,2.0652,2.995,47.9,37.5,62.5,1.0,425.0,0.88,0.6417,0.5049,0.3713,2.0,120.0,300.0,0.873,-1.05,4.0,1.071,1.628,-1.81,-0.0326,0.2704,-0.5359,0.0041
D|N3|5m|oneshot|BTCUSD,1041,BTCUSD,D,3,5,5,oneshot,primary,D|N3|5m|oneshot,train,870.1,1,0.316,-0.0432,-1.2327,-1.0,0.3288,0.1114,-0.00025,0.44,-0.4832,-45.0,-503.0,0.506,0.937,512.0,0.4571,,50.7,31.9,68.1,0.0,117.0,2.95,0.6705,0.4957,0.3189,3.0,15.0,30.0,0.9,0.53,4.0,0.984,-0.862,-8.28,-0.1268,0.0461,-0.5855,-0.3752
D|N3|5m|oneshot|ETHUSD,1158,ETHUSD,D,3,5,5,oneshot,primary,D|N3|5m|oneshot,train,1128.3,1,0.3446,0.0337,-1.1453,-1.0,0.1914,0.0649,0.00038,0.2567,-0.223,39.0,-258.3,0.73,1.051,260.9,0.7218,7.622,50.4,34.5,65.5,0.1,118.0,3.28,0.6813,0.4983,0.3446,3.0,15.0,30.0,0.776,0.48,4.0,0.995,0.8,-5.046,-0.0466,0.1166,-0.3135,-0.1396
D|N3|5m|oneshot|SOLUSD,1296,SOLUSD,D,3,5,5,oneshot,primary,D|N3|5m|oneshot,train,1296.0,1,0.3503,0.0509,-1.1177,-1.0,0.1568,0.0532,-0.00053,0.2095,-0.1585,66.0,-205.5,0.798,1.078,209.1,0.8649,4.113,48.7,35.0,65.0,0.0,120.0,3.67,0.6744,0.5154,0.3503,3.0,15.0,30.0,0.774,0.515,4.0,1.046,1.357,-4.186,-0.0208,0.125,-0.2317,-0.083
D|N3|5m|oneshot|XRPUSD,1162,XRPUSD,D,3,5,5,oneshot,primary,D|N3|5m|oneshot,train,1153.3,1,0.3408,0.0224,-1.1293,-1.0,0.181,0.0614,-0.00087,0.2415,-0.2192,26.0,-254.7,0.733,1.034,269.6,0.7761,10.795,48.6,34.1,65.9,0.0,112.0,3.3,0.6558,0.4948,0.3408,3.0,15.0,25.0,0.951,0.5,4.0,0.987,0.613,-5.793,-0.0499,0.0921,-0.2905,-0.1462
D|N3|5m|level|BTCUSD,1109,BTCUSD,D,3,5,5,level,primary,D|N3|5m|level,train,1109.0,1,0.2678,-0.0289,-1.2271,-1.0,2.3149,0.7847,0.00074,3.1004,-3.1292,-32.0,-3470.3,0.118,0.957,3475.1,0.4275,,53.2,32.4,67.6,2.1,87.0,3.21,0.6438,0.5032,0.3237,3.0,15.0,40.0,1.169,-0.055,6.0,1.147,-0.678,-5.413,-0.1073,0.0577,-4.3272,-2.1458
D|N3|5m|level|ETHUSD,1271,ETHUSD,D,3,5,5,level,primary,D|N3|5m|level,train,1271.0,1,0.3234,0.0409,-1.1195,-1.0,0.6907,0.2342,0.00038,0.9253,-0.8844,52.0,-1124.0,0.38,1.063,1130.8,0.7421,22.616,52.7,34.7,65.3,1.6,92.0,3.61,0.6475,0.4925,0.3462,3.0,15.0,40.0,1.054,0.142,5.0,1.054,0.957,-7.204,-0.0417,0.1259,-1.1469,-0.6569
D|N3|5m|level|SOLUSD,1307,SOLUSD,D,3,5,5,level,primary,D|N3|5m|level,train,1307.0,1,0.3252,0.0214,-1.1022,-1.0,0.9018,0.3057,0.00066,1.2081,-1.1867,28.0,-1551.0,0.321,1.032,1549.7,0.9179,56.393,49.4,34.0,66.0,1.5,87.0,3.71,0.6266,0.4828,0.3405,3.0,15.0,35.0,1.169,0.3,5.0,1.036,0.564,-3.742,-0.052,0.0995,-1.8644,-0.6531
D|N3|5m|level|XRPUSD,1134,XRPUSD,D,3,5,5,level,primary,D|N3|5m|level,train,1134.0,1,0.328,0.0476,-1.0989,-1.0,0.6428,0.2179,0.00017,0.8608,-0.8132,54.0,-922.1,0.405,1.073,927.6,0.8116,18.077,52.6,34.9,65.1,1.8,95.0,3.24,0.6534,0.4947,0.3492,3.0,15.0,40.0,1.145,0.27,5.0,1.075,1.164,-6.796,-0.0344,0.127,-1.0541,-0.5814
D|N3|15m|oneshot|BTCUSD,358,BTCUSD,D,3,15,15,oneshot,primary,D|N3|15m|oneshot,train,358.0,1,0.3575,0.0726,-1.1135,-1.0,0.1711,0.058,0.00118,0.2303,-0.1577,26.0,-56.5,0.8,1.113,61.5,0.7869,3.171,52.5,35.8,64.2,0.0,409.5,1.02,0.7095,0.5112,0.352,3.0,45.0,90.0,0.842,0.445,4.0,1.042,1.073,-2.234,-0.0533,0.2067,-0.2949,-0.0189
D|N3|15m|oneshot|ETHUSD,419,ETHUSD,D,3,15,15,oneshot,primary,D|N3|15m|oneshot,train,419.0,1,0.3341,0.0024,-1.0858,-1.0,0.1069,0.0362,0.00067,0.1438,-0.1415,1.0,-59.3,0.814,1.004,77.3,1.2878,60.272,56.6,33.4,66.6,0.0,364.0,1.19,0.6945,0.5084,0.3341,3.0,45.0,90.0,0.742,0.481,4.0,1.025,0.035,-2.039,-0.1267,0.1384,-0.2722,-0.0031
D|N3|15m|oneshot|SOLUSD,437,SOLUSD,D,3,15,15,oneshot,primary,D|N3|15m|oneshot,train,419.9,1,0.3295,-0.0114,-1.074,-1.0,0.0881,0.0298,-0.00047,0.1174,-0.1289,-5.0,-56.3,0.828,0.983,81.5,1.5489,,51.5,33.0,67.0,0.0,359.0,1.24,0.6911,0.5149,0.3295,3.0,45.0,90.0,0.792,0.425,4.0,1.075,-0.162,-1.817,-0.1487,0.1259,-0.2666,0.0062
D|N3|15m|oneshot|XRPUSD,452,XRPUSD,D,3,15,15,oneshot,primary,D|N3|15m|oneshot,train,434.5,1,0.3363,0.0088,-1.0719,-1.0,0.0924,0.0313,0.00024,0.124,-0.1151,4.0,-52.0,0.845,1.013,54.2,1.4386,14.008,47.1,33.6,66.4,0.0,316.0,1.29,0.6726,0.5177,0.3363,3.0,45.0,90.0,0.867,0.447,4.0,1.074,0.155,-2.035,-0.104,0.115,-0.2196,-0.0026
D|N3|15m|level|BTCUSD,469,BTCUSD,D,3,15,15,level,primary,D|N3|15m|level,train,469.0,1,0.3177,0.0554,-1.1002,-1.0,1.3935,0.4724,0.00092,1.8668,-1.8114,26.0,-849.5,0.231,1.086,859.3,0.8466,33.674,49.7,35.2,64.8,0.6,230.0,1.33,0.6354,0.4883,0.3497,3.0,45.0,120.0,1.12,0.074,5.0,1.007,0.893,-1.974,-0.0661,0.177,-3.9347,-0.545
D|N3|15m|level|ETHUSD,529,ETHUSD,D,3,15,15,level,primary,D|N3|15m|level,train,529.0,1,0.3346,0.0662,-1.0735,-1.0,0.4039,0.1369,0.00091,0.5417,-0.4755,35.0,-251.6,0.557,1.103,266.8,1.3195,8.187,57.1,35.5,64.5,1.1,223.0,1.5,0.6749,0.5161,0.3516,3.0,45.0,105.0,0.994,-0.157,5.0,1.127,1.019,-3.551,-0.0643,0.1966,-0.7332,-0.217
D|N3|15m|level|SOLUSD,600,SOLUSD,D,3,15,15,level,primary,D|N3|15m|level,train,600.0,1,0.3233,-0.005,-1.0632,-1.0,0.8585,0.291,0.00108,1.1507,-1.1557,-3.0,-693.4,0.338,0.993,719.6,1.5959,,52.7,33.2,66.8,0.8,273.0,1.71,0.6583,0.5133,0.3317,3.0,45.0,105.0,0.983,0.1,5.0,1.07,-0.089,-2.063,-0.115,0.105,-2.3761,-0.2943
D|N3|15m|level|XRPUSD,634,XRPUSD,D,3,15,15,level,primary,D|N3|15m|level,train,634.0,1,0.3202,-0.0158,-1.0659,-1.0,0.342,0.1159,0.0019,0.4598,-0.4756,-10.0,-301.5,0.54,0.977,302.2,1.3699,,46.5,32.8,67.2,1.4,221.0,1.8,0.6388,0.4937,0.3281,3.0,45.0,105.0,1.168,-0.135,5.0,1.023,-0.298,-5.235,-0.1151,0.0883,-0.6604,-0.3058
D|N3|60m|oneshot|BTCUSD,110,BTCUSD,D,3,60,60,oneshot,primary,D|N3|60m|oneshot,train,110.0,1,0.3636,0.0909,-1.0543,-1.0,0.0867,0.0294,-0.00268,0.1135,-0.0226,10.0,-2.5,0.968,1.143,24.4,1.7049,1.248,50.9,36.4,63.6,0.0,1243.5,0.32,0.6364,0.4909,0.3545,3.0,180.0,300.0,0.866,0.527,4.0,0.945,0.637,-0.159,-0.1818,0.3636,-0.3254,0.2395
D|N3|60m|oneshot|ETHUSD,137,ETHUSD,D,3,60,60,oneshot,primary,D|N3|60m|oneshot,train,131.7,1,0.2482,-0.2555,-1.0547,-1.0,0.0555,0.0188,0.00033,0.0746,-0.3301,-35.0,-45.2,0.591,0.66,52.6,2.4791,,54.0,24.8,75.2,0.0,1226.0,0.39,0.6569,0.4526,0.2482,3.0,180.0,300.0,0.726,0.448,4.0,0.896,-2.499,-3.106,-0.4526,-0.0584,-0.5277,-0.1246
D|N3|60m|oneshot|SOLUSD,117,SOLUSD,D,3,60,60,oneshot,primary,D|N3|60m|oneshot,train,117.0,1,0.3162,-0.0513,-1.0501,-1.0,0.0499,0.0169,0.00239,0.0692,-0.1205,-6.0,-14.1,0.835,0.925,29.8,2.6342,,49.6,31.6,68.4,0.0,1064.0,0.34,0.7009,0.5128,0.3162,3.0,180.0,300.0,0.855,0.435,4.0,1.039,-0.393,-0.956,-0.3077,0.2051,-0.3758,0.1132
D|N3|60m|oneshot|XRPUSD,124,XRPUSD,D,3,60,60,oneshot,primary,D|N3|60m|oneshot,train,121.3,1,0.3387,0.0161,-1.0435,-1.0,0.0533,0.0181,0.00139,0.0727,-0.0566,2.0,-7.0,0.92,1.024,10.2,2.5396,4.509,51.6,33.9,66.1,0.0,1317.5,0.36,0.6694,0.4758,0.3387,3.0,180.0,300.0,0.632,0.532,4.0,0.87,0.17,-0.601,-0.1532,0.2097,-0.2433,0.1204
D|N3|60m|level|BTCUSD,142,BTCUSD,D,3,60,60,level,primary,D|N3|60m|level,train,142.0,1,0.3239,0.0141,-1.0546,-1.0,0.3915,0.1327,-0.00592,0.5183,-0.5042,2.0,-71.6,0.541,1.021,75.5,1.5839,36.8,60.6,33.8,66.2,0.7,1189.5,0.41,0.7042,0.4859,0.3239,3.0,180.0,420.0,1.337,0.066,6.0,0.993,0.153,-1.753,-0.1761,0.2042,-1.1464,-0.049
D|N3|60m|level|ETHUSD,277,ETHUSD,D,3,60,60,level,primary,D|N3|60m|level,train,277.0,1,0.3032,-0.0469,-1.0572,-1.0,0.4808,0.163,0.00103,0.6448,-0.6918,-13.0,-191.6,0.442,0.931,203.6,1.8109,,51.3,31.8,68.2,1.4,524.0,0.79,0.6968,0.5018,0.3177,3.0,180.0,420.0,1.175,-1.157,5.0,1.051,-0.533,-2.525,-0.2202,0.1264,-1.2997,-0.2499
D|N3|60m|level|SOLUSD,348,SOLUSD,D,3,60,60,level,primary,D|N3|60m|level,train,311.4,1,0.3276,-0.0,-1.0502,-1.0,0.1939,0.0657,0.00309,0.2627,-0.2627,-0.0,-91.4,0.69,1.0,103.5,1.7964,,52.9,33.3,66.7,0.0,266.0,1.0,0.6897,0.4828,0.3276,3.0,180.0,360.0,1.182,-1.58,6.0,0.964,-0.0,-2.789,-0.1552,0.1638,-0.4423,-0.0909
D|N3|60m|level|XRPUSD,249,XRPUSD,D,3,60,60,level,primary,D|N3|60m|level,train,249.0,1,0.3253,0.012,-1.0432,-1.0,0.3006,0.1019,0.00531,0.4078,-0.3958,3.0,-98.5,0.601,1.018,97.5,2.3998,33.85,51.8,33.7,66.3,0.4,460.0,0.71,0.6265,0.502,0.3333,3.0,180.0,420.0,1.125,-1.265,5.0,1.127,0.149,-2.599,-0.1446,0.1687,-0.7104,-0.1157
D|N5|5m|oneshot|BTCUSD,749,BTCUSD,D,5,5,5,oneshot,primary,D|N5|5m|oneshot,train,719.8,1,0.3231,-0.0267,-1.2055,-1.0,0.2624,0.0889,0.00042,0.3517,-0.3784,-20.0,-283.4,0.585,0.96,294.4,0.5313,,47.0,32.4,67.6,0.0,165.0,2.13,0.6782,0.4967,0.3244,5.0,25.0,45.0,1.054,0.546,6.0,0.996,-0.529,-6.941,-0.1228,0.0734,-0.4839,-0.2748
D|N5|5m|oneshot|ETHUSD,772,ETHUSD,D,5,5,5,oneshot,primary,D|N5|5m|oneshot,train,757.4,1,0.3264,-0.0207,-1.1172,-1.0,0.142,0.0481,0.00018,0.1904,-0.2111,-16.0,-163.0,0.737,0.969,170.7,0.929,,51.0,32.6,67.4,0.0,180.5,2.19,0.6632,0.4974,0.3264,5.0,25.0,45.0,0.99,0.554,6.0,0.972,-0.397,-3.928,-0.1256,0.0804,-0.3127,-0.1065
D|N5|5m|oneshot|SOLUSD,866,SOLUSD,D,5,5,5,oneshot,primary,D|N5|5m|oneshot,train,866.0,1,0.3395,0.0185,-1.0992,-1.0,0.1264,0.0428,-5e-05,0.1692,-0.1507,16.0,-130.5,0.804,1.028,137.1,1.0259,9.156,50.1,33.9,66.1,0.0,170.0,2.46,0.657,0.47,0.3395,5.0,25.0,40.0,1.127,0.558,5.0,0.862,0.433,-3.593,-0.0647,0.1016,-0.2306,-0.0674
D|N5|5m|oneshot|XRPUSD,771,XRPUSD,D,5,5,5,oneshot,primary,D|N5|5m|oneshot,train,751.4,1,0.3437,0.0311,-1.1049,-1.0,0.1407,0.0477,0.00146,0.1899,-0.1588,24.0,-122.4,0.797,1.047,125.1,0.9495,6.1,49.4,34.4,65.6,0.0,176.0,2.2,0.668,0.5019,0.3437,5.0,25.0,40.0,1.146,0.534,6.0,1.003,0.663,-3.33,-0.0545,0.1245,-0.2554,-0.067
D|N5|5m|level|BTCUSD,679,BTCUSD,D,5,5,5,level,primary,D|N5|5m|level,train,679.0,1,0.2784,-0.0722,-1.1873,-1.0,1.7433,0.591,0.0018,2.3361,-2.4083,-49.0,-1635.2,0.16,0.896,1644.0,0.5446,,58.2,30.9,69.1,1.6,122.0,1.93,0.6186,0.4683,0.3063,5.0,25.0,60.0,1.4,0.133,9.0,0.991,-1.278,-4.436,-0.1782,0.034,-3.6078,-1.4776
D|N5|5m|level|ETHUSD,741,ETHUSD,D,5,5,5,level,primary,D|N5|5m|level,train,741.0,1,0.3387,0.1174,-1.0838,-1.0,0.635,0.2153,0.00071,0.851,-0.7336,87.0,-543.6,0.446,1.187,548.4,1.0069,7.248,53.2,37.2,62.8,1.2,163.0,2.1,0.6869,0.5412,0.3711,5.0,25.0,60.0,1.278,0.212,8.0,1.316,2.14,-4.745,0.0161,0.2309,-1.0637,-0.4564
D|N5|5m|level|SOLUSD,836,SOLUSD,D,5,5,5,level,primary,D|N5|5m|level,train,836.0,1,0.3732,0.1591,-1.0662,-1.0,0.8854,0.3002,0.0013,1.1869,-1.0278,133.0,-859.2,0.391,1.259,902.4,1.2619,7.46,55.0,38.6,61.4,1.3,169.0,2.37,0.6627,0.5275,0.3864,5.0,25.0,60.0,1.338,0.21,9.0,1.287,3.067,-2.094,0.0586,0.2632,-2.1228,-0.3609
D|N5|5m|level|XRPUSD,995,XRPUSD,D,5,5,5,level,primary,D|N5|5m|level,train,995.0,1,0.2995,-0.0231,-1.0937,-1.0,0.8653,0.2933,0.00019,1.1589,-1.182,-23.0,-1176.1,0.302,0.966,1176.5,0.9758,,51.6,32.6,67.4,2.2,121.0,2.82,0.6462,0.4894,0.3256,5.0,25.0,60.0,1.388,-0.186,8.0,1.053,-0.526,-6.567,-0.1046,0.0643,-1.5594,-0.8617
D|N5|15m|oneshot|BTCUSD,257,BTCUSD,D,5,15,15,oneshot,primary,D|N5|15m|oneshot,train,240.9,1,0.3268,-0.0195,-1.125,-1.0,0.1432,0.0485,0.00034,0.1921,-0.2115,-5.0,-54.4,0.738,0.971,66.6,0.9642,,54.1,32.7,67.3,0.0,504.0,0.73,0.6342,0.4864,0.3268,5.0,75.0,120.0,1.114,0.606,6.0,0.952,-0.203,-2.213,-0.1946,0.1673,-0.3886,-0.0302
D|N5|15m|oneshot|ETHUSD,232,ETHUSD,D,5,15,15,oneshot,primary,D|N5|15m|oneshot,train,220.6,1,0.3879,0.1638,-1.0518,-1.0,0.0779,0.0264,0.00023,0.1046,0.0592,38.0,13.7,1.088,1.268,15.7,1.7307,0.639,51.3,38.8,61.2,0.0,720.0,0.67,0.7414,0.5905,0.3879,5.0,75.0,135.0,0.999,0.676,6.0,1.405,1.81,0.66,-0.0046,0.3319,-0.1082,0.2357
D|N5|15m|oneshot|SOLUSD,281,SOLUSD,D,5,15,15,oneshot,primary,D|N5|15m|oneshot,train,281.0,1,0.3132,-0.0605,-1.0605,-1.0,0.0686,0.0232,-0.00028,0.0916,-0.1521,-17.0,-42.7,0.797,0.912,57.2,1.9594,,53.4,31.3,68.7,0.0,612.0,0.8,0.6726,0.5053,0.3132,5.0,75.0,120.0,1.276,0.528,6.0,1.052,-0.87,-2.219,-0.1993,0.0783,-0.2909,-0.0222
D|N5|15m|oneshot|XRPUSD,288,XRPUSD,D,5,15,15,oneshot,primary,D|N5|15m|oneshot,train,273.4,1,0.3438,0.0312,-1.0636,-1.0,0.0818,0.0277,-0.00064,0.1089,-0.0777,9.0,-22.4,0.893,1.048,36.4,1.6182,3.486,49.3,34.4,65.6,0.0,511.0,0.82,0.7014,0.5243,0.3438,5.0,75.0,120.0,1.171,0.543,6.0,1.061,0.371,-0.949,-0.125,0.1875,-0.2337,0.0735
D|N5|15m|level|BTCUSD,332,BTCUSD,D,5,15,15,level,primary,D|N5|15m|level,train,332.0,1,0.3283,0.1024,-1.0994,-1.0,0.7688,0.2606,-0.0012,1.0282,-0.9258,34.0,-307.4,0.381,1.162,323.7,0.9243,10.04,57.5,36.7,63.3,1.2,339.0,0.94,0.6325,0.488,0.3614,5.0,75.0,165.0,1.477,0.128,8.0,1.045,1.224,-4.159,-0.0602,0.2651,-1.3489,-0.5009
D|N5|15m|level|ETHUSD,396,ETHUSD,D,5,15,15,level,primary,D|N5|15m|level,train,396.0,1,0.3182,-0.0303,-1.0632,-1.0,0.5052,0.1712,0.00415,0.6805,-0.7108,-12.0,-281.5,0.446,0.955,291.1,1.707,,54.5,32.3,67.7,1.8,382.5,1.13,0.6465,0.5076,0.3207,5.0,75.0,165.0,1.132,-0.37,8.0,1.145,-0.425,-3.648,-0.1742,0.1062,-1.0953,-0.3474
D|N5|15m|level|SOLUSD,550,SOLUSD,D,5,15,15,level,primary,D|N5|15m|level,train,550.0,1,0.3073,-0.0236,-1.0606,-1.0,0.7985,0.2707,0.00058,1.0697,-1.0933,-13.0,-601.3,0.331,0.965,607.9,1.52,,54.0,32.5,67.5,1.3,216.0,1.56,0.6545,0.5073,0.3255,5.0,75.0,165.0,1.256,-1.388,8.0,1.097,-0.38,-2.266,-0.1436,0.0965,-2.1841,-0.4547
D|N5|15m|level|XRPUSD,508,XRPUSD,D,5,15,15,level,primary,D|N5|15m|level,train,508.0,1,0.3209,0.0157,-1.0628,-1.0,0.3684,0.1249,0.00013,0.4934,-0.4777,8.0,-242.7,0.547,1.024,247.1,1.5291,31.333,51.0,33.9,66.1,1.4,209.5,1.45,0.6358,0.498,0.3386,5.0,75.0,165.0,1.562,-1.442,9.0,1.076,0.248,-4.896,-0.1084,0.1339,-0.6717,-0.2953
D|N5|60m|oneshot|BTCUSD,80,BTCUSD,D,5,60,60,oneshot,primary,D|N5|60m|oneshot,train,78.1,1,0.375,0.125,-1.0407,-1.0,0.0801,0.0271,6e-05,0.1073,0.0177,10.0,1.4,1.025,1.2,7.1,1.9734,0.858,47.5,37.5,62.5,0.0,1544.0,0.24,0.65,0.5375,0.375,5.0,300.0,630.0,0.921,0.629,6.0,1.099,1.081,0.154,-0.1,0.35,-0.2071,0.2267
D|N5|60m|oneshot|ETHUSD,88,ETHUSD,D,5,60,60,oneshot,primary,D|N5|60m|oneshot,train,84.0,1,0.2386,-0.2841,-1.0428,-1.0,0.0416,0.0141,-0.00071,0.055,-0.3391,-25.0,-29.8,0.578,0.627,36.7,3.3103,,51.1,23.9,76.1,0.0,1416.0,0.25,0.5682,0.3977,0.2386,5.0,300.0,540.0,0.928,0.642,5.0,0.637,-1.8,-2.138,-0.5568,0.0227,-0.6147,-0.0141
D|N5|60m|oneshot|SOLUSD,73,SOLUSD,D,5,60,60,oneshot,primary,D|N5|60m|oneshot,train,73.0,1,0.4384,0.3151,-1.0277,-1.0,0.0407,0.0138,0.00143,0.0559,0.2592,23.0,18.9,1.437,1.561,6.5,3.2954,0.177,49.3,43.8,56.2,0.0,1586.0,0.21,0.7808,0.5753,0.4384,5.0,300.0,420.0,1.461,0.446,4.0,1.354,2.138,1.764,0.0274,0.6027,-0.0293,0.5475
D|N5|60m|oneshot|XRPUSD,77,XRPUSD,D,5,60,60,oneshot,primary,D|N5|60m|oneshot,train,77.0,1,0.4416,0.3247,-1.0251,-1.0,0.0436,0.0148,0.00295,0.0614,0.2633,25.0,20.3,1.447,1.581,9.3,3.1536,0.189,57.1,44.2,55.8,0.0,1662.0,0.23,0.7403,0.5974,0.4416,5.0,300.0,420.0,0.873,0.679,5.0,1.521,2.188,1.775,0.0519,0.6364,-0.045,0.5398
D|N5|60m|level|BTCUSD,138,BTCUSD,D,5,60,60,level,primary,D|N5|60m|level,train,138.0,1,0.3478,0.0652,-1.0559,-1.0,0.3036,0.1029,0.00491,0.4114,-0.3462,9.0,-47.8,0.641,1.101,46.7,1.7486,6.308,47.1,35.5,64.5,0.0,868.5,0.4,0.6449,0.558,0.3333,5.0,300.0,660.0,1.571,-1.273,7.0,1.166,0.558,-1.935,-0.1522,0.2826,-0.7163,-0.0057
D|N5|60m|level|ETHUSD,264,ETHUSD,D,5,60,60,level,primary,D|N5|60m|level,train,264.0,1,0.2917,-0.0795,-1.0566,-1.0,0.613,0.2078,0.00247,0.8233,-0.9028,-21.0,-238.3,0.365,0.885,245.9,1.8542,,58.3,30.7,69.3,0.8,443.0,0.76,0.625,0.447,0.3068,5.0,300.0,600.0,1.504,-2.612,8.0,0.826,-0.936,-1.968,-0.25,0.0798,-1.9446,-0.2837
D|N5|60m|level|SOLUSD,272,SOLUSD,D,5,60,60,level,primary,D|N5|60m|level,train,272.0,1,0.3346,0.0368,-1.0456,-1.0,0.332,0.1125,0.00262,0.4472,-0.4104,10.0,-111.6,0.598,1.056,126.7,2.2579,12.163,51.8,34.6,65.4,0.7,415.0,0.78,0.6654,0.5074,0.3419,5.0,300.0,600.0,1.592,-1.922,9.0,1.054,0.459,-2.005,-0.1179,0.2022,-0.875,-0.0841
D|N5|60m|level|XRPUSD,227,XRPUSD,D,5,60,60,level,primary,D|N5|60m|level,train,227.0,1,0.3128,-0.0617,-1.0438,-1.0,0.4484,0.152,-0.00754,0.5929,-0.6546,-14.0,-148.6,0.46,0.91,152.6,2.7674,,52.9,31.3,68.7,0.4,530.0,0.65,0.6828,0.5022,0.3084,5.0,300.0,660.0,1.502,-1.975,7.0,1.08,-0.666,-2.581,-0.2467,0.1233,-1.2109,-0.2134
D|N8|5m|oneshot|BTCUSD,459,BTCUSD,D,8,5,5,oneshot,primary,D|N8|5m|oneshot,train,459.0,1,0.3638,0.0915,-1.1421,-1.0,0.2132,0.0723,-0.00026,0.2852,-0.1937,42.0,-88.9,0.762,1.144,115.4,0.6622,3.117,48.8,36.4,63.6,0.0,260.0,1.3,0.6906,0.5229,0.3617,8.0,40.0,65.0,1.303,0.643,9.0,1.139,1.299,-2.758,-0.0458,0.2288,-0.3342,-0.0605
D|N8|5m|oneshot|ETHUSD,561,ETHUSD,D,8,5,5,oneshot,primary,D|N8|5m|oneshot,train,561.0,1,0.3333,0.0,-1.0997,-1.0,0.1217,0.0412,0.0003,0.1632,-0.1632,0.0,-91.6,0.79,1.0,103.4,1.0775,,51.7,33.3,66.7,0.0,246.0,1.59,0.6631,0.4955,0.3333,8.0,40.0,65.0,1.302,0.659,9.0,0.983,0.0,-2.493,-0.123,0.123,-0.2873,-0.0341
D|N8|5m|oneshot|SOLUSD,543,SOLUSD,D,8,5,5,oneshot,primary,D|N8|5m|oneshot,train,523.8,1,0.3407,0.0221,-1.0835,-1.0,0.0987,0.0335,-0.0001,0.1321,-0.11,12.0,-59.7,0.853,1.034,84.1,1.3798,5.978,53.6,34.1,65.9,0.0,282.0,1.54,0.6888,0.4991,0.3407,8.0,40.0,60.0,1.443,0.692,8.0,0.987,0.352,-1.706,-0.0994,0.1436,-0.2363,0.0143
D|N8|5m|oneshot|XRPUSD,542,XRPUSD,D,8,5,5,oneshot,primary,D|N8|5m|oneshot,train,526.9,1,0.3247,-0.0258,-1.0859,-1.0,0.1118,0.0379,0.00027,0.15,-0.1759,-14.0,-95.3,0.773,0.962,100.2,1.2117,,48.2,32.5,67.5,0.0,267.0,1.55,0.6661,0.5037,0.3247,8.0,40.0,65.0,1.464,0.584,9.0,1.018,-0.486,-3.214,-0.131,0.0739,-0.2825,-0.0677
D|N8|5m|level|BTCUSD,582,BTCUSD,D,8,5,5,level,primary,D|N8|5m|level,train,582.0,1,0.2784,-0.0103,-1.1566,-1.0,3.0833,1.0452,0.00162,4.1301,-4.1404,-6.0,-2409.7,0.098,0.985,2422.7,0.6143,,58.6,33.0,67.0,1.4,109.0,1.65,0.6151,0.4691,0.3282,8.0,40.0,95.0,1.679,-1.18,15.0,0.971,-0.174,-3.341,-0.1237,0.1082,-6.8362,-2.0722
D|N8|5m|level|ETHUSD,669,ETHUSD,D,8,5,5,level,primary,D|N8|5m|level,train,669.0,1,0.3079,0.0179,-1.0854,-1.0,1.1658,0.3952,-0.00131,1.5597,-1.5418,12.0,-1031.5,0.256,1.027,1031.2,1.016,86.954,54.6,33.9,66.1,2.4,127.0,1.9,0.6248,0.4664,0.3363,8.0,40.0,90.0,1.464,-0.724,12.0,0.984,0.321,-4.337,-0.0897,0.13,-2.2867,-0.9111
D|N8|5m|level|SOLUSD,720,SOLUSD,D,8,5,5,level,primary,D|N8|5m|level,train,720.0,1,0.3389,0.05,-1.0666,-1.0,0.8233,0.2791,0.00062,1.103,-1.053,36.0,-758.2,0.358,1.077,767.9,1.3403,22.061,50.8,35.0,65.0,2.1,161.5,2.04,0.675,0.5139,0.3486,8.0,40.0,90.0,1.577,-0.62,12.0,1.17,0.939,-3.159,-0.05,0.15,-1.7895,-0.4754
D|N8|5m|level|XRPUSD,623,XRPUSD,D,8,5,5,level,primary,D|N8|5m|level,train,623.0,1,0.3274,0.0401,-1.072,-1.0,0.5089,0.1725,0.00331,0.6847,-0.6445,25.0,-401.5,0.461,1.061,415.3,1.1605,17.062,52.8,34.7,65.3,1.6,137.0,1.78,0.6565,0.5233,0.3467,8.0,40.0,95.0,1.549,-0.89,13.0,1.138,0.716,-5.489,-0.0706,0.1462,-0.8883,-0.4216
D|N8|15m|oneshot|BTCUSD,180,BTCUSD,D,8,15,15,oneshot,primary,D|N8|15m|oneshot,train,179.7,1,0.4167,0.25,-1.0599,-1.0,0.112,0.038,0.00463,0.1546,0.0954,45.0,17.2,1.143,1.429,12.9,1.2173,0.618,57.2,41.7,58.3,0.0,988.0,0.52,0.7278,0.5556,0.4167,8.0,120.0,202.5,1.315,0.686,9.0,1.237,2.465,0.943,0.05,0.45,-0.108,0.2847
D|N8|15m|oneshot|ETHUSD,201,ETHUSD,D,8,15,15,oneshot,primary,D|N8|15m|oneshot,train,197.9,1,0.3383,0.0149,-1.0539,-1.0,0.074,0.0251,-0.00397,0.0951,-0.0802,3.0,-16.1,0.89,1.023,35.6,1.746,6.371,50.7,33.8,66.2,0.0,677.0,0.57,0.6965,0.5323,0.3333,8.0,120.0,195.0,1.15,0.633,9.0,1.129,0.146,-0.779,-0.1791,0.2239,-0.2699,0.1261
D|N8|15m|oneshot|SOLUSD,203,SOLUSD,D,8,15,15,oneshot,primary,D|N8|15m|oneshot,train,197.3,1,0.3892,0.1675,-1.0454,-1.0,0.0603,0.0204,0.00034,0.081,0.0864,34.0,17.5,1.131,1.274,12.0,2.1517,0.484,48.3,38.9,61.1,0.0,668.0,0.58,0.6749,0.5567,0.3892,8.0,120.0,180.0,1.474,0.67,10.0,1.264,1.908,0.97,-0.0099,0.33,-0.0872,0.2519
D|N8|15m|oneshot|XRPUSD,182,XRPUSD,D,8,15,15,oneshot,primary,D|N8|15m|oneshot,train,175.4,1,0.3571,0.0714,-1.0451,-1.0,0.0658,0.0223,0.00153,0.0896,-0.0182,13.0,-3.3,0.974,1.111,13.3,2.1794,1.254,53.3,35.7,64.3,0.0,828.5,0.52,0.6868,0.5275,0.3571,8.0,120.0,165.0,1.293,0.635,9.0,1.133,0.855,-0.216,-0.0934,0.2198,-0.1797,0.1425
D|N8|15m|level|BTCUSD,303,BTCUSD,D,8,15,15,level,primary,D|N8|15m|level,train,303.0,1,0.2937,-0.0198,-1.0985,-1.0,0.8766,0.2972,-0.00147,1.1723,-1.1921,-6.0,-361.2,0.301,0.971,367.3,0.9067,,52.1,32.7,67.3,1.0,302.0,0.87,0.6139,0.4818,0.3234,8.0,120.0,285.0,2.002,-1.755,14.0,0.935,-0.267,-4.093,-0.1683,0.1191,-1.8209,-0.6727
D|N8|15m|level|ETHUSD,473,ETHUSD,D,8,15,15,level,primary,D|N8|15m|level,train,473.0,1,0.3129,0.0529,-1.0682,-1.0,0.7111,0.2411,-0.00037,0.9518,-0.8989,25.0,-425.2,0.381,1.081,437.2,1.0642,18.008,49.7,35.1,64.9,2.1,152.0,1.35,0.6448,0.4926,0.3488,8.0,120.0,270.0,1.497,-2.23,13.0,1.145,0.773,-4.526,-0.0803,0.1797,-1.3066,-0.5209
D|N8|15m|level|SOLUSD,451,SOLUSD,D,8,15,15,level,primary,D|N8|15m|level,train,451.0,1,0.3725,0.1641,-1.0421,-1.0,0.4848,0.1644,0.00065,0.6498,-0.4858,74.0,-219.1,0.571,1.268,240.2,1.6025,3.96,54.8,38.8,61.2,0.9,224.0,1.29,0.6874,0.5499,0.388,8.0,120.0,255.0,1.791,-2.451,12.0,1.314,2.482,-3.115,0.0377,0.2971,-0.8176,-0.2072
D|N8|15m|level|XRPUSD,425,XRPUSD,D,8,15,15,level,primary,D|N8|15m|level,train,425.0,1,0.2941,-0.0471,-1.0625,-1.0,0.5759,0.1952,0.00056,0.7717,-0.8188,-20.0,-348.0,0.391,0.931,353.6,1.3989,,54.4,31.8,68.2,0.9,172.0,1.22,0.6353,0.4588,0.3176,8.0,120.0,255.0,1.702,-2.915,13.0,0.92,-0.651,-4.798,-0.1882,0.0941,-1.1822,-0.5044
D|N8|60m|oneshot|BTCUSD,55,BTCUSD,D,8,60,60,oneshot,primary,D|N8|60m|oneshot,train,53.0,1,0.4364,0.3091,-1.0137,-1.0,0.064,0.0217,-0.0099,0.0758,0.2333,17.0,12.8,1.386,1.548,6.9,2.3153,0.245,50.9,43.6,56.4,0.0,1724.0,0.17,0.7455,0.6182,0.4364,8.0,480.0,960.0,0.744,0.762,10.0,1.664,1.543,1.151,-0.0727,0.6909,-0.155,0.6324
D|N8|60m|oneshot|ETHUSD,48,ETHUSD,D,8,60,60,oneshot,primary,D|N8|60m|oneshot,train,48.0,1,0.3958,0.1875,-1.0369,-1.0,0.04,0.0136,0.00306,0.0566,0.1309,9.0,6.3,1.205,1.31,9.9,3.0814,0.302,60.4,39.6,60.4,0.0,2365.0,0.14,0.6875,0.5833,0.3958,8.0,480.0,840.0,0.985,0.545,9.0,1.346,0.902,0.63,-0.1875,0.625,-0.3028,0.5094
D|N8|60m|oneshot|SOLUSD,37,SOLUSD,D,8,60,60,oneshot,primary,D|N8|60m|oneshot,train,36.0,1,0.4595,0.3784,-1.0154,-1.0,0.0363,0.0123,0.00174,0.0504,0.328,14.0,12.1,1.579,1.7,5.5,3.506,0.133,51.4,45.9,54.1,0.0,1954.0,0.11,0.8108,0.5676,0.4595,8.0,480.0,720.0,1.396,0.402,8.0,1.512,1.715,1.501,-0.1081,0.7838,-0.0845,0.7357
D|N8|60m|oneshot|XRPUSD,48,XRPUSD,D,8,60,60,oneshot,primary,D|N8|60m|oneshot,train,48.0,1,0.6042,0.8125,1.8918,2.0,0.041,0.0139,0.01533,0.0703,0.7422,39.0,35.6,2.772,3.053,3.2,3.145,0.086,50.0,60.4,39.6,0.0,1763.0,0.14,0.75,0.625,0.6042,8.0,480.0,780.0,0.945,0.421,9.5,2.007,4.462,4.196,0.4375,1.1875,0.429,1.112
D|N8|60m|level|BTCUSD,123,BTCUSD,D,8,60,60,level,primary,D|N8|60m|level,train,123.0,1,0.3577,0.0732,-1.0463,-1.0,0.587,0.199,-0.00264,0.7833,-0.7101,9.0,-87.3,0.461,1.114,86.3,1.7523,10.705,53.7,35.8,64.2,0.8,876.0,0.36,0.6667,0.5447,0.3415,8.0,480.0,960.0,1.483,-2.868,10.0,1.235,0.544,-1.89,-0.1951,0.3415,-1.5394,-0.0778
D|N8|60m|level|ETHUSD,201,ETHUSD,D,8,60,60,level,primary,D|N8|60m|level,train,201.0,1,0.3035,-0.0597,-1.0471,-1.0,0.3916,0.1327,0.00208,0.5264,-0.5861,-12.0,-117.8,0.481,0.913,132.9,1.7534,,63.7,31.3,68.7,1.5,374.0,0.59,0.6866,0.4925,0.3134,8.0,480.0,960.0,1.506,-3.645,11.0,1.036,-0.645,-2.788,-0.2388,0.1194,-1.0421,-0.2347
D|N8|60m|level|SOLUSD,272,SOLUSD,D,8,60,60,level,primary,D|N8|60m|level,train,272.0,1,0.3088,-0.0404,-1.0492,-1.0,0.5385,0.1825,0.00599,0.727,-0.7674,-11.0,-208.7,0.416,0.941,222.6,1.5382,,60.7,32.0,68.0,1.5,291.5,0.78,0.636,0.489,0.3199,8.0,480.0,960.0,1.558,-3.864,13.0,1.031,-0.517,-3.31,-0.1838,0.114,-1.2716,-0.3746
D|N8|60m|level|XRPUSD,223,XRPUSD,D,8,60,60,level,primary,D|N8|60m|level,train,162.8,1,0.3722,0.1166,-1.0444,-1.0,0.5079,0.1722,-0.00646,0.6736,-0.557,26.0,-124.2,0.547,1.186,129.2,2.0433,5.777,56.5,37.2,62.8,1.3,406.0,0.65,0.6502,0.5067,0.3677,8.0,480.0,1020.0,2.044,-2.859,11.0,1.24,1.026,-1.788,-0.0717,0.3049,-1.1324,-0.083
A|N2|5m->15m|oneshot|BTCUSD,1788,BTCUSD,A,2,5,15,oneshot,mtf,A|N2|5m->15m|oneshot,train,1788.0,1,0.2864,-0.0017,-1.4565,-1.0,1.7855,0.6053,0.00479,2.3955,-2.3972,-3.0,-4286.2,0.133,0.997,4283.5,0.228,,100.0,33.3,66.7,0.8,37.0,5.07,0.6437,0.4905,0.3328,2.0,10.0,25.0,1.162,-1.042,3.0,1.021,-0.051,-6.674,-0.0671,0.0638,-3.1709,-1.7484
A|N2|5m->15m|oneshot|ETHUSD,1940,ETHUSD,A,2,5,15,oneshot,mtf,A|N2|5m->15m|oneshot,train,1881.8,1,0.3227,0.0469,-1.2582,-1.0,0.8199,0.2779,0.00312,1.101,-1.0541,91.0,-2044.9,0.314,1.072,2051.9,0.3663,23.471,100.0,34.9,65.1,0.8,36.0,5.5,0.6526,0.5119,0.349,2.0,10.0,25.0,1.019,-1.036,3.0,1.106,1.445,-7.865,-0.0134,0.1119,-1.334,-0.8284
A|N2|5m->15m|oneshot|SOLUSD,1974,SOLUSD,A,2,5,15,oneshot,mtf,A|N2|5m->15m|oneshot,train,1974.0,1,0.3202,-0.0046,-1.2152,-1.0,0.587,0.199,0.00184,0.7878,-0.7923,-9.0,-1564.1,0.383,0.993,1562.6,0.4368,,100.0,33.2,66.8,0.7,33.0,5.6,0.6358,0.4868,0.3318,2.0,10.0,25.0,1.083,-0.988,3.0,0.991,-0.145,-12.979,-0.0653,0.0593,-0.9157,-0.6844
A|N2|5m->15m|oneshot|XRPUSD,1855,XRPUSD,A,2,5,15,oneshot,mtf,A|N2|5m->15m|oneshot,train,1855.0,1,0.3057,-0.0264,-1.2417,-1.0,0.684,0.2319,-0.00069,0.9151,-0.9416,-49.0,-1746.6,0.332,0.961,1754.2,0.4061,,100.0,32.5,67.5,1.1,33.0,5.26,0.6334,0.4701,0.3245,2.0,10.0,25.0,1.06,-1.014,3.0,0.934,-0.774,-11.732,-0.0943,0.0399,-1.1072,-0.7935
A|N2|5m->15m|level|BTCUSD,2003,BTCUSD,A,2,5,15,level,mtf,A|N2|5m->15m|level,train,2003.0,1,0.2691,-0.013,-1.4556,-1.0,2.1921,0.7431,0.00622,2.9414,-2.9543,-26.0,-5917.5,0.106,0.981,5918.2,0.2228,,100.0,32.9,67.1,1.1,33.0,5.68,0.6221,0.4828,0.329,2.0,10.0,30.0,1.118,-1.061,3.0,1.006,-0.425,-7.904,-0.0699,0.0469,-3.7395,-2.2738
A|N2|5m->15m|level|ETHUSD,2078,ETHUSD,A,2,5,15,level,mtf,A|N2|5m->15m|level,train,2078.0,1,0.3037,0.0077,-1.2608,-1.0,1.0534,0.3571,0.00587,1.4164,-1.4087,16.0,-2927.3,0.244,1.012,2925.9,0.3567,183.958,100.0,33.6,66.4,1.5,33.0,5.89,0.654,0.5058,0.3354,2.0,10.0,30.0,0.965,-1.053,3.0,1.098,0.237,-9.776,-0.0559,0.0713,-1.701,-1.1326
A|N2|5m->15m|level|SOLUSD,2230,SOLUSD,A,2,5,15,level,mtf,A|N2|5m->15m|level,train,2230.0,1,0.3121,-0.0018,-1.2166,-1.0,0.8171,0.277,0.00196,1.0961,-1.0979,-4.0,-2448.3,0.303,0.997,2446.8,0.4221,,100.0,33.3,66.7,1.1,30.0,6.32,0.6193,0.483,0.3327,2.0,10.0,30.0,1.015,-1.009,3.0,1.0,-0.06,-7.994,-0.061,0.0561,-1.3995,-0.8682
A|N2|5m->15m|level|XRPUSD,2098,XRPUSD,A,2,5,15,level,mtf,A|N2|5m->15m|level,train,2098.0,1,0.3046,-0.0176,-1.2313,-1.0,0.8536,0.2894,-0.00112,1.1418,-1.1595,-37.0,-2432.6,0.287,0.974,2436.4,0.4084,,100.0,32.7,67.3,1.4,33.0,5.95,0.6206,0.4738,0.3275,2.0,10.0,30.0,1.059,-1.018,3.0,0.986,-0.6,-12.903,-0.0749,0.0396,-1.3383,-0.9861
A|N2|15m->5m|oneshot|BTCUSD,544,BTCUSD,A,2,15,5,oneshot,mtf,A|N2|15m->5m|oneshot,train,544.0,1,0.3548,0.1415,-1.2231,-1.0,0.552,0.1871,0.00543,0.7445,-0.603,77.0,-328.0,0.469,1.228,340.6,0.3797,5.26,100.0,38.1,61.9,0.2,97.5,1.55,0.7004,0.5331,0.3805,2.0,30.0,45.0,0.903,-0.931,3.0,1.137,2.325,-6.524,0.0202,0.2629,-0.7916,-0.4256
A|N2|15m->5m|oneshot|ETHUSD,723,ETHUSD,A,2,15,5,oneshot,mtf,A|N2|15m->5m|oneshot,train,686.8,1,0.3306,-0.0,-1.1586,-1.0,0.3228,0.1094,0.00253,0.4348,-0.4348,-0.0,-314.3,0.555,1.0,320.4,0.5912,,100.0,33.3,66.7,0.3,84.0,2.06,0.6542,0.491,0.332,2.0,30.0,60.0,0.923,-0.987,3.0,0.992,-0.0,-6.881,-0.108,0.1079,-0.5549,-0.3114
A|N2|15m->5m|oneshot|SOLUSD,762,SOLUSD,A,2,15,5,oneshot,mtf,A|N2|15m->5m|oneshot,train,762.0,1,0.3307,0.0157,-1.1136,-1.0,0.2927,0.0992,0.00274,0.3947,-0.379,12.0,-288.8,0.6,1.024,293.2,0.7433,25.064,100.0,33.9,66.1,0.0,99.0,2.16,0.6942,0.5171,0.3386,2.0,30.0,45.0,0.964,-0.944,3.0,1.084,0.306,-6.627,-0.0827,0.1142,-0.4891,-0.2706
A|N2|15m->5m|oneshot|XRPUSD,756,XRPUSD,A,2,15,5,oneshot,mtf,A|N2|15m->5m|oneshot,train,756.0,1,0.3042,-0.0516,-1.1516,-1.0,0.3515,0.1191,-0.00569,0.4649,-0.5165,-39.0,-390.5,0.495,0.925,394.4,0.6578,,100.0,31.6,68.4,0.3,84.0,2.14,0.6376,0.4656,0.3161,2.0,30.0,45.0,1.004,-0.972,3.0,0.881,-1.01,-7.878,-0.1508,0.0476,-0.6525,-0.3959
A|N2|15m->5m|level|BTCUSD,674,BTCUSD,A,2,15,5,level,mtf,A|N2|15m->5m|level,train,674.0,1,0.3323,0.0816,-1.224,-1.0,1.2027,0.4077,-0.01093,1.5994,-1.5178,55.0,-1023.0,0.248,1.128,1033.7,0.41,19.6,100.0,36.1,63.9,1.0,86.0,1.92,0.6484,0.497,0.3591,2.0,30.0,75.0,0.864,-0.832,3.0,1.033,1.535,-4.549,-0.0209,0.1884,-2.2548,-0.9626
A|N2|15m->5m|level|ETHUSD,886,ETHUSD,A,2,15,5,level,mtf,A|N2|15m->5m|level,train,886.0,1,0.3296,0.0497,-1.1479,-1.0,0.6654,0.2255,0.00283,0.8937,-0.8441,44.0,-747.9,0.387,1.076,753.7,0.5806,17.997,100.0,35.0,65.0,1.0,71.5,2.52,0.6501,0.4876,0.3488,2.0,30.0,75.0,0.801,-1.008,3.0,1.015,0.919,-6.29,-0.0553,0.158,-1.1211,-0.5974
A|N2|15m->5m|level|SOLUSD,909,SOLUSD,A,2,15,5,level,mtf,A|N2|15m->5m|level,train,909.0,1,0.3146,-0.0264,-1.1143,-1.0,0.8851,0.3,0.00287,1.188,-1.2144,-24.0,-1103.9,0.306,0.961,1106.0,0.7303,,100.0,32.5,67.5,1.2,91.0,2.58,0.6645,0.4961,0.3245,2.0,30.0,75.0,0.9,-0.899,3.0,1.051,-0.533,-3.216,-0.1254,0.0694,-2.0601,-0.6036
A|N2|15m->5m|level|XRPUSD,897,XRPUSD,A,2,15,5,level,mtf,A|N2|15m->5m|level,train,897.0,1,0.3032,-0.0401,-1.1342,-1.0,0.5713,0.1937,-0.00186,0.7631,-0.8032,-36.0,-720.5,0.381,0.941,723.3,0.6707,,100.0,32.0,68.0,1.2,75.0,2.54,0.6232,0.4548,0.32,2.0,30.0,75.0,0.931,-0.978,3.0,0.881,-0.893,-8.201,-0.1304,0.0468,-0.9978,-0.617
A|N3|5m->15m|oneshot|BTCUSD,1300,BTCUSD,A,3,5,15,oneshot,mtf,A|N3|5m->15m|oneshot,train,1300.0,1,0.3008,0.0362,-1.3578,-1.0,1.1639,0.3946,0.00411,1.5626,-1.5265,47.0,-1984.4,0.21,1.055,1982.7,0.2689,43.221,100.0,34.5,65.5,0.5,49.0,3.68,0.66,0.5031,0.3454,3.0,15.0,30.0,1.377,-1.249,5.0,1.049,0.952,-7.884,-0.04,0.11,-1.9371,-1.1817
A|N3|5m->15m|oneshot|ETHUSD,1477,ETHUSD,A,3,5,15,oneshot,mtf,A|N3|5m->15m|oneshot,train,1477.0,1,0.3236,0.0217,-1.2199,-1.0,0.5929,0.201,0.00271,0.7966,-0.775,32.0,-1144.6,0.393,1.033,1147.3,0.4335,36.769,100.0,34.1,65.9,0.9,50.0,4.19,0.6608,0.501,0.3406,3.0,15.0,30.0,1.168,-1.258,5.0,1.039,0.543,-10.958,-0.0555,0.0988,-0.9214,-0.6432
A|N3|5m->15m|oneshot|SOLUSD,1317,SOLUSD,A,3,5,15,oneshot,mtf,A|N3|5m->15m|oneshot,train,1250.9,1,0.3326,0.0228,-1.1823,-1.0,0.4416,0.1497,0.00203,0.5934,-0.5706,30.0,-751.4,0.481,1.035,750.0,0.531,26.048,100.0,34.1,65.9,0.6,46.0,3.73,0.6439,0.5148,0.3409,3.0,15.0,30.0,1.274,-1.195,5.0,1.086,0.576,-10.28,-0.0524,0.0979,-0.676,-0.4589
A|N3|5m->15m|oneshot|XRPUSD,1287,XRPUSD,A,3,5,15,oneshot,mtf,A|N3|5m->15m|oneshot,train,1287.0,1,0.31,-0.014,-1.1866,-1.0,0.5212,0.1767,-0.0011,0.6968,-0.7108,-18.0,-914.8,0.409,0.979,914.7,0.5033,,100.0,32.9,67.1,0.7,54.0,3.65,0.6503,0.4981,0.3287,3.0,15.0,30.0,1.319,-1.137,5.0,1.011,-0.361,-9.148,-0.0886,0.0606,-0.8742,-0.5663
A|N3|5m->15m|level|BTCUSD,1440,BTCUSD,A,3,5,15,level,mtf,A|N3|5m->15m|level,train,1440.0,1,0.2889,0.0083,-1.3507,-1.0,1.3383,0.4537,0.00368,1.7957,-1.7873,12.0,-2573.8,0.182,1.013,2576.1,0.2776,215.481,100.0,33.6,66.4,1.1,46.5,4.08,0.6444,0.4979,0.3361,3.0,15.0,40.0,1.202,-1.163,4.0,1.065,0.234,-9.549,-0.0625,0.0771,-2.1882,-1.4589
A|N3|5m->15m|level|ETHUSD,1565,ETHUSD,A,3,5,15,level,mtf,A|N3|5m->15m|level,train,1565.0,1,0.3022,-0.0128,-1.221,-1.0,0.7562,0.2563,0.00359,1.0161,-1.0289,-20.0,-1610.3,0.314,0.981,1616.1,0.4141,,100.0,32.9,67.1,1.5,43.0,4.44,0.6332,0.4805,0.3291,3.0,15.0,40.0,1.114,-1.267,5.0,1.004,-0.335,-11.32,-0.0875,0.0639,-1.202,-0.8496
A|N3|5m->15m|level|SOLUSD,1612,SOLUSD,A,3,5,15,level,mtf,A|N3|5m->15m|level,train,1612.0,1,0.3058,-0.036,-1.1957,-1.0,1.0723,0.3635,0.00179,1.4376,-1.4735,-58.0,-2375.3,0.249,0.947,2374.4,0.5164,,100.0,32.1,67.9,2.0,41.0,4.57,0.6203,0.4814,0.3213,3.0,15.0,40.0,1.2,-1.181,4.0,1.027,-1.023,-5.646,-0.103,0.0348,-2.0432,-1.0246
A|N3|5m->15m|level|XRPUSD,1570,XRPUSD,A,3,5,15,level,mtf,A|N3|5m->15m|level,train,1518.6,1,0.3089,-0.0064,-1.185,-1.0,0.7548,0.2559,-0.00038,1.0103,-1.0166,-10.0,-1596.1,0.322,0.99,1608.3,0.4718,,100.0,33.1,66.9,1.5,44.0,4.45,0.6306,0.4847,0.3312,3.0,15.0,40.0,1.226,-1.158,4.0,1.011,-0.177,-9.728,-0.0733,0.0605,-1.2332,-0.82
A|N3|15m->5m|oneshot|BTCUSD,448,BTCUSD,A,3,15,5,oneshot,mtf,A|N3|15m->5m|oneshot,train,361.6,1,0.3683,0.1518,-1.1911,-1.0,0.8328,0.2823,0.00507,1.1202,-0.9684,68.0,-433.8,0.376,1.246,453.2,0.4728,7.38,100.0,38.4,61.6,0.4,155.0,1.27,0.6808,0.5201,0.3817,3.0,45.0,60.0,1.187,-1.067,5.0,1.136,1.838,-3.103,0.0112,0.2991,-1.5748,-0.4904
A|N3|15m->5m|oneshot|ETHUSD,550,ETHUSD,A,3,15,5,oneshot,mtf,A|N3|15m->5m|oneshot,train,550.0,1,0.3636,0.1018,-1.1272,-1.0,0.438,0.1485,0.00431,0.5908,-0.489,56.0,-268.9,0.559,1.161,274.8,0.7592,5.802,100.0,36.7,63.3,0.2,135.0,1.56,0.6745,0.5273,0.3673,3.0,45.0,82.5,1.119,-1.145,5.0,1.101,1.604,-2.086,-0.0182,0.2327,-1.0274,-0.1387
A|N3|15m->5m|oneshot|SOLUSD,565,SOLUSD,A,3,15,5,oneshot,mtf,A|N3|15m->5m|oneshot,train,565.0,1,0.3451,0.046,-1.1105,-1.0,0.226,0.0766,0.00309,0.3058,-0.2597,26.0,-146.8,0.699,1.071,157.0,0.8364,6.644,100.0,34.9,65.1,0.2,106.0,1.61,0.6584,0.5062,0.3469,3.0,45.0,60.0,1.18,-1.141,5.0,1.04,0.724,-3.827,-0.0761,0.1788,-0.3975,-0.128
A|N3|15m->5m|oneshot|XRPUSD,524,XRPUSD,A,3,15,5,oneshot,mtf,A|N3|15m->5m|oneshot,train,524.0,1,0.3149,-0.0324,-1.1199,-1.0,0.2977,0.1009,0.00113,0.3998,-0.4322,-17.0,-226.5,0.554,0.952,232.6,0.8068,,100.0,32.3,67.7,0.4,136.5,1.49,0.6584,0.479,0.3225,3.0,45.0,60.0,1.164,-1.169,5.0,0.943,-0.545,-4.855,-0.1527,0.0821,-0.6293,-0.2762
A|N3|15m->5m|level|BTCUSD,534,BTCUSD,A,3,15,5,level,mtf,A|N3|15m->5m|level,train,534.0,1,0.3221,0.073,-1.1997,-1.0,1.418,0.4807,0.00637,1.905,-1.832,39.0,-978.3,0.213,1.114,993.0,0.4677,26.084,100.0,35.8,64.2,1.5,114.0,1.52,0.6423,0.4831,0.3539,3.0,45.0,105.0,1.117,-1.103,4.0,1.009,1.121,-4.398,-0.0506,0.2022,-2.7637,-1.1259
A|N3|15m->5m|level|ETHUSD,745,ETHUSD,A,3,15,5,level,mtf,A|N3|15m->5m|level,train,745.0,1,0.3315,0.055,-1.136,-1.0,0.8863,0.3004,0.00356,1.1903,-1.1353,41.0,-845.8,0.324,1.085,855.0,0.6389,21.629,100.0,35.2,64.8,1.2,89.0,2.12,0.6362,0.4886,0.3517,3.0,45.0,120.0,1.024,-1.255,4.0,1.006,1.058,-4.928,-0.0456,0.1557,-1.6324,-0.7246
A|N3|15m->5m|level|SOLUSD,779,SOLUSD,A,3,15,5,level,mtf,A|N3|15m->5m|level,train,779.0,1,0.3286,0.0552,-1.1074,-1.0,0.6166,0.209,0.00239,0.828,-0.7728,43.0,-602.0,0.416,1.085,613.3,0.7757,15.001,100.0,35.2,64.8,1.3,85.0,2.21,0.638,0.4955,0.3504,3.0,45.0,105.0,0.983,-1.205,4.0,1.054,1.066,-5.412,-0.0411,0.163,-1.0757,-0.5224
A|N3|15m->5m|level|XRPUSD,688,XRPUSD,A,3,15,5,level,mtf,A|N3|15m->5m|level,train,688.0,1,0.311,-0.0189,-1.118,-1.0,0.7734,0.2622,-0.00227,1.0333,-1.0522,-13.0,-723.9,0.326,0.972,737.9,0.6787,,100.0,32.7,67.3,2.3,88.5,1.95,0.6177,0.4549,0.327,3.0,45.0,120.0,1.059,-1.263,5.0,0.922,-0.36,-6.904,-0.1235,0.0858,-1.3518,-0.7675
A|N5|5m->15m|oneshot|BTCUSD,858,BTCUSD,A,5,5,15,oneshot,mtf,A|N5|5m->15m|oneshot,train,858.0,1,0.3135,0.042,-1.2742,-1.0,0.9515,0.3225,0.00339,1.2775,-1.2355,36.0,-1060.1,0.27,1.064,1069.1,0.3463,30.446,100.0,34.7,65.3,0.5,78.0,2.44,0.6702,0.5093,0.3473,5.0,25.0,40.0,1.568,-1.538,8.0,1.077,0.804,-5.768,-0.0559,0.1469,-1.6999,-0.8748
A|N5|5m->15m|oneshot|ETHUSD,943,ETHUSD,A,5,5,15,oneshot,mtf,A|N5|5m->15m|oneshot,train,943.0,1,0.3203,-0.0011,-1.1767,-1.0,0.441,0.1495,0.00301,0.5934,-0.5945,-1.0,-560.6,0.468,0.998,564.9,0.5453,,100.0,33.3,66.7,0.4,67.0,2.68,0.6585,0.4889,0.333,5.0,25.0,45.0,1.655,-1.579,8.0,0.971,-0.022,-6.221,-0.0901,0.0944,-0.8041,-0.4354
A|N5|5m->15m|oneshot|SOLUSD,1024,SOLUSD,A,5,5,15,oneshot,mtf,A|N5|5m->15m|oneshot,train,1024.0,1,0.3516,0.0781,-1.1414,-1.0,0.351,0.119,0.00291,0.4728,-0.3947,80.0,-404.2,0.595,1.122,406.5,0.6286,6.052,100.0,35.9,64.1,0.2,65.5,2.91,0.6582,0.5166,0.3594,5.0,25.0,40.0,1.526,-1.555,8.0,1.085,1.899,-7.631,-0.0068,0.1572,-0.5017,-0.295
A|N5|5m->15m|oneshot|XRPUSD,923,XRPUSD,A,5,5,15,oneshot,mtf,A|N5|5m->15m|oneshot,train,902.6,1,0.2925,-0.0964,-1.1659,-1.0,0.3719,0.1261,-0.00095,0.4971,-0.5935,-89.0,-547.8,0.446,0.862,553.9,0.6118,,100.0,30.1,69.9,0.3,67.0,2.62,0.6262,0.4648,0.3012,5.0,25.0,40.0,1.579,-1.563,8.0,0.864,-2.033,-10.533,-0.1874,-0.0118,-0.702,-0.4861
A|N5|5m->15m|level|BTCUSD,988,BTCUSD,A,5,5,15,level,mtf,A|N5|5m->15m|level,train,988.0,1,0.2966,0.0233,-1.2862,-1.0,1.3677,0.4636,0.00614,1.8375,-1.8142,23.0,-1792.5,0.192,1.035,1803.1,0.3174,78.933,100.0,34.1,65.9,1.6,61.5,2.8,0.6377,0.4828,0.3401,5.0,25.0,60.0,1.314,-1.456,7.0,1.023,0.525,-6.673,-0.0648,0.1113,-2.4083,-1.3276
A|N5|5m->15m|level|ETHUSD,1031,ETHUSD,A,5,5,15,level,mtf,A|N5|5m->15m|level,train,1031.0,1,0.3298,0.0533,-1.1503,-1.0,0.6472,0.2194,0.00256,0.8691,-0.8158,55.0,-841.1,0.394,1.082,844.3,0.5541,16.292,100.0,35.1,64.9,1.5,65.0,2.93,0.6576,0.5005,0.3511,5.0,25.0,60.0,1.38,-1.535,7.0,1.1,1.168,-7.155,-0.034,0.1435,-1.0511,-0.6051
A|N5|5m->15m|level|SOLUSD,1222,SOLUSD,A,5,5,15,level,mtf,A|N5|5m->15m|level,train,1222.0,1,0.3282,0.0409,-1.1392,-1.0,1.1508,0.3901,0.00267,1.5435,-1.5026,50.0,-1836.2,0.263,1.063,1841.0,0.6176,37.724,100.0,34.7,65.3,1.4,53.5,3.47,0.6432,0.5155,0.347,5.0,25.0,60.0,1.367,-1.489,7.0,1.134,1.038,-2.51,-0.0376,0.117,-2.929,-0.6413
A|N5|5m->15m|level|XRPUSD,1214,XRPUSD,A,5,5,15,level,mtf,A|N5|5m->15m|level,train,1214.0,1,0.2867,-0.056,-1.1703,-1.0,0.7452,0.2526,0.00074,0.9986,-1.0546,-68.0,-1280.3,0.3,0.918,1284.8,0.5233,,100.0,31.5,68.5,1.2,47.0,3.45,0.6334,0.4687,0.3147,5.0,25.0,60.0,1.433,-1.723,7.0,0.954,-1.376,-9.415,-0.1351,0.0231,-1.277,-0.8441
A|N5|15m->5m|oneshot|BTCUSD,322,BTCUSD,A,5,15,5,oneshot,mtf,A|N5|15m->5m|oneshot,train,322.0,1,0.3385,0.0248,-1.1653,-1.0,0.384,0.1302,0.00296,0.5172,-0.4923,8.0,-158.5,0.517,1.038,168.5,0.5316,20.816,100.0,34.2,65.8,0.0,199.0,0.92,0.6553,0.4969,0.3385,5.0,75.0,90.0,1.467,-1.39,8.0,0.983,0.351,-5.579,-0.1149,0.1646,-0.6682,-0.3221
A|N5|15m->5m|oneshot|ETHUSD,337,ETHUSD,A,5,15,5,oneshot,mtf,A|N5|15m->5m|oneshot,train,280.0,1,0.3709,0.1217,-1.0962,-1.0,0.2164,0.0734,0.00585,0.2956,-0.174,41.0,-58.6,0.79,1.194,67.8,0.9398,2.43,100.0,37.4,62.6,0.0,254.0,0.96,0.6588,0.5163,0.3709,5.0,75.0,120.0,1.5,-1.395,8.0,1.074,1.585,-1.646,-0.0208,0.2552,-0.3713,0.002
A|N5|15m->5m|oneshot|SOLUSD,324,SOLUSD,A,5,15,5,oneshot,mtf,A|N5|15m->5m|oneshot,train,324.0,1,0.321,-0.0093,-1.0861,-1.0,0.1988,0.0674,0.00366,0.2698,-0.2791,-3.0,-90.4,0.675,0.986,99.3,1.1606,,100.0,33.0,67.0,0.0,211.5,0.92,0.6481,0.5,0.3272,5.0,75.0,90.0,1.55,-1.392,7.0,0.996,-0.116,-3.32,-0.1574,0.1481,-0.4503,-0.1142
A|N5|15m->5m|oneshot|XRPUSD,355,XRPUSD,A,5,15,5,oneshot,mtf,A|N5|15m->5m|oneshot,train,348.1,1,0.3268,-0.0197,-1.1001,-1.0,0.2442,0.0828,0.00061,0.3276,-0.3473,-7.0,-123.3,0.629,0.971,130.5,1.0432,,100.0,32.7,67.3,0.8,227.0,1.01,0.6648,0.5155,0.3268,5.0,75.0,105.0,1.482,-1.63,8.0,1.089,-0.257,-3.754,-0.1718,0.1324,-0.5268,-0.1763
A|N5|15m->5m|level|BTCUSD,412,BTCUSD,A,5,15,5,level,mtf,A|N5|15m->5m|level,train,412.0,1,0.2937,-0.017,-1.1886,-1.0,1.2849,0.4356,0.00661,1.7271,-1.7441,-7.0,-718.6,0.211,0.975,728.6,0.4798,,100.0,32.8,67.2,1.5,134.0,1.17,0.6359,0.4854,0.3252,5.0,75.0,180.0,1.231,-1.484,7.0,1.024,-0.265,-3.589,-0.1408,0.1068,-2.8066,-0.9847
A|N5|15m->5m|level|ETHUSD,482,ETHUSD,A,5,15,5,level,mtf,A|N5|15m->5m|level,train,482.0,1,0.3465,0.1079,-1.0923,-1.0,0.8182,0.2774,0.00514,1.1008,-0.9929,52.0,-478.6,0.375,1.171,486.5,0.8323,10.203,100.0,36.9,63.1,1.9,167.5,1.37,0.6494,0.4979,0.3672,5.0,75.0,165.0,1.343,-1.523,7.0,1.09,1.587,-2.925,-0.0228,0.2448,-1.7484,-0.4257
A|N5|15m->5m|level|SOLUSD,513,SOLUSD,A,5,15,5,level,mtf,A|N5|15m->5m|level,train,513.0,1,0.3392,0.0702,-1.0866,-1.0,0.4838,0.164,0.00285,0.6507,-0.5805,36.0,-297.8,0.495,1.109,308.8,0.9247,9.272,100.0,35.7,64.3,1.2,100.0,1.46,0.6374,0.5127,0.3528,5.0,75.0,180.0,1.126,-1.523,7.0,1.112,1.097,-5.165,-0.0585,0.193,-0.7988,-0.3478
A|N5|15m->5m|level|XRPUSD,540,XRPUSD,A,5,15,5,level,mtf,A|N5|15m->5m|level,train,540.0,1,0.3019,-0.0333,-1.108,-1.0,0.6111,0.2072,-0.00015,0.8181,-0.8514,-18.0,-459.8,0.374,0.951,465.9,0.772,,100.0,32.2,67.8,1.9,115.0,1.54,0.6407,0.4907,0.3222,5.0,75.0,180.0,1.364,-1.805,8.0,1.011,-0.565,-5.568,-0.1444,0.0778,-1.1602,-0.5679
A|N8|5m->15m|oneshot|BTCUSD,470,BTCUSD,A,8,5,15,oneshot,mtf,A|N8|5m->15m|oneshot,train,468.3,1,0.366,0.1617,-1.2012,-1.0,0.4992,0.1692,0.00569,0.674,-0.5123,76.0,-240.8,0.518,1.264,251.3,0.4413,4.168,100.0,38.7,61.3,0.2,117.5,1.34,0.666,0.517,0.3872,8.0,40.0,70.0,1.927,-2.06,12.0,1.099,2.506,-5.735,0.034,0.283,-0.6914,-0.343
A|N8|5m->15m|oneshot|ETHUSD,649,ETHUSD,A,8,5,15,oneshot,mtf,A|N8|5m->15m|oneshot,train,649.0,1,0.3374,0.0216,-1.1462,-1.0,0.3748,0.127,0.00332,0.5051,-0.4836,14.0,-313.8,0.54,1.033,321.5,0.6761,23.417,100.0,34.1,65.9,0.3,107.0,1.85,0.6641,0.5131,0.3405,8.0,40.0,65.0,2.042,-2.016,12.0,1.059,0.353,-4.259,-0.094,0.1464,-0.7134,-0.2797
A|N8|5m->15m|oneshot|SOLUSD,668,SOLUSD,A,8,5,15,oneshot,mtf,A|N8|5m->15m|oneshot,train,612.8,1,0.3249,0.0105,-1.1192,-1.0,0.2928,0.0992,0.00398,0.396,-0.3855,7.0,-257.5,0.595,1.016,269.9,0.7821,37.789,100.0,33.7,66.3,0.3,98.5,1.9,0.6841,0.479,0.3353,8.0,40.0,60.0,2.011,-1.99,12.0,0.942,0.17,-5.481,-0.1018,0.1317,-0.5158,-0.2533
A|N8|5m->15m|oneshot|XRPUSD,637,XRPUSD,A,8,5,15,oneshot,mtf,A|N8|5m->15m|oneshot,train,637.0,1,0.3108,-0.0298,-1.1349,-1.0,0.369,0.1251,-0.00598,0.4881,-0.518,-19.0,-330.0,0.503,0.956,336.1,0.714,,100.0,32.3,67.7,0.2,96.0,1.81,0.6452,0.471,0.3234,8.0,40.0,55.0,2.09,-2.047,12.0,0.903,-0.562,-6.705,-0.1336,0.0785,-0.6764,-0.3687
A|N8|5m->15m|level|BTCUSD,639,BTCUSD,A,8,5,15,level,mtf,A|N8|5m->15m|level,train,639.0,1,0.3443,0.1408,-1.1958,-1.0,1.2831,0.4349,-0.00857,1.7095,-1.5686,90.0,-1002.4,0.242,1.227,1013.5,0.3836,12.137,100.0,38.0,62.0,1.3,87.0,1.82,0.6432,0.4961,0.3787,8.0,40.0,95.0,1.656,-2.052,11.0,1.067,2.327,-4.542,0.0188,0.2629,-2.3542,-0.9923
A|N8|5m->15m|level|ETHUSD,866,ETHUSD,A,8,5,15,level,mtf,A|N8|5m->15m|level,train,866.0,1,0.3245,0.0254,-1.1503,-1.0,0.6894,0.2337,0.00378,0.9268,-0.9014,22.0,-780.6,0.372,1.039,792.6,0.6143,36.484,100.0,34.2,65.8,1.0,77.5,2.46,0.6467,0.4954,0.3418,8.0,40.0,90.0,1.588,-2.149,11.0,1.014,0.511,-6.401,-0.0716,0.1189,-1.1977,-0.6444
A|N8|5m->15m|level|SOLUSD,860,SOLUSD,A,8,5,15,level,mtf,A|N8|5m->15m|level,train,860.0,1,0.3221,0.036,-1.1075,-1.0,0.843,0.2858,0.00204,1.1308,-1.0947,31.0,-941.5,0.334,1.055,948.5,0.7355,31.369,100.0,34.5,65.5,2.0,81.0,2.44,0.6547,0.4837,0.3442,8.0,40.0,95.0,1.711,-1.995,11.0,1.044,0.717,-4.016,-0.0581,0.1337,-1.7056,-0.6465
A|N8|5m->15m|level|XRPUSD,848,XRPUSD,A,8,5,15,level,mtf,A|N8|5m->15m|level,train,848.0,1,0.2925,-0.0802,-1.1457,-1.0,0.6674,0.2262,-0.00259,0.8911,-0.9713,-68.0,-823.6,0.33,0.884,831.9,0.6361,,100.0,30.7,69.3,1.4,68.5,2.41,0.612,0.4493,0.3066,8.0,40.0,95.0,1.812,-2.231,11.0,0.879,-1.646,-8.562,-0.1722,0.0189,-1.2079,-0.7628
A|N8|15m->5m|oneshot|BTCUSD,186,BTCUSD,A,8,15,5,oneshot,mtf,A|N8|15m->5m|oneshot,train,186.0,1,0.3548,0.0645,-1.1312,-1.0,0.2348,0.0796,0.01184,0.3262,-0.2617,12.0,-48.7,0.694,1.1,57.1,0.7229,5.056,100.0,35.5,64.5,0.0,391.5,0.53,0.6882,0.5376,0.3548,8.0,120.0,180.0,2.325,-1.721,12.0,1.107,0.666,-2.509,-0.1129,0.2581,-0.4697,-0.0639
A|N8|15m->5m|oneshot|ETHUSD,251,ETHUSD,A,8,15,5,oneshot,mtf,A|N8|15m->5m|oneshot,train,251.0,1,0.3665,0.0996,-1.0823,-1.0,0.2006,0.068,0.00346,0.272,-0.1724,25.0,-43.3,0.792,1.157,54.7,1.0977,2.731,100.0,36.7,63.3,0.8,342.0,0.71,0.7211,0.5418,0.3625,8.0,120.0,135.0,1.934,-1.81,10.0,1.154,0.98,-1.549,-0.0916,0.3028,-0.3955,0.0406
A|N8|15m->5m|oneshot|SOLUSD,223,SOLUSD,A,8,15,5,oneshot,mtf,A|N8|15m->5m|oneshot,train,222.5,1,0.3453,0.0359,-1.0788,-1.0,0.1387,0.047,0.00473,0.1905,-0.1546,8.0,-34.5,0.801,1.055,39.1,1.2695,5.309,100.0,34.5,65.5,0.0,264.0,0.64,0.7534,0.5336,0.3453,8.0,120.0,135.0,1.709,-1.587,11.0,1.086,0.402,-1.768,-0.1525,0.1976,-0.3267,0.012
A|N8|15m->5m|oneshot|XRPUSD,234,XRPUSD,A,8,15,5,oneshot,mtf,A|N8|15m->5m|oneshot,train,234.0,1,0.3547,0.0769,-1.0723,-1.0,0.1495,0.0507,0.00031,0.2005,-0.1236,18.0,-28.9,0.838,1.12,34.7,1.2407,2.606,100.0,35.9,64.1,0.0,280.5,0.67,0.6453,0.4744,0.359,8.0,120.0,135.0,1.793,-1.932,10.5,0.947,0.904,-1.451,-0.0897,0.2436,-0.2854,0.0483
A|N8|15m->5m|level|BTCUSD,294,BTCUSD,A,8,15,5,level,mtf,A|N8|15m->5m|level,train,294.0,1,0.3027,0.0816,-1.1758,-1.0,1.2345,0.4185,0.01166,1.6647,-1.583,24.0,-465.4,0.231,1.128,472.9,0.4251,20.392,100.0,36.1,63.9,1.7,140.5,0.84,0.6599,0.534,0.3605,8.0,120.0,285.0,2.017,-2.205,11.0,1.132,0.873,-4.249,-0.102,0.2653,-2.4194,-0.9483
A|N8|15m->5m|level|ETHUSD,447,ETHUSD,A,8,15,5,level,mtf,A|N8|15m->5m|level,train,447.0,1,0.3199,0.0134,-1.105,-1.0,0.9177,0.3111,0.00425,1.233,-1.2196,6.0,-545.1,0.303,1.02,551.1,0.7253,91.858,100.0,33.8,66.2,2.9,108.0,1.27,0.6488,0.5056,0.3356,8.0,120.0,240.0,1.712,-2.125,10.0,1.111,0.205,-3.58,-0.1208,0.1477,-1.9884,-0.6758
A|N8|15m->5m|level|SOLUSD,430,SOLUSD,A,8,15,5,level,mtf,A|N8|15m->5m|level,train,430.0,1,0.3209,0.0186,-1.0959,-1.0,0.7087,0.2402,0.00366,0.9526,-0.934,8.0,-401.6,0.362,1.028,407.9,0.8298,51.202,100.0,34.0,66.0,1.4,99.0,1.22,0.6558,0.5093,0.3395,8.0,120.0,270.0,1.622,-2.313,12.0,1.105,0.279,-4.933,-0.114,0.1512,-1.3557,-0.6069
A|N8|15m->5m|level|XRPUSD,406,XRPUSD,A,8,15,5,level,mtf,A|N8|15m->5m|level,train,362.3,1,0.2882,-0.069,-1.1087,-1.0,0.8204,0.2781,0.0003,1.0987,-1.1677,-28.0,-474.1,0.293,0.9,478.0,0.818,,100.0,31.0,69.0,2.7,93.0,1.16,0.5862,0.4212,0.3103,8.0,120.0,255.0,1.51,-2.342,10.0,0.886,-1.051,-4.134,-0.1946,0.0567,-1.7163,-0.7072
B|N2|5m->15m|oneshot|BTCUSD,1884,BTCUSD,B,2,5,15,oneshot,mtf,B|N2|5m->15m|oneshot,train,1884.0,1,0.2787,0.0032,-1.4576,-1.0,1.9076,0.6466,-0.0066,2.5476,-2.5444,6.0,-4793.7,0.122,1.005,4793.0,0.209,799.95,0.0,33.4,66.6,1.1,30.0,5.37,0.6338,0.4926,0.3344,2.0,10.0,25.0,1.191,-1.081,3.0,1.044,0.096,-6.888,-0.0637,0.0669,-3.3638,-1.9024
B|N2|5m->15m|oneshot|ETHUSD,1902,ETHUSD,B,2,5,15,oneshot,mtf,B|N2|5m->15m|oneshot,train,1902.0,1,0.3265,0.0505,-1.2607,-1.0,0.7414,0.2513,-0.00255,0.9902,-0.9397,96.0,-1787.3,0.341,1.078,1788.3,0.3544,19.618,0.0,35.0,65.0,0.8,32.0,5.39,0.6625,0.5068,0.3502,2.0,10.0,25.0,1.07,-1.129,4.0,1.087,1.617,-9.226,-0.0126,0.1104,-1.1594,-0.7579
B|N2|5m->15m|oneshot|SOLUSD,1915,SOLUSD,B,2,5,15,oneshot,mtf,B|N2|5m->15m|oneshot,train,1915.0,1,0.3269,0.0449,-1.2075,-1.0,0.8616,0.2921,-0.00147,1.1523,-1.1074,86.0,-2120.6,0.315,1.069,2120.1,0.4327,25.658,0.0,34.8,65.2,0.8,33.0,5.43,0.67,0.5128,0.3483,2.0,10.0,25.0,1.065,-1.026,4.0,1.111,1.388,-4.393,-0.0193,0.1091,-1.671,-0.6956
B|N2|5m->15m|oneshot|XRPUSD,2013,XRPUSD,B,2,5,15,oneshot,mtf,B|N2|5m->15m|oneshot,train,1673.6,1,0.3388,0.0924,-1.2151,-1.0,0.6766,0.2293,-0.00135,0.9046,-0.8122,186.0,-1634.9,0.386,1.145,1636.5,0.3839,9.79,0.0,36.4,63.6,0.8,35.0,5.71,0.6672,0.5315,0.3641,2.0,10.0,25.0,1.117,-1.073,3.0,1.17,2.62,-9.554,0.0298,0.158,-0.9744,-0.6766
B|N2|5m->15m|level|BTCUSD,2073,BTCUSD,B,2,5,15,level,mtf,B|N2|5m->15m|level,train,1219.1,1,0.2639,-0.0188,-1.4718,-1.0,2.125,0.7204,-0.00568,2.8397,-2.8585,-39.0,-5925.7,0.109,0.972,5924.3,0.2073,,0.0,32.7,67.3,1.3,30.0,5.91,0.6146,0.4781,0.3271,2.0,10.0,30.0,1.096,-1.032,3.0,0.982,-0.468,-5.853,-0.0738,0.0435,-3.6684,-2.2216
B|N2|5m->15m|level|ETHUSD,2112,ETHUSD,B,2,5,15,level,mtf,B|N2|5m->15m|level,train,2112.0,1,0.3125,0.0256,-1.255,-1.0,0.8668,0.2938,-0.00287,1.1578,-1.1322,54.0,-2391.3,0.29,1.039,2390.8,0.3534,45.283,0.0,34.2,65.8,1.0,31.0,5.98,0.6406,0.492,0.3419,2.0,10.0,30.0,1.062,-1.111,3.0,1.04,0.812,-10.782,-0.0341,0.0881,-1.3562,-0.9347
B|N2|5m->15m|level|SOLUSD,2262,SOLUSD,B,2,5,15,level,mtf,B|N2|5m->15m|level,train,2262.0,1,0.3192,0.0504,-1.1986,-1.0,1.0342,0.3506,-0.00164,1.3832,-1.3328,114.0,-3014.8,0.271,1.078,3013.0,0.4317,27.445,0.0,35.0,65.0,1.4,32.0,6.41,0.6561,0.5044,0.3501,2.0,10.0,30.0,1.022,-1.06,3.0,1.107,1.747,-6.232,-0.0053,0.1074,-1.7893,-0.9566
B|N2|5m->15m|level|XRPUSD,2293,XRPUSD,B,2,5,15,level,mtf,B|N2|5m->15m|level,train,1752.0,1,0.3288,0.0663,-1.2112,-1.0,0.7991,0.2709,-0.00099,1.0689,-1.0026,152.0,-2299.1,0.332,1.103,2301.1,0.3889,16.125,0.0,35.5,64.5,1.2,32.0,6.5,0.6511,0.5111,0.3554,2.0,10.0,30.0,1.089,-1.078,3.0,1.125,1.941,-10.565,0.0074,0.1252,-1.1711,-0.85
B|N2|15m->5m|oneshot|BTCUSD,668,BTCUSD,B,2,15,5,oneshot,mtf,B|N2|15m->5m|oneshot,train,668.0,1,0.3293,0.0689,-1.2553,-1.0,0.6837,0.2318,-0.00513,0.9104,-0.8415,46.0,-562.1,0.369,1.107,560.7,0.3321,13.22,0.0,35.6,64.4,0.3,82.0,1.9,0.6722,0.5045,0.3563,2.0,30.0,45.0,1.002,-1.103,3.0,1.069,1.257,-5.831,-0.039,0.1766,-1.1575,-0.5962
B|N2|15m->5m|oneshot|ETHUSD,751,ETHUSD,B,2,15,5,oneshot,mtf,B|N2|15m->5m|oneshot,train,751.0,1,0.3409,0.0626,-1.154,-1.0,0.3754,0.1273,-0.00231,0.5004,-0.4378,47.0,-328.8,0.559,1.097,330.3,0.564,7.996,0.0,35.4,64.6,0.1,82.0,2.13,0.6977,0.5326,0.3542,2.0,30.0,45.0,1.05,-1.164,3.0,1.15,1.308,-7.525,-0.0373,0.1585,-0.5504,-0.3279
B|N2|15m->5m|oneshot|SOLUSD,728,SOLUSD,B,2,15,5,oneshot,mtf,B|N2|15m->5m|oneshot,train,728.0,1,0.3462,0.0549,-1.1299,-1.0,0.4102,0.139,-0.00257,0.5467,-0.4917,40.0,-358.0,0.545,1.085,358.6,0.6946,9.949,0.0,35.2,64.8,0.4,79.0,2.06,0.6662,0.5027,0.3516,2.0,30.0,45.0,1.085,-1.028,3.0,1.078,1.081,-3.593,-0.044,0.1538,-0.8046,-0.2661
B|N2|15m->5m|oneshot|XRPUSD,770,XRPUSD,B,2,15,5,oneshot,mtf,B|N2|15m->5m|oneshot,train,770.0,1,0.3364,0.0286,-1.1479,-1.0,0.3606,0.1222,-0.00241,0.4805,-0.4519,22.0,-348.0,0.556,1.043,349.5,0.6403,16.816,0.0,34.3,65.7,0.3,79.0,2.18,0.6753,0.5195,0.3429,2.0,30.0,45.0,1.114,-1.081,3.0,1.1,0.561,-5.99,-0.0727,0.1221,-0.6053,-0.3125
B|N2|15m->5m|level|BTCUSD,836,BTCUSD,B,2,15,5,level,mtf,B|N2|15m->5m|level,train,836.0,1,0.2691,-0.0419,-1.3027,-1.0,1.5277,0.5179,-0.0049,2.0407,-2.0825,-35.0,-1741.0,0.16,0.938,1742.5,0.3087,,0.0,31.9,68.1,1.2,63.0,2.37,0.6304,0.4833,0.3194,2.0,30.0,75.0,0.908,-1.115,3.0,1.023,-0.884,-7.979,-0.1353,0.0514,-2.6294,-1.6112
B|N2|15m->5m|level|ETHUSD,936,ETHUSD,B,2,15,5,level,mtf,B|N2|15m->5m|level,train,850.7,1,0.3269,0.0577,-1.1412,-1.0,0.7499,0.2542,-0.00298,1.0011,-0.9435,54.0,-883.1,0.358,1.089,884.6,0.5456,17.353,0.0,35.3,64.7,1.2,77.5,2.66,0.6741,0.5203,0.3526,2.0,30.0,75.0,0.986,-1.129,3.0,1.144,1.214,-5.346,-0.0321,0.1474,-1.3218,-0.6533
B|N2|15m->5m|level|SOLUSD,868,SOLUSD,B,2,15,5,level,mtf,B|N2|15m->5m|level,train,868.0,1,0.3283,0.0403,-1.1266,-1.0,0.8729,0.2959,-0.0029,1.1659,-1.1256,35.0,-977.0,0.328,1.062,978.9,0.6867,28.914,0.0,34.7,65.3,0.8,77.5,2.46,0.6694,0.5092,0.3468,2.0,30.0,75.0,0.989,-1.009,3.0,1.112,0.889,-2.889,-0.0495,0.1267,-1.99,-0.5693
B|N2|15m->5m|level|XRPUSD,933,XRPUSD,B,2,15,5,level,mtf,B|N2|15m->5m|level,train,933.0,1,0.3323,0.0322,-1.1335,-1.0,0.5599,0.1898,0.00065,0.7504,-0.7182,30.0,-670.1,0.43,1.049,672.8,0.6766,23.336,0.0,34.4,65.6,1.2,69.0,2.65,0.6592,0.507,0.3441,2.0,30.0,75.0,1.024,-1.077,3.0,1.1,0.682,-7.373,-0.0611,0.1254,-0.9181,-0.5342
B|N3|5m->15m|oneshot|BTCUSD,1390,BTCUSD,B,3,5,15,oneshot,mtf,B|N3|5m->15m|oneshot,train,1390.0,1,0.3014,0.0532,-1.3922,-1.0,1.304,0.4421,-0.0051,1.741,-1.6878,74.0,-2346.0,0.191,1.082,2344.2,0.2371,32.703,0.0,35.1,64.9,0.4,43.0,3.94,0.659,0.5007,0.3511,3.0,15.0,30.0,1.372,-1.324,5.0,1.023,1.503,-8.694,-0.0158,0.1245,-2.1015,-1.3436
B|N3|5m->15m|oneshot|ETHUSD,1409,ETHUSD,B,3,5,15,oneshot,mtf,B|N3|5m->15m|oneshot,train,1409.0,1,0.33,0.0688,-1.2075,-1.0,0.682,0.2312,-0.00367,0.9095,-0.8407,97.0,-1184.5,0.375,1.107,1184.7,0.3963,13.211,0.0,35.6,64.4,0.6,39.0,3.99,0.665,0.5025,0.3563,3.0,15.0,30.0,1.329,-1.362,5.0,1.042,1.753,-9.717,-0.0057,0.1434,-1.0204,-0.6817
B|N3|5m->15m|oneshot|SOLUSD,1314,SOLUSD,B,3,5,15,oneshot,mtf,B|N3|5m->15m|oneshot,train,1314.0,1,0.3349,0.0616,-1.1829,-1.0,0.6353,0.2154,-0.00073,0.8499,-0.7883,81.0,-1035.8,0.403,1.095,1035.6,0.5226,13.787,0.0,35.4,64.6,0.6,45.0,3.72,0.6728,0.5061,0.3539,3.0,15.0,30.0,1.389,-1.293,5.0,1.076,1.575,-4.206,-0.016,0.1393,-1.2131,-0.5005
B|N3|5m->15m|oneshot|XRPUSD,1370,XRPUSD,B,3,5,15,oneshot,mtf,B|N3|5m->15m|oneshot,train,1340.7,1,0.3343,0.0577,-1.1864,-1.0,0.4522,0.1533,0.00021,0.6058,-0.5481,79.0,-750.9,0.495,1.089,751.1,0.4836,10.505,0.0,35.3,64.7,0.3,47.0,3.88,0.6606,0.5285,0.3526,3.0,15.0,30.0,1.369,-1.222,5.0,1.104,1.44,-9.787,-0.0212,0.1365,-0.659,-0.4415
B|N3|5m->15m|level|BTCUSD,1583,BTCUSD,B,3,5,15,level,mtf,B|N3|5m->15m|level,train,1583.0,1,0.2798,0.012,-1.4037,-1.0,1.8244,0.6184,-0.00377,2.439,-2.427,19.0,-3842.0,0.132,1.018,3840.2,0.2329,203.21,0.0,33.7,66.3,1.2,39.0,4.49,0.6475,0.4801,0.3373,3.0,15.0,40.0,1.232,-1.255,4.0,0.999,0.341,-8.62,-0.0562,0.0821,-2.9986,-1.9099
B|N3|5m->15m|level|ETHUSD,1560,ETHUSD,B,3,5,15,level,mtf,B|N3|5m->15m|level,train,1560.0,1,0.3224,0.0635,-1.1886,-1.0,0.9062,0.3072,-0.005,1.2084,-1.145,99.0,-1786.1,0.303,1.098,1785.4,0.4149,19.042,0.0,35.4,64.6,1.2,41.0,4.42,0.6673,0.5115,0.3545,3.0,15.0,40.0,1.275,-1.323,5.0,1.109,1.763,-7.822,-0.0096,0.1308,-1.456,-0.8869
B|N3|5m->15m|level|SOLUSD,1600,SOLUSD,B,3,5,15,level,mtf,B|N3|5m->15m|level,train,1600.0,1,0.315,0.0219,-1.1774,-1.0,0.7779,0.2637,-0.0015,1.04,-1.0182,35.0,-1629.1,0.327,1.033,1627.6,0.4933,47.545,0.0,34.1,65.9,1.2,39.5,4.53,0.6619,0.4988,0.3406,3.0,15.0,40.0,1.287,-1.279,4.0,1.079,0.603,-6.797,-0.0512,0.0912,-1.3549,-0.763
B|N3|5m->15m|level|XRPUSD,1584,XRPUSD,B,3,5,15,level,mtf,B|N3|5m->15m|level,train,1477.6,1,0.3226,0.0473,-1.186,-1.0,0.7034,0.2384,-0.00216,0.9397,-0.8924,75.0,-1413.5,0.363,1.073,1415.4,0.47,19.847,0.0,34.9,65.1,1.2,46.0,4.49,0.649,0.5152,0.3491,3.0,15.0,42.5,1.254,-1.239,5.0,1.108,1.246,-9.189,-0.0227,0.1213,-1.0765,-0.7138
B|N3|15m->5m|oneshot|BTCUSD,512,BTCUSD,B,3,15,5,oneshot,mtf,B|N3|15m->5m|oneshot,train,512.0,1,0.3262,0.043,-1.2135,-1.0,0.9447,0.3202,-0.00741,1.2575,-1.2145,22.0,-621.8,0.287,1.066,625.4,0.398,29.266,0.0,34.8,65.2,0.4,102.5,1.45,0.6562,0.5176,0.3477,3.0,45.0,60.0,1.317,-1.361,5.0,1.128,0.795,-4.81,-0.0625,0.1484,-1.7664,-0.7955
B|N3|15m->5m|oneshot|ETHUSD,526,ETHUSD,B,3,15,5,oneshot,mtf,B|N3|15m->5m|oneshot,train,526.0,1,0.3536,0.0837,-1.1287,-1.0,0.3348,0.1135,-0.00356,0.4448,-0.3611,44.0,-190.0,0.627,1.131,194.5,0.6797,5.317,0.0,36.1,63.9,0.0,117.0,1.51,0.6882,0.5228,0.3612,3.0,45.0,60.0,1.284,-1.376,5.0,1.129,1.454,-4.225,-0.0304,0.1977,-0.5316,-0.2018
B|N3|15m->5m|oneshot|SOLUSD,534,SOLUSD,B,3,15,5,oneshot,mtf,B|N3|15m->5m|oneshot,train,529.9,1,0.3446,0.073,-1.1035,-1.0,0.2898,0.0982,-0.00361,0.3844,-0.3114,39.0,-166.3,0.659,1.114,164.9,0.8564,5.263,0.0,35.8,64.2,0.0,136.5,1.52,0.691,0.5562,0.3577,3.0,45.0,60.0,1.329,-1.279,5.0,1.199,1.202,-3.937,-0.0393,0.1966,-0.4669,-0.1674
B|N3|15m->5m|oneshot|XRPUSD,519,XRPUSD,B,3,15,5,oneshot,mtf,B|N3|15m->5m|oneshot,train,519.0,1,0.3526,0.0925,-1.107,-1.0,0.3516,0.1192,0.00213,0.4729,-0.3804,48.0,-197.4,0.617,1.145,210.5,0.7806,5.114,0.0,36.4,63.6,0.2,110.0,1.48,0.6898,0.5106,0.3642,3.0,45.0,75.0,1.249,-1.341,5.0,1.114,1.506,-3.824,-0.0231,0.2139,-0.5877,-0.1939
B|N3|15m->5m|level|BTCUSD,723,BTCUSD,B,3,15,5,level,mtf,B|N3|15m->5m|level,train,723.0,1,0.2739,-0.0249,-1.285,-1.0,2.2067,0.748,-0.00513,2.9496,-2.9745,-18.0,-2150.6,0.118,0.963,2152.5,0.2933,,0.0,32.5,67.5,1.1,70.0,2.05,0.6279,0.4938,0.325,3.0,45.0,105.0,1.219,-1.474,4.0,1.047,-0.533,-4.413,-0.1203,0.0664,-4.5168,-1.8473
B|N3|15m->5m|level|ETHUSD,645,ETHUSD,B,3,15,5,level,mtf,B|N3|15m->5m|level,train,645.0,1,0.3473,0.0977,-1.111,-1.0,0.9183,0.3113,-0.00383,1.2257,-1.1281,63.0,-727.6,0.337,1.154,731.4,0.6336,12.549,0.0,36.6,63.4,1.2,100.0,1.85,0.6713,0.5287,0.3659,3.0,45.0,105.0,1.205,-1.377,5.0,1.177,1.886,-4.099,0.0,0.2,-1.7055,-0.6471
B|N3|15m->5m|level|SOLUSD,712,SOLUSD,B,3,15,5,level,mtf,B|N3|15m->5m|level,train,712.0,1,0.3258,0.0492,-1.1073,-1.0,0.9055,0.3069,-0.00236,1.2101,-1.1609,35.0,-826.6,0.323,1.076,830.0,0.7617,24.616,0.0,35.0,65.0,1.3,90.5,2.02,0.6517,0.5098,0.3497,3.0,45.0,105.0,1.141,-1.302,5.0,1.11,0.921,-2.5,-0.052,0.1545,-2.2012,-0.5396
B|N3|15m->5m|level|XRPUSD,682,XRPUSD,B,3,15,5,level,mtf,B|N3|15m->5m|level,train,682.0,1,0.3211,0.0293,-1.1143,-1.0,0.5631,0.1909,0.0017,0.7556,-0.7263,20.0,-495.3,0.421,1.045,502.4,0.7256,25.767,0.0,34.3,65.7,1.0,83.5,1.94,0.651,0.4927,0.3431,3.0,45.0,120.0,1.179,-1.38,4.0,1.069,0.552,-6.98,-0.0762,0.1306,-0.9471,-0.5371
B|N5|5m->15m|oneshot|BTCUSD,839,BTCUSD,B,5,5,15,oneshot,mtf,B|N5|5m->15m|oneshot,train,839.0,1,0.3063,0.0155,-1.3095,-1.0,0.9266,0.3141,-0.00656,1.2342,-1.2187,13.0,-1022.5,0.263,1.023,1023.8,0.3066,79.65,0.0,33.8,66.2,0.5,70.0,2.38,0.6567,0.5042,0.3385,5.0,25.0,40.0,1.677,-1.689,8.0,1.078,0.319,-6.866,-0.0776,0.1086,-1.6158,-0.9348
B|N5|5m->15m|oneshot|ETHUSD,992,ETHUSD,B,5,5,15,oneshot,mtf,B|N5|5m->15m|oneshot,train,992.0,1,0.3508,0.0978,-1.1739,-1.0,0.4472,0.1516,-0.00246,0.5963,-0.4985,97.0,-494.5,0.525,1.154,495.8,0.5077,6.098,0.0,36.6,63.4,0.3,65.0,2.81,0.6845,0.5192,0.3659,5.0,25.0,45.0,1.623,-1.782,8.0,1.068,2.212,-8.365,0.0161,0.1855,-0.6139,-0.3769
B|N5|5m->15m|oneshot|SOLUSD,949,SOLUSD,B,5,5,15,oneshot,mtf,B|N5|5m->15m|oneshot,train,949.0,1,0.3404,0.0558,-1.1506,-1.0,0.4162,0.1411,-0.00155,0.5558,-0.4999,53.0,-474.4,0.536,1.086,475.7,0.6001,9.951,0.0,35.2,64.8,0.5,59.0,2.69,0.6459,0.5163,0.3519,5.0,25.0,40.0,1.831,-1.712,7.0,1.113,1.155,-6.052,-0.0358,0.1507,-0.665,-0.3465
B|N5|5m->15m|oneshot|XRPUSD,989,XRPUSD,B,5,5,15,oneshot,mtf,B|N5|5m->15m|oneshot,train,610.6,1,0.3316,0.0222,-1.1652,-1.0,0.4261,0.1444,0.00073,0.5713,-0.5491,22.0,-543.0,0.496,1.034,544.0,0.574,25.683,0.0,34.1,65.9,0.3,62.0,2.8,0.6491,0.4995,0.3407,5.0,25.0,40.0,1.668,-1.716,8.0,1.029,0.362,-6.097,-0.0719,0.1193,-0.6922,-0.4136
B|N5|5m->15m|level|BTCUSD,1112,BTCUSD,B,5,5,15,level,mtf,B|N5|5m->15m|level,train,1112.0,1,0.2788,-0.0126,-1.363,-1.0,1.7752,0.6018,-0.0054,2.3715,-2.3841,-14.0,-2651.1,0.141,0.981,2652.5,0.2601,,0.0,32.9,67.1,1.1,52.0,3.15,0.6304,0.4847,0.3291,5.0,25.0,60.0,1.548,-1.769,7.0,1.026,-0.306,-8.252,-0.0908,0.0683,-2.9987,-1.8881
B|N5|5m->15m|level|ETHUSD,1061,ETHUSD,B,5,5,15,level,mtf,B|N5|5m->15m|level,train,1061.0,1,0.312,0.0377,-1.1765,-1.0,0.787,0.2668,-0.00347,1.0503,-1.0126,40.0,-1074.4,0.33,1.058,1076.1,0.492,27.86,0.0,34.6,65.4,1.5,62.0,3.01,0.6645,0.4967,0.3459,5.0,25.0,60.0,1.524,-1.841,7.0,1.047,0.878,-7.973,-0.0386,0.1254,-1.2805,-0.7929
B|N5|5m->15m|level|SOLUSD,1196,SOLUSD,B,5,5,15,level,mtf,B|N5|5m->15m|level,train,1196.0,1,0.3244,0.0585,-1.1482,-1.0,0.8174,0.2771,-0.00146,1.093,-1.0344,70.0,-1237.2,0.343,1.09,1241.3,0.5686,18.674,0.0,35.3,64.7,1.1,51.0,3.39,0.6672,0.5309,0.3528,5.0,25.0,60.0,1.656,-1.695,7.0,1.193,1.349,-5.17,-0.0243,0.1463,-1.5061,-0.71
B|N5|5m->15m|level|XRPUSD,1258,XRPUSD,B,5,5,15,level,mtf,B|N5|5m->15m|level,train,1158.5,1,0.3235,0.0421,-1.1589,-1.0,0.7826,0.2653,0.00216,1.05,-1.0079,53.0,-1267.9,0.337,1.065,1267.9,0.5258,24.922,0.0,34.7,65.3,1.9,49.0,3.57,0.6359,0.4913,0.3474,5.0,25.0,60.0,1.581,-1.806,7.0,1.062,0.969,-7.945,-0.039,0.1232,-1.2526,-0.7851
B|N5|15m->5m|oneshot|BTCUSD,362,BTCUSD,B,5,15,5,oneshot,mtf,B|N5|15m->5m|oneshot,train,362.0,1,0.326,0.0193,-1.1875,-1.0,0.4305,0.1459,-0.00573,0.5707,-0.5513,7.0,-199.6,0.485,1.029,198.2,0.4935,29.511,0.0,34.0,66.0,0.0,198.5,1.03,0.7127,0.5331,0.3398,5.0,75.0,105.0,1.6,-1.667,8.0,1.165,0.277,-6.354,-0.1215,0.1519,-0.7189,-0.3822
B|N5|15m->5m|oneshot|ETHUSD,373,ETHUSD,B,5,15,5,oneshot,mtf,B|N5|15m->5m|oneshot,train,373.0,1,0.3592,0.118,-1.09,-1.0,0.3044,0.1032,0.00377,0.4113,-0.2934,44.0,-109.4,0.68,1.188,109.3,0.8056,3.487,0.0,37.3,62.7,0.3,177.0,1.06,0.6997,0.504,0.3727,5.0,75.0,135.0,1.659,-1.765,8.0,1.072,1.662,-3.103,-0.0268,0.2547,-0.4862,-0.1117
B|N5|15m->5m|oneshot|SOLUSD,373,SOLUSD,B,5,15,5,oneshot,mtf,B|N5|15m->5m|oneshot,train,373.0,1,0.3539,0.0777,-1.0835,-1.0,0.1947,0.066,-0.00268,0.258,-0.1802,29.0,-67.2,0.775,1.121,77.0,1.081,3.318,0.0,35.9,64.1,0.0,177.0,1.06,0.6676,0.5147,0.3592,5.0,75.0,90.0,1.844,-1.668,8.0,1.134,1.076,-2.31,-0.059,0.2145,-0.336,-0.0236
B|N5|15m->5m|oneshot|XRPUSD,325,XRPUSD,B,5,15,5,oneshot,mtf,B|N5|15m->5m|oneshot,train,325.0,1,0.3446,0.0431,-1.1039,-1.0,0.2132,0.0723,0.00131,0.2868,-0.2438,14.0,-79.2,0.712,1.066,79.9,0.929,6.659,0.0,34.8,65.2,0.6,202.0,0.93,0.7015,0.5138,0.3477,5.0,75.0,90.0,1.493,-1.648,8.0,1.117,0.628,-3.522,-0.0954,0.1723,-0.3785,-0.1056
B|N5|15m->5m|level|BTCUSD,509,BTCUSD,B,5,15,5,level,mtf,B|N5|15m->5m|level,train,509.0,1,0.275,-0.0275,-1.2581,-1.0,1.9415,0.6581,-0.00432,2.5953,-2.6228,-14.0,-1335.0,0.141,0.959,1334.2,0.3687,,0.0,32.4,67.6,1.4,87.0,1.44,0.6424,0.4912,0.3222,5.0,75.0,180.0,1.426,-1.956,7.0,1.049,-0.449,-3.705,-0.1395,0.0963,-4.139,-1.4903
B|N5|15m->5m|level|ETHUSD,533,ETHUSD,B,5,15,5,level,mtf,B|N5|15m->5m|level,train,533.0,1,0.3265,0.0694,-1.1039,-1.0,1.1422,0.3872,0.00155,1.531,-1.4616,37.0,-779.0,0.273,1.108,777.4,0.6717,22.055,0.0,35.6,64.4,2.3,102.0,1.51,0.6623,0.4991,0.3565,5.0,75.0,165.0,1.515,-1.904,8.0,1.124,1.184,-4.453,-0.0432,0.1876,-2.163,-0.9093
B|N5|15m->5m|level|SOLUSD,594,SOLUSD,B,5,15,5,level,mtf,B|N5|15m->5m|level,train,594.0,1,0.3367,0.0808,-1.0912,-1.0,0.6096,0.2067,-0.00508,0.8112,-0.7304,48.0,-433.9,0.429,1.126,438.9,0.8299,10.039,0.0,36.0,64.0,0.7,99.0,1.69,0.6431,0.5118,0.3603,5.0,75.0,165.0,1.566,-1.824,8.0,1.131,1.388,-4.477,-0.0404,0.1919,-1.0828,-0.4342
B|N5|15m->5m|level|XRPUSD,470,XRPUSD,B,5,15,5,level,mtf,B|N5|15m->5m|level,train,470.0,1,0.334,0.066,-1.0921,-1.0,0.5742,0.1946,0.0005,0.7693,-0.7033,31.0,-330.6,0.442,1.102,343.2,0.789,11.663,0.0,35.5,64.5,1.7,118.0,1.34,0.6723,0.5128,0.3553,5.0,75.0,165.0,1.442,-1.907,7.0,1.153,1.027,-4.371,-0.0489,0.1938,-1.0453,-0.4094
B|N8|5m->15m|oneshot|BTCUSD,616,BTCUSD,B,8,5,15,oneshot,mtf,B|N8|5m->15m|oneshot,train,616.0,1,0.3084,0.0081,-1.2826,-1.0,0.7974,0.2703,-0.00746,1.0602,-1.0521,5.0,-648.1,0.307,1.012,649.6,0.352,130.617,0.0,33.6,66.4,0.2,96.0,1.75,0.6769,0.5195,0.336,8.0,40.0,55.0,2.248,-2.288,12.5,1.105,0.143,-8.118,-0.1088,0.1201,-1.3073,-0.8018
B|N8|5m->15m|oneshot|ETHUSD,647,ETHUSD,B,8,5,15,oneshot,mtf,B|N8|5m->15m|oneshot,train,642.1,1,0.3555,0.1082,-1.1285,-1.0,0.343,0.1163,-0.00341,0.4559,-0.3477,70.0,-225.0,0.627,1.172,228.7,0.6198,4.214,0.0,36.9,63.1,0.2,96.0,1.84,0.7002,0.5317,0.3694,8.0,40.0,65.0,2.031,-2.265,12.0,1.171,1.954,-5.281,0.0015,0.2195,-0.4755,-0.2204
B|N8|5m->15m|oneshot|SOLUSD,629,SOLUSD,B,8,5,15,oneshot,mtf,B|N8|5m->15m|oneshot,train,609.9,1,0.3545,0.1017,-1.1098,-1.0,0.2748,0.0931,-0.00255,0.3654,-0.2636,64.0,-165.8,0.695,1.161,170.0,0.7824,3.591,0.0,36.7,63.3,0.0,99.0,1.78,0.6804,0.5262,0.3672,8.0,40.0,55.0,2.346,-2.204,12.0,1.124,1.834,-4.353,-0.0032,0.2114,-0.3786,-0.1424
B|N8|5m->15m|oneshot|XRPUSD,610,XRPUSD,B,8,5,15,oneshot,mtf,B|N8|5m->15m|oneshot,train,585.7,1,0.3508,0.0869,-1.1222,-1.0,0.4106,0.1392,0.0004,0.5502,-0.4634,53.0,-282.6,0.559,1.136,284.1,0.7404,6.333,0.0,36.2,63.8,0.2,99.5,1.73,0.6902,0.5311,0.3623,8.0,40.0,55.0,2.255,-2.08,12.0,1.138,1.386,-4.106,-0.0313,0.2098,-0.684,-0.268
B|N8|5m->15m|level|BTCUSD,816,BTCUSD,B,8,5,15,level,mtf,B|N8|5m->15m|level,train,816.0,1,0.2659,-0.0441,-1.3429,-1.0,2.2368,0.7582,-0.00508,2.99,-3.0341,-36.0,-2475.8,0.111,0.935,2477.3,0.2736,,0.0,31.9,68.1,1.1,58.0,2.31,0.6336,0.4926,0.3186,8.0,40.0,95.0,2.039,-2.476,12.0,1.04,-0.918,-5.132,-0.1361,0.0479,-4.2905,-2.0587
B|N8|5m->15m|level|ETHUSD,882,ETHUSD,B,8,5,15,level,mtf,B|N8|5m->15m|level,train,882.0,1,0.3254,0.0646,-1.1342,-1.0,0.9618,0.326,-0.00389,1.284,-1.2193,57.0,-1075.5,0.301,1.1,1077.0,0.5314,19.868,0.0,35.5,64.5,1.7,76.0,2.5,0.6723,0.5249,0.3549,8.0,40.0,90.0,1.84,-2.285,11.0,1.203,1.323,-5.577,-0.034,0.1565,-1.6966,-0.8479
B|N8|5m->15m|level|SOLUSD,815,SOLUSD,B,8,5,15,level,mtf,B|N8|5m->15m|level,train,815.0,1,0.3227,0.0454,-1.1196,-1.0,0.9336,0.3165,-0.00436,1.2458,-1.2004,37.0,-978.3,0.305,1.07,986.2,0.651,27.44,0.0,34.8,65.2,0.7,62.0,2.31,0.6552,0.5031,0.3485,8.0,40.0,90.0,2.003,-2.23,11.0,1.102,0.933,-3.01,-0.0503,0.1411,-2.0853,-0.6178
B|N8|5m->15m|level|XRPUSD,829,XRPUSD,B,8,5,15,level,mtf,B|N8|5m->15m|level,train,829.0,1,0.3233,0.035,-1.1306,-1.0,0.6583,0.2231,0.00201,0.8834,-0.8485,29.0,-703.4,0.376,1.053,707.1,0.6362,25.254,0.0,34.5,65.5,1.1,67.0,2.35,0.6405,0.4994,0.345,8.0,40.0,95.0,1.945,-2.286,11.0,1.076,0.719,-7.036,-0.0627,0.1327,-1.0841,-0.6299
B|N8|15m->5m|oneshot|BTCUSD,242,BTCUSD,B,8,15,5,oneshot,mtf,B|N8|15m->5m|oneshot,train,241.9,1,0.3264,0.0413,-1.1597,-1.0,0.4211,0.1427,-0.00417,0.5597,-0.5184,10.0,-125.4,0.512,1.063,124.1,0.5968,13.545,0.0,34.7,65.3,0.0,226.5,0.69,0.6777,0.5248,0.343,8.0,120.0,135.0,2.056,-2.234,13.0,1.116,0.478,-4.643,-0.1322,0.2149,-0.7389,-0.2946
B|N8|15m->5m|oneshot|ETHUSD,233,ETHUSD,B,8,15,5,oneshot,mtf,B|N8|15m->5m|oneshot,train,233.0,1,0.3863,0.1588,-1.0747,-1.0,0.1795,0.0609,-0.00284,0.2376,-0.0788,37.0,-18.4,0.898,1.259,42.8,0.97,1.496,0.0,38.6,61.4,0.4,236.0,0.66,0.7167,0.5322,0.3863,8.0,120.0,195.0,1.898,-2.08,11.0,1.317,1.859,-0.846,-0.0086,0.3262,-0.2572,0.1072
B|N8|15m->5m|oneshot|SOLUSD,230,SOLUSD,B,8,15,5,oneshot,mtf,B|N8|15m->5m|oneshot,train,230.0,1,0.3609,0.0826,-1.0713,-1.0,0.1272,0.0431,-0.0024,0.168,-0.0854,19.0,-19.6,0.886,1.129,36.9,1.4189,2.033,0.0,36.1,63.9,0.0,264.5,0.66,0.7,0.5478,0.3609,8.0,120.0,135.0,2.172,-2.056,11.0,1.266,0.872,-0.87,-0.1,0.2655,-0.2712,0.1063
B|N8|15m->5m|oneshot|XRPUSD,247,XRPUSD,B,8,15,5,oneshot,mtf,B|N8|15m->5m|oneshot,train,247.0,1,0.3198,-0.004,-1.0797,-1.0,0.1904,0.0645,0.00234,0.2573,-0.2613,-1.0,-64.5,0.689,0.994,80.8,1.1496,,0.0,33.2,66.8,0.0,272.0,0.71,0.6923,0.4899,0.332,8.0,120.0,135.0,1.888,-2.175,11.0,0.982,-0.044,-2.786,-0.1862,0.1781,-0.4384,-0.0667
B|N8|15m->5m|level|BTCUSD,422,BTCUSD,B,8,15,5,level,mtf,B|N8|15m->5m|level,train,422.0,1,0.2583,-0.0261,-1.2632,-1.0,2.1262,0.7207,-0.00309,2.8438,-2.8699,-11.0,-1211.1,0.126,0.961,1209.8,0.3832,,0.0,32.5,67.5,0.9,93.5,1.2,0.6374,0.4976,0.3223,8.0,120.0,285.0,1.706,-2.484,12.0,1.041,-0.397,-3.505,-0.154,0.1019,-4.7645,-1.6124
B|N8|15m->5m|level|ETHUSD,511,ETHUSD,B,8,15,5,level,mtf,B|N8|15m->5m|level,train,511.0,1,0.2896,-0.0196,-1.1395,-1.0,1.1859,0.402,-0.00433,1.5836,-1.6032,-10.0,-819.2,0.228,0.971,819.3,0.6023,,0.0,32.7,67.3,1.4,76.0,1.45,0.6458,0.4736,0.3268,8.0,120.0,270.0,1.478,-2.64,11.0,1.0,-0.336,-4.492,-0.137,0.092,-2.3718,-1.0144
B|N8|15m->5m|level|SOLUSD,458,SOLUSD,B,8,15,5,level,mtf,B|N8|15m->5m|level,train,442.9,1,0.3319,0.0873,-1.0828,-1.0,0.6021,0.2041,-0.00514,0.8011,-0.7138,40.0,-326.9,0.435,1.137,343.9,0.753,9.173,0.0,36.2,63.8,1.1,83.5,1.31,0.6681,0.5109,0.3624,8.0,120.0,255.0,1.855,-2.613,11.0,1.134,1.208,-4.867,-0.0437,0.2251,-1.0,-0.4446
B|N8|15m->5m|level|XRPUSD,454,XRPUSD,B,8,15,5,level,mtf,B|N8|15m->5m|level,train,429.8,1,0.3194,0.0903,-1.0872,-1.0,0.7325,0.2483,0.00157,0.9824,-0.8921,41.0,-405.0,0.373,1.142,399.6,0.7402,10.879,0.0,36.3,63.7,1.1,83.0,1.3,0.6938,0.5154,0.3634,8.0,120.0,270.0,1.786,-2.769,11.0,1.079,1.404,-5.674,-0.0352,0.2159,-1.2092,-0.6105
C|N2|5m->15m|oneshot|BTCUSD,1555,BTCUSD,C,2,5,15,oneshot,mtf,C|N2|5m->15m|oneshot,train,1382.7,1,0.3267,0.0051,-1.2659,-1.0,0.4858,0.1647,0.00088,0.6514,-0.6463,8.0,-1004.9,0.427,1.008,1003.6,0.3705,126.618,50.2,33.5,66.5,0.3,85.0,4.44,0.6695,0.5151,0.335,2.0,10.0,25.0,0.933,0.444,3.0,1.084,0.122,-9.829,-0.0721,0.0804,-0.7759,-0.5307
C|N2|5m->15m|oneshot|ETHUSD,1519,ETHUSD,C,2,5,15,oneshot,mtf,C|N2|5m->15m|oneshot,train,1519.0,1,0.3469,0.0546,-1.1502,-1.0,0.3033,0.1028,-0.00039,0.4057,-0.3511,83.0,-533.3,0.624,1.084,531.8,0.6335,7.425,50.0,35.2,64.8,0.2,88.0,4.31,0.6682,0.5109,0.3509,2.0,10.0,30.0,0.938,0.43,3.0,1.06,1.478,-6.512,-0.0145,0.1257,-0.4599,-0.247
C|N2|5m->15m|oneshot|SOLUSD,1750,SOLUSD,C,2,5,15,oneshot,mtf,C|N2|5m->15m|oneshot,train,1750.0,1,0.3394,0.0251,-1.1312,-1.0,0.263,0.0892,9e-05,0.3523,-0.3271,44.0,-572.5,0.643,1.038,571.1,0.7467,14.011,49.5,34.2,65.8,0.2,84.5,4.96,0.6674,0.5149,0.3417,2.0,10.0,25.0,0.903,0.428,3.0,1.087,0.753,-4.57,-0.04,0.0886,-0.4896,-0.2125
C|N2|5m->15m|oneshot|XRPUSD,1757,XRPUSD,C,2,5,15,oneshot,mtf,C|N2|5m->15m|oneshot,train,1757.0,1,0.3136,-0.0438,-1.1498,-1.0,0.3005,0.1019,0.00042,0.4028,-0.4466,-77.0,-784.7,0.548,0.936,789.9,0.6761,,49.7,31.9,68.1,0.1,92.0,4.98,0.6596,0.5077,0.3187,2.0,10.0,30.0,0.964,0.433,3.0,1.034,-1.292,-7.631,-0.1088,0.0228,-0.5682,-0.3375
C|N2|5m->15m|level|BTCUSD,1241,BTCUSD,C,2,5,15,level,mtf,C|N2|5m->15m|level,train,1241.0,1,0.3199,-0.021,-1.2312,-1.0,0.6045,0.2049,0.00073,0.8102,-0.8312,-26.0,-1031.5,0.371,0.969,1030.1,0.4211,,50.7,32.6,67.4,0.3,102.0,3.54,0.6761,0.494,0.3263,2.0,10.0,30.0,0.903,0.916,3.0,0.986,-0.511,-3.009,-0.0984,0.0565,-1.4441,-0.4822
C|N2|5m->15m|level|ETHUSD,1271,ETHUSD,C,2,5,15,level,mtf,C|N2|5m->15m|level,train,987.2,1,0.3462,0.048,-1.1261,-1.0,0.2319,0.0786,0.00037,0.3108,-0.2628,61.0,-334.1,0.692,1.074,337.4,0.7376,6.477,47.8,34.9,65.1,0.0,109.0,3.61,0.6861,0.5224,0.3478,2.0,10.0,30.0,0.82,0.803,3.0,1.069,0.977,-4.734,-0.037,0.1306,-0.3566,-0.1671
C|N2|5m->15m|level|SOLUSD,1496,SOLUSD,C,2,5,15,level,mtf,C|N2|5m->15m|level,train,1453.0,1,0.3583,0.0769,-1.1036,-1.0,0.1891,0.0641,0.00034,0.2536,-0.1767,115.0,-264.3,0.78,1.12,263.0,0.8338,3.299,50.5,35.9,64.1,0.1,98.5,4.24,0.6631,0.5241,0.359,2.0,10.0,30.0,0.848,0.857,3.0,1.119,2.119,-4.617,0.0067,0.1471,-0.25,-0.0999
C|N2|5m->15m|level|XRPUSD,1500,XRPUSD,C,2,5,15,level,mtf,C|N2|5m->15m|level,train,1500.0,1,0.3447,0.052,-1.1167,-1.0,0.2716,0.0921,-0.0003,0.3633,-0.3113,78.0,-467.0,0.661,1.08,486.8,0.7977,6.987,50.4,35.1,64.9,0.1,103.0,4.26,0.6627,0.524,0.35,2.0,10.0,30.0,0.908,0.912,3.0,1.115,1.394,-4.899,-0.02,0.13,-0.4443,-0.1972
C|N2|15m->5m|oneshot|BTCUSD,554,BTCUSD,C,2,15,5,oneshot,mtf,C|N2|15m->5m|oneshot,train,553.6,1,0.352,0.056,-1.1393,-1.0,0.2092,0.0709,0.00103,0.2811,-0.2251,31.0,-124.7,0.73,1.086,139.8,0.682,5.024,49.8,35.2,64.8,0.0,247.5,1.57,0.6787,0.4982,0.3502,2.0,30.0,60.0,0.795,0.376,3.0,0.987,1.093,-4.029,-0.0415,0.1588,-0.3339,-0.1166
C|N2|15m->5m|oneshot|ETHUSD,644,ETHUSD,C,2,15,5,oneshot,mtf,C|N2|15m->5m|oneshot,train,575.7,1,0.3416,0.0248,-1.0918,-1.0,0.1198,0.0406,3e-05,0.1604,-0.1356,16.0,-87.3,0.823,1.038,97.2,1.1625,6.458,50.0,34.2,65.8,0.2,231.5,1.83,0.646,0.5,0.3416,2.0,30.0,60.0,0.86,0.366,3.0,1.002,0.414,-2.127,-0.0823,0.1413,-0.2526,-0.0153
C|N2|15m->5m|oneshot|SOLUSD,701,SOLUSD,C,2,15,5,oneshot,mtf,C|N2|15m->5m|oneshot,train,656.4,1,0.3438,0.0314,-1.0763,-1.0,0.0992,0.0336,0.00034,0.1332,-0.1018,22.0,-71.4,0.863,1.048,93.4,1.3623,4.244,51.5,34.4,65.6,0.0,258.0,1.99,0.6805,0.5078,0.3438,2.0,30.0,60.0,0.956,0.383,3.0,1.038,0.595,-1.834,-0.0672,0.1298,-0.2062,0.0048
C|N2|15m->5m|oneshot|XRPUSD,681,XRPUSD,C,2,15,5,oneshot,mtf,C|N2|15m->5m|oneshot,train,681.0,1,0.3245,-0.0264,-1.0876,-1.0,0.1191,0.0404,-0.00028,0.1591,-0.1856,-18.0,-126.4,0.763,0.961,135.9,1.2073,,47.4,32.5,67.5,0.0,242.0,1.93,0.6696,0.4772,0.3245,2.0,30.0,60.0,0.91,0.423,3.0,0.904,-0.561,-3.824,-0.1145,0.0617,-0.2796,-0.09
C|N2|15m->5m|level|BTCUSD,444,BTCUSD,C,2,15,5,level,mtf,C|N2|15m->5m|level,train,440.9,1,0.3649,0.0946,-1.1061,-1.0,0.1806,0.0612,0.00109,0.2429,-0.1483,42.0,-65.8,0.811,1.149,90.7,0.8069,2.568,49.3,36.5,63.5,0.0,381.0,1.26,0.6959,0.5315,0.3626,2.0,30.0,75.0,0.692,0.698,3.0,1.142,1.477,-2.164,-0.0338,0.2162,-0.282,-0.0118
C|N2|15m->5m|level|ETHUSD,523,ETHUSD,C,2,15,5,level,mtf,C|N2|15m->5m|level,train,490.3,1,0.3327,-0.0019,-1.078,-1.0,0.099,0.0336,0.00127,0.1339,-0.1358,-1.0,-71.0,0.821,0.997,76.4,1.3728,,49.3,33.3,66.7,0.0,311.0,1.48,0.6386,0.4761,0.3308,2.0,30.0,75.0,0.759,0.686,3.0,0.905,-0.03,-2.034,-0.1281,0.1244,-0.2583,-0.0093
C|N2|15m->5m|level|SOLUSD,575,SOLUSD,C,2,15,5,level,mtf,C|N2|15m->5m|level,train,546.0,1,0.3513,0.0539,-1.0658,-1.0,0.0839,0.0284,0.0009,0.1132,-0.0593,31.0,-34.1,0.918,1.083,55.1,1.6409,2.1,51.7,35.1,64.9,0.0,360.0,1.63,0.6904,0.5443,0.3513,2.0,30.0,75.0,0.857,0.684,3.0,1.194,0.906,-1.018,-0.0661,0.1635,-0.1689,0.0564
C|N2|15m->5m|level|XRPUSD,608,XRPUSD,C,2,15,5,level,mtf,C|N2|15m->5m|level,train,534.7,1,0.3207,-0.0378,-1.0719,-1.0,0.0989,0.0335,0.00024,0.1327,-0.1705,-23.0,-103.7,0.779,0.944,108.3,1.4573,,47.9,32.1,67.9,0.0,288.5,1.73,0.6546,0.4605,0.3207,2.0,30.0,75.0,0.809,0.655,3.0,0.852,-0.681,-2.912,-0.1414,0.0658,-0.2741,-0.06
C|N3|5m->15m|oneshot|BTCUSD,1199,BTCUSD,C,3,5,15,oneshot,mtf,C|N3|5m->15m|oneshot,train,1028.6,1,0.3311,0.0259,-1.228,-1.0,0.3833,0.1299,0.00087,0.5142,-0.4883,31.0,-585.5,0.512,1.039,585.7,0.4288,19.886,50.5,34.2,65.8,0.0,114.0,3.4,0.6772,0.5004,0.342,3.0,15.0,35.0,1.128,0.472,4.0,1.008,0.614,-8.844,-0.0492,0.1059,-0.5897,-0.3904
C|N3|5m->15m|oneshot|ETHUSD,1187,ETHUSD,C,3,5,15,oneshot,mtf,C|N3|5m->15m|oneshot,train,1099.1,1,0.3538,0.0615,-1.1308,-1.0,0.202,0.0685,0.00087,0.2714,-0.2099,73.0,-249.2,0.745,1.095,251.5,0.7397,4.413,49.4,35.4,64.6,0.0,116.0,3.36,0.6807,0.5063,0.353,3.0,15.0,35.0,1.01,0.439,4.0,1.007,1.487,-4.655,-0.0169,0.1424,-0.2945,-0.1261
C|N3|5m->15m|oneshot|SOLUSD,1197,SOLUSD,C,3,5,15,oneshot,mtf,C|N3|5m->15m|oneshot,train,1184.4,1,0.3634,0.0977,-1.1036,-1.0,0.1877,0.0636,0.00057,0.2519,-0.1542,117.0,-184.5,0.808,1.154,182.8,0.9075,2.577,50.0,36.6,63.4,0.1,121.0,3.39,0.6825,0.5405,0.3659,3.0,15.0,35.0,1.176,0.449,4.0,1.145,2.369,-3.158,0.015,0.1779,-0.2507,-0.0552
C|N3|5m->15m|oneshot|XRPUSD,1255,XRPUSD,C,3,5,15,oneshot,mtf,C|N3|5m->15m|oneshot,train,1245.3,1,0.349,0.0542,-1.1084,-1.0,0.1916,0.0649,-0.00025,0.2563,-0.2021,68.0,-253.6,0.753,1.084,264.1,0.8192,4.729,49.6,35.1,64.9,0.0,127.0,3.56,0.6924,0.5155,0.3514,3.0,15.0,35.0,1.151,0.469,4.0,1.064,1.39,-4.822,-0.0199,0.1307,-0.2828,-0.1206
C|N3|5m->15m|level|BTCUSD,954,BTCUSD,C,3,5,15,level,mtf,C|N3|5m->15m|level,train,802.2,1,0.3375,0.0377,-1.1955,-1.0,0.3446,0.1168,0.00015,0.4616,-0.4238,36.0,-404.3,0.563,1.058,404.5,0.5052,12.231,50.7,34.6,65.4,0.0,136.5,2.7,0.6509,0.5042,0.3459,3.0,15.0,35.0,1.027,0.969,4.0,1.021,0.732,-6.597,-0.0535,0.1321,-0.5412,-0.3093
C|N3|5m->15m|level|ETHUSD,1009,ETHUSD,C,3,5,15,level,mtf,C|N3|5m->15m|level,train,900.1,1,0.3736,0.1209,-1.0946,-1.0,0.1928,0.0653,0.00101,0.2591,-0.1382,122.0,-139.4,0.826,1.193,161.7,0.8602,2.143,48.6,37.4,62.6,0.1,157.0,2.87,0.6918,0.5183,0.3726,3.0,15.0,40.0,0.924,0.937,4.0,1.082,2.526,-2.538,0.0317,0.2071,-0.2383,-0.0351
C|N3|5m->15m|level|SOLUSD,1016,SOLUSD,C,3,5,15,level,mtf,C|N3|5m->15m|level,train,914.4,1,0.372,0.122,-1.0879,-1.0,0.1572,0.0533,0.00092,0.2115,-0.0894,124.0,-90.9,0.882,1.195,106.4,1.045,1.733,50.2,37.4,62.6,0.0,149.5,2.88,0.6801,0.5472,0.374,3.0,15.0,40.0,1.012,0.901,4.0,1.201,2.558,-1.774,0.0394,0.2107,-0.1802,0.005
C|N3|5m->15m|level|XRPUSD,1073,XRPUSD,C,3,5,15,level,mtf,C|N3|5m->15m|level,train,1063.0,1,0.3644,0.1044,-1.0905,-1.0,0.2032,0.0689,0.0001,0.2722,-0.1678,112.0,-180.1,0.794,1.165,188.0,0.9484,2.608,50.9,36.8,63.2,0.0,150.0,3.05,0.6803,0.5312,0.3672,3.0,15.0,40.0,0.981,0.995,4.0,1.145,2.444,-3.011,0.0232,0.1883,-0.2804,-0.067
C|N3|15m->5m|oneshot|BTCUSD,432,BTCUSD,C,3,15,5,oneshot,mtf,C|N3|15m->5m|oneshot,train,412.8,1,0.3634,0.0903,-1.112,-1.0,0.1836,0.0622,0.0011,0.2469,-0.1566,39.0,-67.7,0.803,1.142,101.4,0.7918,2.735,54.2,36.3,63.7,0.0,375.5,1.23,0.6921,0.5185,0.3634,3.0,45.0,90.0,1.034,0.378,4.0,1.093,1.28,-2.074,-0.0417,0.2292,-0.2946,-0.0057
C|N3|15m->5m|oneshot|ETHUSD,525,ETHUSD,C,3,15,5,oneshot,mtf,C|N3|15m->5m|oneshot,train,468.3,1,0.3619,0.0857,-1.0794,-1.0,0.1089,0.0369,-0.00013,0.1457,-0.06,45.0,-31.5,0.918,1.134,47.6,1.3053,1.7,52.0,36.2,63.8,0.0,338.0,1.49,0.6857,0.5486,0.3619,3.0,45.0,90.0,0.968,0.395,4.0,1.189,1.203,-0.837,-0.0457,0.2229,-0.1913,0.0714
C|N3|15m->5m|oneshot|SOLUSD,507,SOLUSD,C,3,15,5,oneshot,mtf,C|N3|15m->5m|oneshot,train,479.3,1,0.3511,0.0533,-1.0685,-1.0,0.0842,0.0285,0.00122,0.114,-0.0607,27.0,-30.8,0.916,1.082,63.8,1.6054,2.14,52.5,35.1,64.9,0.0,380.0,1.44,0.6824,0.5325,0.3511,3.0,45.0,90.0,1.138,0.363,4.0,1.185,0.819,-0.872,-0.0651,0.1777,-0.1906,0.0789
C|N3|15m->5m|oneshot|XRPUSD,507,XRPUSD,C,3,15,5,oneshot,mtf,C|N3|15m->5m|oneshot,train,500.4,1,0.3235,-0.0296,-1.0721,-1.0,0.095,0.0322,0.00111,0.1283,-0.1579,-15.0,-80.0,0.793,0.956,90.7,1.4705,,47.9,32.3,67.7,0.0,365.0,1.44,0.6824,0.5069,0.3235,3.0,45.0,90.0,1.007,0.394,4.0,1.017,-0.563,-2.971,-0.1302,0.071,-0.2641,-0.0526
C|N3|15m->5m|level|BTCUSD,364,BTCUSD,C,3,15,5,level,mtf,C|N3|15m->5m|level,train,364.0,1,0.3571,0.0714,-1.0931,-1.0,0.1512,0.0512,0.00091,0.2033,-0.1319,26.0,-48.0,0.829,1.111,58.6,1.0065,2.847,51.1,35.7,64.3,0.0,450.5,1.03,0.6621,0.5055,0.3544,3.0,45.0,105.0,0.94,0.771,4.0,1.027,1.004,-1.867,-0.0687,0.2115,-0.2682,0.0041
C|N3|15m->5m|level|ETHUSD,432,ETHUSD,C,3,15,5,level,mtf,C|N3|15m->5m|level,train,408.3,1,0.3495,0.0486,-1.0643,-1.0,0.0952,0.0323,0.00033,0.1278,-0.0792,21.0,-34.2,0.892,1.075,50.5,1.5814,2.628,51.4,35.0,65.0,0.0,476.0,1.23,0.6921,0.5301,0.3472,3.0,45.0,105.0,0.891,0.761,3.0,1.125,0.634,-1.017,-0.0972,0.1946,-0.2169,0.0768
C|N3|15m->5m|level|SOLUSD,467,SOLUSD,C,3,15,5,level,mtf,C|N3|15m->5m|level,train,411.6,1,0.3426,0.0278,-1.0598,-1.0,0.0738,0.025,0.00129,0.1001,-0.0722,13.0,-33.7,0.9,1.042,60.0,1.7963,3.595,54.2,34.3,65.7,0.0,442.0,1.33,0.666,0.5332,0.3426,3.0,45.0,105.0,0.952,0.572,4.0,1.192,0.375,-0.969,-0.1071,0.1692,-0.2028,0.0732
C|N3|15m->5m|level|XRPUSD,448,XRPUSD,C,3,15,5,level,mtf,C|N3|15m->5m|level,train,423.3,1,0.3594,0.0781,-1.0537,-1.0,0.086,0.0292,0.00169,0.1169,-0.0387,35.0,-17.4,0.946,1.122,35.0,1.7029,1.496,51.1,35.9,64.1,0.0,449.5,1.27,0.6763,0.5179,0.3594,3.0,45.0,105.0,0.967,0.706,4.0,1.083,1.39,-0.711,-0.029,0.1853,-0.1475,0.0606
C|N5|5m->15m|oneshot|BTCUSD,820,BTCUSD,C,5,5,15,oneshot,mtf,C|N5|5m->15m|oneshot,train,820.0,1,0.3232,-0.0268,-1.1847,-1.0,0.3207,0.1087,0.00074,0.4301,-0.457,-22.0,-374.7,0.541,0.96,379.7,0.5792,,49.5,32.4,67.6,0.1,170.5,2.33,0.6707,0.4878,0.3232,5.0,25.0,55.0,1.306,0.411,6.0,0.971,-0.573,-5.866,-0.1183,0.0611,-0.6238,-0.3172
C|N5|5m->15m|oneshot|ETHUSD,795,ETHUSD,C,5,5,15,oneshot,mtf,C|N5|5m->15m|oneshot,train,795.0,1,0.3484,0.0453,-1.0975,-1.0,0.1661,0.0563,0.00151,0.2239,-0.1786,36.0,-142.0,0.778,1.069,142.8,1.0115,4.945,51.2,34.8,65.2,0.1,177.0,2.25,0.6805,0.5182,0.3484,5.0,25.0,55.0,1.447,0.488,6.0,1.091,0.996,-3.531,-0.0415,0.1321,-0.2737,-0.0818
C|N5|5m->15m|oneshot|SOLUSD,946,SOLUSD,C,5,5,15,oneshot,mtf,C|N5|5m->15m|oneshot,train,946.0,1,0.334,0.0021,-1.0925,-1.0,0.1357,0.046,0.00038,0.1821,-0.18,2.0,-170.3,0.772,1.003,187.3,1.1222,86.137,52.2,33.4,66.6,0.0,176.0,2.69,0.6543,0.4979,0.334,5.0,25.0,55.0,1.437,0.45,6.0,0.996,0.045,-3.652,-0.0899,0.0941,-0.2754,-0.0825
C|N5|5m->15m|oneshot|XRPUSD,904,XRPUSD,C,5,5,15,oneshot,mtf,C|N5|5m->15m|oneshot,train,904.0,1,0.3418,0.0288,-1.0978,-1.0,0.1561,0.0529,-0.00076,0.2082,-0.1794,26.0,-162.2,0.775,1.044,178.3,1.0,7.239,48.7,34.3,65.7,0.1,167.0,2.57,0.656,0.4945,0.3429,5.0,25.0,50.0,1.438,0.482,6.0,0.993,0.646,-3.81,-0.0575,0.1184,-0.269,-0.0882
C|N5|5m->15m|level|BTCUSD,627,BTCUSD,C,5,5,15,level,mtf,C|N5|5m->15m|level,train,627.0,1,0.3174,-0.0431,-1.149,-1.0,0.3293,0.1116,0.0025,0.4435,-0.4865,-27.0,-305.1,0.524,0.937,317.5,0.6485,,48.2,31.9,68.1,0.2,205.0,1.78,0.6635,0.4801,0.3174,5.0,25.0,55.0,1.089,0.982,6.0,0.953,-0.778,-4.337,-0.1531,0.0671,-0.7199,-0.2928
C|N5|5m->15m|level|ETHUSD,619,ETHUSD,C,5,5,15,level,mtf,C|N5|5m->15m|level,train,549.2,1,0.3732,0.1195,-1.0755,-1.0,0.1275,0.0432,0.00186,0.1726,-0.053,74.0,-32.8,0.928,1.191,54.8,1.2454,1.443,51.1,37.3,62.7,0.0,248.0,1.76,0.7221,0.5412,0.3716,5.0,25.0,55.0,1.194,1.202,6.0,1.159,1.837,-0.8,-0.0016,0.2359,-0.1798,0.0657
C|N5|5m->15m|level|SOLUSD,745,SOLUSD,C,5,5,15,level,mtf,C|N5|5m->15m|level,train,659.6,1,0.3557,0.0711,-1.0691,-1.0,0.1198,0.0406,0.00129,0.1617,-0.0906,53.0,-67.5,0.879,1.111,91.0,1.3631,2.273,52.5,35.7,64.3,0.0,225.0,2.12,0.6738,0.5315,0.357,5.0,25.0,55.0,1.314,1.017,6.0,1.145,1.256,-1.543,-0.0336,0.1719,-0.1989,0.0187
C|N5|5m->15m|level|XRPUSD,743,XRPUSD,C,5,5,15,level,mtf,C|N5|5m->15m|level,train,705.6,1,0.3647,0.0942,-1.07,-1.0,0.1267,0.0429,9e-05,0.1697,-0.0755,70.0,-56.1,0.899,1.148,71.4,1.1963,1.801,47.9,36.5,63.5,0.0,231.0,2.11,0.6783,0.5209,0.3647,5.0,25.0,55.0,1.327,1.01,6.0,1.068,1.86,-1.39,-0.0027,0.1911,-0.1829,0.0239
C|N5|15m->5m|oneshot|BTCUSD,294,BTCUSD,C,5,15,5,oneshot,mtf,C|N5|15m->5m|oneshot,train,283.9,1,0.3265,-0.0204,-1.1216,-1.0,0.1489,0.0505,-0.00045,0.199,-0.2194,-6.0,-64.5,0.731,0.97,75.1,0.9223,,53.1,32.7,67.3,0.0,447.0,0.83,0.6429,0.4966,0.3231,5.0,75.0,150.0,1.337,0.482,6.0,0.989,-0.24,-2.445,-0.1837,0.1429,-0.3871,-0.0444
C|N5|15m->5m|oneshot|ETHUSD,349,ETHUSD,C,5,15,5,oneshot,mtf,C|N5|15m->5m|oneshot,train,338.3,1,0.3524,0.0573,-1.0619,-1.0,0.0854,0.029,0.00047,0.1149,-0.0575,20.0,-20.1,0.92,1.088,36.7,1.6578,2.004,53.0,35.2,64.8,0.0,550.0,1.0,0.6648,0.5272,0.3524,5.0,75.0,135.0,1.233,0.505,6.0,1.16,0.737,-0.746,-0.0974,0.2034,-0.2018,0.0902
C|N5|15m->5m|oneshot|SOLUSD,347,SOLUSD,C,5,15,5,oneshot,mtf,C|N5|15m->5m|oneshot,train,326.1,1,0.3458,0.0375,-1.0547,-1.0,0.0677,0.0229,0.00118,0.0918,-0.0544,13.0,-18.9,0.924,1.057,42.0,1.9823,2.451,54.2,34.6,65.4,0.0,523.0,0.98,0.6542,0.5072,0.3458,5.0,75.0,135.0,1.58,0.493,6.0,1.02,0.434,-0.63,-0.1268,0.2017,-0.2099,0.1117
C|N5|15m->5m|oneshot|XRPUSD,332,XRPUSD,C,5,15,5,oneshot,mtf,C|N5|15m->5m|oneshot,train,310.8,1,0.3645,0.0934,-1.053,-1.0,0.0774,0.0262,0.00243,0.1061,-0.0127,31.0,-4.2,0.982,1.147,26.2,1.7904,1.136,51.5,36.4,63.6,0.0,589.0,0.94,0.7199,0.5452,0.3645,5.0,75.0,135.0,1.374,0.445,6.0,1.161,1.192,-0.159,-0.0512,0.238,-0.1638,0.1443
C|N5|15m->5m|level|BTCUSD,254,BTCUSD,C,5,15,5,level,mtf,C|N5|15m->5m|level,train,230.2,1,0.3504,0.0512,-1.0884,-1.0,0.1182,0.0401,0.0014,0.1596,-0.1085,13.0,-27.6,0.857,1.079,39.0,1.1864,3.119,55.9,35.0,65.0,0.0,582.0,0.72,0.6535,0.4843,0.3465,5.0,75.0,150.0,1.229,0.951,6.0,0.961,0.576,-1.121,-0.1024,0.2283,-0.2805,0.0706
C|N5|15m->5m|level|ETHUSD,294,ETHUSD,C,5,15,5,level,mtf,C|N5|15m->5m|level,train,273.2,1,0.3469,0.0408,-1.0518,-1.0,0.0691,0.0234,0.00029,0.0929,-0.0521,12.0,-15.3,0.927,1.062,37.5,2.0132,2.275,52.7,34.7,65.3,0.0,702.5,0.84,0.6905,0.5408,0.3435,5.0,75.0,165.0,1.178,0.898,6.0,1.133,0.471,-0.585,-0.1224,0.2041,-0.2286,0.1094
C|N5|15m->5m|level|SOLUSD,339,SOLUSD,C,5,15,5,level,mtf,C|N5|15m->5m|level,train,339.0,1,0.3333,0.0,-1.0505,-1.0,0.064,0.0217,0.00125,0.087,-0.087,0.0,-29.5,0.88,1.0,46.8,2.2984,2074267920498414.8,51.3,33.3,66.7,0.0,651.0,0.96,0.6785,0.5251,0.3333,5.0,75.0,135.0,1.304,0.799,6.0,1.067,0.0,-1.158,-0.1416,0.1416,-0.2298,0.0648
C|N5|15m->5m|level|XRPUSD,328,XRPUSD,C,5,15,5,level,mtf,C|N5|15m->5m|level,train,309.2,1,0.3598,0.0793,-1.0474,-1.0,0.0717,0.0243,0.00268,0.0987,-0.0194,26.0,-6.4,0.972,1.124,24.8,2.0333,1.245,51.5,36.0,64.0,0.0,620.0,0.93,0.7043,0.5427,0.3598,5.0,75.0,150.0,1.221,0.763,6.0,1.216,1.026,-0.24,-0.0671,0.2256,-0.1676,0.139
C|N8|5m->15m|oneshot|BTCUSD,499,BTCUSD,C,8,5,15,oneshot,mtf,C|N8|5m->15m|oneshot,train,480.2,1,0.3367,0.016,-1.138,-1.0,0.2064,0.07,-3e-05,0.2763,-0.2603,8.0,-129.9,0.693,1.024,138.7,0.7426,17.237,50.1,33.9,66.1,0.0,294.0,1.42,0.7114,0.521,0.3367,8.0,40.0,80.0,1.877,0.493,10.0,1.067,0.306,-4.58,-0.0803,0.1124,-0.3683,-0.153
C|N8|5m->15m|oneshot|ETHUSD,590,ETHUSD,C,8,5,15,oneshot,mtf,C|N8|5m->15m|oneshot,train,562.2,1,0.3475,0.0424,-1.0866,-1.0,0.1248,0.0423,0.00032,0.1674,-0.1251,25.0,-73.8,0.836,1.065,96.8,1.215,3.952,51.5,34.7,65.3,0.0,241.5,1.68,0.6644,0.5017,0.3475,8.0,40.0,85.0,1.877,0.527,9.0,1.021,0.674,-2.001,-0.0797,0.1644,-0.243,-0.0016
C|N8|5m->15m|oneshot|SOLUSD,646,SOLUSD,C,8,5,15,oneshot,mtf,C|N8|5m->15m|oneshot,train,594.7,1,0.3359,0.0077,-1.0789,-1.0,0.1034,0.035,0.00068,0.1391,-0.1314,5.0,-84.9,0.827,1.012,121.2,1.4301,17.973,53.7,33.6,66.4,0.0,274.5,1.83,0.6594,0.5124,0.3359,8.0,40.0,75.0,1.869,0.484,10.0,1.036,0.129,-2.036,-0.1037,0.1238,-0.247,-0.0082
C|N8|5m->15m|oneshot|XRPUSD,602,XRPUSD,C,8,5,15,oneshot,mtf,C|N8|5m->15m|oneshot,train,602.0,1,0.3488,0.0465,-1.0748,-1.0,0.1179,0.04,0.00143,0.1593,-0.1128,28.0,-67.9,0.849,1.071,73.6,1.2973,3.425,48.2,34.9,65.1,0.0,256.5,1.71,0.6977,0.5365,0.3488,8.0,40.0,80.0,1.837,0.463,9.0,1.143,0.895,-2.133,-0.0581,0.1412,-0.2183,-0.0118
C|N8|5m->15m|level|BTCUSD,412,BTCUSD,C,8,5,15,level,mtf,C|N8|5m->15m|level,train,370.0,1,0.335,0.0049,-1.1029,-1.0,0.2126,0.0721,-0.00232,0.2823,-0.2775,2.0,-114.3,0.681,1.007,123.5,0.8883,58.157,50.7,33.5,66.5,0.0,371.5,1.17,0.6845,0.5,0.3325,8.0,40.0,82.5,1.452,1.15,10.0,0.995,0.065,-2.97,-0.1335,0.1359,-0.459,-0.1102
C|N8|5m->15m|level|ETHUSD,484,ETHUSD,C,8,5,15,level,mtf,C|N8|5m->15m|level,train,454.6,1,0.3306,-0.0083,-1.0713,-1.0,0.1037,0.0352,0.00017,0.1391,-0.1473,-4.0,-71.3,0.807,0.988,87.0,1.5373,,50.6,33.1,66.9,0.0,368.0,1.38,0.6777,0.5083,0.3285,8.0,40.0,90.0,1.305,1.358,9.0,1.036,-0.112,-2.056,-0.1446,0.1343,-0.2876,-0.0104
C|N8|5m->15m|level|SOLUSD,566,SOLUSD,C,8,5,15,level,mtf,C|N8|5m->15m|level,train,508.6,1,0.3428,0.0283,-1.0648,-1.0,0.0894,0.0303,0.00073,0.1204,-0.0921,16.0,-52.2,0.875,1.043,75.4,1.6663,4.259,51.9,34.3,65.7,0.0,376.5,1.61,0.6714,0.523,0.3428,8.0,40.0,85.0,1.515,1.045,10.0,1.133,0.452,-1.404,-0.083,0.1449,-0.216,0.0331
C|N8|5m->15m|level|XRPUSD,559,XRPUSD,C,8,5,15,level,mtf,C|N8|5m->15m|level,train,543.6,1,0.3363,0.0089,-1.0621,-1.0,0.1027,0.0348,0.00197,0.1395,-0.1305,5.0,-73.0,0.827,1.013,77.7,1.412,15.595,49.9,33.6,66.4,0.0,330.0,1.59,0.6494,0.4723,0.3363,8.0,40.0,85.0,1.558,1.048,9.0,0.889,0.178,-2.508,-0.0877,0.1055,-0.2286,-0.0284
C|N8|15m->5m|oneshot|BTCUSD,162,BTCUSD,C,8,15,5,oneshot,mtf,C|N8|15m->5m|oneshot,train,149.9,1,0.4259,0.2778,-1.0494,-1.0,0.115,0.039,0.00249,0.1564,0.1213,45.0,19.7,1.182,1.484,21.0,1.2446,0.563,50.6,42.6,57.4,0.0,1002.5,0.46,0.7407,0.5556,0.4136,8.0,120.0,225.0,2.382,0.552,10.0,1.44,2.349,0.975,0.0741,0.5005,-0.1067,0.3539
C|N8|15m->5m|oneshot|ETHUSD,256,ETHUSD,C,8,15,5,oneshot,mtf,C|N8|15m->5m|oneshot,train,244.4,1,0.3438,0.0312,-1.0593,-1.0,0.069,0.0234,-0.00063,0.0918,-0.0606,8.0,-15.5,0.916,1.048,41.1,1.9628,2.938,55.9,34.4,65.6,0.0,669.0,0.73,0.6875,0.5391,0.3398,8.0,120.0,225.0,1.541,0.476,9.0,1.108,0.295,-0.572,-0.1565,0.2422,-0.2622,0.1479
C|N8|15m->5m|oneshot|SOLUSD,232,SOLUSD,C,8,15,5,oneshot,mtf,C|N8|15m->5m|oneshot,train,227.4,1,0.3578,0.0733,-1.0426,-1.0,0.0545,0.0185,0.00094,0.0739,-0.0006,17.0,-0.1,0.999,1.114,30.8,2.5471,1.009,47.4,35.8,64.2,0.0,750.5,0.66,0.7155,0.5345,0.3534,8.0,120.0,195.0,2.114,0.583,10.0,1.174,0.754,-0.007,-0.1078,0.2546,-0.1842,0.1896
C|N8|15m->5m|oneshot|XRPUSD,236,XRPUSD,C,8,15,5,oneshot,mtf,C|N8|15m->5m|oneshot,train,224.6,1,0.3898,0.1695,-1.0466,-1.0,0.0647,0.0219,0.00583,0.0925,0.077,40.0,18.2,1.115,1.278,16.1,2.1091,0.546,52.5,39.0,61.0,0.0,817.0,0.67,0.7034,0.5381,0.3898,8.0,120.0,180.0,1.526,0.466,9.0,1.196,1.814,0.827,-0.0085,0.3475,-0.0977,0.2583
C|N8|15m->5m|level|BTCUSD,183,BTCUSD,C,8,15,5,level,mtf,C|N8|15m->5m|level,train,176.9,1,0.4426,0.3279,-1.0283,-1.0,0.095,0.0322,-0.00039,0.1268,0.201,60.0,36.8,1.322,1.588,11.1,1.6435,0.387,53.0,44.3,55.7,0.0,1362.0,0.52,0.7213,0.5792,0.4372,8.0,120.0,255.0,1.567,1.443,10.0,1.54,3.251,1.98,0.1311,0.5246,0.0087,0.396
C|N8|15m->5m|level|ETHUSD,237,ETHUSD,C,8,15,5,level,mtf,C|N8|15m->5m|level,train,207.7,1,0.3544,0.0633,-1.0465,-1.0,0.0598,0.0203,-0.00066,0.0795,-0.0162,15.0,-3.8,0.977,1.098,22.8,2.3273,1.256,52.3,35.4,64.6,0.0,763.0,0.68,0.6878,0.5485,0.3502,8.0,120.0,225.0,1.15,0.965,9.0,1.129,0.593,-0.143,-0.1266,0.2658,-0.2226,0.1994
C|N8|15m->5m|level|SOLUSD,272,SOLUSD,C,8,15,5,level,mtf,C|N8|15m->5m|level,train,262.7,1,0.3235,-0.0294,-1.0423,-1.0,0.05,0.017,0.00165,0.0686,-0.0981,-8.0,-26.7,0.864,0.957,47.1,2.768,,51.1,32.4,67.6,0.0,819.5,0.77,0.6765,0.4853,0.3235,8.0,120.0,195.0,1.895,0.86,10.0,0.943,-0.335,-1.108,-0.1949,0.136,-0.2665,0.0697
C|N8|15m->5m|level|XRPUSD,227,XRPUSD,C,8,15,5,level,mtf,C|N8|15m->5m|level,train,206.5,1,0.3392,0.0176,-1.0463,-1.0,0.0603,0.0204,0.00165,0.0824,-0.0647,4.0,-14.7,0.91,1.027,35.0,2.4937,4.674,50.7,33.9,66.1,0.0,851.0,0.65,0.696,0.511,0.3392,8.0,120.0,180.0,1.406,0.742,9.0,1.055,0.176,-0.658,-0.1545,0.2159,-0.2393,0.1245
D|N2|5m->15m|oneshot|BTCUSD,1372,BTCUSD,D,2,5,15,oneshot,mtf,D|N2|5m->15m|oneshot,train,1305.2,1,0.3061,-0.062,-1.2755,-1.0,0.4549,0.1542,6e-05,0.6091,-0.6711,-85.0,-920.7,0.404,0.91,926.3,0.3808,,51.1,31.3,68.7,0.1,91.0,3.91,0.6392,0.4708,0.3127,2.0,10.0,25.0,0.75,0.538,3.0,0.917,-1.555,-12.06,-0.1364,0.0124,-0.7754,-0.5664
D|N2|5m->15m|oneshot|ETHUSD,1430,ETHUSD,D,2,5,15,oneshot,mtf,D|N2|5m->15m|oneshot,train,1430.0,1,0.3406,0.0301,-1.1598,-1.0,0.2654,0.09,0.00022,0.3556,-0.3256,43.0,-465.6,0.638,1.046,473.8,0.631,11.827,50.7,34.3,65.7,0.1,84.0,4.05,0.6776,0.5217,0.3434,2.0,10.0,25.0,0.629,0.446,3.0,1.075,0.823,-8.118,-0.0392,0.1035,-0.406,-0.2478
D|N2|5m->15m|oneshot|SOLUSD,1596,SOLUSD,D,2,5,15,oneshot,mtf,D|N2|5m->15m|oneshot,train,1596.0,1,0.3534,0.0695,-1.1311,-1.0,0.2972,0.1007,-0.00016,0.3978,-0.3282,111.0,-523.8,0.651,1.108,524.9,0.7459,5.719,50.1,35.7,64.3,0.2,83.0,4.52,0.6617,0.5201,0.3565,2.0,10.0,25.0,0.684,0.446,3.0,1.101,2.028,-4.068,0.0056,0.1372,-0.5013,-0.1959
D|N2|5m->15m|oneshot|XRPUSD,1591,XRPUSD,D,2,5,15,oneshot,mtf,D|N2|5m->15m|oneshot,train,1591.0,1,0.3281,-0.0063,-1.1513,-1.0,0.2492,0.0845,-0.00043,0.3332,-0.3395,-10.0,-540.2,0.622,0.991,543.1,0.6711,,50.3,33.1,66.9,0.0,90.0,4.51,0.6688,0.4997,0.3312,2.0,10.0,25.0,0.735,0.475,3.0,1.006,-0.182,-8.872,-0.0742,0.0616,-0.4153,-0.2635
D|N2|5m->15m|level|BTCUSD,1309,BTCUSD,D,2,5,15,level,mtf,D|N2|5m->15m|level,train,1309.0,1,0.3132,0.0015,-1.231,-1.0,1.1139,0.3776,0.0005,1.4919,-1.4904,2.0,-1950.9,0.24,1.002,1950.5,0.4173,976.468,52.6,33.4,66.6,0.7,91.0,3.71,0.6532,0.4897,0.3338,2.0,10.0,30.0,1.051,0.201,4.0,0.99,0.041,-4.59,-0.0718,0.0726,-2.2045,-0.94
D|N2|5m->15m|level|ETHUSD,1391,ETHUSD,D,2,5,15,level,mtf,D|N2|5m->15m|level,train,1391.0,1,0.3415,0.0611,-1.1343,-1.0,0.4654,0.1577,0.00026,0.6234,-0.5623,85.0,-782.1,0.506,1.095,792.5,0.6964,10.201,53.8,35.4,64.6,0.6,94.0,3.95,0.6729,0.5119,0.3523,2.0,10.0,30.0,1.064,0.014,4.0,1.091,1.441,-5.941,-0.0208,0.1474,-0.7534,-0.3888
D|N2|5m->15m|level|SOLUSD,1659,SOLUSD,D,2,5,15,level,mtf,D|N2|5m->15m|level,train,1659.0,1,0.3255,0.0036,-1.1222,-1.0,0.4957,0.168,0.00043,0.6642,-0.6606,6.0,-1095.9,0.459,1.005,1094.5,0.7629,183.647,54.7,33.5,66.5,0.7,74.0,4.7,0.6407,0.4864,0.3345,2.0,10.0,30.0,0.963,0.007,4.0,0.991,0.104,-5.281,-0.0633,0.0705,-0.9246,-0.4475
D|N2|5m->15m|level|XRPUSD,1678,XRPUSD,D,2,5,15,level,mtf,D|N2|5m->15m|level,train,1678.0,1,0.3063,-0.056,-1.1341,-1.0,0.5026,0.1704,0.00036,0.6733,-0.7293,-94.0,-1223.8,0.412,0.918,1237.6,0.721,,53.5,31.5,68.5,1.1,71.0,4.77,0.6305,0.4636,0.3141,2.0,10.0,30.0,1.001,-0.087,4.0,0.93,-1.66,-8.287,-0.1204,0.0101,-0.9126,-0.5681
D|N2|15m->5m|oneshot|BTCUSD,485,BTCUSD,D,2,15,5,oneshot,mtf,D|N2|15m->5m|oneshot,train,451.5,1,0.332,-0.0041,-1.1659,-1.0,0.222,0.0753,0.00129,0.2986,-0.3027,-2.0,-146.8,0.653,0.994,153.0,0.6544,,48.0,33.2,66.8,0.0,256.0,1.38,0.6763,0.4907,0.3299,2.0,30.0,60.0,0.649,0.419,3.0,0.961,-0.064,-4.433,-0.1216,0.1196,-0.428,-0.1731
D|N2|15m->5m|oneshot|ETHUSD,603,ETHUSD,D,2,15,5,oneshot,mtf,D|N2|15m->5m|oneshot,train,578.4,1,0.325,-0.0249,-1.1027,-1.0,0.1238,0.042,3e-05,0.1658,-0.1907,-15.0,-115.0,0.758,0.963,122.7,1.1061,,50.4,32.5,67.5,0.0,248.0,1.72,0.6517,0.4925,0.325,2.0,30.0,60.0,0.568,0.417,3.0,0.983,-0.417,-3.071,-0.1393,0.0945,-0.3069,-0.0707
D|N2|15m->5m|oneshot|SOLUSD,537,SOLUSD,D,2,15,5,oneshot,mtf,D|N2|15m->5m|oneshot,train,506.8,1,0.3631,0.0894,-1.0788,-1.0,0.098,0.0332,-0.00029,0.131,-0.0416,48.0,-22.3,0.943,1.14,61.6,1.3244,1.465,52.7,36.3,63.7,0.0,288.0,1.52,0.7169,0.5475,0.3631,2.0,30.0,60.0,0.699,0.428,3.0,1.29,1.327,-0.591,-0.0391,0.2235,-0.1749,0.0912
D|N2|15m->5m|oneshot|XRPUSD,598,XRPUSD,D,2,15,5,oneshot,mtf,D|N2|15m->5m|oneshot,train,551.0,1,0.3612,0.0836,-1.0793,-1.0,0.1192,0.0404,6e-05,0.1597,-0.0761,50.0,-45.5,0.897,1.131,49.3,1.1715,1.91,48.2,36.1,63.9,0.0,271.0,1.7,0.6656,0.5017,0.3612,2.0,30.0,60.0,0.685,0.416,3.0,1.006,1.314,-1.18,-0.0318,0.204,-0.193,0.046
D|N2|15m->5m|level|BTCUSD,446,BTCUSD,D,2,15,5,level,mtf,D|N2|15m->5m|level,train,446.0,1,0.3408,0.083,-1.1025,-1.0,0.7605,0.2578,0.0063,1.0246,-0.9417,37.0,-420.0,0.381,1.13,439.5,0.7718,12.351,53.1,36.1,63.9,0.4,227.5,1.29,0.6839,0.5314,0.3587,2.0,30.0,75.0,0.972,0.273,4.0,1.123,1.236,-2.863,-0.0448,0.2175,-1.6738,-0.4169
D|N2|15m->5m|level|ETHUSD,602,ETHUSD,D,2,15,5,level,mtf,D|N2|15m->5m|level,train,602.0,1,0.3206,0.0066,-1.0797,-1.0,0.3453,0.1171,0.00168,0.464,-0.4574,4.0,-275.3,0.556,1.01,282.2,1.158,69.837,53.5,33.6,66.4,0.3,213.5,1.71,0.6379,0.4917,0.3339,2.0,30.0,75.0,0.829,0.154,4.0,0.992,0.114,-3.957,-0.103,0.1213,-0.7032,-0.2565
D|N2|15m->5m|level|SOLUSD,714,SOLUSD,D,2,15,5,level,mtf,D|N2|15m->5m|level,train,714.0,1,0.3431,0.0588,-1.0678,-1.0,0.5554,0.1883,0.00158,0.7452,-0.6864,42.0,-490.1,0.474,1.091,508.6,1.4907,12.668,51.4,35.3,64.7,0.3,214.5,2.03,0.7045,0.5308,0.3529,2.0,30.0,75.0,0.893,0.13,4.0,1.128,1.278,-2.095,-0.0294,0.1471,-1.4149,-0.2042
D|N2|15m->5m|level|XRPUSD,696,XRPUSD,D,2,15,5,level,mtf,D|N2|15m->5m|level,train,696.0,1,0.3204,-0.0345,-1.074,-1.0,0.4578,0.1552,-0.00202,0.6109,-0.6454,-24.0,-449.2,0.466,0.949,455.8,1.2984,,49.0,32.2,67.8,1.7,209.0,1.98,0.6523,0.4885,0.3218,2.0,30.0,75.0,0.991,0.045,4.0,1.023,-0.646,-4.556,-0.1379,0.0733,-0.9384,-0.3886
D|N3|5m->15m|oneshot|BTCUSD,1036,BTCUSD,D,3,5,15,oneshot,mtf,D|N3|5m->15m|oneshot,train,875.9,1,0.3185,-0.0212,-1.2337,-1.0,0.3546,0.1202,-6e-05,0.4748,-0.496,-22.0,-513.9,0.499,0.968,512.1,0.4331,,50.5,32.6,67.4,0.0,114.0,2.94,0.6689,0.4903,0.3263,3.0,15.0,35.0,0.897,0.547,4.0,0.98,-0.446,-8.858,-0.1081,0.0656,-0.6001,-0.3944
D|N3|5m->15m|oneshot|ETHUSD,1121,ETHUSD,D,3,5,15,oneshot,mtf,D|N3|5m->15m|oneshot,train,1121.0,1,0.3434,0.0303,-1.1435,-1.0,0.2088,0.0708,0.00059,0.2802,-0.2498,34.0,-280.1,0.705,1.046,286.2,0.7303,9.237,49.9,34.3,65.7,0.1,114.0,3.18,0.6789,0.4996,0.3434,3.0,15.0,35.0,0.779,0.53,4.0,1.0,0.8,-6.057,-0.0419,0.1079,-0.3269,-0.166
D|N3|5m->15m|oneshot|SOLUSD,1207,SOLUSD,D,3,5,15,oneshot,mtf,D|N3|5m->15m|oneshot,train,1207.0,1,0.3513,0.0588,-1.1175,-1.0,0.193,0.0654,-0.00048,0.2579,-0.1991,71.0,-240.3,0.757,1.091,242.9,0.8302,4.385,48.8,35.3,64.7,0.2,120.0,3.42,0.6893,0.541,0.3529,3.0,15.0,35.0,0.775,0.523,4.0,1.166,1.388,-4.142,-0.0282,0.1433,-0.2943,-0.1075
D|N3|5m->15m|oneshot|XRPUSD,1167,XRPUSD,D,3,5,15,oneshot,mtf,D|N3|5m->15m|oneshot,train,1167.0,1,0.3385,0.0154,-1.1183,-1.0,0.1918,0.065,-0.00051,0.2564,-0.2409,18.0,-281.2,0.71,1.023,293.5,0.818,16.621,49.5,33.8,66.2,0.1,110.0,3.31,0.6658,0.491,0.3385,3.0,15.0,35.0,0.886,0.502,4.0,0.98,0.394,-6.114,-0.0617,0.0951,-0.3154,-0.1676
D|N3|5m->15m|level|BTCUSD,989,BTCUSD,D,3,5,15,level,mtf,D|N3|5m->15m|level,train,989.0,1,0.3266,0.0404,-1.1875,-1.0,1.0135,0.3436,0.00391,1.361,-1.3206,40.0,-1306.0,0.282,1.062,1307.5,0.491,33.651,54.6,34.7,65.3,0.6,120.0,2.86,0.6785,0.5106,0.3468,3.0,15.0,40.0,1.1,0.257,5.0,1.078,0.859,-4.337,-0.0536,0.1314,-1.9765,-0.8068
D|N3|5m->15m|level|ETHUSD,1052,ETHUSD,D,3,5,15,level,mtf,D|N3|5m->15m|level,train,942.5,1,0.3536,0.0922,-1.0947,-1.0,0.2901,0.0983,0.00051,0.389,-0.2968,97.0,-312.2,0.673,1.145,336.5,0.8845,4.218,54.5,36.4,63.6,0.5,122.5,2.99,0.6816,0.52,0.3622,3.0,15.0,40.0,0.969,0.311,5.0,1.123,1.857,-4.873,0.0038,0.1835,-0.411,-0.186
D|N3|5m->15m|level|SOLUSD,1216,SOLUSD,D,3,5,15,level,mtf,D|N3|5m->15m|level,train,1216.0,1,0.3363,0.0362,-1.1043,-1.0,0.3604,0.1222,0.00174,0.4843,-0.4481,44.0,-544.9,0.569,1.055,545.5,0.9237,13.383,52.1,34.5,65.5,0.6,113.5,3.45,0.6612,0.5123,0.3454,3.0,15.0,40.0,1.043,0.177,5.0,1.077,0.88,-6.306,-0.0452,0.1176,-0.5954,-0.3187
D|N3|5m->15m|level|XRPUSD,1230,XRPUSD,D,3,5,15,level,mtf,D|N3|5m->15m|level,train,1230.0,1,0.3293,0.0122,-1.1027,-1.0,0.4088,0.1386,1e-05,0.5474,-0.5352,15.0,-658.3,0.515,1.018,667.3,0.8366,44.883,53.7,33.7,66.3,1.2,116.0,3.49,0.648,0.4976,0.3366,3.0,15.0,40.0,1.095,0.267,5.0,1.063,0.318,-6.87,-0.061,0.0878,-0.6863,-0.3872
D|N3|15m->5m|oneshot|BTCUSD,358,BTCUSD,D,3,15,5,oneshot,mtf,D|N3|15m->5m|oneshot,train,358.0,1,0.3575,0.0726,-1.1135,-1.0,0.1711,0.058,0.00118,0.2303,-0.1577,26.0,-56.5,0.8,1.113,61.5,0.7869,3.171,52.5,35.8,64.2,0.0,409.5,1.02,0.7095,0.5112,0.352,3.0,45.0,90.0,0.842,0.445,4.0,1.042,1.073,-2.234,-0.0533,0.2067,-0.2949,-0.0189
D|N3|15m->5m|oneshot|ETHUSD,419,ETHUSD,D,3,15,5,oneshot,mtf,D|N3|15m->5m|oneshot,train,419.0,1,0.3341,0.0024,-1.0858,-1.0,0.1069,0.0362,0.00067,0.1438,-0.1415,1.0,-59.3,0.814,1.004,77.3,1.2878,60.272,56.6,33.4,66.6,0.0,364.0,1.19,0.6945,0.5084,0.3341,3.0,45.0,90.0,0.742,0.481,4.0,1.025,0.035,-2.039,-0.1267,0.1384,-0.2722,-0.0031
D|N3|15m->5m|oneshot|SOLUSD,437,SOLUSD,D,3,15,5,oneshot,mtf,D|N3|15m->5m|oneshot,train,419.9,1,0.3295,-0.0114,-1.074,-1.0,0.0881,0.0298,-0.00047,0.1174,-0.1289,-5.0,-56.3,0.828,0.983,81.5,1.5489,,51.5,33.0,67.0,0.0,359.0,1.24,0.6911,0.5149,0.3295,3.0,45.0,90.0,0.792,0.425,4.0,1.075,-0.162,-1.817,-0.1487,0.1259,-0.2666,0.0062
D|N3|15m->5m|oneshot|XRPUSD,452,XRPUSD,D,3,15,5,oneshot,mtf,D|N3|15m->5m|oneshot,train,434.5,1,0.3363,0.0088,-1.0719,-1.0,0.0924,0.0313,0.00024,0.124,-0.1151,4.0,-52.0,0.845,1.013,54.2,1.4386,14.008,47.1,33.6,66.4,0.0,316.0,1.29,0.6726,0.5177,0.3363,3.0,45.0,90.0,0.867,0.447,4.0,1.074,0.155,-2.035,-0.104,0.115,-0.2196,-0.0026
D|N3|15m->5m|level|BTCUSD,469,BTCUSD,D,3,15,5,level,mtf,D|N3|15m->5m|level,train,469.0,1,0.3177,0.0554,-1.1002,-1.0,1.3935,0.4724,0.00092,1.8668,-1.8114,26.0,-849.5,0.231,1.086,859.3,0.8466,33.674,49.7,35.2,64.8,0.6,230.0,1.33,0.6354,0.4883,0.3497,3.0,45.0,120.0,1.12,0.074,5.0,1.007,0.893,-1.974,-0.0661,0.177,-3.9347,-0.545
D|N3|15m->5m|level|ETHUSD,529,ETHUSD,D,3,15,5,level,mtf,D|N3|15m->5m|level,train,529.0,1,0.3346,0.0662,-1.0735,-1.0,0.4039,0.1369,0.00091,0.5417,-0.4755,35.0,-251.6,0.557,1.103,266.8,1.3195,8.187,57.1,35.5,64.5,1.1,223.0,1.5,0.6749,0.5161,0.3516,3.0,45.0,105.0,0.994,-0.157,5.0,1.127,1.019,-3.551,-0.0643,0.1966,-0.7332,-0.217
D|N3|15m->5m|level|SOLUSD,600,SOLUSD,D,3,15,5,level,mtf,D|N3|15m->5m|level,train,600.0,1,0.3233,-0.005,-1.0632,-1.0,0.8585,0.291,0.00108,1.1507,-1.1557,-3.0,-693.4,0.338,0.993,719.6,1.5959,,52.7,33.2,66.8,0.8,273.0,1.71,0.6583,0.5133,0.3317,3.0,45.0,105.0,0.983,0.1,5.0,1.07,-0.089,-2.063,-0.115,0.105,-2.3761,-0.2943
D|N3|15m->5m|level|XRPUSD,634,XRPUSD,D,3,15,5,level,mtf,D|N3|15m->5m|level,train,634.0,1,0.3202,-0.0158,-1.0659,-1.0,0.342,0.1159,0.0019,0.4598,-0.4756,-10.0,-301.5,0.54,0.977,302.2,1.3699,,46.5,32.8,67.2,1.4,221.0,1.8,0.6388,0.4937,0.3281,3.0,45.0,105.0,1.168,-0.135,5.0,1.023,-0.298,-5.235,-0.1151,0.0883,-0.6604,-0.3058
D|N5|5m->15m|oneshot|BTCUSD,721,BTCUSD,D,5,5,15,oneshot,mtf,D|N5|5m->15m|oneshot,train,720.9,1,0.3329,0.0111,-1.1823,-1.0,0.2815,0.0954,0.00085,0.3778,-0.3667,8.0,-264.4,0.595,1.017,271.1,0.5266,34.049,47.3,33.7,66.3,0.0,167.0,2.05,0.6671,0.4854,0.337,5.0,25.0,45.0,1.038,0.555,6.0,0.961,0.225,-6.921,-0.0846,0.111,-0.4687,-0.2607
D|N5|5m->15m|oneshot|ETHUSD,783,ETHUSD,D,5,5,15,oneshot,mtf,D|N5|5m->15m|oneshot,train,783.0,1,0.3231,-0.0268,-1.118,-1.0,0.1529,0.0518,0.00026,0.205,-0.2318,-21.0,-181.5,0.715,0.96,186.5,0.9325,,49.7,32.4,67.6,0.0,172.0,2.22,0.6564,0.4891,0.3244,5.0,25.0,50.0,0.97,0.568,6.0,0.966,-0.565,-4.812,-0.1188,0.0651,-0.3257,-0.136
D|N5|5m->15m|oneshot|SOLUSD,850,SOLUSD,D,5,5,15,oneshot,mtf,D|N5|5m->15m|oneshot,train,850.0,1,0.3424,0.0271,-1.0957,-1.0,0.1302,0.0441,1e-05,0.1744,-0.1473,23.0,-125.2,0.809,1.041,134.4,1.0549,6.444,50.0,34.2,65.8,0.0,188.0,2.41,0.6588,0.4906,0.3424,5.0,25.0,45.0,1.09,0.56,5.0,0.978,0.539,-2.914,-0.0754,0.1188,-0.2499,-0.0548
D|N5|5m->15m|oneshot|XRPUSD,790,XRPUSD,D,5,5,15,oneshot,mtf,D|N5|5m->15m|oneshot,train,790.0,1,0.3633,0.0937,-1.102,-1.0,0.1617,0.0548,0.0003,0.2168,-0.1231,74.0,-97.3,0.841,1.147,99.9,0.9238,2.315,50.0,36.5,63.5,0.1,161.0,2.25,0.6785,0.5139,0.3646,5.0,25.0,45.0,1.112,0.512,5.0,1.083,2.046,-2.603,0.0063,0.1772,-0.2128,-0.0292
D|N5|5m->15m|level|BTCUSD,665,BTCUSD,D,5,5,15,level,mtf,D|N5|5m->15m|level,train,665.0,1,0.3128,-0.0301,-1.1538,-1.0,0.9471,0.3211,-0.00059,1.2676,-1.2977,-20.0,-862.9,0.283,0.956,875.1,0.5764,,54.9,32.3,67.7,0.9,149.0,1.89,0.6421,0.4632,0.3218,5.0,25.0,55.0,1.198,0.168,8.0,0.938,-0.53,-3.948,-0.1383,0.0783,-2.0141,-0.7683
D|N5|5m->15m|level|ETHUSD,764,ETHUSD,D,5,5,15,level,mtf,D|N5|5m->15m|level,train,764.0,1,0.339,0.0641,-1.0876,-1.0,0.5055,0.1713,0.00155,0.6784,-0.6142,49.0,-469.3,0.493,1.099,473.9,1.0362,10.577,56.0,35.5,64.5,0.8,156.5,2.17,0.6453,0.5131,0.3534,5.0,25.0,55.0,1.329,-0.026,8.0,1.116,1.317,-4.393,-0.034,0.1585,-0.9162,-0.3679
D|N5|5m->15m|level|SOLUSD,913,SOLUSD,D,5,5,15,level,mtf,D|N5|5m->15m|level,train,913.0,1,0.3461,0.0613,-1.0758,-1.0,0.7547,0.2558,0.00146,1.0119,-0.9506,56.0,-867.9,0.393,1.095,885.4,1.2499,16.498,52.0,35.4,64.6,0.8,160.0,2.59,0.6944,0.5268,0.3538,5.0,25.0,55.0,1.224,0.209,8.0,1.094,1.482,-2.513,-0.0208,0.1402,-1.7505,-0.2967
D|N5|5m->15m|level|XRPUSD,898,XRPUSD,D,5,5,15,level,mtf,D|N5|5m->15m|level,train,898.0,1,0.3296,0.0189,-1.0818,-1.0,0.3723,0.1262,0.00059,0.4991,-0.4802,17.0,-431.2,0.548,1.029,431.7,1.0806,26.364,52.1,34.0,66.0,1.0,149.0,2.55,0.6726,0.5122,0.3396,5.0,25.0,55.0,1.479,0.029,8.0,1.098,0.418,-5.266,-0.0646,0.1091,-0.6682,-0.309
D|N5|15m->5m|oneshot|BTCUSD,257,BTCUSD,D,5,15,5,oneshot,mtf,D|N5|15m->5m|oneshot,train,240.9,1,0.3268,-0.0195,-1.125,-1.0,0.1432,0.0485,0.00034,0.1921,-0.2115,-5.0,-54.4,0.738,0.971,66.6,0.9642,,54.1,32.7,67.3,0.0,504.0,0.73,0.6342,0.4864,0.3268,5.0,75.0,120.0,1.114,0.606,6.0,0.952,-0.203,-2.213,-0.1946,0.1673,-0.3886,-0.0302
D|N5|15m->5m|oneshot|ETHUSD,232,ETHUSD,D,5,15,5,oneshot,mtf,D|N5|15m->5m|oneshot,train,220.6,1,0.3879,0.1638,-1.0518,-1.0,0.0779,0.0264,0.00023,0.1046,0.0592,38.0,13.7,1.088,1.268,15.7,1.7307,0.639,51.3,38.8,61.2,0.0,720.0,0.67,0.7414,0.5905,0.3879,5.0,75.0,135.0,0.999,0.676,6.0,1.405,1.81,0.66,-0.0046,0.3319,-0.1082,0.2357
D|N5|15m->5m|oneshot|SOLUSD,281,SOLUSD,D,5,15,5,oneshot,mtf,D|N5|15m->5m|oneshot,train,281.0,1,0.3132,-0.0605,-1.0605,-1.0,0.0686,0.0232,-0.00028,0.0916,-0.1521,-17.0,-42.7,0.797,0.912,57.2,1.9594,,53.4,31.3,68.7,0.0,612.0,0.8,0.6726,0.5053,0.3132,5.0,75.0,120.0,1.276,0.528,6.0,1.052,-0.87,-2.219,-0.1993,0.0783,-0.2909,-0.0222
D|N5|15m->5m|oneshot|XRPUSD,288,XRPUSD,D,5,15,5,oneshot,mtf,D|N5|15m->5m|oneshot,train,273.4,1,0.3438,0.0312,-1.0636,-1.0,0.0818,0.0277,-0.00064,0.1089,-0.0777,9.0,-22.4,0.893,1.048,36.4,1.6182,3.486,49.3,34.4,65.6,0.0,511.0,0.82,0.7014,0.5243,0.3438,5.0,75.0,120.0,1.171,0.543,6.0,1.061,0.371,-0.949,-0.125,0.1875,-0.2337,0.0735
D|N5|15m->5m|level|BTCUSD,332,BTCUSD,D,5,15,5,level,mtf,D|N5|15m->5m|level,train,332.0,1,0.3283,0.1024,-1.0994,-1.0,0.7688,0.2606,-0.0012,1.0282,-0.9258,34.0,-307.4,0.381,1.162,323.7,0.9243,10.04,57.5,36.7,63.3,1.2,339.0,0.94,0.6325,0.488,0.3614,5.0,75.0,165.0,1.477,0.128,8.0,1.045,1.224,-4.159,-0.0602,0.2651,-1.3489,-0.5009
D|N5|15m->5m|level|ETHUSD,396,ETHUSD,D,5,15,5,level,mtf,D|N5|15m->5m|level,train,396.0,1,0.3182,-0.0303,-1.0632,-1.0,0.5052,0.1712,0.00415,0.6805,-0.7108,-12.0,-281.5,0.446,0.955,291.1,1.707,,54.5,32.3,67.7,1.8,382.5,1.13,0.6465,0.5076,0.3207,5.0,75.0,165.0,1.132,-0.37,8.0,1.145,-0.425,-3.648,-0.1742,0.1062,-1.0953,-0.3474
D|N5|15m->5m|level|SOLUSD,550,SOLUSD,D,5,15,5,level,mtf,D|N5|15m->5m|level,train,550.0,1,0.3073,-0.0236,-1.0606,-1.0,0.7985,0.2707,0.00058,1.0697,-1.0933,-13.0,-601.3,0.331,0.965,607.9,1.52,,54.0,32.5,67.5,1.3,216.0,1.56,0.6545,0.5073,0.3255,5.0,75.0,165.0,1.256,-1.388,8.0,1.097,-0.38,-2.266,-0.1436,0.0965,-2.1841,-0.4547
D|N5|15m->5m|level|XRPUSD,508,XRPUSD,D,5,15,5,level,mtf,D|N5|15m->5m|level,train,508.0,1,0.3209,0.0157,-1.0628,-1.0,0.3684,0.1249,0.00013,0.4934,-0.4777,8.0,-242.7,0.547,1.024,247.1,1.5291,31.333,51.0,33.9,66.1,1.4,209.5,1.45,0.6358,0.498,0.3386,5.0,75.0,165.0,1.562,-1.442,9.0,1.076,0.248,-4.896,-0.1084,0.1339,-0.6717,-0.2953
D|N8|5m->15m|oneshot|BTCUSD,432,BTCUSD,D,8,5,15,oneshot,mtf,D|N8|5m->15m|oneshot,train,432.0,1,0.3657,0.1042,-1.1356,-1.0,0.2149,0.0729,-0.00024,0.2876,-0.1834,45.0,-79.2,0.774,1.165,94.4,0.6958,2.761,48.8,36.8,63.2,0.0,260.0,1.23,0.7269,0.5347,0.3634,8.0,40.0,70.0,1.302,0.655,10.0,1.139,1.576,-2.6,-0.0278,0.2292,-0.327,-0.0524
D|N8|5m->15m|oneshot|ETHUSD,564,ETHUSD,D,8,5,15,oneshot,mtf,D|N8|5m->15m|oneshot,train,564.0,1,0.3387,0.016,-1.0951,-1.0,0.1274,0.0432,0.0001,0.1707,-0.1548,9.0,-87.3,0.8,1.024,101.4,1.0832,10.698,50.4,33.9,66.1,0.0,259.5,1.6,0.6578,0.4982,0.3387,8.0,40.0,70.0,1.282,0.663,9.0,0.985,0.271,-2.615,-0.1011,0.1277,-0.265,-0.0422
D|N8|5m->15m|oneshot|SOLUSD,540,SOLUSD,D,8,5,15,oneshot,mtf,D|N8|5m->15m|oneshot,train,526.0,1,0.3481,0.05,-1.0829,-1.0,0.1073,0.0364,-0.00026,0.1434,-0.0934,27.0,-50.4,0.874,1.077,80.8,1.3633,2.868,51.7,35.0,65.0,0.0,281.0,1.53,0.6907,0.5278,0.35,8.0,40.0,67.5,1.425,0.674,9.0,1.114,0.746,-1.357,-0.0833,0.1778,-0.226,0.0413
D|N8|5m->15m|oneshot|XRPUSD,538,XRPUSD,D,8,5,15,oneshot,mtf,D|N8|5m->15m|oneshot,train,521.7,1,0.3569,0.0706,-1.0792,-1.0,0.115,0.039,-0.00045,0.1536,-0.0829,38.0,-44.6,0.888,1.11,60.3,1.2077,2.174,49.4,35.7,64.3,0.0,269.0,1.53,0.6822,0.5167,0.3569,8.0,40.0,70.0,1.385,0.584,9.0,1.069,1.149,-1.379,-0.0465,0.1877,-0.1979,0.0362
D|N8|5m->15m|level|BTCUSD,554,BTCUSD,D,8,5,15,level,mtf,D|N8|5m->15m|level,train,554.0,1,0.2996,-0.0469,-1.126,-1.0,1.2597,0.427,-0.00131,1.6854,-1.7323,-26.0,-959.7,0.222,0.931,971.0,0.7088,,57.8,31.8,68.2,0.7,198.0,1.58,0.6444,0.4585,0.3141,8.0,40.0,85.0,1.523,-0.158,14.0,0.894,-0.786,-2.286,-0.1661,0.0668,-3.4811,-0.7302
D|N8|5m->15m|level|ETHUSD,662,ETHUSD,D,8,5,15,level,mtf,D|N8|5m->15m|level,train,662.0,1,0.3157,-0.003,-1.0861,-1.0,0.8038,0.2725,0.00195,1.0782,-1.0812,-2.0,-715.8,0.343,0.995,714.1,1.1349,,53.5,33.2,66.8,1.2,181.5,1.88,0.6284,0.4864,0.3293,8.0,40.0,85.0,1.38,-0.187,12.0,1.017,-0.054,-3.675,-0.1118,0.1012,-1.7442,-0.593
D|N8|5m->15m|level|SOLUSD,716,SOLUSD,D,8,5,15,level,mtf,D|N8|5m->15m|level,train,716.0,1,0.3296,0.0265,-1.0669,-1.0,0.9611,0.3258,0.00096,1.2879,-1.2613,19.0,-903.1,0.318,1.04,920.7,1.4095,48.532,52.9,34.2,65.8,1.1,211.5,2.03,0.6872,0.5154,0.3422,8.0,40.0,85.0,1.644,0.007,12.0,1.116,0.535,-2.697,-0.0698,0.1229,-2.2842,-0.4797
D|N8|5m->15m|level|XRPUSD,642,XRPUSD,D,8,5,15,level,mtf,D|N8|5m->15m|level,train,642.0,1,0.3318,0.0187,-1.0696,-1.0,0.383,0.1298,0.00207,0.5148,-0.4961,12.0,-318.5,0.54,1.028,324.6,1.3024,27.544,51.7,34.0,66.0,1.4,200.0,1.83,0.6464,0.4891,0.3396,8.0,40.0,85.0,1.719,-0.066,13.0,1.023,0.358,-5.547,-0.0841,0.1215,-0.6812,-0.3198
D|N8|15m->5m|oneshot|BTCUSD,180,BTCUSD,D,8,15,5,oneshot,mtf,D|N8|15m->5m|oneshot,train,179.7,1,0.4167,0.25,-1.0599,-1.0,0.112,0.038,0.00463,0.1546,0.0954,45.0,17.2,1.143,1.429,12.9,1.2173,0.618,57.2,41.7,58.3,0.0,988.0,0.52,0.7278,0.5556,0.4167,8.0,120.0,202.5,1.315,0.686,9.0,1.237,2.465,0.943,0.05,0.45,-0.108,0.2847
D|N8|15m->5m|oneshot|ETHUSD,201,ETHUSD,D,8,15,5,oneshot,mtf,D|N8|15m->5m|oneshot,train,197.9,1,0.3383,0.0149,-1.0539,-1.0,0.074,0.0251,-0.00397,0.0951,-0.0802,3.0,-16.1,0.89,1.023,35.6,1.746,6.371,50.7,33.8,66.2,0.0,677.0,0.57,0.6965,0.5323,0.3333,8.0,120.0,195.0,1.15,0.633,9.0,1.129,0.146,-0.779,-0.1791,0.2239,-0.2699,0.1261
D|N8|15m->5m|oneshot|SOLUSD,203,SOLUSD,D,8,15,5,oneshot,mtf,D|N8|15m->5m|oneshot,train,197.3,1,0.3892,0.1675,-1.0454,-1.0,0.0603,0.0204,0.00034,0.081,0.0864,34.0,17.5,1.131,1.274,12.0,2.1517,0.484,48.3,38.9,61.1,0.0,668.0,0.58,0.6749,0.5567,0.3892,8.0,120.0,180.0,1.474,0.67,10.0,1.264,1.908,0.97,-0.0099,0.33,-0.0872,0.2519
D|N8|15m->5m|oneshot|XRPUSD,182,XRPUSD,D,8,15,5,oneshot,mtf,D|N8|15m->5m|oneshot,train,175.4,1,0.3571,0.0714,-1.0451,-1.0,0.0658,0.0223,0.00153,0.0896,-0.0182,13.0,-3.3,0.974,1.111,13.3,2.1794,1.254,53.3,35.7,64.3,0.0,828.5,0.52,0.6868,0.5275,0.3571,8.0,120.0,165.0,1.293,0.635,9.0,1.133,0.855,-0.216,-0.0934,0.2198,-0.1797,0.1425
D|N8|15m->5m|level|BTCUSD,303,BTCUSD,D,8,15,5,level,mtf,D|N8|15m->5m|level,train,303.0,1,0.2937,-0.0198,-1.0985,-1.0,0.8766,0.2972,-0.00147,1.1723,-1.1921,-6.0,-361.2,0.301,0.971,367.3,0.9067,,52.1,32.7,67.3,1.0,302.0,0.87,0.6139,0.4818,0.3234,8.0,120.0,285.0,2.002,-1.755,14.0,0.935,-0.267,-4.093,-0.1683,0.1191,-1.8209,-0.6727
D|N8|15m->5m|level|ETHUSD,473,ETHUSD,D,8,15,5,level,mtf,D|N8|15m->5m|level,train,473.0,1,0.3129,0.0529,-1.0682,-1.0,0.7111,0.2411,-0.00037,0.9518,-0.8989,25.0,-425.2,0.381,1.081,437.2,1.0642,18.008,49.7,35.1,64.9,2.1,152.0,1.35,0.6448,0.4926,0.3488,8.0,120.0,270.0,1.497,-2.23,13.0,1.145,0.773,-4.526,-0.0803,0.1797,-1.3066,-0.5209
D|N8|15m->5m|level|SOLUSD,451,SOLUSD,D,8,15,5,level,mtf,D|N8|15m->5m|level,train,451.0,1,0.3725,0.1641,-1.0421,-1.0,0.4848,0.1644,0.00065,0.6498,-0.4858,74.0,-219.1,0.571,1.268,240.2,1.6025,3.96,54.8,38.8,61.2,0.9,224.0,1.29,0.6874,0.5499,0.388,8.0,120.0,255.0,1.791,-2.451,12.0,1.314,2.482,-3.115,0.0377,0.2971,-0.8176,-0.2072
D|N8|15m->5m|level|XRPUSD,425,XRPUSD,D,8,15,5,level,mtf,D|N8|15m->5m|level,train,425.0,1,0.2941,-0.0471,-1.0625,-1.0,0.5759,0.1952,0.00056,0.7717,-0.8188,-20.0,-348.0,0.391,0.931,353.6,1.3989,,54.4,31.8,68.2,0.9,172.0,1.22,0.6353,0.4588,0.3176,8.0,120.0,255.0,1.702,-2.915,13.0,0.92,-0.651,-4.798,-0.1882,0.0941,-1.1822,-0.5044
