candidate_id,mechanism,exec_tf,pair,variant,trades,gross_expectancy,fee_drag,slippage_drag,funding_drag,net_expectancy,gross_total_R,net_total_R,win_rate,wins,losses,longs,shorts,median_net_R,avg_stop_pct,median_stop_pct,median_stop_bps,cost_per_R,pct_target,pct_stop,unresolved_at_boundary,effective_n,profit_factor,max_dd_R,t_gross,t_net,net_ci_low,net_ci_high,ca_trades,cb_trades,excess_vs_ca,excess_vs_cb,setups_detected,rejected_warmup,rejected_stop_invalid,rejected_no_entry_bar,rejected_outside_split,eligible_setups,skipped_stop,skipped_size,rejected_position_open,trades_entered,reconciled,cb_net,cb_gross,cb_stop,cb_seed_sd,cb_min,cb_max,ca_net,ca_gross,cb_cost,ca_cost,excess_gross_cb,excess_gross_ca
M1|5m|5/20,M1,5,5/20,{},6312,-0.0052281368821292,-0.2201563492616794,-0.0746292709361625,0.0005252866300611,-0.29948847044991,-33.000000000000014,-1890.371225479832,0.3314321926489227,2092.0,4220.0,3292.0,3020.0,-1.1674442101501254,0.7735205976046373,0.6424117009917673,64.24117009917673,0.2942603335677807,33.159062103929024,66.84093789607097,0.0,3403.2,0.653,1894.8,-0.219,-12.186,-0.3343,-0.2641,41927,16410,2.6727476234895784,0.168290112236369,44167,14,0,0,17920,26233,11,0,19910,6312,True,-0.4677785826862791,0.026889847042263677,0.6703501877965798,0.05855264906029654,-0.5665063465457643,-0.41783860705888703,-2.9722360939394883,0.02989338206984039,0.49466842972854275,3.002129476009329,-0.03211798392439288,-0.03512151895196959
M2|5m|5/20|s0.00,M2,5,5/20,"{""atr_period"": 14, ""slope_lookback"": 5, ""slope_threshold"": 0.0}",5497,-0.0078224486083318,-0.2333235759712429,-0.0790927376173704,5.703859086104562e-05,-0.3201817236060841,-43.0,-1760.0389346626444,0.3303620156448972,1816.0,3681.0,2778.0,2719.0,-1.1744681270028516,0.74260670498364,0.6123421366699866,61.23421366699866,0.3123592749977523,33.072585046388944,66.92741495361106,0.0,3861.0,0.635,1761.22,-0.349,-13.716,-0.3564,-0.2789,33100,15407,2.6956427449122438,0.2004041256076777,23065,6,0,0,9421,13638,8,0,8133,5497,True,-0.5205858492137618,0.04415471558566374,0.6449190943323176,0.13632536566589348,-0.6639969427326696,-0.36101924396962465,-3.0158244685183275,0.03966955562764808,0.5647405647994256,3.055494024145976,-0.051977164193995534,-0.04749200423597988
M2|5m|5/20|s0.25,M2,5,5/20,"{""atr_period"": 14, ""slope_lookback"": 5, ""slope_threshold"": 0.25}",101,0.2772277227722772,-0.1642431913570222,-0.0556756580871261,-0.0019246443256226,0.0553842290025061,28.0,5.5938071292531255,0.4257425742574257,43.0,58.0,50.0,51.0,-1.071194061459177,1.2088014642549791,0.946785578426804,94.6785578426804,0.221843493769771,42.57425742574257,57.42574257425742,0.0,101.0,1.078,13.82,1.628,0.329,-0.2742,0.4164,485,494,2.748993813183713,0.3560178380837191,199,0,0,0,94,105,3,0,1,101,True,-0.30063360908121295,-0.005354099695683847,0.9448166237363536,0.1101929259468113,-0.49007583348760936,-0.20184996788026224,-2.6936095841812064,0.18248239256915383,0.2952795093855291,2.8760919767503603,0.28258182246796104,0.09474533020312337
M2|5m|5/20|s0.50,M2,5,5/20,"{""atr_period"": 14, ""slope_lookback"": 5, ""slope_threshold"": 0.5}",3,1.0,-0.0385164113441814,-0.0130564106251462,0.0128683486794874,0.9612955267101596,3.0,2.883886580130479,0.6666666666666666,2.0,1.0,1.0,2.0,1.9599366818477555,3.050659861343857,3.313856967292637,331.3856967292637,0.0387044732898402,66.66666666666666,33.33333333333333,0.0,3.0,3.712,0.0,,,,,18,14,1.360386236663998,1.2650094586342049,6,0,0,0,2,4,1,0,0,3,True,-0.30371393192404494,-0.1,3.324531112465303,0.6909234504569923,-1.4253724716014713,0.4622942710473936,-0.3990907099538383,-0.1,0.20371393192404494,0.29909070995383824,1.1,1.1
M3|5m|5/20|v1.2,M3,5,5/20,"{""atr_period"": 14, ""atr_ratio_threshold"": 1.2, ""baseline_window"": 20}",1182,0.0355329949238578,-0.1802001574831114,-0.0610847991468174,0.0006326543788328,-0.2051193073272382,41.99999999999999,-242.45102126079564,0.3451776649746192,408.0,774.0,620.0,562.0,-1.1192475843935106,1.0067644195941845,0.8114181106559682,81.14181106559683,0.2406523022510961,34.51776649746193,65.48223350253807,0.0,786.9,0.747,248.48,0.766,-4.05,-0.2903,-0.1219,6552,4641,2.30863161242689,0.2909490727721979,2802,0,0,0,1146,1656,5,0,469,1182,True,-0.4960683800994362,-0.0022449346144829603,0.830526527909719,0.2214364782281541,-0.8346215531539205,-0.25224313990270725,-2.5137509197541283,0.006420991863207384,0.49382344548495327,2.520171911617336,0.03777792953834076,0.029112003060650416
M3|5m|5/20|v1.5,M3,5,5/20,"{""atr_period"": 14, ""atr_ratio_threshold"": 1.5, ""baseline_window"": 20}",234,-0.0512820512820512,-0.1317597640968379,-0.0446643268124874,0.0022670701465387,-0.2254390720448379,-12.0,-52.75274285849208,0.3162393162393162,74.0,160.0,123.0,111.0,-1.086073424555033,1.3773985473298005,1.0781745512808585,107.81745512808584,0.1741570207627866,31.62393162393162,68.37606837606837,0.0,176.0,0.719,58.75,-0.496,-2.266,-0.3903,-0.0551,1216,1068,1.172932797914658,0.0312382567323142,488,0,0,0,204,284,5,0,45,234,True,-0.2566773287771522,0.08394539382320867,1.0698686633490113,0.10324847033017823,-0.40642736731838847,-0.1715874394097685,-1.398371869959496,0.07074219322598922,0.34062272260036086,1.4691140631854853,-0.13522744510525986,-0.12202424450804042
M4|5m|5/20|d0.25,M4,5,5/20,"{""arm_expiry_bars"": 10, ""atr_period"": 14, ""pullback_atr"": 0.25}",6213,0.0294543698696282,-0.3394273101955185,-0.1150601051510232,0.0004489753521409,-0.4245840701247726,183.0,-2637.9408276852123,0.3399323998068566,2112.0,4101.0,3199.0,3014.0,-1.208248584571833,0.6008730854825902,0.4454997553665005,44.54997553665005,0.4540384399944007,34.31514566232094,65.68485433767906,0.0,4858.7,0.555,2638.49,1.465,-18.91,-0.4639,-0.3865,35549,17955,0.1549781637780354,0.3432698318876857,20890,8,0,0,8659,12223,19,0,5991,6213,True,-0.7678539020124583,0.037531122573997086,0.4753784487100405,0.09469948068489349,-0.8943955583440004,-0.6639935935853054,-0.579562233902808,0.032669536783237765,0.8053850245864553,0.6122317706860458,-0.008076752704368886,-0.003215166913609565
M4|5m|5/20|d0.5,M4,5,5/20,"{""arm_expiry_bars"": 10, ""atr_period"": 14, ""pullback_atr"": 0.5}",6157,0.0139678414812408,-0.2884164189033429,-0.0977682775943535,0.0003338159780834,-0.3718830390383722,85.99999999999997,-2289.683871359258,0.3347409452655514,2061.0,4096.0,3127.0,3030.0,-1.1772088263473055,0.7178289172409966,0.5486395410365617,54.86395410365616,0.3858508805196131,33.798928049374695,66.2010719506253,0.0,4254.5,0.596,2291.65,0.632,-15.373,-0.413,-0.3331,41111,16468,0.4814289666331081,0.3164756925541345,30365,11,0,0,12394,17960,22,0,11781,6157,True,-0.6883587315925067,0.008266138184092256,0.5772521143686365,0.0726478956673655,-0.7972465285518388,-0.6290787660350676,-0.8533120056714804,0.035686884065285626,0.696624869776599,0.888998889736766,0.005701703297148544,-0.021719042584044827
M5|5m|5/20,M5,5,5/20,"{""regime_fast"": 20, ""regime_slow"": 50, ""regime_tf"": 60, ""regime_tf_name"": ""1h""}",6105,0.0275184275184275,-0.2487130110682833,-0.0843094952773841,-0.0005915900173532,-0.3060956688445932,168.0,-1868.714058296242,0.3425061425061425,2091.0,4014.0,2797.0,3308.0,-1.1855086716282794,0.6937257921669351,0.5750393312078053,57.50393312078053,0.3336140963630207,34.250614250614255,65.74938574938575,0.0,3490.9,0.651,1869.75,1.095,-11.168,-0.3458,-0.2654,35994,16897,2.583992771362259,0.279210976214516,21651,0,0,0,8824,12827,12,0,6710,6105,True,-0.5853066450591093,0.02041273753394379,0.599279812281372,0.0727737579826216,-0.6963655139036955,-0.5211178086269619,-2.890088440206852,0.035362752270598354,0.6057193825930531,2.9254511924774502,0.007105689984483712,-0.007844324752170853
M1|5m|9/21,M1,5,9/21,{},5923,-0.0082728347121391,-0.2312117494744495,-0.0783768642286269,0.0005029306358526,-0.3173585177793628,-48.99999999999997,-1879.7145008071664,0.330406888401148,1957.0,3966.0,3032.0,2891.0,-1.1751976438587923,0.753859984018051,0.6123546431900798,61.23546431900798,0.3090856830672238,33.05757217626203,66.94242782373797,0.0,3693.3,0.638,1889.95,-0.357,-12.481,-0.3564,-0.2777,41667,15666,2.779497251992314,0.2551684266095587,32015,11,0,1,13222,18781,14,0,12844,5923,True,-0.5725269443889216,0.030548729091650507,0.6463775369603578,0.10226582805624893,-0.730316971584532,-0.4668754855617617,-3.0968557697716768,0.027550279913744168,0.6030756734805721,3.124406049685421,-0.03882156380378961,-0.035823114625883265
M2|5m|9/21|s0.00,M2,5,9/21,"{""atr_period"": 14, ""slope_lookback"": 5, ""slope_threshold"": 0.0}",5754,-0.0005213764337851,-0.2315740334768644,-0.0784996723650387,0.0004423498657992,-0.3101527324098891,-2.999999999999972,-1784.6188222865023,0.3331595411887382,1917.0,3837.0,2941.0,2813.0,-1.173277190708799,0.7527776750666391,0.6120641422974314,61.206414229743146,0.309631355976104,33.315954118873826,66.68404588112618,0.0,3634.1,0.645,1785.46,-0.023,-12.632,-0.3472,-0.2699,39376,15566,2.8055737965693317,0.234325897176165,25889,6,0,1,10681,15201,13,0,9434,5754,True,-0.5444786295860542,0.03705160826385042,0.6434208787182427,0.07660068901358118,-0.6645424616006002,-0.45408461225462926,-3.1157265289792204,0.03610819329798977,0.5815302378499047,3.15183472227721,-0.03757298469763552,-0.03662956973177487
M2|5m|9/21|s0.25,M2,5,9/21,"{""atr_period"": 14, ""slope_lookback"": 5, ""slope_threshold"": 0.25}",2616,0.0298165137614678,-0.2485486478659823,-0.0842537789376211,0.0005493201280196,-0.3024365929141159,78.0,-791.1741270633273,0.3428899082568807,897.0,1719.0,1295.0,1321.0,-1.1681997949567768,0.7482897102719296,0.5953524386106704,59.535243861067045,0.3322531066755839,34.32721712538226,65.67278287461774,0.0,2097.3,0.654,789.1,1.006,-9.301,-0.362,-0.244,14384,9551,3.2856621297888458,0.3465518919968169,5736,0,0,0,2300,3436,9,0,811,2616,True,-0.6489884849109329,0.029856372986451368,0.6139271976276548,0.1324393237284604,-0.8217541114721704,-0.48866943833954124,-3.588098722702962,0.06968316122664726,0.6788448578973842,3.657781883929609,-3.985922498356623e-05,-0.03986664746517946
M2|5m|9/21|s0.50,M2,5,9/21,"{""atr_period"": 14, ""slope_lookback"": 5, ""slope_threshold"": 0.5}",70,0.1571428571428571,-0.1803451404815923,-0.0611339459259634,-0.002743364208961,-0.0870795934736596,11.0,-6.095571543156178,0.3857142857142857,27.0,43.0,30.0,40.0,-1.1018836558478928,1.1979062584010496,1.0200489416654166,102.00489416654166,0.2442224506165169,38.57142857142858,61.42857142857143,0.0,56.4,0.89,17.67,0.802,-0.446,-0.422,0.2569,337,342,2.4941397396279656,0.1515269605913844,123,0,0,0,48,75,3,0,2,70,True,-0.2386065540650441,0.09608673839425451,1.074069484033554,0.09541820719070344,-0.3302086143907906,-0.0928663060316543,-2.5812193331016253,0.06121832132062312,0.33469329245929863,2.6424376544222485,0.0610561187486026,0.095924535822234
M3|5m|9/21|v1.2,M3,5,9/21,"{""atr_period"": 14, ""atr_ratio_threshold"": 1.2, ""baseline_window"": 20}",1013,0.0602171767028627,-0.1679346543727364,-0.0569270014822835,0.0003276502884971,-0.16431682886366,61.0,-166.45294763888762,0.3534057255676209,358.0,655.0,521.0,492.0,-1.1111068042577028,1.0711392953575272,0.870017691747324,87.0017691747324,0.2245340055665228,35.3405725567621,64.6594274432379,0.0,729.7,0.793,172.04,1.015,-2.835,-0.2587,-0.0727,5460,4049,2.4835406874630284,0.3451068270579833,2215,0,0,0,925,1290,8,0,269,1013,True,-0.5094236559216434,-0.0009156312254515492,0.90471363405982,0.1601988870697652,-0.7016466887522463,-0.3198122213542095,-2.647857516326688,0.018198652174475333,0.5085080246961918,2.6660561685011634,0.06113280792831425,0.04201852452838737
M3|5m|9/21|v1.5,M3,5,9/21,"{""atr_period"": 14, ""atr_ratio_threshold"": 1.5, ""baseline_window"": 20}",217,-0.0737327188940092,-0.1166169696585608,-0.0395311761554443,0.0017090994959837,-0.2281717652120306,-16.0,-49.51327305101066,0.3087557603686636,67.0,150.0,110.0,107.0,-1.0860493055897562,1.5075169546197635,1.2662526683485356,126.62526683485356,0.1544390463180214,30.87557603686636,69.12442396313364,0.0,156.9,0.713,51.77,-0.649,-2.167,-0.4015,-0.0468,1118,970,1.112432020143975,0.0577675778878152,425,0,0,0,172,253,6,0,30,217,True,-0.2859393430998459,0.051608031126668674,1.2692839146966375,0.15841529634495718,-0.54270730471002,-0.12065729265306903,-1.3406037853560058,-0.05005871917435721,0.3375473742265146,1.2905450661816487,-0.12534075002067788,-0.023673999719651992
M4|5m|9/21|d0.25,M4,5,9/21,"{""arm_expiry_bars"": 10, ""atr_period"": 14, ""pullback_atr"": 0.25}",4686,0.0422535211267605,-0.4232384317883335,-0.1434706548435028,-0.000156677182849,-0.5246122426879248,197.99999999999997,-2458.332969235616,0.3405889884763124,1596.0,3090.0,2388.0,2298.0,-1.2619874794363355,0.4746144635058423,0.361442490237295,36.14424902372951,0.5668657638146855,34.74178403755869,65.25821596244131,0.0,4032.6,0.486,2456.61,1.825,-20.285,-0.5722,-0.4776,23898,16377,0.0319460808786573,0.613788141592107,10953,5,0,0,4559,6389,9,0,1694,4686,True,-1.1384003842800319,0.0356123871260504,0.3746793896771622,0.11245631656893314,-1.2680577331116794,-1.0296932534558976,-0.5565583235665822,0.027914845151115097,1.1740127714060822,0.5844731687176973,0.006641134000710099,0.014338675975645403
M4|5m|9/21|d0.5,M4,5,9/21,"{""arm_expiry_bars"": 10, ""atr_period"": 14, ""pullback_atr"": 0.5}",6077,0.0258351160111897,-0.3875375272061196,-0.13136865329021,0.0001141338283979,-0.492956930656742,156.99999999999994,-2995.6992676010213,0.3338818495968405,2029.0,4048.0,3109.0,2968.0,-1.2287452531229477,0.5470159428395556,0.4145476494658994,41.45476494658994,0.5187920466679318,34.19450386703966,65.80549613296034,0.0,4486.4,0.509,2994.78,1.204,-19.696,-0.5331,-0.4504,33603,18536,0.1189998368036953,0.4685203446753864,18204,7,0,0,7587,10610,13,0,4520,6077,True,-0.9614772753321285,0.015214796606360964,0.43423362384897013,0.20231702169765226,-1.2558758944751356,-0.7725092589340133,-0.6119567674604374,0.022509336942167286,0.9766920719384894,0.6344661044026046,0.010620319404828736,0.0033257790690224137
M5|5m|9/21,M5,5,9/21,"{""regime_fast"": 20, ""regime_slow"": 50, ""regime_tf"": 60, ""regime_tf_name"": ""1h""}",5627,0.0337657721698951,-0.2606792382363259,-0.088365843469941,-0.000500512842342,-0.3157798223787138,190.00000000000009,-1776.8930605250227,0.3445885907232984,1939.0,3688.0,2619.0,3008.0,-1.192907594391307,0.6606481569549332,0.5472213030334233,54.72213030334233,0.349545594548609,34.45885907232984,65.54114092767016,0.0,3353.4,0.644,1777.64,1.358,-11.224,-0.3586,-0.2731,32324,16806,2.669322221111673,0.2523549665785409,15581,0,0,1,6470,9110,8,0,3475,5627,True,-0.5681347889572548,0.01468236399990428,0.5689300953484613,0.1074803120409286,-0.7457498630848907,-0.46519715811352447,-2.985102043490387,0.03677092552795078,0.5828171529571591,3.021872969018338,0.019083408169990816,-0.003005153358055686
M1|5m|12/26,M1,5,12/26,{},5103,-0.030570252792475,-0.2291440463711954,-0.0776759479224391,0.0003895325811329,-0.3370007145049765,-156.0,-1719.7146461188954,0.3227513227513227,1647.0,3456.0,2637.0,2466.0,-1.1695480680035102,0.7825080219439707,0.6288475541139793,62.88475541139793,0.3064304617125015,32.314324906917506,67.6856750930825,0.0,3172.8,0.619,1725.98,-1.23,-12.644,-0.3772,-0.295,36816,14083,2.670886773665521,0.0917005257352787,24796,7,0,0,10296,14493,16,0,9374,5103,True,-0.4287012402402553,0.03932197829481354,0.6549172035567806,0.021629132266353025,-0.4596017375239761,-0.4095297372229389,-3.0078874881704976,0.02209473526477663,0.46802321853506884,3.0299822234352742,-0.06989223108728854,-0.05266498805725163
M2|5m|12/26|s0.00,M2,5,12/26,"{""atr_period"": 14, ""slope_lookback"": 5, ""slope_threshold"": 0.0}",4988,-0.0334803528468324,-0.2296886011787272,-0.0778605427724499,0.0003147045872361,-0.3407147922107733,-167.0,-1699.4853835473375,0.3217722534081796,1605.0,3383.0,2582.0,2406.0,-1.1695399555034611,0.7834842205943551,0.6272677267464329,62.72677267464329,0.3072344393639409,32.21732157177225,67.78267842822775,0.0,3088.8,0.615,1702.5,-1.348,-12.459,-0.3834,-0.2979,35405,13988,2.609936829258544,0.1531478081543631,21462,7,0,0,8915,12540,16,0,7536,4988,True,-0.49386260036513646,0.017399206355624457,0.6668793095026555,0.10613307854919256,-0.6470236964022815,-0.356529795434452,-2.950651621469317,0.029800035322559683,0.5112618067207609,2.980451656791877,-0.05087955920245686,-0.06328038816939208
M2|5m|12/26|s0.25,M2,5,12/26,"{""atr_period"": 14, ""slope_lookback"": 5, ""slope_threshold"": 0.25}",2896,0.0089779005524861,-0.2273618743945732,-0.0770718218286689,0.0001662224401805,-0.2952895732305754,26.00000000000002,-855.1586040757464,0.3359806629834254,973.0,1923.0,1451.0,1445.0,-1.1599637443147035,0.8140393568401618,0.6527415506663112,65.27415506663112,0.3042674737830616,33.63259668508287,66.36740331491713,0.0,2085.0,0.659,856.94,0.294,-8.685,-0.3521,-0.2402,16968,9885,3.047577304393434,0.2767215490214635,7301,1,0,0,2984,4316,10,0,1410,2896,True,-0.572011122252039,0.03397658289511889,0.6723668869024522,0.16441240831902376,-0.7804791572396503,-0.41588467280574754,-3.3428668776240094,0.044214684620249176,0.6059877051471578,3.3870815622442585,-0.024998682342632784,-0.03523678406776307
M2|5m|12/26|s0.50,M2,5,12/26,"{""atr_period"": 14, ""slope_lookback"": 5, ""slope_threshold"": 0.5}",172,0.1860465116279069,-0.2000650550957135,-0.0678186627443096,0.0005099549495095,-0.0813272512626067,32.0,-13.988287217168356,0.3895348837209302,67.0,105.0,73.0,99.0,-1.0833981557152614,1.2468169525983217,0.8887269177608905,88.87269177608904,0.2673737628905137,39.53488372093023,60.46511627906976,0.0,151.4,0.894,33.58,1.724,-0.725,-0.2654,0.1349,860,812,5.926917198478175,0.2506368026443511,325,0,0,0,146,179,2,0,5,172,True,-0.3319640539069578,0.039841529376301706,0.9182689024978948,0.13274896793702745,-0.516389497223373,-0.20498209705286127,-6.008244449740782,0.06810409392119948,0.3718055832832595,6.0763485436619815,0.1462049822516052,0.11794241770670741
M3|5m|12/26|v1.2,M3,5,12/26,"{""atr_period"": 14, ""atr_ratio_threshold"": 1.2, ""baseline_window"": 20}",905,0.0077348066298342,-0.1598705914053946,-0.054193420815388,-0.0011924899484094,-0.2075216955393578,6.999999999999986,-187.8071344631188,0.3359116022099447,304.0,601.0,454.0,451.0,-1.1122266091031583,1.1213170462176445,0.9087131545494046,90.87131545494046,0.215256502169192,33.591160220994475,66.40883977900552,0.0,669.4,0.745,193.62,0.146,-3.278,-0.3093,-0.1062,4807,3665,2.452987820733192,0.2087527174356374,1918,0,0,0,791,1127,9,0,213,905,True,-0.41627441297499523,0.025566420747343627,0.9219630203566118,0.17663136940442897,-0.7200238805817865,-0.2955511103143663,-2.66050951627255,0.01847294580957517,0.44184083372233884,2.678982462082125,-0.01783161411750943,-0.01073813917974097
M3|5m|12/26|v1.5,M3,5,12/26,"{""atr_period"": 14, ""atr_ratio_threshold"": 1.5, ""baseline_window"": 20}",192,-0.125,-0.1153842262305552,-0.0391132970273068,-0.0002637995588393,-0.2797613228167014,-24.0,-53.71417398080668,0.2916666666666667,56.0,136.0,95.0,97.0,-1.0912054012899577,1.514184419068964,1.3052333427715743,130.52333427715743,0.1547613228167014,29.166666666666668,70.83333333333334,0.0,140.8,0.658,63.61,-1.059,-2.479,-0.4524,-0.0862,999,869,1.7731827625115957,-0.1343610423210195,381,0,0,0,155,226,8,0,26,192,True,-0.1454002804956819,0.08406149184836334,1.3172956897394748,0.10333427543206668,-0.27353244462646037,0.006700638473291494,-2.052944085328297,-0.014489157440089767,0.22946177234404525,2.0384549278882074,-0.20906149184836334,-0.11051084255991023
M4|5m|12/26|d0.25,M4,5,12/26,"{""arm_expiry_bars"": 10, ""atr_period"": 14, ""pullback_atr"": 0.25}",3506,0.0807187678265829,-0.4587615713607398,-0.1555123970714372,-0.0003118915875266,-0.5338670921931207,282.99999999999994,-1871.738025229081,0.3482601254991443,1221.0,2285.0,1761.0,1745.0,-1.2647916802652213,0.4464064846343436,0.3419282651778667,34.19282651778666,0.6145858600197037,36.02395892755277,63.97604107244723,0.0,3056.8,0.481,1869.15,3.067,-18.515,-0.587,-0.4797,17206,13514,0.008715139955123,0.5226501764487094,7273,3,0,0,3055,4215,3,0,706,3506,True,-1.05651726864183,0.03749072700921481,0.3482458377753391,0.23597190006871593,-1.4191144964977147,-0.824447684044468,-0.5425822321482437,0.04354488796146157,1.094007995651045,0.5861271201097054,0.043228040817368085,0.03717387986512133
M4|5m|12/26|d0.5,M4,5,12/26,"{""arm_expiry_bars"": 10, ""atr_period"": 14, ""pullback_atr"": 0.5}",4927,0.0686015831134564,-0.4313676969660688,-0.1462263379545996,-0.0002251555145912,-0.5092176073218033,338.0,-2508.9151512745248,0.3450375482037751,1700.0,3227.0,2523.0,2404.0,-1.2366594827586257,0.5007048976991827,0.3829082270567642,38.29082270567642,0.5778191904352598,35.62005277044855,64.37994722955145,0.0,3430.7,0.501,2507.54,2.76,-16.565,-0.5599,-0.4604,25282,16559,0.0667657472337225,0.5403068343671447,12326,3,0,0,5187,7136,6,0,2203,4927,True,-1.049524441688948,0.03770961306011717,0.4016818079435534,0.21214938188981397,-1.3137390076991395,-0.7229782420121191,-0.5759833545555259,0.03463315583636731,1.087234054749065,0.6106165103918931,0.030891970053339234,0.0339684272770891
M5|5m|12/26,M5,5,12/26,"{""regime_fast"": 20, ""regime_slow"": 50, ""regime_tf"": 60, ""regime_tf_name"": ""1h""}",4697,0.0302320630189482,-0.2575576851587227,-0.0873076898843127,-0.0004801228748434,-0.3151134348989306,142.0,-1480.0878037202772,0.3429848839684905,1611.0,3086.0,2259.0,2438.0,-1.187182614145033,0.6676769975843324,0.5538700345727731,55.38700345727731,0.3453454979178789,34.341068767298275,65.65893123270172,0.0,2843.3,0.642,1481.56,1.1,-11.069,-0.3592,-0.2715,26748,14700,2.8251876475344906,0.2507177873622598,11944,0,0,0,4986,6958,4,0,2257,4697,True,-0.5658312222611904,0.029656763109150032,0.5766621438263355,0.056708277396453455,-0.647667823216326,-0.5032808344176499,-3.140301082433421,0.0319241614365136,0.5954879853703404,3.1722252438699345,0.0005752999097981687,-0.001692098417565402
M1|5m|20/50,M1,5,20/50,{},3092,0.046895213454075,-0.2062870015404469,-0.0699277971323548,0.0001646119141006,-0.2291549733046262,145.0,-708.5471774579042,0.3483182406209573,1077.0,2015.0,1563.0,1529.0,-1.1203603787260594,0.9976042268582788,0.7809119887998601,78.09119887998601,0.2760501867587012,34.89650711513583,65.10349288486417,0.0,2396.2,0.726,712.26,1.665,-5.668,-0.3059,-0.1647,22375,9391,2.348660873071044,0.1705487509045397,13828,1,0,0,5693,8134,15,0,5027,3092,True,-0.39970372420916594,0.02622891498179969,0.8141529360065397,0.06981901390696275,-0.4942337274624586,-0.3218060502265054,-2.5778158463756697,0.038381857552228234,0.42593263919096563,2.616197703927898,0.02066629847227531,0.008513355901846764
M2|5m|20/50|s0.00,M2,5,20/50,"{""atr_period"": 14, ""slope_lookback"": 5, ""slope_threshold"": 0.0}",3067,0.0476035213563743,-0.2058296737863625,-0.0697727707750381,0.000259881373035,-0.2277390418319914,146.0,-698.4756412987178,0.348549070753179,1069.0,1998.0,1549.0,1518.0,-1.1203750602409643,0.9994479673843888,0.7859193373805899,78.591933738059,0.2753425631883657,34.92011737854581,65.07988262145419,0.0,2400.1,0.728,702.19,1.666,-5.629,-0.3034,-0.1637,21967,9304,2.3419445739145037,0.2020397714991582,12758,0,0,0,5229,7529,15,0,4447,3067,True,-0.42977881333114976,0.06207548871556261,0.8157473530102988,0.08552721282339278,-0.5378104739329768,-0.29994140825264576,-2.5696836157464946,0.04003822511626919,0.4918543020467124,2.609721840862764,-0.014471967359188306,0.0075652962401051085
M2|5m|20/50|s0.25,M2,5,20/50,"{""atr_period"": 14, ""slope_lookback"": 5, ""slope_threshold"": 0.25}",1519,0.0566161948650428,-0.1590952395472447,-0.0539305896770321,-0.0006917669671959,-0.1571014013264299,86.00000000000003,-238.63702861484717,0.3522053982883475,535.0,984.0,755.0,764.0,-1.10120737327189,1.1662928922956035,0.959412325256512,95.9412325256512,0.2137175961914728,35.22053982883476,64.77946017116524,0.0,1183.9,0.8,239.8,1.358,-3.616,-0.2335,-0.0824,9074,5532,2.35124144052503,0.230965380523637,3849,0,0,0,1563,2286,10,0,757,1519,True,-0.38806678185006704,0.02570194243107616,1.0029905682079716,0.14517744594590284,-0.6085635488355052,-0.2694890259495773,-2.50834284185146,0.04941016194862791,0.4137687242811432,2.5577530038000877,0.030914252433966644,0.0072060329164148895
M2|5m|20/50|s0.50,M2,5,20/50,"{""atr_period"": 14, ""slope_lookback"": 5, ""slope_threshold"": 0.5}",40,-0.175,-0.1611039163175273,-0.0546114970567889,-0.0079939847834362,-0.3987093981577526,-7.0,-15.948375926310105,0.275,11.0,29.0,13.0,27.0,-1.068436691050685,1.7024034125772507,1.7083258388810334,170.83258388810336,0.2237093981577526,27.500000000000004,72.5,0.0,39.6,0.539,19.05,-1.17,-2.759,-0.6532,-0.0942,195,195,3.3551378779173464,-0.0750086020606534,74,0,0,0,34,40,0,0,0,40,True,-0.32370079609709923,-0.041666666666666664,1.743645017545439,0.27264372686379845,-0.667287890112225,-0.0016454335493041317,-3.753847276075099,-0.0020850202429149754,0.28203412943043255,3.751762255832184,-0.13333333333333333,-0.172914979757085
M3|5m|20/50|v1.2,M3,5,20/50,"{""atr_period"": 14, ""atr_ratio_threshold"": 1.2, ""baseline_window"": 20}",660,0.0636363636363636,-0.1454716032290975,-0.0493124078742703,-0.0001215938219045,-0.1312692412889088,42.00000000000001,-86.6376992506798,0.353030303030303,233.0,427.0,296.0,364.0,-1.0927334128437884,1.3412831402264525,1.0812983406991132,108.12983406991134,0.1949056049252724,35.45454545454545,64.54545454545455,0.0,520.7,0.83,94.55,1.118,-2.066,-0.2353,-0.0182,3519,2764,1.5306681830937248,0.2876425199654486,1451,0,0,0,646,805,9,0,136,660,True,-0.4189117612543575,-0.0035030163358803655,1.121826412123605,0.21641844220396192,-0.6908811378280224,-0.16485018055679596,-1.6619374243826335,0.0394040414084451,0.4154087449184771,1.7013414657910786,0.06713937997224396,0.024232322227918504
M3|5m|20/50|v1.5,M3,5,20/50,"{""atr_period"": 14, ""atr_ratio_threshold"": 1.5, ""baseline_window"": 20}",149,0.1879194630872483,-0.1049016178868431,-0.0355598704701163,0.0002775859004267,0.0477355606307155,28.0,7.112598533976623,0.3959731543624161,59.0,90.0,73.0,76.0,-1.0517337472065056,1.810802074280505,1.543321299638981,154.3321299638981,0.1401839024565327,39.59731543624161,60.40268456375839,0.0,124.9,1.07,20.71,1.311,0.342,-0.2048,0.2886,774,678,0.5978110722980615,0.2163339936802817,308,0,0,0,141,167,7,0,11,149,True,-0.16859843304956612,0.07228395494467448,1.5766701354587336,0.21579072177701863,-0.3499217958493186,0.1489004674942297,-0.5500755116673459,0.12752763365666592,0.2408823879942406,0.6776031453240119,0.11563550814257383,0.06039182943058238
M4|5m|20/50|d0.25,M4,5,20/50,"{""arm_expiry_bars"": 10, ""atr_period"": 14, ""pullback_atr"": 0.25}",1561,0.0089686098654709,-0.564114948758059,-0.191225406358664,-0.0007029191044901,-0.7470746643557423,14.000000000000114,-1166.1835510593137,0.3151825752722613,492.0,1069.0,769.0,792.0,-1.2976040301329572,0.4430132963625676,0.3165201295696425,31.652012956964256,0.7560432742212133,33.6322869955157,66.3677130044843,0.0,1386.5,0.376,1162.57,0.25,-13.786,-0.849,-0.649,7559,6816,-0.1774247136517073,0.5633376742581703,2926,0,0,0,1203,1723,0,0,162,1561,True,-1.3104123386139126,0.06745908663098507,0.32310303365971704,0.3491522702473663,-1.6510026501759425,-0.8405260268168298,-0.569649950704035,0.05816559484179582,1.3778714252448976,0.6278155455458309,-0.05849047676551417,-0.04919698497632492
M4|5m|20/50|d0.5,M4,5,20/50,"{""arm_expiry_bars"": 10, ""atr_period"": 14, ""pullback_atr"": 0.5}",2466,0.0437956204379562,-0.5388806500439366,-0.1826714067945548,-0.0001053821148322,-0.6778618185153673,108.00000000000011,-1671.6072444588958,0.3268450932684509,806.0,1660.0,1238.0,1228.0,-1.251914138419721,0.4965518447107675,0.3486142656481586,34.861426564815865,0.7216574389533236,34.79318734793188,65.20681265206812,0.0,1904.2,0.413,1670.2,1.306,-12.932,-0.7656,-0.5828,12055,9900,-0.0854955174187297,0.5841286151320617,5109,0,0,0,2098,3011,1,0,544,2466,True,-1.261990433647429,0.03371864988424592,0.35970461903049383,0.1841494015193996,-1.5450560470233912,-1.0585049381478402,-0.5923663010966376,0.03780981766469968,1.295709083531675,0.6301761187613373,0.010076970553710277,0.00598580277325652
M5|5m|20/50,M5,5,20/50,"{""regime_fast"": 20, ""regime_slow"": 50, ""regime_tf"": 60, ""regime_tf_name"": ""1h""}",2758,0.037708484408992,-0.2271315073271298,-0.0769937312973321,-0.0010048205688865,-0.2674215747843564,104.0,-737.5487032552551,0.345540246555475,953.0,1805.0,1337.0,1421.0,-1.1517818088397107,0.8058168144000556,0.6534194678937719,65.34194678937719,0.3051300591933484,34.59028281363307,65.40971718636693,0.0,1986.9,0.687,736.85,1.288,-8.141,-0.3198,-0.2096,15485,9718,2.7639188675926363,0.2638301867609605,6409,0,0,0,2655,3754,4,0,992,2758,True,-0.531251761545317,0.017943155663464903,0.6647818445785929,0.030838193986803927,-0.5742353950396623,-0.4970425205506,-3.031340442376993,0.03674874620382299,0.5491949172087819,3.068089188580816,0.019765328745527097,0.0009597382051690084
M1|5m|50/200,M1,5,50/200,{},1296,0.0810185185185185,-0.251895256483686,-0.0853882225368427,-0.0008800679214497,-0.25714502842346,105.0,-333.2599568368042,0.3526234567901234,457.0,839.0,641.0,655.0,-1.0818161896023053,1.3078651058430144,1.0060674149338666,100.60674149338666,0.3381635469419785,36.03395061728395,63.96604938271605,0.0,1273.4,0.708,343.62,2.257,-4.845,-0.3688,-0.1636,8352,4643,1.3937511833987046,0.2948734776487162,4225,1,0,0,1708,2516,44,0,1176,1296,True,-0.5520185060721762,0.027248262743445655,1.0284664830119417,0.15148728180073726,-0.7238412024724151,-0.35129141325104474,-1.6508962118221646,0.06073621183804891,0.5792667688156218,1.7116324236602136,0.05377025577507285,0.02028230668046959
M2|5m|50/200|s0.00,M2,5,50/200,"{""atr_period"": 14, ""slope_lookback"": 5, ""slope_threshold"": 0.0}",1285,0.0739299610894941,-0.2527151591544335,-0.0856661556455707,-0.0007583399725501,-0.2652096936830602,95.0,-340.79445638273233,0.3501945525291828,450.0,835.0,637.0,648.0,-1.0820962524890485,1.310542859590639,1.0072863987223837,100.72863987223838,0.3391396547725543,35.797665369649806,64.2023346303502,0.0,1258.6,0.7,349.39,2.065,-5.179,-0.367,-0.1697,8281,4531,1.3816410517648212,0.2437160369710603,4090,1,0,0,1654,2435,44,0,1106,1285,True,-0.5089257306541205,0.04939747829425801,1.034536973171304,0.2556795298959621,-0.8421177990759754,-0.26034263424348514,-1.6468507454478813,0.060404434740788014,0.5583232089483785,1.7072551801886693,0.024532482795236087,0.013525526348706081
M2|5m|50/200|s0.25,M2,5,50/200,"{""atr_period"": 14, ""slope_lookback"": 5, ""slope_threshold"": 0.25}",12,0.25,-0.0833166023325614,-0.028242916044936,-0.0053842960968767,0.1330561855256257,3.0,1.5966742263075089,0.4166666666666667,5.0,7.0,7.0,5.0,-1.0538706537160452,1.9143353347534364,1.957119244496569,195.7119244496569,0.1169438144743742,41.66666666666667,58.333333333333336,0.0,12.0,1.206,3.26,,,,,64,57,3.1749502011992443,0.3291406713815653,30,0,0,0,16,14,1,0,1,12,True,-0.19608448585593957,0.10454545454545457,1.9480004756054028,0.11158460801750063,-0.3506169005046534,-0.07025428296934054,-3.0418940156736185,0.3153846153846153,0.3006299404013941,3.3572786310582337,0.14545454545454545,-0.06538461538461532
M2|5m|50/200|s0.50,M2,5,50/200,"{""atr_period"": 14, ""slope_lookback"": 5, ""slope_threshold"": 0.5}",0,,,,,,,,,,,,,,,,,,,,,,,,,,,,0,0,,,0,0,0,0,0,0,0,0,0,0,True,,,,,,,,,,,,
M3|5m|50/200|v1.2,M3,5,50/200,"{""atr_period"": 14, ""atr_ratio_threshold"": 1.2, ""baseline_window"": 20}",258,0.1162790697674418,-0.1414642044096355,-0.0479539675964866,-0.0006977392286166,-0.0738368414672969,30.0,-19.049905098562625,0.3682170542635659,95.0,163.0,111.0,147.0,-1.0670046972709768,1.6236050269398692,1.4822718164113724,148.22718164113724,0.1901159112347388,37.2093023255814,62.7906976744186,0.0,247.6,0.902,30.59,1.7,-1.091,-0.2085,0.0499,1383,1141,1.036530157294422,0.2647372719324715,567,0,0,0,251,316,12,0,46,258,True,-0.3385741133997685,0.08684800834396526,1.5033378724158066,0.2158799022466296,-0.635902960115075,-0.04347879276802886,-1.110366998761719,0.09488964526854533,0.4254221217437338,1.2052566440302643,0.02943106142347654,0.02138942449889647
M3|5m|50/200|v1.5,M3,5,50/200,"{""atr_period"": 14, ""atr_ratio_threshold"": 1.5, ""baseline_window"": 20}",72,0.375,-0.083471553644998,-0.0282954419135586,-0.0034866350992974,0.2597463693421458,27.0,18.7017385926345,0.4583333333333333,33.0,39.0,36.0,36.0,-1.0361378599245905,2.192911309410987,2.0323756362923504,203.237563629235,0.1152536306578541,45.83333333333333,54.16666666666666,0.0,67.7,1.44,8.12,2.33,1.748,-0.0168,0.5277,386,345,0.4962253345934406,1.325975671234755,162,0,0,0,77,85,8,0,5,72,True,-1.0662293018926092,-0.01604676653270004,1.9929161747343467,1.7944245088976558,-4.2695954962111555,-0.10427328089681179,-0.23647896525129486,0.3118884493884494,1.0501825353599092,0.5483674146397443,0.39104676653270004,0.0631115506115506
M4|5m|50/200|d0.25,M4,5,50/200,"{""arm_expiry_bars"": 10, ""atr_period"": 14, ""pullback_atr"": 0.25}",218,0.018348623853211,-0.9507918034765704,-0.3223023062632441,-0.0012570976013247,-1.256002583487928,4.0,-273.8085632003683,0.2706422018348624,59.0,159.0,113.0,105.0,-1.4704218135654856,0.2948500105782065,0.2120574149684926,21.205741496849264,1.2743512073411392,33.94495412844037,66.05504587155964,0.0,199.3,0.206,275.65,0.189,-6.667,-1.6242,-0.9156,1064,1058,-0.3465549595022165,1.0284411387935746,386,0,0,0,162,224,0,0,6,218,True,-2.2844437222815026,0.0551293670848507,0.2114343463902062,0.7062822828564401,-3.006783733677822,-1.5741313752884345,-0.9094476239857116,-0.027398732569630813,2.339573089366353,0.8820488914160808,-0.0367807432316397,0.04574735642284181
M4|5m|50/200|d0.5,M4,5,50/200,"{""arm_expiry_bars"": 10, ""atr_period"": 14, ""pullback_atr"": 0.5}",373,0.0857908847184986,-0.8646880065287493,-0.2931145784843217,-0.0014853932352013,-1.0734970935297738,32.0,-400.4144158866056,0.3029490616621983,113.0,260.0,191.0,182.0,-1.3941385067873238,0.3648985262877787,0.2237498315136767,22.37498315136768,1.1592879782482726,36.193029490616624,63.806970509383376,0.0,292.6,0.271,399.76,1.172,-6.609,-1.3767,-0.8081,1810,1813,-0.2529899013349025,0.8580080504170315,703,0,0,0,299,404,0,0,31,373,True,-1.9315051439468054,0.01079140982877384,0.2282124953538745,0.4879430597770623,-2.5038057149797504,-1.3905319664784443,-0.8205071921948713,-0.008772515858001647,1.9422965537755792,0.8117346763368697,0.07499947488972476,0.09456340057650026
M5|5m|50/200,M5,5,50/200,"{""regime_fast"": 20, ""regime_slow"": 50, ""regime_tf"": 60, ""regime_tf_name"": ""1h""}",788,0.0621827411167512,-0.2239144791642192,-0.0759032132760065,-0.0030199219432818,-0.2406548732667562,49.0,-189.63604013420397,0.3489847715736041,275.0,513.0,351.0,437.0,-1.0991921158580724,1.1281024837136306,0.8884586833678269,88.84586833678269,0.3028376143835075,35.40609137055837,64.59390862944161,0.0,599.1,0.716,193.92,1.131,-4.049,-0.3358,-0.1335,4236,3263,1.376925911546425,0.3611920899806736,1607,0,0,0,652,955,14,0,153,788,True,-0.6018469632474299,0.06837080695766698,0.904010231338485,0.21753366202874577,-0.8029979285809856,-0.32858305101179086,-1.6175807848131811,0.10835679376050615,0.6702177702050969,1.7259375785736872,-0.006188065840915781,-0.04617405264375495
M1|15m|5/20,M1,15,5/20,{},1966,0.034587995930824,-0.1088154102475336,-0.0368865797449266,0.0001394406561196,-0.1109745534055165,68.0,-218.1759719952456,0.3448626653102746,678.0,1288.0,1004.0,962.0,-1.0906233300955326,1.4279331186979616,1.2350212591086158,123.50212591086158,0.1455625493363406,34.48626653102747,65.51373346897253,0.0,1264.5,0.852,226.88,0.842,-2.62,-0.1796,-0.0473,13503,5586,1.2203471690370655,0.0979421808767363,14443,8,0,0,5812,8623,27,0,6630,1966,True,-0.20891673428225294,0.027525110759324865,1.2877275945674818,0.0698873524201061,-0.30213294209494346,-0.12512059919032373,-1.3313217224425824,0.035283856478116896,0.2364418450415778,1.3666055789206992,0.007062885171499132,-0.000695860547292898
M2|15m|5/20|s0.00,M2,15,5/20,"{""atr_period"": 14, ""slope_lookback"": 5, ""slope_threshold"": 0.0}",1767,-0.030560271646859,-0.1179709794006946,-0.03999016250871,5.709979869022434e-05,-0.1884643137575736,-54.0,-333.0164424096326,0.3231465761177136,571.0,1196.0,875.0,892.0,-1.101890207253886,1.335130123982225,1.168503013221257,116.8503013221257,0.1579040421107145,32.314657611771366,67.68534238822863,0.0,1413.2,0.76,336.5,-0.83,-4.932,-0.2534,-0.1237,10867,5368,1.0779582290143506,-0.025968010266446,7535,4,0,0,2987,4544,22,0,2755,1767,True,-0.1624963034911276,0.054994520257904266,1.2132743856526622,0.052346925238524064,-0.22441527475188,-0.07914578396959283,-1.2664225427719242,0.02606991384860986,0.21749082374903186,1.292492456620534,-0.08555479190476327,-0.05663018549546886
M2|15m|5/20|s0.25,M2,15,5/20,"{""atr_period"": 14, ""slope_lookback"": 5, ""slope_threshold"": 0.25}",25,0.44,-0.0606735824015914,-0.020567316068336,0.0103452198928029,0.3691043214228754,11.0,9.227608035571889,0.48,12.0,13.0,14.0,11.0,-1.0319766748516968,2.302735869793004,2.0814536274369537,208.14536274369536,0.0708956785771245,48.0,52.0,0.0,23.0,1.648,3.33,1.997,1.592,-0.0218,0.8437,128,121,2.2809692295395703,0.4544370474040952,49,0,0,0,21,28,3,0,0,25,True,-0.08533272598121974,0.029727272727272713,2.1117452292818752,0.45345517196252133,-0.5195407509698238,0.5383831749776652,-1.9118649081166947,0.07435897435897436,0.11505999870849246,1.986223882475669,0.4102727272727273,0.36564102564102563
M2|15m|5/20|s0.50,M2,15,5/20,"{""atr_period"": 14, ""slope_lookback"": 5, ""slope_threshold"": 0.5}",0,,,,,,,,,,,,,,,,,,,,,,,,,,,,2,0,,,4,0,0,0,2,2,2,0,0,0,True,,,,,,,-2.4023731696173973,-1.0,,1.4023731696173973,,
M3|15m|5/20|v1.2,M3,15,5/20,"{""atr_period"": 14, ""atr_ratio_threshold"": 1.2, ""baseline_window"": 20}",529,0.0888468809073724,-0.0930926774602108,-0.0315568398170206,-0.0030159175263287,-0.0388185538961878,47.0,-20.535015011083388,0.3629489603024575,192.0,337.0,270.0,259.0,-1.0685646758626837,1.688428164857195,1.492665837459153,149.2665837459153,0.1276654348035602,36.29489603024575,63.70510396975425,0.0,401.5,0.946,51.42,1.297,-0.56,-0.1537,0.0809,2971,2033,1.4826729001623786,0.1107485289123464,1351,0,0,0,601,750,7,0,214,529,True,-0.1495670828085343,0.06709454608153012,1.5067966145165332,0.12303806418940334,-0.30286876192253753,-0.016218101406670394,-1.5214914540585665,0.016628106625480484,0.21666162889006443,1.538119560684047,0.02175233482584228,0.07221877428189191
M3|15m|5/20|v1.5,M3,15,5/20,"{""atr_period"": 14, ""atr_ratio_threshold"": 1.5, ""baseline_window"": 20}",104,0.3557692307692308,-0.0716873689172949,-0.0243008030228118,-0.0054717314303778,0.2543093273987461,37.0,26.4481700494696,0.4519230769230769,47.0,57.0,43.0,61.0,-1.0351830807699645,2.210373728495441,2.056605732987746,205.66057329877455,0.1014599033704846,45.19230769230769,54.80769230769232,0.0,80.6,1.42,5.28,3.016,2.155,0.0527,0.4562,569,465,2.099075917960225,0.3724348696524011,236,0,0,0,106,130,6,0,20,104,True,-0.11812554225365504,0.07740591070646088,2.080154934670613,0.0958438079867709,-0.23069821697758244,0.03051830174356401,-1.8447665905614792,0.16897389289797302,0.19553145296011593,2.0137404834594523,0.27836332006276987,0.18679533787125777
M4|15m|5/20|d0.25,M4,15,5/20,"{""arm_expiry_bars"": 10, ""atr_period"": 14, ""pullback_atr"": 0.25}",2050,0.0317073170731707,-0.162015193138886,-0.0549204044538596,5.190759951289936e-05,-0.185176372920062,65.0,-379.6115644861271,0.3439024390243902,705.0,1345.0,1036.0,1014.0,-1.112153449377468,1.1046660967267996,0.8968836054080536,89.68836054080536,0.2168836899932327,34.390243902439025,65.60975609756098,0.0,1696.2,0.769,388.47,0.888,-4.924,-0.2536,-0.1217,11573,6127,0.0692513485610593,0.1101626880928583,7142,3,0,1,2940,4198,45,0,2103,2050,True,-0.29533906101292035,0.059407568173382566,0.9538601875272769,0.09765211861114023,-0.4513422650846308,-0.19595669738764696,-0.25442772148112136,0.04827713547324285,0.3547466291863029,0.3027048569543642,-0.02770025110021187,-0.016569818400072156
M4|15m|5/20|d0.5,M4,15,5/20,"{""arm_expiry_bars"": 10, ""atr_period"": 14, ""pullback_atr"": 0.5}",2110,0.0436018957345971,-0.140138680103739,-0.0475046373233013,0.0005721367595744,-0.1434692849328688,92.0,-302.7201912083532,0.347867298578199,734.0,1376.0,1077.0,1033.0,-1.0925935287238642,1.301413919996025,1.0913742830518125,109.13742830518125,0.1870711806674659,34.78672985781991,65.2132701421801,0.0,1790.1,0.815,313.96,1.331,-4.359,-0.1991,-0.0823,13181,5944,0.3412753989140635,0.1269672561118779,10185,5,0,1,4114,6065,56,0,3899,2110,True,-0.2704365410447468,0.061098770457886906,1.1466942148760368,0.15975937285757144,-0.5391541489669421,-0.15545619189439114,-0.4847446838469323,0.016891403414098435,0.3315353115026337,0.5016360872610307,-0.017496874723289806,0.026710492320498665
M5|15m|5/20,M5,15,5/20,"{""regime_fast"": 20, ""regime_slow"": 50, ""regime_tf"": 240, ""regime_tf_name"": ""4h""}",1874,0.051760939167556,-0.1208234330644324,-0.0409570959540448,-0.0020085412012396,-0.112028131052161,97.0,-209.9407175917497,0.3505869797225187,657.0,1217.0,849.0,1025.0,-1.0953597750180029,1.306550011876383,1.137736411496509,113.77364114965089,0.163789070219717,35.05869797225187,64.94130202774814,0.0,1167.7,0.852,211.12,1.271,-2.839,-0.1729,-0.0526,10939,5520,1.2182192634494515,0.1022420698235586,7046,0,0,0,2875,4171,31,0,2266,1874,True,-0.21427020087571963,0.034045512669639746,1.1716362245600054,0.08607338711835869,-0.34587015909786334,-0.14165437050504862,-1.3302473945016124,0.04460636244304676,0.24831571354535936,1.3748537569446593,0.017715426497916256,0.00715457672450924
M1|15m|9/21,M1,15,9/21,{},1891,0.0502379693283976,-0.1159381436751384,-0.0393010656525893,4.069863926924992e-05,-0.1049605413600608,95.0,-198.480383711875,0.3500793231094659,662.0,1229.0,955.0,936.0,-1.0904895116367803,1.388858688035551,1.1882455098030165,118.82455098030164,0.1551985106884585,35.007932310946586,64.99206768905341,0.0,1221.1,0.86,220.65,1.258,-2.581,-0.1684,-0.0395,13187,5366,1.2978010563713342,0.1336162149654665,10363,7,0,0,4232,6124,25,0,4208,1891,True,-0.23857675632552738,0.04597020214192231,1.256901238504488,0.13263737257072103,-0.46671027481253596,-0.1445251344335749,-1.402761597731395,0.050117351200250314,0.2845469584674497,1.4528789489316454,0.004267767186475292,0.00012061812814728734
M2|15m|9/21|s0.00,M2,15,9/21,"{""atr_period"": 14, ""slope_lookback"": 5, ""slope_threshold"": 0.0}",1846,0.066088840736728,-0.1164608024652413,-0.0394782381238106,0.0001704136716629,-0.0896797861806609,122.0,-165.54888528950016,0.3553629469122427,656.0,1190.0,924.0,922.0,-1.0904573171832983,1.3741494816531068,1.1798809816206417,117.98809816206416,0.155768626917389,35.53629469122427,64.46370530877573,0.0,1260.9,0.88,185.72,1.704,-2.211,-0.156,-0.027,12520,5355,1.353899347013204,0.2409784516698587,8429,7,0,0,3452,4970,23,0,3101,1846,True,-0.33065823785051973,0.026417471261150342,1.236164104894445,0.14595686541922748,-0.5715414929398546,-0.18233531318313026,-1.4435791331938652,0.044173970823632,0.3570757091116701,1.4877531040174972,0.03967136947557765,0.02191486991309599
M2|15m|9/21|s0.25,M2,15,9/21,"{""atr_period"": 14, ""slope_lookback"": 5, ""slope_threshold"": 0.25}",710,0.0605633802816901,-0.124140859358582,-0.0420816472401972,0.000689389566608,-0.1049697367504811,42.99999999999998,-74.52851309284162,0.3535211267605633,251.0,459.0,348.0,362.0,-1.0917013180334605,1.3518734321479808,1.1332564975285495,113.32564975285494,0.1655331170321712,35.352112676056336,64.64788732394366,0.0,556.8,0.86,92.97,0.962,-1.649,-0.2165,0.0064,3868,2817,1.5273208174311743,0.0417671012961964,1477,3,0,0,596,878,10,0,158,710,True,-0.1467368380466776,0.08125634132216444,1.1792228604777832,0.07460773389735896,-0.22253570684350774,-0.02751499011293713,-1.6322905541816557,0.06838807058215483,0.22799317936884203,1.7006786247638106,-0.020692961040474342,-0.007824690300464732
M2|15m|9/21|s0.50,M2,15,9/21,"{""atr_period"": 14, ""slope_lookback"": 5, ""slope_threshold"": 0.5}",18,0.1666666666666666,-0.0565801703278944,-0.0191797187552184,0.0104652372074979,0.1013720147910518,3.0,1.824696266238933,0.3888888888888889,7.0,11.0,7.0,11.0,-1.0298892601407428,2.4349271274743614,2.589693415818256,258.96934158182563,0.0652946518756148,38.88888888888889,61.11111111111112,0.0,18.0,1.155,7.92,,,,,93,89,0.5959771496756353,0.3420386275216795,36,0,0,0,15,21,3,0,0,18,True,-0.24066661273062767,-0.05490196078431372,2.626104421556162,0.2155221696382507,-0.5261749856258464,0.02791830589208249,-0.49460513488458346,-0.12456140350877194,0.18576465194631395,0.37004373137581154,0.22156862745098033,0.29122807017543856
M3|15m|9/21|v1.2,M3,15,9/21,"{""atr_period"": 14, ""atr_ratio_threshold"": 1.2, ""baseline_window"": 20}",435,0.0758620689655172,-0.0923332956085649,-0.0312994222401915,-0.0028141170493961,-0.0505847659326354,32.999999999999986,-22.0043731806964,0.3586206896551724,156.0,279.0,196.0,239.0,-1.0728303495440727,1.7170184112592444,1.5273058634779446,152.73058634779446,0.1264468348981526,35.86206896551724,64.13793103448275,0.0,321.1,0.93,42.48,0.969,-0.644,-0.1795,0.0867,2436,1783,1.5241228017852049,0.073906124345381,1068,0,0,0,467,601,9,0,157,435,True,-0.12449089027801641,0.0691557293532522,1.5790979381480572,0.06105165016321285,-0.2248737428837853,-0.08360770709910287,-1.5747075677178402,0.012272080379725474,0.1936466196312686,1.5869796480975655,0.006706339612264994,0.06358998858579172
M3|15m|9/21|v1.5,M3,15,9/21,"{""atr_period"": 14, ""atr_ratio_threshold"": 1.5, ""baseline_window"": 20}",86,0.2558139534883721,-0.0637253624800295,-0.0216018177898405,-0.0080695691431366,0.1624172040753652,22.0,13.967879550481411,0.4186046511627907,36.0,50.0,37.0,49.0,-1.042165933104962,2.4637667790593967,2.252613893835795,225.26138938357948,0.0933967494130067,41.86046511627907,58.13953488372093,0.0,63.9,1.255,7.86,1.746,1.105,-0.0909,0.4103,467,394,0.6235862716903366,0.1813331176555197,194,0,0,0,84,110,6,0,18,86,True,-0.01891591358015448,0.1625061116879579,2.26128268432343,0.13297580110910448,-0.17825185657022272,0.12015590615943915,-0.46116906761497134,0.2470577721717273,0.18142202526811238,0.7082268397866986,0.09330784180041421,0.008756181316644795
M4|15m|9/21|d0.25,M4,15,9/21,"{""arm_expiry_bars"": 10, ""atr_period"": 14, ""pullback_atr"": 0.25}",1494,0.0261044176706827,-0.2130165345273178,-0.0722089947550229,0.0001413134928592,-0.2589797981187988,39.0,-386.9158183894855,0.3413654618473896,510.0,984.0,728.0,766.0,-1.1414962551948726,0.8751765366839634,0.6920988104329293,69.20988104329292,0.2850842157894815,34.20348058902275,65.79651941097724,0.0,1077.9,0.695,405.03,0.564,-5.275,-0.3398,-0.1778,7448,5424,-0.014916816799116,0.1139868495754775,3704,2,0,1,1585,2116,9,0,613,1494,True,-0.3729666476942764,0.058749753038066246,0.7127260742388701,0.11193552210996206,-0.5206302294078484,-0.2223736984842755,-0.24406298131968276,0.05585305484840841,0.43171640073234263,0.29991603616809115,-0.032645335367383545,-0.02974863717772571
M4|15m|9/21|d0.5,M4,15,9/21,"{""arm_expiry_bars"": 10, ""atr_period"": 14, ""pullback_atr"": 0.5}",2017,0.0411502231036192,-0.1891103872411533,-0.0641052160139502,-0.0005306426724356,-0.21259602282392,83.0,-428.8061780358467,0.3465542885473475,699.0,1318.0,999.0,1018.0,-1.1211106830316242,1.0146541333051575,0.8100758148387085,81.00758148387085,0.2537462459275392,34.705007436787305,65.2949925632127,0.0,1567.7,0.741,439.98,1.138,-5.741,-0.2786,-0.1488,10750,6296,0.0422108489633448,0.1653770386527799,6066,3,0,1,2512,3550,17,0,1516,2017,True,-0.37797306147669996,0.02460798514701421,0.8738904707191081,0.11226220671065124,-0.5523886067860119,-0.2590635128292383,-0.25480687178726485,0.05937462077766452,0.4025810466237142,0.3141814925649294,0.016542237956604994,-0.018224397674045316
M5|15m|9/21,M5,15,9/21,"{""regime_fast"": 20, ""regime_slow"": 50, ""regime_tf"": 240, ""regime_tf_name"": ""4h""}",1684,0.0457244655581947,-0.1302836954884255,-0.0441639645723476,-0.0016878543089488,-0.1304110488115273,76.99999999999999,-219.612206198612,0.3485748218527316,587.0,1097.0,762.0,922.0,-1.103574467624513,1.2488806453392842,1.0665264935644982,106.65264935644984,0.176135514369722,34.85748218527316,65.14251781472684,0.0,1024.1,0.829,228.4,1.015,-2.927,-0.1981,-0.0634,9939,5325,1.5311549110351537,0.1427605790011651,5032,0,0,0,2085,2947,12,0,1251,1684,True,-0.27317162781269244,-0.0038131231694474173,1.1238542986795343,0.07708660667873228,-0.3844599228944014,-0.1683197335491907,-1.661565959846681,0.04692158069448513,0.269358504643245,1.7084875405411661,0.049537588727642114,-0.001197115136290429
M1|15m|12/26,M1,15,12/26,{},1662,0.1245487364620938,-0.1188499834584112,-0.0402881299859021,-0.0002428337236838,-0.0348322107059033,207.0,-57.8911341932113,0.3748495788206979,623.0,1039.0,842.0,820.0,-1.083463230996637,1.3994147168318234,1.1988716156211938,119.8871615621194,0.1593809471679972,37.4849578820698,62.51504211793021,0.0,1217.5,0.952,103.26,3.097,-0.805,-0.1093,0.036,11939,4967,1.4645636927058627,0.2019144491499383,7933,9,0,0,3267,4657,31,0,2964,1662,True,-0.23674665985584165,0.06564928838218301,1.2496045555204036,0.15732838424815046,-0.4101760026597512,-0.06555795692135837,-1.499395903411766,0.05094957398277198,0.3023959482380246,1.550345477394538,0.05889944807991079,0.07359916247932183
M2|15m|12/26|s0.00,M2,15,12/26,"{""atr_period"": 14, ""slope_lookback"": 5, ""slope_threshold"": 0.0}",1640,0.1323170731707317,-0.1194594228801621,-0.0404947196203939,-6.044424896403348e-05,-0.0276975135787884,217.0,-45.42392226921304,0.3774390243902439,619.0,1021.0,813.0,827.0,-1.0833795211647148,1.390494560697039,1.1874402739025465,118.74402739025464,0.1600145867495201,37.74390243902439,62.25609756097561,0.0,1181.1,0.962,76.4,3.183,-0.65,-0.0948,0.0459,11552,4986,1.5090894885216986,0.1552548183208878,6845,8,0,0,2795,4042,30,0,2372,1640,True,-0.18295233189967625,0.04046472030304401,1.2269060055675254,0.040620906098881776,-0.24965828183155073,-0.1450217865868592,-1.536787002100487,0.047182342593867936,0.22341705220272026,1.583969344694355,0.0918523528676877,0.08513473057686377
M2|15m|12/26|s0.25,M2,15,12/26,"{""atr_period"": 14, ""slope_lookback"": 5, ""slope_threshold"": 0.25}",868,0.1854838709677419,-0.1240273320741165,-0.0420431634149547,-0.0009896936231023,0.0184236818555683,161.0,15.99175585063334,0.3951612903225806,343.0,525.0,413.0,455.0,-1.0759353556327806,1.3936016135970632,1.166167875193632,116.6167875193632,0.1670601891121736,39.516129032258064,60.483870967741936,0.0,683.2,1.026,42.28,3.464,0.334,-0.0744,0.117,4986,3203,1.815508431378203,0.1632174779937762,1983,3,0,0,802,1178,21,0,289,868,True,-0.1447937961382079,0.07936725368388324,1.1921806598450573,0.02759880882159755,-0.17380108474237174,-0.11214462813677194,-1.7970847495226348,0.08154791607519735,0.22416104982209112,1.878632665597832,0.10611661728385867,0.10393595489254456
M2|15m|12/26|s0.50,M2,15,12/26,"{""atr_period"": 14, ""slope_lookback"": 5, ""slope_threshold"": 0.5}",30,0.1,-0.0700573485119518,-0.023748253732865,0.0079869776399121,0.0141813753950952,3.0,0.4254412618528576,0.3666666666666666,11.0,19.0,7.0,23.0,-1.0536197087047494,2.154179461262625,2.297430984428157,229.7430984428157,0.0858186246049047,36.66666666666666,63.33333333333333,0.0,29.8,1.021,6.69,0.553,0.081,-0.3667,0.3267,151,148,0.585644872045243,0.1387507324436938,59,0,0,0,26,33,3,0,0,30,True,-0.12456935704859859,0.012413793103448267,2.274571649753708,0.35632509356149017,-0.6085369486609596,0.31298760570441897,-0.5714634966501477,0.09088153503893215,0.13698315015204685,0.6623450316890799,0.08758620689655174,0.009118464961067857
M3|15m|12/26|v1.2,M3,15,12/26,"{""atr_period"": 14, ""atr_ratio_threshold"": 1.2, ""baseline_window"": 20}",362,0.0939226519337016,-0.0834189272955346,-0.0282776024730625,-0.0001648247925209,-0.0179387026274165,33.99999999999999,-6.493810351124774,0.3646408839779005,132.0,230.0,170.0,192.0,-1.0634110738940832,1.8649871516065533,1.7128027829454506,171.28027829454507,0.1118613545611181,36.46408839779006,63.53591160220995,0.0,278.2,0.975,23.34,1.156,-0.217,-0.1609,0.1217,2011,1503,1.479877132487677,0.1015728391951074,910,1,0,0,425,484,16,0,106,362,True,-0.11951154182252399,0.07213892678753184,1.7286586292122763,0.10913763003226354,-0.28219795878234866,0.014291177772929528,-1.4978158351150934,0.020798321689211648,0.19165046861005583,1.518614156804305,0.02178372514616976,0.07312433024448994
M3|15m|12/26|v1.5,M3,15,12/26,"{""atr_period"": 14, ""atr_ratio_threshold"": 1.5, ""baseline_window"": 20}",74,0.2567567567567567,-0.0549977447746486,-0.0186433033134402,-0.0030571359926799,0.1800585726759879,19.0,13.32433437802311,0.4189189189189189,31.0,43.0,38.0,36.0,-1.0403854185084749,2.613404137254677,2.5478033590713003,254.78033590713,0.0766981840807688,41.891891891891895,58.108108108108105,0.0,62.5,1.288,6.01,1.697,1.253,-0.0676,0.439,408,347,0.6466449265831447,0.4579796581091296,176,0,0,0,78,98,8,0,16,74,True,-0.27792108543314165,-0.08561812784815419,2.5729825942618634,0.26781412507321944,-0.6700757453286806,0.036366535340488344,-0.46658635390715675,0.2651123191954811,0.19230295758498744,0.7316986731026378,0.3423748846049109,-0.008355562438724429
M4|15m|12/26|d0.25,M4,15,12/26,"{""arm_expiry_bars"": 10, ""atr_period"": 14, ""pullback_atr"": 0.25}",1017,0.1061946902654867,-0.2369617866177468,-0.080326029361948,0.0004409012241534,-0.2106522244900546,108.0,-214.2333123063856,0.367748279252704,374.0,643.0,483.0,534.0,-1.1423242671119764,0.8097024562320541,0.6317814774963314,63.17814774963314,0.3168469147555414,36.87315634218289,63.12684365781711,0.0,866.6,0.748,223.51,2.247,-4.066,-0.3022,-0.113,4944,4073,-0.0003608726458512,0.3509999049372473,2316,2,0,1,1016,1297,7,0,273,1017,True,-0.561652129427302,-0.009262354016217906,0.6469614650286288,0.10473002123863172,-0.7153795212672667,-0.44670052513457664,-0.21029135184420342,0.09784781683671737,0.5523897754110841,0.3081391686809208,0.1154570442817046,0.00834687342876933
M4|15m|12/26|d0.5,M4,15,12/26,"{""arm_expiry_bars"": 10, ""atr_period"": 14, ""pullback_atr"": 0.5}",1556,0.0430591259640102,-0.2101781143427342,-0.0712468184212658,0.0004131127476944,-0.2379526940522954,67.0,-370.2543919453717,0.3464010282776349,539.0,1017.0,763.0,793.0,-1.1321158273744114,0.9327563803349616,0.7373596885550756,73.73596885550755,0.2810118200163057,34.76863753213368,65.23136246786633,0.0,1146.3,0.717,399.25,0.974,-4.87,-0.3275,-0.1661,7948,5487,0.0140528471740902,0.0990021041967549,3984,4,0,1,1677,2302,10,0,736,1556,True,-0.33695479824905034,0.0620386214279965,0.7795463722334802,0.04931643290505262,-0.4129343143924169,-0.27636306010035105,-0.2520055412263857,0.06104978410401938,0.3989934196770468,0.3130553253304051,-0.0189794954639863,-0.017990658140009178
M5|15m|12/26,M5,15,12/26,"{""regime_fast"": 20, ""regime_slow"": 50, ""regime_tf"": 240, ""regime_tf_name"": ""4h""}",1424,0.0617977528089887,-0.1297700057827407,-0.0439898324687256,-0.001530334546944,-0.1134924199894217,87.99999999999999,-161.6132060649365,0.3539325842696629,504.0,920.0,683.0,741.0,-1.1015029909490364,1.24779111730323,1.0561023981736566,105.61023981736568,0.1752901727984104,35.39325842696629,64.60674157303372,0.0,901.2,0.85,175.5,1.287,-2.498,-0.1853,-0.0434,8323,4759,1.3366105909375692,0.0721939858173128,3830,0,0,0,1601,2229,10,0,795,1424,True,-0.18568640580673454,0.08082247630183817,1.0826473326631063,0.0752033278985374,-0.29043440873866805,-0.10324557164863696,-1.4501030109269908,0.013870023749018726,0.2665088821085727,1.4639730346760096,-0.01902472349284947,0.047927729059969976
M1|15m|20/50,M1,15,20/50,{},1120,0.0875,-0.1133394827760166,-0.038420163652887,-0.000721880676952,-0.0649815271058557,98.0,-72.77931035855843,0.3625,406.0,714.0,549.0,571.0,-1.0685386609048824,1.6270403046714854,1.3431166809841446,134.31166809841446,0.1524815271058557,36.25,63.74999999999999,0.0,826.6,0.912,80.7,1.846,-1.337,-0.1446,0.0223,7723,3532,1.3218049039892117,0.1069499383009586,4466,2,0,0,1800,2664,43,0,1501,1120,True,-0.17193146540681442,0.055141625938962845,1.3923568496339245,0.05498270545779066,-0.2481192646113143,-0.10884658204445247,-1.3867864310950675,0.06201365618841328,0.22707309134577727,1.4488000872834808,0.03235837406103715,0.025486343811586716
M2|15m|20/50|s0.00,M2,15,20/50,"{""atr_period"": 14, ""slope_lookback"": 5, ""slope_threshold"": 0.0}",1099,0.0837124658780709,-0.113092963115694,-0.0383365976663369,-0.0006429770333142,-0.0683600719372743,92.0,-75.12771905906446,0.3612374886260237,397.0,702.0,538.0,561.0,-1.0685910912117649,1.6297594907266626,1.3474688973797102,134.74688973797103,0.1520725378153453,36.12374886260237,63.87625113739763,0.0,807.9,0.908,86.66,1.72,-1.407,-0.1515,0.01,7568,3586,1.2887863924998997,0.1348197471559014,4097,2,0,0,1641,2454,44,0,1311,1099,True,-0.20317981909317573,0.037293780604852896,1.3942971738286045,0.06587823477979768,-0.2924703108033722,-0.1227974537840112,-1.357146464437174,0.06520478814439404,0.24047359969802862,1.422351252581568,0.046418685273218,0.018507677733676856
M2|15m|20/50|s0.25,M2,15,20/50,"{""atr_period"": 14, ""slope_lookback"": 5, ""slope_threshold"": 0.25}",457,0.1553610503282275,-0.0915072860242331,-0.0310194189912654,-0.000589918948369,0.0322444263643599,71.0,14.735702848512489,0.3851203501094092,176.0,281.0,211.0,246.0,-1.0541112049469648,1.89714578054842,1.636560135865372,163.65601358653723,0.1231166239638676,38.51203501094092,61.48796498905909,0.0,363.8,1.047,24.67,2.241,0.461,-0.0808,0.1564,2640,1802,1.272337186865243,0.1757475198504015,1050,0,0,0,410,640,27,0,156,457,True,-0.14350309348604162,0.05111457477074631,1.64740854670308,0.08362982007084453,-0.26256157807938196,-0.050647540183284025,-1.2400927605008834,0.09230986235011578,0.19461766825678795,1.332402622850999,0.10424647555748119,0.06305118797811173
M2|15m|20/50|s0.50,M2,15,20/50,"{""atr_period"": 14, ""slope_lookback"": 5, ""slope_threshold"": 0.5}",11,0.9090909090909092,-0.0584237132105961,-0.0198046485459648,0.0220049216248304,0.8528674689591788,10.0,9.381542158550966,0.6363636363636364,7.0,4.0,2.0,9.0,1.8868887169691184,2.809784770246173,3.299025959629303,329.9025959629303,0.0562234401317305,63.63636363636363,36.36363636363637,0.0,10.0,3.282,2.04,,,,,59,52,0.8507090885342092,0.8203238196593685,24,0,0,0,10,14,2,0,1,11,True,0.03254364929981028,0.17818181818181822,2.2805506131743085,0.7474807757059446,-0.621357365688768,0.8998171382444007,0.002158380424969497,0.22167832167832166,0.14563816888200792,0.21951994125335217,0.730909090909091,0.6874125874125875
M3|15m|20/50|v1.2,M3,15,20/50,"{""atr_period"": 14, ""atr_ratio_threshold"": 1.2, ""baseline_window"": 20}",276,0.3478260869565217,-0.0792350026563369,-0.0268593229343515,0.0016333969835874,0.2433651583494207,96.0,67.16878370444012,0.4492753623188406,124.0,152.0,121.0,155.0,-1.042565036013454,2.061598497360604,1.8983417646658605,189.83417646658603,0.1044609286071009,44.927536231884055,55.072463768115945,0.0,247.2,1.399,10.96,3.995,2.936,0.0964,0.3956,1519,1111,1.645819275946378,0.620964180920684,640,1,0,0,282,357,17,0,64,276,True,-0.3775990225712632,0.027351338145904326,1.9286816389508128,0.5662376771700022,-1.3076930447991555,0.06605679678112186,-1.4024541175969572,0.11934071641901793,0.40495036071716756,1.521794834015975,0.3204747488106173,0.22848537053750373
M3|15m|20/50|v1.5,M3,15,20/50,"{""atr_period"": 14, ""atr_ratio_threshold"": 1.5, ""baseline_window"": 20}",66,0.5,-0.0529624566440219,-0.0179533751335667,-0.0017912253624143,0.4272929428599969,33.0,28.2013342287598,0.5,33.0,33.0,30.0,36.0,0.489448727382895,2.7589259339950947,2.9567698567383918,295.6769856738391,0.072707057140003,50.0,50.0,0.0,59.3,1.799,6.22,3.463,2.917,0.1517,0.6941,348,307,0.7158383613709367,0.5724651855528107,146,0,0,0,62,84,6,0,12,66,True,-0.14517224269281376,0.05494505494505495,2.920235273775249,0.3530949724541542,-0.7584053175463896,0.09231073607925289,-0.28854541851093984,0.13810706610721882,0.2001172976378687,0.42665248461815863,0.44505494505494503,0.3618929338927812
M4|15m|20/50|d0.25,M4,15,20/50,"{""arm_expiry_bars"": 10, ""atr_period"": 14, ""pullback_atr"": 0.25}",438,0.136986301369863,-0.2731417350650801,-0.0925904186661288,-0.0006903509983938,-0.2294362033597398,60.0,-100.49305707156604,0.3767123287671233,165.0,273.0,211.0,227.0,-1.1295021167268913,0.8148762489801941,0.5899892006786234,58.99892006786234,0.3664225047296028,37.89954337899543,62.10045662100456,0.0,438.0,0.732,103.96,1.937,-3.024,-0.3746,-0.0798,2169,2010,-0.0254228740161232,0.3146741594633589,894,0,0,0,392,502,1,0,63,438,True,-0.5441103628230988,0.05735390113838359,0.6134234423513427,0.20936823912669164,-0.8777381918336122,-0.36541092762031113,-0.20401332934361655,0.11195098769344596,0.6014642639614823,0.3159643170370625,0.07963240023147941,0.02503531367641705
M4|15m|20/50|d0.5,M4,15,20/50,"{""arm_expiry_bars"": 10, ""atr_period"": 14, ""pullback_atr"": 0.5}",735,0.0897959183673469,-0.2403124832989813,-0.0814618587454173,-0.0012370661424887,-0.2332154898195405,65.99999999999999,-171.41338501736226,0.3605442176870748,265.0,470.0,377.0,358.0,-1.1288094605783043,0.9104230262893324,0.7037552059990378,70.3755205999038,0.3230114081868874,36.3265306122449,63.6734693877551,0.0,637.2,0.725,171.42,1.572,-3.595,-0.3476,-0.1125,3675,3064,-0.0004537963235432,0.4141261036604426,1655,1,0,0,701,953,3,0,215,735,True,-0.6473415934799831,0.053377177133246266,0.731530334202525,0.24422636893187216,-1.035152123283063,-0.39323530997899625,-0.23276169349599724,0.075443660989749,0.7007187706132294,0.30820535448574626,0.03641874123410064,0.014352257377597905
M5|15m|20/50,M5,15,20/50,"{""regime_fast"": 20, ""regime_slow"": 50, ""regime_tf"": 240, ""regime_tf_name"": ""4h""}",924,-0.0064935064935064,-0.1285973279563572,-0.043592314561477,-0.002565984164606,-0.1812491331759468,-6.000000000000004,-167.47419905457485,0.3311688311688311,306.0,618.0,427.0,497.0,-1.092104437767398,1.391507021873016,1.157231595867725,115.7231595867725,0.1747556266824403,33.11688311688312,66.88311688311688,0.0,604.6,0.77,173.32,-0.125,-3.451,-0.2603,-0.1006,5071,3383,1.0975924131724963,0.0147263433507153,2097,0,0,0,858,1239,17,0,298,924,True,-0.19597547652666214,0.08276713636067831,1.1836686401415477,0.056308752937810465,-0.2750162365473635,-0.1435970208882536,-1.2788415463484433,0.04782732404823721,0.2787426128873405,1.3266688703966805,-0.08926064285418471,-0.05432083054174361
M1|15m|50/200,M1,15,50/200,{},392,0.1403061224489795,-0.0904126146850461,-0.0306483439610325,0.002316598470131,0.0215617622730319,55.0,8.45221081102852,0.3775510204081632,148.0,244.0,198.0,194.0,-1.043933251729782,2.240800081905965,2.115870996828904,211.5870996828904,0.1187443601759476,38.01020408163265,61.98979591836735,0.0,313.6,1.031,23.49,1.784,0.259,-0.1193,0.165,2677,1508,0.6854253710831965,0.2771925743004581,1397,0,0,0,549,848,90,0,366,392,True,-0.2556308120274262,0.08891420119308015,2.1696522503566817,0.3543609606910567,-0.8751123896272696,0.026229046413484017,-0.6638636088101645,0.04081129328685116,0.34454501322050635,0.7046749020970157,0.05139192125589935,0.09949482916212835
M2|15m|50/200|s0.00,M2,15,50/200,"{""atr_period"": 14, ""slope_lookback"": 5, ""slope_threshold"": 0.0}",393,0.1450381679389313,-0.092198237054028,-0.0312536396793315,0.0022996160392366,0.0238859072448083,57.0,9.387161547209676,0.3791348600508906,149.0,244.0,199.0,194.0,-1.0436722318867635,2.222367239948784,2.1022800051235957,210.22800051235956,0.1211522606941229,38.16793893129771,61.832061068702295,0.0,315.6,1.035,21.96,1.822,0.295,-0.1237,0.1648,2667,1511,0.6890533474357312,0.3158213657276897,1360,0,0,0,532,828,90,0,345,393,True,-0.2919354584828814,0.07025994587485163,2.176268620174812,0.3888642347168366,-0.9629488345950329,0.028347087163436566,-0.6651674401909229,0.03921934383891961,0.362195404357733,0.7043867840298424,0.07477822206407966,0.10581882410001167
M2|15m|50/200|s0.25,M2,15,50/200,"{""atr_period"": 14, ""slope_lookback"": 5, ""slope_threshold"": 0.25}",3,0.0,-0.0377327906489497,-0.0127907764911694,0.0581966535819472,0.0076730864418281,0.0,0.0230192593254843,0.3333333333333333,1.0,2.0,3.0,0.0,-0.7245018531273131,3.4633336663897905,3.813157016876085,381.3157016876085,-0.0076730864418281,33.33333333333333,66.66666666666666,0.0,3.0,1.013,1.78,,,,,30,14,1.4585833876719054,0.4129257381780141,11,0,0,0,2,9,6,0,0,3,True,-0.40525265173618596,-0.1,3.8226456108944444,0.7171153181312864,-1.290756928842246,0.4987141096071863,-1.4509103012300772,-0.6442857142857144,0.305252651736186,0.8066245869443629,0.1,0.6442857142857144
M2|15m|50/200|s0.50,M2,15,50/200,"{""atr_period"": 14, ""slope_lookback"": 5, ""slope_threshold"": 0.5}",0,,,,,,,,,,,,,,,,,,,,,,,,,,,,0,0,,,0,0,0,0,0,0,0,0,0,0,True,,,,,,,,,,,,
M3|15m|50/200|v1.2,M3,15,50/200,"{""atr_period"": 14, ""atr_ratio_threshold"": 1.2, ""baseline_window"": 20}",122,0.1557377049180328,-0.0753779772907519,-0.0255518567087294,0.0052473103027164,0.0600551812212677,19.0,7.3267321089946655,0.3852459016393442,47.0,75.0,50.0,72.0,-1.041533957100882,2.265891363091276,2.1432170141726186,214.32170141726183,0.0956825236967649,38.52459016393443,61.47540983606557,0.0,111.9,1.089,13.08,1.342,0.521,-0.1465,0.26,671,549,0.5879456827111971,0.2448834072840428,258,0,0,0,103,155,13,0,20,122,True,-0.1848282260627751,-0.005991909609476392,2.1981291826941285,0.18333651559534556,-0.3692569808648174,0.08290730961563417,-0.5278905014899293,0.07236313973802999,0.1788363164532987,0.6002536412279593,0.1617296145275092,0.0833745651800028
M3|15m|50/200|v1.5,M3,15,50/200,"{""atr_period"": 14, ""atr_ratio_threshold"": 1.5, ""baseline_window"": 20}",29,0.4482758620689655,-0.0575257075937389,-0.0195002398622843,-0.0061192037871674,0.3651307108257747,13.0,10.588790613947468,0.4827586206896552,14.0,15.0,13.0,16.0,-0.9888168499564952,2.502696492527116,2.482778700511517,248.2778700511517,0.0831451512431907,48.27586206896552,51.72413793103448,0.0,25.8,1.653,5.76,1.844,1.461,-0.087,0.7875,166,140,0.6550413309126601,0.5316597274767,56,0,0,0,18,38,6,0,3,29,True,-0.16652901665092532,0.0773125342090859,2.4799276708236286,0.3546234667536686,-0.5671563831107355,0.3086586459087504,-0.28991062008688545,0.19719155844155845,0.24384155086001122,0.4871021785284439,0.3709633278598796,0.2510843036274071
M4|15m|50/200|d0.25,M4,15,50/200,"{""arm_expiry_bars"": 10, ""atr_period"": 14, ""pullback_atr"": 0.25}",74,0.3378378378378378,-0.4134555166238818,-0.1401544124148752,-0.0023492329921232,-0.2181213241930424,25.0,-16.140977990285137,0.4324324324324324,32.0,42.0,40.0,34.0,-1.13269567121106,0.5271463573229102,0.3732127400759282,37.32127400759282,0.5559591620308801,44.5945945945946,55.4054054054054,0.0,70.6,0.744,17.48,3.003,-2.081,-0.4069,-0.0001,361,363,0.0220711110079977,1.3599703750209684,124,0,0,0,47,77,0,0,3,74,True,-1.5780916992140108,0.0008765663212894348,0.3976326080579712,1.7677691991240807,-4.731095011660541,-0.6318509938532222,-0.2401924352010401,0.1889124702553219,1.5789682655353003,0.42910490545636204,0.3369612715165483,0.14892536758251587
M4|15m|50/200|d0.5,M4,15,50/200,"{""arm_expiry_bars"": 10, ""atr_period"": 14, ""pullback_atr"": 0.5}",125,0.104,-0.4360821539875925,-0.1478244589788449,-0.0006105991119999,-0.4805172120784374,13.0,-60.06465150980468,0.36,45.0,80.0,65.0,60.0,-1.2532253846153842,0.533893395862719,0.3652937430879081,36.529374308790814,0.5845172120784373,36.8,63.2,0.0,113.3,0.527,61.22,0.995,-3.914,-0.6995,-0.2536,589,610,-0.1925588224091193,0.1762214680224129,208,0,0,0,79,129,0,0,4,125,True,-0.6567386801008503,0.09868853172938127,0.3705489575362425,0.28743283137130005,-0.9207203131688567,-0.2602010142488939,-0.287958389669318,0.12100511789374464,0.7554272118302316,0.40896350756306266,0.005311468270618722,-0.017005117893744648
M5|15m|50/200,M5,15,50/200,"{""regime_fast"": 20, ""regime_slow"": 50, ""regime_tf"": 240, ""regime_tf_name"": ""4h""}",252,-0.0595238095238095,-0.0967651395693852,-0.0328017422269102,-0.0020814145764363,-0.1911721058965413,-15.0,-48.17537068592843,0.3134920634920635,79.0,173.0,116.0,136.0,-1.0605340934858356,1.897043222921506,1.6587307004719374,165.87307004719372,0.1316482963727318,31.349206349206348,68.65079365079364,0.0,227.2,0.753,48.63,-0.64,-2.113,-0.3563,-0.0216,1437,1079,0.9097336739959898,-0.0644347105336179,564,0,0,0,226,338,28,0,58,252,True,-0.1267373953629234,0.10737665023155507,1.6650776812450485,0.1533326282353913,-0.3390000862654257,0.0619588363725236,-1.1009057798925312,0.020679285231316107,0.23411404559447846,1.1215850651238473,-0.16690045975536458,-0.0802030947551256
M1|1h|5/20,M1,60,5/20,{},549,-0.0491803278688524,-0.0542582180688202,-0.0183926162945153,0.000946270335694,-0.120884891896494,-27.000000000000007,-66.36580565117522,0.3169398907103825,174.0,375.0,292.0,257.0,-1.043944266096807,2.655281366955044,2.5817139305032506,258.17139305032504,0.0717045640276415,31.693989071038253,68.30601092896174,0.0,380.9,0.835,76.84,-0.73,-1.711,-0.2336,-0.004,3891,1726,0.5807777027299096,-0.0837986316324027,3470,2,0,0,1370,2098,81,0,1468,549,True,-0.03708626026409131,0.07619903015552544,2.65849684773603,0.1187013335927807,-0.17937731868873305,0.1279085988559198,-0.7016625946264036,0.020803603439642333,0.11328529041961674,0.722466198066046,-0.12537935802437783,-0.06998393130849473
M2|1h|5/20|s0.00,M2,60,5/20,"{""atr_period"": 14, ""slope_lookback"": 5, ""slope_threshold"": 0.0}",482,0.1141078838174273,-0.0579008270535351,-0.0196273990011983,-0.0002699830966265,0.0363096746660674,54.99999999999999,17.501263189044494,0.3713692946058091,179.0,303.0,263.0,219.0,-1.041968589462687,2.551065200255368,2.502130740034341,250.2130740034341,0.0777982091513599,37.13692946058092,62.86307053941909,0.0,365.0,1.054,37.8,1.774,0.535,-0.0714,0.1586,3083,1549,1.040243362838326,0.0847506194374727,1913,1,0,0,753,1159,56,0,621,482,True,-0.04844094477140527,0.052438147100828655,2.5503101239009824,0.08261221352764594,-0.1480635004048787,0.06122208620147429,-1.0039336881722587,0.05469713297411832,0.10087909187223393,1.058630821146377,0.061669736716598644,0.059410750843308976
M2|1h|5/20|s0.25,M2,60,5/20,"{""atr_period"": 14, ""slope_lookback"": 5, ""slope_threshold"": 0.25}",6,0.0,-0.0350799660331268,-0.0118915139095345,0.045925078478915,-0.0010464014637463,0.0,-0.006278408782478,0.3333333333333333,2.0,4.0,4.0,2.0,-0.94036924218875,3.3687075481112103,3.1758243566264306,317.58243566264304,0.0010464014637463,33.33333333333333,66.66666666666666,0.0,5.0,0.998,1.04,,,,,36,30,0.4166315320361656,0.4596133615029568,19,0,0,0,10,9,3,0,0,6,True,-0.46065976296670313,-0.4,3.6782851047926695,0.5553291957117114,-1.0562226255508504,0.4578094676343551,-0.417677933499912,-0.05714285714285712,0.06065976296670311,0.3605350763570549,0.4,0.05714285714285712
M2|1h|5/20|s0.50,M2,60,5/20,"{""atr_period"": 14, ""slope_lookback"": 5, ""slope_threshold"": 0.5}",0,,,,,,,,,,,,,,,,,,,,,,,,,,,,0,0,,,0,0,0,0,0,0,0,0,0,0,True,,,,,,,,,,,,
M3|1h|5/20|v1.2,M3,60,5/20,"{""atr_period"": 14, ""atr_ratio_threshold"": 1.2, ""baseline_window"": 20}",110,0.2818181818181818,-0.0449873883089443,-0.0152499621386251,-0.0064376191656753,0.2151432122049368,31.0,23.665753342543056,0.4272727272727272,47.0,63.0,52.0,58.0,-1.0255253888906006,3.0938551528998337,3.0141310700864685,301.4131070086469,0.0666749696132449,42.72727272727273,57.27272727272727,0.0,99.5,1.353,15.82,1.659,1.241,-0.1115,0.5227,668,456,0.5524171839555375,0.1998020821580098,310,0,0,0,136,174,25,0,39,110,True,0.015341130046927031,0.0988871071508755,3.291928925527754,0.07809008837064155,-0.11472494164248631,0.08125016612635173,-0.33727397175060064,0.05551968194551051,0.08354597710394847,0.39279365369611113,0.1829310746673063,0.22629849987267128
M3|1h|5/20|v1.5,M3,60,5/20,"{""atr_period"": 14, ""atr_ratio_threshold"": 1.5, ""baseline_window"": 20}",8,-0.25,-0.0393968030188212,-0.0133548484809563,0.0035127904763218,-0.2992388610234558,-2.0,-2.393910888187647,0.25,2.0,6.0,3.0,5.0,-1.041121079069969,3.184189220964496,3.250350400646323,325.03504006463226,0.0492388610234558,25.0,75.0,0.0,7.0,0.622,6.33,,,,,60,40,0.153140928840586,0.2329315721596537,42,0,0,0,25,17,9,0,0,8,True,-0.5321704331831096,-0.325,3.6226810460603707,0.5338803791768625,-1.3502418014601474,0.04930822393549378,-0.4523797898640419,-0.21142857142857144,0.20717043318310963,0.2409512184354705,0.07500000000000001,-0.03857142857142856
M4|1h|5/20|d0.25,M4,60,5/20,"{""arm_expiry_bars"": 10, ""atr_period"": 14, ""pullback_atr"": 0.25}",563,0.0284191829484902,-0.0760132382667765,-0.0257671994124666,-0.0013256794914003,-0.0746869342221532,16.0,-42.0487439670723,0.3428063943161634,193.0,370.0,283.0,280.0,-1.055342609199795,2.138243538883749,1.921277489844517,192.1277489844517,0.1031061171706435,34.280639431616336,65.71936056838365,0.0,474.4,0.897,52.79,0.465,-1.217,-0.1846,0.0368,3151,1882,0.0515371565568518,0.0338030994940273,1787,1,0,0,728,1058,54,0,441,563,True,-0.10849003371618063,0.018658100739737567,1.9996954778460179,0.04226168294876099,-0.15931177486934003,-0.07206971182215197,-0.12622409077900515,0.014225949802080789,0.1271481344559182,0.14045004058108593,0.009761082208752634,0.014193233146409412
M4|1h|5/20|d0.5,M4,60,5/20,"{""arm_expiry_bars"": 10, ""atr_period"": 14, ""pullback_atr"": 0.5}",602,0.0514950166112956,-0.0651075347245034,-0.0220703507540689,0.0009757853631394,-0.0347070835041372,31.0,-20.89366426949065,0.3504983388704319,211.0,391.0,283.0,319.0,-1.047814758290538,2.366162354332704,2.189356072168108,218.93560721681075,0.0862021001154329,35.04983388704319,64.95016611295681,0.0,453.1,0.951,52.83,0.781,-0.531,-0.1415,0.0763,3754,1925,0.1019733478613274,0.0480984443345101,2492,1,0,0,995,1496,87,0,807,602,True,-0.08280552783864745,0.026911154081579135,2.3273994938714373,0.11743211558086253,-0.19416101947325146,0.1090053464296965,-0.13668043136546476,0.0433176524810663,0.10971668192022659,0.17999808384653107,0.024583862529716467,0.008177364130229299
M5|1h|5/20,M5,60,5/20,"{""regime_fast"": 20, ""regime_slow"": 50, ""regime_tf"": 1440, ""regime_tf_name"": ""1D""}",432,0.0277777777777777,-0.0594209071369817,-0.0201426803854175,-0.0110714882100596,-0.062857297954681,11.999999999999996,-27.154352716422228,0.3425925925925926,148.0,284.0,196.0,236.0,-1.0562588032177096,2.4484892695335643,2.328157648008098,232.8157648008098,0.0906350757324588,34.25925925925926,65.74074074074075,0.0,304.5,0.912,38.66,0.366,-0.791,-0.1997,0.0668,2581,1503,0.4856735251844055,0.0267607218803272,1589,0,0,0,684,905,42,0,431,432,True,-0.0896180198350083,0.026206265091882574,2.402774336115426,0.10200645442938598,-0.20803854373071348,0.055487616288134305,-0.5485308231390866,0.06210623410140566,0.11582428492689088,0.6106370572404923,0.001571512685895126,-0.03432845632362796
M1|1h|9/21,M1,60,9/21,{},545,-0.0146788990825688,-0.0577626035870328,-0.0195805435888247,0.0021174200067187,-0.0899046262517076,-8.000000000000004,-48.99802130718068,0.3284403669724771,179.0,366.0,277.0,268.0,-1.044384328217206,2.516576314735131,2.445659874741412,244.5659874741412,0.0752257271691388,32.84403669724771,67.1559633027523,0.0,415.9,0.876,94.77,-0.209,-1.213,-0.2236,0.029,3899,1704,0.4855543556735293,-0.0369021757954736,2500,4,0,1,951,1544,69,0,930,545,True,-0.05300245045623401,0.08767931739433359,2.4558714960066332,0.05966541836337018,-0.1253965351884097,0.005403956662787255,-0.575458981925237,0.028353893045097382,0.1406817678505676,0.6038128749703344,-0.10235821647690238,-0.04303279212766618
M2|1h|9/21|s0.00,M2,60,9/21,"{""atr_period"": 14, ""slope_lookback"": 5, ""slope_threshold"": 0.0}",525,0.0285714285714285,-0.0582591156247337,-0.019748852754147,0.0014934072518485,-0.0479431325556037,14.999999999999996,-25.170144591691944,0.3428571428571428,180.0,345.0,283.0,242.0,-1.044064462758189,2.489938306153944,2.4131067721612656,241.31067721612652,0.0765145611270322,34.285714285714285,65.71428571428571,0.0,386.1,0.932,70.43,0.403,-0.653,-0.1675,0.0771,3635,1714,0.5422122026519386,-0.0508617678854527,2066,2,0,1,800,1263,63,0,675,525,True,0.0029186353298490146,0.10848801279560323,2.442101113629637,0.07102496212814804,-0.08125605779895868,0.08024883366748847,-0.5901553352075423,0.03546520712599217,0.10556937746575422,0.6256205423335345,-0.07991658422417473,-0.0068937785545636655
M2|1h|9/21|s0.25,M2,60,9/21,"{""atr_period"": 14, ""slope_lookback"": 5, ""slope_threshold"": 0.25}",173,0.0231213872832369,-0.0593328943356374,-0.0201128455375042,0.0022389710109234,-0.0540853815789812,4.0,-9.356771013163748,0.3410404624277456,59.0,114.0,97.0,76.0,-1.0414538387656058,2.4896827217751247,2.382411096990549,238.24110969905493,0.0772067688622182,34.104046242774565,65.89595375722543,0.0,145.9,0.924,39.72,0.166,-0.415,-0.2632,0.2065,954,724,0.9818843585785152,-0.0989080445770935,363,0,0,0,143,220,20,0,27,173,True,0.04482266299811233,0.15259297657868393,2.4205220787218247,0.1053891130721206,-0.0582817849238585,0.1915969780897137,-1.0359697401574965,0.034429062918533884,0.1077703135805716,1.0703988030760305,-0.12947158929544703,-0.011307675635296985
M2|1h|9/21|s0.50,M2,60,9/21,"{""atr_period"": 14, ""slope_lookback"": 5, ""slope_threshold"": 0.5}",1,-1.0,-0.0261432254196642,-0.0088621103117506,-0.0021818661755395,-1.0371872019069543,-1.0,-1.0371872019069543,0.0,0.0,1.0,1.0,0.0,-1.0371872019069543,4.413982905078197,4.413982905078197,441.39829050781975,0.0371872019069544,0.0,100.0,0.0,1.0,0.0,0.0,,,,,6,5,-0.5477801922968201,0.0586827170619768,9,0,0,0,7,2,1,0,0,1,True,-1.0958699189689312,-1.0,4.558054179737605,0.2853094171583655,-1.5341551261644657,-0.733692454657855,-0.4894070096101343,-0.1,0.09586991896893116,0.3894070096101343,0.0,-0.9
M3|1h|9/21|v1.2,M3,60,9/21,"{""atr_period"": 14, ""atr_ratio_threshold"": 1.2, ""baseline_window"": 20}",89,0.0112359550561797,-0.0469054930393534,-0.0159001671319842,-0.0029432224633874,-0.0545129275785453,1.0,-4.851650554490533,0.3370786516853932,30.0,59.0,41.0,48.0,-1.037676521476104,3.036051139852086,2.9618973561430777,296.1897356143078,0.0657488826347251,33.70786516853933,66.29213483146067,0.0,74.6,0.923,24.47,0.066,-0.322,-0.3548,0.251,525,389,0.4532074435880759,0.0160231709045125,236,0,0,0,98,138,19,0,30,89,True,-0.07053609848305789,0.006967696860101913,2.987506540477524,0.22751357415342022,-0.2921450886245289,0.2470124310980907,-0.5077203711666213,-0.030356174224098753,0.0775037953431598,0.4773641969425225,0.004268258196077787,0.04159212928027845
M3|1h|9/21|v1.5,M3,60,9/21,"{""atr_period"": 14, ""atr_ratio_threshold"": 1.5, ""baseline_window"": 20}",10,-0.1,-0.0370158947046415,-0.0125477609168276,0.0305367991405662,-0.1190268564809029,-1.0,-1.190268564809029,0.3,3.0,7.0,5.0,5.0,-1.0311481817008437,3.325409718255772,2.984182837766717,298.4182837766718,0.0190268564809028,30.0,70.0,0.0,9.0,0.833,4.21,,,,,69,49,0.6093207825120095,0.0191755364510661,35,0,0,0,17,18,8,0,0,10,True,-0.138202392931969,-0.013333333333333346,3.2433662965908145,0.08399303631758213,-0.18073877687399376,0.011828276388313741,-0.7283476389929124,-0.06456043956043955,0.12486905959863566,0.6637871994324729,-0.08666666666666666,-0.03543956043956045
M4|1h|9/21|d0.25,M4,60,9/21,"{""arm_expiry_bars"": 10, ""atr_period"": 14, ""pullback_atr"": 0.25}",393,-0.0381679389312977,-0.0946307483662153,-0.0320782197851577,-0.0003182661391117,-0.1651951732217824,-15.000000000000004,-64.92170307616051,0.3206106870229007,126.0,267.0,216.0,177.0,-1.0701146511627906,1.757866440665583,1.5505502229477302,155.055022294773,0.1270272342904847,32.06106870229007,67.93893129770993,0.0,331.2,0.784,64.53,-0.519,-2.26,-0.2949,-0.035,1965,1530,-0.1244747906554947,-0.0251881236576318,908,0,0,0,361,547,16,0,138,393,True,-0.14000704956415064,0.05248146470227892,1.59028480555154,0.13461582928435764,-0.22294553420449492,0.09591894545552068,-0.040720382566287704,0.09492718391051871,0.19248851426642954,0.13564756647680642,-0.09064940363357663,-0.1330951228418164
M4|1h|9/21|d0.5,M4,60,9/21,"{""arm_expiry_bars"": 10, ""atr_period"": 14, ""pullback_atr"": 0.5}",539,0.0742115027829313,-0.0878681000459227,-0.0297857966257365,-0.0009726890697014,-0.0444150829584293,39.99999999999999,-23.93972971459344,0.3580705009276438,193.0,346.0,278.0,261.0,-1.057601111111111,1.9613855787075989,1.747283187726398,174.72831877263982,0.1186265857413607,35.80705009276438,64.19294990723562,0.0,415.4,0.938,32.76,1.197,-0.709,-0.1473,0.0597,2911,1946,0.0304956942369957,0.0482673473749949,1505,0,0,0,592,913,33,0,341,539,True,-0.09268243033342428,0.05907293292810502,1.7786798793626541,0.04525855029215384,-0.1337633682126299,-0.022749718837828236,-0.07491077719542513,0.07460158077190694,0.1517553632615293,0.1495123579673321,0.015138569854826284,-0.00039007798897564006
M5|1h|9/21,M5,60,9/21,"{""regime_fast"": 20, ""regime_slow"": 50, ""regime_tf"": 1440, ""regime_tf_name"": ""1D""}",390,0.0461538461538461,-0.062648939908036,-0.0212369287823851,-0.0115399942106717,-0.0492720167472467,17.999999999999996,-19.21608653142624,0.3487179487179487,136.0,254.0,176.0,214.0,-1.055852499535721,2.326792093620158,2.2623364792666347,226.23364792666345,0.0954258629010929,34.87179487179487,65.12820512820512,0.0,287.7,0.931,37.14,0.544,-0.57,-0.1902,0.0949,2329,1404,0.5970189067805374,0.0621657373554712,1124,0,0,0,473,651,25,0,236,390,True,-0.11143775410271803,0.016137333867275165,2.331112082674727,0.09653839761464726,-0.23466182893138815,0.01557230096092046,-0.6462909235277842,0.03305880094712848,0.1275750879699932,0.6793497244749126,0.030016512286570936,0.013095045206717622
M1|1h|12/26,M1,60,12/26,{},489,0.0736196319018405,-0.0602800656269201,-0.0204339205514983,0.0028016041149569,-0.0042927501616211,36.0,-2.099154829032741,0.3578732106339468,175.0,314.0,221.0,268.0,-1.041702925659883,2.488223176479393,2.4239341637210448,242.3934163721045,0.0779123820634616,35.787321063394685,64.21267893660531,0.0,374.7,0.994,40.02,0.961,-0.057,-0.1398,0.1175,3318,1638,0.503270435959559,0.0509116802075157,1963,0,0,0,757,1206,74,0,643,489,True,-0.05520443036913686,0.054142898607983825,2.4753080214654855,0.06052336248241052,-0.09872461395001991,0.04709418879499054,-0.5075631861211801,0.05754916039385991,0.10934732897712068,0.56511234651504,0.01947673329385667,0.016070471507980584
M2|1h|12/26|s0.00,M2,60,12/26,"{""atr_period"": 14, ""slope_lookback"": 5, ""slope_threshold"": 0.0}",479,0.0960334029227557,-0.0599525341459611,-0.0203228929308342,0.0034841002215935,0.0192420760675539,46.0,9.21695443635832,0.3653444676409186,175.0,304.0,235.0,244.0,-1.041246789053673,2.4914455373810047,2.4239341637210448,242.3934163721045,0.0767913268552018,36.53444676409186,63.46555323590815,0.0,374.2,1.028,35.2,1.289,0.263,-0.1151,0.1363,3181,1533,0.5567296618995274,0.0844826726810234,1718,0,0,0,671,1047,73,0,495,479,True,-0.06524059661346956,0.05579370616557529,2.4801222649977714,0.05658446827237418,-0.11724451883767148,0.024272983152617333,-0.5374875858319735,0.047527557150806074,0.12103430277904485,0.5850151429827796,0.04023969675718041,0.04850584577194962
M2|1h|12/26|s0.25,M2,60,12/26,"{""atr_period"": 14, ""slope_lookback"": 5, ""slope_threshold"": 0.25}",220,0.1045454545454545,-0.0590957302437581,-0.0200324509300875,0.0046625910798468,0.0300798644514557,23.0,6.617570179320261,0.3681818181818181,81.0,139.0,116.0,104.0,-1.044741226475951,2.5008678818707044,2.4178588364319005,241.78588364319003,0.0744655900939988,36.81818181818181,63.18181818181819,0.0,175.6,1.044,20.58,0.93,0.261,-0.1694,0.2313,1315,892,0.5697901485746912,0.0841624503088926,515,0,0,0,200,315,40,0,55,220,True,-0.054082585857436916,0.0377535856369836,2.4280410061513558,0.10086877766464684,-0.14538911954243455,0.1114941247247317,-0.5397102841232355,0.06984514564027589,0.09183617149442051,0.6095554297635114,0.0667918689084709,0.03470030890517861
M2|1h|12/26|s0.50,M2,60,12/26,"{""atr_period"": 14, ""slope_lookback"": 5, ""slope_threshold"": 0.5}",7,0.2857142857142857,-0.0504462491705181,-0.0171004234476332,-0.0172181346277027,0.2009494784684316,2.0,1.4066463492790218,0.4285714285714285,3.0,4.0,4.0,3.0,-1.046146705772967,3.132804226970564,3.583975000510611,358.39750005106106,0.084764807245854,42.85714285714285,57.14285714285714,0.0,7.0,1.326,2.22,,,,,38,32,0.7838460877941313,0.265389317143597,20,0,0,0,12,8,1,0,0,7,True,-0.06443983867516531,0.01428571428571428,3.731200902260253,0.31330594205751866,-0.5364068947025254,0.23013919047704026,-0.5828966093256996,0.425,0.07872555296087959,1.0078966093256996,0.2714285714285714,-0.1392857142857143
M3|1h|12/26|v1.2,M3,60,12/26,"{""atr_period"": 14, ""atr_ratio_threshold"": 1.2, ""baseline_window"": 20}",73,0.1917808219178082,-0.0448367085743563,-0.0151988842624936,0.0013236755445755,0.1330689046255338,14.0,9.71403003766397,0.3972602739726027,29.0,44.0,27.0,46.0,-1.0326646304164344,3.1157662183156694,3.0534351145038165,305.34351145038164,0.0587119172922744,39.72602739726028,60.273972602739725,0.0,58.6,1.207,10.43,1.108,0.777,-0.1549,0.4219,452,327,0.5750295279133398,0.2601628599486955,192,0,0,0,73,119,28,0,18,73,True,-0.12709395532316167,-0.039824129996430285,3.052824094972613,0.13515066701081843,-0.275167750339042,0.06685049794393116,-0.441960623287806,0.049609578533101543,0.08726982532673139,0.49157020182090755,0.2316049519142385,0.14217124338470666
M3|1h|12/26|v1.5,M3,60,12/26,"{""atr_period"": 14, ""atr_ratio_threshold"": 1.5, ""baseline_window"": 20}",7,-0.1428571428571428,-0.0340074134382497,-0.0115279367587287,0.0317619854664122,-0.1566305075877091,-1.0,-1.096413553113964,0.2857142857142857,2.0,5.0,4.0,3.0,-1.037676521476104,3.62332012387339,3.0534351145038165,305.34351145038164,0.0137733647305662,28.57142857142857,71.42857142857143,0.0,7.0,0.782,2.11,,,,,46,35,0.8904507804679568,-0.355510462292287,28,0,0,0,15,13,6,0,0,7,True,0.19887995470457787,0.2,3.9659674079409313,0.6295112239693487,-0.2034911417581437,1.263362918827442,-1.047081288055666,0.10006493506493505,0.0011200452954221451,1.1471462231206009,-0.3428571428571428,-0.24292207792207784
M4|1h|12/26|d0.25,M4,60,12/26,"{""arm_expiry_bars"": 10, ""atr_period"": 14, ""pullback_atr"": 0.25}",262,-0.1068702290076335,-0.1045928387649304,-0.0354551995813323,0.0004372304213375,-0.2464810369325588,-28.0,-64.57803167633041,0.2977099236641221,78.0,184.0,134.0,128.0,-1.0820770692760262,1.5820588870690064,1.3353383642817225,133.53383642817224,0.1396108079249252,29.77099236641221,70.22900763358778,0.0,229.7,0.691,64.17,-1.173,-2.726,-0.4097,-0.084,1245,1134,-0.1421343952408556,0.0186255990420881,572,0,0,0,239,333,8,0,63,262,True,-0.265106635974647,-0.06126461883058472,1.374370181509145,0.10511251508834092,-0.3920081348178914,-0.1533711486382906,-0.1043466416917032,0.024719376378942122,0.2038420171440623,0.12906601807064533,-0.04560561017704878,-0.13158960538657563
M4|1h|12/26|d0.5,M4,60,12/26,"{""arm_expiry_bars"": 10, ""atr_period"": 14, ""pullback_atr"": 0.5}",406,0.064039408866995,-0.0963647471484325,-0.0326660159825195,-0.0014960420789881,-0.0664873963429451,26.0,-26.99388291523572,0.354679802955665,144.0,262.0,209.0,197.0,-1.0632259735856724,1.8234592460850136,1.58566958963905,158.566958963905,0.1305268052099402,35.467980295566505,64.5320197044335,0.0,334.4,0.909,38.62,0.839,-0.881,-0.1996,0.0629,2004,1536,-0.025908962134808,0.1641031786609923,1002,0,0,0,393,609,21,0,182,406,True,-0.23059057500393748,0.014044323236431682,1.6422454036099277,0.1271938134098946,-0.43065159102752215,-0.10967068136565623,-0.040578434208137046,0.09874916346000066,0.24463489824036916,0.1393275976681377,0.04999508563056331,-0.03470975459300567
M5|1h|12/26,M5,60,12/26,"{""regime_fast"": 20, ""regime_slow"": 50, ""regime_tf"": 1440, ""regime_tf_name"": ""1D""}",329,0.1124620060790273,-0.0636454032439983,-0.0215747129640672,-0.0116999215764451,0.0155419682945166,37.0,5.113307568895962,0.3708206686930091,122.0,207.0,148.0,181.0,-1.054503899723118,2.27962683882343,2.1987514232989125,219.87514232989125,0.0969200377845107,37.08206686930091,62.91793313069909,0.0,261.0,1.023,31.54,1.238,0.173,-0.1418,0.1699,1901,1246,0.71188397213283,0.115114216567192,875,0,0,0,374,501,25,0,147,329,True,-0.09957224827267543,0.014556876792896873,2.245920619414595,0.07504361401197368,-0.21716104174997103,-0.018198879954872935,-0.6963420038383134,0.024119331639293817,0.1141291250655723,0.7204613354776072,0.09790512928613043,0.08834267443973348
M1|1h|20/50,M1,60,20/50,{},263,0.0380228136882129,-0.0483916377814073,-0.0164039450106465,-0.0007737064685766,-0.0275464755724176,10.0,-7.244723075545851,0.3460076045627376,91.0,172.0,135.0,128.0,-1.0409948703926413,2.9195970773925857,2.8695382708397896,286.9538270839789,0.0655692892606306,34.60076045627377,65.39923954372624,0.0,235.5,0.96,40.58,0.367,-0.275,-0.2078,0.1565,2035,989,0.3222669760318133,0.0523623969885487,1121,0,0,0,443,678,91,0,324,263,True,-0.0799088725609664,0.019796518811751904,2.9128517637833995,0.10436044957609845,-0.18943040784080742,0.04723243281731371,-0.349813451604231,0.031558628853788136,0.0997053913727183,0.3813720804580191,0.018226294876460995,0.006464184834424763
M2|1h|20/50|s0.00,M2,60,20/50,"{""atr_period"": 14, ""slope_lookback"": 5, ""slope_threshold"": 0.0}",264,0.0454545454545454,-0.0487403062096472,-0.0165221376981855,-0.0007760632756753,-0.0205839617289626,12.0,-5.434165896446139,0.3484848484848485,92.0,172.0,137.0,127.0,-1.042064972549949,2.892381599435583,2.8435312614835837,284.35312614835834,0.0660385071835081,34.84848484848485,65.15151515151516,0.0,238.7,0.97,39.95,0.421,-0.207,-0.198,0.1669,1985,1009,0.3247519605171151,0.0528771904248042,1047,0,0,0,415,632,90,0,278,264,True,-0.0734611521537669,0.04407162617277123,2.85766027208555,0.09732363065866087,-0.23431843083402012,0.0065554251471844705,-0.34533592224607773,0.036115823779571496,0.11753277832653813,0.38145174602564924,0.0013829192817741698,0.009338721674973904
M2|1h|20/50|s0.25,M2,60,20/50,"{""atr_period"": 14, ""slope_lookback"": 5, ""slope_threshold"": 0.25}",86,0.0116279069767441,-0.0388104480073726,-0.0131560840702958,0.0094233721458316,-0.0309152529550926,1.0,-2.658711754137965,0.3372093023255814,29.0,57.0,41.0,45.0,-1.0337708341136422,3.297281785554284,3.409752716619053,340.97527166190537,0.0425431599318368,33.72093023255814,66.27906976744185,0.0,83.8,0.955,21.85,0.071,-0.187,-0.3252,0.2935,648,365,0.2012870401496512,0.0793941243095056,282,0,0,0,110,172,54,0,32,86,True,-0.11030937726459829,-0.03635325466311383,3.363926146908889,0.20113711186999597,-0.31784343452684505,0.12238068642231763,-0.23220229310474388,0.10568508342821899,0.07395612260148446,0.33788737653296286,0.047981161639857925,-0.09405717645147489
M2|1h|20/50|s0.50,M2,60,20/50,"{""atr_period"": 14, ""slope_lookback"": 5, ""slope_threshold"": 0.5}",2,-1.0,-0.0256647081255441,-0.0086999010595065,0.1781377491026348,-0.8562268600824159,-2.0,-1.7124537201648318,0.0,0.0,2.0,0.0,2.0,-0.8562268600824159,4.710729329192758,4.710729329192758,471.0729329192758,-0.1437731399175841,0.0,100.0,0.0,2.0,0.0,0.71,,,,,34,10,-0.6017480781583211,-1.556011739422502,14,0,0,0,4,10,8,0,0,2,True,0.6997848793400862,0.8,2.818974875250651,1.23457858233028,-0.9923445078358994,1.9330882144925154,-0.25447878192409473,0.030714285714285704,0.10021512065991389,0.2851930676383804,-1.8,-1.0307142857142857
M3|1h|20/50|v1.2,M3,60,20/50,"{""atr_period"": 14, ""atr_ratio_threshold"": 1.2, ""baseline_window"": 20}",49,-0.1428571428571428,-0.0472902688202092,-0.0160305996000709,-0.0035388289584386,-0.2097168402358617,-7.0,-10.276125171557224,0.2857142857142857,14.0,35.0,24.0,25.0,-1.0437449547196256,3.0462992496638743,2.9149305610296183,291.4930561029619,0.0668596973787188,28.57142857142857,71.42857142857143,0.0,45.1,0.726,19.38,-0.592,-0.89,-0.6383,0.2247,308,225,0.3957366617916635,-0.150540450038343,113,0,0,0,39,74,22,0,3,49,True,-0.05917639019751865,0.0529380764163373,2.9434004490236307,0.22859966339206111,-0.23125281581829985,0.32933399484870873,-0.6054535020275252,-0.08149627124193967,0.11211446661385595,0.5239572307855855,-0.1957952192734801,-0.06136087161520312
M3|1h|20/50|v1.5,M3,60,20/50,"{""atr_period"": 14, ""atr_ratio_threshold"": 1.5, ""baseline_window"": 20}",4,-0.25,-0.0333845387651646,-0.0113167928017507,-0.0147432799816538,-0.3094446115485692,-1.0,-1.237778446194277,0.25,1.0,3.0,3.0,1.0,-1.0536004222914943,3.794356659713975,3.771165521262808,377.1165521262808,0.0594446115485691,25.0,75.0,0.0,4.0,0.61,2.14,,,,,26,20,0.5998821072717295,-0.0600070192655257,16,0,0,0,7,9,5,0,0,4,True,-0.2494375922830435,-0.25,4.314975103394044,0.02320785603216518,-0.2862552907049565,-0.22564910162029894,-0.9093267188202987,-0.11999999999999997,-0.0005624077169565089,0.7893267188202987,0.0,-0.13000000000000003
M4|1h|20/50|d0.25,M4,60,20/50,"{""arm_expiry_bars"": 10, ""atr_period"": 14, ""pullback_atr"": 0.25}",121,-0.0082644628099173,-0.112740444743951,-0.0382170999132037,-0.001014567214261,-0.1602365746813331,-1.0,-19.388625536441317,0.3305785123966942,40.0,81.0,74.0,47.0,-1.0837006666666666,1.6629402754179987,1.299743086645917,129.97430866459172,0.1519721118714158,33.057851239669425,66.94214876033058,0.0,110.0,0.791,24.44,-0.08,-1.53,-0.3511,0.0392,574,562,-0.0494507377541586,0.0499888427003965,215,0,0,0,82,133,5,0,7,121,True,-0.21022541738172973,0.045786106630629056,1.2851897184822465,0.15663123632215162,-0.42893895670384546,-0.05545369043887038,-0.11078583692717452,0.02336098131787151,0.25601152401235877,0.13414681824504604,-0.054050569440546356,-0.03162544412778881
M4|1h|20/50|d0.5,M4,60,20/50,"{""arm_expiry_bars"": 10, ""atr_period"": 14, ""pullback_atr"": 0.5}",200,-0.04,-0.1049109906150829,-0.0355630476661298,-0.0004279841248274,-0.1809020224060402,-8.0,-36.18040448120804,0.32,64.0,136.0,111.0,89.0,-1.0704491656692188,1.8101908666746316,1.5184501547747646,151.8450154774765,0.1409020224060402,32.0,68.0,0.0,180.4,0.766,48.48,-0.441,-1.948,-0.3462,-0.0021,942,855,0.0079955440461189,-0.022181329237519,404,0,0,0,154,250,12,0,38,200,True,-0.15872069316852122,0.04776133162634242,1.533754843973072,0.08363858199088174,-0.25061229415169145,-0.02351708800153296,-0.1888975664521592,-0.05763634351757346,0.20648202479486363,0.13126122293458573,-0.08776133162634242,0.017636343517573462
M5|1h|20/50,M5,60,20/50,"{""regime_fast"": 20, ""regime_slow"": 50, ""regime_tf"": 1440, ""regime_tf_name"": ""1D""}",196,-0.0663265306122449,-0.0588502637981141,-0.0199492419654624,-0.0127126502771148,-0.1578386866529364,-13.0,-30.936382583975544,0.3112244897959184,61.0,135.0,98.0,98.0,-1.0516781889998987,2.505900908203756,2.458213146192176,245.8213146192176,0.0915121560406915,31.12244897959184,68.87755102040816,0.0,160.4,0.79,38.72,-0.713,-1.7,-0.3275,-0.002,1156,791,0.2783907288781221,-0.0401443970919619,493,0,0,0,215,278,35,0,47,196,True,-0.1176942895609745,0.027525321640131627,2.506913132544942,0.0563859231479323,-0.18355579693754157,-0.050393826104408256,-0.43622941553105854,-0.008237086967962026,0.14521961120110613,0.4279923285630965,-0.09385185225237652,-0.058089443644282875
M1|1h|50/200,M1,60,50/200,{},98,0.1326530612244898,-0.0553903667432062,-0.0187763955061716,-0.0022487977350947,0.0562375012400171,13.0,5.511275121521683,0.3775510204081632,37.0,61.0,51.0,47.0,-1.0323201672724451,2.821098512473577,2.8719341897743647,287.19341897743647,0.0764155599844726,37.755102040816325,62.24489795918368,0.0,89.2,1.084,12.05,1.015,0.449,-0.1643,0.2973,718,421,0.3252729815255239,0.0583930467235738,347,0,0,0,143,204,80,0,26,98,True,-0.002155545483556635,0.09004132543356691,2.9332892066443113,0.014371148476358007,-0.01654588211952466,0.017586169537473096,-0.2690354802855067,0.14498908933339955,0.09219687091712354,0.41402456961890627,0.042611735790922894,-0.012336028108909741
M2|1h|50/200|s0.00,M2,60,50/200,"{""atr_period"": 14, ""slope_lookback"": 5, ""slope_threshold"": 0.0}",95,0.1368421052631579,-0.0558299783305121,-0.0189254163832244,-0.0019520857180431,0.060134624831378,13.0,5.712789358980919,0.3789473684210526,36.0,59.0,48.0,47.0,-1.0320973254227093,2.809861768898488,2.86335628851033,286.335628851033,0.0767074804317797,37.89473684210527,62.10526315789474,0.0,86.5,1.09,15.52,0.943,0.405,-0.2318,0.3153,700,405,0.3432411572295767,0.1572422349574388,340,0,0,0,141,199,80,0,24,95,True,-0.09710761012606076,0.007113471306830129,2.898113429952517,0.0614102636339176,-0.16932473255932864,-0.01488168981657516,-0.28310653239819866,0.13599673165980364,0.10422108143289088,0.4191032640580023,0.12972863395632778,0.0008453736033542658
M2|1h|50/200|s0.25,M2,60,50/200,"{""atr_period"": 14, ""slope_lookback"": 5, ""slope_threshold"": 0.25}",1,2.0,-0.0300134553628773,-0.0101740526653821,-0.0293221579961464,1.930490333975594,2.0,1.930490333975594,1.0,1.0,0.0,1.0,0.0,1.930490333975594,4.092468228831268,4.092468228831268,409.2468228831268,0.0695096660244059,100.0,0.0,0.0,1.0,,0.0,,,,,18,5,2.5231477153582444,3.0159125234054622,10,0,0,0,2,8,7,0,0,1,True,-1.085422189429868,-1.0,4.456364761708273,0.3009703251721843,-1.5739345565119276,-0.7441633131182019,-0.5926573813826504,0.6300000000000001,0.0854221894298679,1.2226573813826507,3.0,1.3699999999999999
M2|1h|50/200|s0.50,M2,60,50/200,"{""atr_period"": 14, ""slope_lookback"": 5, ""slope_threshold"": 0.5}",0,,,,,,,,,,,,,,,,,,,,,,,,,,,,0,0,,,0,0,0,0,0,0,0,0,0,0,True,,,,,,,,,,,,
M3|1h|50/200|v1.2,M3,60,50/200,"{""atr_period"": 14, ""atr_ratio_threshold"": 1.2, ""baseline_window"": 20}",11,0.3636363636363636,-0.0402629802118905,-0.0136484678684374,0.0043993532187016,0.3141242687747372,4.0,3.4553669565221097,0.4545454545454545,5.0,6.0,6.0,5.0,-0.954229863208,3.255089188407343,3.3944064980616453,339.4406498061645,0.0495120948616263,45.45454545454545,54.54545454545454,0.0,10.0,1.556,3.05,,,,,99,54,1.076360182718095,0.5105451339134002,42,0,0,0,13,29,18,0,0,11,True,-0.19642086513866286,-0.10545454545454543,2.7399210384674064,0.3169905220871,-0.5433584594737066,0.1327187218796637,-0.7622359139433578,0.028033151059466844,0.09096631968411743,0.7902690650028246,0.469090909090909,0.33560321257689674
M3|1h|50/200|v1.5,M3,60,50/200,"{""atr_period"": 14, ""atr_ratio_threshold"": 1.5, ""baseline_window"": 20}",1,-1.0,-0.0466354153846153,-0.0158086153846153,0.1082141675612307,-0.954229863208,-1.0,-0.954229863208,0.0,0.0,1.0,0.0,1.0,-0.954229863208,2.562687273300741,2.562687273300741,256.2687273300741,-0.045770136792,0.0,100.0,0.0,1.0,0.0,0.0,,,,,19,5,-0.6686489741887353,0.0984832592570839,9,0,0,0,2,7,6,0,0,1,True,-1.0527131224650839,-1.0,4.059287484194352,0.05306267547985196,-1.1304722150383266,-0.9848103815673613,-0.2855808890192647,0.15999999999999998,0.05271312246508386,0.4455808890192647,0.0,-1.16
M4|1h|50/200|d0.25,M4,60,50/200,"{""arm_expiry_bars"": 10, ""atr_period"": 14, ""pullback_atr"": 0.25}",19,-0.2105263157894736,-0.1767518398788045,-0.0599158779250184,-0.0033714526751462,-0.450565486268443,-4.0,-8.560744239100417,0.2631578947368421,5.0,14.0,13.0,6.0,-1.0831017644715977,1.4903018807230324,1.00878801008788,100.878801008788,0.2400391704789693,26.31578947368421,73.68421052631578,0.0,19.0,0.519,9.88,,,,,89,93,0.0534156864319352,0.4882276491847595,32,0,0,0,12,20,0,0,1,19,True,-0.9387931354532025,0.1280701754385965,1.2402871855447601,1.3947649057398817,-3.4070078522048686,-0.09991619386133763,-0.5039811727003782,-0.3503611971104231,1.066863310891799,0.15361997558995516,-0.3385964912280701,0.13983488132094948
M4|1h|50/200|d0.5,M4,60,50/200,"{""arm_expiry_bars"": 10, ""atr_period"": 14, ""pullback_atr"": 0.5}",30,-0.4,-0.1635173054169088,-0.0554295950565792,-0.0012153595954177,-0.6201622600689057,-12.0,-18.60486780206717,0.2,6.0,24.0,19.0,11.0,-1.1088740911910222,1.4528515852709607,1.0667812514634336,106.67812514634336,0.2201622600689058,20.0,80.0,0.0,28.9,0.37,21.83,-1.894,-2.639,-1.0706,-0.1735,135,146,-0.0769556177840495,-0.4464483274808726,56,0,0,0,25,31,0,0,1,30,True,-0.17371393258803308,0.049556650246305345,1.136559820452322,0.24698458584561278,-0.4697733297539715,0.0937649341235752,-0.5432066422848562,-0.3978730158730158,0.22327058283433843,0.14533362641184033,-0.44955665024630537,-0.0021269841269841994
M5|1h|50/200,M5,60,50/200,"{""regime_fast"": 20, ""regime_slow"": 50, ""regime_tf"": 1440, ""regime_tf_name"": ""1D""}",44,0.3636363636363636,-0.0517561697882285,-0.0175444643349927,-0.0215092334531094,0.272826496060033,16.0,12.004365826641452,0.4545454545454545,20.0,24.0,21.0,23.0,-1.0335801586563225,2.789528182379277,2.68422425604225,268.422425604225,0.0908098675763306,45.45454545454545,54.54545454545454,0.0,41.7,1.46,7.68,1.866,1.348,-0.1322,0.633,296,211,0.314423273404137,0.2423828739509355,141,0,0,0,63,78,31,0,3,44,True,0.030443622109097505,0.12225913621262459,2.697785413582591,0.3159840746032029,-0.3060681488853949,0.4767915723214789,-0.041596777344103976,0.18541221623873136,0.09181551410352709,0.22700899358283533,0.24137722742373902,0.17822414739763223
