candidate_id,symbol,mechanism,exec_tf,trades,gross_expectancy,fee_drag,slippage_drag,funding_drag,net_expectancy,gross_total_R,net_total_R,win_rate,wins,losses,longs,shorts,median_net_R,avg_stop_pct,median_stop_pct,median_stop_bps,cost_per_R,pct_target,pct_stop,unresolved_at_boundary,effective_n,profit_factor,max_dd_R
M1|5m|5/20,BTCUSD,M1,5,1525,-0.010491803278688525,-0.34982155265103904,-0.11858357716984372,0.0008958806203049552,-0.4780010524792663,-16.0,-728.9516050308811,0.3291803278688525,502,1023,801,724,-1.2791667837338263,0.47942950335791445,0.39387059620917325,39.38705962091733,0.46750924920057785,32.98360655737705,67.01639344262294,0,1346.5,0.515,731.03
M1|5m|5/20,ETHUSD,M1,5,1491,0.022132796780684104,-0.1898330659215067,-0.06435019183779887,0.00019211617395856805,-0.23185834480466283,33.0,-345.7007921037523,0.340710932260228,508,983,772,719,-1.1608051171875007,0.8025549521990258,0.688227508303154,68.8227508303154,0.25399114158534697,34.0710932260228,65.92890677397719,0,1416.4,0.719,347.61
M1|5m|5/20,SOLUSD,M1,5,1769,-0.013001695873374786,-0.16926943812624365,-0.057379470551269025,0.0004582207307214023,-0.23919238382016605,-22.999999999999996,-423.13132697787375,0.32899943470887505,582,1187,917,852,-1.1533602185150713,0.8899326171704032,0.741795995308918,74.1795995308918,0.22619068794679126,32.89994347088751,67.10005652911249,0,1677.5,0.709,427.45
M1|5m|5/20,XRPUSD,M1,5,1527,-0.017681728880157184,-0.17922087191394526,-0.0607528379369306,0.0005581883267601859,-0.2570972504042729,-27.00000000000002,-392.5875013673247,0.3274394237066143,500,1027,802,725,-1.1454039937788443,0.9040155769197518,0.7447354904981964,74.47354904981964,0.2394155215241157,32.74394237066143,67.25605762933857,0,1448.3,0.691,411.14
M2|5m|5/20|s0.00,BTCUSD,M2,5,1365,-0.03736263736263736,-0.3708842723280469,-0.12572348214510065,0.0003027516615803663,-0.5336676401742045,-51.0,-728.4563288377892,0.3194139194139194,436,929,713,652,-1.2952309194426221,0.4611510875278124,0.37317873768699544,37.31787376869954,0.4963050028115672,32.08791208791209,67.91208791208791,0,1216.0,0.476,729.17
M2|5m|5/20|s0.00,ETHUSD,M2,5,1314,0.0821917808219178,-0.20020202803913523,-0.06786509425055431,-0.00013602949257905764,-0.18601137096035078,108.0,-244.41894144190093,0.3607305936073059,474,840,654,660,-1.1536947980216945,0.7736331506150366,0.6570490665311851,65.70490665311851,0.26820315178226856,36.07305936073059,63.926940639269404,0,1210.5,0.769,268.45
M2|5m|5/20|s0.00,SOLUSD,M2,5,1487,0.0026899798251513187,-0.1761223222156181,-0.059702482106989196,0.00018154749175447116,-0.2329532770057015,4.000000000000011,-346.4015229074781,0.33422999327505043,497,990,745,742,-1.1610975516700197,0.859668385888871,0.721021377419202,72.1021377419202,0.23564325683085285,33.422999327505046,66.57700067249496,0,1372.5,0.717,349.16
M2|5m|5/20|s0.00,XRPUSD,M2,5,1331,-0.0781367392937641,-0.18885297325927153,-0.06401795703704119,-0.0001434509775237035,-0.3311511205676006,-104.0,-440.76214147547637,0.3072877535687453,409,922,666,665,-1.1602338860139174,0.8698399497330558,0.7000538502961792,70.00538502961791,0.25301438127383646,30.728775356874532,69.27122464312548,0,1331.0,0.617,444.65
M2|5m|5/20|s0.25,BTCUSD,M2,5,33,0.5454545454545454,-0.2577770390326896,-0.08738204712972528,-0.0026331080228946114,0.19766235126923595,18.0,6.522857591884787,0.5151515151515151,17,16,19,14,0.7971875182481749,0.6940700781529742,0.6003623766651959,60.03623766651958,0.34779219418530954,51.515151515151516,48.484848484848484,0,31.1,1.298,8.29
M2|5m|5/20|s0.25,ETHUSD,M2,5,20,0.35,-0.1151566513302233,-0.03903615299329604,0.0009587291299090722,0.1967659248063897,7.0,3.935318496127794,0.45,9,11,9,11,-1.0763384321700324,1.4336922215330705,1.0987214361171525,109.87214361171523,0.1532340751936103,45.0,55.00000000000001,0,20.0,1.306,7.31
M2|5m|5/20|s0.25,SOLUSD,M2,5,26,0.15384615384615385,-0.10387450463216769,-0.035211696485480566,0.0011483658884779656,0.01590831861698359,4.0,0.41361628404157336,0.38461538461538464,10,16,11,15,-1.0685374984306462,1.5454373433374533,1.3180358484273922,131.80358484273924,0.13793783522917025,38.46153846153847,61.53846153846154,0,26.0,1.022,8.91
M2|5m|5/20|s0.25,XRPUSD,M2,5,22,-0.045454545454545456,-0.13991135872453014,-0.04742757922865429,-0.0071149367195896315,-0.23990842012731955,-1.0,-5.27798524280103,0.3181818181818182,7,15,11,11,-1.0915942612713918,1.3786099978758892,1.086839205286518,108.68392052865178,0.19445387467277406,31.818181818181817,68.18181818181817,0,22.0,0.709,11.56
M2|5m|5/20|s0.50,ETHUSD,M2,5,3,1.0,-0.038516411344181455,-0.013056410625146257,0.012868348679487418,0.9612955267101597,3.0,2.883886580130479,0.6666666666666666,2,1,1,2,1.9599366818477553,3.050659861343857,3.3138569672926375,331.3856967292637,0.03870447328984029,66.66666666666666,33.33333333333333,0,3.0,3.712,0.0
M3|5m|5/20|v1.2,BTCUSD,M3,5,369,0.056910569105691054,-0.2775380750353376,-0.09408070340180938,0.00019341124589276226,-0.31451479808556315,21.0,-116.05596049357281,0.3523035230352303,130,239,204,165,-1.2169774587458746,0.6176013746248918,0.5248247557476483,52.48247557476483,0.3714253671912542,35.230352303523034,64.76964769647697,0,364.1,0.645,120.1
M3|5m|5/20|v1.2,ETHUSD,M3,5,263,0.09505703422053231,-0.14604510838644022,-0.04950681640218312,0.0011415574238612584,-0.09935333314422981,25.0,-26.12992661693244,0.3650190114068441,96,167,127,136,-1.1098867399463663,1.0776442998329951,0.9151787431537939,91.51787431537939,0.19441036736476208,36.50190114068441,63.49809885931559,0,263.0,0.87,40.83
M3|5m|5/20|v1.2,SOLUSD,M3,5,287,-0.04878048780487809,-0.12596519731567843,-0.042700066886670655,0.00039094487229382203,-0.21705480713493336,-14.000000000000012,-62.29472964772587,0.3170731707317073,91,196,148,139,-1.1133166926621767,1.2330085100569115,1.0397475726254897,103.97475726254896,0.16827431933005527,31.70731707317073,68.29268292682927,0,282.3,0.728,67.21
M3|5m|5/20|v1.2,XRPUSD,M3,5,263,0.03802281368821294,-0.13697019513978967,-0.04643057462365752,0.001003794468525105,-0.14437416160670916,10.000000000000004,-37.970404502564506,0.34600760456273766,91,172,141,122,-1.1032553055737395,1.2350066292065758,0.9944043686375001,99.44043686375002,0.18239697529492208,34.60076045627377,65.39923954372624,0,259.6,0.813,50.64
M3|5m|5/20|v1.5,BTCUSD,M3,5,105,0.11428571428571428,-0.1845349691324329,-0.06255422682455353,0.002383301539008482,-0.1304201801322636,12.0,-13.69411891388768,0.37142857142857144,39,66,57,48,-1.1162646458166667,0.8537065189408508,0.6900832389343927,69.00832389343928,0.24470589441797788,37.142857142857146,62.857142857142854,0,105.0,0.833,19.32
M3|5m|5/20|v1.5,ETHUSD,M3,5,53,-0.20754716981132076,-0.10314630047726578,-0.03496484761941214,0.003537774708801564,-0.3421205431991971,-11.0,-18.132388789557446,0.2641509433962264,14,39,24,29,-1.1070642013888892,1.5400401719957428,1.331796543121817,133.17965431218173,0.13457337338787637,26.41509433962264,73.58490566037736,0,53.0,0.594,19.23
M3|5m|5/20|v1.5,SOLUSD,M3,5,43,-0.23255813953488372,-0.07951767028708585,-0.02695514247019859,0.001653171844940387,-0.33737778044722777,-10.0,-14.507244559230793,0.2558139534883721,11,32,24,19,-1.0772657469824114,1.9508366270401245,1.7907048624363702,179.07048624363702,0.10481964091234407,25.581395348837212,74.4186046511628,0,39.0,0.59,20.77
M3|5m|5/20|v1.5,XRPUSD,M3,5,33,-0.09090909090909091,-0.07786664521560173,-0.026395472954441265,0.0006563425392504359,-0.19451486653988348,-3.0,-6.418990595816155,0.30303030303030304,10,23,18,15,-1.054587518037518,2.0352718638752774,1.8429816158021985,184.29816158021987,0.10360577563079255,30.303030303030305,69.6969696969697,0,33.0,0.746,9.49
M4|5m|5/20|d0.25,BTCUSD,M4,5,1515,0.0891089108910891,-0.5422378121470287,-0.1838094278464504,0.0001122696267315007,-0.6368260594756584,135.0,-964.7914801056226,0.35115511551155115,532,983,765,750,-1.3272943956043957,0.369462913989926,0.2722113318183561,27.22113318183561,0.7259349703667476,36.303630363036305,63.6963696369637,0,1253.4,0.422,969.09
M4|5m|5/20|d0.25,ETHUSD,M4,5,1542,0.0311284046692607,-0.28988464004436876,-0.09826597967605721,0.0007257392652457097,-0.35629647578591955,48.0,-549.409165661888,0.3430609597924773,529,1013,798,744,-1.198639795497753,0.6185851925510826,0.48553012869770684,48.55301286977068,0.38742488045518025,34.37094682230869,65.6290531776913,0,1542.0,0.608,547.76
M4|5m|5/20|d0.25,SOLUSD,M4,5,1587,0.02457466918714555,-0.2511182723495625,-0.08512483808459746,0.0001250296531527786,-0.3115434115938617,38.999999999999986,-494.41939419945845,0.34152488972904854,542,1045,836,751,-1.183553322601417,0.7161432923592872,0.5565905247771652,55.65905247771652,0.3361180807810072,34.152488972904855,65.84751102709515,0,1587.0,0.644,501.54
M4|5m|5/20|d0.25,XRPUSD,M4,5,1569,-0.024856596558317394,-0.2816091648660521,-0.09546073385289901,0.0008297535830408579,-0.4010967416942276,-38.99999999999999,-629.3207877182431,0.3244104525175271,509,1060,800,769,-1.1903682417582442,0.6903189251246893,0.5097245649516974,50.972456495169745,0.3762401451359102,32.504780114722756,67.49521988527725,0,1449.2,0.57,635.71
M4|5m|5/20|d0.5,BTCUSD,M4,5,1422,-0.02109704641350211,-0.47350683813584415,-0.16051079258842174,-0.0001675900717309324,-0.6552822672094989,-30.0,-931.8113839719075,0.3150492264416315,448,974,710,712,-1.3076495204764884,0.44672968779483085,0.3347452444651137,33.47452444651137,0.6341852207959969,32.63009845288326,67.36990154711674,0,1208.0,0.409,929.61
M4|5m|5/20|d0.5,ETHUSD,M4,5,1487,0.028917283120376596,-0.2425906665055013,-0.08223412423915297,0.0006822787658549242,-0.2952252288584227,43.0,-438.9999153124745,0.3429724277067922,510,977,759,728,-1.1625943189368777,0.7532075995519557,0.5887274254105888,58.87274254105888,0.3241425119787993,34.29724277067922,65.70275722932078,0,1427.8,0.661,449.47
M4|5m|5/20|d0.5,SOLUSD,M4,5,1595,0.03824451410658305,-0.21376773595676407,-0.07246363930737765,0.0001729672575626257,-0.24781389389999608,60.999999999999964,-395.26316077049376,0.34545454545454546,551,1044,807,788,-1.1489896363636347,0.8436420166192724,0.6526339098983879,65.26339098983878,0.2860584080065791,34.608150470219435,65.39184952978057,0,1459.7,0.704,415.45
M4|5m|5/20|d0.5,XRPUSD,M4,5,1653,0.00725952813067151,-0.24244483207138132,-0.08218468883775638,0.0006068885410903696,-0.3167631042373758,12.000000000000007,-523.6094113043822,0.3339382940108893,552,1101,851,802,-1.156664657073817,0.7978186995566059,0.5989550146552823,59.895501465528234,0.3240226323680473,33.57531760435572,66.42468239564428,0,1633.9,0.64,527.08
M5|5m|5/20,BTCUSD,M5,5,1434,-0.02510460251046025,-0.39550877326308254,-0.13407077059765513,0.00037006149043496595,-0.5543140848807631,-36.0,-794.8863977190142,0.32496513249651326,466,968,669,765,-1.3040065607746878,0.4383316723774449,0.34037200877265134,34.037200877265136,0.5292094823703029,32.49651324965133,67.50348675034867,0,1341.7,0.463,793.32
M5|5m|5/20,ETHUSD,M5,5,1434,0.03347280334728032,-0.21070632220052582,-0.07142587193238165,-0.00047475929252914365,-0.24913415007815634,47.99999999999997,-357.2583712120762,0.34449093444909346,494,940,671,763,-1.1717335232355581,0.7378246359888491,0.619030111450171,61.903011145017096,0.2826069534254366,34.449093444909344,65.55090655509066,0,1336.7,0.703,358.75
M5|5m|5/20,SOLUSD,M5,5,1664,0.03305288461538464,-0.18826356027605973,-0.06381815602578296,-0.0005635617153856471,-0.2195923934018437,55.000000000000036,-365.4017426206679,0.34435096153846156,573,1091,732,932,-1.1665188030398315,0.8079605877929954,0.66697950918747,66.697950918747,0.25264527801722836,34.43509615384615,65.56490384615384,0,1524.8,0.733,369.25
M5|5m|5/20,XRPUSD,M5,5,1573,0.06420851875397329,-0.2134837389559388,-0.07236736913760637,-0.001604420669635698,-0.2232470100092076,100.99999999999999,-351.16754674448356,0.3547361729179911,558,1015,725,848,-1.1661527999999999,0.765506291731932,0.6324499009034428,63.244990090344274,0.2874555287631809,35.47361729179911,64.52638270820088,0,1573.0,0.731,353.17
M1|5m|9/21,BTCUSD,M1,5,1398,-0.032188841201716736,-0.36320494811650006,-0.12312032139542374,0.000977990981928205,-0.5175361197317123,-45.0,-723.5154953849338,0.3218884120171674,450,948,719,679,-1.2867810769087717,0.4849455417953479,0.3799903369533268,37.99903369533268,0.48534727852999554,32.26037195994277,67.73962804005723,0,1199.2,0.486,723.16
M1|5m|9/21,ETHUSD,M1,5,1394,0.0351506456241033,-0.2044318229773582,-0.06929892304317228,0.0003860067089094567,-0.23819409368751773,49.0,-332.0425666003997,0.3450502152080344,481,913,709,685,-1.1712439022298797,0.772873842819882,0.6362537098214136,63.62537098214136,0.27334473931162107,34.50502152080344,65.49497847919655,0,1394.0,0.714,333.27
M1|5m|9/21,SOLUSD,M1,5,1683,0.003565062388591809,-0.17954662684636216,-0.06086326333774988,0.00017539545090502343,-0.23666943234461515,6.000000000000014,-398.3146546359873,0.3345216874628639,563,1120,871,812,-1.1617114687882482,0.8564283043359613,0.7189171466461776,71.89171466461775,0.240234494733207,33.45216874628639,66.54783125371361,0,1479.6,0.714,404.3
M1|5m|9/21,XRPUSD,M1,5,1448,-0.04074585635359115,-0.18960755556452513,-0.06427374764899156,0.0005375296045072872,-0.2940896299626006,-58.999999999999986,-425.84178418584565,0.3197513812154696,463,985,733,715,-1.1469328879310345,0.8759695060916309,0.7032464733288986,70.32464733288985,0.25334377360900945,31.97513812154696,68.02486187845304,0,1428.7,0.653,441.55
M2|5m|9/21|s0.00,BTCUSD,M2,5,1353,-0.022172949002217297,-0.3637487084175406,-0.1233046469212002,0.0009646778221537408,-0.5082616265188044,-30.0,-687.6779806799423,0.3259423503325942,441,912,691,662,-1.2839763096111518,0.4841316417841628,0.37920108046335255,37.92010804633525,0.486088677516587,32.59423503325942,67.40576496674058,0,1177.7,0.494,688.97
M2|5m|9/21|s0.00,ETHUSD,M2,5,1385,0.04837545126353791,-0.20569760359688666,-0.06972800121928363,0.0003605020557817684,-0.2266896514968507,67.0,-313.9651673231382,0.34945848375451266,484,901,707,678,-1.1676230708661413,0.7628349006542211,0.6360770616253278,63.607706162532786,0.2750651027603885,34.94584837545126,65.05415162454874,0,1385.0,0.726,316.69
M2|5m|9/21|s0.00,SOLUSD,M2,5,1619,0.019147621988882035,-0.17866961800193873,-0.060565972204047025,8.554952275582313e-05,-0.22000241869434783,31.000000000000018,-356.18391586614916,0.339715873996294,550,1069,830,789,-1.158472256284488,0.8613183621079281,0.7239772066389126,72.39772066389126,0.23915004068322995,33.9715873996294,66.0284126003706,0,1433.2,0.731,363.45
M2|5m|9/21|s0.00,XRPUSD,M2,5,1397,-0.05082319255547601,-0.190528055554845,-0.06458578154401526,0.0004311181172764846,-0.30550591153705975,-70.99999999999999,-426.7917584172725,0.31639226914817464,442,955,713,684,-1.1473831045196596,0.8772024805587957,0.7058196830470213,70.58196830470213,0.2546827189815838,31.639226914817463,68.36077308518253,0,1390.6,0.642,433.1
M2|5m|9/21|s0.25,BTCUSD,M2,5,685,0.020437956204379562,-0.3965581626478624,-0.1344264958128347,0.001729080888427233,-0.5088176213678902,14.0,-348.54007063700476,0.3386861313868613,232,453,343,342,-1.2751351327433629,0.45948492589531753,0.3484909286755233,34.84909286755233,0.5292555775722698,34.01459854014598,65.985401459854,0,678.9,0.496,346.47
M2|5m|9/21|s0.25,ETHUSD,M2,5,581,0.08433734939759036,-0.2159936336609929,-0.07321818090203148,0.0003976169323893777,-0.20447684823304463,49.0,-118.80104882339893,0.3614457831325301,210,371,273,308,-1.1575298588073368,0.7519000259255837,0.6151155087406827,61.51155087406827,0.28881419763063493,36.144578313253014,63.85542168674698,0,559.1,0.751,131.94
M2|5m|9/21|s0.25,SOLUSD,M2,5,692,0.036127167630057806,-0.17591911071160665,-0.059633596851392086,-0.0001640325516323721,-0.19958957248457332,25.0,-138.11598415932474,0.3453757225433526,239,453,326,366,-1.148635009804808,0.9036879513621141,0.7458956831737101,74.58956831737102,0.23571674011463112,34.53757225433526,65.46242774566474,0,692.0,0.753,143.05
M2|5m|9/21|s0.25,XRPUSD,M2,5,658,-0.015197568389057762,-0.19959361038625464,-0.06765885097839139,0.0002053132740702733,-0.28224471647963345,-10.000000000000007,-185.7170234435988,0.3282674772036474,216,442,353,305,-1.1482317864116744,0.8823293775497388,0.6851098843216145,68.51098843216144,0.2670471480905757,32.82674772036474,67.17325227963525,0,658.0,0.666,187.53
M2|5m|9/21|s0.50,BTCUSD,M2,5,18,0.0,-0.3493379266207043,-0.1184196361426116,-0.0032265260878982308,-0.4709840888512141,0.0,-8.477713599321854,0.3333333333333333,6,12,8,10,-1.2660724890271022,0.7618174206935888,0.47591348729731175,47.59134872973117,0.4709840888512141,33.33333333333333,66.66666666666666,0,18.0,0.554,12.45
M2|5m|9/21|s0.50,ETHUSD,M2,5,10,0.2,-0.09864166167482347,-0.03343785141519439,-0.0004517700081571414,0.06746871690182499,2.0,0.6746871690182499,0.4,4,6,3,7,-1.0775087136648116,1.5710987960425613,1.35974570101244,135.974570101244,0.13253128309817502,40.0,60.0,0,10.0,1.1,3.35
M2|5m|9/21|s0.50,SOLUSD,M2,5,23,-0.08695652173913043,-0.1119411454759906,-0.03794615100881038,-0.003947814161585983,-0.2407916323855174,-2.0,-5.5382075448669,0.30434782608695654,7,16,10,13,-1.1249652589143233,1.257638507159976,1.1014001251951226,110.14001251951227,0.153835110646387,30.434782608695656,69.56521739130434,0,22.0,0.7,12.84
M2|5m|9/21|s0.50,XRPUSD,M2,5,19,0.5789473684210527,-0.1460533785180403,-0.04950961983662382,-0.0020337157498450794,0.3813506543165434,11.0,7.245662432014325,0.5263157894736842,10,9,9,10,1.6772451376146895,1.3423184679202005,0.94559469391412,94.55946939141201,0.19759671410450916,52.63157894736842,47.368421052631575,0,19.0,1.654,5.5
M3|5m|9/21|v1.2,BTCUSD,M3,5,309,-0.02912621359223301,-0.2518052375908635,-0.08535770765791983,-0.0006357242089306017,-0.3669248830499469,-9.0,-113.3797888624336,0.32362459546925565,100,209,173,136,-1.1905911832797427,0.7028026450906086,0.5855086606489388,58.55086606489388,0.3377986694577139,32.362459546925564,67.63754045307444,0,309.0,0.595,115.12
M3|5m|9/21|v1.2,ETHUSD,M3,5,248,0.08870967741935484,-0.13675592894542202,-0.046357942015397294,0.0014320693143447798,-0.09297212422711972,22.0,-23.05708680832569,0.3629032258064516,90,158,116,132,-1.1013154578280377,1.1552280580495529,0.9578243507116394,95.78243507116395,0.18168180164647457,36.29032258064516,63.70967741935484,0,248.0,0.877,46.07
M3|5m|9/21|v1.2,SOLUSD,M3,5,225,0.10666666666666667,-0.12039803046397726,-0.04081289168270416,-7.443163337332828e-05,-0.054618687113388076,24.0,-12.289204600512317,0.3688888888888889,83,142,114,111,-1.0950747429225332,1.2900190655478851,1.0673496484239198,106.73496484239196,0.16128535378005476,36.888888888888886,63.11111111111111,0,222.0,0.925,39.62
M3|5m|9/21|v1.2,XRPUSD,M3,5,231,0.1038961038961039,-0.13551930403093362,-0.045938747129130056,0.000822261689864551,-0.07673968557409527,24.0,-17.72686736761601,0.36796536796536794,85,146,118,113,-1.0863564457083492,1.2603776654528733,0.9865378686671594,98.65378686671593,0.18063578947019915,36.79653679653679,63.20346320346321,0,231.0,0.897,43.12
M3|5m|9/21|v1.5,BTCUSD,M3,5,91,0.054945054945054944,-0.15432371757037588,-0.05231312460012742,0.0015578415043058407,-0.15013394572114255,5.0,-13.662189060623973,0.3516483516483517,32,59,47,44,-1.1162646458166667,1.0208378264461797,0.8407863364033563,84.07863364033564,0.2050790006661975,35.16483516483517,64.83516483516483,0,91.0,0.808,20.82
M3|5m|9/21|v1.5,ETHUSD,M3,5,51,-0.11764705882352941,-0.09487534889352504,-0.03216113521814408,0.004361118532942215,-0.24032242440225635,-6.0,-12.256443644515073,0.29411764705882354,15,36,25,26,-1.0762196705632303,1.7616043899345624,1.6710502448757647,167.1050244875765,0.1226753655787269,29.411764705882355,70.58823529411765,0,51.0,0.699,14.54
M3|5m|9/21|v1.5,SOLUSD,M3,5,42,-0.14285714285714285,-0.0928576208784119,-0.031477159619800646,0.0008374752425302221,-0.2663544481128252,-6.0,-11.186886820738659,0.2857142857142857,12,30,22,20,-1.07952393531493,1.8311782137330928,1.461787391136949,146.17873911369492,0.12349730525568231,28.57142857142857,71.42857142857143,0,38.1,0.665,18.82
M3|5m|9/21|v1.5,XRPUSD,M3,5,33,-0.2727272727272727,-0.07647761353152793,-0.02592461475645015,-0.0008630300493842398,-0.37599253106463504,-9.0,-12.407753525132957,0.24242424242424243,8,25,16,17,-1.0709142056074772,2.0449584267404157,1.967936731753658,196.7936731753658,0.10326525833736233,24.242424242424242,75.75757575757575,0,32.0,0.55,11.3
M4|5m|9/21|d0.25,BTCUSD,M4,5,1106,0.08227848101265822,-0.6840092857166359,-0.23186755448021554,-0.00042916603106041566,-0.8340275252152536,91.0,-922.4344428880705,0.33544303797468356,371,735,564,542,-1.3913108960721456,0.30579411192505773,0.21893714092993755,21.893714092993754,0.9163060062279119,36.075949367088604,63.92405063291139,0,978.9,0.323,921.57
M4|5m|9/21|d0.25,ETHUSD,M4,5,1206,0.07711442786069651,-0.37629463884443576,-0.1275575046930291,-3.803469517885774e-05,-0.4267757503719472,93.0,-514.6915549485683,0.35655058043117743,430,776,615,591,-1.2502534907761063,0.4759095560519941,0.36602833020756415,36.602833020756414,0.5038901782326436,35.90381426202322,64.09618573797678,0,1166.5,0.556,514.33
M4|5m|9/21|d0.25,SOLUSD,M4,5,1171,0.02732707087959005,-0.30956929974888775,-0.10493874567758904,0.00010683707228673657,-0.38707413747459996,31.999999999999947,-453.26381498275657,0.34244235695986336,401,770,612,559,-1.2222436691881522,0.5586953812611581,0.43301387672734376,43.30138767273437,0.4144012083541901,34.24423569598633,65.75576430401367,0,1171.0,0.582,451.34
M4|5m|9/21|d0.25,XRPUSD,M4,5,1203,-0.014962593516209476,-0.3412003631797128,-0.11566114006091961,-0.00028160267476294576,-0.47210569943160474,-18.0,-567.9431564162205,0.32751454696591853,394,809,597,606,-1.240893371796944,0.5466798604686134,0.4093109339407689,40.93109339407689,0.45714310591539525,32.834580216126355,67.16541978387365,0,1024.4,0.515,574.12
M4|5m|9/21|d0.5,BTCUSD,M4,5,1472,0.029211956521739132,-0.6259720830145222,-0.2121939264456008,0.00019499680496800866,-0.808759056133416,43.0,-1190.4933306283883,0.3172554347826087,467,1005,755,717,-1.3732768147726775,0.3460653445053366,0.2581604610025313,25.816046100253132,0.8379710126551551,34.307065217391305,65.69293478260869,0,1281.5,0.338,1192.09
M4|5m|9/21|d0.5,ETHUSD,M4,5,1501,0.06928714190539641,-0.33200648191394055,-0.11254457014031882,4.3405875757064125e-05,-0.37522050427310594,104.0,-563.205976913932,0.35376415722851434,531,970,779,722,-1.2175530136986314,0.5570022068058995,0.437738104130876,43.773810413087595,0.44450764617850225,35.64290473017988,64.35709526982012,0,1435.4,0.597,561.65
M4|5m|9/21|d0.5,SOLUSD,M4,5,1564,0.016624040920716093,-0.2836582586953329,-0.09615534193062134,0.00017329822835368417,-0.3630162614768844,25.99999999999997,-567.7574329498473,0.33631713554987214,526,1038,791,773,-1.2012592566335798,0.644524710499116,0.5100193554215066,51.001935542150655,0.37964030239760055,33.887468030690535,66.11253196930946,0,1534.7,0.601,565.84
M4|5m|9/21|d0.5,XRPUSD,M4,5,1540,-0.010389610389610398,-0.31925415628693943,-0.10822174789387777,4.569177247056797e-05,-0.43781982279795695,-16.000000000000014,-674.2425271088537,0.32792207792207795,505,1035,784,756,-1.204151088558632,0.6303316479791241,0.4715514168411282,47.15514168411282,0.4274302124083466,32.98701298701299,67.01298701298701,0,1326.1,0.545,680.63
M5|5m|9/21,BTCUSD,M5,5,1319,-0.026535253980288095,-0.4148979416283827,-0.14064337004351954,0.0004250743835857707,-0.5816514912686046,-35.0,-767.1983169832895,0.3244882486732373,428,891,621,698,-1.3252464327615172,0.4167601382268552,0.32514652525816357,32.51465252581635,0.5551162372883165,32.44882486732373,67.55117513267626,0,1259.1,0.449,771.72
M5|5m|9/21,ETHUSD,M5,5,1390,0.005755395683453253,-0.2293512204047897,-0.0777461764084033,-0.00039986462140797547,-0.3017418657511477,8.000000000000021,-419.4211933940953,0.33525179856115106,466,924,675,715,-1.1935375434523263,0.6782844504052983,0.5644823798090035,56.44823798090035,0.30749726143460104,33.52517985611511,66.4748201438849,0,1319.7,0.652,422.54
M5|5m|9/21,SOLUSD,M5,5,1483,0.09035738368172624,-0.19259713402488435,-0.06528716407623199,-0.00095358461854251,-0.16848049903793258,134.00000000000003,-249.856580073254,0.36345246122724206,539,944,662,821,-1.1640875808344373,0.7816261031236696,0.6618922396911661,66.18922396911661,0.2588378827196588,36.345246122724205,63.654753877275795,0,1408.0,0.79,254.63
M5|5m|9/21,XRPUSD,M5,5,1435,0.0578397212543554,-0.2196320156281589,-0.0744515307214098,-0.0009805442946013675,-0.2372243693898147,83.0,-340.4169700743841,0.3526132404181185,506,929,661,774,-1.1669317826414936,0.742713351824683,0.6082028614624152,60.820286146241514,0.2950640906441701,35.26132404181185,64.73867595818815,0,1435.0,0.716,339.16
M1|5m|12/26,BTCUSD,M1,5,1199,-0.06922435362802336,-0.35850853503276586,-0.12152831696025963,0.0008959542962105267,-0.5483652513248383,-83.0,-657.4899363384811,0.3094245204336947,371,828,630,569,-1.2775344813375638,0.5076714215375253,0.3969726388768876,39.69726388768876,0.47914089769681495,31.02585487906589,68.97414512093411,0,981.3,0.464,660.79
M1|5m|12/26,ETHUSD,M1,5,1202,0.04326123128119801,-0.2063873885391606,-0.06996182662344429,0.0002993789157304842,-0.23278860496567638,52.0,-279.811903168743,0.34775374376039936,418,784,620,582,-1.1596741481882056,0.7897624088053898,0.6351687299094787,63.516872990947874,0.2760498362468744,34.775374376039935,65.22462562396007,0,1135.9,0.719,282.67
M1|5m|12/26,SOLUSD,M1,5,1394,-0.020803443328550924,-0.17435708927247906,-0.05910409805846748,0.00017437144295772967,-0.2540902592165397,-28.999999999999986,-354.20182134785637,0.32639885222381637,455,939,705,689,-1.1514200734630828,0.9066161995867491,0.749175682260093,74.9175682260093,0.23328681588798883,32.639885222381636,67.36011477761836,0,1387.9,0.694,361.63
M1|5m|12/26,XRPUSD,M1,5,1308,-0.07339449541284405,-0.18986155325536463,-0.06435984856114055,0.00023746812857350672,-0.32737842910077575,-96.00000000000003,-428.2109852638147,0.3081039755351682,403,905,682,626,-1.1519702553938156,0.8955068837527398,0.7146949903263209,71.46949903263209,0.25398393368793165,30.886850152905197,69.1131498470948,0,1274.3,0.621,434.52
M2|5m|12/26|s0.00,BTCUSD,M2,5,1173,-0.08695652173913043,-0.3594079711801027,-0.12183321056952631,0.0007477088752936271,-0.5674499946134658,-102.0,-665.6188436815953,0.3034953111679454,356,817,623,550,-1.2755315064169515,0.5078555226143476,0.3969726388768876,39.69726388768876,0.4804934728743354,30.434782608695656,69.56521739130434,0,942.7,0.451,665.66
M2|5m|12/26|s0.00,ETHUSD,M2,5,1181,0.03895004233700254,-0.20733463417538311,-0.07028292683911291,4.442741890437995e-05,-0.2386230912585891,46.0,-281.81387077639374,0.34631668077900085,409,772,601,580,-1.1595201992031878,0.7903594220464797,0.635063263472318,63.5063263472318,0.27757313359559166,34.63166807790009,65.36833192209993,0,1100.8,0.713,284.53
M2|5m|12/26|s0.00,SOLUSD,M2,5,1356,-0.015486725663716798,-0.17443967684580794,-0.059132093846036585,2.7420768677313436e-05,-0.249031075586884,-20.99999999999998,-337.6861384958147,0.3281710914454277,445,911,688,668,-1.1503216678729176,0.908850450726886,0.7485047907439695,74.85047907439694,0.2335443499231672,32.81710914454277,67.18289085545722,0,1356.0,0.699,341.36
M2|5m|12/26|s0.00,XRPUSD,M2,5,1278,-0.07042253521126762,-0.18990515471141453,-0.06437462871573375,0.0004718565151502182,-0.3242304621232658,-90.00000000000003,-414.36653059353364,0.30907668231611896,395,883,670,608,-1.1522392172587135,0.897096303345433,0.7146949903263209,71.46949903263209,0.2538079269119981,30.985915492957744,69.01408450704226,0,1236.2,0.624,420.67
M2|5m|12/26|s0.25,BTCUSD,M2,5,732,-0.06557377049180328,-0.3570542210131391,-0.12103532915699632,-0.00032852055005375396,-0.5439918412119925,-48.0,-398.2020277671785,0.3114754098360656,228,504,376,356,-1.2622580212515127,0.5060701787297482,0.3927167027495941,39.27167027495941,0.4784180707201892,31.147540983606557,68.85245901639344,0,676.5,0.468,399.01
M2|5m|12/26|s0.25,ETHUSD,M2,5,646,0.06346749226006192,-0.2015311020578568,-0.06831562781622263,0.0012005388848787427,-0.20517869872913874,41.0,-132.54543937902363,0.3544891640866873,229,417,307,339,-1.139433432228039,0.8395178448108624,0.6739023891190226,67.39023891190224,0.26864619098920073,35.44891640866873,64.55108359133128,0,642.9,0.748,133.87
M2|5m|12/26|s0.25,SOLUSD,M2,5,771,0.05836575875486385,-0.16657963626997196,-0.0564676733118549,-0.0003737187414314664,-0.16505526956839447,45.00000000000003,-127.25761283723214,0.3527885862516213,272,499,378,393,-1.128508247184223,0.969998896683342,0.7829728025646888,78.29728025646888,0.22342102832325839,35.27885862516213,64.72114137483787,0,763.1,0.791,141.5
M2|5m|12/26|s0.25,XRPUSD,M2,5,747,-0.01606425702811246,-0.18534713115333673,-0.06282953598418195,0.00031385041420918443,-0.26392707375142194,-12.000000000000007,-197.15352409231218,0.32663989290495316,244,503,390,357,-1.1418470212765957,0.9328205214032923,0.7519767629498104,75.19767629498104,0.24786281672330948,32.79785809906292,67.20214190093708,0,747.0,0.685,200.28
M2|5m|12/26|s0.50,BTCUSD,M2,5,56,0.017857142857142856,-0.30385077151118534,-0.10300026152921538,0.0047878409299489414,-0.3842060492533089,1.0,-21.5155387581853,0.3392857142857143,19,37,21,35,-1.1934763729348796,0.7049424791301246,0.43903747957714817,43.90374795771481,0.4020631921104518,33.92857142857143,66.07142857142857,0,56.0,0.583,23.05
M2|5m|12/26|s0.50,ETHUSD,M2,5,38,0.02631578947368421,-0.11902030206960738,-0.0403458651083415,0.0006319898301626051,-0.1324183878741021,1.0,-5.03189873921588,0.34210526315789475,13,25,14,24,-1.0946272741369838,1.4402451102153047,1.103575371973553,110.3575371973553,0.1587341773477863,34.21052631578947,65.78947368421053,0,38.0,0.827,9.99
M2|5m|12/26|s0.50,SOLUSD,M2,5,38,0.18421052631578946,-0.10666843911046077,-0.03615879291880025,-0.0033390182899079098,0.03804427599662054,7.0,1.4456824878715804,0.39473684210526316,15,23,18,20,-1.0650852655169534,1.586008220142119,1.2913345278622133,129.1334527862213,0.14616625031916897,39.473684210526315,60.526315789473685,0,38.0,1.055,9.56
M2|5m|12/26|s0.50,XRPUSD,M2,5,40,0.575,-0.22048435267484395,-0.07474045853384541,-0.001938493982279551,0.27783669480903106,23.0,11.113467792361241,0.5,20,20,20,20,0.18090493922930717,1.4994527615510562,0.9605681209480148,96.05681209480149,0.2971633051909689,52.5,47.5,0,40.0,1.434,6.61
M3|5m|12/26|v1.2,BTCUSD,M3,5,273,-0.07692307692307693,-0.2370062461755847,-0.08034110039850328,-0.0037162718641714824,-0.3979866953613364,-21.0,-108.65036783364484,0.3076923076923077,84,189,147,126,-1.187129324041205,0.7582379199229481,0.6354100964795477,63.54100964795477,0.3210636184382595,30.76923076923077,69.23076923076923,0,255.8,0.57,110.57
M3|5m|12/26|v1.2,ETHUSD,M3,5,218,-0.05045871559633028,-0.12582921295482988,-0.04265397049316267,0.0006675900944783771,-0.21827430894984445,-11.0,-47.58379935106609,0.3165137614678899,69,149,102,116,-1.102462311939883,1.2435879156839464,1.0798458106059758,107.98458106059759,0.16781559335351418,31.65137614678899,68.34862385321101,0,218.0,0.727,49.37
M3|5m|12/26|v1.2,SOLUSD,M3,5,211,0.18009478672985782,-0.12112160330816525,-0.04105817061293737,-0.0006930475098469541,0.017221965298908255,38.0,3.6338346780696416,0.3933649289099526,83,128,100,111,-1.0775804095937225,1.3478168557592176,1.0978763367967121,109.78763367967122,0.1628728214309496,39.33649289099526,60.66350710900474,0,206.2,1.024,27.04
M3|5m|12/26|v1.2,XRPUSD,M3,5,203,0.004926108374384166,-0.1329692280481367,-0.04507431459258871,-0.00031508768675011833,-0.17343252195309136,0.9999999999999858,-35.20680195647755,0.33497536945812806,68,135,105,98,-1.101000499668639,1.2428642980478237,0.9536267353052945,95.36267353052945,0.17835863032747554,33.497536945812804,66.50246305418719,0,193.3,0.78,48.04
M3|5m|12/26|v1.5,BTCUSD,M3,5,77,0.12987012987012986,-0.15643588985734494,-0.05302911520587964,-0.0021467662136406642,-0.08174164140673537,10.0,-6.294106388318624,0.37662337662337664,29,48,38,39,-1.130210465116279,1.0071593028765027,0.8245477487676597,82.45477487676597,0.21161177127686526,37.66233766233766,62.33766233766234,0,77.0,0.892,16.19
M3|5m|12/26|v1.5,ETHUSD,M3,5,49,-0.14285714285714285,-0.09887827451219997,-0.03351805915667796,0.0035584534567359694,-0.27169502306928484,-7.0,-13.313056130394957,0.2857142857142857,14,35,26,23,-1.09947740220662,1.5907357427175441,1.4572905555099724,145.72905555099726,0.12883788021214196,28.57142857142857,71.42857142857143,0,48.0,0.666,16.11
M3|5m|12/26|v1.5,SOLUSD,M3,5,36,-0.3333333333333333,-0.08406711279564419,-0.028497326371404803,0.0006706771241252958,-0.44522709537625693,-12.0,-16.02817543354525,0.2222222222222222,8,28,18,18,-1.070717378907169,2.0178037353893044,1.8285258322875309,182.85258322875308,0.11189376204292367,22.22222222222222,77.77777777777779,0,33.0,0.487,19.0
M3|5m|12/26|v1.5,XRPUSD,M3,5,30,-0.5,-0.07455854685033544,-0.02527408367807981,-0.0027952370898463126,-0.6026278676182615,-15.0,-18.078836028547844,0.16666666666666666,5,25,13,17,-1.0766932163012637,2.0861718757525236,1.7891979901256898,178.91979901256897,0.1026278676182616,16.666666666666664,83.33333333333334,0,29.0,0.347,16.97
M4|5m|12/26|d0.25,BTCUSD,M4,5,809,0.14585908529048208,-0.7485508442273271,-0.2537460488906194,-0.00034697868910824937,-0.8567847865165727,118.0,-693.1388922919074,0.3411619283065513,276,533,409,400,-1.4033756989247312,0.2780772223129153,0.20539651611310938,20.539651611310937,1.0026438718070547,38.19530284301607,61.804697156983934,0,809.0,0.313,690.28
M4|5m|12/26|d0.25,ETHUSD,M4,5,916,0.14956331877729256,-0.40447850689482373,-0.13711135826943177,0.0003787060571757063,-0.3916478403297872,137.0,-358.7494217420851,0.3799126637554585,348,568,451,465,-1.2498475682033656,0.44723995812037964,0.34805048517734,34.805048517734,0.5412111591070797,38.318777292576414,61.68122270742358,0,916.0,0.586,358.39
M4|5m|12/26|d0.25,SOLUSD,M4,5,852,0.0457746478873239,-0.331569913495549,-0.11239658084594882,7.075394811620343e-05,-0.3981210925060577,38.99999999999996,-339.19917081516115,0.34624413145539906,295,557,435,417,-1.2221033188100603,0.543764112082933,0.4224331680872256,42.243316808722554,0.4438957403933816,34.859154929577464,65.14084507042254,0,852.0,0.575,338.3
M4|5m|12/26|d0.25,XRPUSD,M4,5,929,-0.011840688912809472,-0.3765775646899675,-0.127653411759311,-0.0013132004935929563,-0.5173848658556809,-11.0,-480.6505403799275,0.32508073196986004,302,627,466,463,-1.2569068744000031,0.5028824942345896,0.37907992803906554,37.90799280390656,0.5055441769428715,32.93864370290635,67.06135629709364,0,919.3,0.486,479.8
M4|5m|12/26|d0.5,BTCUSD,M4,5,1199,0.11592994161801501,-0.7108559947936657,-0.24096813382836127,-0.00040962674765576495,-0.8363038137516678,139.0,-1002.7282726882497,0.3386155129274395,406,793,618,581,-1.3734211279307142,0.31658666637694705,0.2377887610419471,23.778876104194712,0.9522337553696828,37.1976647206005,62.8023352793995,0,1002.0,0.333,1001.87
M4|5m|12/26|d0.5,ETHUSD,M4,5,1256,0.09394904458598727,-0.3664321748696757,-0.12421429656599177,9.580738926055044e-05,-0.3966016194604197,118.0,-498.13163404228715,0.35987261146496813,452,804,637,619,-1.228651396696808,0.5073317004509689,0.39416776507474793,39.41677650747479,0.49055066404640696,36.46496815286624,63.53503184713376,0,1187.7,0.581,496.46
M4|5m|12/26|d0.5,SOLUSD,M4,5,1210,0.06859504132231403,-0.3126304935628985,-0.1059764384958978,0.00015826444245417497,-0.3498536262940281,82.99999999999999,-423.32288781577404,0.35206611570247937,426,784,627,583,-1.1987524330983468,0.6013390229037346,0.46552627042190187,46.55262704219018,0.41844866761634214,35.6198347107438,64.3801652892562,0,1157.6,0.613,422.2
M4|5m|12/26|d0.5,XRPUSD,M4,5,1262,-0.001584786053882726,-0.3443031666773345,-0.11671293785672356,-0.0007369515104853991,-0.4633378420984262,-2.0,-584.7323567282139,0.329635499207607,416,846,641,621,-1.2276016891457924,0.5725489576053707,0.43133983849947805,43.1339838499478,0.4617530560445435,33.28050713153724,66.71949286846277,0,1158.2,0.527,587.85
M5|5m|12/26,BTCUSD,M5,5,1102,0.018148820326678767,-0.4058164415743641,-0.137564895448937,0.0006953553567889473,-0.5245371613398333,20.0,-578.0399517964963,0.33756805807622503,372,730,525,577,-1.303741607299012,0.42689993887534,0.3429261227900382,34.29261227900382,0.542685981666512,33.938294010889294,66.0617059891107,0,1020.6,0.485,578.08
M5|5m|12/26,ETHUSD,M5,5,1169,-0.001710863986313088,-0.2348440866912616,-0.0796081649800887,-0.0007196582295201186,-0.31688277388718356,-2.0,-370.43596267411755,0.33276304533789564,389,780,593,576,-1.1977789382716049,0.6670980019894285,0.5597639914595779,55.97639914595779,0.3151719099008705,33.27630453378956,66.72369546621043,0,1169.0,0.638,373.43
M5|5m|12/26,SOLUSD,M5,5,1194,0.04522613065326632,-0.1876890993333359,-0.06362342350282575,-0.0007824432495951637,-0.2068688354324905,53.999999999999986,-247.00138950639365,0.34840871021775544,416,778,553,641,-1.1615405894519861,0.8072650139036585,0.6935835597547473,69.35835597547472,0.2520949660857568,34.84087102177554,65.15912897822446,0,1134.0,0.746,252.23
M5|5m|12/26,XRPUSD,M5,5,1232,0.056818181818181816,-0.21420877161484034,-0.07261314292028487,-0.0010112833084378635,-0.2310150160253813,70.0,-284.61049974326977,0.3522727272727273,434,798,588,644,-1.1666321353348639,0.7483142322129661,0.6118061998851976,61.18061998851976,0.2878331978435631,35.22727272727273,64.77272727272727,0,1232.0,0.721,284.81
M1|5m|20/50,BTCUSD,M1,5,720,0.0125,-0.29723391627780604,-0.10075725975518848,-0.0006874253833897917,-0.38617860141638427,9.0,-278.04859301979667,0.33611111111111114,242,478,357,363,-1.199126668146609,0.6289691558593846,0.4836314063818325,48.36314063818325,0.3986786014163843,33.75,66.25,0,688.3,0.582,285.46
M1|5m|20/50,ETHUSD,M1,5,747,0.10441767068273092,-0.24069069647264507,-0.08159006660089663,0.0003425845270930967,-0.2175205078637177,78.0,-162.48781937419713,0.3668005354752343,274,473,383,364,-1.112805056179776,1.0252797930507886,0.8185849877730343,81.85849877730344,0.3219381785464486,36.813922356091034,63.186077643908966,0,747.0,0.748,162.85
M1|5m|20/50,SOLUSD,M1,5,812,0.07512315270935961,-0.1379560482122501,-0.04676476210584749,0.0009855017684782896,-0.1086121558402597,61.0,-88.19307054229087,0.3583743842364532,291,521,407,405,-1.100037764844228,1.2082880331833212,0.9970547480333168,99.70547480333168,0.18373530854961928,35.83743842364532,64.16256157635468,0,787.1,0.857,103.62
M1|5m|20/50,XRPUSD,M1,5,813,-0.003690036900368995,-0.16237973878183112,-0.05504397924807834,-6.422111107399009e-05,-0.22117797604135245,-2.999999999999993,-179.81769452161953,0.33210332103321033,270,543,416,397,-1.1135502817296923,1.0882172064861564,0.8449514152936214,84.49514152936214,0.21748793914098347,33.210332103321036,66.78966789667896,0,800.5,0.728,187.98
M2|5m|20/50|s0.00,BTCUSD,M2,5,708,0.00423728813559322,-0.29549261147119465,-0.10016698693938801,-0.0005583625430980317,-0.39198067281808746,3.0,-277.52231635520593,0.3333333333333333,236,472,349,359,-1.199126668146609,0.6319254674754199,0.4836314063818325,48.36314063818325,0.39621796095368067,33.47457627118644,66.52542372881356,0,667.5,0.577,283.15
M2|5m|20/50|s0.00,ETHUSD,M2,5,742,0.1078167115902965,-0.24209851821903594,-0.08206729431153763,0.00043312204452232987,-0.21591597889575473,80.0,-160.20965634065,0.36792452830188677,273,469,380,362,-1.1129059896283495,1.023340416925349,0.8146727092338366,81.46727092338365,0.32373269048605124,36.92722371967655,63.07277628032345,0,742.0,0.75,160.57
M2|5m|20/50|s0.00,SOLUSD,M2,5,815,0.08588957055214724,-0.13801611042135944,-0.046785122176732016,0.0009360492236919791,-0.09797561282225224,70.0,-79.85012445013558,0.3619631901840491,295,520,410,405,-1.099691564844587,1.2052814147504454,0.9892646956769234,98.92646956769235,0.1838651833743995,36.19631901840491,63.80368098159509,0,813.1,0.871,95.58
M2|5m|20/50|s0.00,XRPUSD,M2,5,802,-0.008728179551122185,-0.16203317963745104,-0.05492650157201729,0.0001348131886125521,-0.22555304757197792,-6.999999999999993,-180.8935441527263,0.33042394014962595,265,537,410,392,-1.1141711859732069,1.0926193798193282,0.8533073340839827,85.33073340839827,0.21682486802085574,33.042394014962596,66.9576059850374,0,790.6,0.723,191.93
M2|5m|20/50|s0.25,BTCUSD,M2,5,373,0.005361930294906166,-0.25906094206582847,-0.08781726849689099,-0.0017174728217904517,-0.3432337530896037,2.0,-128.02618990242217,0.3351206434316354,125,248,180,193,-1.1758366128218072,0.7266323759885233,0.5414365165684324,54.14365165684324,0.3485956833845099,33.51206434316354,66.48793565683646,0,367.6,0.619,127.72
M2|5m|20/50|s0.25,ETHUSD,M2,5,345,0.09565217391304348,-0.13567376587577362,-0.04599110707653344,0.0003136301214726272,-0.08569906891779097,33.0,-29.566178776637884,0.3652173913043478,126,219,167,178,-1.0974868926553674,1.2529018378355825,1.0426110607434247,104.26110607434246,0.18135124283083445,36.52173913043478,63.47826086956522,0,333.7,0.886,41.68
M2|5m|20/50|s0.25,SOLUSD,M2,5,411,0.12408759124087594,-0.11505108814087156,-0.0390003688613124,-0.00011783809668192177,-0.03008170385798991,51.000000000000014,-12.363580285633853,0.3746958637469586,154,257,198,213,-1.0828064506359785,1.3719588841076003,1.1977195141775552,119.77195141775553,0.1541692950988659,37.469586374695865,62.530413625304135,0,381.7,0.958,50.11
M2|5m|20/50|s0.25,XRPUSD,M2,5,390,1.8219044506669236e-17,-0.13062177186838603,-0.04427856673504612,-0.0012049938328581148,-0.1761053324362902,7.105427357601002e-15,-68.68107965015318,0.3333333333333333,130,260,210,180,-1.1006647876648077,1.2934327993123156,1.1112657663899554,111.12657663899554,0.1761053324362902,33.33333333333333,66.66666666666666,0,390.0,0.776,80.26
M2|5m|20/50|s0.50,BTCUSD,M2,5,21,-0.14285714285714285,-0.2548983349722607,-0.08640621524483413,-0.01716683853585854,-0.5013285316100964,-3.0,-10.527899163812023,0.2857142857142857,6,15,7,14,-1.153390020376974,1.0372810280459972,0.6592464410625317,65.92464410625317,0.3584713887529534,28.57142857142857,71.42857142857143,0,21.0,0.466,10.04
M2|5m|20/50|s0.50,ETHUSD,M2,5,7,-0.14285714285714285,-0.06233063338782951,-0.02112902826706085,0.0004682170863716083,-0.22584858742566158,-1.0,-1.5809401119796311,0.2857142857142857,2,5,4,3,-1.05627391112394,2.4127391127387243,2.6104674855912062,261.0467485591206,0.08299144456851874,28.57142857142857,71.42857142857143,0,7.0,0.7,3.12
M2|5m|20/50|s0.50,SOLUSD,M2,5,9,-0.6666666666666666,-0.04774753150680499,-0.016185603900611863,0.003838512159893525,-0.72676128991419,-6.0,-6.54085160922771,0.1111111111111111,1,8,1,8,-1.0493002034428793,2.695212913571193,2.8035725721829903,280.357257218299,0.060094623247523335,11.11111111111111,88.88888888888889,0,9.0,0.23,6.38
M2|5m|20/50|s0.50,XRPUSD,M2,5,3,1.0,-0.07508313366918914,-0.025451909718369203,0.0009733629573115046,0.9004383195697532,3.0,2.7013149587092595,0.6666666666666666,2,1,1,2,1.8585726426974527,1.7223816342707616,2.0011156045181946,200.11156045181949,0.09956168043024684,66.66666666666666,33.33333333333333,0,3.0,3.48,1.09
M3|5m|20/50|v1.2,BTCUSD,M3,5,195,0.015384615384615385,-0.23259444882243482,-0.0788455758720118,0.0003416731405669736,-0.2957137361692642,3.0,-57.66417855300652,0.3333333333333333,65,130,88,107,-1.1610003396226416,0.8101203047101262,0.6041051692180957,60.410516921809574,0.31109835155387966,33.84615384615385,66.15384615384615,0,195.0,0.659,69.34
M3|5m|20/50|v1.2,ETHUSD,M3,5,170,0.0058823529411764705,-0.11435001020737445,-0.03876271532453372,0.0020681924236697078,-0.14516218016706198,1.0,-24.677570628400538,0.3352941176470588,57,113,64,106,-1.0927510164599266,1.520238295022175,1.3132855095960578,131.3285509596058,0.1510445331082385,33.52941176470588,66.47058823529412,0,169.7,0.81,27.9
M3|5m|20/50|v1.2,SOLUSD,M3,5,160,0.2375,-0.0950923026981638,-0.03223467888073349,0.0005365623546934874,0.1107095807757962,38.0,17.713532924127392,0.4125,66,94,78,82,-1.0551829165701296,1.67276856859776,1.4569461661698992,145.69461661698992,0.1267904192242038,41.25,58.75,0,155.7,1.167,14.34
M3|5m|20/50|v1.2,XRPUSD,M3,5,135,5.2632795241488905e-17,-0.1185264477323682,-0.04017845685842989,-0.004328302767721509,-0.1630332073585195,7.105427357601002e-15,-22.009482993400134,0.3333333333333333,45,90,66,69,-1.0886277015437393,1.4902957926042428,1.21658011155992,121.65801115599201,0.1630332073585196,33.33333333333333,66.66666666666666,0,132.1,0.791,33.27
M3|5m|20/50|v1.5,BTCUSD,M3,5,55,0.36363636363636365,-0.15810028829861247,-0.05359331806732627,-0.0011990682770578567,0.15074368899336701,20.0,8.290902894635186,0.45454545454545453,25,30,27,28,-1.0767345967365967,1.1068838305008057,0.8285214756709365,82.85214756709364,0.2128926746429967,45.45454545454545,54.54545454545454,0,55.0,1.232,8.85
M3|5m|20/50|v1.5,ETHUSD,M3,5,37,-0.2702702702702703,-0.09090096081825078,-0.030813885023135857,0.001966858127906998,-0.3900182579837499,-10.0,-14.430675545398746,0.24324324324324326,9,28,17,20,-1.0994868969181728,1.9217503361132826,1.5994363220010601,159.943632200106,0.11974798771347964,24.324324324324326,75.67567567567568,0,37.0,0.547,19.2
M3|5m|20/50|v1.5,SOLUSD,M3,5,34,0.5882352941176471,-0.0622983808685113,-0.021118095209664844,0.0023816380455537085,0.5072004560850246,20.0,17.244815506890838,0.5294117647058824,18,16,17,17,1.8256074297659877,2.413002204961891,2.2493712338603222,224.9371233860322,0.08103483803262243,52.94117647058824,47.05882352941176,0,34.0,2.005,4.31
M3|5m|20/50|v1.5,XRPUSD,M3,5,23,-0.08695652173913043,-0.06318890038744718,-0.02141996623303294,-0.0020191473860701158,-0.17358453574568067,-2.0,-3.9924443221506554,0.30434782608695654,7,16,12,11,-1.0476262814070352,2.425393955885012,1.7800223537690816,178.00223537690815,0.08662801400655024,30.434782608695656,69.56521739130434,0,23.0,0.769,7.53
M4|5m|20/50|d0.25,BTCUSD,M4,5,374,0.0427807486631016,-0.9932496970896963,-0.33669481257277845,-0.0007032576174975414,-1.2878670186168708,16.0,-481.6622649627097,0.28342245989304815,106,268,190,184,-1.511866944151739,0.2595297967732989,0.18442476948130676,18.442476948130675,1.3306477672799724,34.75935828877005,65.24064171122996,0,361.5,0.209,478.04
M4|5m|20/50|d0.25,ETHUSD,M4,5,433,0.053117782909930716,-0.45106705524575813,-0.15290408652398582,-0.0002299190935933101,-0.5510832779534066,23.0,-238.61905935382507,0.3418013856812933,148,285,198,235,-1.2974272222222223,0.4326605071622995,0.33940561255461255,33.940561255461255,0.6042010608633372,35.10392609699769,64.8960739030023,0,382.1,0.475,237.71
M4|5m|20/50|d0.25,SOLUSD,M4,5,365,-0.01369863013698601,-0.37843292741249274,-0.12828234827542126,0.00033545849102932697,-0.5200784473338707,-4.999999999999893,-189.82863327686277,0.32602739726027397,119,246,190,175,-1.224337582292849,0.5519235874271632,0.38505747126436063,38.50574712643606,0.5063798171968845,32.87671232876712,67.12328767123287,0,365.0,0.484,194.97
M4|5m|20/50|d0.25,XRPUSD,M4,5,389,-0.05141388174807196,-0.45158867576557987,-0.15308090703917962,-0.002203408110192213,-0.6582868726630238,-19.999999999999993,-256.07359346591625,0.3059125964010283,119,270,191,198,-1.256490597014928,0.5287545054410391,0.37895065828026886,37.89506582802689,0.6068729909149517,31.619537275064268,68.38046272493573,0,351.2,0.414,258.7
M4|5m|20/50|d0.5,BTCUSD,M4,5,588,0.02040816326530612,-0.9667552255131581,-0.3277136357671722,-0.00019076184034649938,-1.2742514598553707,12.0,-749.259858394958,0.27721088435374147,163,425,301,287,-1.4360521613530866,0.3039258400625054,0.21392017677760922,21.392017677760922,1.2946596231206768,34.01360544217687,65.98639455782312,0,506.8,0.216,747.85
M4|5m|20/50|d0.5,ETHUSD,M4,5,655,0.07633587786259542,-0.4035239771214565,-0.136787788854731,0.0005942945534755452,-0.46338159356011654,50.0,-303.51494378187635,0.3511450381679389,230,425,321,334,-1.229348904109589,0.49215775366931674,0.3653286441911285,36.53286441911285,0.539717471422712,35.87786259541985,64.12213740458014,0,553.5,0.527,301.72
M4|5m|20/50|d0.5,SOLUSD,M4,5,586,0.06484641638225275,-0.36169869946517785,-0.12260972863226366,0.0004077323313765487,-0.41905427938381223,38.000000000000114,-245.56580771891396,0.34812286689419797,204,382,292,294,-1.1824913986205252,0.6297105478016225,0.4404617299476039,44.04617299476039,0.483900695766065,35.49488054607509,64.50511945392492,0,575.3,0.557,246.24
M4|5m|20/50|d0.5,XRPUSD,M4,5,637,0.012558869701726856,-0.44609728022835565,-0.15121941702656122,-0.0012180508818926549,-0.5859758784350826,8.000000000000007,-373.2666345631476,0.3281004709576138,209,428,324,313,-1.2407099999999995,0.5563810760358654,0.39956855702098826,39.95685570209883,0.5985347481368094,33.75196232339089,66.2480376766091,0,637.0,0.463,378.75
M5|5m|20/50,BTCUSD,M5,5,674,-0.04747774480712166,-0.3534211774253262,-0.11980378895773773,0.000284378033092223,-0.5204183331570933,-32.0,-350.7619565478809,0.31602373887240354,213,461,335,339,-1.2757590113721777,0.5143512514751114,0.4059843214261056,40.598432142610555,0.47294058834997166,31.750741839762615,68.24925816023739,0,636.4,0.485,358.86
M5|5m|20/50,ETHUSD,M5,5,677,0.03692762186115214,-0.21001354515449228,-0.0711910322557601,-0.001031588168844406,-0.24530854371794467,25.0,-166.07388409704853,0.345642540620384,234,443,349,328,-1.1507526086956525,0.8109232591391364,0.643880129979543,64.3880129979543,0.28223616557909675,34.5642540620384,65.4357459379616,0,649.3,0.707,171.42
M5|5m|20/50,SOLUSD,M5,5,699,0.0944206008583691,-0.1597251865094356,-0.05414413102014766,-0.0008752304345704482,-0.12032394710578462,66.0,-84.10643902694345,0.3648068669527897,255,444,328,371,-1.1140515660685155,1.0070839620679863,0.8226435188661941,82.26435188661941,0.2147445479641537,36.48068669527897,63.519313304721024,0,686.2,0.844,96.15
M5|5m|20/50,XRPUSD,M5,5,708,0.06355932203389832,-0.1898245030845585,-0.06434728918120627,-0.0023344557333626714,-0.19294692596522908,45.00000000000001,-136.6064235833822,0.3545197740112994,251,457,325,383,-1.1329908194356717,0.879693919065551,0.7231517688660514,72.31517688660514,0.2565062479991274,35.451977401129945,64.54802259887006,0,708.0,0.761,137.8
M1|5m|50/200,BTCUSD,M1,5,285,0.10526315789473684,-0.34040721139683644,-0.11539227504977508,-0.0002925443132046439,-0.35082887286507936,30.0,-99.98622876654761,0.3508771929824561,100,185,144,141,-1.1486843788546255,0.8863331587553973,0.6170680671720974,61.70680671720974,0.4560920307598162,36.84210526315789,63.1578947368421,0,255.5,0.625,108.32
M1|5m|50/200,ETHUSD,M1,5,335,0.10149253731343279,-0.1633325553080137,-0.0553669679010216,-0.000430517268954369,-0.1176375031645568,33.999999999999986,-39.40856356012653,0.3641791044776119,122,213,167,168,-1.0831046927751518,1.3390937439269377,1.0200846651623336,102.00846651623337,0.21913004047798962,36.71641791044776,63.28358208955224,0,323.4,0.848,46.4
M1|5m|50/200,SOLUSD,M1,5,345,0.08695652173913043,-0.28586291727291074,-0.09690268382132569,-0.0011075785869060495,-0.2969166579420121,30.0,-102.43624698999417,0.35942028985507246,124,221,171,174,-1.0690779530391974,1.5055801030471896,1.2868269556383256,128.68269556383257,0.38387317968114254,36.231884057971016,63.76811594202898,0,345.0,0.686,84.36
M1|5m|50/200,XRPUSD,M1,5,331,0.03323262839879153,-0.22991264249975799,-0.07793648898296882,-0.0016037915388315532,-0.27622029462276687,10.999999999999995,-91.42891752013583,0.33534743202416917,111,220,159,172,-1.0760823003194886,1.4331319853790154,1.106972167556925,110.69721675569251,0.3094529230215584,34.44108761329305,65.55891238670695,0,331.0,0.686,99.59
M2|5m|50/200|s0.00,BTCUSD,M2,5,283,0.11307420494699646,-0.34149933721106185,-0.11576248719019046,-0.00015711437828148177,-0.3443447338325373,32.0,-97.44955967460805,0.35335689045936397,100,183,141,142,-1.143997074829932,0.8899055524231302,0.617353290834714,61.735329083471406,0.45741893877953377,37.102473498233216,62.89752650176679,0,256.4,0.63,105.78
M2|5m|50/200|s0.00,ETHUSD,M2,5,330,0.09090909090909087,-0.16365959100233007,-0.05547782745841697,-0.00023014709603321802,-0.1284584746476894,29.99999999999999,-42.3912966337375,0.3606060606060606,119,211,167,163,-1.0840222718852697,1.3444907848641063,1.0220899985419942,102.20899985419942,0.21936756555678025,36.36363636363637,63.63636363636363,0,313.9,0.835,50.41
M2|5m|50/200|s0.00,SOLUSD,M2,5,340,0.08529411764705883,-0.28754015575718084,-0.0974712392397223,-0.0011332676640852196,-0.3008505450139295,29.0,-102.28918530473604,0.3588235294117647,122,218,167,173,-1.0684651864068493,1.5113932374988406,1.2876202469359574,128.76202469359575,0.38614466266098835,36.17647058823529,63.8235294117647,0,340.0,0.683,85.89
M2|5m|50/200|s0.00,XRPUSD,M2,5,332,0.01204819277108432,-0.22988960570634392,-0.07792867990045559,-0.001411879362027972,-0.29718197219774317,3.9999999999999947,-98.66441476965073,0.32831325301204817,109,223,162,170,-1.0769753505492314,1.4296645888056143,1.105721374160477,110.57213741604771,0.3092301649688275,33.734939759036145,66.26506024096386,0,332.0,0.666,105.06
M2|5m|50/200|s0.25,BTCUSD,M2,5,7,0.2857142857142857,-0.10542000383376941,-0.03573559451992185,-0.005351552223034662,0.13920713513755975,2.0,0.9744499459629183,0.42857142857142855,3,4,4,3,-1.0789839371534196,1.528425561952151,1.8274261603375526,182.74261603375527,0.14650715057672592,42.857142857142854,57.14285714285714,0,7.0,1.213,2.19
M2|5m|50/200|s0.25,ETHUSD,M2,5,2,0.5,-0.052251872359218035,-0.017712499104819673,0.0009753179068216736,0.4310109464427839,1.0,0.8620218928855679,0.5,1,1,1,1,0.4310109464427839,2.3000802332018275,2.3000802332018275,230.00802332018276,0.06898905355721603,50.0,50.0,0,2.0,1.809,0.0
M2|5m|50/200|s0.25,SOLUSD,M2,5,1,-1.0,-0.06473508487363303,-0.021944096567333232,0.003481675614409681,-1.0831975058265566,-1.0,-1.0831975058265566,0.0,0,1,0,1,-1.0831975058265566,1.8395797625408419,1.8395797625408419,183.95797625408417,0.08319750582655658,0.0,100.0,0,1.0,0.0,0.0
M2|5m|50/200|s0.25,XRPUSD,M2,5,2,0.5,-0.04631018578114097,-0.01569836806140372,-0.016291499514665627,0.42169994664278976,1.0,0.8433998932855795,0.5,1,1,2,0,0.42169994664278976,2.9166524272158427,2.9166524272158427,291.66524272158426,0.07830005335721031,50.0,50.0,0,2.0,1.809,1.04
M3|5m|50/200|v1.2,BTCUSD,M3,5,75,0.24,-0.1748546824100459,-0.059272773698320645,-0.0032615775061571634,0.0026109663854762774,18.0,0.1958224789107208,0.41333333333333333,31,44,34,41,-1.0847713222516056,1.1791642985812496,0.8399646330680812,83.99646330680812,0.23738903361452374,41.333333333333336,58.666666666666664,0,75.0,1.004,9.42
M3|5m|50/200|v1.2,ETHUSD,M3,5,75,0.04,-0.09645463613562467,-0.03269648682563548,0.001240530506935491,-0.08791059245432468,3.0,-6.593294434074351,0.3466666666666667,26,49,25,50,-1.0760223076923077,1.6517259563340394,1.5592898283949799,155.928982839498,0.12791059245432468,34.66666666666667,65.33333333333333,0,71.1,0.881,10.26
M3|5m|50/200|v1.2,SOLUSD,M3,5,54,0.0,-0.08366474662742335,-0.02836093106014351,-0.000438923624358193,-0.11246460131192502,0.0,-6.073088470843952,0.3333333333333333,18,36,26,28,-1.0665186024090647,2.0102636754016574,1.7139602728890861,171.3960272889086,0.11246460131192505,33.33333333333333,66.66666666666666,0,49.7,0.847,12.14
M3|5m|50/200|v1.2,XRPUSD,M3,5,54,0.16666666666666666,-0.21540128757184862,-0.07301738561757581,-8.77096356689461e-05,-0.1218397161584268,9.0,-6.579344672555047,0.37037037037037035,20,34,26,28,-1.0635563717615335,1.81516832148426,1.7934486167884929,179.34486167884927,0.28850638282509344,38.88888888888889,61.111111111111114,0,54.0,0.852,13.96
M3|5m|50/200|v1.5,BTCUSD,M3,5,21,0.8571428571428571,-0.1325140139765735,-0.044920004737821526,-0.015050879250157774,0.6646579591783044,18.0,13.957817142744393,0.6190476190476191,13,8,11,10,1.6335344786755004,1.4269566082684824,1.0720405237312607,107.20405237312606,0.19248489796455276,61.904761904761905,38.095238095238095,0,21.0,2.551,3.29
M3|5m|50/200|v1.5,ETHUSD,M3,5,20,-0.1,-0.08940447049263986,-0.030306600166996562,0.005565555586560725,-0.21414551507307572,-2.0,-4.282910301461515,0.3,6,14,10,10,-1.058520531802313,1.9497250207543189,1.8114360316421714,181.14360316421715,0.11414551507307569,30.0,70.0,0,20.0,0.721,7.63
M3|5m|50/200|v1.5,SOLUSD,M3,5,13,0.15384615384615385,-0.040376835040066734,-0.01368706272544635,0.00028307910840101206,0.10006533518904173,2.0,1.3008493574575426,0.38461538461538464,5,8,7,6,-1.0373262982912752,3.2885483728350304,3.326732187636043,332.6732187636043,0.053780818657112074,38.46153846153847,61.53846153846154,0,13.0,1.154,3.18
M3|5m|50/200|v1.5,XRPUSD,M3,5,18,0.5,-0.050787183531008404,-0.017215994417290985,-0.0027755779464740484,0.4292212441052266,9.0,7.725982393894079,0.5,9,9,8,10,0.43728181776954966,2.5654386801117326,2.450671608738241,245.06716087382412,0.07077875589477343,50.0,50.0,0,18.0,1.8,3.22
M4|5m|50/200|d0.25,BTCUSD,M4,5,54,0.2777777777777778,-1.6412300050592095,-0.556349154257359,-0.0049909202384207174,-1.9247923017772106,15.0,-103.93878429596937,0.2777777777777778,15,39,35,19,-1.689751316940427,0.18930448442719555,0.10139609624434434,10.139609624434435,2.2025700795549885,42.592592592592595,57.407407407407405,0,52.9,0.138,102.74
M4|5m|50/200|d0.25,ETHUSD,M4,5,54,-0.05555555555555555,-0.6129186748683226,-0.20776904232824495,-0.0018094639029181763,-0.8780527366550415,-3.0,-47.41484777937224,0.2777777777777778,15,39,24,30,-1.412835426332279,0.367509333491532,0.25395808870084313,25.395808870084316,0.8224971810994859,31.48148148148148,68.51851851851852,0,49.9,0.296,49.66
M4|5m|50/200|d0.25,SOLUSD,M4,5,38,0.10526315789473684,-0.577659735803069,-0.1958168595942607,-0.0020082486755930336,-0.6702216861781859,4.0,-25.468424074771065,0.34210526315789475,13,25,19,19,-1.3703696746691663,0.3167343598407733,0.26885820730502846,26.885820730502846,0.7754848440729227,36.84210526315789,63.1578947368421,0,38.0,0.398,26.35
M4|5m|50/200|d0.25,XRPUSD,M4,5,72,-0.16666666666666666,-0.883298812240125,-0.2994233261830932,0.002353984947444973,-1.3470348201424396,-12.0,-96.98650705025565,0.2222222222222222,16,56,35,37,-1.5086485321969731,0.30796458978456054,0.20797904763343236,20.797904763343237,1.180368153475773,27.77777777777778,72.22222222222221,0,63.1,0.154,98.45
M4|5m|50/200|d0.5,BTCUSD,M4,5,94,0.18085106382978725,-1.4102671510747156,-0.4780566613812596,-0.0035057424095502675,-1.7109784910357384,17.0,-160.8319781573594,0.2765957446808511,26,68,52,42,-1.7282221792657317,0.2128375204746592,0.1092314629454008,10.92314629454008,1.891829554865526,39.361702127659576,60.63829787234043,0,84.7,0.159,159.82
M4|5m|50/200|d0.5,ETHUSD,M4,5,91,0.12087912087912088,-0.7236920206649096,-0.24531932903895243,-0.0018177725743768745,-0.8499500013991181,11.0,-77.34545012731975,0.32967032967032966,30,61,42,49,-1.3941385067873238,0.41371579326674723,0.25580612588353785,25.580612588353784,0.9708291222782388,37.362637362637365,62.637362637362635,0,82.2,0.354,79.97
M4|5m|50/200|d0.5,SOLUSD,M4,5,78,0.0,-0.5216377970333317,-0.17682637187570566,-0.0020544379926369324,-0.7005186069016742,0.0,-54.64045133833059,0.32051282051282054,25,53,38,40,-1.3705763921901506,0.408590693279781,0.2856337144594969,28.56337144594969,0.7005186069016742,33.33333333333333,66.66666666666666,0,78.0,0.395,52.48
M4|5m|50/200|d0.5,XRPUSD,M4,5,110,0.03636363636363636,-0.7583617471372147,-0.2570717786905812,0.0009195597951055448,-0.9781503296690538,4.0,-107.59653626359592,0.2909090909090909,32,78,59,51,-1.3531676707620957,0.42347465561478753,0.22040082181179582,22.04008218117958,1.0145139660326903,34.54545454545455,65.45454545454545,0,92.6,0.273,108.25
M5|5m|50/200,BTCUSD,M5,5,193,0.04145077720207254,-0.3785742751225452,-0.12833026275340517,-0.004577240655714348,-0.4700310013295923,8.0,-90.71598325661131,0.32642487046632124,63,130,93,100,-1.1881296108568802,0.6945930510829784,0.49780727746829445,49.78072774682945,0.5114817785316648,34.715025906735754,65.28497409326425,0,185.0,0.529,93.79
M5|5m|50/200,ETHUSD,M5,5,209,0.09090909090909091,-0.18452006889806322,-0.06254917589764854,-0.0016248324375070901,-0.1577849863241279,19.0,-32.977062141742735,0.36363636363636365,76,133,95,114,-1.0868669553367085,1.172279597129414,0.9299454378907924,92.99454378907924,0.24869407723321882,36.36363636363637,63.63636363636363,0,199.1,0.8,38.77
M5|5m|50/200,SOLUSD,M5,5,180,0.23333333333333334,-0.17090122391941368,-0.05793261827776735,-0.0006607800202054226,0.0038387111159468666,42.0,0.690968000870436,0.4111111111111111,74,106,71,109,-1.0610912196702973,1.452346370305803,1.281229729406905,128.12297294069052,0.22949462221738642,41.11111111111111,58.88888888888889,0,175.4,1.005,24.43
M5|5m|50/200,XRPUSD,M5,5,206,-0.0970873786407767,-0.1653051445512807,-0.056035642220773126,-0.005037673114938119,-0.3234658385277686,-20.0,-66.63396273672033,0.30097087378640774,62,144,92,114,-1.1133990194805186,1.2061141546224956,1.0263618171761224,102.63618171761223,0.22637845988699198,30.097087378640776,69.90291262135922,0,203.0,0.623,69.69
M1|15m|5/20,BTCUSD,M1,15,447,0.040268456375838924,-0.1634036790413954,-0.055391077641150976,-0.0009479993262226604,-0.1794742996329301,18.0,-80.22501193591975,0.34675615212527966,155,292,223,224,-1.1439177480934506,0.9405003359383062,0.7732217542131535,77.32217542131535,0.21974275600876902,34.675615212527966,65.32438478747203,0,423.4,0.775,94.76
M1|15m|5/20,ETHUSD,M1,15,442,0.07239819004524888,-0.09573186023579323,-0.0324514780460316,0.0013940237824248234,-0.054391124454151125,32.0,-24.040877008734796,0.3574660633484163,158,284,217,225,-1.0878157609251446,1.5156456531483182,1.335746618242989,133.5746618242989,0.1267893144994,35.74660633484163,64.25339366515837,0,442.0,0.925,53.84
M1|15m|5/20,SOLUSD,M1,15,570,0.04736842105263158,-0.08664625612356877,-0.029371612245277554,0.0003755058233351365,-0.06827394149287962,27.0,-38.91614665094138,0.34912280701754383,199,371,295,275,-1.0790900630745375,1.6370434255363955,1.411560496536531,141.1560496536531,0.1156423625455112,34.91228070175438,65.08771929824562,0,492.3,0.906,79.71
M1|15m|5/20,XRPUSD,M1,15,507,-0.017751479289940815,-0.09701736449801286,-0.03288724220271623,-0.0002609483281656963,-0.1479170343188356,-8.999999999999993,-74.99393639964966,0.32741617357001973,166,341,269,238,-1.0869097064220183,1.5461197829358337,1.303426676492252,130.34266764922518,0.13016555502889482,32.74161735700197,67.25838264299803,0,498.8,0.806,97.17
M2|15m|5/20|s0.00,BTCUSD,M2,15,447,-0.0738255033557047,-0.18059544344653736,-0.06121879438865674,-0.0018258295242798487,-0.3174655707151786,-33.0,-141.90711010968485,0.3087248322147651,138,309,223,224,-1.1686997537396748,0.8653186269894518,0.7042235779253567,70.42235779253566,0.24364006735947397,30.87248322147651,69.12751677852349,0,425.2,0.631,143.11
M2|15m|5/20|s0.00,ETHUSD,M2,15,410,0.08292682926829269,-0.10170388930710576,-0.03447589468037484,-0.00035824877165468,-0.05361120349084261,34.0,-21.98059343124547,0.36097560975609755,148,262,202,208,-1.093760196194952,1.418340258863875,1.27466280570882,127.46628057088202,0.13653803275913529,36.09756097560975,63.90243902439025,0,391.9,0.926,34.24
M2|15m|5/20|s0.00,SOLUSD,M2,15,466,0.004291845493562232,-0.08960037460513046,-0.03037300834072219,0.0006219042706338703,-0.11505963318165655,2.0,-53.61778906265195,0.33476394849785407,156,310,228,238,-1.084864327502307,1.585148900537088,1.3786338009078685,137.86338009078685,0.11935147867521878,33.47639484978541,66.52360515021459,0,466.0,0.845,61.68
M2|15m|5/20|s0.00,XRPUSD,M2,15,444,-0.12837837837837837,-0.09972114459126388,-0.03380377782754707,0.0017435039367156631,-0.2601597968604737,-57.0,-115.51094980605032,0.2905405405405405,129,315,222,222,-1.0993330860324058,1.468870741053683,1.29451423965041,129.451423965041,0.1317814184820953,29.054054054054053,70.94594594594594,0,433.5,0.677,119.08
M2|15m|5/20|s0.25,BTCUSD,M2,15,9,0.3333333333333333,-0.06658743570094583,-0.02257201210201554,0.01579507917553452,0.2599689647059065,3.0,2.3397206823531587,0.4444444444444444,4,5,6,3,-1.0685646758626837,2.0788762587778966,1.7156674310683633,171.56674310683633,0.07336436862742686,44.44444444444444,55.55555555555556,0,9.0,1.42,2.22
M2|15m|5/20|s0.25,ETHUSD,M2,15,10,0.2,-0.05439772518960558,-0.018439906843934095,0.008200982770322992,0.13536335073678327,2.0,1.3536335073678327,0.4,4,6,5,5,-1.0391093389262234,2.4518575800417266,2.251561263897073,225.15612638970728,0.0646366492632167,40.0,60.0,0,10.0,1.211,3.33
M2|15m|5/20|s0.25,SOLUSD,M2,15,6,1.0,-0.062262564472536364,-0.021105954058486906,0.005744159506172326,0.922375640975149,6.0,5.534253845850894,0.6666666666666666,4,2,3,3,1.908917655222358,2.389989102567794,2.13557815594972,213.557815594972,0.07762435902485096,66.66666666666666,33.33333333333333,0,6.0,3.465,1.14
M3|15m|5/20|v1.2,BTCUSD,M3,15,173,-0.011560693641618497,-0.13327443965157218,-0.045177776153075326,-0.004485669537522154,-0.19449857898378814,-2.0,-33.64825416419535,0.32947976878612717,57,116,87,86,-1.1200531760497998,1.1450337791168705,0.9264184819105573,92.64184819105573,0.18293788534216965,32.947976878612714,67.05202312138728,0,164.5,0.754,40.79
M3|15m|5/20|v1.2,ETHUSD,M3,15,125,0.128,-0.0789290455807935,-0.02675560867145542,0.00013693985755654963,0.022452285605307664,16.0,2.806535700663458,0.376,47,78,55,70,-1.0590038676244435,1.8351872374037772,1.6343329612347353,163.43329612347353,0.10554771439469236,37.6,62.4,0,125.0,1.033,16.09
M3|15m|5/20|v1.2,SOLUSD,M3,15,126,0.09523809523809526,-0.06954156227676726,-0.023573410941277045,0.00021610871172434112,0.0023392307317752735,12.000000000000004,0.29474307220368445,0.36507936507936506,46,80,70,56,-1.0561904898598469,2.0272667033436376,1.7752561472042943,177.52561472042942,0.09289886450631998,36.507936507936506,63.49206349206349,0,126.0,1.003,20.31
M3|15m|5/20|v1.2,XRPUSD,M3,15,105,0.2,-0.07201124545007337,-0.02441059167799097,-0.008226159250556404,0.09535200362137924,21.0,10.01196038024482,0.4,42,63,58,47,-1.0579424742154697,2.0024156773853994,1.7708082026537868,177.0808202653787,0.10464799637862074,40.0,60.0,0,104.1,1.143,11.07
M3|15m|5/20|v1.5,BTCUSD,M3,15,44,0.29545454545454547,-0.10214975281796902,-0.03462703485354882,-0.004876039107741857,0.15380171867528583,13.0,6.767275621712576,0.4318181818181818,19,25,20,24,-1.0704318603306693,1.5067387012242424,1.4136046198107894,141.36046198107894,0.1416528267792597,43.18181818181818,56.81818181818182,0,43.0,1.239,5.28
M3|15m|5/20|v1.5,ETHUSD,M3,15,25,0.44,-0.04935285289263934,-0.016729780641572663,0.005086856854050621,0.3790042233198385,11.0,9.475105582995964,0.48,12,13,8,17,-1.003654192212096,2.748313953721778,2.6936351541561385,269.36351541561385,0.06099577668016139,48.0,52.0,0,25.0,1.688,3.25
M3|15m|5/20|v1.5,SOLUSD,M3,15,18,0.3333333333333333,-0.04698202398143936,-0.015926109824216734,0.000838796573685571,0.27126399610136276,6.0,4.88275192982453,0.4444444444444444,8,10,10,8,-0.9926573792763318,2.8574342138774806,2.4471133631827042,244.7113363182704,0.06206933723197053,44.44444444444444,55.55555555555556,0,18.0,1.461,4.25
M3|15m|5/20|v1.5,XRPUSD,M3,15,17,0.4117647058823529,-0.051847028789773035,-0.017575263996533225,-0.029222594570368438,0.3131198185256783,7.0,5.32303691493653,0.47058823529411764,8,9,5,12,-1.053080229178142,2.555335306871774,2.4614254224834564,246.14254224834562,0.09864488735667469,47.05882352941176,52.94117647058824,0,17.0,1.519,3.44
M4|15m|5/20|d0.25,BTCUSD,M4,15,451,0.09090909090909091,-0.25312378701035404,-0.08580467356283188,-0.00013557064694931333,-0.24815494031104432,41.0,-111.91787808028099,0.36363636363636365,164,287,238,213,-1.16822445026178,0.7280392536056173,0.5527062206162334,55.27062206162335,0.33906403122013523,36.36363636363637,63.63636363636363,0,444.8,0.711,115.8
M4|15m|5/20|d0.25,ETHUSD,M4,15,475,0.035789473684210524,-0.13539021793782371,-0.04589498913146567,5.350389997115965e-05,-0.14544222948510774,17.0,-69.08505900542617,0.3452631578947368,164,311,226,249,-1.1070109889173059,1.204066250637541,0.9873543885877972,98.73543885877972,0.18123170316931822,34.526315789473685,65.47368421052632,0,475.0,0.813,70.74
M4|15m|5/20|d0.25,SOLUSD,M4,15,548,0.02919708029197081,-0.13172203169179802,-0.044651536166711185,0.00022104710157902916,-0.14695544046495937,16.000000000000004,-80.53158137479774,0.34306569343065696,188,360,280,268,-1.1025531494671665,1.2338378370760814,1.014626813053272,101.4626813053272,0.17615252075693016,34.306569343065696,65.69343065693431,0,511.4,0.81,84.95
M4|15m|5/20|d0.25,XRPUSD,M4,15,576,-0.015625,-0.14145536650256088,-0.047950971695783356,3.646662608329029e-05,-0.20499487157226096,-9.0,-118.07704602562231,0.328125,189,387,292,284,-1.1048005195627395,1.1946965124015303,0.9697074706419614,96.97074706419613,0.18936987157226096,32.8125,67.1875,0,570.5,0.743,134.05
M4|15m|5/20|d0.5,BTCUSD,M4,15,431,0.07192575406032482,-0.2084970452386245,-0.07067696448766932,0.00031717452450340694,-0.2069310811414656,31.0,-89.18729597197168,0.35730858468677495,154,277,230,201,-1.1306720407520385,0.9152787810916505,0.7261084588776765,72.61084588776764,0.2788568352017904,35.730858468677496,64.2691415313225,0,431.0,0.75,101.28
M4|15m|5/20|d0.5,ETHUSD,M4,15,496,0.06451612903225806,-0.12402427270245449,-0.042042126339815085,0.0013800674331454512,-0.10017020257686608,32.0,-49.684420478125574,0.3548387096774194,176,320,247,249,-1.0850020690003634,1.3816292064186388,1.159774777298042,115.9774777298042,0.1646863316091241,35.483870967741936,64.51612903225806,0,496.0,0.866,60.48
M4|15m|5/20|d0.5,SOLUSD,M4,15,564,0.08510638297872339,-0.11564961130964502,-0.03920325807106611,0.0006124701903552931,-0.06913401621163244,47.99999999999999,-38.991585143360695,0.3617021276595745,204,360,280,284,-1.0810333962400787,1.4686656427906808,1.237170991772495,123.7170991772495,0.15424039919035581,36.17021276595745,63.829787234042556,0,501.1,0.907,64.87
M4|15m|5/20|d0.5,XRPUSD,M4,15,619,-0.030694668820678502,-0.1277673158028837,-0.0433109545094521,6.552456937097523e-05,-0.20170741456364333,-18.999999999999993,-124.85688961489522,0.32310177705977383,200,419,320,299,-1.0947481739923082,1.3536069590040751,1.1237446356678258,112.37446356678258,0.1710127457429648,32.31017770597738,67.68982229402262,0,619.0,0.746,135.2
M5|15m|5/20,BTCUSD,M5,15,418,0.03349282296650718,-0.18826924069743126,-0.06382008159234957,-0.0024625865814713083,-0.22105908590474496,14.0,-92.4026979081834,0.3444976076555024,144,274,193,225,-1.1575389043839874,0.8546843741847764,0.6838864149508836,68.38864149508836,0.2545519088712522,34.44976076555024,65.55023923444976,0,382.1,0.73,91.29
M5|15m|5/20,ETHUSD,M5,15,457,0.024070021881838054,-0.10567786651520229,-0.03582300559837366,-0.0007607887877794926,-0.11819163901951743,10.999999999999991,-54.01357903191946,0.3413566739606127,156,301,214,243,-1.0995574543707969,1.3636106198810247,1.210259641385102,121.02596413851018,0.14226166090135547,34.13566739606127,65.86433260393873,0,435.5,0.843,60.6
M5|15m|5/20,SOLUSD,M5,15,519,0.10982658959537571,-0.09382900462574752,-0.03180644224601611,-0.0020530960545871078,-0.01786195333097503,56.99999999999999,-9.27035377877604,0.3699421965317919,192,327,229,290,-1.0825342105263156,1.523087982153662,1.3119125423946076,131.19125423946076,0.12768854292635073,36.99421965317919,63.005780346820806,0,495.1,0.975,32.75
M5|15m|5/20,XRPUSD,M5,15,480,0.03125,-0.10569694281877026,-0.03582947214195602,-0.002752932691087951,-0.11302934765181426,15.0,-54.25408687287084,0.34375,165,315,213,267,-1.0900957867895738,1.4115915371327639,1.2155181316925616,121.55181316925615,0.14427934765181422,34.375,65.625,0,462.8,0.849,58.07
M1|15m|9/21,BTCUSD,M1,15,425,0.06588235294117648,-0.18077541475405648,-0.06127980161154457,-0.000661668248288273,-0.17683453167271282,28.0,-75.15467596090295,0.3552941176470588,151,274,210,215,-1.1477035095588652,0.8826844347443975,0.7118570157398186,71.18570157398186,0.2427168846138893,35.529411764705884,64.47058823529412,0,415.7,0.78,96.18
M1|15m|9/21,ETHUSD,M1,15,414,0.0579710144927536,-0.1017691538674113,-0.03449801826013942,-0.0003739488228077304,-0.0786701064576048,23.999999999999993,-32.56942407344839,0.3526570048309179,146,268,221,193,-1.089252240838249,1.4724765334558612,1.257224126717749,125.72241267177492,0.13664112095035846,35.26570048309179,64.73429951690821,0,414.0,0.893,43.25
M1|15m|9/21,SOLUSD,M1,15,547,-0.0182815356489945,-0.08915628465988427,-0.030222469376231957,0.0008605412010296252,-0.1367997484840811,-9.999999999999991,-74.82946242079237,0.3272394881170018,179,368,268,279,-1.0837903033060359,1.6193578414075795,1.411053488565751,141.1053488565751,0.11851821283508662,32.72394881170018,67.27605118829982,0,498.9,0.818,99.11
M1|15m|9/21,XRPUSD,M1,15,505,0.10495049504950495,-0.10199715051316398,-0.03457530525869965,8.370080803933283e-05,-0.031538259914319376,53.0,-15.926821256731284,0.3683168316831683,186,319,256,249,-1.0811170707972109,1.4966274657587824,1.2259575261759592,122.59575261759592,0.13648875496382432,36.83168316831683,63.16831683168317,0,480.0,0.956,42.25
M2|15m|9/21|s0.00,BTCUSD,M2,15,404,0.12871287128712872,-0.18052805518942888,-0.06119595091167079,-0.001188510783896964,-0.11419964559786792,52.0,-46.136656821538644,0.37623762376237624,152,252,192,212,-1.1441920256079574,0.8843203308089277,0.7014106540969153,70.14106540969152,0.24291251688499663,37.62376237623762,62.37623762376238,0,404.0,0.853,77.27
M2|15m|9/21|s0.00,ETHUSD,M2,15,422,0.07345971563981041,-0.10295636912676158,-0.03490046411076664,-0.0006631858450972546,-0.06506030344281503,30.999999999999993,-27.455448052867947,0.3578199052132701,151,271,224,198,-1.0920324913807673,1.4439601389956103,1.2412281740149786,124.12281740149785,0.13852001908262548,35.78199052132701,64.21800947867298,0,422.0,0.911,39.5
M2|15m|9/21|s0.00,SOLUSD,M2,15,513,0.005847953216374255,-0.08974629152454212,-0.030422471703234616,0.0010106177699575705,-0.11331019224144491,2.999999999999993,-58.128128619861236,0.33528265107212474,172,341,246,267,-1.0824692159303049,1.5989435217126973,1.4059050749599034,140.59050749599035,0.11915814545781916,33.528265107212476,66.47173489278752,0,476.8,0.848,81.36
M2|15m|9/21|s0.00,XRPUSD,M2,15,507,0.07100591715976332,-0.10368022037617904,-0.035145837415653906,0.0010969615487711683,-0.06672317908329847,36.0,-33.828651795232325,0.35700197238658776,181,326,262,245,-1.0813334167700634,1.4789059648719272,1.214777028291391,121.47770282913909,0.13772909624306173,35.700197238658774,64.29980276134121,0,482.1,0.909,50.84
M2|15m|9/21|s0.25,BTCUSD,M2,15,173,0.1791907514450867,-0.19290827836099353,-0.06539263673254016,0.0003176108827004923,-0.07879255276574641,31.0,-13.631111628474128,0.3930635838150289,68,105,80,93,-1.140336888412017,0.9085109438251079,0.6784840470958665,67.84840470958666,0.25798330421083315,39.30635838150289,60.69364161849711,0,173.0,0.897,34.62
M2|15m|9/21|s0.25,ETHUSD,M2,15,165,0.03636363636363636,-0.11008935771580482,-0.03731842634434061,0.003217911987375164,-0.10782623570913388,6.0,-17.79132889200709,0.34545454545454546,57,108,74,91,-1.0975266803278685,1.4117943649776117,1.164038487980166,116.40384879801661,0.14418987207277026,34.54545454545455,65.45454545454545,0,164.2,0.856,33.62
M2|15m|9/21|s0.25,SOLUSD,M2,15,191,0.005235602094240736,-0.09231147161427565,-0.03129202427602564,-0.00021450683813133343,-0.11858240063419191,0.9999999999999805,-22.649238521130655,0.33507853403141363,64,127,104,87,-1.087273940014013,1.5801832248965597,1.3440383504593103,134.40383504593103,0.12381800272843264,33.50785340314136,66.49214659685863,0,182.9,0.841,31.66
M2|15m|9/21|s0.25,XRPUSD,M2,15,181,0.027624309392265192,-0.10481018169451332,-0.03552887515068249,-0.0003064351505485928,-0.11302118260347921,5.0,-20.456834051229738,0.3425414364640884,62,119,90,91,-1.0864874799903428,1.4800921401479215,1.3043553265266539,130.4355326526654,0.14064549199574441,34.25414364640884,65.74585635359117,0,180.6,0.849,41.27
M2|15m|9/21|s0.50,BTCUSD,M2,15,3,1.0,-0.07552864997970088,-0.025602932196508773,-0.0015413533938108917,0.8973270644299794,3.0,2.6919811932899385,0.6666666666666666,2,1,1,2,1.9060303530929203,1.8334219183079976,1.9511352844686178,195.11352844686178,0.10267293557002055,66.66666666666666,33.33333333333333,0,3.0,3.319,1.16
M2|15m|9/21|s0.50,ETHUSD,M2,15,7,-0.5714285714285714,-0.04720443294495008,-0.01600150269320342,0.009396954774260743,-0.6252375522924642,-4.0,-4.3766628660472495,0.14285714285714285,1,6,3,4,-1.0307238769230769,2.8410731303722314,2.788497856896526,278.8497856896526,0.05380898086389275,14.285714285714285,85.71428571428571,0,7.0,0.305,3.33
M2|15m|9/21|s0.50,SOLUSD,M2,15,5,-0.4,-0.06440290488734449,-0.021831493182150673,0.009015824624919256,-0.47721857344457597,-2.0,-2.38609286722288,0.2,1,4,1,4,-1.0694197501224891,2.1359027911107136,2.2503996912729445,225.03996912729446,0.07721857344457592,20.0,80.0,0,5.0,0.449,3.2
M2|15m|9/21|s0.50,XRPUSD,M2,15,3,2.0,-0.046470520303874524,-0.015752718747076108,0.02738017445732488,1.9651569354063743,6.0,5.895470806219123,1.0,3,0,2,1,1.9448781408049634,2.5871322238184433,2.618142313959806,261.8142313959806,0.034843064593625746,100.0,0.0,0,3.0,,0.0
M3|15m|9/21|v1.2,BTCUSD,M3,15,139,0.014388489208633094,-0.13559334570553586,-0.045963846001876564,-0.004058351038509482,-0.1712270535372888,2.0,-23.800560441683142,0.3381294964028777,47,92,61,78,-1.1142764684240671,1.1528695085135159,0.9349198777829798,93.49198777829798,0.18561554274592187,33.81294964028777,66.18705035971223,0,127.3,0.781,30.46
M3|15m|9/21|v1.2,ETHUSD,M3,15,98,0.1020408163265305,-0.0745624314251869,-0.025275400483114205,0.00029769504087617685,0.002500679459105554,9.99999999999999,0.2450665869923443,0.3673469387755102,36,62,42,56,-1.0637105857764988,1.8892116532286582,1.6384689434073376,163.84689434073374,0.09954013686742491,36.734693877551024,63.26530612244898,0,95.3,1.004,15.81
M3|15m|9/21|v1.2,SOLUSD,M3,15,105,-5.921189464667501e-17,-0.06540842027674078,-0.022172345856522297,-1.2723503635443734e-06,-0.0875820384836267,-6.217248937900877e-15,-9.196114040780802,0.3333333333333333,35,70,48,57,-1.0612779950186797,2.155418220646525,1.956692764317602,195.6692764317602,0.08758203848362661,33.33333333333333,66.66666666666666,0,103.3,0.879,19.56
M3|15m|9/21|v1.2,XRPUSD,M3,15,93,0.22580645161290322,-0.07680114116053956,-0.026034285139165954,-0.00740936171346444,0.11556166359973326,21.0,10.747234714775193,0.40860215053763443,38,55,45,48,-1.063985325464968,1.883790236882783,1.7093264020441503,170.93264020441504,0.11024478801316995,40.86021505376344,59.13978494623656,0,93.0,1.175,11.39
M3|15m|9/21|v1.5,BTCUSD,M3,15,28,0.2857142857142857,-0.0965388667650264,-0.03272503958136488,-0.008473135544632712,0.1479772438232618,8.0,4.14336282705133,0.42857142857142855,12,16,13,15,-1.0677831891376204,1.6780664793599087,1.532995471864431,153.29954718644308,0.137737041891024,42.857142857142854,57.14285714285714,0,27.0,1.23,4.42
M3|15m|9/21|v1.5,ETHUSD,M3,15,23,0.30434782608695654,-0.04894469997175116,-0.016591423719237684,0.0042907499796697975,0.24310245237563755,7.0,5.591356404639663,0.43478260869565216,10,13,7,16,-1.0307238769230769,2.7877698692957384,2.6938863685461185,269.38863685461183,0.061245373711319044,43.47826086956522,56.52173913043478,0,23.0,1.404,3.27
M3|15m|9/21|v1.5,SOLUSD,M3,15,18,0.16666666666666666,-0.04453760548178379,-0.01509749338365552,-0.004401454830695547,0.10263011297053179,3.0,1.8473420334695723,0.3888888888888889,7,11,10,8,-1.03814172054211,3.0141974280598345,3.187676180033383,318.7676180033383,0.06403655369613484,38.88888888888889,61.111111111111114,0,18.0,1.157,6.55
M3|15m|9/21|v1.5,XRPUSD,M3,15,17,0.23529411764705882,-0.04999340622584818,-0.016946917364694298,-0.02801154197881903,0.14034225207769735,4.0,2.385818285320855,0.4117647058823529,7,10,7,10,-1.0593373617693524,2.7366953457736263,2.5593767017132203,255.93767017132203,0.0949518655693615,41.17647058823529,58.82352941176471,0,17.0,1.214,6.45
M4|15m|9/21|d0.25,BTCUSD,M4,15,354,0.11864406779661017,-0.33791304270396233,-0.11454679413693637,0.00047844523788959987,-0.33333732380639886,42.0,-118.00141262746519,0.3700564971751412,131,223,174,180,-1.2272392310425424,0.5637420457584901,0.43330231822715215,43.33023182271522,0.451981391603009,37.28813559322034,62.71186440677966,0,321.9,0.639,130.24
M4|15m|9/21|d0.25,ETHUSD,M4,15,362,0.06077348066298342,-0.18767378579231256,-0.06361823247197036,-0.001181258752864165,-0.1916997963541637,22.0,-69.39532628020726,0.35359116022099446,128,234,176,186,-1.1331967155487725,0.9105119107418359,0.7222963884695738,72.22963884695737,0.2524732770171471,35.35911602209944,64.64088397790056,0,343.5,0.764,70.9
M4|15m|9/21|d0.25,SOLUSD,M4,15,376,-0.10638297872340426,-0.16132340545443077,-0.054685900154044335,0.0006925727479472414,-0.3216997115839321,-40.0,-120.95909155555847,0.2978723404255319,112,264,176,200,-1.1396131375974594,1.036650735021871,0.8108906622007993,81.08906622007993,0.21531673286052785,29.78723404255319,70.2127659574468,0,341.2,0.625,124.47
M4|15m|9/21|d0.25,XRPUSD,M4,15,402,0.03731343283582089,-0.17420391681325134,-0.05905217519093266,0.000519803630416448,-0.19542285553794667,15.0,-78.55998792625456,0.34577114427860695,139,263,202,200,-1.1290301691836055,0.9665748098272839,0.7813479419139315,78.13479419139315,0.23273628837376759,34.57711442786069,65.4228855721393,0,362.5,0.759,104.09
M4|15m|9/21|d0.5,BTCUSD,M4,15,476,0.03361344537815126,-0.30770172484795955,-0.10430566943998629,-0.0018730051470363606,-0.380266954056831,16.0,-181.00707013105153,0.34243697478991597,163,313,236,240,-1.2221704332237622,0.6320233806559623,0.48306115158758745,48.30611515875874,0.4138803994349822,34.45378151260504,65.54621848739495,0,434.8,0.593,183.06
M4|15m|9/21|d0.5,ETHUSD,M4,15,450,0.09333333333333334,-0.15670299218863032,-0.05311965836902724,0.00037409394236550327,-0.11611522328195874,42.0,-52.25185047688143,0.36444444444444446,164,286,211,239,-1.1069149043529138,1.107151558260285,0.8894599060577074,88.94599060577075,0.2094485566152921,36.44444444444444,63.55555555555556,0,428.5,0.849,61.11
M4|15m|9/21|d0.5,SOLUSD,M4,15,569,-0.03514938488576449,-0.1475310328018781,-0.050010519593856974,-0.00010541033390954893,-0.23279634761540907,-19.999999999999993,-132.46112179316776,0.3216168717047452,183,386,287,282,-1.115903086993316,1.1420482746374387,0.9438567154946654,94.38567154946655,0.1976469627296446,32.161687170474515,67.83831282952548,0,524.3,0.715,131.95
M4|15m|9/21|d0.5,XRPUSD,M4,15,522,0.08620689655172414,-0.1542301262234201,-0.05228139871980343,-0.0005500375754468824,-0.12085466596694631,45.0,-63.08613563474598,0.3620689655172414,189,333,265,257,-1.1031466081570922,1.1449628126406786,0.9229549307712746,92.29549307712746,0.20706156251867044,36.206896551724135,63.793103448275865,0,497.1,0.843,80.57
M5|15m|9/21,BTCUSD,M5,15,400,0.1025,-0.20911425597769323,-0.07088618846701467,-0.001838548130761698,-0.17933899257546962,41.0,-71.73559703018785,0.3675,147,253,192,208,-1.1650064650305674,0.7621142896671516,0.6297903369538118,62.97903369538118,0.2818389925754696,36.75,63.24999999999999,0,368.1,0.778,72.12
M5|15m|9/21,ETHUSD,M5,15,403,0.03473945409429278,-0.1105452821977819,-0.03747297701619725,-0.0006695818276737651,-0.11394838694736013,13.99999999999999,-45.921199939786135,0.34491315136476425,139,264,176,227,-1.1040872693877508,1.3234465536470064,1.1412650079801718,114.12650079801719,0.14868784104165292,34.49131513647642,65.50868486352357,0,368.1,0.849,51.12
M5|15m|9/21,SOLUSD,M5,15,445,0.011235955056179775,-0.09582968537812538,-0.03248463911122894,-0.002100201273415565,-0.1191785707065901,5.0,-53.0344639644326,0.33707865168539325,150,295,207,238,-1.0912067741935476,1.5077894819466446,1.3002853359076296,130.02853359076298,0.13041452576276985,33.70786516853933,66.29213483146067,0,407.7,0.841,71.96
M5|15m|9/21,XRPUSD,M5,15,436,0.0389908256880734,-0.11137174791848507,-0.03775313488762206,-0.0020699457815199214,-0.11220400289955366,17.0,-48.9209452642054,0.3463302752293578,151,285,187,249,-1.095394049198306,1.3622798401341598,1.1740804234258106,117.40804234258107,0.15119482858762706,34.63302752293578,65.36697247706422,0,402.9,0.85,58.7
M1|15m|12/26,BTCUSD,M1,15,371,0.0026954177897574125,-0.19323084840448732,-0.06550198250999571,-0.0011528358338365643,-0.25719024895856213,1.0,-95.41758236362655,0.33423180592991913,124,247,190,181,-1.1642849656591443,0.879743825911502,0.6633043089142878,66.33043089142879,0.2598856667483196,33.42318059299191,66.57681940700809,0,340.3,0.695,94.21
M1|15m|12/26,ETHUSD,M1,15,385,0.2545454545454545,-0.10261449413878511,-0.03478457428433394,0.00041780567811432943,0.11756419180044982,97.99999999999999,45.26221384317318,0.41818181818181815,161,224,202,183,-1.0631820678391954,1.4901398484147976,1.239836226284528,123.98362262845279,0.13698126274500472,41.81818181818181,58.18181818181818,0,385.0,1.178,23.73
M1|15m|12/26,SOLUSD,M1,15,469,0.10660980810234545,-0.09113718000192496,-0.030893959322686425,0.0004786420764737658,-0.014942689145792151,50.000000000000014,-7.008121209376519,0.36886993603411516,173,296,232,237,-1.08057841964026,1.6299591041939498,1.4345139533944593,143.45139533944592,0.12155249724813762,36.88699360341152,63.11300639658849,0,469.0,0.979,51.72
M1|15m|12/26,XRPUSD,M1,15,437,0.13272311212814644,-0.09974853566471303,-0.033813062937190864,-0.0008266038314631057,-0.0016650903052205677,58.0,-0.7276444633813881,0.37757437070938216,165,272,218,219,-1.0754589302587279,1.5132440239237157,1.314816600765106,131.48166007651062,0.134388202433367,37.75743707093822,62.24256292906178,0,437.0,0.998,28.41
M2|15m|12/26|s0.00,BTCUSD,M2,15,361,0.07202216066481995,-0.19455024752262623,-0.06594923644834787,-0.001438084217266597,-0.18991540752342073,26.0,-68.55946211595489,0.3573407202216066,129,232,179,182,-1.1579735347694708,0.8793366157406437,0.6605519281014338,66.05519281014338,0.2619375681882407,35.73407202216066,64.26592797783933,0,343.2,0.767,67.35
M2|15m|12/26|s0.00,ETHUSD,M2,15,382,0.256544502617801,-0.1028688538414489,-0.03487079791235556,0.0002523855029926021,0.11905723636698916,97.99999999999999,45.47986429218986,0.418848167539267,160,222,200,182,-1.0639901294423755,1.4869118751855501,1.2401869442737137,124.01869442737136,0.13748726625081187,41.8848167539267,58.1151832460733,0,382.0,1.18,24.4
M2|15m|12/26|s0.00,SOLUSD,M2,15,463,0.10151187904967605,-0.09196402798769865,-0.03117424677549107,0.0004974599938378147,-0.02112893571967587,47.000000000000014,-9.782697238209927,0.367170626349892,170,293,221,242,-1.0811894850108446,1.6076467034299387,1.4162742351342792,141.6274235134279,0.12264081476935192,36.7170626349892,63.282937365010795,0,458.8,0.97,55.36
M2|15m|12/26|s0.00,XRPUSD,M2,15,434,0.10599078341013825,-0.10093448627202743,-0.03421508009221269,0.000214941462769918,-0.028943841491331942,46.0,-12.561627207238063,0.3686635944700461,160,274,213,221,-1.0780286413689035,1.4991470074926951,1.2809354468457073,128.09354468457073,0.1349346249014702,36.86635944700461,63.133640552995395,0,434.0,0.96,40.25
M2|15m|12/26|s0.25,BTCUSD,M2,15,196,0.14795918367346939,-0.19884091129866902,-0.06740369874531153,-0.0008551829672289658,-0.11914060933774012,29.0,-23.351559430197064,0.3826530612244898,75,121,102,94,-1.1324352399210398,0.9402898025167697,0.7095864506201824,70.95864506201825,0.26709979301120956,38.265306122448976,61.73469387755102,0,193.6,0.847,42.28
M2|15m|12/26|s0.25,ETHUSD,M2,15,203,0.33004926108374383,-0.11058334626110493,-0.03748588008851015,-0.0014324203912549787,0.1805476143428738,67.0,36.65116571160338,0.4433497536945813,90,113,98,105,-1.056414,1.4630227092536747,1.175768319374853,117.5768319374853,0.14950164674087008,44.33497536945813,55.66502463054187,0,203.0,1.281,16.05
M2|15m|12/26|s0.25,SOLUSD,M2,15,244,0.11885245901639344,-0.09051490876907399,-0.03068301992172,0.0004456496595137129,-0.0018998200148868606,29.0,-0.463556083632394,0.3729508196721312,91,153,103,141,-1.0670486445336227,1.6553773045599411,1.4082186217372332,140.82186217372333,0.12075227903128029,37.295081967213115,62.704918032786885,0,240.0,0.997,22.46
M2|15m|12/26|s0.25,XRPUSD,M2,15,225,0.16,-0.10732821597838055,-0.03638244609436629,-0.002263979470100232,0.014025358457152927,36.0,3.1557056528594085,0.38666666666666666,87,138,110,115,-1.0848742399625002,1.4419721200793,1.2690858615903156,126.90858615903156,0.14597464154284706,38.666666666666664,61.33333333333333,0,212.8,1.02,28.97
M2|15m|12/26|s0.50,BTCUSD,M2,15,10,0.5,-0.1022367055947471,-0.03465651037110071,0.01073349887792306,0.37384028291207533,5.0,3.738402829120753,0.5,5,5,2,8,0.3346410908276527,1.5739658193555321,1.286724529195112,128.6724529195112,0.12615971708792473,50.0,50.0,0,10.0,1.663,1.19
M2|15m|12/26|s0.50,ETHUSD,M2,15,6,-0.5,-0.04716002012116744,-0.015986447498700825,-0.0015261425714831651,-0.5646726101913515,-3.0,-3.388035661148109,0.16666666666666666,1,5,2,4,-1.0553922234487927,2.602190761916978,2.582206106370285,258.22061063702847,0.06467261019135143,16.666666666666664,83.33333333333334,0,6.0,0.361,2.32
M2|15m|12/26|s0.50,SOLUSD,M2,15,9,0.3333333333333333,-0.05676055263695037,-0.019240865300661145,0.0066225769259397405,0.26395449232166146,3.0,2.3755904308949534,0.4444444444444444,4,5,2,7,-1.039806788872671,2.4234274319959104,2.505702379280135,250.57023792801354,0.06937884101167177,44.44444444444444,55.55555555555556,0,9.0,1.442,3.27
M2|15m|12/26|s0.50,XRPUSD,M2,15,5,-0.4,-0.057109660990305434,-0.019359207115357775,0.01636560070271516,-0.4601032674029481,-2.0,-2.3005163370147406,0.2,1,4,1,4,-1.058310341614907,2.292346836971678,2.5069334928489875,250.69334928489874,0.060103267402948045,20.0,80.0,0,5.0,0.467,3.26
M3|15m|12/26|v1.2,BTCUSD,M3,15,103,0.019417475728155338,-0.12131624586125397,-0.041124151139408115,-0.00037582269911187076,-0.14339874397161861,2.0,-14.770070629076718,0.33980582524271846,35,68,46,57,-1.1058632433750246,1.3129019601652114,1.1568812940005295,115.68812940005296,0.16281621969977397,33.980582524271846,66.01941747572816,0,92.7,0.814,23.34
M3|15m|12/26|v1.2,ETHUSD,M3,15,86,0.04651162790697662,-0.07399132128714059,-0.02508180382614935,0.0031102551874849674,-0.04945124201882834,3.9999999999999893,-4.252806813619237,0.3488372093023256,30,56,40,46,-1.0572580074906366,1.998231553254144,1.76189257747189,176.189257747189,0.09596286992580501,34.883720930232556,65.11627906976744,0,80.1,0.931,11.12
M3|15m|12/26|v1.2,SOLUSD,M3,15,95,0.23157894736842108,-0.05989969602279212,-0.020304981702641396,-0.0013423354661437517,0.1500319341768438,22.000000000000004,14.25303374680016,0.4105263157894737,39,56,44,51,-1.0512240727992275,2.268996115175027,2.1017258913174874,210.17258913174874,0.08154701319157726,41.05263157894737,58.94736842105262,0,91.9,1.236,10.63
M3|15m|12/26|v1.2,XRPUSD,M3,15,78,0.07692307692307693,-0.07241478980019274,-0.024547386372946692,-0.002063037355437287,-0.022102136605499815,6.0,-1.7239666552289856,0.358974358974359,28,50,40,38,-1.0616794824672917,1.9550500315778392,1.8257540319881902,182.575403198819,0.09902521352857672,35.8974358974359,64.1025641025641,0,77.3,0.969,13.02
M3|15m|12/26|v1.5,BTCUSD,M3,15,25,0.32,-0.07477053697417926,-0.02534594473700992,-0.010520911375485009,0.20936260691332584,8.0,5.234065172833146,0.44,11,14,14,11,-1.067001702412557,1.9230008118059443,1.7744200588398102,177.44200588398104,0.11063739308667418,44.0,56.00000000000001,0,24.0,1.337,5.57
M3|15m|12/26|v1.5,ETHUSD,M3,15,18,0.16666666666666666,-0.045960040935045764,-0.01557967489323585,0.008111645398317225,0.11323859623670228,3.0,2.038294732260641,0.3888888888888889,7,11,7,11,-1.0311935576208386,2.941010490759339,3.1623580799163413,316.23580799163415,0.05342807042996438,38.88888888888889,61.111111111111114,0,18.0,1.175,3.12
M3|15m|12/26|v1.5,SOLUSD,M3,15,18,0.16666666666666666,-0.039328810633320145,-0.013331800214684796,-0.0055827735693928515,0.1084232822492689,3.0,1.9516190804868403,0.3888888888888889,7,11,10,8,-1.0450878123065908,3.196643298370641,3.201861932380507,320.1861932380507,0.0582433844173978,38.88888888888889,61.111111111111114,0,18.0,1.167,4.34
M3|15m|12/26|v1.5,XRPUSD,M3,15,13,0.38461538461538464,-0.05118233544145638,-0.01734994421744284,-0.0006711516916789706,0.3154119532648064,5.0,4.100355392442483,0.46153846153846156,6,7,7,6,-1.0330121531492247,2.679932127489062,2.5593767017132203,255.93767017132203,0.06920343135057819,46.15384615384615,53.84615384615385,0,13.0,1.551,3.23
M4|15m|12/26|d0.25,BTCUSD,M4,15,248,0.13709677419354838,-0.38002911855765026,-0.12882343001954247,0.0027868826297167745,-0.3689688917539276,34.0,-91.50428515497404,0.375,93,155,124,124,-1.225662432646513,0.5131646515469552,0.3940679484528645,39.406794845286456,0.5060656659474759,37.903225806451616,62.096774193548384,0,227.4,0.609,98.17
M4|15m|12/26|d0.25,ETHUSD,M4,15,256,0.18359375,-0.20005208581447367,-0.06781426637778769,-0.0016638832122467286,-0.0859364854045081,47.0,-21.999740263554074,0.39453125,101,155,114,142,-1.116617647351782,0.844143243468462,0.6509677425915625,65.09677425915626,0.2695302354045081,39.453125,60.546875,0,233.2,0.888,43.56
M4|15m|12/26|d0.25,SOLUSD,M4,15,241,-0.04149377593360994,-0.17603163416132914,-0.05967174039367091,0.0009504344744831448,-0.2762467160141268,-9.999999999999996,-66.57545855940457,0.31950207468879666,77,164,112,129,-1.1429638747681046,0.9509628444600573,0.7560057887120183,75.60057887120183,0.23475294008051692,31.950207468879665,68.04979253112033,0,241.0,0.673,71.43
M4|15m|12/26|d0.25,XRPUSD,M4,15,272,0.13602941176470587,-0.19524249186237366,-0.06618389554656734,-0.00016856968095940405,-0.12556554532519454,37.0,-34.15382832845292,0.3786764705882353,103,169,133,139,-1.1273960162401129,0.9224994432410072,0.7244008326986611,72.44008326986611,0.26159495708990044,37.86764705882353,62.13235294117647,0,253.9,0.841,51.59
M4|15m|12/26|d0.5,BTCUSD,M4,15,347,0.002881844380403458,-0.3582605462732038,-0.1214442529739674,0.0020923816166159787,-0.4747305732501517,1.0,-164.73150891780264,0.3285302593659942,114,233,178,169,-1.2417402591112632,0.5736604217963013,0.41324799175222304,41.3247991752223,0.4776124176305552,33.429394812680115,66.57060518731988,0,299.1,0.526,193.02
M4|15m|12/26|d0.5,ETHUSD,M4,15,376,0.07712765957446809,-0.174395342860855,-0.059117065376561015,-0.0014469255471222086,-0.15783167421007016,29.0,-59.344709502986376,0.35904255319148937,135,241,182,194,-1.1193364793489557,1.0045428221629178,0.8069809685868959,80.6980968586896,0.23495933378453823,35.90425531914894,64.09574468085107,0,336.8,0.801,61.93
M4|15m|12/26|d0.5,SOLUSD,M4,15,414,-0.03623188405797101,-0.15916548217752846,-0.05395440073814525,0.00033939047128473207,-0.24901237650236002,-14.999999999999998,-103.09112387197705,0.321256038647343,133,281,198,216,-1.1289262319344155,1.0534536152933511,0.8664039061707173,86.64039061707173,0.21278049244438904,32.125603864734295,67.8743961352657,0,400.9,0.699,104.19
M4|15m|12/26|d0.5,XRPUSD,M4,15,419,0.12410501193317422,-0.17005627165468873,-0.05764619378125041,0.0007643994392670904,-0.1028330540634978,52.0,-43.08704965260558,0.3747016706443914,157,262,205,214,-1.1030482795698926,1.046469841463435,0.8272550605516957,82.72550605516957,0.22693806599667204,37.47016706443914,62.52983293556086,0,415.8,0.865,59.56
M5|15m|12/26,BTCUSD,M5,15,329,0.03951367781155015,-0.2025435230219681,-0.06865882136337902,-0.0008788723242122948,-0.23256753889800919,13.0,-76.51472029744502,0.3465045592705167,114,215,165,164,-1.1678301987403246,0.7889614662430923,0.6225861038250765,62.258610382507655,0.27208121670955937,34.650455927051674,65.34954407294833,0,316.9,0.719,77.53
M5|15m|12/26,ETHUSD,M5,15,321,0.07476635514018688,-0.11426469828658285,-0.03873379602935011,-0.0008867676604076414,-0.07911890683615372,23.99999999999999,-25.397169094405342,0.3582554517133956,115,206,154,167,-1.0962705133220731,1.3211267803545221,1.1099446652846572,110.99446652846571,0.1538852619763406,35.82554517133956,64.17445482866043,0,299.6,0.893,34.87
M5|15m|12/26,SOLUSD,M5,15,395,0.09367088607594937,-0.09975617692027755,-0.03381565319331442,-0.0020171858532936574,-0.04191812989093625,37.0,-16.55766130691982,0.36455696202531646,144,251,194,201,-1.085720589698476,1.4745361467144427,1.2536512314102297,125.36512314102298,0.13558901596688563,36.45569620253165,63.54430379746835,0,387.7,0.942,36.06
M5|15m|12/26,XRPUSD,M5,15,379,0.036939313984168866,-0.11101058344826532,-0.03763070625364927,-0.002133526567653404,-0.11383550228539913,14.0,-43.14365536616627,0.34564643799472294,131,248,170,209,-1.097298242811452,1.34765898205756,1.165803108808296,116.5803108808296,0.15077481626956798,34.56464379947229,65.4353562005277,0,337.9,0.848,57.31
M1|15m|20/50,BTCUSD,M1,15,275,0.05818181818181818,-0.18465888301754033,-0.0625962315313696,0.00015176747610917246,-0.18892152889098257,16.0,-51.95342044502021,0.3527272727272727,97,178,138,137,-1.119079663034293,1.0514231615660996,0.7655392506327661,76.55392506327661,0.24710334707280077,35.27272727272727,64.72727272727272,0,273.3,0.767,63.14
M1|15m|20/50,ETHUSD,M1,15,279,0.15053763440860216,-0.09614880653754226,-0.03259281577543806,0.0004626052036862718,0.022258617299308094,42.0,6.210154226506958,0.3835125448028674,107,172,142,137,-1.0629248577959713,1.7414257673835147,1.4251867392523063,142.51867392523062,0.12827901710929407,38.35125448028674,61.648745519713266,0,277.3,1.032,25.21
M1|15m|20/50,SOLUSD,M1,15,286,0.05944055944055944,-0.08157367200185658,-0.027652092204019183,4.839618344013663e-05,-0.0497368085818762,17.0,-14.224727254416592,0.3531468531468531,101,185,140,146,-1.0617041425729217,1.9384630514989856,1.669742748394907,166.9742748394907,0.10917736802243563,35.31468531468531,64.6853146853147,0,280.2,0.931,26.8
M1|15m|20/50,XRPUSD,M1,15,280,0.08214285714285714,-0.09286943093860651,-0.03148116303003611,-0.003546966337173734,-0.04575470316295922,23.0,-12.811316885628582,0.3607142857142857,101,179,129,151,-1.0616339332969145,1.7603055356166994,1.4224983483642826,142.24983483642825,0.12789756030581637,36.07142857142857,63.92857142857142,0,280.0,0.937,20.67
M2|15m|20/50|s0.00,BTCUSD,M2,15,269,0.03717472118959108,-0.18295414920530212,-0.06201835566281429,0.0002169786812169241,-0.20758080499730844,10.0,-55.83923654427597,0.34572490706319703,93,176,133,136,-1.1241684719101124,1.0610588636206124,0.7655392506327661,76.55392506327661,0.2447555261868995,34.572490706319705,65.4275092936803,0,264.8,0.747,66.43
M2|15m|20/50|s0.00,ETHUSD,M2,15,276,0.15217391304347827,-0.09629161982152157,-0.03264122705814291,0.0002183945754207064,0.02345946073923448,42.0,6.474811164028717,0.38405797101449274,106,170,141,135,-1.067548414252414,1.7431880822489656,1.4230565547156466,142.30565547156468,0.12871445230424375,38.405797101449274,61.59420289855072,0,275.6,1.033,23.04
M2|15m|20/50|s0.00,SOLUSD,M2,15,277,0.07220216606498195,-0.08172938893393732,-0.027704877604724513,-7.259056551916392e-05,-0.03730469103919906,20.0,-10.33339941785814,0.3574007220216607,99,178,135,142,-1.0601111907060292,1.9438862357818283,1.676070361765679,167.60703617656787,0.10950685710418098,35.74007220216607,64.25992779783394,0,273.1,0.948,25.07
M2|15m|20/50|s0.00,XRPUSD,M2,15,277,0.07220216606498198,-0.09335369141689849,-0.03164531912437237,-0.0029067449134550522,-0.05570358938974396,20.000000000000007,-15.429894260959076,0.3574007220216607,99,178,129,148,-1.061707336683417,1.7548897039074953,1.4231972079952904,142.31972079952905,0.12790575545472593,35.74007220216607,64.25992779783394,0,277.0,0.923,28.51
M2|15m|20/50|s0.25,BTCUSD,M2,15,115,0.06956521739130435,-0.14665536900380202,-0.04971368440806847,0.0008819529331005472,-0.12592188308746555,8.0,-14.481016555058538,0.3565217391304348,41,74,59,56,-1.0926958468674028,1.2518031953031503,0.9721274175199089,97.2127417519909,0.19548710047876994,35.65217391304348,64.34782608695652,0,111.5,0.836,18.82
M2|15m|20/50|s0.25,ETHUSD,M2,15,114,0.21052631578947367,-0.07267885150499008,-0.024636898815250868,0.0023876889725540015,0.11559825444178672,24.0,13.178201006363686,0.40350877192982454,46,68,52,62,-1.0413061069955405,2.1069923089564444,1.8031945078474116,180.31945078474118,0.09492806134768693,40.35087719298245,59.64912280701754,0,114.0,1.176,10.96
M2|15m|20/50|s0.25,SOLUSD,M2,15,126,0.23809523809523808,-0.06626965885390719,-0.022464291136917683,0.00021265501491225125,0.14957394311932554,30.0,18.84631683303502,0.4126984126984127,52,74,57,69,-1.0422423726514487,2.2800984540987215,2.0589478017145955,205.89478017145953,0.08852129497591259,41.269841269841265,58.730158730158735,0,123.4,1.233,11.86
M2|15m|20/50|s0.25,XRPUSD,M2,15,102,0.08823529411764713,-0.08154996265172684,-0.027644055136178604,-0.006568711975110999,-0.027527435645369348,9.000000000000007,-2.8077984358276735,0.3627450980392157,37,65,43,59,-1.0530041501674898,1.9171443707185492,1.752977203840883,175.2977203840883,0.11576272976301645,36.27450980392157,63.725490196078425,0,97.0,0.961,13.6
M2|15m|20/50|s0.50,BTCUSD,M2,15,6,1.5,-0.08189038436278402,-0.027759452326367468,0.0248892061871054,1.415239369497954,9.0,8.491436216987724,0.8333333333333334,5,1,1,5,1.8945829063526203,1.8811493839490938,1.8523112056230178,185.23112056230178,0.08476063050204612,83.33333333333334,16.666666666666664,0,6.0,9.272,1.03
M2|15m|20/50|s0.50,ETHUSD,M2,15,2,0.5,-0.03427931940763008,-0.011620108273772908,0.02767772651701616,0.4817782988356132,1.0,0.9635565976712264,0.5,1,1,0,2,0.4817782988356132,3.4132639136960656,3.4132639136960656,341.3263913696066,0.018221701164386827,50.0,50.0,0,2.0,1.961,1.0
M2|15m|20/50|s0.50,SOLUSD,M2,15,2,0.5,-0.02559318715651644,-0.008675656663225912,0.02000876504710798,0.48573992122736565,1.0,0.9714798424547313,0.5,1,1,0,2,0.48573992122736565,4.562728176748469,4.562728176748469,456.2728176748469,0.014260078772634369,50.0,50.0,0,2.0,1.938,0.0
M2|15m|20/50|s0.50,XRPUSD,M2,15,1,-1.0,-0.03157352601156066,-0.010702890173410395,-0.0026540823777456615,-1.0449304985627168,-1.0,-1.0449304985627168,0.0,0,1,1,0,-1.0449304985627168,3.6687519881242756,3.6687519881242756,366.8751988124275,0.04493049856271672,0.0,100.0,0,1.0,0.0,0.0
M3|15m|20/50|v1.2,BTCUSD,M3,15,76,0.42105263157894735,-0.11606619082879459,-0.03934447146738801,0.0035939928909957085,0.26923596217376056,32.0,20.461933125205803,0.47368421052631576,36,40,32,44,-1.0444826460788827,1.4588916116535762,1.1671485980724656,116.71485980724657,0.15181666940518687,47.368421052631575,52.63157894736842,0,74.7,1.441,10.96
M3|15m|20/50|v1.2,ETHUSD,M3,15,81,0.4074074074074072,-0.07026239300254711,-0.023817760339846478,0.0022291616318519613,0.31555641569686554,32.999999999999986,25.560069671446108,0.4691358024691358,38,43,37,44,-1.0414400624349633,2.1020424030732356,1.8990060130077338,189.90060130077336,0.09185099171054162,46.913580246913575,53.086419753086425,0,81.0,1.542,7.11
M3|15m|20/50|v1.2,SOLUSD,M3,15,60,0.5,-0.05921774817509374,-0.02007381294070974,-0.0014769104829964181,0.41923152840120015,30.0,25.15389170407201,0.5,30,30,30,30,0.3527795339218375,2.520429850293631,2.511814148084087,251.1814148084087,0.08076847159879989,50.0,50.0,0,60.0,1.774,5.43
M3|15m|20/50|v1.2,XRPUSD,M3,15,59,0.01694915254237288,-0.06446629671946906,-0.02185298193880307,0.0014529939754958008,-0.06791713214040349,1.0,-4.007110796283806,0.3389830508474576,20,39,22,37,-1.0553697058823532,2.3158338494797417,2.0657672849915802,206.57672849915804,0.08486628468277632,33.89830508474576,66.10169491525424,0,59.0,0.905,7.94
M3|15m|20/50|v1.5,BTCUSD,M3,15,21,0.5714285714285714,-0.06943767760207617,-0.02353819579731395,-0.0004953730582150961,0.47795732497096616,12.0,10.03710382439029,0.5238095238095238,11,10,9,12,1.7676115532368981,2.1246572656824374,1.8976775163239867,189.76775163239867,0.09347124645760518,52.38095238095239,47.61904761904761,0,21.0,1.922,2.32
M3|15m|20/50|v1.5,ETHUSD,M3,15,17,0.4117647058823529,-0.05005009547281455,-0.016966134058581203,-0.0017065407128132707,0.3430419356381439,7.0,5.8317129058484465,0.47058823529411764,8,9,8,9,-1.0414400624349633,2.866497832152462,3.189794799716346,318.9794799716346,0.06872277024420902,47.05882352941176,52.94117647058824,0,17.0,1.612,3.13
M3|15m|20/50|v1.5,SOLUSD,M3,15,13,0.8461538461538461,-0.036033805800959065,-0.012214849424053924,-0.0018656383552865738,0.7960395525735465,11.0,10.348514183456105,0.6153846153846154,8,5,7,6,1.9081428735550023,3.4986759440933053,3.672907240911047,367.29072409110466,0.050114293580299576,61.53846153846154,38.46153846153847,0,13.0,2.959,1.08
M3|15m|20/50|v1.5,XRPUSD,M3,15,15,0.2,-0.04786932069410213,-0.016226888370882077,-0.003636903264018614,0.13226688767099712,3.0,1.9840033150649568,0.4,6,9,6,9,-1.0273599205672355,2.883870576302682,2.9865959940879665,298.6595994087966,0.06773311232900282,40.0,60.0,0,14.0,1.207,2.21
M4|15m|20/50|d0.25,BTCUSD,M4,15,109,0.12844036697247707,-0.43720797383779925,-0.14820609282637254,0.0035858114143050702,-0.45338788827738946,14.0,-49.41927982223545,0.3669724770642202,40,69,54,55,-1.2679530708661417,0.4823348928875354,0.3375020227004785,33.75020227004785,0.5818282552498666,37.61467889908257,62.38532110091744,0,109.0,0.548,52.89
M4|15m|20/50|d0.25,ETHUSD,M4,15,108,0.1388888888888889,-0.23059408045372495,-0.07816748489956779,-0.0033264603401019547,-0.17319913680450577,15.0,-18.705506774886622,0.37962962962962965,41,67,52,56,-1.1347179360793427,0.8464668422176111,0.6840365895457395,68.40365895457396,0.31208802569339467,37.96296296296296,62.03703703703704,0,108.0,0.789,25.15
M4|15m|20/50|d0.25,SOLUSD,M4,15,104,0.15384615384615385,-0.2110087580799827,-0.07152839256948568,-0.0022475275273851018,-0.13093852433069963,16.0,-13.617606530392763,0.38461538461538464,40,64,46,58,-1.0824944794977553,1.0009813948683732,0.7417619110181023,74.17619110181023,0.28478467817685343,38.46153846153847,61.53846153846154,0,101.3,0.837,18.3
M4|15m|20/50|d0.25,XRPUSD,M4,15,117,0.1282051282051282,-0.21479777163132047,-0.0728128039428205,-0.000856637622877803,-0.16026208499189054,15.0,-18.750663944051194,0.37606837606837606,44,73,59,58,-1.1215395274969493,0.9300923906219724,0.6753497346840349,67.53497346840349,0.28846721319701873,37.60683760683761,62.39316239316239,0,113.6,0.801,21.4
M4|15m|20/50|d0.5,BTCUSD,M4,15,189,0.047619047619047616,-0.37914636494816517,-0.12852419150785258,0.0005619710377850551,-0.459489537799185,9.0,-86.84352264404596,0.3386243386243386,64,125,96,93,-1.2500427306616961,0.5685239483622558,0.4282387959384527,42.82387959384527,0.5071085854182327,34.92063492063492,65.07936507936508,0,189.0,0.537,93.54
M4|15m|20/50|d0.5,ETHUSD,M4,15,180,0.15,-0.19047911601459278,-0.06456919186935348,-0.001104440269434716,-0.10615274815338095,27.0,-19.10749466760857,0.38333333333333336,69,111,96,84,-1.1019315028494412,1.0631700065125664,0.8482545988789185,84.82545988789185,0.25615274815338096,38.333333333333336,61.66666666666667,0,180.0,0.864,37.09
M4|15m|20/50|d0.5,SOLUSD,M4,15,172,-0.040697674418604717,-0.19280575503258232,-0.06535788306189233,-0.0015769129890680486,-0.3004382255021475,-7.000000000000011,-51.67537478636937,0.31976744186046513,55,117,89,83,-1.122919833004159,1.0270778661466744,0.832565859377635,83.2565859377635,0.25974055108354277,31.976744186046513,68.02325581395348,0,152.4,0.655,55.43
M4|15m|20/50|d0.5,XRPUSD,M4,15,194,0.19072164948453607,-0.1934133067078205,-0.06556383278231204,-0.002811483805425931,-0.0710669738110224,37.0,-13.786992919338346,0.39690721649484534,77,117,96,98,-1.108752943581368,0.9983603295500156,0.80676291228878,80.676291228878,0.26178862329555846,39.69072164948454,60.30927835051546,0,194.0,0.906,21.44
M5|15m|20/50,BTCUSD,M5,15,236,0.0423728813559322,-0.2119280131179996,-0.07184000444677954,-0.002442724885057693,-0.24383786109390465,10.0,-57.5457352181615,0.3474576271186441,82,154,114,122,-1.1517569433025023,0.8400611602815898,0.6864969775808506,68.64969775808507,0.28621074244983685,34.74576271186441,65.2542372881356,0,235.9,0.71,63.39
M5|15m|20/50,ETHUSD,M5,15,223,-0.03139013452914798,-0.10768230848259133,-0.03650247745172587,0.0005128079110428461,-0.17506211255242235,-7.0,-39.03885109919018,0.32286995515695066,72,151,107,116,-1.088789653979239,1.4927934542860544,1.325343225847355,132.5343225847355,0.14367197802327433,32.28699551569507,67.71300448430493,0,216.1,0.775,40.74
M5|15m|20/50,SOLUSD,M5,15,234,-0.02564102564102566,-0.08761522133944206,-0.029700075030319344,-0.002933437251479511,-0.1458897592622666,-6.000000000000004,-34.138203667370384,0.3247863247863248,76,158,102,132,-1.0757098346179101,1.769649851703654,1.514452820109065,151.4452820109065,0.12024873362124093,32.47863247863248,67.52136752136752,0,219.0,0.807,40.34
M5|15m|20/50,XRPUSD,M5,15,231,-0.012987012987012988,-0.10516797987350161,-0.0356501626689836,-0.005291853430903396,-0.1590970089604016,-3.0,-36.75140906985277,0.329004329004329,76,155,104,127,-1.0912429951836478,1.474056488224097,1.260239445494638,126.02394454946379,0.1461099959733886,32.900432900432904,67.09956709956711,0,210.4,0.794,35.69
M1|15m|50/200,BTCUSD,M1,15,69,0.043478260869565216,-0.11112187812825106,-0.037668433263813916,0.013993586676107238,-0.0913184638463925,3.0,-6.300974005401082,0.34782608695652173,24,45,36,33,-1.0533524368595806,1.8707653033184772,1.6293597990707602,162.93597990707602,0.13479672471595772,34.78260869565217,65.21739130434783,0,62.9,0.877,10.1
M1|15m|50/200,ETHUSD,M1,15,97,0.26804123711340205,-0.10723579198645329,-0.03635111592761128,0.0036212957425120758,0.1280756249418496,26.0,12.423335619359412,0.41237113402061853,40,57,51,46,-1.0451159938837922,2.2951141407952536,2.123838525806203,212.38385258062033,0.13996561217155248,42.2680412371134,57.73195876288659,0,93.7,1.197,13.35
M1|15m|50/200,SOLUSD,M1,15,109,0.1834862385321101,-0.06519547189589532,-0.022100159964710275,0.0012435857697524842,0.09743419244125696,20.0,10.62032697609701,0.3944954128440367,43,66,50,59,-1.0361648125045624,2.6068847961527095,2.6118064770648752,261.18064770648755,0.08605204609085311,39.44954128440367,60.550458715596335,0,109.0,1.149,11.03
M1|15m|50/200,XRPUSD,M1,15,117,0.05128205128205128,-0.08774493253290779,-0.029744044926409408,-0.004651858258860764,-0.07085878443612664,6.0,-8.290477779026817,0.3504273504273504,41,76,61,56,-1.0534329411764705,2.072942835387852,1.8998125745442143,189.98125745442144,0.12214083571817794,35.04273504273504,64.95726495726495,0,102.0,0.903,21.11
M2|15m|50/200|s0.00,BTCUSD,M2,15,69,0.043478260869565216,-0.11112187812825106,-0.037668433263813916,0.013993586676107238,-0.0913184638463925,3.0,-6.300974005401082,0.34782608695652173,24,45,36,33,-1.0533524368595806,1.8707653033184772,1.6293597990707602,162.93597990707602,0.13479672471595772,34.78260869565217,65.21739130434783,0,62.9,0.877,10.1
M2|15m|50/200|s0.00,ETHUSD,M2,15,99,0.2727272727272727,-0.11199374237324757,-0.03796398046550765,0.0033030141223859685,0.12607256401090347,27.0,12.481183837079444,0.41414141414141414,41,58,53,46,-1.0451159938837922,2.247050549975445,2.1022800051235953,210.22800051235953,0.14665470871636924,42.42424242424242,57.57575757575758,0,97.9,1.193,13.35
M2|15m|50/200|s0.00,SOLUSD,M2,15,108,0.16666666666666666,-0.06556268823777842,-0.02222464008060285,0.001382130866560637,0.08026146921484602,18.0,8.66823867520337,0.3888888888888889,42,66,50,58,-1.0386582801888626,2.590126218511429,2.589622258113432,258.96222581134316,0.08640519745182063,38.88888888888889,61.111111111111114,0,108.0,1.122,12.34
M2|15m|50/200|s0.00,XRPUSD,M2,15,117,0.07692307692307693,-0.08887475851924892,-0.030127036786186064,-0.004598947939625398,-0.046677666321983474,9.0,-5.461286959672067,0.358974358974359,42,75,60,57,-1.0504897727705402,2.0693665241375547,1.8998125745442143,189.98125745442144,0.12360074324506037,35.8974358974359,64.1025641025641,0,104.9,0.935,18.28
M2|15m|50/200|s0.25,BTCUSD,M2,15,3,0.0,-0.03773279064894974,-0.012790776491169406,0.05819665358194729,0.007673086441828107,0.0,0.02301925932548432,0.3333333333333333,1,2,3,0,-0.7245018531273131,3.4633336663897905,3.813157016876085,381.3157016876085,-0.0076730864418281435,33.33333333333333,66.66666666666666,0,3.0,1.013,1.78
M3|15m|50/200|v1.2,BTCUSD,M3,15,38,-0.13157894736842105,-0.10410103571866318,-0.0352884866842926,0.011577143084181077,-0.25939132668719583,-5.0,-9.856870414113441,0.2894736842105263,11,27,15,23,-1.0798215704461547,1.7310877438679908,1.4946179496241498,149.46179496241498,0.1278123793187747,28.947368421052634,71.05263157894737,0,38.0,0.676,13.08
M3|15m|50/200|v1.2,ETHUSD,M3,15,31,0.25806451612903225,-0.06526062055173197,-0.0221222442548244,0.0036642742895113376,0.17434592561198717,8.0,5.404723693971603,0.41935483870967744,13,18,11,20,-1.0420160271179104,2.525325296668326,2.334250775180295,233.42507751802947,0.08371859051704504,41.935483870967744,58.06451612903226,0,31.0,1.277,6.39
M3|15m|50/200|v1.2,SOLUSD,M3,15,22,0.09090909090909091,-0.054485168477424455,-0.018469548636415065,0.0014105476612568618,0.019364921456508255,2.0,0.4260282720431816,0.36363636363636365,8,14,11,11,-1.0415778750514089,2.4801340443358093,2.6457072878492007,264.57072878492005,0.07154416945258267,36.36363636363637,63.63636363636363,0,21.0,1.029,5.2
M3|15m|50/200|v1.2,XRPUSD,M3,15,31,0.45161290322580644,-0.06511357834050037,-0.02207239943745775,0.0017940602648395718,0.3662209857126879,14.0,11.352850557093324,0.4838709677419355,15,16,13,18,-1.022633230604508,2.509979963162775,2.307328605200964,230.7328605200964,0.08539191751311855,48.38709677419355,51.61290322580645,0,31.0,1.663,5.29
M3|15m|50/200|v1.5,BTCUSD,M3,15,11,-0.18181818181818182,-0.07237044522820583,-0.02453235431464604,0.0036902646447721007,-0.2750307167162616,-2.0,-3.0253378838788776,0.2727272727272727,3,8,5,6,-1.0765462822433192,2.032922099319946,1.861449174091112,186.1449174091112,0.09321253489807976,27.27272727272727,72.72727272727273,0,11.0,0.657,5.76
M3|15m|50/200|v1.5,ETHUSD,M3,15,7,1.1428571428571428,-0.05453140305219618,-0.018485221373625824,-0.018310618197943208,1.0515299002333776,8.0,7.3607093016336425,0.7142857142857143,5,2,2,5,1.8723339921746978,2.7251512229782207,3.093125466456588,309.3125466456588,0.09132724262376522,71.42857142857143,28.57142857142857,0,7.0,4.426,1.11
M3|15m|50/200|v1.5,SOLUSD,M3,15,2,0.5,-0.04669530270318377,-0.01582891617057077,-0.03821247628830083,0.3992633048379446,1.0,0.7985266096758892,0.5,1,1,1,1,0.3992633048379446,2.5794637907922207,2.5794637907922207,257.946379079222,0.10073669516205537,50.0,50.0,0,2.0,1.731,1.09
M3|15m|50/200|v1.5,XRPUSD,M3,15,9,0.6666666666666666,-0.0441177995484915,-0.014955186287624232,-0.0014945045509051293,0.6060991762796459,6.0,5.454892586516813,0.5555555555555556,5,4,5,4,1.9020768558624435,2.8867854498149943,2.9608807683298264,296.0880768329826,0.06056749038702087,55.55555555555556,44.44444444444444,0,9.0,2.315,2.08
M4|15m|50/200|d0.25,BTCUSD,M4,15,19,0.42105263157894735,-0.6368401669404368,-0.2158780226916735,-0.004200838905860152,-0.435866396959023,8.0,-8.281461542221438,0.42105263157894735,8,11,10,9,-1.3087148187633262,0.29962921827792843,0.21659947288487652,21.659947288487654,0.8569190285379705,47.368421052631575,52.63157894736842,0,19.0,0.577,6.78
M4|15m|50/200|d0.25,ETHUSD,M4,15,29,0.4482758620689655,-0.38886048101209125,-0.13181711220748854,-3.4293692944560346e-05,-0.07243602484355872,13.0,-2.100644720463203,0.4827586206896552,14,15,16,13,-1.0928449828178697,0.4780372600148294,0.31353945144228146,31.35394514422815,0.5207118869125243,48.275862068965516,51.724137931034484,0,29.0,0.905,6.61
M4|15m|50/200|d0.25,SOLUSD,M4,15,9,0.0,-0.21617721874422519,-0.07328041313363566,-0.006791948119406864,-0.29624957999726775,0.0,-2.66624621997541,0.3333333333333333,3,6,6,3,-1.1437009516977517,0.9399983727859231,0.5979797979798015,59.79797979798015,0.29624957999726775,33.33333333333333,66.66666666666666,0,8.0,0.658,4.84
M4|15m|50/200|d0.25,XRPUSD,M4,15,17,0.23529411764705882,-0.3101880082500165,-0.10514847737288695,-0.0018767795315131194,-0.18191914750735783,4.0,-3.092625507625083,0.4117647058823529,7,10,8,9,-1.2073639664804467,0.6466358470065501,0.5697644973410831,56.976449734108314,0.41721326515441653,41.17647058823529,58.82352941176471,0,16.0,0.77,7.54
M4|15m|50/200|d0.5,BTCUSD,M4,15,35,0.02857142857142857,-0.6049568567358246,-0.20507012092739813,0.0013988753399284495,-0.7800566737518656,1.0,-27.301983581315294,0.3142857142857143,11,24,18,17,-1.4571782151589243,0.30617557838674636,0.24258431531897603,24.258431531897603,0.8086281023232942,34.285714285714285,65.71428571428571,0,35.0,0.363,27.52
M4|15m|50/200|d0.5,ETHUSD,M4,15,44,0.1590909090909091,-0.381370022018574,-0.12927797356561832,-0.0010378887169385335,-0.35259497521022176,7.0,-15.514178909249758,0.38636363636363635,17,27,25,19,-1.2592488468377945,0.46982048337030635,0.34980341923581776,34.980341923581776,0.5116858843011308,38.63636363636363,61.36363636363637,0,40.4,0.617,18.1
M4|15m|50/200|d0.5,SOLUSD,M4,15,19,-0.05263157894736842,-0.2362733219090376,-0.080092651494589,-0.004027820990677701,-0.37302537334167263,-1.0,-7.08748209349178,0.3157894736842105,6,13,9,10,-1.1958684887263875,1.034750035737091,0.6124614197530776,61.24614197530776,0.3203937943943043,31.57894736842105,68.42105263157895,0,19.0,0.587,9.99
M4|15m|50/200|d0.5,XRPUSD,M4,15,27,0.2222222222222222,-0.44693722880023073,-0.1515041453560104,-0.00011443790849324118,-0.3763335898425122,6.0,-10.161006925747829,0.4074074074074074,11,16,13,14,-1.1727968333333332,0.581043603407612,0.49265577958214113,49.26557795821411,0.5985558120647343,40.74074074074074,59.25925925925925,0,23.9,0.617,14.18
M5|15m|50/200,BTCUSD,M5,15,67,-0.1044776119402985,-0.13004642779291606,-0.044083534845056276,0.0014402689256498749,-0.27716730565262104,-7.0,-18.57020947872561,0.29850746268656714,20,47,37,30,-1.108340276362906,1.3005230725843866,1.1195672984874594,111.95672984874594,0.17268969371232246,29.850746268656714,70.1492537313433,0,67.0,0.662,18.19
M5|15m|50/200,ETHUSD,M5,15,61,-0.06557377049180328,-0.08113859686668531,-0.027504609107350947,-0.0035875133770956126,-0.17780448984293515,-4.0,-10.846073880419045,0.3114754098360656,19,42,25,36,-1.0589045965770174,2.1367661297247627,2.006871778853648,200.68717788536483,0.11223071935113185,31.147540983606557,68.85245901639344,0,61.0,0.766,17.44
M5|15m|50/200,SOLUSD,M5,15,66,0.045454545454545456,-0.08473705418809878,-0.02872442514850807,-0.004450376377808609,-0.07245731025987001,3.0,-4.782182477151421,0.3484848484848485,23,43,29,37,-1.057618309058895,2.2132393166390463,2.0952557228446493,209.52557228446494,0.11791185571441547,34.84848484848485,65.15151515151516,0,66.0,0.901,16.5
M5|15m|50/200,XRPUSD,M5,15,58,-0.1206896551724138,-0.08844145731167906,-0.029980155020908155,-0.0018698505921086568,-0.24098111809710965,-7.0,-13.97690484963236,0.29310344827586204,17,41,25,33,-1.0581795797832796,1.9741951293392754,1.807735758382261,180.7735758382261,0.12029146292469586,29.310344827586203,70.6896551724138,0,58.0,0.692,16.14
M1|1h|5/20,BTCUSD,M1,60,136,-0.13970588235294118,-0.08312761726412454,-0.028178853309872725,-0.0008559274288010713,-0.2518682803557395,-19.0,-34.25408612838057,0.2867647058823529,39,97,72,64,-1.0817006631395194,1.8032487137475393,1.540475440477579,154.0475440477579,0.11216239800279834,28.676470588235293,71.32352941176471,0,136.0,0.683,41.66
M1|1h|5/20,ETHUSD,M1,60,125,0.03199999999999997,-0.046516763325670514,-0.015768394347684924,0.004683769983775999,-0.025601387689579466,3.9999999999999964,-3.200173461197433,0.344,43,82,60,65,-1.040736918179792,2.8248577752031467,2.735505475598538,273.55054755985384,0.05760138768957945,34.4,65.60000000000001,0,125.0,0.963,13.81
M1|1h|5/20,SOLUSD,M1,60,157,-0.1401273885350319,-0.041914219140065836,-0.01420820987798842,0.0021666953757224863,-0.19408312217736368,-22.000000000000007,-30.471050181846095,0.28662420382165604,45,112,81,76,-1.0406651719007836,3.11278597916243,3.0618711416485795,306.1871141648579,0.05395573364233177,28.662420382165603,71.3375796178344,0,150.6,0.742,34.02
M1|1h|5/20,XRPUSD,M1,60,131,0.07633587786259545,-0.04646777061955908,-0.015751786650697996,-0.002211708987385146,0.011904611604953213,10.000000000000004,1.5595041202488709,0.35877862595419846,47,84,79,52,-1.039554032045257,2.8297177462577006,2.738013026972229,273.80130269722287,0.06443126625764223,35.87786259541985,64.12213740458014,0,123.0,1.017,16.07
M2|1h|5/20|s0.00,BTCUSD,M2,60,126,-0.07142857142857142,-0.08984292889967092,-0.030455230135481667,-0.0002726291308477319,-0.19199935959457176,-9.0,-24.19191930891604,0.30952380952380953,39,87,67,59,-1.0775487243330204,1.7534587412863765,1.443538554873593,144.3538554873593,0.12057078816600032,30.952380952380953,69.04761904761905,0,126.0,0.751,28.26
M2|1h|5/20|s0.00,ETHUSD,M2,60,117,0.12820512820512817,-0.04992174936039772,-0.016922626901829732,-0.001824838697818401,0.05953591324508229,14.999999999999996,6.965701849674628,0.37606837606837606,44,73,59,58,-1.0456580741739612,2.6618472761881233,2.6363600592812095,263.63600592812094,0.06866921496004585,37.60683760683761,62.39316239316239,0,117.0,1.09,15.34
M2|1h|5/20|s0.00,SOLUSD,M2,60,124,0.2580645161290322,-0.04433657859125007,-0.015029348675000023,-0.0016778194907754627,0.19702076937200663,31.99999999999999,24.430575402128824,0.41935483870967744,52,72,71,53,-1.03338147547916,2.981961308518903,2.9281575703017224,292.8157570301722,0.061043746757025556,41.935483870967744,58.06451612903226,0,124.0,1.321,8.4
M2|1h|5/20|s0.00,XRPUSD,M2,60,115,0.14782608695652177,-0.04564703633012038,-0.015473571637328943,0.002832827499249924,0.08953830648832238,17.000000000000004,10.296905246157074,0.3826086956521739,44,71,66,49,-1.0382260346632006,2.847637317831736,2.7013491094625484,270.1349109462549,0.0582877804681994,38.26086956521739,61.73913043478261,0,111.0,1.137,9.06
M2|1h|5/20|s0.25,BTCUSD,M2,60,2,-1.0,-0.040340861015749685,-0.013674868140932096,0.11364648696793188,-0.94036924218875,-2.0,-1.8807384843775,0.0,0,2,2,0,-0.94036924218875,2.8844584212628837,2.8844584212628837,288.44584212628837,-0.059630757811250094,0.0,100.0,0,2.0,0.0,0.99
M2|1h|5/20|s0.25,SOLUSD,M2,60,3,1.0,-0.03162488472709531,-0.010720299907489935,0.0011740963754070504,0.9588289117408219,3.0,2.8764867352224655,0.6666666666666666,2,1,1,2,1.9468050889311284,3.7068802841214366,3.659824107207444,365.9824107207444,0.041171088259178194,66.66666666666666,33.33333333333333,0,3.0,3.768,1.04
M2|1h|5/20|s0.25,XRPUSD,M2,60,1,-1.0,-0.03492341998597565,-0.011838447452873102,0.04473520781140512,-1.0020266596274436,-1.0,-1.0020266596274436,0.0,0,1,1,0,-1.0020266596274436,3.322687593777184,3.322687593777184,332.2687593777184,0.002026659627443632,0.0,100.0,0,1.0,0.0,0.0
M3|1h|5/20|v1.2,BTCUSD,M3,60,35,0.2,-0.06206109063203068,-0.021037657841366325,-0.0005886003176698626,0.11631265120893311,7.0,4.070942792312659,0.4,14,21,16,19,-1.0443859212678843,2.3055016598456284,2.4285566903951303,242.85566903951303,0.08368734879106685,40.0,60.0,0,34.0,1.178,13.28
M3|1h|5/20|v1.2,ETHUSD,M3,60,25,0.68,-0.04288336519495149,-0.014536733964390336,-0.0049679543539641845,0.6176119464866939,17.0,15.440298662167349,0.56,14,11,12,13,1.8949549525616693,3.024735512204177,3.2657953351323243,326.57953351323243,0.062388053513306015,56.00000000000001,44.0,0,25.0,2.331,2.11
M3|1h|5/20|v1.2,SOLUSD,M3,60,31,-0.22580645161290322,-0.03182738316171425,-0.010788943444648898,0.0005535848164883864,-0.267869193402778,-7.0,-8.303944995486118,0.25806451612903225,8,23,15,16,-1.0310038694910948,3.876478958388765,4.021139426756619,402.113942675662,0.04206274178987475,25.806451612903224,74.19354838709677,0,30.0,0.652,15.82
M3|1h|5/20|v1.2,XRPUSD,M3,60,19,0.7368421052631579,-0.03777587020925655,-0.012805379731951375,-0.030552598293046455,0.6557082570289033,14.0,12.458456883549164,0.5789473684210527,11,8,9,10,1.8696143966135466,3.360119642590978,3.000189569347122,300.0189569347122,0.08113384823425439,57.89473684210527,42.10526315789473,0,19.0,2.429,4.2
M3|1h|5/20|v1.5,BTCUSD,M3,60,3,1.0,-0.044667197909529215,-0.015141423020179396,0.015042479125399077,0.9552338581956904,3.0,2.8657015745870713,0.6666666666666666,2,1,0,3,1.9611882189936278,2.8166623622606717,2.4285566903951303,242.85566903951303,0.044766141804309524,66.66666666666666,33.33333333333333,0,3.0,3.683,1.07
M3|1h|5/20|v1.5,ETHUSD,M3,60,1,-1.0,-0.040358127600554836,-0.013680721220527062,-0.01735090152565883,-1.0713897503467407,-1.0,-1.0713897503467407,0.0,0,1,1,0,-1.0713897503467407,2.881694644284569,2.881694644284569,288.1694644284569,0.07138975034674072,0.0,100.0,0,1.0,0.0,0.0
M3|1h|5/20|v1.5,SOLUSD,M3,60,4,-1.0,-0.03520367570535696,-0.011933449391646426,8.144699000903546e-05,-1.0470556781069942,-4.0,-4.188222712427977,0.0,0,4,2,2,-1.041121079069969,3.5354580091623458,3.6732712117000648,367.3271211700065,0.04705567810699435,0.0,100.0,0,4.0,0.0,3.16
M4|1h|5/20|d0.25,BTCUSD,M4,60,128,-0.0859375,-0.11178527699388585,-0.03789331423521554,-0.002160056628199765,-0.23777614785730117,-11.0,-30.43534692573455,0.3046875,39,89,65,63,-1.0935326058963784,1.5237868395200946,1.2429757576430591,124.29757576430592,0.15183864785730114,30.46875,69.53125,0,119.2,0.704,43.85
M4|1h|5/20|d0.25,ETHUSD,M4,60,149,0.12751677852348994,-0.06648958835117151,-0.022538843508871694,0.0026497705181603983,0.04113811718160715,19.0,6.129579460059465,0.37583892617449666,56,93,68,81,-1.0447872821037736,2.295466568242638,2.145198621747661,214.51986217476613,0.0863786613418828,37.58389261744966,62.41610738255034,0,140.7,1.061,9.32
M4|1h|5/20|d0.25,SOLUSD,M4,60,147,0.02040816326530612,-0.060343174180408375,-0.020455313281494365,0.00032224490952763866,-0.060068079287068976,3.0,-8.83000765519914,0.3401360544217687,50,97,79,68,-1.0496660521303856,2.4599515313930933,2.34008528784649,234.00852878464897,0.0804762425523751,34.01360544217687,65.98639455782312,0,147.0,0.915,20.57
M4|1h|5/20|d0.25,XRPUSD,M4,60,139,0.03597122302158273,-0.06985282316642616,-0.023678923107263106,-0.006561554778095436,-0.06412207803020196,5.0,-8.912968846198073,0.34532374100719426,48,91,71,68,-1.0572414799867822,2.1953165694247523,1.9421564956945008,194.21564956945008,0.1000933010517847,34.53237410071942,65.46762589928058,0,132.8,0.911,15.44
M4|1h|5/20|d0.5,BTCUSD,M4,60,119,0.21008403361344538,-0.09428400255589305,-0.03196067883250612,0.0010673849285087337,0.08490673715355497,25.0,10.103901721273042,0.40336134453781514,48,71,50,69,-1.0585338402523319,1.783598561169587,1.5397755120857577,153.97755120857576,0.12517729645989042,40.33613445378151,59.66386554621849,0,119.0,1.126,17.82
M4|1h|5/20|d0.5,ETHUSD,M4,60,150,0.06,-0.05643301111383199,-0.019129834275875245,0.0022923297169892315,-0.013270515672717972,9.0,-1.9905773509076958,0.35333333333333333,53,97,77,73,-1.0442590997797487,2.5432930047796876,2.4957246439515695,249.57246439515694,0.073270515672718,35.333333333333336,64.66666666666666,0,141.5,0.981,16.88
M4|1h|5/20|d0.5,SOLUSD,M4,60,175,-0.1085714285714286,-0.057806618049556724,-0.019595463745612447,0.00022737649273438972,-0.1857461338738634,-19.000000000000004,-32.505573427926095,0.29714285714285715,52,123,82,93,-1.053311923076923,2.526948359635689,2.4077114391718895,240.77114391718894,0.07717470530243478,29.714285714285715,70.28571428571428,0,175.0,0.754,43.32
M4|1h|5/20|d0.5,XRPUSD,M4,60,158,0.10126582278481013,-0.059454618824383486,-0.020154108076062202,0.0004858458122817646,0.022142941696646202,16.0,3.4985847880701,0.3670886075949367,58,100,74,84,-1.0475430727839452,2.4586809802272658,2.186645458106115,218.66454581061151,0.07912288108816391,36.708860759493675,63.29113924050633,0,153.0,1.032,13.2
M5|1h|5/20,BTCUSD,M5,60,106,-0.09433962264150944,-0.08922966802621317,-0.030247345093631587,-0.01826096691752748,-0.23207760267888167,-10.0,-24.600225883961457,0.3018867924528302,32,74,51,55,-1.0859860196112519,1.6907064412735775,1.5424840564632807,154.24840564632808,0.13773798003737228,30.18867924528302,69.81132075471697,0,105.0,0.707,37.89
M5|1h|5/20,ETHUSD,M5,60,103,0.22330097087378636,-0.052525294642922105,-0.017805184624719358,-0.008702805425077176,0.14426768618106772,22.999999999999996,14.859571676649976,0.4077669902912621,42,61,59,44,-1.044867153124161,2.5109220077600676,2.614648661439947,261.4648661439947,0.07903328469271863,40.77669902912621,59.22330097087378,0,103.0,1.227,10.53
M5|1h|5/20,SOLUSD,M5,60,117,-0.07692307692307693,-0.044251453582599055,-0.01500049273986408,-0.0029765976610847005,-0.13915162090662475,-9.0,-16.280739646075094,0.3076923076923077,36,81,52,65,-1.045791587591241,2.976301325201889,2.8107994942297996,281.07994942297995,0.06222854398354784,30.76923076923077,69.23076923076923,0,110.1,0.811,22.91
M5|1h|5/20,XRPUSD,M5,60,106,0.07547169811320754,-0.05305624202841923,-0.01798516678929465,-0.0151185804562074,-0.010688291160713693,8.0,-1.1329588630356515,0.3584905660377358,38,68,34,72,-1.0620885575872467,2.5630213190150255,2.375570564041936,237.5570564041936,0.08615998927392128,35.84905660377358,64.15094339622641,0,103.3,0.985,16.69
M1|1h|9/21,BTCUSD,M1,60,140,-0.1,-0.08582202742530792,-0.02909221268654506,0.0022917037179075216,-0.21262253639394538,-14.0,-29.767155095152354,0.3,42,98,75,65,-1.0764281336115036,1.763743166212908,1.473758136176366,147.3758136176366,0.11262253639394547,30.0,70.0,0,140.0,0.728,41.4
M1|1h|9/21,ETHUSD,M1,60,132,-0.11363636363636366,-0.05017686311537745,-0.01700910614080592,-0.0005867232106387529,-0.1814090561031858,-15.000000000000004,-23.945995405620526,0.29545454545454547,39,93,64,68,-1.046646550673937,2.6773325653854223,2.489981400299699,248.9981400299699,0.06777269246682212,29.545454545454547,70.45454545454545,0,125.5,0.759,29.86
M1|1h|9/21,SOLUSD,M1,60,148,-0.12837837837837837,-0.044705739860276136,-0.015154488088229195,0.00048532374919111845,-0.18775328257769255,-19.0,-27.7874858214985,0.2905405405405405,43,105,70,78,-1.0443851869036127,2.923578956121254,2.8740967462153217,287.4096746215322,0.05937490419931421,29.054054054054053,70.94594594594594,0,141.2,0.75,33.41
M1|1h|9/21,XRPUSD,M1,60,125,0.32,-0.04980591747871291,-0.016883361857190818,0.0067101994566293715,0.2600209201207257,40.0,32.50261501509071,0.44,55,70,68,57,-1.0185637590396481,2.7080997129921416,2.485125287879222,248.51252878792218,0.05997907987927436,44.0,56.00000000000001,0,120.7,1.439,6.51
M2|1h|9/21|s0.00,BTCUSD,M2,60,131,-0.10687022900763359,-0.08502864096838358,-0.02882326812487579,0.0011722664768177484,-0.21954987162407524,-14.0,-28.761033182753856,0.29770992366412213,39,92,74,57,-1.0745874391626966,1.7694167092718247,1.4804200303933335,148.04200303933334,0.11267964261644163,29.770992366412212,70.22900763358778,0,131.0,0.721,38.83
M2|1h|9/21|s0.00,ETHUSD,M2,60,131,-0.015267175572519111,-0.05259593892331492,-0.017829131838411838,-0.0018883678891031478,-0.08758061422334901,-2.0000000000000036,-11.47306046325872,0.3282442748091603,43,88,67,64,-1.0444868901423696,2.613451384676119,2.4759280359326974,247.59280359326974,0.0723134386508299,32.82442748091603,67.17557251908397,0,125.8,0.878,18.24
M2|1h|9/21|s0.00,SOLUSD,M2,60,139,-0.07194244604316546,-0.0460025874001533,-0.015594097423780779,0.00035838706253590435,-0.13318074380456366,-10.0,-18.512123388834347,0.30935251798561153,43,96,74,65,-1.0443254058234286,2.8521128201594745,2.8349827598711097,283.498275987111,0.061238297761398164,30.935251798561154,69.06474820143885,0,137.1,0.818,23.63
M2|1h|9/21|s0.00,XRPUSD,M2,60,124,0.33064516129032256,-0.0497004523270275,-0.01684761095831441,0.006677679762398162,0.2707747777673788,41.0,33.57607244315497,0.4435483870967742,55,69,68,56,-1.0154287967961502,2.714662971140911,2.503962888959804,250.39628889598043,0.05987038352294375,44.354838709677416,55.64516129032258,0,119.7,1.46,6.51
M2|1h|9/21|s0.25,BTCUSD,M2,60,48,0.375,-0.08434671180786298,-0.02859210569758067,-0.0019487460529279382,0.26011243644162846,18.0,12.485396949198165,0.4583333333333333,22,26,30,18,-0.9991447402418414,1.8752889531132744,1.461192438570897,146.1192438570897,0.11488756355837158,45.83333333333333,54.166666666666664,0,48.0,1.432,15.44
M2|1h|9/21|s0.25,ETHUSD,M2,60,39,0.0,-0.05193965401640153,-0.0176066623784412,-0.005646077138428972,-0.0751923935332717,0.0,-2.9325033477975966,0.3333333333333333,13,26,17,22,-1.0410391972619788,2.6601440958358316,2.2621005353857577,226.21005353857578,0.0751923935332717,33.33333333333333,66.66666666666666,0,38.0,0.895,11.65
M2|1h|9/21|s0.25,SOLUSD,M2,60,46,-0.021739130434782608,-0.04739742685512347,-0.016066924357668967,-0.0017535926551547985,-0.08695707430272984,-1.0,-4.000025417925572,0.32608695652173914,15,31,24,22,-1.0466227876270313,2.787368911553307,2.5655360937759824,256.5536093775982,0.06521794386794723,32.608695652173914,67.3913043478261,0,46.0,0.879,8.61
M2|1h|9/21|s0.25,XRPUSD,M2,60,40,-0.325,-0.050250510282812876,-0.017034071282309448,0.019543601649153565,-0.3727409799159688,-13.0,-14.90963919663875,0.225,9,31,26,14,-1.0447042920433622,2.718416286215246,2.5355330601855957,253.55330601855957,0.04774097991596876,22.5,77.5,0,39.0,0.545,19.9
M2|1h|9/21|s0.50,BTCUSD,M2,60,1,-1.0,-0.026143225419664275,-0.008862110311750602,-0.0021818661755395687,-1.0371872019069543,-1.0,-1.0371872019069543,0.0,0,1,1,0,-1.0371872019069543,4.413982905078197,4.413982905078197,441.39829050781975,0.037187201906954445,0.0,100.0,0,1.0,0.0,0.0
M3|1h|9/21|v1.2,BTCUSD,M3,60,30,-0.2,-0.06646391528223002,-0.022530140773637287,0.01182776519833697,-0.27716629085753036,-6.0,-8.314988725725911,0.26666666666666666,8,22,10,20,-1.0685873609573358,2.260819392209464,2.0330443268474716,203.30443268474716,0.07716629085753035,26.666666666666668,73.33333333333333,0,29.4,0.652,13.65
M3|1h|9/21|v1.2,ETHUSD,M3,60,18,-0.16666666666666666,-0.037184736014318404,-0.012604995259090986,-0.010426702813061468,-0.22688310075313753,-3.0,-4.083895813556476,0.2777777777777778,5,13,7,11,-1.039865665648779,3.38898669337515,3.2510611331425547,325.1061133142555,0.060216434086470864,27.77777777777778,72.22222222222221,0,18.0,0.708,7.51
M3|1h|9/21|v1.2,SOLUSD,M3,60,24,-0.125,-0.03707653375075975,-0.01256831652568127,0.004022541017991364,-0.17062230925844965,-3.0,-4.094935422202791,0.2916666666666667,7,17,14,10,-1.032194224375596,3.4342235937866903,3.4406614955932295,344.0661495593229,0.04562230925844966,29.166666666666668,70.83333333333334,0,23.0,0.768,9.64
M3|1h|9/21|v1.2,XRPUSD,M3,60,17,0.7647058823529411,-0.036559374338799626,-0.012393008250440554,-0.030920005234604378,0.6848334945290966,13.0,11.642169406994642,0.5882352941176471,10,7,10,7,1.8910542474936365,3.4682848793481464,3.4620689655172585,346.20689655172583,0.07987238782384457,58.82352941176471,41.17647058823529,0,17.0,2.514,3.16
M3|1h|9/21|v1.5,BTCUSD,M3,60,5,0.2,-0.03785749628431053,-0.012833049587901874,0.057051497460967694,0.2063609515887553,1.0,1.0318047579437766,0.4,2,3,2,3,-0.806071070275,3.317341401129139,3.0534351145038165,305.34351145038164,-0.006360951588755293,40.0,60.0,0,5.0,1.354,1.87
M3|1h|9/21|v1.5,ETHUSD,M3,60,2,0.5,-0.041349256245038615,-0.014016697032216481,0.0116094743975412,0.4562435211202861,1.0,0.9124870422405722,0.5,1,1,1,1,0.4562435211202861,2.796533861904582,2.796533861904582,279.6533861904582,0.0437564788797139,50.0,50.0,0,2.0,1.852,1.07
M3|1h|9/21|v1.5,SOLUSD,M3,60,2,-1.0,-0.029140857189084005,-0.009878256674265763,0.0070223112877473475,-1.0319968025756023,-2.0,-2.0639936051512047,0.0,0,2,1,1,-1.0319968025756023,4.079695946036621,4.079695946036621,407.96959460366213,0.03199680257560242,0.0,100.0,0,2.0,0.0,1.04
M3|1h|9/21|v1.5,XRPUSD,M3,60,1,-1.0,-0.03989123875661717,-0.013522453815802431,-0.017153067269753037,-1.0705667598421726,-1.0,-1.0705667598421726,0.0,0,1,1,0,-1.0705667598421726,2.9149305610296183,2.9149305610296183,291.4930561029619,0.07056675984217263,0.0,100.0,0,1.0,0.0,0.0
M4|1h|9/21|d0.25,BTCUSD,M4,60,98,-0.05102040816326531,-0.13303673453007375,-0.045097198145787706,0.003597901248759744,-0.22555643959036697,-5.0,-22.104531079855963,0.3163265306122449,31,67,55,43,-1.099803095743463,1.3121678553592007,1.133651846961661,113.3651846961661,0.1745360314271017,31.63265306122449,68.36734693877551,0,96.3,0.72,24.48
M4|1h|9/21|d0.25,ETHUSD,M4,60,104,-0.16346153846153846,-0.08515317724223893,-0.028865483810928454,0.0005338989864211379,-0.27694630052828473,-17.0,-28.80241525494161,0.27884615384615385,29,75,55,49,-1.073758953454437,1.7927959911235019,1.5640848144313255,156.40848144313256,0.11348476206674626,27.884615384615387,72.11538461538461,0,102.8,0.654,27.5
M4|1h|9/21|d0.25,SOLUSD,M4,60,95,0.23157894736842102,-0.08030240517646524,-0.027221154297106857,0.0005063473177970209,0.12456173521264592,21.999999999999996,11.833364845201363,0.4105263157894737,39,56,51,44,-1.0500907563819728,1.9851612151405733,1.741877705358478,174.1877705358478,0.10701721215577506,41.05263157894737,58.94736842105262,0,95.0,1.191,11.92
M4|1h|9/21|d0.25,XRPUSD,M4,60,96,-0.15625,-0.07987109582310771,-0.02707494773664668,-0.006055222966957127,-0.2692512665267115,-15.0,-25.848121586564304,0.28125,27,69,55,41,-1.0816032515284113,1.9500829462622271,1.7339564778498555,173.39564778498556,0.11300126652671154,28.125,71.875,0,89.8,0.663,27.42
M4|1h|9/21|d0.5,BTCUSD,M4,60,139,0.07913669064748201,-0.1335039480875572,-0.04525557562290075,0.00015038392960996808,-0.09947244913336593,11.0,-13.826670429537865,0.3597122302158273,50,89,71,68,-1.0763134289773157,1.3602911955230026,1.1028097410820865,110.28097410820865,0.178609139780848,35.97122302158273,64.02877697841727,0,133.1,0.868,28.66
M4|1h|9/21|d0.5,ETHUSD,M4,60,123,0.04878048780487801,-0.07157493848247708,-0.02426269101100918,0.0016339513858551985,-0.045423190302753054,5.999999999999995,-5.587052407238626,0.34959349593495936,43,80,62,61,-1.0541145212657086,2.175459210532875,1.9491863197567867,194.91863197567866,0.09420367810763106,34.959349593495936,65.04065040650406,0,121.2,0.936,13.54
M4|1h|9/21|d0.5,SOLUSD,M4,60,140,0.2214285714285714,-0.06846428850550154,-0.023208233391695435,0.0002860770300262624,0.1300421265614007,30.999999999999996,18.2058977185961,0.40714285714285714,57,83,71,69,-1.0419206220444452,2.280236655753498,2.173053702517495,217.30537025174954,0.0913864448671707,40.714285714285715,59.285714285714285,0,140.0,1.201,10.97
M4|1h|9/21|d0.5,XRPUSD,M4,60,137,-0.058394160583941604,-0.07602291471873734,-0.025770479565673673,-0.005738756054370348,-0.16592631092272295,-8.0,-22.731904596413045,0.31386861313868614,43,94,74,63,-1.0645142993390244,2.053224350690984,1.8444066813114022,184.44066813114023,0.10753215033878138,31.386861313868614,68.61313868613139,0,125.9,0.782,24.64
M5|1h|9/21,BTCUSD,M5,60,94,-0.0425531914893617,-0.0963026244064159,-0.03264495742590369,-0.019545910703959397,-0.19104668402564068,-4.0,-17.958388298410224,0.3191489361702128,30,64,45,49,-1.0927254367563197,1.6014045801273178,1.4033321136409653,140.3332113640965,0.148493492536279,31.914893617021278,68.08510638297872,0,92.0,0.756,34.32
M5|1h|9/21,ETHUSD,M5,60,90,0.23333333333333328,-0.05345766787356577,-0.018121243346971447,-0.008760767460015657,0.15299365465278042,20.999999999999996,13.769428918750238,0.4111111111111111,37,53,50,40,-1.0471104986871542,2.4319500945901478,2.4139263416129224,241.39263416129222,0.08033967868055288,41.11111111111111,58.88888888888889,0,90.0,1.241,9.92
M5|1h|9/21,SOLUSD,M5,60,108,-0.1388888888888889,-0.04744159668629894,-0.01608189718179625,-0.00287170850130103,-0.20528409125828515,-15.0,-22.170681855894795,0.28703703703703703,31,77,44,64,-1.052000943169633,2.763667397006571,2.607771766989443,260.77717669894434,0.06639520236939621,28.703703703703702,71.29629629629629,0,106.1,0.73,29.05
M5|1h|9/21,XRPUSD,M5,60,98,0.16326530612244897,-0.05556895223663033,-0.018836932961569606,-0.015966005575998674,0.07289341534825038,16.0,7.143554704128537,0.3877551020408163,38,60,37,61,-1.0562228887589211,2.4445438631639895,2.307133119969889,230.7133119969889,0.09037189077419862,38.775510204081634,61.224489795918366,0,97.2,1.109,10.76
M1|1h|12/26,BTCUSD,M1,60,127,0.03937007874015748,-0.08999827665334875,-0.03050789039096567,0.009145806097100816,-0.0719902822070561,5.0,-9.142765840296125,0.3464566929133858,44,83,58,69,-1.0695243231068852,1.7535903079022146,1.384641568894428,138.4641568894428,0.11136036094721358,34.645669291338585,65.35433070866141,0,125.1,0.901,33.9
M1|1h|12/26,ETHUSD,M1,60,104,0.41346153846153844,-0.050509696653407495,-0.01712193106895169,0.0009478511416637317,0.34677776188084297,43.0,36.06488723560767,0.47115384615384615,49,55,51,53,-1.025546094110739,2.7695814644312087,2.6578930030292756,265.78930030292753,0.06668377658069545,47.11538461538461,52.88461538461539,0,104.0,1.618,5.67
M1|1h|12/26,SOLUSD,M1,60,136,-0.16176470588235295,-0.04869113644130644,-0.01650546998010388,0.00099977270511729,-0.22596153959864598,-22.0,-30.730769385415854,0.27941176470588236,38,98,57,79,-1.0454656292885618,2.734285289821806,2.599150656768972,259.9150656768972,0.06419683371629302,27.941176470588236,72.05882352941177,0,127.0,0.705,40.02
M1|1h|12/26,XRPUSD,M1,60,122,0.08196721311475409,-0.05059154056243133,-0.017149674766925874,-0.00021375876022012617,0.014012239025176737,10.0,1.7094931610715618,0.36065573770491804,44,78,55,67,-1.0387167199299436,2.7388187908051687,2.7149798231748123,271.4979823174812,0.06795497408957732,36.0655737704918,63.934426229508205,0,119.8,1.021,10.71
M2|1h|12/26|s0.00,BTCUSD,M2,60,118,0.09322033898305085,-0.0895574415589635,-0.030358454765750338,0.007640660796278731,-0.019054896545384243,11.0,-2.2484777923553407,0.3644067796610169,43,75,59,59,-1.0628662306503918,1.7725120353696964,1.427787123848908,142.7787123848908,0.1122752355284351,36.440677966101696,63.559322033898304,0,118.0,0.973,31.45
M2|1h|12/26|s0.00,ETHUSD,M2,60,110,0.39090909090909093,-0.05226007633260117,-0.017715280112746156,0.0013433582609534787,0.32227709272469707,43.0,35.45048019971668,0.4636363636363636,51,59,58,52,-1.0279753867669459,2.692462011499203,2.571861885395562,257.1861885395562,0.06863199818439386,46.36363636363636,53.63636363636364,0,110.0,1.563,5.67
M2|1h|12/26|s0.00,SOLUSD,M2,60,133,-0.14285714285714285,-0.04927814892018404,-0.016704457261079334,0.001009302154035386,-0.20783044688437083,-19.0,-27.641449435621322,0.2857142857142857,38,95,63,70,-1.0450708081215907,2.7154805842884633,2.5742571221526007,257.4257122152601,0.06497330402722798,28.57142857142857,71.42857142857143,0,125.6,0.726,34.6
M2|1h|12/26|s0.00,XRPUSD,M2,60,118,0.09322033898305082,-0.04954986058463621,-0.01679656291004617,0.004112537601617238,0.03098645308998567,10.999999999999996,3.656401464618309,0.3644067796610169,43,75,55,63,-1.0374590062247573,2.7704767225135507,2.730043279015866,273.00432790158663,0.06223388589306513,36.440677966101696,63.559322033898304,0,118.0,1.046,8.48
M2|1h|12/26|s0.25,BTCUSD,M2,60,61,-0.01639344262295082,-0.08081974471963123,-0.027396523633773293,0.013929629866287206,-0.11068008111006811,-1.0,-6.751484947714155,0.32786885245901637,20,41,31,30,-1.0599540363568911,1.9493182626801386,1.5890228283704906,158.90228283704906,0.09428663848711731,32.78688524590164,67.21311475409836,0,60.0,0.852,14.72
M2|1h|12/26|s0.25,ETHUSD,M2,60,46,0.5,-0.05281269242117414,-0.017902607600398013,-9.689513979597857e-05,0.4291878048386319,23.0,19.742639022577066,0.5,23,23,23,23,0.3951024259149347,2.694737860218002,2.5835421824594316,258.3542182459431,0.07081219516136812,50.0,50.0,0,45.0,1.807,5.4
M2|1h|12/26|s0.25,SOLUSD,M2,60,68,-0.20588235294117646,-0.04762011581084481,-0.016142412139269424,9.578492961243947e-05,-0.26954909596167825,-14.0,-18.32933852539412,0.2647058823529412,18,50,34,34,-1.0510176612400024,2.7701759021051062,2.586040344849581,258.6040344849581,0.0636667430205018,26.47058823529412,73.52941176470588,0,65.0,0.656,20.2
M2|1h|12/26|s0.25,XRPUSD,M2,60,45,0.33333333333333326,-0.053411211093729705,-0.01810549528601007,0.003866809265328049,0.26568343621892154,14.999999999999996,11.95575462985147,0.4444444444444444,20,25,28,17,-1.0316659215686275,2.643391490553136,2.4864914369447755,248.64914369447754,0.06764989711441174,44.44444444444444,55.55555555555556,0,45.0,1.446,10.69
M2|1h|12/26|s0.50,BTCUSD,M2,60,5,0.2,-0.05793474987346266,-0.019638898262190733,-0.03497868265216715,0.0874476692121795,1.0,0.4372383460608975,0.4,2,3,3,2,-1.046146705772967,2.8992820942297417,3.583975000510611,358.39750005106106,0.11255233078782054,40.0,60.0,0,5.0,1.134,2.22
M2|1h|12/26|s0.50,ETHUSD,M2,60,1,2.0,-0.026132341020265484,-0.008858420684835756,0.05757898390132761,2.0225882221962266,2.0,2.0225882221962266,1.0,1,0,0,1,2.0225882221962266,4.320391280719774,4.320391280719774,432.0391280719774,-0.022588222196226374,100.0,0.0,0,1.0,,0.0
M2|1h|12/26|s0.50,XRPUSD,M2,60,1,-1.0,-0.03731765380604801,-0.012650052137643393,-0.003212513034410849,-1.0531802189781023,-1.0,-1.0531802189781023,0.0,0,1,1,0,-1.0531802189781023,3.11282783692547,3.11282783692547,311.282783692547,0.05318021897810225,0.0,100.0,0,1.0,0.0,0.0
M3|1h|12/26|v1.2,BTCUSD,M3,60,24,0.0,-0.05959532833338917,-0.020201806214708195,0.019074661418511243,-0.0607224731295861,0.0,-1.4573393551100664,0.3333333333333333,8,16,6,18,-1.045619815474692,2.6149216109933633,2.607794894028754,260.7794894028754,0.06072247312958612,33.33333333333333,66.66666666666666,0,22.0,0.915,6.11
M3|1h|12/26|v1.2,ETHUSD,M3,60,19,0.42105263157894735,-0.037998438454507115,-0.012880826594748176,-0.0025096914064925875,0.36766367512319953,8.0,6.985609827340791,0.47368421052631576,9,10,8,11,-1.0247012160120894,3.323251499861786,3.4743625665452504,347.43625665452504,0.05338895645574788,47.368421052631575,52.63157894736842,0,19.0,1.663,3.19
M3|1h|12/26|v1.2,SOLUSD,M3,60,16,-0.0625,-0.03597187619515189,-0.012193856337339624,0.005727119956339861,-0.10493861257615168,-1.0,-1.679017801218427,0.3125,5,11,6,10,-1.0275780022781626,3.4349428333418004,3.306984209126678,330.6984209126678,0.042438612576151655,31.25,68.75,0,15.0,0.853,10.43
M3|1h|12/26|v1.2,XRPUSD,M3,60,14,0.5,-0.03894796401204325,-0.013202699665099413,-0.028936667276309367,0.418912669046548,7.0,5.864777366651672,0.5,7,7,7,7,0.4743143853082965,3.327996531597171,3.0498152437707025,304.98152437707023,0.08108733095345204,50.0,50.0,0,14.0,1.764,3.16
M3|1h|12/26|v1.5,BTCUSD,M3,60,4,-0.25,-0.031871282487649026,-0.010803824572084415,0.05711687687059538,-0.23555823018913807,-1.0,-0.9422329207565523,0.25,1,3,2,2,-0.9218737958755521,3.8602915479504314,3.8404177979999066,384.04177979999065,-0.01444176981086194,25.0,75.0,0,4.0,0.677,1.88
M3|1h|12/26|v1.5,ETHUSD,M3,60,1,2.0,-0.0446401092896172,-0.015132240437158375,0.015532240437158373,1.9557598907103828,2.0,1.9557598907103828,1.0,1,0,0,1,1.9557598907103828,2.5752884886011977,2.5752884886011977,257.5288488601198,0.044240109289617205,100.0,0.0,0,1.0,,0.0
M3|1h|12/26|v1.5,SOLUSD,M3,60,1,-1.0,-0.026035416070917933,-0.008825564769802688,-0.004512782384901345,-1.039373763225622,-1.0,-1.039373763225622,0.0,0,1,1,0,-1.039373763225622,4.43185562568119,4.43185562568119,443.185562568119,0.039373763225621965,0.0,100.0,0,1.0,0.0,0.0
M3|1h|12/26|v1.5,XRPUSD,M3,60,1,-1.0,-0.03989123875661717,-0.013522453815802431,-0.017153067269753037,-1.0705667598421726,-1.0,-1.0705667598421726,0.0,0,1,1,0,-1.0705667598421726,2.9149305610296183,2.9149305610296183,291.4930561029619,0.07056675984217263,0.0,100.0,0,1.0,0.0,0.0
M4|1h|12/26|d0.25,BTCUSD,M4,60,63,-0.19047619047619047,-0.13652527208702395,-0.046279753249838636,0.0038124975578731923,-0.3694687182551799,-12.0,-23.276529250076333,0.2698412698412698,17,46,33,30,-1.0997088221709006,1.2878020842707238,1.1028097410820865,110.28097410820865,0.1789925277789894,26.984126984126984,73.01587301587301,0,62.6,0.567,25.59
M4|1h|12/26|d0.25,ETHUSD,M4,60,60,0.05,-0.09694501665551704,-0.03286271751034476,0.0002597444355442609,-0.07954798973031753,3.0,-4.772879383819052,0.35,21,39,29,31,-1.0630515694087985,1.5961170727185288,1.2267848410112066,122.67848410112066,0.12954798973031756,35.0,65.0,0,56.2,0.891,13.98
M4|1h|12/26|d0.25,SOLUSD,M4,60,63,-0.14285714285714285,-0.08928057933397471,-0.030264603164059222,-0.0012844562668279408,-0.2636867816220048,-9.0,-16.612267242186302,0.2857142857142857,18,45,34,29,-1.0698194854407657,1.809481237546954,1.57835810044493,157.835810044493,0.12082963876486189,28.57142857142857,71.42857142857143,0,62.6,0.671,20.27
M4|1h|12/26|d0.25,XRPUSD,M4,60,76,-0.13157894736842105,-0.0968533436520768,-0.03283164191595824,-0.0007933802247113761,-0.2620573131611674,-10.0,-19.916355800248724,0.2894736842105263,22,54,38,38,-1.081759346849441,1.6263625628217673,1.4086302971398756,140.86302971398757,0.13047836579274646,28.947368421052634,71.05263157894737,0,74.4,0.673,24.48
M4|1h|12/26|d0.5,BTCUSD,M4,60,98,0.01020408163265306,-0.13934966053672265,-0.04723717306329582,-0.0019455158283784265,-0.1783282677957439,1.0,-17.476170243982903,0.336734693877551,33,65,52,46,-1.0888787006009069,1.3832152003511862,1.1030610266437024,110.30610266437024,0.18853234942839694,33.6734693877551,66.3265306122449,0,97.4,0.774,26.91
M4|1h|12/26|d0.5,ETHUSD,M4,60,103,0.07766990291262141,-0.0839613937526463,-0.028461489407676708,9.872135147882588e-06,-0.03474310811255371,8.000000000000005,-3.578540135593032,0.3592233009708738,37,66,52,51,-1.0563281486310299,1.931495337569237,1.756962025316458,175.6962025316458,0.11241301102517512,35.92233009708738,64.07766990291263,0,102.1,0.951,20.96
M4|1h|12/26|d0.5,SOLUSD,M4,60,101,0.1584158415841584,-0.07476296490945525,-0.02534337793540856,-0.0005404984488387966,0.05776900029045578,15.999999999999996,5.834669029336034,0.38613861386138615,39,62,53,48,-1.0534478001964644,2.1206040268834148,1.7607996390007479,176.07996390007477,0.1006468412937026,38.613861386138616,61.386138613861384,0,101.0,1.085,12.4
M4|1h|12/26|d0.5,XRPUSD,M4,60,104,0.009615384615384616,-0.08912247689699274,-0.03021100911762466,-0.003491913648803878,-0.1132100150480367,1.0,-11.773841564995816,0.33653846153846156,35,69,52,52,-1.0742124750584314,1.8427340172234894,1.631395455133063,163.1395455133063,0.12282539966342128,33.65384615384615,66.34615384615384,0,97.9,0.848,16.54
M5|1h|12/26,BTCUSD,M5,60,86,-0.12790697674418605,-0.09101486598502141,-0.03085249694407504,-0.018130068440420765,-0.26790440811370325,-11.0,-23.03977909777848,0.29069767441860467,25,61,38,48,-1.089396503484079,1.6679169208793,1.380863837209139,138.08638372091391,0.13999743136951723,29.069767441860467,70.93023255813954,0,86.0,0.668,31.54
M5|1h|12/26,ETHUSD,M5,60,75,0.48,-0.05844737397772834,-0.01981266914499266,-0.008079509619427718,0.3936604472578512,36.0,29.52453354433884,0.49333333333333335,37,38,40,35,-0.9854331722880584,2.4026021278783105,2.273353920811742,227.33539208117423,0.08633955274214873,49.333333333333336,50.66666666666667,0,75.0,1.72,6.77
M5|1h|12/26,SOLUSD,M5,60,90,0.06666666666666667,-0.04961050018416985,-0.01681711870649825,-0.004263221436917062,-0.004024173660918473,6.0,-0.3621756294826626,0.35555555555555557,32,58,40,50,-1.0479099197319763,2.615825793145676,2.5347991608999245,253.47991608999246,0.07069084032758516,35.55555555555556,64.44444444444444,0,88.1,0.994,14.77
M5|1h|12/26,XRPUSD,M5,60,78,0.07692307692307693,-0.05466104009818854,-0.018529166134979163,-0.01667224566659816,-0.01293937497668896,6.0,-1.009271248181739,0.358974358974359,28,50,30,48,-1.0647275136285197,2.4479088949141636,2.2870250000047188,228.70250000047187,0.08986245189976587,35.8974358974359,64.1025641025641,0,78.0,0.982,16.18
M1|1h|20/50,BTCUSD,M1,60,52,0.2692307692307692,-0.0638022672700907,-0.021627887210200234,0.012134325888503102,0.19593494063898134,14.0,10.18861691322703,0.4230769230769231,22,30,25,27,-1.0174108225746692,2.5028380826335304,2.1083848470460795,210.83848470460796,0.07329582859178783,42.30769230769231,57.692307692307686,0,51.9,1.318,5.68
M1|1h|20/50,ETHUSD,M1,60,78,-0.23076923076923078,-0.046661566109569994,-0.01581748003714237,-0.0015527364575770842,-0.29480101337352027,-18.0,-22.994479043134582,0.2564102564102564,20,58,44,34,-1.0498390838320832,2.8952270642891875,2.849702139940977,284.9702139940977,0.06403178260428946,25.64102564102564,74.35897435897436,0,74.0,0.628,29.05
M1|1h|20/50,SOLUSD,M1,60,72,-0.041666666666666664,-0.04395424356587013,-0.014899743581650894,-0.002128036709947774,-0.10264869052413542,-3.0,-7.39070571773775,0.3194444444444444,23,49,37,35,-1.0381681253985575,3.0248203563064693,3.1552441203274952,315.5244120327495,0.060982023857468794,31.944444444444443,68.05555555555556,0,71.6,0.858,16.63
M1|1h|20/50,XRPUSD,M1,60,61,0.2786885245901639,-0.04270451057666083,-0.01447610528022401,-0.00918258460050125,0.21232532413277785,17.0,12.951844772099449,0.4262295081967213,26,35,29,32,-1.0306245661202165,3.1818307276833426,3.1411235398522246,314.11235398522246,0.06636320045738608,42.62295081967213,57.377049180327866,0,60.1,1.352,9.74
M2|1h|20/50|s0.00,BTCUSD,M2,60,51,0.29411764705882354,-0.0623914753967251,-0.021149652676855965,0.012360414649830237,0.22293693363507266,15.0,11.369783615388705,0.43137254901960786,22,29,25,26,-1.0020675185616865,2.5347952562973295,2.110242946236441,211.02429462364412,0.07118071342375085,43.13725490196079,56.86274509803921,0,51.0,1.369,5.68
M2|1h|20/50|s0.00,ETHUSD,M2,60,82,-0.1951219512195122,-0.048695495871362966,-0.016506947753004392,-0.001444247227911027,-0.2617686420717906,-16.0,-21.465028649886833,0.2682926829268293,22,60,46,36,-1.0512063312524398,2.786808686835545,2.6807453521629014,268.07453521629014,0.06664669085227838,26.82926829268293,73.17073170731707,0,80.4,0.666,27.52
M2|1h|20/50|s0.00,SOLUSD,M2,60,70,-0.05714285714285714,-0.04410671124979744,-0.01495142754230422,-0.0022385131228622062,-0.11843950905782101,-4.0,-8.290765634047471,0.3142857142857143,22,48,37,33,-1.0381681253985575,3.024345678151875,3.17500181506523,317.500181506523,0.061296651914963855,31.428571428571427,68.57142857142857,0,68.5,0.837,17.53
M2|1h|20/50|s0.00,XRPUSD,M2,60,61,0.2786885245901639,-0.04270451057666083,-0.01447610528022401,-0.00918258460050125,0.21232532413277785,17.0,12.951844772099449,0.4262295081967213,26,35,29,32,-1.0306245661202165,3.1818307276833426,3.1411235398522246,314.11235398522246,0.06636320045738608,42.62295081967213,57.377049180327866,0,60.1,1.352,9.74
M2|1h|20/50|s0.25,BTCUSD,M2,60,21,0.42857142857142855,-0.043472535574595454,-0.014736452737150999,0.05237981070047747,0.4227422509601595,9.0,8.87758727016335,0.47619047619047616,10,11,8,13,-0.7103862016031453,3.0901202925034004,2.994509033141396,299.45090331413957,0.005829177611268989,47.61904761904761,52.38095238095239,0,21.0,1.842,3.2
M2|1h|20/50|s0.25,ETHUSD,M2,60,22,-0.18181818181818182,-0.037784347576211824,-0.012808253415665027,0.005203919187696139,-0.2272068636223625,-4.0,-4.998550999691975,0.2727272727272727,6,16,13,9,-1.0439947421328672,3.303289467168676,3.3658582034612543,336.5858203461254,0.0453886818041807,27.27272727272727,72.72727272727273,0,22.0,0.703,8.96
M2|1h|20/50|s0.25,SOLUSD,M2,60,21,-0.42857142857142855,-0.04006056574230589,-0.013579852794001994,-0.006152781054311274,-0.4883646281620478,-9.0,-10.255657191403003,0.19047619047619047,4,17,13,8,-1.0564835512887043,3.1901194094586263,3.4365545560611963,343.65545560611963,0.05979319959061916,19.047619047619047,80.95238095238095,0,21.0,0.432,16.11
M2|1h|20/50|s0.25,XRPUSD,M2,60,22,0.22727272727272727,-0.03419307974102099,-0.011590874488481694,-0.01249290182533087,0.16899587121789372,5.0,3.717909166793662,0.4090909090909091,9,13,7,15,-1.0264541518237298,3.591310524488864,3.613618641127344,361.3618641127344,0.05827685605483356,40.909090909090914,59.09090909090909,0,22.0,1.275,5.38
M2|1h|20/50|s0.50,BTCUSD,M2,60,2,-1.0,-0.02566470812554418,-0.008699901059506502,0.17813774910263483,-0.8562268600824159,-2.0,-1.7124537201648318,0.0,0,2,0,2,-0.8562268600824159,4.710729329192758,4.710729329192758,471.0729329192758,-0.14377313991758414,0.0,100.0,0,2.0,0.0,0.71
M3|1h|20/50|v1.2,BTCUSD,M3,60,19,-0.5263157894736842,-0.06529389977498516,-0.0221335253474526,0.0019031884057309847,-0.6118400261903909,-10.0,-11.624960497617428,0.15789473684210525,3,16,7,12,-1.0702706629834253,2.422607111820102,1.8422391857506362,184.2239185750636,0.08552423671670678,15.789473684210526,84.21052631578947,0,17.0,0.334,13.2
M3|1h|20/50|v1.2,ETHUSD,M3,60,13,-0.3076923076923077,-0.03607161605204625,-0.01222766645832076,-0.015683758099636822,-0.3716753483023115,-4.0,-4.83177952793005,0.23076923076923078,3,10,4,9,-1.0392886408358946,3.3624903655507716,3.1849622884833324,318.49622884833326,0.06398304061000383,23.076923076923077,76.92307692307693,0,13.0,0.549,4.45
M3|1h|20/50|v1.2,SOLUSD,M3,60,7,-0.14285714285714285,-0.033388555370897945,-0.011318154363016251,-0.0058763768288902065,-0.19344022941994732,-1.0,-1.3540816059396312,0.2857142857142857,2,5,5,2,-1.041173416720674,3.750140654310873,3.986489997401936,398.64899974019363,0.0505830865628044,28.57142857142857,71.42857142857143,0,7.0,0.743,5.27
M3|1h|20/50|v1.2,XRPUSD,M3,60,10,0.8,-0.037398818019264965,-0.012677565430259307,0.00354602944251287,0.7534696459929886,8.0,7.5346964599298865,0.6,6,4,8,2,1.917296900663483,3.327576877661173,2.9654893684125576,296.5489368412558,0.0465303540070114,60.0,40.0,0,10.0,2.839,2.11
M3|1h|20/50|v1.5,BTCUSD,M3,60,3,0.0,-0.03121563876801377,-0.010581572463733485,-0.013940017552287442,-0.055737228784034754,0.0,-0.16721168635210426,0.3333333333333333,1,2,2,1,-1.0376765214761041,4.08749869260876,4.627400481495997,462.74004814959966,0.0557372287840347,33.33333333333333,66.66666666666666,0,3.0,0.921,1.07
M3|1h|20/50|v1.5,XRPUSD,M3,60,1,-1.0,-0.03989123875661717,-0.013522453815802431,-0.017153067269753037,-1.0705667598421726,-1.0,-1.0705667598421726,0.0,0,1,1,0,-1.0705667598421726,2.9149305610296183,2.9149305610296183,291.4930561029619,0.07056675984217263,0.0,100.0,0,1.0,0.0,0.0
M4|1h|20/50|d0.25,BTCUSD,M4,60,33,0.0,-0.17610040760220724,-0.05969505342447704,-0.005275737821939616,-0.24107119884862388,0.0,-7.955349562004588,0.3333333333333333,11,22,23,10,-1.134463688242053,1.133157240653203,0.8773523849864979,87.73523849864979,0.24107119884862388,33.33333333333333,66.66666666666666,0,32.0,0.7,10.9
M4|1h|20/50|d0.25,ETHUSD,M4,60,35,0.02857142857142857,-0.09032287746399843,-0.030617924564067263,0.0009094525817292775,-0.09145992087490785,1.0,-3.201097230621775,0.34285714285714286,12,23,22,13,-1.0837006666666666,1.6777011749729411,1.5413785776164906,154.13785776164906,0.1200313494463364,34.285714285714285,65.71428571428571,0,35.0,0.877,7.16
M4|1h|20/50|d0.25,SOLUSD,M4,60,24,0.125,-0.08764070402196526,-0.029708713227784834,-0.0017667810441253228,0.005883801706124588,3.0,0.1412112409469901,0.375,9,15,16,8,-1.0383318583609178,2.1547966023198137,1.7536257439507374,175.36257439507375,0.11911619829387543,37.5,62.5,0,24.0,1.008,5.41
M4|1h|20/50|d0.25,XRPUSD,M4,60,29,-0.1724137931034483,-0.08846906053028011,-0.029989512044162746,0.00213477999644491,-0.28873758568144625,-5.0,-8.37338998476194,0.27586206896551724,8,21,13,16,-1.0883858585325894,1.8409284415273675,1.366167023554596,136.6167023554596,0.11632379257799795,27.586206896551722,72.41379310344827,0,28.0,0.644,10.7
M4|1h|20/50|d0.5,BTCUSD,M4,60,53,-0.03773584905660377,-0.17271033508591183,-0.05854587630030908,-0.00031488834089927846,-0.26930694878372397,-2.0,-14.273268285537371,0.32075471698113206,17,36,36,17,-1.1171578702397742,1.179041040741845,0.8773523849864979,87.73523849864979,0.23157109972712014,32.075471698113205,67.9245283018868,0,52.5,0.673,23.42
M4|1h|20/50|d0.5,ETHUSD,M4,60,54,-0.16666666666666666,-0.08141463184476962,-0.027598180286362583,7.366811708721318e-05,-0.2756058106807117,-9.0,-14.882713776758433,0.2777777777777778,15,39,31,23,-1.0726517101990245,1.8762842435668405,1.8356226179421016,183.56226179421017,0.10893914401404502,27.77777777777778,72.22222222222221,0,54.0,0.658,14.68
M4|1h|20/50|d0.5,SOLUSD,M4,60,40,0.05,-0.07824382580186463,-0.0265233307802931,0.0027255159172753633,-0.05204164066488234,2.0,-2.0816656265952935,0.35,14,26,17,23,-1.0480207671403934,2.2803943301107217,1.9145845668222319,191.4584566822232,0.10204164066488237,35.0,65.0,0,38.9,0.927,6.89
M4|1h|20/50|d0.5,XRPUSD,M4,60,53,0.018867924528301886,-0.0811774945617193,-0.027517794766684506,-0.0034321973190857805,-0.09325956211918769,1.0,-4.942756792316947,0.33962264150943394,18,35,27,26,-1.0683668000000002,2.0191297324258546,1.735504793129261,173.55047931292611,0.11212748664748957,33.9622641509434,66.0377358490566,0,49.8,0.873,14.75
M5|1h|20/50,BTCUSD,M5,60,58,-0.1724137931034483,-0.08027206374449286,-0.027210869065929778,-0.021129723479843286,-0.3010264493937142,-10.0,-17.459534064835424,0.27586206896551724,16,42,30,28,-1.0906801236600319,1.8981851792051605,1.552249782773395,155.22497827733952,0.1286126562902659,27.586206896551722,72.41379310344827,0,55.0,0.633,22.61
M5|1h|20/50,ETHUSD,M5,60,52,0.038461538461538464,-0.05323216492978418,-0.01804480167111328,-0.007343696062788816,-0.0401591242021478,2.0,-2.0882744585116857,0.34615384615384615,18,34,30,22,-1.0491668028008296,2.6821321030721603,2.6807453521629014,268.07453521629014,0.07862066266368628,34.61538461538461,65.38461538461539,0,51.0,0.943,10.43
M5|1h|20/50,SOLUSD,M5,60,44,-0.11363636363636363,-0.043608307372249945,-0.014782477075338968,-0.005382291136660517,-0.17740943922061303,-5.0,-7.806015325706974,0.29545454545454547,13,31,20,24,-1.0452049835371202,2.984869515488005,3.0741242588140825,307.41242588140824,0.06377307558424944,29.545454545454547,70.45454545454545,0,44.0,0.763,10.55
M5|1h|20/50,XRPUSD,M5,60,42,0.0,-0.052191283488619566,-0.017691960504616806,-0.015415773504893506,-0.0852990174981299,0.0,-3.582558734921456,0.3333333333333333,14,28,18,24,-1.0476447401312607,2.625159751733626,2.679650699159084,267.96506991590843,0.08529901749812988,33.33333333333333,66.66666666666666,0,42.0,0.88,11.72
M1|1h|50/200,BTCUSD,M1,60,30,0.0,-0.06527105017984501,-0.022125779721981365,0.007785936001685335,-0.07961089390014105,0.0,-2.3883268170042316,0.3333333333333333,10,20,15,15,-1.022807415410437,2.594754749333741,2.762536668350753,276.25366683507525,0.07961089390014105,33.33333333333333,66.66666666666666,0,30.0,0.889,8.58
M1|1h|50/200,ETHUSD,M1,60,27,0.1111111111111111,-0.06034862386977119,-0.020457160633820744,0.005731568185218121,0.03603689479273729,3.0,0.9729961594039069,0.37037037037037035,10,17,13,14,-1.0137201444198933,2.7716756549577943,2.7428663355386123,274.28663355386124,0.07507421631837383,37.03703703703704,62.96296296296296,0,26.1,1.053,6.49
M1|1h|50/200,SOLUSD,M1,60,23,0.30434782608695654,-0.04265126213317068,-0.014458054960396842,-0.001820563775048051,0.24541794521834093,7.0,5.6446127400218415,0.43478260869565216,10,13,13,10,-1.0320973254227093,3.0300953852811654,2.9065324695888095,290.6532469588809,0.05892988086861557,43.47826086956522,56.52173913043478,0,23.0,1.414,4.19
M1|1h|50/200,XRPUSD,M1,60,18,0.16666666666666666,-0.04776292010511731,-0.016190820374616038,-0.031491090681368544,0.07122183550556481,3.0,1.2819930391001666,0.3888888888888889,7,11,10,8,-1.043322389011157,3.0054208442817223,3.203998644840658,320.3998644840658,0.09544483116110188,38.88888888888889,61.111111111111114,0,17.0,1.108,5.74
M2|1h|50/200|s0.00,BTCUSD,M2,60,30,0.0,-0.06527105017984501,-0.022125779721981365,0.007785936001685335,-0.07961089390014105,0.0,-2.3883268170042316,0.3333333333333333,10,20,15,15,-1.022807415410437,2.594754749333741,2.762536668350753,276.25366683507525,0.07961089390014105,33.33333333333333,66.66666666666666,0,30.0,0.889,8.58
M2|1h|50/200|s0.00,ETHUSD,M2,60,25,-0.04,-0.06082940187549835,-0.02062013622898249,0.007239756133532038,-0.11420978197094879,-1.0,-2.8552445492737197,0.32,8,17,11,14,-1.032543009122181,2.814923253900464,2.8805120910383994,288.05120910383994,0.07420978197094881,32.0,68.0,0,23.0,0.844,9.97
M2|1h|50/200|s0.00,SOLUSD,M2,60,22,0.36363636363636365,-0.04289068775084771,-0.014539216186728038,-0.0019033166739138715,0.30430314302487405,8.0,6.694669146547229,0.45454545454545453,10,12,13,9,-1.0290275642565159,3.022051835977306,2.791812019444028,279.1812019444028,0.05933322061148963,45.45454545454545,54.54545454545454,0,22.0,1.532,4.19
M2|1h|50/200|s0.00,XRPUSD,M2,60,18,0.3333333333333333,-0.04896590325539968,-0.01659861127301684,-0.03100817554315879,0.23676064326175805,6.0,4.261691578711645,0.4444444444444444,8,10,9,9,-1.036955562623214,2.9020002125739874,3.0689990714795488,306.8999071479549,0.0965726900715753,44.44444444444444,55.55555555555556,0,18.0,1.393,5.74
M2|1h|50/200|s0.25,BTCUSD,M2,60,1,2.0,-0.030013455362877327,-0.010174052665382145,-0.029322157996146434,1.930490333975594,2.0,1.930490333975594,1.0,1,0,1,0,1.930490333975594,4.092468228831268,4.092468228831268,409.24682288312675,0.0695096660244059,100.0,0.0,0,1.0,,0.0
M3|1h|50/200|v1.2,BTCUSD,M3,60,3,0.0,-0.04973409623788263,-0.016859015673858516,0.03310742028338385,-0.03348569162835724,0.0,-0.10045707488507172,0.3333333333333333,1,2,1,2,-0.954229863208,2.5928017555433653,2.5626872733007415,256.2687273300741,0.03348569162835729,33.33333333333333,66.66666666666666,0,3.0,0.951,2.04
M3|1h|50/200|v1.2,ETHUSD,M3,60,3,1.0,-0.029742329311538463,-0.010082145529335075,-0.002341163235565465,0.9578343619235611,3.0,2.8735030857706834,0.6666666666666666,2,1,1,2,1.9233523260437377,4.065301320249464,4.102964482147856,410.2964482147856,0.042165638076439006,66.66666666666666,33.33333333333333,0,3.0,3.835,0.0
M3|1h|50/200|v1.2,SOLUSD,M3,60,3,0.0,-0.0412930184986105,-0.013997633389359493,-0.006701796941686665,-0.061992448829656675,0.0,-0.18597734648897002,0.3333333333333333,1,2,2,1,-1.0320973254227093,3.117398548895847,2.542919280957695,254.2919280957695,0.061992448829656654,33.33333333333333,66.66666666666666,0,3.0,0.912,1.08
M3|1h|50/200|v1.2,XRPUSD,M3,60,2,0.5,-0.0402922250933507,-0.013658381387576508,-0.011900247456338563,0.43414914606273425,1.0,0.8682982921254685,0.5,1,1,2,0,0.43414914606273425,3.2397380992073748,3.2397380992073748,323.97380992073744,0.06585085393726577,50.0,50.0,0,2.0,1.829,0.0
M3|1h|50/200|v1.5,BTCUSD,M3,60,1,-1.0,-0.04663541538461538,-0.015808615384615383,0.10821416756123077,-0.954229863208,-1.0,-0.954229863208,0.0,0,1,0,1,-0.954229863208,2.5626872733007415,2.5626872733007415,256.2687273300741,-0.04577013679200001,0.0,100.0,0,1.0,0.0,0.0
M4|1h|50/200|d0.25,BTCUSD,M4,60,3,-1.0,-0.23042023992894037,-0.07810855590811537,-0.0006942291075991189,-1.3092230249446548,-3.0,-3.927669074833964,0.0,0,3,2,1,-1.3833525641025641,0.6099534988183031,0.4130043418405168,41.30043418405168,0.30922302494465487,0.0,100.0,0,3.0,0.0,2.77
M4|1h|50/200|d0.25,ETHUSD,M4,60,3,-1.0,-0.3419689127090289,-0.11592166532509456,-0.006598016403787284,-1.464488594437911,-3.0,-4.393465783313733,0.0,0,3,3,0,-1.141232833036335,1.697991874458967,1.1247744928389871,112.47744928389871,0.46448859443791085,0.0,100.0,0,3.0,0.0,3.33
M4|1h|50/200|d0.25,SOLUSD,M4,60,8,0.125,-0.14663843374654523,-0.049707943642896685,-0.000720670997318588,-0.07206704838676045,1.0,-0.5765363870940836,0.375,3,5,6,2,-1.047639091019809,1.5418188774781034,1.2006907145214427,120.06907145214429,0.19706704838676053,37.5,62.5,0,8.0,0.907,3.58
M4|1h|50/200|d0.25,XRPUSD,M4,60,5,0.2,-0.09360200596220344,-0.031729493546509634,-0.007283099263014176,0.06738540122827272,1.0,0.3369270061413636,0.4,2,3,2,3,-1.0554459852464382,1.8114697188161961,1.4125316914161588,141.25316914161587,0.13261459877172727,40.0,60.0,0,5.0,1.102,1.15
M4|1h|50/200|d0.5,BTCUSD,M4,60,7,-0.5714285714285714,-0.20566210113711578,-0.0697159664871579,0.0015428891086722008,-0.8452637499441729,-4.0,-5.91684624960921,0.14285714285714285,1,6,5,2,-1.1866904036205206,0.8079416575878462,0.4565804659657311,45.65804659657311,0.27383517851560146,14.285714285714285,85.71428571428571,0,6.0,0.214,4.76
M4|1h|50/200|d0.5,ETHUSD,M4,60,6,-1.0,-0.21873187976498618,-0.0741463999203343,-0.006859762361459766,-1.2997380420467803,-6.0,-7.798428252280682,0.0,0,6,5,1,-1.137939625473391,1.7433578252511222,1.1826044767330006,118.26044767330006,0.2997380420467802,0.0,100.0,0,5.0,0.0,6.75
M4|1h|50/200|d0.5,SOLUSD,M4,60,10,-0.4,-0.15650634232281144,-0.053052997397563195,0.0027728764471285873,-0.606786463273246,-4.0,-6.06786463273246,0.2,2,8,6,4,-1.134085491700227,1.4370164444476785,1.085892071861649,108.5892071861649,0.20678646327324607,20.0,80.0,0,10.0,0.384,6.4
M4|1h|50/200|d0.5,XRPUSD,M4,60,7,0.2857142857142857,-0.08406139324706063,-0.028495387541376486,-0.004833028846537754,0.16832447607931086,2.0,1.1782713325551761,0.42857142857142855,3,4,3,4,-1.0554459852464382,1.8713777941471967,1.5952980688497018,159.52980688497018,0.1173898096349749,42.857142857142854,57.14285714285714,0,7.0,1.271,2.14
M5|1h|50/200,BTCUSD,M5,60,14,0.5,-0.05801864583155979,-0.019667337570020264,-0.024347787855014593,0.3979662287434053,7.0,5.571527202407674,0.5,7,7,6,8,0.39296390345341836,2.515207939571414,2.6991210319577306,269.91210319577306,0.10203377125659466,50.0,50.0,0,14.0,1.713,4.61
M5|1h|50/200,ETHUSD,M5,60,11,0.6363636363636364,-0.04671669018510733,-0.015836166164443163,-0.013542171115676493,0.5602686088984093,7.0,6.162954697882503,0.5454545454545454,6,5,6,5,1.8662874174804536,2.912166611620257,2.485480572100203,248.5480572100203,0.07609502746522699,54.54545454545454,45.45454545454545,0,11.0,2.162,2.19
M5|1h|50/200,SOLUSD,M5,60,9,0.6666666666666666,-0.04053535196277405,-0.01374079727551663,-0.00678700077949505,0.6056035166488809,6.0,5.450431649839929,0.5555555555555556,5,4,6,3,1.8900582168817681,3.118808909654972,3.303747776182231,330.3747776182231,0.06106315001778574,55.55555555555556,44.44444444444444,0,9.0,2.294,2.11
M5|1h|50/200,XRPUSD,M5,60,10,-0.4,-0.05863086693390699,-0.019874870147087113,-0.03954903526787124,-0.5180547723488653,-4.0,-5.180547723488653,0.2,2,8,3,7,-1.0667052646601878,2.742321595597083,2.8687114564315546,286.87114564315544,0.11805477234886533,20.0,80.0,0,10.0,0.408,7.68
