symbol,family,timeframe_min,confirm_min,spec_hash,bars,signals,status,trades,trades_per_day,days,rej_cost,rej_cooldown,initial_capital,total_pnl,final_equity,return_pct,max_dd_pct,total_fees,total_funding,optimistic_pnl,gross_win,gross_loss,avg_win,avg_loss,best_trade,worst_trade,profit_factor,win_rate,net_r,net_r_lo,net_r_hi,gross_r,cost_r,bars_held,median_r_bps,avg_leverage,ambiguous_pct
AKEUSD,atr_arm,5,1,5104b68fd7d7,6009,761.0,ok,123.0,5.895157264103845,20.864583333333332,18.0,167.0,10000.0,-1182.4050828830457,8817.594917116956,-11.824050828830456,15.129362985911174,353.89342315600004,-24.6483402729595,-1057.7501787359997,3340.2398940447533,-4522.644976927799,95.43542554413581,-51.39369291963408,119.93373874406394,-56.94091922559632,0.7385589430709096,0.2845528455284553,-0.20270218375615612,-0.42858673320171065,0.045307886598542194,-0.1359708415847533,0.06673134217140274,20.252032520325205,274.50689970130014,0.2094730356506469,0.8130081300813009
AKEUSD,atr_arm,5,5,5dc5ac0f708a,6009,1223.0,ok,126.0,6.038941587618573,20.864583333333332,41.0,242.0,10000.0,-1955.5264667963788,8042.449264063617,-19.555264667963787,20.41503408485727,324.80673323999997,-4.372266443625103,-1671.51607040001,2678.8992495688613,-4634.42571636524,89.29664165229538,-48.275267878804584,117.03918123981606,-57.93115633346002,0.5780434110981738,0.23809523809523808,-0.34398134310141754,-0.5642287456731008,-0.10883228151618837,-0.2802345658800975,0.06374677722131995,22.706349206349206,284.0750122309174,0.20002689513258728,1.5873015873015872
AKEUSD,atr_banded,5,1,ddd76a9fda2b,6009,182.0,ok,58.0,2.779830254618073,20.864583333333332,8.0,11.0,10000.0,71.20115440376118,10071.201154403763,0.7120115440376118,5.932312467416386,172.497744332,-13.837898735760803,57.36325566800224,1980.3081284500938,-1909.106974046333,94.30038706905209,-51.59748578503603,101.54394958620182,-58.383752771736894,1.037295528941917,0.3620689655172414,0.02995975083567396,-0.34010161737714717,0.3546820903409328,0.10069863683989828,0.07073888600422436,23.637931034482758,257.511195804036,0.22174391520225542,0.0
AKEUSD,atr_banded,5,5,252136b1eac7,6009,329.0,ok,69.0,3.307039440838742,20.864583333333332,22.0,19.0,10000.0,-335.8641657218309,9664.135834278171,-3.3586416572183087,7.009411457167425,198.91818400600005,-26.4480182841683,-362.31218400599573,2025.9631278549023,-2361.827293576733,92.08923308431373,-50.251644544185815,97.6384130636556,-54.591216804438254,0.8577947817627254,0.3188405797101449,-0.0962595070150908,-0.40613157961739027,0.2208938897796558,-0.02720066818499916,0.06905883883009162,20.115942028985508,267.3809523809526,0.21643752960852694,0.0
AKEUSD,atr_adx,5,1,46cfb055642f,6009,316.0,ok,72.0,3.45082376435347,20.864583333333332,9.0,59.0,10000.0,-357.0206164408421,9642.979383559157,-3.570206164408421,7.934568904602091,211.794523594,-16.3529071531622,-73.28586241000085,2247.817174834685,-2604.837791275527,97.73118151455152,-53.15995492399034,117.53855839668381,-59.728581469108846,0.8629394054260794,0.3194444444444444,-0.09613172826442308,-0.3970337819707176,0.23828496491290885,-0.030304607136263248,0.0658271211281598,20.59722222222222,301.51793491052155,0.20666640931908858,2.7777777777777777
AKEUSD,atr_adx,5,5,3521dc5aecec,6009,561.0,ok,76.0,3.6425361957064406,20.864583333333332,12.0,98.0,10000.0,-528.3450066998432,9471.654993300152,-5.283450066998433,7.574146031016362,202.336963708,10.753042991841104,-218.24345790800544,2224.493676255892,-2752.8386829557353,96.71711635895181,-51.94035250859878,122.35914402344403,-58.069454206078056,0.8080726596981131,0.3026315789473684,-0.13855550144323303,-0.4576207943118532,0.17631014238900375,-0.07741474997437305,0.061140751468859986,26.460526315789473,337.1021373007144,0.19163404312617918,2.631578947368421
AKEUSD,atr_adx_both,5,1,5af18381228a,6009,170.0,ok,51.0,2.4443334997503747,20.864583333333332,6.0,32.0,10000.0,2.339816310744645,10002.339816310749,0.02339816310744645,4.772071947216309,139.56979584,-9.5836121507487,292.8438653439989,1757.0235019578988,-1754.683685647154,97.61241677543882,-53.17223289839861,117.53855839668381,-60.55814510062426,1.0013334690063422,0.35294117647058826,0.008008655145124357,-0.4040680690365576,0.4043676119210663,0.07079722840369354,0.06278857325856922,25.88235294117647,325.14049280553326,0.19679831816514037,3.9215686274509802
AKEUSD,atr_adx_both,5,5,f0e15e357330,6009,561.0,ok,76.0,3.6425361957064406,20.864583333333332,12.0,98.0,10000.0,-528.3450066998432,9471.654993300152,-5.283450066998433,7.574146031016362,202.336963708,10.753042991841104,-218.24345790800544,2224.493676255892,-2752.8386829557353,96.71711635895181,-51.94035250859878,122.35914402344403,-58.069454206078056,0.8080726596981131,0.3026315789473684,-0.13855550144323303,-0.4576207943118532,0.17631014238900375,-0.07741474997437305,0.061140751468859986,26.460526315789473,337.1021373007144,0.19163404312617918,2.631578947368421
AKEUSD,atr_banded_adx,5,1,57994c89d5b6,6009,40.0,ok,20.0,0.9585621567648528,20.864583333333332,1.0,0.0,10000.0,606.2223138378007,10606.222313837801,6.062223138378007,1.7419793163040125,54.308457148,-6.659770985799798,599.5625428519998,1073.7424059408982,-467.52009210309757,97.61294599462711,-51.94667690034417,108.05317712377885,-56.733796199999794,2.296676493860966,0.55,0.6022985524127898,-0.02334216471215122,1.2113990612357888,0.6689083979628414,0.06660984555005142,28.75,299.6542804444516,0.20810081706265676,0.0
AKEUSD,atr_banded_adx,5,5,0b49936fe369,6009,97.0,ok,27.0,1.2940589116325512,20.864583333333332,4.0,1.0,10000.0,540.2826598018789,10540.282659801882,5.402826598018789,2.755508472269907,77.45313507600001,-22.073794877878097,518.2088649240031,1272.687846595592,-732.405186793713,97.89906512273784,-52.31465619955093,106.75133161626344,-56.596700150000025,1.7376827329242457,0.48148148148148145,0.4034689405076322,-0.15047152661354135,0.9671365444047294,0.4713847885091082,0.06791584800147597,22.22222222222222,265.21254182674403,0.212448714833902,0.0
AKEUSD,atr_arm,10,1,8f08c30ad8fd,3004,310.0,ok,52.0,2.492676431424767,20.86111111111111,0.0,48.0,10000.0,-348.02330951741106,9651.976690482586,-3.480233095174111,6.531337571867692,128.28120577599998,19.370103741410205,-328.65320577600505,1542.7190338539824,-1890.7423433713934,96.4199396158739,-52.52062064920537,113.02727338094931,-60.506556918297576,0.8159329795847018,0.3076923076923077,-0.13483795183103006,-0.4922359559422647,0.2635569800750525,-0.07863280920413833,0.05620514262689175,19.826923076923077,301.4485596207718,0.17608993409567222,0.0
AKEUSD,atr_arm,10,5,fc024592ecb0,3004,387.0,ok,55.0,2.6364846870838883,20.86111111111111,2.0,76.0,10000.0,-777.3392609931469,9222.660739006846,-7.773392609931469,8.68296958805104,125.532609276,24.6306517171457,-752.7086092760037,1304.7454628660728,-2082.084723859219,93.19610449043377,-50.78255424046876,113.02727338094931,-57.67031206275237,0.6266533959519572,0.2545454545454545,-0.29417511789931483,-0.6179603868345672,0.06434509402712267,-0.24096492692476756,0.05321019097454731,19.927272727272726,338.5776060355141,0.1662253153770599,0.0
AKEUSD,atr_banded,10,1,b5fe3f0195dd,3004,80.0,ok,23.0,1.1025299600532623,20.86111111111111,0.0,2.0,10000.0,-23.665267461734793,9976.334732538266,-0.23665267461734793,3.75908195454245,54.78845139599999,11.160816065734297,-12.50445139600015,765.3538036710427,-789.0190711327775,95.66922545888033,-52.60127140885184,98.9109551002911,-55.51525672000012,0.9700067231229796,0.34782608695652173,-0.014077845243689834,-0.5389671356177121,0.5234833537716652,0.04010684147767357,0.054184686721363416,23.565217391304348,338.1388654070225,0.1692262926263452,0.0
AKEUSD,atr_banded,10,5,4892bcd3ee31,3004,107.0,ok,30.0,1.4380825565912116,20.86111111111111,0.0,5.0,10000.0,-83.44187286708862,9916.55812713291,-0.8344187286708863,4.651835047061197,66.00417582600001,14.436697041087898,-69.00517582599969,957.3141446014728,-1040.7560174685614,95.73141446014728,-52.03780087342807,98.9109551002911,-55.42940282470634,0.9198257118224069,0.3333333333333333,-0.05423112293120422,-0.5577081115514767,0.44821587343715985,-0.0032788830268836206,0.05095223990432062,19.8,363.8792899049769,0.15903426115304253,0.0
AKEUSD,atr_adx,10,1,95698e32d73d,3004,114.0,ok,23.0,1.1025299600532623,20.86111111111111,0.0,7.0,10000.0,-273.64059712796046,9726.359402872033,-2.7364059712796047,5.04415328975051,59.62083037199999,4.405766755959,-269.2348303720046,592.431051470643,-866.0716485986036,98.73850857844049,-50.94539109403551,113.91220861102076,-57.02608875176296,0.6840439268844092,0.2608695652173913,-0.23873825793999376,-0.760361057480893,0.3232030281395908,-0.18187669634725112,0.05686156159274265,23.695652173913043,339.9712092130514,0.17828700389871366,0.0
AKEUSD,atr_adx,10,5,63e6569bb911,3004,137.0,ok,24.0,1.1504660452729694,20.86111111111111,0.0,13.0,10000.0,-606.4185798794366,9393.581420120561,-6.064185798794366,7.403219071744668,63.9029977,0.34458217943499925,-606.073997700003,394.192896408143,-1000.6114762875796,98.54822410203575,-50.03057381437898,112.0575149428319,-54.91401139058656,0.39395200409919184,0.16666666666666666,-0.5224570287737317,-0.9354423648595351,-0.023569257688607407,-0.4639958882939956,0.05846114047973617,22.833333333333332,326.6104627596113,0.18335084794523096,0.0
AKEUSD,atr_adx_both,10,1,e7f62405da8e,3004,52.0,ok,11.0,0.5272969374167776,20.86111111111111,0.0,4.0,10000.0,5.399462251192588,10005.399462251191,0.05399462251192589,2.7417677606436226,23.984681564000002,14.0138561848065,19.413318435998008,379.1422364135959,-373.74277416240335,94.78555910339898,-53.391824880343336,98.10417029243291,-58.082127432351164,1.014447001051173,0.36363636363636365,0.02134182822698297,-0.8026038524775163,0.8510262016796287,0.07076735767636193,0.049425529449378974,31.636363636363637,332.8554672227294,0.15459686868695996,0.0
AKEUSD,atr_adx_both,10,5,c105ce685f13,3004,115.0,ok,24.0,1.1504660452729694,20.86111111111111,0.0,12.0,10000.0,-613.4444367878618,9386.555563212138,-6.1344443678786185,7.016564073913306,63.47122908,7.627207707860598,-605.817229080003,383.36191521430993,-996.8063520021718,95.84047880357748,-49.84031760010859,112.0575149428319,-54.91401139058656,0.3845901608113696,0.16666666666666666,-0.528525917409446,-0.9238421006655596,-0.04497424649153682,-0.4703777561796765,0.05814816122976954,23.416666666666668,326.6104627596113,0.18224297481743354,0.0
AKEUSD,atr_banded_adx,10,1,d9f4cc36aad1,3004,16.0,ok,5.0,0.2396804260985353,20.86111111111111,0.0,0.0,10000.0,180.03347394951783,10180.033473949516,1.8003347394951783,0.587833019732716,8.509755342000002,6.252770708482399,186.2862446579984,285.05307207951773,-105.01959812999988,95.01769069317258,-52.50979906499994,97.35012174060357,-53.030709329999986,2.7142845445538755,0.6,0.7402294021140139,-0.4718295396457731,1.9498471929373338,0.7816023078077976,0.04137290569378366,30.0,399.46240573433795,0.1283730470765619,0.0
AKEUSD,atr_banded_adx,10,5,1ec357d8344a,3004,20.0,ok,6.0,0.28761651131824234,20.86111111111111,0.0,0.0,10000.0,278.8142549735178,10278.814254973518,2.788142549735178,0.587833019732716,11.536974317999999,6.252770708482399,285.06702568200126,383.83385310351764,-105.01959812999988,95.95846327587941,-52.50979906499994,98.43119655660347,-53.030709329999986,3.654878326885082,0.6666666666666666,0.9404212284614043,-0.06964803935669595,1.9508788446657466,0.9901542476457621,0.049733019184357775,27.166666666666668,380.12591824801996,0.1544317327587593,0.0
AKEUSD,atr_arm,15,1,c1a742608234,2002,154.0,ok,24.0,1.1508491508491507,20.854166666666668,0.0,13.0,10000.0,-454.25582367243,9545.74417632757,-4.5425582367243,5.478885647416442,51.717758923999995,6.7820647484295025,-447.47375892400487,491.83632063224496,-946.092144304675,98.36726412644899,-49.79432338445658,109.92963905304393,-54.05111935974998,0.519860907410575,0.20833333333333334,-0.39024637423647307,-0.8207465817411966,0.1459206743906528,-0.3421684169926023,0.04807795724387085,17.875,388.8680090651462,0.15047193995147573,0.0
AKEUSD,atr_arm,15,5,10d320454352,2002,202.0,ok,28.0,1.3426573426573425,20.854166666666668,0.0,21.0,10000.0,-411.52636827243396,9588.473631727564,-4.11526368272434,4.5550761628456895,60.988457264,6.332911008433502,-257.0225233120036,658.4992936464046,-1070.0256619188383,94.07132766377208,-50.95360294851611,96.16633225199993,-56.67901575340664,0.6154051412800153,0.25,-0.30003838718829073,-0.742216397868179,0.23985318055070803,-0.249846335217964,0.05019205197032672,19.678571428571427,368.3419882308987,0.15698308649831486,3.571428571428571
AKEUSD,atr_banded,15,1,25cf1bb6224f,2002,43.0,ok,9.0,0.43156843156843155,20.854166666666668,0.0,1.0,10000.0,-168.79477446108928,9831.205225538912,-1.6879477446108928,3.0725430462109604,17.417560981999998,3.268213479088501,-165.52656098200168,191.34687589489127,-360.1416503559805,95.67343794744563,-51.4488071937115,95.8378308131113,-53.41451763588652,0.5313100434391724,0.2222222222222222,-0.3800537280778704,-1.0509260743730002,0.6187180922591082,-0.3358769740870773,0.044176753990793086,22.333333333333332,420.71129707113164,0.13868374303245012,0.0
AKEUSD,atr_banded,15,5,e9f9d39ae933,2002,60.0,ok,16.0,0.7672327672327672,20.854166666666668,0.0,2.0,10000.0,-389.48519679905814,9610.51480320094,-3.894851967990581,5.171760147594502,37.843967284,9.0662295150569,-380.41896728400206,285.90047729360407,-675.3856740926622,95.30015909786802,-51.952744160974014,96.23014147200014,-56.67901575340664,0.42331439392417264,0.1875,-0.4979732907754303,-1.0647524948025144,0.07637306685931272,-0.4452523619151312,0.05272092886029908,19.4375,348.58244692666614,0.16520168486913972,0.0
AKEUSD,atr_adx,15,1,507eb30e676f,2002,48.0,ok,8.0,0.3836163836163836,20.854166666666668,0.0,1.0,10000.0,-131.3816131439393,9868.618386856064,-1.3138161314393928,2.2872130468571776,16.67712333,15.1744898139381,-116.20712332999938,186.41380225045992,-317.79541539439924,93.20690112522996,-52.96590256573321,95.50904508177997,-56.06669842318414,0.5865843030463844,0.25,-0.3319912320721857,-1.1036095121295806,0.4552812562735479,-0.28364229315872447,0.04834893891346129,22.0,364.3772363840301,0.150538368301544,0.0
AKEUSD,atr_adx,15,5,ee9c7b1f1716,2002,65.0,ok,11.0,0.5274725274725275,20.854166666666668,0.0,0.0,10000.0,-290.66588097833863,9709.334119021667,-2.9066588097833863,3.3379849306218965,24.781679246,20.178201732338202,-122.76682666999659,183.7129692753744,-474.37885025371304,91.8564846376872,-52.70876113930145,92.80821210669446,-56.06669842318414,0.38727057324987996,0.18181818181818182,-0.5388207613579182,-1.0922443514866638,0.2815461710741272,-0.488659297017551,0.050161464340366994,19.0,338.505587882147,0.15736787198012772,9.090909090909092
AKEUSD,atr_adx_both,15,1,f25052c35124,2002,24.0,ok,5.0,0.23976023976023975,20.854166666666668,0.0,0.0,10000.0,-123.44337754451155,9876.556622455493,-1.2344337754451156,1.6622238129911653,10.77054732,16.2888302245109,-107.15454731999853,94.03940396759998,-217.48278151211153,94.03940396759998,-54.37069537802788,94.03940396759998,-56.14201842302935,0.43239930680380306,0.2,-0.5103656068605676,-1.1403069542764595,0.7032483970882972,-0.4628891341844595,0.04747647267610827,28.6,360.33479926230774,0.14789424257874328,0.0
AKEUSD,atr_adx_both,15,5,8cbfe73ba91e,2002,47.0,ok,11.0,0.5274725274725275,20.854166666666668,0.0,0.0,10000.0,-290.66588097833863,9709.334119021667,-2.9066588097833863,3.3379849306218965,24.781679246,20.178201732338202,-122.76682666999659,183.7129692753744,-474.37885025371304,91.8564846376872,-52.70876113930145,92.80821210669446,-56.06669842318414,0.38727057324987996,0.18181818181818182,-0.5388207613579182,-1.0922443514866638,0.2815461710741272,-0.488659297017551,0.050161464340366994,19.0,338.505587882147,0.15736787198012772,9.090909090909092
AKEUSD,atr_banded_adx,15,1,5c2096a5e94d,2002,9.0,ok,2.0,0.0959040959040959,20.854166666666668,0.0,0.0,10000.0,194.98132344205192,10194.981323442054,1.949813234420519,0.018757316264839435,3.70997659,-1.2153000320523,193.76602341000034,194.98132344205192,0.0,97.49066172102596,,98.80246042942754,96.17886301262439,inf,1.0,1.9754763995103721,1.9673926807930426,1.9835601182277016,2.0330299467327366,0.05755354722236487,22.5,303.8004373823021,0.17788508386738125,0.0
AKEUSD,atr_banded_adx,15,5,12b9006db925,2002,10.0,ok,2.0,0.0959040959040959,20.854166666666668,0.0,0.0,10000.0,38.940516874417234,10038.940516874418,0.3894051687441723,0.5656870191598333,5.2191875119999995,2.8942956135828,41.83481248799944,96.05257574294768,-57.11205886853045,96.05257574294768,-57.11205886853045,96.05257574294768,-57.11205886853045,1.681826529210874,0.5,0.41827283235329704,-1.14751976830481,1.984065433011404,0.478413867055437,0.06014103470214001,27.5,301.9588954929476,0.18673099687247574,0.0
AKEUSD,atr_arm,20,1,a526d6367aa7,1501,70.0,ok,16.0,0.7674883411059295,20.84722222222222,0.0,2.0,10000.0,-43.62160780442042,9956.378392195586,-0.4362160780442042,2.78511064956645,31.260674264000002,4.241933540420302,-39.379674263995184,488.06083318482075,-531.6824409892412,97.61216663696415,-48.33476736265829,108.4118724959159,-53.4801179832346,0.9179555229936527,0.3125,-0.05476839035533965,-0.6719050555911992,0.6889154305231189,-0.010106985938048041,0.044661404417291634,14.8125,388.47922722235717,0.13909682586457486,0.0
AKEUSD,atr_arm,20,5,4dd73a2c0403,1501,116.0,ok,14.0,0.6715522984676883,20.84722222222222,0.0,9.0,10000.0,-125.52442960666971,9874.475570393322,-1.2552442960666972,2.763505169133991,28.528891422,-2.8304618153302012,-128.3548914220064,390.12357769234586,-515.6480072990155,97.53089442308647,-51.56480072990155,109.13344829356805,-52.79206836661991,0.7565695438945425,0.2857142857142857,-0.18032846360685476,-0.8361617825927224,0.5360895916185713,-0.1350075422177132,0.04532092138914157,12.142857142857142,400.01587639080327,0.14172759586754904,0.0
AKEUSD,atr_banded,20,1,56c8d1506e08,1501,14.0,ok,5.0,0.23984010659560295,20.84722222222222,0.0,0.0,10000.0,36.33621502943656,10036.336215029438,0.3633621502943656,1.0288650291887098,9.15475644,2.6060285305635,38.94224356000086,190.38738365397487,-154.05116862453832,95.19369182698743,-51.350389541512776,97.35732614850858,-52.027325165664436,1.2358710768238124,0.4,0.1522425082461633,-1.040980098552724,1.3616766616482767,0.19457111411571906,0.04232860586955571,15.8,448.5573951793899,0.13233631965026438,0.0
AKEUSD,atr_banded,20,5,7a6b0848f5ea,1501,30.0,ok,7.0,0.33577614923384413,20.84722222222222,0.0,0.0,10000.0,-65.54424022495976,9934.455759775039,-0.6554424022495976,1.1260301374004924,14.497845599999998,2.5813946249597994,-62.962845600000946,190.38738365397487,-255.9316238789346,95.19369182698743,-51.18632477578692,97.35732614850858,-53.0648412000002,0.7438994086328126,0.2857142857142857,-0.19255812584988943,-1.0483025616458037,0.6781699805602955,-0.14634600100619188,0.046212124843697536,14.714285714285714,369.9014423673688,0.1438315452482841,0.0
AKEUSD,atr_adx,20,1,a4de0a9219f2,1501,19.0,ok,5.0,0.23984010659560295,20.84722222222222,0.0,1.0,10000.0,27.08491614866962,10027.084916148666,0.2708491614866962,1.1030371312046736,10.306487028,11.4805968233303,38.56551297199803,187.35700496904275,-160.2720888203731,93.67850248452137,-53.42402960679104,95.47954306487514,-55.53397666897805,1.1689933434325261,0.4,0.1111728022135388,-1.0910218714882305,1.3224423970957249,0.16112532339436614,0.04995252118082727,19.4,293.0312120385765,0.15540134838099984,0.0
AKEUSD,atr_adx,20,5,08ca9b764089,1501,45.0,ok,5.0,0.23984010659560295,20.84722222222222,0.0,1.0,10000.0,-98.42229752011693,9901.577702479879,-0.9842229752011693,1.4313084501812046,9.757102312,12.859195208117,-85.56310231200223,91.87746190416759,-190.29975942428453,91.87746190416759,-47.57493985607113,91.87746190416759,-51.84326795000015,0.4828038783765426,0.2,-0.3997680963263023,-1.0488287454844005,0.775071739647066,-0.3558415055340249,0.04392659079227745,26.8,398.38268521821885,0.13675450866775404,0.0
AKEUSD,atr_adx_both,20,1,7a6659339314,1501,9.0,ok,3.0,0.14390406395736177,20.84722222222222,0.0,0.0,10000.0,289.2285672764566,10289.228567276457,2.892285672764566,0.047421934395183524,4.743978970000001,4.7374537535434005,293.9660210300008,289.2285672764566,0.0,96.40952242548553,,97.75286551880075,94.1183756091473,inf,1.0,1.937035643903134,1.8958660786630173,1.9854255271333046,1.9855981417133404,0.048562497810206495,17.333333333333332,293.0312120385765,0.1502272819955398,0.0
AKEUSD,atr_adx_both,20,5,c0414ee3f0f4,1501,30.0,ok,4.0,0.19187208527648236,20.84722222222222,0.0,2.0,10000.0,-47.10204217207611,9952.89795782792,-0.47102042172076114,1.429168771320801,6.926131750000001,12.6949104220764,-34.40713175000201,91.35444930220827,-138.45649147428438,91.35444930220827,-46.15216382476146,91.35444930220827,-51.191805009643524,0.6598061840905133,0.25,-0.23464158362426918,-1.0412335112704039,1.165450001039386,-0.1944337889993537,0.040207794624915506,30.75,414.25649781622826,0.12454092799195363,0.0
AKEUSD,atr_banded_adx,20,1,3ed9ed168b56,1501,2.0,ok,1.0,0.04796802131912059,20.84722222222222,0.0,0.0,10000.0,97.35732614850858,10097.357326148509,0.9735732614850858,0.008626594599991223,1.097220332,-0.3825464805084,96.97477966800034,97.35732614850858,0.0,97.35732614850858,,97.35732614850858,97.35732614850858,inf,1.0,1.9854255271333048,1.9854255271333048,1.9854255271333048,2.020610267324185,0.03518474019088023,14.0,449.05831091216385,0.10814453373579064,0.0
AKEUSD,atr_banded_adx,20,5,f252ed793a6e,1501,10.0,ok,1.0,0.04796802131912059,20.84722222222222,0.0,0.0,10000.0,97.35732614850858,10097.357326148509,0.9735732614850858,0.008626594599991223,1.097220332,-0.3825464805084,96.97477966800034,97.35732614850858,0.0,97.35732614850858,,97.35732614850858,97.35732614850858,inf,1.0,1.9854255271333048,1.9854255271333048,1.9854255271333048,2.020610267324185,0.03518474019088023,14.0,449.05831091216385,0.10814453373579064,0.0
AKEUSD,atr_arm,30,1,8a8eb5c17364,1000,35.0,ok,6.0,0.28800000000000003,20.833333333333332,0.0,0.0,10000.0,-141.69063943788112,9858.309360562116,-1.4169063943788112,2.359346715596867,10.326454698,17.1411847398812,-124.54945469799895,96.52130434573684,-238.21194378361798,96.52130434573684,-47.6423887567236,96.52130434573684,-56.77611968885283,0.4051908683194024,0.16666666666666666,-0.4847310139127729,-1.0896996574206643,0.5174476451330139,-0.44742837884106396,0.03730263507170895,27.0,459.54710412238916,0.11553283192147538,0.0
AKEUSD,atr_arm,30,5,e2b1b44db43e,1000,54.0,ok,5.0,0.24000000000000002,20.833333333333332,0.0,1.0,10000.0,-236.0693884247612,9763.93061157524,-2.360693884247612,2.3725956789058316,9.884929510000001,15.027458914761,-221.04192950999823,0.0,-236.0693884247612,,-47.21387768495224,-28.284075326157215,-56.77611968885283,0.0,0.0,-0.9714472760457975,-1.1033712554102966,-0.7673292224690764,-0.9303979895910152,0.04104928645478213,27.8,365.6098921532168,0.12815754873874907,0.0
AKEUSD,atr_banded,30,1,496a12e5566a,1000,10.0,ok,2.0,0.096,20.833333333333332,0.0,0.0,10000.0,-85.06019501501004,9914.939804984988,-0.8506019501501004,0.8506019501501214,3.80946532,15.944729695009801,-69.11546532000102,0.0,-85.06019501501004,,-42.53009750750502,-28.284075326157215,-56.77611968885283,0.0,0.0,-0.8757231630624868,-1.1688101055840907,-0.5826362205408828,-0.8359658768631371,0.03975728619934964,43.5,409.3330335068209,0.12308816218771629,0.0
AKEUSD,atr_banded,30,5,aca58ad06d12,1000,15.0,ok,2.0,0.096,20.833333333333332,0.0,0.0,10000.0,-85.61201311147414,9914.387986888523,-0.8561201311147414,0.8561201311147669,3.8049338800000005,16.6210792314738,-68.99093388000074,0.0,-85.61201311147414,,-42.80600655573707,-28.284075326157215,-57.32793778531693,0.0,0.0,-0.8828644387469642,-1.1830926569530456,-0.5826362205408828,-0.8431140614730991,0.03975037727386503,48.0,409.43348347094314,0.12294776087585256,0.0
AKEUSD,atr_adx,30,1,0376db6aa308,1000,9.0,ok,2.0,0.096,20.833333333333332,0.0,0.0,10000.0,-108.69136361020637,9891.308636389795,-1.0869136361020637,1.0869136361020537,3.6339439099999997,7.842419700206399,-100.84894390999943,0.0,-108.69136361020637,,-54.34568180510318,-51.91524392135353,-56.77611968885283,0.0,0.0,-1.1180842394668702,-1.1688101055840907,-1.0673583733496497,-1.07991712030157,0.03816711916530004,21.0,421.78232292461126,0.11845142666777134,0.0
AKEUSD,atr_adx,30,5,335e68349cd8,1000,18.0,ok,4.0,0.192,20.833333333333332,0.0,0.0,10000.0,-213.5574654585135,9786.44253454149,-2.135574654585135,2.135574654585107,7.892369390000001,10.3420960685136,-203.21536938999634,0.0,-213.5574654585135,,-53.38936636462837,-50.864934399999974,-56.77611968885283,0.0,0.0,-1.093413048646428,-1.1433948086517678,-1.0557588216080833,-1.0522287907591152,0.0411842578873125,15.75,364.87247657883063,0.12915494555292198,0.0
AKEUSD,atr_adx_both,30,1,d31ba21661f1,1000,2.0,ok,0.0,0.0,20.833333333333332,0.0,0.0,10000.0,0.0,10000.0,0.0,0.0,0.0,0.0,0.0,0.0,0.0,,,,,,,,,,,,0.0,,0.0,
AKEUSD,atr_adx_both,30,5,7cdcfd7301d2,1000,11.0,ok,2.0,0.096,20.833333333333332,0.0,0.0,10000.0,-105.91641136966066,9894.083588630341,-1.0591641136966066,1.0591641136965881,4.16814507,3.7052662996608,-102.21114506999766,0.0,-105.91641136966066,,-52.95820568483033,-52.03738268135359,-53.87902868830708,0.0,0.0,-1.0802366818201272,-1.0933244457854547,-1.0671489178547997,-1.0369337046155136,0.043302977204613624,9.0,364.87247657883063,0.13543484742463544,0.0
AKEUSD,atr_banded_adx,30,1,a06108319a03,1000,3.0,ok,1.0,0.048,20.833333333333332,0.0,0.0,10000.0,-56.77611968885283,9943.223880311147,-0.5677611968885282,0.5677611968885322,1.5632899199999999,6.6368297688528,-50.13928992000001,0.0,-56.77611968885283,,-56.77611968885283,-56.77611968885283,-56.77611968885283,0.0,0.0,-1.1688101055840907,-1.1688101055840907,-1.1688101055840907,-1.1358377538054345,0.0329723517786561,39.0,479.1893555566082,0.10195003272603358,0.0
AKEUSD,atr_banded_adx,30,5,8d13298035c1,1000,6.0,ok,1.0,0.048,20.833333333333332,0.0,0.0,10000.0,-56.77611968885283,9943.223880311147,-0.5677611968885282,0.5677611968885322,1.5632899199999999,6.6368297688528,-50.13928992000001,0.0,-56.77611968885283,,-56.77611968885283,-56.77611968885283,-56.77611968885283,0.0,0.0,-1.1688101055840907,-1.1688101055840907,-1.1688101055840907,-1.1358377538054345,0.0329723517786561,39.0,479.1893555566082,0.10195003272603358,0.0
AKEUSD,atr_arm,45,1,b2d966312cf6,667,18.0,ok,1.0,0.047976011994003,20.84375,0.0,0.0,10000.0,-51.31582038000006,9948.684179619999,-0.5131582038000005,0.5131582038000124,1.7978203799999997,0.0,-51.31582038000124,0.0,-51.31582038000006,,-51.31582038000006,-51.31582038000006,-51.31582038000006,0.0,0.0,-1.036306401308615,-1.036306401308615,-1.036306401308615,-0.9992099999999999,0.037096401308615,2.0,425.9173246632611,0.11686168532534595,0.0
AKEUSD,atr_arm,45,5,674530659bf7,667,25.0,ok,1.0,0.047976011994003,20.84375,0.0,0.0,10000.0,-14.757973755182938,9985.242026244818,-0.14757973755182938,0.1475797375518232,1.9187282999999997,1.3492454551829998,-13.408728299998984,0.0,-14.757973755182938,,-14.757973755182938,-14.757973755182938,-14.757973755182938,0.0,0.0,-0.29922898935894054,-0.29922898935894054,-0.29922898935894054,-0.26014128862901353,0.03908770072992704,32.0,404.21922254186006,0.12219333259955624,0.0
AKEUSD,atr_banded,45,1,6fe5d93cf16c,667,8.0,ok,0.0,0.0,20.84375,0.0,0.0,10000.0,0.0,10000.0,0.0,0.0,0.0,0.0,0.0,0.0,0.0,,,,,,,,,,,,0.0,,0.0,
AKEUSD,atr_banded,45,5,3f6dbdab4998,667,10.0,ok,1.0,0.047976011994003,20.84375,0.0,0.0,10000.0,-14.757973755182938,9985.242026244818,-0.14757973755182938,0.1475797375518232,1.9187282999999997,1.3492454551829998,-13.408728299998984,0.0,-14.757973755182938,,-14.757973755182938,-14.757973755182938,-14.757973755182938,0.0,0.0,-0.29922898935894054,-0.29922898935894054,-0.29922898935894054,-0.26014128862901353,0.03908770072992704,32.0,404.21922254186006,0.12219333259955624,0.0
AKEUSD,atr_adx,45,1,52a8a853b696,667,0.0,ok,0.0,0.0,20.84375,0.0,0.0,10000.0,0.0,10000.0,0.0,0.0,0.0,0.0,0.0,0.0,0.0,,,,,,,,,,,,0.0,,0.0,
AKEUSD,atr_adx,45,5,89fc805babbb,667,0.0,ok,0.0,0.0,20.84375,0.0,0.0,10000.0,0.0,10000.0,0.0,0.0,0.0,0.0,0.0,0.0,0.0,,,,,,,,,,,,0.0,,0.0,
AKEUSD,atr_adx_both,45,1,9bbda3b72cd1,667,0.0,ok,0.0,0.0,20.84375,0.0,0.0,10000.0,0.0,10000.0,0.0,0.0,0.0,0.0,0.0,0.0,0.0,,,,,,,,,,,,0.0,,0.0,
AKEUSD,atr_adx_both,45,5,0ef8d869bfe5,667,0.0,ok,0.0,0.0,20.84375,0.0,0.0,10000.0,0.0,10000.0,0.0,0.0,0.0,0.0,0.0,0.0,0.0,,,,,,,,,,,,0.0,,0.0,
AKEUSD,atr_banded_adx,45,1,1eb5e6f0b3c3,667,0.0,ok,0.0,0.0,20.84375,0.0,0.0,10000.0,0.0,10000.0,0.0,0.0,0.0,0.0,0.0,0.0,0.0,,,,,,,,,,,,0.0,,0.0,
AKEUSD,atr_banded_adx,45,5,7a5322224cbd,667,0.0,ok,0.0,0.0,20.84375,0.0,0.0,10000.0,0.0,10000.0,0.0,0.0,0.0,0.0,0.0,0.0,0.0,,,,,,,,,,,,0.0,,0.0,
AKEUSD,atr_arm,60,1,cb4429a1f1a8,500,2.0,ok,0.0,0.0,20.833333333333332,0.0,0.0,10000.0,0.0,10000.0,0.0,0.0,0.0,0.0,0.0,0.0,0.0,,,,,,,,,,,,0.0,,0.0,
AKEUSD,atr_arm,60,5,ce9d73014263,500,10.0,ok,1.0,0.048,20.833333333333332,0.0,0.0,10000.0,-52.518251293379926,9947.48174870662,-0.5251825129337993,0.5251825129338067,1.67481975,0.9184315433800001,-51.59981975000119,0.0,-52.518251293379926,,-52.518251293379926,-52.518251293379926,-52.518251293379926,0.0,0.0,-1.0519429402780172,-1.0519429402780172,-1.0519429402780172,-1.017606225205408,0.034336715072608964,1.0,460.1488513560214,0.1090703182381882,0.0
AKEUSD,atr_banded,60,1,fbec7593f674,500,0.0,ok,0.0,0.0,20.833333333333332,0.0,0.0,10000.0,0.0,10000.0,0.0,0.0,0.0,0.0,0.0,0.0,0.0,,,,,,,,,,,,0.0,,0.0,
AKEUSD,atr_banded,60,5,cf8f31c6adcd,500,1.0,ok,0.0,0.0,20.833333333333332,0.0,0.0,10000.0,0.0,10000.0,0.0,0.0,0.0,0.0,0.0,0.0,0.0,,,,,,,,,,,,0.0,,0.0,
AKEUSD,atr_adx,60,1,8cae326eef07,500,0.0,ok,0.0,0.0,20.833333333333332,0.0,0.0,10000.0,0.0,10000.0,0.0,0.0,0.0,0.0,0.0,0.0,0.0,,,,,,,,,,,,0.0,,0.0,
AKEUSD,atr_adx,60,5,5a84e74ece84,500,0.0,ok,0.0,0.0,20.833333333333332,0.0,0.0,10000.0,0.0,10000.0,0.0,0.0,0.0,0.0,0.0,0.0,0.0,,,,,,,,,,,,0.0,,0.0,
AKEUSD,atr_adx_both,60,1,4100bf74cc53,500,0.0,ok,0.0,0.0,20.833333333333332,0.0,0.0,10000.0,0.0,10000.0,0.0,0.0,0.0,0.0,0.0,0.0,0.0,,,,,,,,,,,,0.0,,0.0,
AKEUSD,atr_adx_both,60,5,d297bac960b4,500,0.0,ok,0.0,0.0,20.833333333333332,0.0,0.0,10000.0,0.0,10000.0,0.0,0.0,0.0,0.0,0.0,0.0,0.0,,,,,,,,,,,,0.0,,0.0,
AKEUSD,atr_banded_adx,60,1,c1da96cf8f8f,500,0.0,ok,0.0,0.0,20.833333333333332,0.0,0.0,10000.0,0.0,10000.0,0.0,0.0,0.0,0.0,0.0,0.0,0.0,,,,,,,,,,,,0.0,,0.0,
AKEUSD,atr_banded_adx,60,5,1bd2e3e6fa39,500,0.0,ok,0.0,0.0,20.833333333333332,0.0,0.0,10000.0,0.0,10000.0,0.0,0.0,0.0,0.0,0.0,0.0,0.0,,,,,,,,,,,,0.0,,0.0,
BANKUSD,atr_arm,5,1,5104b68fd7d7,6009,641.0,ok,103.0,4.9365951073389915,20.864583333333332,2.0,108.0,10000.0,-220.78020714861924,9779.21979285138,-2.207802071486192,7.915026120100767,314.71497475,-17.127767601381503,-237.90797475,3354.5741559185312,-3575.35436306715,95.84497588338661,-52.578740633340445,106.78997956176302,-73.64518174979662,0.9382494195738348,0.33980582524271846,-0.03850362216504251,-0.30938549231868256,0.24943641587657422,0.031970656633718904,0.0704742787987614,24.66990291262136,254.34279954941698,0.22237576839464873,0.0
BANKUSD,atr_arm,5,5,5dc5ac0f708a,6009,1100.0,ok,122.0,5.847229156265602,20.864583333333332,19.0,196.0,10000.0,-390.6602143510833,9609.339785648912,-3.906602143510833,7.657061021548335,374.55697219800004,39.7432421530807,-350.91697219800517,3849.4907798561917,-4240.150994207275,93.89001902088272,-52.347543138361424,105.36229835268568,-65.46573142178168,0.9078664380384595,0.3360655737704918,-0.06042850248941751,-0.3146699212165888,0.1981279090702912,0.010782134047307214,0.07121063653672474,20.508196721311474,256.5260136965166,0.22479087863437872,0.0
BANKUSD,atr_banded,5,1,ddd76a9fda2b,6009,133.0,ok,45.0,2.1567648527209187,20.864583333333332,1.0,3.0,10000.0,325.59068875638997,10325.590688756396,3.2559068875638997,4.265080487179438,129.96457013000006,-16.178258886387702,309.41242987000624,1789.2351062573866,-1463.6444175009965,99.40195034763259,-54.209052500036904,109.8105924804334,-70.97800903115215,1.222452041536358,0.4,0.149953705251274,-0.27201122974468306,0.6129513139575917,0.21628200544451787,0.06632830019324391,24.844444444444445,279.54101562500006,0.2093052993088383,0.0
BANKUSD,atr_banded,5,5,252136b1eac7,6009,263.0,ok,62.0,2.9715426859710434,20.864583333333332,5.0,20.0,10000.0,144.7433005690673,10144.74330056908,1.4474330056906728,6.751720576686145,187.64578761,-1.8670881790640985,142.87621239000873,2230.675654865967,-2085.9323542968996,96.98589803765073,-53.48544498197178,110.28931230442997,-70.94491260819746,1.0693902178902899,0.3709677419354839,0.05268024561526621,-0.29485997569607364,0.4256138534843532,0.1222568898194568,0.06957664420419055,19.919354838709676,240.58996024742774,0.21952433723874148,0.0
BANKUSD,atr_adx,5,1,46cfb055642f,6009,256.0,ok,53.0,2.54018971542686,20.864583333333332,0.0,43.0,10000.0,666.1651040130284,10666.165104013035,6.661651040130284,3.15090701127411,159.435280066,-15.098384079030001,651.0667199340023,2294.523647532748,-1628.358543519719,99.76189771881512,-54.278618117323965,113.38912126421,-60.257561320000576,1.4091022254675583,0.4339622641509434,0.2498074413415092,-0.1476946961229327,0.6650120114857405,0.31780716226493183,0.06799972092342266,26.660377358490567,269.2119432207547,0.2145774380234892,0.0
BANKUSD,atr_adx,5,5,3521dc5aecec,6009,460.0,ok,71.0,3.4028956565152275,20.864583333333332,8.0,90.0,10000.0,-43.40224075906184,9956.597759240938,-0.43402240759061844,5.835934013925625,217.08808146400006,12.118159295058096,-31.284081464005794,2367.3754335253207,-2410.777674284382,94.69501734101283,-52.408210310530045,108.39430693837447,-62.532135375458665,0.9819965809282082,0.352112676056338,-0.008253049105202996,-0.3521002455691061,0.33475200769923397,0.06299902689765577,0.07125207600285877,18.323943661971832,259.2405702031052,0.2248425698760337,0.0
BANKUSD,atr_adx_both,5,1,5af18381228a,6009,128.0,ok,38.0,1.8212680978532203,20.864583333333332,0.0,25.0,10000.0,-44.94215820447859,9955.057841795526,-0.44942158204478594,4.4399260351219665,115.98639331400001,-24.388235109521897,-69.33039331399596,1282.1635891175208,-1327.1057473219992,98.62796839365545,-53.08422989287997,116.39715716466324,-70.72833146571473,0.9661352094245931,0.34210526315789475,-0.020321529342503794,-0.45912439968371677,0.45388618278937304,0.04891028103606245,0.06923181037856631,23.157894736842106,263.3237688346328,0.21832065397210645,0.0
BANKUSD,atr_adx_both,5,5,f0e15e357330,6009,460.0,ok,71.0,3.4028956565152275,20.864583333333332,8.0,90.0,10000.0,-43.40224075906184,9956.597759240938,-0.43402240759061844,5.835934013925625,217.08808146400006,12.118159295058096,-31.284081464005794,2367.3754335253207,-2410.777674284382,94.69501734101283,-52.408210310530045,108.39430693837447,-62.532135375458665,0.9819965809282082,0.352112676056338,-0.008253049105202996,-0.3521002455691061,0.33475200769923397,0.06299902689765577,0.07125207600285877,18.323943661971832,259.2405702031052,0.2248425698760337,0.0
BANKUSD,atr_banded_adx,5,1,57994c89d5b6,6009,46.0,ok,17.0,0.8147778332501249,20.864583333333332,1.0,1.0,10000.0,141.80008249442398,10141.80008249442,1.4180008249442397,2.569033875355151,52.866718404000004,-1.0648008984216002,140.73528159600028,703.9277462019448,-562.1276637075208,100.56110660027784,-56.21276637075208,108.06756720296622,-69.69656052306716,1.2522560116667798,0.4117647058823529,0.17494918978284693,-0.5648351913539528,0.9237261514748031,0.24446613740250336,0.06951694761965636,35.8235294117647,233.6130641868896,0.21980769661278643,0.0
BANKUSD,atr_banded_adx,5,5,0b49936fe369,6009,91.0,ok,23.0,1.1023464802795806,20.864583333333332,4.0,7.0,10000.0,-22.38812219191982,9977.611877808078,-0.2238812219191982,3.310732248099288,68.361620828,-4.634498636077399,-27.022620827998253,791.4738249176028,-813.8619471095226,98.93422811470035,-54.25746314063484,108.77330801158557,-68.56324209337495,0.9724914989926332,0.34782608695652173,-0.012274420130796918,-0.5821141067211473,0.5676875128115205,0.05466023494400473,0.0669346550748018,25.347826086956523,281.44066128714695,0.21159905575758312,0.0
BANKUSD,atr_arm,10,1,8f08c30ad8fd,3004,266.0,ok,37.0,1.7736351531291612,20.86111111111111,0.0,33.0,10000.0,649.7147207231084,10649.714720723106,6.497147207231084,2.591968836304579,82.70361168000001,-52.8513324031083,596.8633883199964,1732.1689656181893,-1082.4542448950813,101.8922920951876,-54.12271224475406,123.00286617639188,-59.84273831674287,1.6002237265798545,0.4594594594594595,0.35030245073454946,-0.14644305012701214,0.8455449621076229,0.40089902486237994,0.05059657412783049,30.405405405405407,336.29145259224754,0.1591448483802293,0.0
BANKUSD,atr_arm,10,5,fc024592ecb0,3004,363.0,ok,42.0,2.0133155792276964,20.86111111111111,0.0,51.0,10000.0,690.1902187740511,10690.19021877406,6.901902187740511,2.43272167471022,96.402440748,-61.1216595220517,780.1125331460007,1917.3616843099355,-1227.1714655358842,100.91377285841766,-53.35528111025583,123.36043264783487,-59.50265536899999,1.5624236206247326,0.4523809523809524,0.32425982457244196,-0.12497402493150662,0.7501639354472577,0.37681766279574636,0.05255783822330439,26.976190476190474,343.4617571610788,0.1655953597043603,2.380952380952381
BANKUSD,atr_banded,10,1,b5fe3f0195dd,3004,59.0,ok,17.0,0.81491344873502,20.86111111111111,0.0,0.0,10000.0,165.67518426842952,10165.67518426843,1.6567518426842953,2.171297604289367,36.877992666,-29.4831769344295,136.19200733400248,695.9506495829872,-530.2754653145577,99.42152136899817,-53.02754653145577,117.28180263330387,-65.42734101212054,1.3124323018983193,0.4117647058823529,0.19838961094448734,-0.5184659770470996,0.9152448089503248,0.2481620838668213,0.049772472922333964,30.41176470588235,343.6151510308453,0.15688310353019685,0.0
BANKUSD,atr_banded,10,5,4892bcd3ee31,3004,80.0,ok,18.0,0.8628495339547271,20.86111111111111,0.0,2.0,10000.0,260.26247767623954,10260.26247767624,2.6026247767623953,2.0920300837567627,38.623067564,-38.232545240239396,222.02993243600395,785.2402658467778,-524.9777881705382,98.15503323084722,-52.49777881705383,118.35450204763288,-66.11695725467253,1.4957590274118295,0.4444444444444444,0.29248029997427366,-0.39738071142269404,0.979263375306574,0.3418833789296031,0.04940307895532933,30.833333333333332,344.7584974300301,0.1556759302636792,0.0
BANKUSD,atr_adx,10,1,95698e32d73d,3004,104.0,ok,24.0,1.1504660452729694,20.86111111111111,0.0,12.0,10000.0,62.0181736960476,10062.018173696055,0.620181736960476,4.390160091322702,52.483095746000004,6.030730557951297,68.04890425400299,869.0740171162347,-807.0558434201872,96.56377967958163,-53.80372289467915,116.20910321897489,-66.033073774377,1.0768449596167018,0.375,0.0565735492350905,-0.5625651840594618,0.673743089894938,0.10618820722737105,0.04961465799228054,30.041666666666668,331.97816097053254,0.1566515185770339,0.0
BANKUSD,atr_adx,10,5,63e6569bb911,3004,149.0,ok,25.0,1.1984021304926764,20.86111111111111,0.0,17.0,10000.0,316.38023732453377,10316.38023732453,3.1638023732453378,2.806832571049209,53.390972374,-6.597209698534698,309.7830276259974,1062.6607382286886,-746.280500904155,96.60552165715352,-53.305750064582504,119.06963499051886,-66.89564761971138,1.4239427895291699,0.44,0.2549261882836579,-0.34984914837121583,0.8075068279699457,0.3045163936395152,0.0495902053558574,26.48,342.1588594704672,0.1561244649608698,0.0
BANKUSD,atr_adx_both,10,1,e7f62405da8e,3004,52.0,ok,21.0,1.0066577896138482,20.86111111111111,0.0,6.0,10000.0,89.05269261612862,10089.052692616126,0.8905269261612861,3.8800728403256555,44.92636873199999,12.051938651870302,101.10463126799914,792.4402803651956,-703.3875877490669,99.05503504564945,-54.106737519159,116.20910321897489,-66.4747665755434,1.1266054365575444,0.38095238095238093,0.08943068491626263,-0.5260365965418546,0.7332281945824729,0.13885153614201223,0.04942085122574954,23.333333333333332,358.9899604502579,0.15587873770277028,0.0
BANKUSD,atr_adx_both,10,5,c105ce685f13,3004,119.0,ok,23.0,1.1025299600532623,20.86111111111111,0.0,10.0,10000.0,-26.086533995794554,9973.913466004204,-0.26086533995794553,3.3888076172746695,51.337019586000004,-14.501485590206201,-40.5880195860027,754.6201011164062,-780.7066351122008,94.32751263955078,-52.04710900748005,115.13640380464588,-64.82671006446257,0.9665859968103825,0.34782608695652173,-0.01996869671073176,-0.5511751747374558,0.5857001117017819,0.030861134720936233,0.05082983143166798,23.869565217391305,333.65021926461856,0.1602596384545901,0.0
BANKUSD,atr_banded_adx,10,1,d9f4cc36aad1,3004,26.0,ok,8.0,0.3834886817576565,20.86111111111111,0.0,0.0,10000.0,183.81292469943594,10183.812924699436,1.8381292469943595,1.1639037424920053,17.968219868,-26.851144567435895,156.96178013200006,403.15558859679663,-219.3426638973607,100.78889714919916,-54.83566597434017,117.28180263330387,-65.59974507275854,1.838017198448221,0.5,0.46282918055248473,-0.6782440818208524,1.5515541880704213,0.5152351281021184,0.05240594754963368,47.0,353.7888771505636,0.16532695152794485,0.0
BANKUSD,atr_banded_adx,10,5,1ec357d8344a,3004,42.0,ok,9.0,0.43142476697736354,20.86111111111111,0.0,0.0,10000.0,279.5215661610332,10279.52156616104,2.795215661610332,1.173453545759805,20.15717758,-35.7397437410326,243.78182242000184,493.73504947189303,-214.21348331085983,98.7470098943786,-53.55337082771496,118.71206851907587,-66.28936131531054,2.3048738195223706,0.5555555555555556,0.6201764754598939,-0.3736737365851703,1.6171480824776685,0.6726114096102571,0.05243493415036318,46.44444444444444,337.3881110856076,0.16531320233163543,0.0
BANKUSD,atr_arm,15,1,c1a742608234,2002,159.0,ok,23.0,1.1028971028971029,20.854166666666668,0.0,17.0,10000.0,163.5532117251965,10163.553211725197,1.635532117251965,2.1461336873344385,43.443963574,-8.843175299196798,154.71003642600226,903.6318909483218,-740.0786792231254,100.40354343870243,-52.86276280165181,114.44982603112778,-58.53129322991295,1.220994356839034,0.391304347826087,0.14582826992146786,-0.395019363359018,0.796021391949219,0.18947613022152202,0.04364786030005422,17.0,410.61800082953187,0.13748692357886824,0.0
BANKUSD,atr_arm,15,5,10d320454352,2002,170.0,ok,19.0,0.911088911088911,20.854166666666668,0.0,18.0,10000.0,-14.664231721193076,9985.335768278806,-0.14664231721193077,3.844022978153097,35.326359214,6.610872507192301,-8.053359213998192,622.8779927464159,-637.5422244676089,88.98257039234512,-53.12851870563407,100.22338090490878,-62.913834008576146,0.9769988070461707,0.3684210526315789,-0.008787320255840333,-0.5940333519032391,0.627257348167961,0.033233929546826836,0.04202124980266719,24.05263157894737,422.66139657444,0.13218604675522977,0.0
BANKUSD,atr_banded,15,1,25cf1bb6224f,2002,34.0,ok,8.0,0.3836163836163836,20.854166666666668,0.0,1.0,10000.0,-255.56777764007938,9744.43222235992,-2.555677776400794,2.5556777764008074,16.432586608,-8.058808967920001,-263.62658660800116,100.63081759908384,-356.1985952391632,100.63081759908384,-50.88551360559474,100.63081759908384,-53.182938293942534,0.28251323543686935,0.125,-0.646151177825115,-1.0586573019161758,0.1380238780591971,-0.6023405994470183,0.043810578378096654,8.25,380.45978451202063,0.13873750925792833,0.0
BANKUSD,atr_banded,15,5,e9f9d39ae933,2002,34.0,ok,7.0,0.3356643356643356,20.854166666666668,0.0,1.0,10000.0,-202.9538979566194,9797.04610204338,-2.029538979566194,2.0632271578208745,14.871770968,-10.41587301138,-213.369770968,100.63081759908384,-303.5847155557032,100.63081759908384,-50.5974525926172,100.63081759908384,-53.50267539791414,0.3314752437878237,0.14285714285714285,-0.5842854603686615,-1.0519080567024046,0.307221259059316,-0.5387101568794334,0.04557530348922818,9.714285714285714,373.0061349693253,0.14433790675527977,0.0
BANKUSD,atr_adx,15,1,507eb30e676f,2002,79.0,ok,12.0,0.5754245754245754,20.854166666666668,0.0,5.0,10000.0,142.03811575914946,10142.038115759153,1.4203811575914946,2.0820115444205367,23.864286722,-17.966402481150304,124.07171327799733,510.4454702302054,-368.4073544710559,102.08909404604108,-52.6296220672937,112.2750676350835,-57.190248559890556,1.3855463633810512,0.4166666666666667,0.2423927757558786,-0.5447330369582215,1.0409624122070897,0.2887514622575431,0.04635868650166453,18.0,380.45978451202063,0.14633912294650428,0.0
BANKUSD,atr_adx,15,5,ee9c7b1f1716,2002,82.0,ok,10.0,0.4795204795204795,20.854166666666668,0.0,7.0,10000.0,-72.34183663960617,9927.6581633604,-0.7234183663960617,2.602896973642644,19.723402562,-0.2625659223942023,-72.60440256199581,291.370420687059,-363.71225732666505,97.123473562353,-51.95889390380929,98.86953291627619,-56.06000649348955,0.8011014608874375,0.3,-0.13746538378205533,-0.7654383567719463,0.7634163890647983,-0.09392769342613164,0.04353769035592377,17.7,387.91792478580675,0.13757657462208792,0.0
BANKUSD,atr_adx_both,15,1,f25052c35124,2002,32.0,ok,9.0,0.43156843156843155,20.854166666666668,0.0,4.0,10000.0,300.5434751885644,10300.543475188568,3.0054347518856437,1.0387408430670753,15.217706108000002,-16.166181296564403,284.37729389200285,509.8902950669228,-209.34681987835842,101.97805901338457,-52.336704969589604,114.01164755904591,-58.094442213011334,2.435624746357246,0.5555555555555556,0.6712250764824489,-0.341424347062127,1.6731453982295958,0.7140967700293452,0.042871693546896544,22.22222222222222,387.9224155168975,0.13449938633110534,0.0
BANKUSD,atr_adx_both,15,5,8cbfe73ba91e,2002,45.0,ok,7.0,0.3356643356643356,20.854166666666668,0.0,4.0,10000.0,-66.29994903010473,9933.700050969894,-0.6629994903010473,1.5846381947986556,13.286894234,2.2840547961041997,-64.01589423400037,190.80392674318315,-257.1038757732879,95.40196337159158,-51.420775154657576,97.78855328175982,-56.06000649348955,0.7421277729450976,0.2857142857142857,-0.18587228589027857,-1.0424117195059077,1.0515364725959482,-0.143471210002269,0.042401075888009565,19.142857142857142,387.9224155168975,0.13400114957398104,0.0
BANKUSD,atr_banded_adx,15,1,5c2096a5e94d,2002,18.0,ok,4.0,0.1918081918081918,20.854166666666668,0.0,1.0,10000.0,-46.283836661681875,9953.716163338322,-0.4628383666168187,1.0368967618766873,6.682937860000001,-11.1481011983178,-57.43193785999756,101.56837180031752,-147.8522084619994,101.56837180031752,-49.284069487333134,101.56837180031752,-51.40180408999978,0.6869587736081898,0.25,-0.22754010414613463,-1.0303966036976422,1.2856680398634541,-0.18977497279630479,0.03776513134982985,5.75,412.5775567054079,0.11943312536147678,0.0
BANKUSD,atr_banded_adx,15,5,12b9006db925,2002,20.0,ok,4.0,0.1918081918081918,20.854166666666668,0.0,1.0,10000.0,-46.53118641613564,9953.468813583868,-0.4653118641613564,1.03937025942123,6.78047205,-10.931285633864201,-57.462472049997814,101.56837180031752,-148.09955821645315,101.56837180031752,-49.36651940548438,101.56837180031752,-51.64915384445354,0.6858114434877076,0.25,-0.22913710853863284,-1.0335906124826386,1.2856680398634541,-0.1908682340127913,0.038268874525841656,6.75,401.0308159751974,0.12099374938181394,0.0
BANKUSD,atr_arm,20,1,a526d6367aa7,1501,85.0,ok,12.0,0.5756162558294471,20.84722222222222,0.0,9.0,10000.0,275.76080019584793,10275.760800195849,2.7576080019584794,1.082246617774686,19.337637364000003,4.097562440151703,279.8583626359996,588.7226082090195,-312.9618080131716,98.12043470150326,-52.1603013355286,104.29265939587432,-55.70070563323257,1.881132435764309,0.5,0.4632747512775683,-0.3101079615648924,1.2482260517807502,0.5027941135087054,0.039519362231137195,19.833333333333332,461.1740514137249,0.12400643942222113,0.0
BANKUSD,atr_arm,20,5,4dd73a2c0403,1501,120.0,ok,14.0,0.6715522984676883,20.84722222222222,0.0,6.0,10000.0,10.280472952219,10010.280472952212,0.10280472952219,2.7730948356777527,25.443244706,10.3682823417804,20.648755293996146,485.0414291696279,-474.76095621740893,97.00828583392558,-52.75121735748988,99.73905844552985,-60.42293373829527,1.0216539983281843,0.35714285714285715,0.021155475670804003,-0.6456351881443204,0.6925856835614478,0.06259137706015099,0.041435901389346996,15.357142857142858,413.61362768106255,0.13046790324951793,0.0
BANKUSD,atr_banded,20,1,56c8d1506e08,1501,9.0,ok,3.0,0.14390406395736177,20.84722222222222,0.0,0.0,10000.0,-151.0445529956373,9848.955447004364,-1.510445529956373,1.5104455299563597,5.94188546,-3.0133324643625,-154.05788545999894,0.0,-151.0445529956373,,-50.348184331879104,-48.07983903391192,-51.64655140172556,0.0,0.0,-1.0198506871861568,-1.054613889604784,-0.9729609647464788,-0.9794518915185023,0.040398795667654336,6.0,395.3853941864498,0.12753933615874793,0.0
BANKUSD,atr_banded,20,5,7a6b0848f5ea,1501,21.0,ok,4.0,0.19187208527648236,20.84722222222222,0.0,0.0,10000.0,-50.37089588839717,9949.629104111602,-0.5037089588839717,1.0384443189172634,7.134809338,-6.6219134496025,-56.99280933800037,101.22629893521614,-151.5971948236133,101.22629893521614,-50.53239827453777,101.22629893521614,-51.64655140172556,0.6677320055492793,0.25,-0.2527439493785669,-1.0432955484059958,1.2784378962313503,-0.2135431675449532,0.03920078183361368,5.75,419.5608020209031,0.12354698562607073,0.0
BANKUSD,atr_adx,20,1,a4de0a9219f2,1501,40.0,ok,7.0,0.33577614923384413,20.84722222222222,0.0,4.0,10000.0,237.24902815370444,10237.249028153707,2.3724902815370443,1.0820671593092261,12.52809499,0.18987685629509965,237.4389050100035,399.7760459166264,-162.52701776292193,99.9440114791566,-54.17567258764064,104.90856092773974,-55.92621456292177,2.4597513165459017,0.5714285714285714,0.6805459642845696,-0.2192208294333947,1.6238078778018519,0.7248894305448965,0.044343466260327036,19.714285714285715,373.83177570093443,0.13941445945119224,0.0
BANKUSD,atr_adx,20,5,08ca9b764089,1501,51.0,ok,9.0,0.4317121918720853,20.84722222222222,0.0,5.0,10000.0,-26.876627779723606,9973.123372220274,-0.26876627779723605,2.159910687707,18.882144738,5.673483041722999,-21.203144738001356,292.400808674551,-319.2774364542746,97.46693622485033,-53.21290607571243,99.11149105409496,-55.15609846550405,0.9158204598539718,0.3333333333333333,-0.053745662927466555,-0.7386061182631642,0.950560535154318,-0.007974565483971944,0.0457710974434946,10.333333333333334,373.83177570093443,0.14469025320733747,0.0
BANKUSD,atr_adx_both,20,1,7a6659339314,1501,20.0,ok,6.0,0.28780812791472354,20.84722222222222,0.0,2.0,10000.0,295.85978411333815,10295.859784113338,2.9585978411333818,0.5287433841591015,10.106223588,-5.4500077013382,290.4097764120015,398.21180333117815,-102.35201921783997,99.55295083279454,-51.17600960891998,105.52446245960515,-52.61425470000005,3.8906101352397138,0.6666666666666666,0.9868645098473454,-0.02868396051615703,1.9984134223974923,1.030861374734639,0.04399686488729363,15.5,393.1217008905305,0.1379288508343173,0.0
BANKUSD,atr_adx_both,20,5,c0414ee3f0f4,1501,24.0,ok,5.0,0.23984010659560295,20.84722222222222,0.0,3.0,10000.0,36.12818742833183,10036.128187428332,0.36128187428331826,1.0436439866297882,10.689973078000001,2.218839493667799,38.347026921997895,193.63292965914712,-157.50474223081528,96.81646482957356,-52.501580743605096,99.11149105409496,-53.934120960000186,1.2293784105585075,0.4,0.14945479944590345,-1.0502709955833494,1.3563439645794757,0.19739372046418385,0.047938921018280414,14.6,373.83177570093443,0.15155148871081764,0.0
BANKUSD,atr_banded_adx,20,1,3ed9ed168b56,1501,3.0,ok,2.0,0.09593604263824118,20.84722222222222,0.0,0.0,10000.0,-99.90342144789976,9900.096578552102,-0.9990342144789977,0.9990342144789792,3.9668665000000005,-3.7134450520999995,-103.61686649999865,0.0,-99.90342144789976,,-49.95171072394988,-48.35615994789992,-51.54726149999984,0.0,0.0,-1.002469085976843,-1.0319772072072073,-0.9729609647464789,-0.9618513978661971,0.04061768811064595,4.5,404.088272345123,0.12906262126811974,0.0
BANKUSD,atr_banded_adx,20,5,f252ed793a6e,1501,5.0,ok,2.0,0.09593604263824118,20.84722222222222,0.0,0.0,10000.0,-99.90342144789976,9900.096578552102,-0.9990342144789977,0.9990342144789792,3.9668665000000005,-3.7134450520999995,-103.61686649999865,0.0,-99.90342144789976,,-49.95171072394988,-48.35615994789992,-51.54726149999984,0.0,0.0,-1.002469085976843,-1.0319772072072073,-0.9729609647464789,-0.9618513978661971,0.04061768811064595,4.5,404.088272345123,0.12906262126811974,0.0
BANKUSD,atr_arm,30,1,8a8eb5c17364,1000,29.0,ok,3.0,0.14400000000000002,20.833333333333332,0.0,0.0,10000.0,-11.034234185167307,9988.965765814834,-0.11034234185167306,1.0957611651316619,4.543208602,5.710025583167101,-5.324208602001818,96.85295768099537,-107.88719186616268,96.85295768099537,-53.94359593308134,96.85295768099537,-57.793536043666556,0.8977243360003696,0.3333333333333333,-0.06714584623610571,-1.1582799431550925,1.9658390371233925,-0.033151659837145596,0.033994186398959965,18.333333333333332,466.14100185528866,0.10737586651193166,0.0
BANKUSD,atr_arm,30,5,e2b1b44db43e,1000,49.0,ok,4.0,0.192,20.833333333333332,0.0,0.0,10000.0,-79.72109210004264,9920.278907899961,-0.7972109210004263,1.6051877626616078,7.98181477,-10.419722669957498,-90.14081476999854,79.4869161661202,-159.20800826616284,79.4869161661202,-53.069336088720945,79.4869161661202,-57.793536043666556,0.4992645598155749,0.25,-0.3975588501505468,-1.1209591155354737,0.9520541572842107,-0.35757289243968526,0.03998595771086156,20.0,434.8933788967229,0.12652957013813607,0.0
BANKUSD,atr_banded,30,1,496a12e5566a,1000,2.0,ok,1.0,0.048,20.833333333333332,0.0,0.0,10000.0,-51.70603035999985,9948.29396964,-0.5170603035999985,0.517060303599992,1.8420303599999999,0.0,-51.706030359999204,0.0,-51.70603035999985,,-51.70603035999985,-51.70603035999985,-51.70603035999985,0.0,0.0,-1.0369410869565219,-1.0369410869565219,-1.0369410869565219,-0.99921,0.03773108695652186,3.0,418.7528447883465,0.1196963020628441,0.0
BANKUSD,atr_banded,30,5,aca58ad06d12,1000,3.0,ok,0.0,0.0,20.833333333333332,0.0,0.0,10000.0,0.0,10000.0,0.0,0.0,0.0,0.0,0.0,0.0,0.0,,,,,,,,,,,,0.0,,0.0,
BANKUSD,atr_adx,30,1,0376db6aa308,1000,12.0,ok,3.0,0.14400000000000002,20.833333333333332,0.0,0.0,10000.0,-159.02083074616252,9840.979169253837,-1.5902083074616251,1.5902083074616349,5.32987325,4.835957496162501,-154.18487325000206,0.0,-159.02083074616252,,-53.00694358205417,-50.09365582249612,-57.793536043666556,0.0,0.0,-1.0680725542627438,-1.1582799431550925,-1.0089966326766169,-1.032527516248307,0.035545038014436675,10.0,451.31633932302594,0.11284311197880732,0.0
BANKUSD,atr_adx,30,5,335e68349cd8,1000,19.0,ok,2.0,0.096,20.833333333333332,0.0,0.0,10000.0,-107.88719186616268,9892.112808133837,-1.078871918661627,1.0788719186616254,3.5082343700000003,4.835957496162501,-103.05123437000111,0.0,-107.88719186616268,,-53.94359593308134,-50.09365582249612,-57.793536043666556,0.0,0.0,-1.0836382879158548,-1.1582799431550925,-1.0089966326766169,-1.0491862743724605,0.03445201354339408,13.5,458.72867058915733,0.10943362982928526,0.0
BANKUSD,atr_adx_both,30,1,d31ba21661f1,1000,4.0,ok,1.0,0.048,20.833333333333332,0.0,0.0,10000.0,-54.09376571880015,9945.9062342812,-0.5409376571880015,0.5409376571880057,1.7159985,2.4277672188,-51.66599850000057,0.0,-54.09376571880015,,-54.09376571880015,-54.09376571880015,-54.09376571880015,0.0,0.0,-1.0829582726486484,-1.0829582726486484,-1.0829582726486484,-1.0493939483243242,0.03356432432432422,9.0,470.7379134860065,0.10668711075745294,0.0
BANKUSD,atr_adx_both,30,5,7cdcfd7301d2,1000,6.0,ok,2.0,0.096,20.833333333333332,0.0,0.0,10000.0,-104.18742154129626,9895.812578458703,-1.0418742154129625,1.0418742154129723,3.43802075,1.1524007912960001,-103.03502075000142,0.0,-104.18742154129626,,-52.09371077064813,-50.09365582249612,-54.09376571880015,0.0,0.0,-1.0459774526626326,-1.0829582726486484,-1.0089966326766169,-1.0122476288089284,0.033729823853704356,8.0,468.4394576706476,0.10715742824442935,0.0
BANKUSD,atr_banded_adx,30,1,a06108319a03,1000,1.0,ok,1.0,0.048,20.833333333333332,0.0,0.0,10000.0,-51.70603035999985,9948.29396964,-0.5170603035999985,0.517060303599992,1.8420303599999999,0.0,-51.706030359999204,0.0,-51.70603035999985,,-51.70603035999985,-51.70603035999985,-51.70603035999985,0.0,0.0,-1.0369410869565219,-1.0369410869565219,-1.0369410869565219,-0.99921,0.03773108695652186,3.0,418.7528447883465,0.1196963020628441,0.0
BANKUSD,atr_banded_adx,30,5,8d13298035c1,1000,0.0,ok,0.0,0.0,20.833333333333332,0.0,0.0,10000.0,0.0,10000.0,0.0,0.0,0.0,0.0,0.0,0.0,0.0,,,,,,,,,,,,0.0,,0.0,
BANKUSD,atr_arm,45,1,b2d966312cf6,667,12.0,ok,1.0,0.047976011994003,20.84375,0.0,0.0,10000.0,68.53365939794637,10068.533659397948,0.6853365939794637,0.010500995999991575,2.04794544,-4.4376048379464,64.096054560001,68.53365939794637,0.0,68.53365939794637,,68.53365939794637,68.53365939794637,inf,1.0,1.3727047910496732,1.3727047910496732,1.3727047910496732,1.4147710330878895,0.042066242038216316,32.0,375.59808612440406,0.1320192239472021,0.0
BANKUSD,atr_arm,45,5,674530659bf7,667,17.0,ok,0.0,0.0,20.84375,0.0,0.0,10000.0,0.0,10000.0,0.0,0.0,0.0,0.0,0.0,0.0,0.0,,,,,,,,,,,,0.0,,0.0,
BANKUSD,atr_banded,45,1,6fe5d93cf16c,667,0.0,ok,0.0,0.0,20.84375,0.0,0.0,10000.0,0.0,10000.0,0.0,0.0,0.0,0.0,0.0,0.0,0.0,,,,,,,,,,,,0.0,,0.0,
BANKUSD,atr_banded,45,5,3f6dbdab4998,667,0.0,ok,0.0,0.0,20.84375,0.0,0.0,10000.0,0.0,10000.0,0.0,0.0,0.0,0.0,0.0,0.0,0.0,,,,,,,,,,,,0.0,,0.0,
BANKUSD,atr_adx,45,1,52a8a853b696,667,3.0,ok,0.0,0.0,20.84375,0.0,0.0,10000.0,0.0,10000.0,0.0,0.0,0.0,0.0,0.0,0.0,0.0,,,,,,,,,,,,0.0,,0.0,
BANKUSD,atr_adx,45,5,89fc805babbb,667,5.0,ok,0.0,0.0,20.84375,0.0,0.0,10000.0,0.0,10000.0,0.0,0.0,0.0,0.0,0.0,0.0,0.0,,,,,,,,,,,,0.0,,0.0,
BANKUSD,atr_adx_both,45,1,9bbda3b72cd1,667,1.0,ok,0.0,0.0,20.84375,0.0,0.0,10000.0,0.0,10000.0,0.0,0.0,0.0,0.0,0.0,0.0,0.0,,,,,,,,,,,,0.0,,0.0,
BANKUSD,atr_adx_both,45,5,0ef8d869bfe5,667,4.0,ok,0.0,0.0,20.84375,0.0,0.0,10000.0,0.0,10000.0,0.0,0.0,0.0,0.0,0.0,0.0,0.0,,,,,,,,,,,,0.0,,0.0,
BANKUSD,atr_banded_adx,45,1,1eb5e6f0b3c3,667,0.0,ok,0.0,0.0,20.84375,0.0,0.0,10000.0,0.0,10000.0,0.0,0.0,0.0,0.0,0.0,0.0,0.0,,,,,,,,,,,,0.0,,0.0,
BANKUSD,atr_banded_adx,45,5,7a5322224cbd,667,0.0,ok,0.0,0.0,20.84375,0.0,0.0,10000.0,0.0,10000.0,0.0,0.0,0.0,0.0,0.0,0.0,0.0,,,,,,,,,,,,0.0,,0.0,
BANKUSD,atr_arm,60,1,cb4429a1f1a8,500,10.0,ok,0.0,0.0,20.833333333333332,0.0,0.0,10000.0,0.0,10000.0,0.0,0.0,0.0,0.0,0.0,0.0,0.0,,,,,,,,,,,,0.0,,0.0,
BANKUSD,atr_arm,60,5,ce9d73014263,500,11.0,ok,0.0,0.0,20.833333333333332,0.0,0.0,10000.0,0.0,10000.0,0.0,0.0,0.0,0.0,0.0,0.0,0.0,,,,,,,,,,,,0.0,,0.0,
BANKUSD,atr_banded,60,1,fbec7593f674,500,0.0,ok,0.0,0.0,20.833333333333332,0.0,0.0,10000.0,0.0,10000.0,0.0,0.0,0.0,0.0,0.0,0.0,0.0,,,,,,,,,,,,0.0,,0.0,
BANKUSD,atr_banded,60,5,cf8f31c6adcd,500,0.0,ok,0.0,0.0,20.833333333333332,0.0,0.0,10000.0,0.0,10000.0,0.0,0.0,0.0,0.0,0.0,0.0,0.0,,,,,,,,,,,,0.0,,0.0,
BANKUSD,atr_adx,60,1,8cae326eef07,500,1.0,ok,0.0,0.0,20.833333333333332,0.0,0.0,10000.0,0.0,10000.0,0.0,0.0,0.0,0.0,0.0,0.0,0.0,,,,,,,,,,,,0.0,,0.0,
BANKUSD,atr_adx,60,5,5a84e74ece84,500,1.0,ok,0.0,0.0,20.833333333333332,0.0,0.0,10000.0,0.0,10000.0,0.0,0.0,0.0,0.0,0.0,0.0,0.0,,,,,,,,,,,,0.0,,0.0,
BANKUSD,atr_adx_both,60,1,4100bf74cc53,500,1.0,ok,0.0,0.0,20.833333333333332,0.0,0.0,10000.0,0.0,10000.0,0.0,0.0,0.0,0.0,0.0,0.0,0.0,,,,,,,,,,,,0.0,,0.0,
BANKUSD,atr_adx_both,60,5,d297bac960b4,500,1.0,ok,0.0,0.0,20.833333333333332,0.0,0.0,10000.0,0.0,10000.0,0.0,0.0,0.0,0.0,0.0,0.0,0.0,,,,,,,,,,,,0.0,,0.0,
BANKUSD,atr_banded_adx,60,1,c1da96cf8f8f,500,0.0,ok,0.0,0.0,20.833333333333332,0.0,0.0,10000.0,0.0,10000.0,0.0,0.0,0.0,0.0,0.0,0.0,0.0,,,,,,,,,,,,0.0,,0.0,
BANKUSD,atr_banded_adx,60,5,1bd2e3e6fa39,500,0.0,ok,0.0,0.0,20.833333333333332,0.0,0.0,10000.0,0.0,10000.0,0.0,0.0,0.0,0.0,0.0,0.0,0.0,,,,,,,,,,,,0.0,,0.0,
BEATUSD,atr_arm,5,1,5104b68fd7d7,62961,7452.0,ok,876.0,4.007051984561872,218.61458333333334,118.0,944.0,10000.0,-1419.7565385209887,8580.243461479035,-14.197565385209888,29.793772581649524,2475.958927346,-25.028388825006786,-1444.784927345967,25030.369777114734,-26450.12631563572,82.33674268787742,-46.24147957278972,114.61219768902191,-66.6668893792597,0.9463232605554057,0.3470319634703196,-0.029525382024952206,-0.12316265866152194,0.07282366241095223,0.04458871081323414,0.07411409283818635,24.162100456621005,234.3635898078422,0.23351766866315551,0.0
BEATUSD,atr_arm,5,5,5dc5ac0f708a,62961,13999.0,ok,996.0,4.5559632153237715,218.61458333333334,195.0,1570.0,10000.0,-2268.6767492715157,7731.323250728493,-22.686767492715155,33.32162002878777,2632.77242119,92.79832808152457,-2175.878421189974,25572.59940433463,-27841.276153606144,74.7736824688147,-42.570758644657715,112.24273144033495,-63.05336368696401,0.9185139094646829,0.3433734939759036,-0.04593471591804997,-0.1369330814931284,0.045588782861209036,0.02944428916669844,0.0753790050847484,23.740963855421686,228.239939454943,0.23751465938296548,0.0
BEATUSD,atr_banded,5,1,ddd76a9fda2b,62961,1965.0,ok,448.0,2.0492685948444276,218.61458333333334,40.0,87.0,10000.0,-1601.7038808050356,8398.296119194967,-16.01703880805036,21.53320373540733,1359.2757103640001,-82.69482955897251,-1684.3987103640047,13063.771346159916,-14665.47522696495,87.67631775946252,-49.04841213031756,113.09520788165396,-63.13930440507329,0.890784045111608,0.3325892857142857,-0.07373891438164366,-0.20688683826456902,0.057114529259738936,0.0010322839787789229,0.07477119836042258,23.265625,227.14240922481397,0.2355840976097266,0.0
BEATUSD,atr_banded,5,5,252136b1eac7,62961,3859.0,ok,523.0,2.3923381140706153,218.61458333333334,71.0,154.0,10000.0,-1627.7430608036857,8372.256939196306,-16.27743060803686,19.797888858745612,1587.4160846560003,-91.1480238523232,-1718.891084656012,15277.018406860072,-16904.76146766376,86.8012409480686,-48.71689183764772,112.24273144033495,-71.18538066373519,0.9037109713782526,0.3365200764818356,-0.06322655829348779,-0.18235288228536378,0.054447644136349234,0.011753670215134826,0.07498022850862263,24.60229445506692,226.73556864158948,0.23639509764114275,0.0
BEATUSD,atr_adx,5,1,46cfb055642f,62961,3043.0,ok,485.0,2.218516224329347,218.61458333333334,25.0,365.0,10000.0,-898.9256406661577,9101.074359333852,-8.989256406661578,17.100744132975016,1395.114209364,77.4644313021644,-821.4612093639898,14990.88967333853,-15889.815314004689,88.70348919135225,-50.284225677230026,112.42941780733929,-66.0832323583948,0.9434275589173223,0.34845360824742266,-0.03304855941575825,-0.1566448033777317,0.10440545477038814,0.03636780424316786,0.06941636365892612,25.709278350515465,255.54918502743791,0.21872069014055934,0.0
BEATUSD,atr_adx,5,5,3521dc5aecec,62961,5940.0,ok,565.0,2.58445704483728,218.61458333333334,50.0,618.0,10000.0,-1365.797721890949,8634.202278109044,-13.657977218909492,21.11826485688444,1585.456132806,76.36158908495591,-1289.4361328059913,16342.967275729523,-17708.76499762047,84.67858692087836,-47.60420698285073,110.98695655463821,-62.366617095439814,0.9228744792720176,0.3415929203539823,-0.046599214473378205,-0.16372796807969048,0.06942432687697335,0.02442561405709755,0.0710248285304758,25.394690265486727,243.35454885810526,0.22390648691885334,0.0
BEATUSD,atr_adx_both,5,1,5af18381228a,62961,1762.0,ok,336.0,1.5369514461333205,218.61458333333334,12.0,178.0,10000.0,-841.6135056734727,9158.386494326502,-8.416135056734726,18.143509348957497,902.23930931,34.98519636347561,-806.628309310021,9886.108851184197,-10727.722356857666,85.96616392334084,-48.541730121527905,111.66925341870363,-62.579027182459164,0.9215477920030741,0.34226190476190477,-0.046395627468227466,-0.19419911101188106,0.10800119529896551,0.020360412536761564,0.06675604000498903,26.071428571428573,265.1198695549025,0.21028267515960758,0.0
BEATUSD,atr_adx_both,5,5,f0e15e357330,62961,5940.0,ok,565.0,2.58445704483728,218.61458333333334,50.0,618.0,10000.0,-1365.797721890949,8634.202278109044,-13.657977218909492,21.11826485688444,1585.456132806,76.36158908495591,-1289.4361328059913,16342.967275729523,-17708.76499762047,84.67858692087836,-47.60420698285073,110.98695655463821,-62.366617095439814,0.9228744792720176,0.3415929203539823,-0.046599214473378205,-0.16372796807969048,0.06942432687697335,0.02442561405709755,0.0710248285304758,25.394690265486727,243.35454885810526,0.22390648691885334,0.0
BEATUSD,atr_banded_adx,5,1,57994c89d5b6,62961,632.0,ok,182.0,0.8325153666555486,218.61458333333334,6.0,26.0,10000.0,-862.0988282473675,9137.901171752623,-8.620988282473675,13.917442654796272,538.956789152,-75.9039609046356,-938.0027891520131,5398.999269849456,-6261.098098096823,91.50846220083824,-50.903236569892876,110.63968762012712,-63.523421309530086,0.8623086853551427,0.3241758241758242,-0.09635037647351652,-0.29989156340182826,0.10571558012803697,-0.026785407879002562,0.06956496859451398,22.384615384615383,249.80085421274384,0.21916894383112745,0.0
BEATUSD,atr_banded_adx,5,5,0b49936fe369,62961,1232.0,ok,224.0,1.0246342974222138,218.61458333333334,12.0,45.0,10000.0,-489.4685318652513,9510.531468134712,-4.894685318652512,12.533718297586907,655.699425228,-82.5488933627527,-572.0174252280358,6915.152641560652,-7404.621173425903,89.80717716312536,-50.37157260833948,107.448116735266,-63.0565946409196,0.9338968840672253,0.34375,-0.04025083111094803,-0.2232873413700633,0.15258737018548632,0.02910991665834483,0.06936074776929287,25.839285714285715,257.93416863731244,0.2186042213656935,0.0
BEATUSD,atr_arm,10,1,8f08c30ad8fd,31465,3081.0,ok,341.0,1.560591133004926,218.50694444444446,1.0,278.0,10000.0,-1062.086892601594,8937.91310739841,-10.62086892601594,16.2713703929077,746.1405294159999,-52.67163681440178,-1114.7585294159999,9775.064947515499,-10837.15184011709,86.50499953553539,-47.531367719811804,105.57062826547174,-73.81841520770607,0.9019957542100733,0.3313782991202346,-0.06105554571270474,-0.20641759441392205,0.09092266593823656,-0.006395488367291991,0.054660057345412766,23.258064516129032,324.8259860788863,0.17198467445345808,0.0
BEATUSD,atr_arm,10,5,fc024592ecb0,31465,4667.0,ok,377.0,1.7253456221198156,218.50694444444446,2.0,368.0,10000.0,-1533.7323443118314,8466.267655688165,-15.337323443118315,22.407303303712435,836.285599066,-92.04025475416329,-1625.7725990660201,10177.858826388965,-11711.591170700798,83.42507234745054,-45.92780851255215,106.602091823376,-75.80735351992399,0.8690415058076129,0.32360742705570295,-0.08313218659670533,-0.22438744975433322,0.058050692196859655,-0.026130111243121444,0.057002075353583884,22.408488063660478,315.5893536121663,0.1795074474051961,0.0
BEATUSD,atr_banded,10,1,b5fe3f0195dd,31465,734.0,ok,158.0,0.7230891466709042,218.50694444444446,3.0,16.0,10000.0,-1622.3492291647233,8377.65077083526,-16.223492291647233,17.011814513977537,346.856825546,-34.42159638127869,-1656.770825546013,3722.5887644045797,-5344.937993569304,84.60429010010408,-46.88542099622197,108.45599913446374,-73.08753980960998,0.6964699625857899,0.27848101265822783,-0.221631755820229,-0.4271574860613199,-0.011459626485554878,-0.1676779462380501,0.053953809582178866,24.658227848101266,334.04973280284275,0.1698203783119637,0.0
BEATUSD,atr_banded,10,5,4892bcd3ee31,31465,1240.0,ok,187.0,0.8558080406801207,218.50694444444446,3.0,33.0,10000.0,-1787.6768440075205,8212.323155992482,-17.876768440075207,18.58347872204188,425.90874207,-94.9148980624803,-1882.591742070007,4368.641324779701,-6156.318168787222,82.42719480716417,-45.94267290139718,103.26093359332795,-82.82655291991696,0.7096191595374142,0.28342245989304815,-0.20729894319197448,-0.3895579877647516,-0.01055163735945984,-0.1501094232950563,0.057189519896918194,24.06417112299465,317.17123935667007,0.18008399335348382,0.0
BEATUSD,atr_adx,10,1,95698e32d73d,31465,1085.0,ok,156.0,0.7139361194978547,218.50694444444446,0.0,76.0,10000.0,-1034.0375484675792,8965.962451532434,-10.340375484675791,13.963296035885906,333.54019582999996,72.2413526375801,-961.7961958299784,4221.6301151257485,-5255.667663593329,87.9506273984531,-48.66358947771601,105.2695656755838,-72.35666441151388,0.8032528663046012,0.3076923076923077,-0.13491760595877808,-0.3461235277023213,0.0828601151129755,-0.08348122754903185,0.05143637840974625,23.474358974358974,332.91423205703995,0.16187316749772138,0.0
BEATUSD,atr_adx,10,5,63e6569bb911,31465,1612.0,ok,170.0,0.7780073097092006,218.50694444444446,0.0,95.0,10000.0,-1856.9013823297353,8143.0986176702745,-18.569013823297354,22.935563134089023,370.18434834600004,-0.3749660162637056,-1857.2763483460003,3936.752003423656,-5793.653385753392,85.5815652918186,-46.723011175430585,105.2695656755838,-76.50927345992328,0.6794938774045646,0.27058823529411763,-0.2371972879857457,-0.4373018197723607,-0.03576495112678192,-0.183524297595414,0.0536729903903317,19.741176470588236,326.49851396801904,0.16911330672884914,0.0
BEATUSD,atr_adx_both,10,1,e7f62405da8e,31465,582.0,ok,102.0,0.4668043858255204,218.50694444444446,0.0,46.0,10000.0,-73.31088474695821,9926.689115253053,-0.7331088474695822,6.741960262873892,223.34695460400005,44.42693014296131,-28.88395460398897,3398.628452142796,-3471.939336889755,94.40634589285544,-52.60514146802659,107.04626720597341,-81.85804458676317,0.9788847449124406,0.35294117647058826,-0.007351678493528253,-0.26888209916411004,0.2920203437611866,0.04280778366231431,0.05015946215584254,20.892156862745097,337.83202587393356,0.1577176355519869,0.0
BEATUSD,atr_adx_both,10,5,c105ce685f13,31465,1226.0,ok,136.0,0.6224058477673605,218.50694444444446,0.0,69.0,10000.0,-1647.4858411950613,8352.514158804946,-16.474858411950613,20.885785529183735,290.9532108,44.342630395061796,-1603.1432108000045,3028.9843399050837,-4676.470181100146,84.13845388625232,-46.76470181100146,101.21131720501748,-77.91311333992188,0.6477073995139879,0.2647058823529412,-0.26183187705463756,-0.4843905431441734,-0.02976147662109103,-0.20899004941328272,0.05284182764135488,20.058823529411764,326.7540163212401,0.1664616912368333,0.0
BEATUSD,atr_banded_adx,10,1,d9f4cc36aad1,31465,196.0,ok,55.0,0.25170824725885904,218.50694444444446,0.0,5.0,10000.0,-563.1470769676826,9436.852923032318,-5.631470769676826,7.761928484066461,124.881220014,24.976856953682198,-538.1702200139989,1407.5373161832458,-1970.6843931509284,87.97108226145286,-50.53036905515201,104.74410054113184,-78.20366759628267,0.7142378155909246,0.2909090909090909,-0.20899496533106476,-0.5412507940688818,0.15697667957967076,-0.1566825715892258,0.05231239374183897,25.581818181818182,335.4914655679818,0.16472269531962352,0.0
BEATUSD,atr_banded_adx,10,5,1ec357d8344a,31465,337.0,ok,60.0,0.2745908151914826,218.50694444444446,0.0,5.0,10000.0,-432.495111166451,9567.50488883354,-4.32495111166451,9.37008366802702,135.85635673200002,-16.575245565548997,-449.07035673200517,1644.7579878488098,-2077.253099015261,91.37544376937832,-49.45840711941097,102.25010461800977,-89.84575231990992,0.79179469686603,0.3,-0.14177639989563498,-0.480918647521141,0.21801422789855662,-0.08795156063226998,0.053824839263364996,25.916666666666668,332.13960144584814,0.16929523118302284,0.0
BEATUSD,atr_arm,15,1,c1a742608234,20970,1594.0,ok,172.0,0.7874105865522174,218.4375,0.0,82.0,10000.0,-467.4426297245745,9532.557370275419,-4.674426297245745,11.406639530121787,349.42606604599996,50.66856367857612,-416.774066046004,5163.460850613909,-5630.903480338484,86.05768084356515,-50.2759239315936,104.69181359743602,-71.45057283418447,0.9169862116520463,0.3488372093023256,-0.04947750506175157,-0.25375939121644564,0.15543524613214973,-0.0011599207151947036,0.04831758434655684,21.941860465116278,374.5240856333355,0.1520037637731728,0.0
BEATUSD,atr_arm,15,5,10d320454352,20970,2560.0,ok,204.0,0.9339055793991416,218.4375,0.0,134.0,10000.0,-1301.9371311877762,8698.06286881224,-13.019371311877762,21.196494066170164,388.48923086400004,91.9529003237782,-1209.984230863969,5415.596094147963,-6717.533225335739,84.61868897106193,-47.982380180969564,106.54558737891601,-69.56626096545169,0.8061882111312214,0.3137254901960784,-0.13193249698936355,-0.31367889143701233,0.07032214356660642,-0.08432730379508861,0.047605193194274927,19.730392156862745,375.80275285193267,0.1497783901846206,0.0
BEATUSD,atr_banded,15,1,25cf1bb6224f,20970,362.0,ok,85.0,0.38912732474964234,218.4375,0.0,1.0,10000.0,-850.2288596255064,9149.771140374492,-8.502288596255065,11.155400415551114,174.18794671399996,54.799912911507086,-795.4289467140043,2158.8872099509304,-3009.116069576437,86.35548839803721,-50.15193449294062,100.64867140517612,-73.05620368439085,0.7174489650892114,0.29411764705882354,-0.20625556868370756,-0.4704608415461946,0.08218678196606793,-0.158141255104046,0.04811431357966156,18.83529411764706,355.07435429167725,0.15140968880939323,0.0
BEATUSD,atr_banded,15,5,e9f9d39ae933,20970,642.0,ok,94.0,0.4303290414878398,218.4375,0.0,13.0,10000.0,-1409.2651786029114,8590.734821397062,-14.092651786029114,15.801631455877848,191.87948735400002,46.9116912489136,-1362.3534873540157,2019.2953807702452,-3428.5605593731575,84.13730753209354,-48.97943656247368,103.53242702501639,-70.85931414324818,0.5889630198451073,0.2553191489361702,-0.32157409580206825,-0.5679514812422679,-0.06118243183470608,-0.27293250035655037,0.048641595445517855,19.04255319148936,360.18160767503116,0.15301447267966123,0.0
BEATUSD,atr_adx,15,1,507eb30e676f,20970,531.0,ok,70.0,0.32045779685264664,218.4375,0.0,14.0,10000.0,-975.9650102899947,9024.03498971,-9.759650102899947,11.802672028392529,131.82972215400002,13.4562881359954,-962.5087221540052,1588.71006667989,-2564.675076969885,88.261670371105,-49.32067455711318,98.30896138799986,-58.718400787535934,0.6194586132746768,0.2571428571428571,-0.29006035909069405,-0.5756959795235719,0.012670180958435116,-0.24614615429318196,0.04391420479751219,15.271428571428572,391.10108650576547,0.13815443920612328,0.0
BEATUSD,atr_adx,15,5,ee9c7b1f1716,20970,822.0,ok,75.0,0.34334763948497854,218.4375,0.0,27.0,10000.0,-1296.8655177221733,8703.134482277821,-12.968655177221732,15.447858138697729,142.92556770000004,24.687950022174,-1272.1775677000005,1488.959535154627,-2785.8250528767994,87.58585500909571,-48.031466428910335,101.21695305278999,-63.57537065549401,0.534477042489457,0.22666666666666666,-0.3686300195297104,-0.6517578942135137,-0.08357593271672482,-0.3232638456558013,0.045366173873909135,16.906666666666666,389.1625615763556,0.1428250997831784,0.0
BEATUSD,atr_adx_both,15,1,f25052c35124,20970,256.0,ok,34.0,0.15565092989985693,218.4375,0.0,6.0,10000.0,262.85579902999234,10262.855799029994,2.6285579902999237,4.244532846431788,67.69056506599999,1.6846359040082046,264.5404349340006,1321.6709317063628,-1058.8151326763705,94.40506655045449,-52.94075663381852,100.75448962799989,-57.95878160174396,1.2482546678054844,0.4117647058823529,0.15926852178567946,-0.29157782611520056,0.632744862452956,0.20434904350055233,0.04508052171487282,12.647058823529411,368.2556898687975,0.14155597530155214,0.0
BEATUSD,atr_adx_both,15,5,8cbfe73ba91e,20970,577.0,ok,47.0,0.2151645207439199,218.4375,0.0,10.0,10000.0,-494.04646734774997,9505.953532652245,-4.940464673477499,7.539508277842543,93.192158722,-3.4006913742499,-497.44715872200504,1216.5380905222744,-1710.5845578700246,93.57985311709803,-50.31131052558896,103.16204162265633,-56.12276062033623,0.7111826684774215,0.2765957446808511,-0.2098831154574646,-0.5938478045964649,0.1806360677764657,-0.16411597851370013,0.04576713694376445,16.851063829787233,368.6200378071832,0.14401245351209402,0.0
BEATUSD,atr_banded_adx,15,1,5c2096a5e94d,20970,84.0,ok,20.0,0.09155937052932761,218.4375,0.0,0.0,10000.0,-281.46949690342234,9718.530503096574,-2.8146949690342233,4.692552392593381,39.12643912800001,-4.4169422245779995,-285.88643912800217,490.9071395296564,-772.3766364330788,98.18142790593127,-51.49177576220526,105.92283759234691,-57.090394424135134,0.6355799960453492,0.25,-0.2849042072297473,-0.868017551909462,0.3193106099720515,-0.24145526775062867,0.04344893947911867,13.7,387.937897626638,0.13687463907167774,0.0
BEATUSD,atr_banded_adx,15,5,12b9006db925,20970,165.0,ok,23.0,0.10529327610872675,218.4375,0.0,0.0,10000.0,-565.7037298022171,9434.296270197781,-5.657037298022171,6.6129009490879636,48.48643693999999,-17.829707137782897,-583.5334369400025,389.3566994344848,-955.060429236702,97.3391748586212,-50.266338380879056,105.0438098944851,-56.12276062033623,0.4076775537079515,0.17391304347826086,-0.5058362057590443,-0.9189316212649391,0.018287508669838675,-0.45986293621745306,0.045973269541591255,15.304347826086957,379.7897592404201,0.14512225163345957,0.0
BEATUSD,atr_arm,20,1,a526d6367aa7,15722,1078.0,ok,113.0,0.5174914133061951,218.36111111111111,0.0,37.0,10000.0,518.1123270114543,10518.112327011455,5.1811232701145435,6.9648624462148,214.646259462,-4.677586473451893,671.1628975579915,4074.4990926365854,-3556.38676562513,92.60225210537693,-51.5418371829729,108.07894449003422,-68.3722703213675,1.145685034040549,0.3893805309734513,0.09481235329043167,-0.1633842345677688,0.3547487718618106,0.13913656342795597,0.04432421013752435,18.601769911504423,391.44572286143114,0.1392503559328921,0.8849557522123894
BEATUSD,atr_arm,20,5,4dd73a2c0403,15722,1710.0,ok,131.0,0.5999236738328457,218.36111111111111,0.0,47.0,10000.0,-356.8161111548144,9643.183888845171,-3.568161111548144,10.779239458228442,245.09140281400002,13.121708340816603,-199.34647724600472,3915.6661082756223,-4272.482219430437,85.12317626686135,-50.26449669918161,103.94333397772184,-63.510687244727976,0.9164850565013277,0.3511450381679389,-0.05101915645883206,-0.28358946651888295,0.18283697515798553,-0.0067971679434883385,0.04422198851534373,18.862595419847327,392.1223843854402,0.1391602889794854,0.7633587786259541
BEATUSD,atr_banded,20,1,56c8d1506e08,15722,223.0,ok,41.0,0.18776237119959294,218.36111111111111,0.0,3.0,10000.0,-146.48365657452197,9853.516343425475,-1.4648365657452196,3.411446243648099,88.539586264,5.726070310522502,-140.75758626399875,1250.414228235094,-1396.8978848096162,89.31530201679243,-51.73695869665245,101.28297305388537,-62.28323691034975,0.8951364604618278,0.34146341463414637,-0.06497833217983401,-0.495257983113457,0.35562367258170513,-0.015962779947730973,0.04901555223210305,18.048780487804876,354.77987196452267,0.15421821939590383,0.0
BEATUSD,atr_banded,20,5,7a6b0848f5ea,15722,410.0,ok,48.0,0.21981936140440148,218.36111111111111,0.0,8.0,10000.0,-262.5797577633694,9737.42024223663,-2.6257975776336937,4.842647638398399,99.784498888,-17.890741124630896,-280.4704988879985,1379.4719001391536,-1642.0516579025232,86.2169937586971,-51.31411430945385,100.87149699639997,-64.21636154744718,0.8400904402125959,0.3333333333333333,-0.10779618274744167,-0.48043422442746714,0.2970469667056174,-0.0604767615693651,0.04731942117807655,20.020833333333332,367.0849398830619,0.14875698282907,0.0
BEATUSD,atr_adx,20,1,a4de0a9219f2,15722,342.0,ok,41.0,0.18776237119959294,218.36111111111111,0.0,4.0,10000.0,-239.31062729579543,9760.689372704199,-2.3931062729579544,6.552870678447513,71.912741966,23.595885329796403,-68.50179541400212,1176.8814287233533,-1416.1920560191486,84.06295919452523,-52.45155763033884,102.41342929850113,-60.38030047586589,0.831018239172668,0.34146341463414637,-0.11563513631544527,-0.502076277939343,0.3082829337739796,-0.07503508251958364,0.04060005379586163,16.73170731707317,413.42371746589765,0.12758358839329353,2.4390243902439024
BEATUSD,atr_adx,20,5,08ca9b764089,15722,550.0,ok,43.0,0.19692151125810967,218.36111111111111,0.0,8.0,10000.0,-137.1740769425387,9862.825923057453,-1.3717407694253871,5.543591341712595,77.287373806,34.87870313653979,47.2078348180039,1283.965145525455,-1421.1392224679937,80.24782159534094,-52.6347860173331,104.62893693667937,-59.94634000226863,0.9034759756300877,0.37209302325581395,-0.056922639745165406,-0.45168598035919716,0.3606539105810616,-0.016008783153043382,0.04091385659212196,17.976744186046513,412.083401740271,0.12863270836376636,2.3255813953488373
BEATUSD,atr_adx_both,20,1,7a6659339314,15722,170.0,ok,21.0,0.09617097061442564,218.36111111111111,0.0,1.0,10000.0,-246.54753467633267,9753.452465323668,-2.4654753467633266,4.28713388535641,37.760709762000005,14.564824914333798,-84.76976321000257,491.7668490509335,-738.3143837272662,70.25240700727622,-52.73674169480473,100.75508380695335,-59.791907433935755,0.6660670032843251,0.3333333333333333,-0.23732428614486184,-0.7505314660079373,0.33150553467708194,-0.1967272394141936,0.04059704673066829,23.523809523809526,412.083401740271,0.12754933706201882,4.761904761904762
BEATUSD,atr_adx_both,20,5,c0414ee3f0f4,15722,339.0,ok,27.0,0.12364839078997583,218.36111111111111,0.0,3.0,10000.0,-390.78618213157984,9609.213817868425,-3.9078618213157985,5.116466043885557,51.421563726,31.477618405579793,-214.96063815799607,593.3464833019699,-984.1326654335498,74.16831041274624,-51.79645607544999,101.72257757732716,-58.85640654768193,0.6029131072898358,0.2962962962962963,-0.29405324883027933,-0.7290274792174446,0.2044265167201108,-0.25076495375018737,0.04328829508009191,15.925925925925926,368.92634050224325,0.1362004993090164,3.7037037037037033
BEATUSD,atr_banded_adx,20,1,3ed9ed168b56,15722,50.0,ok,7.0,0.032056990204808546,218.36111111111111,0.0,0.0,10000.0,-10.002170940134398,9989.99782905986,-0.10002170940134399,1.6577899005178378,11.425538390000002,8.649632550135,-1.3525383899996086,205.07556476588826,-215.07773570602265,68.35852158862942,-53.76943392650566,93.58720964669422,-62.28323691034975,0.9534950890788353,0.42857142857142855,-0.022304332840872607,-0.9989610870486018,1.0003202601988064,0.014922763851168173,0.03722709669204077,30.428571428571427,461.4577871001569,0.1169246464190955,0.0
BEATUSD,atr_banded_adx,20,5,f252ed793a6e,15722,91.0,ok,11.0,0.050375270321842004,218.36111111111111,0.0,1.0,10000.0,82.75191447244099,10082.751914472441,0.8275191447244099,1.5837747064375556,19.820788300000004,6.9592972275594,89.71121170000515,399.55950195917893,-316.80758748673793,79.91190039183579,-52.801264581122986,101.68265895045901,-62.28323691034975,1.2612055952602623,0.45454545454545453,0.15559368057042477,-0.667307853689408,1.0214444748819291,0.1969844096998271,0.04139072912940236,28.636363636363637,402.98759388977936,0.1302589580472591,0.0
BEATUSD,atr_arm,30,1,8a8eb5c17364,10481,466.0,ok,41.0,0.18776834271538975,218.35416666666666,0.0,8.0,10000.0,377.39635135857156,10377.396351358571,3.773963513585716,3.9421713284925075,68.789589622,-24.650940980571406,352.7454103780019,1546.9559607571998,-1169.559609398628,85.94199781984443,-50.85041779994035,103.88093950655202,-63.17210405132889,1.3226824424559462,0.43902439024390244,0.1926450563146461,-0.22734932472521205,0.6258628006721481,0.23178890627463225,0.03914384995998619,15.829268292682928,441.04410441044246,0.12270894839224045,0.0
BEATUSD,atr_arm,30,5,e2b1b44db43e,10481,857.0,ok,49.0,0.22440606812327069,218.35416666666666,0.0,16.0,10000.0,170.69786869690853,10170.6978686969,1.7069786869690855,5.9152518375031224,80.64203239,-18.719901086908095,151.97796760999336,1655.649148481792,-1484.9512797848836,87.13942886746274,-49.49837599282945,104.79657342716095,-62.379461258989465,1.1149518310941733,0.3877551020408163,0.07820871440251863,-0.31573277584830545,0.47922690312800004,0.11704386604640624,0.03883515164388755,15.428571428571429,430.4121356118059,0.12182117056003654,0.0
BEATUSD,atr_banded,30,1,496a12e5566a,10481,105.0,ok,12.0,0.05495658811182139,218.35416666666666,0.0,0.0,10000.0,-136.14029089619726,9863.859709103801,-1.3614029089619726,3.266128292456163,21.124149502,35.7931413941969,-100.34714950200032,288.3364211159429,-424.4767120121401,72.08410527898573,-53.059589001517516,99.29976047238411,-59.33528650668708,0.6792750060401346,0.3333333333333333,-0.22716805454706046,-0.8515109618357323,0.5405695514816274,-0.18824234410961505,0.03892571043744531,16.25,442.21834909257205,0.12245415915699925,0.0
BEATUSD,atr_banded,30,5,aca58ad06d12,10481,209.0,ok,17.0,0.07785516649174698,218.35416666666666,0.0,2.0,10000.0,-202.16765239291732,9797.832347607076,-2.021676523929173,4.928811087178139,31.083000142000003,49.96865225091771,-152.19900014200175,386.1282132113839,-588.2958656043013,64.35470220189733,-53.48144232766376,100.23655066551981,-62.39294974783359,0.656350377058575,0.35294117647058826,-0.23952904263584993,-0.7998056096126085,0.3916268028574826,-0.19912269300286745,0.04040634963298252,16.470588235294116,429.24306535025624,0.1270773702601258,0.0
BEATUSD,atr_adx,30,1,0376db6aa308,10481,134.0,ok,10.0,0.04579715675985116,218.35416666666666,0.0,2.0,10000.0,309.01977033630703,10309.019770336306,3.0901977033630703,1.5764488994078765,17.241853140000003,-1.9996234763075995,307.02014686000075,518.9118090833412,-209.89203874703412,86.48530151389019,-52.47300968675853,105.97247521623052,-56.34202802385224,2.4722796166115835,0.6,0.6154858380906434,-0.20315713264479845,1.5274835641596944,0.6579326636159083,0.04244682552526512,14.6,401.264455525731,0.1325083563281237,0.0
BEATUSD,atr_adx,30,5,335e68349cd8,10481,244.0,ok,13.0,0.059536303787806506,218.35416666666666,0.0,7.0,10000.0,223.4437309997183,10223.443730999714,2.234437309997183,2.0844828805531392,22.665588666000005,0.08868033428139932,223.53241133399933,588.4038470299872,-364.9601160302689,98.0673078383312,-52.13715943289556,104.49911901505028,-54.84807866703994,1.6122415058120663,0.46153846153846156,0.3497048173061732,-0.3683538852727652,1.2138002296197108,0.39141654173382856,0.041711724427655444,9.384615384615385,404.0895813047708,0.13046621203314607,0.0
BEATUSD,atr_adx_both,30,1,d31ba21661f1,10481,63.0,ok,8.0,0.036637725407880926,218.35416666666666,0.0,1.0,10000.0,112.44768974692579,10112.447689746927,1.1244768974692578,1.5361521932934397,14.303356412,-6.6000461589264,105.84764358800021,310.9530810119184,-198.50539126499262,77.7382702529796,-49.626347816248156,104.59620930433142,-52.04448609464184,1.566471716613555,0.5,0.2877909109168654,-0.6404175581048456,1.2732315283636277,0.33024287664368523,0.04245196572681992,15.875,413.8183995377241,0.13319788198404955,0.0
BEATUSD,atr_adx_both,30,5,7cdcfd7301d2,10481,130.0,ok,6.0,0.027478294055910697,218.35416666666666,0.0,5.0,10000.0,-6.321838210210899,9993.67816178979,-0.06321838210210899,1.5719606547080003,9.874888482,-3.651050271789299,-9.97288848199969,200.07256984058898,-206.39440805079988,100.03628492029449,-51.59860201269997,104.10630479243223,-53.655729130799955,0.969370109055208,0.3333333333333333,-0.02087929693041705,-1.0576975030231417,1.0467798572889195,0.01817640312962676,0.03905570006004377,6.0,449.038857581151,0.12210192504301211,0.0
BEATUSD,atr_banded_adx,30,1,a06108319a03,10481,25.0,ok,3.0,0.013739147027955348,218.35416666666666,0.0,0.0,10000.0,-160.6896783492628,9839.310321650733,-1.606896783492628,1.6068967834926662,5.94984629,8.1128320592625,-152.5768462900014,0.0,-160.6896783492628,,-53.563226116420935,-50.11691253558102,-59.33528650668708,0.0,0.0,-1.0957203386413594,-1.2100352089625421,-1.0385624669503293,-1.0554630865793804,0.04025725206197881,21.0,463.8492489940792,0.12610704317978447,0.0
BEATUSD,atr_banded_adx,30,5,8d13298035c1,10481,46.0,ok,4.0,0.018318862703940463,218.35416666666666,0.0,0.0,10000.0,-210.3176521355108,9789.682347864486,-2.103176521355108,2.11490707141786,7.59510661,6.1115455255105005,-204.20610661000137,0.0,-210.3176521355108,,-52.5794130338777,-49.62797378624796,-59.33528650668708,0.0,0.0,-1.0700095530879739,-1.1671670234594889,-1.0042987323236643,-1.0317851791823345,0.03822437390563905,19.0,467.3576953631807,0.12059182802978383,0.0
BEATUSD,atr_arm,45,1,b2d966312cf6,6986,185.0,ok,11.0,0.05038648726023476,218.3125,0.0,3.0,10000.0,-7.061767912974133,9992.938232087025,-0.07061767912974133,2.4294097790097293,20.338519652000002,0.8162482609741994,-6.245519652000439,310.33017127416116,-317.3919391871353,62.06603425483223,-52.89865653118921,95.51476038,-56.25484545369988,0.9777506387494911,0.45454545454545453,-0.0034130214679628512,-0.7770984084125877,0.7218114951852952,0.03839928877510037,0.041812310243063304,16.181818181818183,393.00300531709894,0.13075254108706977,0.0
BEATUSD,atr_arm,45,5,674530659bf7,6986,344.0,ok,15.0,0.06870884626395649,218.3125,0.0,5.0,10000.0,-29.01862210239146,9970.981377897613,-0.2901862210239146,3.601477592090668,25.486616363999996,2.5410057383914997,-26.477616364001733,403.58660196024414,-432.60522406263556,67.2644336600407,-48.06724711807062,97.727144556,-55.42756831467487,0.932921239762491,0.4,-0.035391944472648366,-0.669604312292226,0.6455956003089937,0.00294418086977557,0.03833612534242405,17.133333333333333,424.767194902794,0.12038095354665403,0.0
BEATUSD,atr_banded,45,1,6fe5d93cf16c,6986,56.0,ok,6.0,0.027483538505582595,218.3125,0.0,0.0,10000.0,-261.0744768481302,9738.92552315187,-2.6107447684813017,2.6107447684813088,13.06951352,2.3589633281302995,-258.71551352000097,3.845284680307249,-264.91976152843745,3.845284680307249,-52.98395230568749,3.845284680307249,-56.25484545369988,0.014514903146983553,0.16666666666666666,-0.8837341795559741,-1.1050239258879428,-0.4925016524331858,-0.8395797132525057,0.04415446630346853,16.0,370.9016297839271,0.1394052700657433,0.0
BEATUSD,atr_banded,45,5,3f6dbdab4998,6986,94.0,ok,8.0,0.036644718007443455,218.3125,0.0,0.0,10000.0,-364.11588261813904,9635.884117381864,-3.6411588261813908,3.6411588261813628,15.809135560000001,6.1187470581389,-357.99713555999733,1.8104389052943484,-365.9263215234334,1.8104389052943484,-52.275188789061914,1.8104389052943484,-55.42756831467487,0.004947550364119982,0.125,-0.9347797832334572,-1.0931831317908123,-0.6508989639397995,-0.8941133901456455,0.04066639308781188,15.125,412.9849976361487,0.12807677437671128,0.0
BEATUSD,atr_adx,45,1,52a8a853b696,6986,57.0,ok,2.0,0.009161179501860864,218.3125,0.0,0.0,10000.0,196.3706028343888,10196.37060283439,1.9637060283438879,0.01693553716040439,2.90832768,0.5930694856112,196.96367232000011,196.3706028343888,0.0,98.1853014171944,,98.28616247999993,98.08444035438886,inf,1.0,1.9649771473750426,1.9587115655082084,1.971242729241877,2.0097917972920065,0.04481464991696381,11.5,352.5701136348714,0.13967345905156592,0.0
BEATUSD,atr_adx,45,5,89fc805babbb,6986,107.0,ok,3.0,0.013741769252791297,218.3125,0.0,0.0,10000.0,294.8007776383888,10294.80077763839,2.9480077763838883,0.01693553716040439,4.114152876,0.5930694856112,295.3938471239999,294.8007776383888,0.0,98.26692587946293,,98.43017480399999,98.08444035438886,inf,1.0,1.968583228684811,1.9587115655082084,1.9757953913043478,2.0106420926772546,0.042058863992443206,10.333333333333334,354.12223284548,0.13042735379165718,0.0
BEATUSD,atr_adx_both,45,1,9bbda3b72cd1,6986,33.0,ok,1.0,0.004580589750930432,218.3125,0.0,0.0,10000.0,98.28616247999993,10098.28616248,0.9828616247999994,0.011221475999991527,1.4338375200000002,0.0,98.28616248000071,98.28616247999993,0.0,98.28616247999993,,98.28616247999993,98.28616247999993,inf,1.0,1.971242729241877,1.971242729241877,1.971242729241877,2.0162546666666663,0.045011937424789435,12.0,351.0179944242627,0.1406614921725648,0.0
BEATUSD,atr_adx_both,45,5,0ef8d869bfe5,6986,65.0,ok,1.0,0.004580589750930432,218.3125,0.0,0.0,10000.0,98.28616247999993,10098.28616248,0.9828616247999994,0.011221475999991527,1.4338375200000002,0.0,98.28616248000071,98.28616247999993,0.0,98.28616247999993,,98.28616247999993,98.28616247999993,inf,1.0,1.971242729241877,1.971242729241877,1.971242729241877,2.0162546666666663,0.045011937424789435,12.0,351.0179944242627,0.1406614921725648,0.0
BEATUSD,atr_banded_adx,45,1,1eb5e6f0b3c3,6986,8.0,ok,0.0,0.0,218.3125,0.0,0.0,10000.0,0.0,10000.0,0.0,0.0,0.0,0.0,0.0,0.0,0.0,,,,,,,,,,,,0.0,,0.0,
BEATUSD,atr_banded_adx,45,5,7a5322224cbd,6986,13.0,ok,0.0,0.0,218.3125,0.0,0.0,10000.0,0.0,10000.0,0.0,0.0,0.0,0.0,0.0,0.0,0.0,,,,,,,,,,,,0.0,,0.0,
BEATUSD,atr_arm,60,1,cb4429a1f1a8,5237,68.0,ok,4.0,0.018331105594806187,218.20833333333334,0.0,2.0,10000.0,246.6129545218763,10246.612954521876,2.466129545218763,0.5264508540523324,5.765834348,-3.9317888698764003,242.68116565199853,298.38862217187636,-51.775667650000045,99.46287405729213,-51.775667650000045,100.55587047415003,-51.775667650000045,5.763105252238618,0.75,1.240786983848317,-0.277949614239562,2.0067706465322006,1.279847632540755,0.03906064869243813,4.5,419.26576960469384,0.12136951167435794,0.0
BEATUSD,atr_arm,60,5,ce9d73014263,5237,150.0,ok,4.0,0.018331105594806187,218.20833333333334,0.0,2.0,10000.0,245.97070901757053,10245.970709017569,2.4597070901757054,0.5271569946448291,5.813457626000001,-2.8091666435705998,243.1615423739986,297.7463766675706,-51.775667650000045,99.24879222252353,-51.775667650000045,100.55587047415003,-51.775667650000045,5.75070086358549,0.75,1.235153744952863,-0.277949614239562,2.0067706465322006,1.2745363489128931,0.03938260396003019,4.75,415.033902748124,0.12251394254966352,0.0
BEATUSD,atr_banded,60,1,fbec7593f674,5237,17.0,ok,1.0,0.004582776398701547,218.20833333333334,0.0,0.0,10000.0,-51.775667650000045,9948.22433235,-0.5177566765000005,0.5177566764999938,1.90866765,0.0,-51.77566764999938,0.0,-51.775667650000045,,-51.775667650000045,-51.775667650000045,-51.775667650000045,0.0,0.0,-1.038275164938737,-1.038275164938737,-1.038275164938737,-1.0007899999999998,0.037485164938737006,2.0,421.50007945336125,0.11892413766271875,0.0
BEATUSD,atr_banded,60,5,cf8f31c6adcd,5237,36.0,ok,1.0,0.004582776398701547,218.20833333333334,0.0,0.0,10000.0,-51.775667650000045,9948.22433235,-0.5177566765000005,0.5177566764999938,1.90866765,0.0,-51.77566764999938,0.0,-51.775667650000045,,-51.775667650000045,-51.775667650000045,-51.775667650000045,0.0,0.0,-1.038275164938737,-1.038275164938737,-1.038275164938737,-1.0007899999999998,0.037485164938737006,2.0,421.50007945336125,0.11892413766271875,0.0
BEATUSD,atr_adx,60,1,8cae326eef07,5237,19.0,ok,2.0,0.009165552797403094,218.20833333333334,0.0,0.0,10000.0,197.8327516977263,10197.832751697726,1.978327516977263,0.013780581078526116,2.6030675580000002,-2.1518192557264,195.68093244199918,197.8327516977263,0.0,98.91637584886315,,99.21393523918051,98.6188164585458,inf,1.0,1.995454422562783,1.9878818072676032,2.003027037857963,2.0358897225027834,0.040435299940000405,5.5,393.6463738982394,0.1250514490447497,0.0
BEATUSD,atr_adx,60,5,5a84e74ece84,5237,51.0,ok,2.0,0.009165552797403094,218.20833333333334,0.0,0.0,10000.0,197.8327516977263,10197.832751697726,1.978327516977263,0.013780581078526116,2.6030675580000002,-2.1518192557264,195.68093244199918,197.8327516977263,0.0,98.91637584886315,,99.21393523918051,98.6188164585458,inf,1.0,1.995454422562783,1.9878818072676032,2.003027037857963,2.0358897225027834,0.040435299940000405,5.5,393.6463738982394,0.1250514490447497,0.0
BEATUSD,atr_adx_both,60,1,4100bf74cc53,5237,10.0,ok,0.0,0.0,218.20833333333334,0.0,0.0,10000.0,0.0,10000.0,0.0,0.0,0.0,0.0,0.0,0.0,0.0,,,,,,,,,,,,0.0,,0.0,
BEATUSD,atr_adx_both,60,5,d297bac960b4,5237,26.0,ok,1.0,0.004582776398701547,218.20833333333334,0.0,0.0,10000.0,98.6188164585458,10098.618816458547,0.9861881645854579,0.01391730364639443,1.2142623140000002,-0.6130787725458001,98.00573768600043,98.6188164585458,0.0,98.6188164585458,,98.6188164585458,98.6188164585458,inf,1.0,1.9878818072676032,1.9878818072676032,1.9878818072676032,2.0248472783419835,0.03696547107438017,6.0,427.4259069553852,0.11493344001739748,0.0
BEATUSD,atr_banded_adx,60,1,c1da96cf8f8f,5237,1.0,ok,0.0,0.0,218.20833333333334,0.0,0.0,10000.0,0.0,10000.0,0.0,0.0,0.0,0.0,0.0,0.0,0.0,,,,,,,,,,,,0.0,,0.0,
BEATUSD,atr_banded_adx,60,5,1bd2e3e6fa39,5237,6.0,ok,0.0,0.0,218.20833333333334,0.0,0.0,10000.0,0.0,10000.0,0.0,0.0,0.0,0.0,0.0,0.0,0.0,,,,,,,,,,,,0.0,,0.0,
BTCUSD,atr_arm,5,1,5104b68fd7d7,169474,25212.0,ok,110.0,0.1869313286993875,588.4513888888889,23971.0,157.0,10000.0,-366.660173243314,9633.339826756692,-3.66660173243314,5.829069306789083,596.860400033,-10.86922678968605,-377.52940003300137,3436.712557181354,-3803.3727304246677,85.91781392953385,-54.33389614892383,100.6963769693312,-60.284411952562,0.9035960450811841,0.36363636363636365,-0.06344967577891185,-0.3331828156256206,0.20345435509201448,0.06298524420523559,0.1264349199841474,60.1,117.78673588139486,0.39636442226007323,0.0
BTCUSD,atr_arm,5,5,5dc5ac0f708a,169474,39384.0,ok,129.0,0.21921946729291808,588.4513888888889,37211.0,302.0,10000.0,-83.4442725863517,9916.555727413628,-0.834442725863517,8.844685328378125,744.267654147,-16.759881560648196,-100.20415414701529,4451.711096764757,-4535.155369351109,90.85124687275014,-56.689442116888856,103.999934131444,-62.475032621516704,0.9816005702582377,0.3798449612403101,-0.007599652067680369,-0.25469104646026836,0.2351612199575227,0.1212116937291946,0.12881134579687495,58.4031007751938,116.78499130385195,0.4036892071802006,0.0
BTCUSD,atr_banded,5,1,ddd76a9fda2b,169474,6778.0,ok,24.0,0.040785017170775456,588.4513888888889,6669.0,7.0,10000.0,24.246143016454482,10024.246143016457,0.2424614301645448,2.1653618303030577,128.132382926,-11.3550259424545,12.891117074001158,860.6085385395945,-836.3623955231401,95.62317094884384,-55.757493034876006,100.6963769693312,-57.8703541,1.0289899966165845,0.375,0.02714820686508553,-0.500289473627231,0.6603060400077108,0.15051398735431964,0.12336578048923415,56.875,124.98010697722648,0.3874061976781116,0.0
BTCUSD,atr_banded,5,5,252136b1eac7,169474,11023.0,ok,42.0,0.07137378004885706,588.4513888888889,10786.0,8.0,10000.0,-354.4658181734481,9645.534181826557,-3.544658181734481,4.950192424997625,234.13816241,-9.713344236551949,-364.1791624100006,1217.0891169755591,-1571.554935149007,93.6222397673507,-54.19154948789679,98.063054877914,-57.592162875,0.7744489802770788,0.30952380952380953,-0.16612647318181514,-0.5909716733908877,0.26718536930406833,-0.038971368367855225,0.12715510481395983,44.5,121.25552933436978,0.3988101654883763,0.0
BTCUSD,atr_adx,5,1,46cfb055642f,169474,9955.0,ok,92.0,0.15634256582130593,588.4513888888889,9401.0,90.0,10000.0,-62.936464383891035,9937.063535616107,-0.6293646438389103,5.984578037092464,504.40412991700003,-15.559665533108898,-78.49612991700087,3101.592835826514,-3164.529300210405,91.22331870077983,-54.56085000362767,102.269757859477,-58.4476623602928,0.980111903410183,0.3695652173913043,-0.009499450839223867,-0.3147734542132057,0.2823413030862182,0.11658058511549449,0.1260800359547183,57.90217391304348,117.84738950446825,0.3948919224081509,0.0
BTCUSD,atr_adx,5,5,3521dc5aecec,169474,16763.0,ok,112.0,0.19033008013028546,588.4513888888889,15695.0,196.0,10000.0,-607.7321187484035,9392.267881251597,-6.077321187484035,12.510079118142341,630.2575381480001,-17.67791939959655,-625.4100381480002,3382.9139011107627,-3990.6460198591667,86.74138207976314,-54.66638383368721,100.21893643700001,-60.27317379,0.8477108428750463,0.3482142857142857,-0.10769570190075253,-0.35346668392506403,0.1665574319404361,0.019734847818620664,0.1274305497193732,59.410714285714285,117.32141635245654,0.3998274925026279,0.0
BTCUSD,atr_adx_both,5,1,5af18381228a,169474,5652.0,ok,75.0,0.1274531786586733,588.4513888888889,5362.0,51.0,10000.0,688.5168754725515,10688.516875472547,6.885168754725515,3.5208218822876116,432.1770355509999,-19.79091102355155,668.7259644490023,3179.974662235201,-2491.457786762649,96.36286855258184,-59.32042349434879,108.56328142006019,-63.0863657222208,1.2763510098909592,0.44,0.18645509602390303,-0.15962586618694233,0.5237093354040325,0.31399589250221893,0.12754079647831587,53.56,117.70415213528986,0.39975485323752324,0.0
BTCUSD,atr_adx_both,5,5,f0e15e357330,169474,16763.0,ok,112.0,0.19033008013028546,588.4513888888889,15695.0,196.0,10000.0,-607.7321187484035,9392.267881251597,-6.077321187484035,12.510079118142341,630.2575381480001,-17.67791939959655,-625.4100381480002,3382.9139011107627,-3990.6460198591667,86.74138207976314,-54.66638383368721,100.21893643700001,-60.27317379,0.8477108428750463,0.3482142857142857,-0.10769570190075253,-0.35346668392506403,0.1665574319404361,0.019734847818620664,0.1274305497193732,59.410714285714285,117.32141635245654,0.3998274925026279,0.0
BTCUSD,atr_banded_adx,5,1,57994c89d5b6,169474,1942.0,ok,19.0,0.03228813859353057,588.4513888888889,1896.0,1.0,10000.0,6.47629403408245,10006.476294034086,0.0647629403408245,2.172272242902124,99.63627393699998,-11.83806797108245,-5.361773936998361,670.5131284572225,-664.0368344231401,95.78758977960321,-55.33640286859501,99.1229960791854,-57.723552125000005,1.009752913842059,0.3684210526315789,0.012073679270503051,-0.6357688318010899,0.6789072983552925,0.13302261660308404,0.12094893733258107,66.52631578947368,127.6909224850618,0.3797569209242412,0.0
BTCUSD,atr_banded_adx,5,5,0b49936fe369,169474,3243.0,ok,28.0,0.047582520032571365,588.4513888888889,3150.0,3.0,10000.0,-206.15547072383524,9793.844529276168,-2.0615547072383524,3.71869105781669,151.62287635599998,-5.4384056321648,-211.59387635599887,842.9115298119567,-1049.067000535792,93.65683664577297,-55.214052659778524,95.30333985,-57.14026051500001,0.8034868405749632,0.32142857142857145,-0.14187143511117303,-0.6825084076710778,0.4035169396690672,-0.01834072913963914,0.12353070597153389,39.25,126.35896083546626,0.38690790271809433,0.0
BTCUSD,atr_arm,10,1,8f08c30ad8fd,84737,12553.0,ok,192.0,0.32628013736620365,588.4513888888889,10839.0,295.0,10000.0,-341.0274130314595,9658.972586968557,-3.4102741303145954,10.557647817646949,1051.884631711,-12.660218679540801,-353.687631711,6074.81481647877,-6415.84222951023,83.21664132162698,-53.91464058411958,99.17326507641076,-60.66956297504041,0.9468460412784351,0.3802083333333333,-0.03011733331812373,-0.2263544630423999,0.17640834774558004,0.09406790447682946,0.12418523779495322,44.875,122.07231294169601,0.38891539399532443,0.0
BTCUSD,atr_arm,10,5,fc024592ecb0,84737,14700.0,ok,206.0,0.3500713973824893,588.4513888888889,12795.0,389.0,10000.0,307.20265917278357,10307.202659172775,3.0720265917278358,11.831769290328113,1242.1853057120002,-23.543464884783255,283.65919428798406,7675.055136529351,-7367.852477356568,94.75376711764632,-58.94281981885254,110.998442943642,-67.85925388250999,1.041695006803801,0.3932038834951456,0.03495557720212102,-0.15447344691090126,0.22995178488842605,0.16184625015533355,0.12689067295321252,40.30582524271845,118.8458546229335,0.39790053914588663,0.0
BTCUSD,atr_banded,10,1,b5fe3f0195dd,84737,3227.0,ok,58.0,0.09856379149604069,588.4513888888889,3048.0,11.0,10000.0,-5.022126222685294,9994.977873777323,-0.05022126222685294,3.8840166254614656,317.264046194,-29.973919971314803,-34.996046193995426,2006.6400253999298,-2011.6621516226148,91.21091024545136,-55.8795042117393,101.47031747413601,-62.54967285761,0.9975034942032218,0.3793103448275862,0.0015907441548972964,-0.34594739196800395,0.3895623179728624,0.1257353037747217,0.12414455961982439,41.672413793103445,122.42643352260765,0.38952323555081886,0.0
BTCUSD,atr_banded,10,5,4892bcd3ee31,84737,4090.0,ok,62.0,0.1053612943578366,588.4513888888889,3832.0,11.0,10000.0,217.98804396433948,10217.988043964333,2.179880439643395,4.663093924487561,341.913338685,-20.880882649339497,197.10716131499612,2350.3060094579305,-2132.3179654935916,94.01224037831722,-57.63021528361058,103.955832910608,-64.17668006444,1.102230552615486,0.4032258064516129,0.07398016204773446,-0.27910823862543976,0.4518189829171603,0.19725573500371849,0.12327557295598407,42.88709677419355,124.5194935359961,0.38598654106675057,0.0
BTCUSD,atr_adx,10,1,95698e32d73d,84737,5478.0,ok,148.0,0.25150760588644866,588.4513888888889,4642.0,159.0,10000.0,-852.1745602853196,9147.825439714665,-8.521745602853196,9.846425088675142,767.7786597610001,-10.126099475680295,-862.3006597610165,4168.6042645417,-5020.77882482702,80.16546662580193,-52.29977942528146,95.93163267788485,-58.35547031262001,0.8302704440850012,0.35135135135135137,-0.11567360798681244,-0.32744212528329353,0.10189101515503117,0.005596123643794218,0.12126973163060671,44.391891891891895,123.4088203310767,0.379781012597021,0.0
BTCUSD,atr_adx,10,5,63e6569bb911,84737,6332.0,ok,156.0,0.26510261161004045,588.4513888888889,5349.0,209.0,10000.0,-215.67296131411248,9784.32703868589,-2.156729613141125,8.37480758769281,867.442234961,-10.819773646887704,-226.49273496098976,5024.824942574638,-5240.497903888751,85.1665244504176,-54.025751586481974,99.7302790743482,-60.07361316000001,0.9588449484629941,0.3782051282051282,-0.02367808637909401,-0.25114417353529106,0.19247485168695194,0.10193251089396306,0.1256105972730571,42.35897435897436,119.69380828683565,0.3933855311825551,0.0
BTCUSD,atr_adx_both,10,1,e7f62405da8e,84737,2616.0,ok,120.0,0.20392508585387728,588.4513888888889,2268.0,76.0,10000.0,-882.1016826067813,9117.89831739323,-8.821016826067813,8.821016826067698,624.990025399,-8.475842792218751,-890.5775253989996,3214.543636520942,-4096.645319127723,78.40350332977907,-51.856269862376244,94.4263681770717,-58.35547031262001,0.7846770677246224,0.3416666666666667,-0.15176695478978353,-0.39663481472410383,0.08860964679969661,-0.029328707182550984,0.12243824760723251,40.2,121.63588062570318,0.38302976556260016,0.0
BTCUSD,atr_adx_both,10,5,c105ce685f13,84737,4711.0,ok,140.0,0.23791260016285684,588.4513888888889,3980.0,155.0,10000.0,-228.04800675362372,9771.951993246383,-2.2804800675362373,6.185705471262872,758.954339348,-8.2453325943762,-236.29333934799797,4372.459716497403,-4600.507723251027,82.49923993391326,-52.879399117827894,98.09535646657199,-59.313982514600006,0.9504298176479379,0.37857142857142856,-0.029517267547692475,-0.2607435215491631,0.19339315658958103,0.0952532669073534,0.12477053445504593,42.885714285714286,120.23906292483423,0.3907016309434154,0.0
BTCUSD,atr_banded_adx,10,1,d9f4cc36aad1,84737,1012.0,ok,42.0,0.07137378004885706,588.4513888888889,933.0,4.0,10000.0,-364.38764939520456,9635.6123506048,-3.643876493952045,5.434579442996809,227.20918127899998,-17.90653188379545,-382.29418127899044,1219.5042148787159,-1583.89186427392,93.80801652913199,-54.616960837031726,97.56761295590002,-59.74894123712,0.769941586534858,0.30952380952380953,-0.17322584194341736,-0.6059945542600876,0.259720452059261,-0.04913672751603769,0.12408911442737962,36.833333333333336,123.94981926757251,0.38873746444500173,0.0
BTCUSD,atr_banded_adx,10,5,1ec357d8344a,84737,1331.0,ok,47.0,0.07987065862610193,588.4513888888889,1221.0,4.0,10000.0,-348.338809669314,9651.661190330693,-3.48338809669314,6.1055804249287045,256.628114407,-11.17430473768595,-359.51311440699465,1429.6011599883561,-1777.93996965767,95.30674399922374,-55.560624051802186,98.386770433254,-60.40158123712,0.8040772941639959,0.3191489361702128,-0.14796096462387906,-0.5363307998018838,0.24453861926575596,-0.023864737322009513,0.12409622730186952,38.191489361702125,125.09583727957427,0.3886318631824878,0.0
BTCUSD,atr_arm,15,1,c1a742608234,56491,8048.0,ok,242.0,0.41125134977253014,588.4479166666666,6280.0,344.0,10000.0,-1942.7891847397425,8057.2108152603105,-19.427891847397426,21.444356178530782,1242.5059799890003,-16.3627952492577,-1959.1519799889647,5932.514354122737,-7875.303538862479,75.09511840661692,-48.31474563719313,97.47313226863626,-57.73464552,0.7533061201828467,0.32644628099173556,-0.17614680888044,-0.3419347899958627,-0.011745038094716949,-0.05314804935159348,0.12299875952884652,35.93801652892562,122.69661281474447,0.3848882014169026,0.0
BTCUSD,atr_arm,15,5,10d320454352,56491,8645.0,ok,255.0,0.4333433644297322,588.4479166666666,6805.0,371.0,10000.0,-1952.440888268279,8047.559111731711,-19.52440888268279,22.21693605155094,1287.046021667,-28.324633398720998,-1837.8498987510175,6205.1070060401735,-8157.547894308453,73.00125889459028,-47.98557584887325,96.34274624700001,-57.62988,0.7606583603841905,0.3333333333333333,-0.16724816847766008,-0.3255437847339778,-0.001141358912631568,-0.042048727127822684,0.12519944134983735,33.83921568627451,120.12685784281028,0.3921905240773605,0.39215686274509803
BTCUSD,atr_banded,15,1,25cf1bb6224f,56491,2023.0,ok,81.0,0.13765024517179728,588.4479166666666,1758.0,14.0,10000.0,185.60448343947405,10185.604483439494,1.8560448343947407,4.677060924916375,440.84418488700004,-18.836168326474052,166.76831511301316,2789.751366038351,-2604.146882598877,84.53792018298033,-54.25306005414327,103.9168026996435,-61.596496567235,1.0712726631050262,0.4074074074074074,0.05091950322350595,-0.24147346671456438,0.3551594346124773,0.17068234564295998,0.11976284241945406,36.91358024691358,129.59361133835745,0.3750821680386162,0.0
BTCUSD,atr_banded,15,5,e9f9d39ae933,56491,2334.0,ok,90.0,0.15294471685755254,588.4479166666666,2041.0,13.0,10000.0,-491.4232983315893,9508.576701668419,-4.914232983315893,10.901199730132223,499.19038172,-8.951083388410598,-500.3743817199884,2711.556310749198,-3202.9796090807877,87.46955841126446,-54.28778998442013,100.727723583875,-60.66241685,0.8465730793482568,0.34444444444444444,-0.10754080031424379,-0.38526809463659434,0.1791165115805999,0.014363096286182198,0.12190389660042603,33.56666666666667,125.28079853117978,0.3818435840865187,0.0
BTCUSD,atr_adx,15,1,507eb30e676f,56491,3826.0,ok,180.0,0.3058894337151051,588.4479166666666,2887.0,172.0,10000.0,-1257.5876497096758,8742.412350290337,-12.575876497096758,15.697755311893133,947.522564396,-11.496414686323902,-1269.0840643960018,4639.170189123053,-5896.757838832731,74.82532563101698,-49.9725240579045,97.828403726,-58.60060638697501,0.7867323563080864,0.34444444444444444,-0.14518044873870323,-0.33735069434692555,0.04874138755049369,-0.023574944046372646,0.12160550469233061,39.266666666666666,123.75352037214208,0.38070311789690936,0.0
BTCUSD,atr_adx,15,5,ee9c7b1f1716,56491,3893.0,ok,183.0,0.31098759094369016,588.4479166666666,2942.0,193.0,10000.0,-1766.9752842643607,8233.024715735637,-17.669752842643607,19.493448401147738,911.198727299,-23.82294303463935,-1647.8826043829977,4163.439573925219,-5930.414858189579,70.56677243941049,-47.82592627572241,93.77341802400001,-57.453331618764004,0.7020486211307353,0.3224043715846995,-0.20978868622099428,-0.3946420989278258,-0.009833933772387731,-0.08595786703772788,0.12383081918326641,35.81967213114754,120.95339736748488,0.38739712054024145,0.546448087431694
BTCUSD,atr_adx_both,15,1,f25052c35124,56491,1779.0,ok,145.0,0.24641093271494577,588.4479166666666,1391.0,77.0,10000.0,-1459.9878624097119,8540.012137590298,-14.599878624097117,19.702369831565957,749.462496567,-4.299634157288251,-1464.2874965670126,3532.470324606278,-4992.458187015989,75.15894307672933,-50.94345088791825,98.950146987,-58.6050943832781,0.7075613239572566,0.32413793103448274,-0.21640849795134875,-0.4176113834992903,-0.001344984551347502,-0.09603559958398371,0.12037289836736503,35.227586206896554,125.89579701723804,0.37682384799461677,0.0
BTCUSD,atr_adx_both,15,5,8cbfe73ba91e,56491,2569.0,ok,160.0,0.2719017188578712,588.4479166666666,1933.0,126.0,10000.0,-1515.9121976342212,8484.08780236578,-15.159121976342213,16.727924828257407,792.386269398,-12.90007176377905,-1388.6989135980057,3716.8117763574433,-5232.723973991664,71.47714954533545,-48.451147907330224,93.77341802400001,-57.453331618764004,0.710301516921436,0.325,-0.20168414765159381,-0.39673843527669006,-0.00028236282015979016,-0.0793449348700409,0.12233921278155295,36.19375,121.61531912886427,0.38296119989038113,0.625
BTCUSD,atr_banded_adx,15,1,5c2096a5e94d,56491,670.0,ok,51.0,0.08666867288594644,588.4479166666666,544.0,8.0,10000.0,24.16439164335427,10024.164391643366,0.24164391643354272,3.7238974545231294,270.91934699500007,-4.448738638354298,19.71565300500879,1676.1426704178025,-1651.9782787744482,83.80713352089012,-53.28962189594994,100.727723583875,-59.83659666531401,1.0146275480457776,0.39215686274509803,0.01320638032446086,-0.36210397712303377,0.3975818135423453,0.13145144486748173,0.11824506454302079,38.27450980392157,131.45539906103286,0.37015274561099015,0.0
BTCUSD,atr_banded_adx,15,5,12b9006db925,56491,761.0,ok,64.0,0.10876068754314848,588.4479166666666,621.0,5.0,10000.0,-160.27342846440365,9839.726571535597,-1.6027342846440367,5.740289212239477,349.805569703,4.7118587614036525,-155.5615697029989,2103.9341507710815,-2264.207579235485,91.47539785961224,-55.22457510330451,98.96838352347,-59.61801624497879,0.9292143397388856,0.359375,-0.04575681449380509,-0.3594524441046351,0.3153299150596406,0.07642474475750619,0.12218155925131123,29.6875,124.9122798405545,0.38287040146399864,0.0
BTCUSD,atr_arm,20,1,a526d6367aa7,42368,5797.0,ok,270.0,0.4588368580060423,588.4444444444445,4129.0,368.0,10000.0,-1296.1204981283688,8703.87950187162,-12.96120498128369,15.289383620539176,1327.437037843,-20.547539714631494,-1316.6680378430083,6978.066123080223,-8274.186621208592,73.45332761137077,-47.281066406906234,95.418125404,-57.160523880986,0.8433537267812982,0.35185185185185186,-0.09965148632264134,-0.25887307534321635,0.05850332365295233,0.02117397191686868,0.12082545823951002,29.503703703703703,122.3768470022479,0.3778079214896432,0.0
BTCUSD,atr_arm,20,5,4dd73a2c0403,42368,6280.0,ok,275.0,0.46733383685800606,588.4444444444445,4452.0,393.0,10000.0,-2267.3124286027173,7732.687571397263,-22.673124286027175,23.81591918251338,1322.5261005500001,-18.062171947282852,-2285.374600550026,6061.819717078808,-8329.132145681526,65.18085717289041,-45.76446233890948,95.784026403,-57.160523880986,0.7277852735499857,0.3381818181818182,-0.18479147918083655,-0.33766803974735443,-0.02226927158394435,-0.06296974788770819,0.12182173129312839,30.643636363636364,123.45752324849462,0.3808513381500007,0.0
BTCUSD,atr_banded,20,1,56c8d1506e08,42368,1450.0,ok,86.0,0.14614803625377643,588.4444444444445,1188.0,16.0,10000.0,-522.559152517136,9477.440847482878,-5.22559152517136,10.642368695212683,453.49841490700004,-12.418762389863948,-534.9779149069909,2424.333074698001,-2946.892227215137,83.59769223096555,-51.69986363535328,100.61493587843668,-61.312705896653654,0.8226744949505793,0.3372093023255814,-0.1206573474447731,-0.39687541020155664,0.15806915202167396,-0.003367243419228341,0.11729010402554477,29.848837209302324,131.43755832198292,0.3673969553929921,0.0
BTCUSD,atr_banded,20,5,7a6b0848f5ea,42368,1694.0,ok,100.0,0.16993957703927492,588.4444444444445,1367.0,23.0,10000.0,-130.42156765473482,9869.578432345288,-1.304215676547348,8.999277230373771,552.2336293110001,-16.459061656265053,-146.8806293109974,3206.251940732385,-3336.67350838712,82.2115882239073,-54.69956571126426,106.05358106105491,-63.32295854900295,0.9609126972336655,0.39,-0.023048334364913745,-0.27780728262533877,0.25071242315671893,0.0961621251624631,0.1192104595273769,31.66,132.02519623127407,0.37363964184122905,0.0
BTCUSD,atr_adx,20,1,a4de0a9219f2,42368,2866.0,ok,200.0,0.33987915407854985,588.4444444444445,1963.0,187.0,10000.0,-2299.642777608979,7700.357222391018,-22.99642777608979,23.639310052718095,926.4500189620001,-10.010741353021295,-2309.653518962008,4189.869095239288,-6489.511872848266,73.50647535507522,-45.38120190802983,95.418125404,-57.160523880986,0.6456370182123332,0.285,-0.26092133876513657,-0.43743699160345306,-0.0646907259000737,-0.1421613910500369,0.11875994771509965,26.935,122.81767503304106,0.3714498721672388,0.0
BTCUSD,atr_adx,20,5,08ca9b764089,42368,2907.0,ok,206.0,0.35007552870090636,588.4444444444445,2014.0,180.0,10000.0,-2377.282886044585,7622.717113955398,-23.772828860445852,24.438352500772687,967.996718719,-17.151832674414646,-2394.4347187190106,4134.601122305862,-6511.8840083504465,66.687114875901,-45.22141672465588,95.784026403,-57.160523880986,0.6349316291573835,0.30097087378640774,-0.26302795403961293,-0.43979206970904655,-0.08288042524146898,-0.14358728311507266,0.11944067092454029,28.679611650485437,125.84404801453965,0.3736123407440622,0.0
BTCUSD,atr_adx_both,20,1,7a6659339314,42368,1324.0,ok,147.0,0.24981117824773413,588.4444444444445,973.0,64.0,10000.0,-1825.3501014794667,8174.649898520529,-18.25350101479467,18.25350101479471,686.8887834860001,-30.70918200653315,-1856.059283486008,3098.4705898838724,-4923.82069136334,75.57245341180176,-46.45113859776736,92.61124962599999,-57.160523880986,0.6292817679812681,0.2789115646258503,-0.27377575712992686,-0.4785515946736796,-0.06073647427894233,-0.15757845829328354,0.11619729883664331,25.993197278911566,130.72009799632514,0.3631518810285167,0.0
BTCUSD,atr_adx_both,20,5,c0414ee3f0f4,42368,1756.0,ok,160.0,0.2719033232628399,588.4444444444445,1242.0,118.0,10000.0,-1987.8343724241167,8012.165627575901,-19.87834372424117,21.122817380454503,763.064384285,11.078488139116855,-1976.7558842849849,3271.885058581669,-5259.719431005786,68.16427205378477,-46.96178063398023,95.784026403,-57.160523880986,0.6220645609524471,0.3,-0.27654267279131706,-0.4743683840412584,-0.08037358834422849,-0.15787563274681476,0.11866704004450232,27.4875,126.27608566242165,0.37117843935273104,0.0
BTCUSD,atr_banded_adx,20,1,3ed9ed168b56,42368,520.0,ok,55.0,0.0934667673716012,588.4444444444445,387.0,7.0,10000.0,-675.5079989790037,9324.492001021,-6.755079989790038,7.192486018955623,285.03039396300005,-4.362894983996301,-679.8708939629996,1340.799375235129,-2016.3073742141326,89.38662501567526,-50.40768435535331,96.85851357078695,-57.589021866032,0.6649776677812892,0.2727272727272727,-0.25129527330181656,-0.6038503325888644,0.11669509003351608,-0.1333973313485025,0.11789794195331403,27.563636363636363,130.19496858479613,0.3686415338997875,0.0
BTCUSD,atr_banded_adx,20,5,f252ed793a6e,42368,592.0,ok,65.0,0.1104607250755287,588.4444444444445,443.0,9.0,10000.0,-551.1367927203695,9448.863207279628,-5.511367927203695,8.66357043672693,353.38966043400006,-5.8033677136304025,-556.9401604340037,1695.2205662930294,-2246.3573590133997,77.05548028604679,-52.240868814265106,98.10726882361426,-58.58612838,0.7546531096181288,0.3384615384615385,-0.17056960611299754,-0.4730140003277829,0.16279292254521444,-0.050375262376162855,0.12019434373683464,29.96923076923077,128.8789984572747,0.37658852272309956,0.0
BTCUSD,atr_arm,30,1,8a8eb5c17364,28245,3489.0,ok,282.0,0.4792352628783856,588.4375,2044.0,360.0,10000.0,-1613.2890450552752,8386.710954944714,-16.132890450552754,18.630290847256976,1379.544047593,0.5604974622753454,-1612.7285475929893,6697.608890117621,-8310.897935172896,64.4000854819002,-46.690437838049974,97.67832418029602,-57.64787378,0.8058827027308797,0.36879432624113473,-0.12285869371698495,-0.27024750540458276,0.02469190569619311,-0.005373493219554845,0.11748520049743007,24.44326241134752,128.13786385955447,0.36734614099369567,0.0
BTCUSD,atr_arm,30,5,e2b1b44db43e,28245,3937.0,ok,304.0,0.5166224110462029,588.4375,2286.0,449.0,10000.0,-1579.070194269595,8420.929805730402,-15.79070194269595,22.12363675924488,1469.396845421,-10.821651151405053,-1589.891845421007,7233.585555333584,-8812.655749603178,67.60360332087461,-44.734293145193796,97.14152539123201,-56.944081739999994,0.8208178965414941,0.3519736842105263,-0.11080632430769996,-0.2528572720008207,0.03370538232217532,0.008341819106349124,0.11914814341404908,23.789473684210527,125.4088555411876,0.37245621727112865,0.0
BTCUSD,atr_banded,30,1,496a12e5566a,28245,895.0,ok,105.0,0.17843866171003717,588.4375,609.0,20.0,10000.0,-644.8154791337674,9355.184520866223,-6.448154791337675,7.800364725386134,544.3234349100002,17.6765442237674,-627.1389349100027,2573.1287544315005,-3217.944233565268,65.97766037003848,-48.75673081159497,97.966890021024,-57.791343598188,0.7996188148918433,0.37142857142857144,-0.12492009822252423,-0.35366461158307677,0.11301688033436721,-0.009026953888295828,0.11589314433422834,25.866666666666667,127.03175534317263,0.36262360337673916,0.0
BTCUSD,atr_banded,30,5,aca58ad06d12,28245,1081.0,ok,108.0,0.18353690918746682,588.4375,728.0,27.0,10000.0,226.06767982448162,10226.067679824473,2.260676798244816,5.231278962385683,569.1184270550001,3.6458931205183482,229.71357294499467,3434.8369771567404,-3208.7692973322587,79.87992970131954,-49.36568149741937,102.605851113804,-62.9053014069951,1.0704530799432768,0.39814814814814814,0.04710554246403767,-0.20162437440258824,0.3070511876217483,0.16302359692787416,0.1159180544638365,24.555555555555557,129.3714015607818,0.36286386538258325,0.0
BTCUSD,atr_adx,30,1,0376db6aa308,28245,1768.0,ok,198.0,0.33648433351035584,588.4375,942.0,192.0,10000.0,-1401.8459079813429,8598.154092018642,-14.018459079813429,15.506527442336354,928.303152898,19.259255083343106,-1382.5866528980077,4592.5479259764115,-5994.393833957755,67.53746949965311,-46.11072179967504,95.37914946299999,-56.649955725000005,0.7661405061442577,0.3434343434343434,-0.15036865899202018,-0.3226341640684496,0.02158279076936084,-0.03591090737257008,0.11445775161945007,24.464646464646464,130.79367372382399,0.3580078073310602,0.0
BTCUSD,atr_adx,30,5,335e68349cd8,28245,1941.0,ok,215.0,0.36537440254912373,588.4375,1022.0,205.0,10000.0,-1849.9729412956237,8150.027058704364,-18.49972941295624,20.521682400622705,985.723541008,1.128900287623745,-1848.8440410080102,4458.710586841803,-6308.683528137427,62.79874065974371,-43.81030227873213,96.77253728400001,-56.1449621877914,0.7067576883442417,0.3302325581395349,-0.18958281758430495,-0.3499694010761389,-0.020728157772312326,-0.07265725681353126,0.11692556077077372,24.506976744186048,127.72998014559894,0.36551531684821026,0.0
BTCUSD,atr_adx_both,30,1,d31ba21661f1,28245,822.0,ok,151.0,0.25661178969729154,588.4375,468.0,68.0,10000.0,-1352.6370681252374,8647.36293187477,-13.526370681252375,17.020764690805752,714.9384186770001,-0.020350551762449598,-1352.6574186769922,3376.6128164266092,-4729.249884551847,71.84282588141721,-45.47355658222929,97.67832418029602,-58.7254640257655,0.7139848599365317,0.31125827814569534,-0.1911957628419526,-0.3866136363988539,0.007272416742897603,-0.07689363976995346,0.11430212307199915,22.94039735099338,132.64193462405194,0.3575136290617759,0.0
BTCUSD,atr_adx_both,30,5,7cdcfd7301d2,28245,1081.0,ok,160.0,0.27190653212958044,588.4375,598.0,112.0,10000.0,-1257.845869730856,8742.154130269148,-12.578458697308562,13.18740145785673,777.38801188,-13.452642149144001,-1271.2985118800007,3613.513574627238,-4871.359444358094,65.70024681140433,-46.39389947007709,94.85401556400001,-56.798302225,0.7417875063217381,0.34375,-0.16725645688557939,-0.3588351199857439,0.019711407360705927,-0.05095323288513772,0.11630322400044171,25.58125,130.7166821308445,0.36360833986122565,0.0
BTCUSD,atr_banded_adx,30,1,a06108319a03,28245,306.0,ok,63.0,0.10706319702602231,588.4375,186.0,6.0,10000.0,-392.36899907189854,9607.631000928104,-3.9236899907189855,4.397153238311457,309.967933178,6.213565893898551,-386.15543317799165,1535.2915280593675,-1927.660527131266,73.1091203837794,-45.8966792174111,100.1439320214912,-58.484647667602005,0.7964532688461387,0.3333333333333333,-0.12811805093038456,-0.42168082108672156,0.19751122246241193,-0.01693156897291756,0.11118648195746701,27.428571428571427,135.0732600732601,0.3474834333201028,0.0
BTCUSD,atr_banded_adx,30,5,8d13298035c1,28245,387.0,ok,62.0,0.10536378120021243,588.4375,234.0,9.0,10000.0,-50.5422909173991,9949.457709082604,-0.505422909173991,4.191634693488745,306.314100914,4.389690003399054,-46.15260091399614,1805.6904551451898,-1856.2327460625888,82.0768388702359,-46.40581865156472,100.758937322878,-60.438426842014906,0.9727715767192404,0.3548387096774194,-0.011710504953695515,-0.32863861830344937,0.323801042794262,0.0988872810591576,0.11059778601285315,25.06451612903226,138.73295172382066,0.3459033470130636,0.0
BTCUSD,atr_arm,45,1,b2d966312cf6,18830,2219.0,ok,313.0,0.5319171534784918,588.4375,888.0,373.0,10000.0,-1078.2788469162142,8921.72115308378,-10.782788469162142,17.258582283382847,1503.7345320050001,16.910314911214044,-1061.368532005008,7319.979973038441,-8398.258819954655,58.55983978430753,-44.67158946784391,95.529362256,-57.04771104422001,0.8716068568458294,0.3993610223642173,-0.07059027047727767,-0.2084102782064723,0.0681562252610566,0.04502641794729251,0.11561668842457022,18.600638977635782,129.87780949462694,0.36139017587720884,0.0
BTCUSD,atr_arm,45,5,674530659bf7,18830,2659.0,ok,340.0,0.5778013807753585,588.4375,1053.0,492.0,10000.0,-1677.5423944593947,8322.457605540592,-16.775423944593946,18.424687027766197,1560.0180825850002,12.200311874394451,-1665.3420825850153,7491.808278990876,-9169.350673450272,57.62929445377597,-43.66357463547748,95.14127092800001,-56.179813755000005,0.817048943354659,0.38235294117647056,-0.10548034654497798,-0.2365229718704327,0.018404807611553328,0.00944546707431293,0.11492581361929088,17.805882352941175,130.39583244869243,0.35907413264550675,0.0
BTCUSD,atr_banded,45,1,6fe5d93cf16c,18830,517.0,ok,115.0,0.19543281996813594,588.4375,274.0,18.0,10000.0,3.6124261187571065,10003.612426118754,0.03612426118757107,5.428174635727838,596.1014484880001,4.336625393242949,7.94905151200328,3257.5905616358173,-3253.9781355170603,63.8743247379572,-50.84340836745407,97.78946773447201,-58.63085091,1.0011101568505725,0.4434782608695652,0.004727298111096924,-0.22275917217501137,0.23123612263046298,0.1186949221931532,0.11396762408205628,18.582608695652173,134.83295213200458,0.356431164217743,0.0
BTCUSD,atr_banded,45,5,3f6dbdab4998,18830,686.0,ok,135.0,0.22942113648433352,588.4375,328.0,28.0,10000.0,-379.51608906606134,9620.483910933937,-3.7951608906606134,7.0400146184719725,677.1209692150001,4.744119851061251,-374.7719692149931,3397.891763543547,-3777.407852609608,61.779850246246305,-47.2175981576201,95.6866768640736,-56.10328008,0.8995300206188024,0.4074074074074074,-0.05472891816912935,-0.26674855039380085,0.15280575708025174,0.057620588911511894,0.11234950708064126,19.014814814814816,131.61198357482445,0.35105490357011127,0.0
BTCUSD,atr_adx,45,1,52a8a853b696,18830,1168.0,ok,203.0,0.3449814126394052,588.4375,395.0,195.0,10000.0,-861.2010003099107,9138.798999690089,-8.612010003099106,12.869812693348376,960.1141430130001,11.182857296910601,-850.0181430130033,4888.139990911868,-5749.3409912217785,63.48233754430998,-45.62969040652205,95.529362256,-56.179813755000005,0.8502087453805903,0.3793103448275862,-0.08707394585738003,-0.2554046575440489,0.09251454450678889,0.02526627304847964,0.11234021890585967,18.88177339901478,133.3045884086091,0.35104530085113256,0.0
BTCUSD,atr_adx,45,5,89fc805babbb,18830,1355.0,ok,230.0,0.3908656399362719,588.4375,454.0,228.0,10000.0,-1184.2948851569863,8815.705114842996,-11.842948851569863,12.755022506811601,1130.7047324700002,15.501652686986452,-1168.7932324700141,5549.712713661257,-6734.007598818243,64.53154318210764,-46.76394165846003,96.21323429567519,-56.179813755000005,0.8241322321399193,0.3739130434782609,-0.10706628881329923,-0.26880884939541405,0.0550352341665941,0.006515954741738109,0.11358224355503731,18.17391304347826,130.47038356420248,0.35530243294916686,0.0
BTCUSD,atr_adx_both,45,1,9bbda3b72cd1,18830,590.0,ok,147.0,0.24981412639405204,588.4375,247.0,82.0,10000.0,-649.2027999986756,9350.797200001334,-6.492027999986756,12.261165823455267,682.425501575,9.491298423675552,-639.711501574995,3612.213439564707,-4261.416239563383,61.223956602791645,-48.425184540492985,95.2759334630628,-56.179813755000005,0.8476556235057686,0.4013605442176871,-0.08817572113679836,-0.2873865832100699,0.11539620231702125,0.022418778350523832,0.11059449948732215,16.73469387755102,133.33868830073496,0.3451641990171984,0.0
BTCUSD,atr_adx_both,45,5,0ef8d869bfe5,18830,698.0,ok,166.0,0.28210302708443974,588.4375,250.0,115.0,10000.0,1137.1154444356287,11137.115444435645,11.371154444356286,5.832155236777495,923.679981224,17.493074340371297,1154.6085187760164,5807.679185097219,-4670.563740661589,73.51492639363568,-53.68464069725964,113.18396976000001,-68.5512615049262,1.2434642813106231,0.4759036144578313,0.13489161877002784,-0.04788569231301708,0.3346325924803517,0.24927239958390304,0.11438078081387519,18.843373493975903,129.7305714316479,0.35766393722482315,0.0
BTCUSD,atr_banded_adx,45,1,1eb5e6f0b3c3,18830,198.0,ok,63.0,0.10706319702602231,588.4375,80.0,3.0,10000.0,-195.26447013864282,9804.73552986134,-1.9526447013864283,5.17047947556063,315.63580709600006,0.8541630426427513,-194.41030709601182,1630.0774790794533,-1825.341949218096,60.373239965905675,-50.703943033836,96.07953159000002,-57.52460844,0.8930258134798873,0.42857142857142855,-0.058253185267391844,-0.3458654632009682,0.2531950841866162,0.05149603175335495,0.10974921702074683,18.253968253968253,139.60307901764676,0.343046923810069,0.0
BTCUSD,atr_banded_adx,45,5,7a5322224cbd,18830,257.0,ok,78.0,0.13255443441317047,588.4375,79.0,5.0,10000.0,-170.9459961755834,9829.054003824405,-1.709459961755834,4.251312365685708,388.17213300699996,1.286363168583401,-169.65963300700787,1979.1048847628342,-2150.0508809384173,59.97287529584346,-47.778908465298166,95.6866768640736,-57.06433707,0.9204921159349626,0.4230769230769231,-0.03966681411975846,-0.30734696703729947,0.21637944629302433,0.06878532436468895,0.10845213848444746,19.423076923076923,138.67806198179497,0.33833414601598705,0.0
BTCUSD,atr_arm,60,1,cb4429a1f1a8,14122,1583.0,ok,302.0,0.5132417504602748,588.4166666666666,445.0,364.0,10000.0,-1307.7002766506807,8692.299723349332,-13.077002766506807,17.84654395826234,1433.108978458,-12.4372018073193,-1320.1374784579948,6568.05360303085,-7875.7538796815315,57.6145052897443,-41.89230787064644,97.12453676533755,-57.22100868149505,0.8339587172696717,0.37748344370860926,-0.09062989563247002,-0.21865195889427932,0.04124602847028258,0.018434285196087176,0.1090641808285572,15.466887417218542,141.96679227257243,0.3403435050572164,0.0
BTCUSD,atr_arm,60,5,ce9d73014263,14122,2027.0,ok,340.0,0.5778218382665345,588.4166666666666,565.0,451.0,10000.0,-1919.094721942773,8080.905278057209,-19.19094721942773,24.525964131111873,1512.5760656520001,7.7606562907725944,-1911.3340656520058,6823.336981753483,-8742.431703696257,54.15346810915463,-40.85248459671148,96.9996214832392,-57.06398550171999,0.7804850198450632,0.37058823529411766,-0.1236640423608488,-0.24880352703075262,0.0015748579796948832,-0.013571962963412296,0.1100920793974365,14.844117647058823,138.7481098182938,0.34361061543671,0.0
BTCUSD,atr_banded,60,1,fbec7593f674,14122,381.0,ok,101.0,0.17164707548505878,588.4166666666666,145.0,35.0,10000.0,-254.70432267676432,9745.295677323242,-2.5470432267676433,6.312397992182992,497.6160526010001,12.7067700757643,-241.99755260099482,2291.2690526300744,-2545.9733753068376,54.554025062620816,-43.152091106895554,99.1238404996644,-58.3360405074216,0.89995797868622,0.4158415841584158,-0.048953869206561834,-0.2579937933615433,0.1768507896401306,0.057589271982315796,0.10654314118887763,15.405940594059405,146.61024169956545,0.3330440258087145,0.0
BTCUSD,atr_banded,60,5,cf8f31c6adcd,14122,471.0,ok,120.0,0.20393711938818865,588.4166666666666,174.0,25.0,10000.0,-366.91885617128884,9633.081143828704,-3.6691885617128883,5.987649261125394,582.5161185270001,7.022737644288844,-359.89611852701273,2683.4070840764825,-3050.325940247772,53.66814168152965,-43.57608486068246,97.07270046429139,-57.9062926732107,0.8797115903812281,0.4166666666666667,-0.05952368007040173,-0.2691918102649404,0.13972220790175494,0.046370215391794506,0.10589389546219623,16.016666666666666,143.19966400880767,0.3310787383347782,0.0
BTCUSD,atr_adx,60,1,8cae326eef07,14122,853.0,ok,208.0,0.353491006939527,588.4166666666666,177.0,194.0,10000.0,-1443.1448035878238,8556.855196412194,-14.431448035878239,15.956564085958005,956.135030078,-28.942726490176003,-1472.0875300780008,4108.840127798986,-5551.984931386809,53.361560101285534,-42.381564361731364,97.12453676533755,-56.22155788338901,0.7400668731232768,0.3701923076923077,-0.1486144596209217,-0.2990988459177353,0.010359166321133772,-0.04277072388699725,0.10584373573392448,14.850961538461538,143.718613163805,0.330396385752841,0.0
BTCUSD,atr_adx,60,5,5a84e74ece84,14122,1084.0,ok,227.0,0.38578105084265685,588.4166666666666,248.0,230.0,10000.0,-1223.8977417867973,8776.102258213226,-12.238977417867973,14.546254171900062,1076.176562009,25.27317977779696,-1198.6245620090012,4903.781468823215,-6127.679210610011,57.69154669203782,-43.1526704972536,96.029734944,-56.980375550000005,0.8002673280174931,0.3744493392070485,-0.11505905102282724,-0.2703513995100521,0.048354634371347,-0.007077493268471205,0.10798155775435601,15.092511013215859,140.34788459442683,0.33702671346110363,0.0
BTCUSD,atr_adx_both,60,1,4100bf74cc53,14122,426.0,ok,153.0,0.26001982721994055,588.4166666666666,106.0,69.0,10000.0,-1332.4082095737672,8667.591790426259,-13.32408209573767,15.846123608651851,698.55545413,-25.07324455623259,-1357.4814541299875,2747.2687124770605,-4079.6769220508286,49.058369865661795,-42.05852496959617,95.57364830500002,-57.06398550171999,0.6734034986025377,0.3660130718954248,-0.18569070077077726,-0.3646424982269357,-0.015504497824932543,-0.0801571796716426,0.10553352109913465,15.326797385620916,145.1943431067874,0.32996829057647054,0.0
BTCUSD,atr_adx_both,60,5,d297bac960b4,14122,536.0,ok,174.0,0.29570882311287355,588.4166666666666,126.0,102.0,10000.0,-752.4703342463313,9247.529665753664,-7.5247033424633125,10.700292216396251,852.2713788670001,16.78745537933105,-735.6828788670118,4270.259218990982,-5022.729553237313,64.70089725743912,-46.50675512256771,99.006257045,-60.36168783226321,0.8501869697998493,0.3793103448275862,-0.08770300947698786,-0.26930532956190867,0.09066328268301761,0.020850926069696324,0.10855393554668423,14.155172413793103,140.60902133668932,0.33906776486391715,0.0
BTCUSD,atr_banded_adx,60,1,c1da96cf8f8f,14122,161.0,ok,59.0,0.10026908369919275,588.4166666666666,35.0,13.0,10000.0,-229.56636835376565,9770.433631646241,-2.2956636835376565,3.983497264327038,282.61354096,1.2633273937656497,-228.30304095999418,1239.1125639393438,-1468.6789322931093,53.8744593017106,-40.79663700814192,98.36013135926251,-57.4709258363532,0.8436919306826755,0.3898305084745763,-0.07606375857300081,-0.32862521895256597,0.20424410693973594,0.027144158483373447,0.10320791705637426,15.76271186440678,147.4591903634808,0.32258209082840794,0.0
BTCUSD,atr_banded_adx,60,5,1bd2e3e6fa39,14122,207.0,ok,67.0,0.11386489165840533,588.4166666666666,52.0,8.0,10000.0,295.832064847928,10295.832064847938,2.95832064847928,2.444452171658084,311.956635924,11.488299228072204,307.3203640760021,1746.2711698763972,-1450.4391050284694,56.33132806052894,-40.289975139679704,101.86868157047536,-61.184007352826406,1.2039603481609944,0.4626865671641791,0.09129255415398624,-0.17447650470567239,0.3629881601835143,0.19196726349080417,0.10067470933681795,17.208955223880597,148.44598679715494,0.3143138473346319,0.0
DOGEUSD,atr_arm,5,1,5104b68fd7d7,287,,too_short,,,,,,,,,,,,,,,,,,,,,,,,,,,,,,
DOGEUSD,atr_arm,5,5,5dc5ac0f708a,287,,too_short,,,,,,,,,,,,,,,,,,,,,,,,,,,,,,
DOGEUSD,atr_banded,5,1,ddd76a9fda2b,287,,too_short,,,,,,,,,,,,,,,,,,,,,,,,,,,,,,
DOGEUSD,atr_banded,5,5,252136b1eac7,287,,too_short,,,,,,,,,,,,,,,,,,,,,,,,,,,,,,
DOGEUSD,atr_adx,5,1,46cfb055642f,287,,too_short,,,,,,,,,,,,,,,,,,,,,,,,,,,,,,
DOGEUSD,atr_adx,5,5,3521dc5aecec,287,,too_short,,,,,,,,,,,,,,,,,,,,,,,,,,,,,,
DOGEUSD,atr_adx_both,5,1,5af18381228a,287,,too_short,,,,,,,,,,,,,,,,,,,,,,,,,,,,,,
DOGEUSD,atr_adx_both,5,5,f0e15e357330,287,,too_short,,,,,,,,,,,,,,,,,,,,,,,,,,,,,,
DOGEUSD,atr_banded_adx,5,1,57994c89d5b6,287,,too_short,,,,,,,,,,,,,,,,,,,,,,,,,,,,,,
DOGEUSD,atr_banded_adx,5,5,0b49936fe369,287,,too_short,,,,,,,,,,,,,,,,,,,,,,,,,,,,,,
DOGEUSD,atr_arm,10,1,8f08c30ad8fd,143,,too_short,,,,,,,,,,,,,,,,,,,,,,,,,,,,,,
DOGEUSD,atr_arm,10,5,fc024592ecb0,143,,too_short,,,,,,,,,,,,,,,,,,,,,,,,,,,,,,
DOGEUSD,atr_banded,10,1,b5fe3f0195dd,143,,too_short,,,,,,,,,,,,,,,,,,,,,,,,,,,,,,
DOGEUSD,atr_banded,10,5,4892bcd3ee31,143,,too_short,,,,,,,,,,,,,,,,,,,,,,,,,,,,,,
DOGEUSD,atr_adx,10,1,95698e32d73d,143,,too_short,,,,,,,,,,,,,,,,,,,,,,,,,,,,,,
DOGEUSD,atr_adx,10,5,63e6569bb911,143,,too_short,,,,,,,,,,,,,,,,,,,,,,,,,,,,,,
DOGEUSD,atr_adx_both,10,1,e7f62405da8e,143,,too_short,,,,,,,,,,,,,,,,,,,,,,,,,,,,,,
DOGEUSD,atr_adx_both,10,5,c105ce685f13,143,,too_short,,,,,,,,,,,,,,,,,,,,,,,,,,,,,,
DOGEUSD,atr_banded_adx,10,1,d9f4cc36aad1,143,,too_short,,,,,,,,,,,,,,,,,,,,,,,,,,,,,,
DOGEUSD,atr_banded_adx,10,5,1ec357d8344a,143,,too_short,,,,,,,,,,,,,,,,,,,,,,,,,,,,,,
DOGEUSD,atr_arm,15,1,c1a742608234,95,,too_short,,,,,,,,,,,,,,,,,,,,,,,,,,,,,,
DOGEUSD,atr_arm,15,5,10d320454352,95,,too_short,,,,,,,,,,,,,,,,,,,,,,,,,,,,,,
DOGEUSD,atr_banded,15,1,25cf1bb6224f,95,,too_short,,,,,,,,,,,,,,,,,,,,,,,,,,,,,,
DOGEUSD,atr_banded,15,5,e9f9d39ae933,95,,too_short,,,,,,,,,,,,,,,,,,,,,,,,,,,,,,
DOGEUSD,atr_adx,15,1,507eb30e676f,95,,too_short,,,,,,,,,,,,,,,,,,,,,,,,,,,,,,
DOGEUSD,atr_adx,15,5,ee9c7b1f1716,95,,too_short,,,,,,,,,,,,,,,,,,,,,,,,,,,,,,
DOGEUSD,atr_adx_both,15,1,f25052c35124,95,,too_short,,,,,,,,,,,,,,,,,,,,,,,,,,,,,,
DOGEUSD,atr_adx_both,15,5,8cbfe73ba91e,95,,too_short,,,,,,,,,,,,,,,,,,,,,,,,,,,,,,
DOGEUSD,atr_banded_adx,15,1,5c2096a5e94d,95,,too_short,,,,,,,,,,,,,,,,,,,,,,,,,,,,,,
DOGEUSD,atr_banded_adx,15,5,12b9006db925,95,,too_short,,,,,,,,,,,,,,,,,,,,,,,,,,,,,,
DOGEUSD,atr_arm,20,1,a526d6367aa7,71,,too_short,,,,,,,,,,,,,,,,,,,,,,,,,,,,,,
DOGEUSD,atr_arm,20,5,4dd73a2c0403,71,,too_short,,,,,,,,,,,,,,,,,,,,,,,,,,,,,,
DOGEUSD,atr_banded,20,1,56c8d1506e08,71,,too_short,,,,,,,,,,,,,,,,,,,,,,,,,,,,,,
DOGEUSD,atr_banded,20,5,7a6b0848f5ea,71,,too_short,,,,,,,,,,,,,,,,,,,,,,,,,,,,,,
DOGEUSD,atr_adx,20,1,a4de0a9219f2,71,,too_short,,,,,,,,,,,,,,,,,,,,,,,,,,,,,,
DOGEUSD,atr_adx,20,5,08ca9b764089,71,,too_short,,,,,,,,,,,,,,,,,,,,,,,,,,,,,,
DOGEUSD,atr_adx_both,20,1,7a6659339314,71,,too_short,,,,,,,,,,,,,,,,,,,,,,,,,,,,,,
DOGEUSD,atr_adx_both,20,5,c0414ee3f0f4,71,,too_short,,,,,,,,,,,,,,,,,,,,,,,,,,,,,,
DOGEUSD,atr_banded_adx,20,1,3ed9ed168b56,71,,too_short,,,,,,,,,,,,,,,,,,,,,,,,,,,,,,
DOGEUSD,atr_banded_adx,20,5,f252ed793a6e,71,,too_short,,,,,,,,,,,,,,,,,,,,,,,,,,,,,,
DOGEUSD,atr_arm,30,1,8a8eb5c17364,47,,too_short,,,,,,,,,,,,,,,,,,,,,,,,,,,,,,
DOGEUSD,atr_arm,30,5,e2b1b44db43e,47,,too_short,,,,,,,,,,,,,,,,,,,,,,,,,,,,,,
DOGEUSD,atr_banded,30,1,496a12e5566a,47,,too_short,,,,,,,,,,,,,,,,,,,,,,,,,,,,,,
DOGEUSD,atr_banded,30,5,aca58ad06d12,47,,too_short,,,,,,,,,,,,,,,,,,,,,,,,,,,,,,
DOGEUSD,atr_adx,30,1,0376db6aa308,47,,too_short,,,,,,,,,,,,,,,,,,,,,,,,,,,,,,
DOGEUSD,atr_adx,30,5,335e68349cd8,47,,too_short,,,,,,,,,,,,,,,,,,,,,,,,,,,,,,
DOGEUSD,atr_adx_both,30,1,d31ba21661f1,47,,too_short,,,,,,,,,,,,,,,,,,,,,,,,,,,,,,
DOGEUSD,atr_adx_both,30,5,7cdcfd7301d2,47,,too_short,,,,,,,,,,,,,,,,,,,,,,,,,,,,,,
DOGEUSD,atr_banded_adx,30,1,a06108319a03,47,,too_short,,,,,,,,,,,,,,,,,,,,,,,,,,,,,,
DOGEUSD,atr_banded_adx,30,5,8d13298035c1,47,,too_short,,,,,,,,,,,,,,,,,,,,,,,,,,,,,,
DOGEUSD,atr_arm,45,1,b2d966312cf6,32,,too_short,,,,,,,,,,,,,,,,,,,,,,,,,,,,,,
DOGEUSD,atr_arm,45,5,674530659bf7,32,,too_short,,,,,,,,,,,,,,,,,,,,,,,,,,,,,,
DOGEUSD,atr_banded,45,1,6fe5d93cf16c,32,,too_short,,,,,,,,,,,,,,,,,,,,,,,,,,,,,,
DOGEUSD,atr_banded,45,5,3f6dbdab4998,32,,too_short,,,,,,,,,,,,,,,,,,,,,,,,,,,,,,
DOGEUSD,atr_adx,45,1,52a8a853b696,32,,too_short,,,,,,,,,,,,,,,,,,,,,,,,,,,,,,
DOGEUSD,atr_adx,45,5,89fc805babbb,32,,too_short,,,,,,,,,,,,,,,,,,,,,,,,,,,,,,
DOGEUSD,atr_adx_both,45,1,9bbda3b72cd1,32,,too_short,,,,,,,,,,,,,,,,,,,,,,,,,,,,,,
DOGEUSD,atr_adx_both,45,5,0ef8d869bfe5,32,,too_short,,,,,,,,,,,,,,,,,,,,,,,,,,,,,,
DOGEUSD,atr_banded_adx,45,1,1eb5e6f0b3c3,32,,too_short,,,,,,,,,,,,,,,,,,,,,,,,,,,,,,
DOGEUSD,atr_banded_adx,45,5,7a5322224cbd,32,,too_short,,,,,,,,,,,,,,,,,,,,,,,,,,,,,,
DOGEUSD,atr_arm,60,1,cb4429a1f1a8,24,,too_short,,,,,,,,,,,,,,,,,,,,,,,,,,,,,,
DOGEUSD,atr_arm,60,5,ce9d73014263,24,,too_short,,,,,,,,,,,,,,,,,,,,,,,,,,,,,,
DOGEUSD,atr_banded,60,1,fbec7593f674,24,,too_short,,,,,,,,,,,,,,,,,,,,,,,,,,,,,,
DOGEUSD,atr_banded,60,5,cf8f31c6adcd,24,,too_short,,,,,,,,,,,,,,,,,,,,,,,,,,,,,,
DOGEUSD,atr_adx,60,1,8cae326eef07,24,,too_short,,,,,,,,,,,,,,,,,,,,,,,,,,,,,,
DOGEUSD,atr_adx,60,5,5a84e74ece84,24,,too_short,,,,,,,,,,,,,,,,,,,,,,,,,,,,,,
DOGEUSD,atr_adx_both,60,1,4100bf74cc53,24,,too_short,,,,,,,,,,,,,,,,,,,,,,,,,,,,,,
DOGEUSD,atr_adx_both,60,5,d297bac960b4,24,,too_short,,,,,,,,,,,,,,,,,,,,,,,,,,,,,,
DOGEUSD,atr_banded_adx,60,1,c1da96cf8f8f,24,,too_short,,,,,,,,,,,,,,,,,,,,,,,,,,,,,,
DOGEUSD,atr_banded_adx,60,5,1bd2e3e6fa39,24,,too_short,,,,,,,,,,,,,,,,,,,,,,,,,,,,,,
ETHUSD,atr_arm,5,1,5104b68fd7d7,169475,23918.0,ok,424.0,0.7205310517775484,588.4548611111111,20542.0,571.0,10000.0,-1729.413395795295,8270.586604204686,-17.29413395795295,22.050180630362973,2231.176034301,-5.375638505740852,-1734.7890343010513,13054.097718932182,-14783.51111472748,88.20336296575799,-53.56344606785319,100.28377671300014,-59.98373595000059,0.8830174116030908,0.3490566037735849,-0.08473768072498003,-0.21936466560498236,0.05146814765763949,0.039169636342125475,0.12390731706710555,41.9622641509434,122.27484391739489,0.39095436469405026,0.0
ETHUSD,atr_arm,5,5,5dc5ac0f708a,169475,39400.0,ok,488.0,0.8292904558194424,588.4548611111111,33048.0,1108.0,10000.0,-518.1866055662215,9481.813394433793,-5.181866055662215,18.36565099379194,2697.481078084,-5.159472517805751,-362.96228183301355,17003.209081375862,-17521.395686942084,95.5236465245835,-56.52063124820027,108.307381329,-65.0420450100003,0.970425494930612,0.36475409836065575,-0.016573337336056367,-0.1498403366989506,0.1108531005947426,0.10758778259969523,0.1241611199357516,42.872950819672134,120.01546400017273,0.39177479906294577,0.20491803278688525
ETHUSD,atr_banded,5,1,ddd76a9fda2b,169475,6103.0,ok,112.0,0.19032895707331465,588.4548611111111,5682.0,21.0,10000.0,-679.3119113279756,9320.68808867202,-6.793119113279757,10.477808095875464,579.653217924,-19.520806596017994,-698.8327179240059,3360.7287475725493,-4040.0406589005247,93.3535763214597,-53.158429722375324,97.45202246800034,-58.06195778850145,0.8318551795187016,0.32142857142857145,-0.12034774272313783,-0.3732600231748513,0.14084692530168702,-0.0011418137042490592,0.11920592901888874,56.419642857142854,127.31227283070035,0.37635739947692615,0.0
ETHUSD,atr_banded,5,5,252136b1eac7,169475,10452.0,ok,153.0,0.2600029502876531,588.4548611111111,9498.0,41.0,10000.0,-740.2439511652733,9259.75604883472,-7.402439511652734,11.124973710136794,814.3240262950001,-23.6810751297165,-620.970890878998,4742.593139399345,-5482.837090564618,92.99202234116363,-53.75330480945704,96.70091569599984,-58.62585127999973,0.8649888845978746,0.3333333333333333,-0.09576836889448874,-0.31714124960444234,0.13016692743025635,0.026768019903144476,0.12253638879763322,54.3921568627451,123.6624268120331,0.3867192055741725,0.6535947712418301
ETHUSD,atr_adx,5,1,46cfb055642f,169475,10531.0,ok,338.0,0.5743856025962532,588.4548611111111,8682.0,356.0,10000.0,-1624.645241616487,8375.354758383484,-16.24645241616487,18.18059007337046,1737.0906434460003,-11.185901829536853,-1635.8311434460393,10119.600065294044,-11744.245306910529,87.23793159736245,-52.90200588698436,97.33339861847409,-57.93266871500075,0.8616645685474132,0.3431952662721893,-0.10006897159434103,-0.25691917542670084,0.05561406184167635,0.02253190898795212,0.12260088058229317,43.87278106508876,123.19628306940879,0.3868680938197682,0.0
ETHUSD,atr_adx,5,5,3521dc5aecec,169475,18551.0,ok,396.0,0.6729488125092197,588.4548611111111,15070.0,701.0,10000.0,-1163.3009107484665,8836.699089251539,-11.633009107484666,21.56646582619757,2147.683941782,-8.178031033555797,-1171.478941782023,13212.842626802416,-14376.14353755088,95.05642177555696,-55.93830170253261,105.10155805499978,-63.30916720000029,0.919081156381759,0.351010101010101,-0.05705873855218905,-0.19540525722710583,0.08018148821364257,0.06563278400107288,0.12269152255326195,43.87373737373738,121.64234102843591,0.3871279139416776,0.0
ETHUSD,atr_adx_both,5,1,5af18381228a,169475,6009.0,ok,286.0,0.4860185868122142,588.4548611111111,4951.0,253.0,10000.0,-1487.041594444286,8512.958405555702,-14.870415944442858,18.73346935309927,1490.126496499,-19.103902054724447,-1506.1454964990353,8605.433465651991,-10092.475060096276,88.71580892424733,-53.39933894230834,99.23706473646408,-58.55532054999968,0.8526583830438419,0.33916083916083917,-0.1076057877463579,-0.27416029669626385,0.0568054371478198,0.014953376838146414,0.12255916458450433,45.95804195804196,123.02637571788225,0.38676888777663526,0.0
ETHUSD,atr_adx_both,5,5,f0e15e357330,169475,18551.0,ok,396.0,0.6729488125092197,588.4548611111111,15070.0,701.0,10000.0,-1163.3009107484665,8836.699089251539,-11.633009107484666,21.56646582619757,2147.683941782,-8.178031033555797,-1171.478941782023,13212.842626802416,-14376.14353755088,95.05642177555696,-55.93830170253261,105.10155805499978,-63.30916720000029,0.919081156381759,0.351010101010101,-0.05705873855218905,-0.19540525722710583,0.08018148821364257,0.06563278400107288,0.12269152255326195,43.87373737373738,121.64234102843591,0.3871279139416776,0.0
ETHUSD,atr_banded_adx,5,1,57994c89d5b6,169475,1993.0,ok,79.0,0.134249889364213,588.4548611111111,1819.0,10.0,10000.0,-1112.692922586789,8887.307077413216,-11.126929225867892,13.181382040151707,401.37076716900003,-16.089844582205803,-1128.7827671689956,1883.9503894674317,-2996.643312054221,89.71192330797294,-51.666264000934845,96.66611906100033,-57.341944800000164,0.6286868984003204,0.26582278481012656,-0.2947576170162327,-0.5746465216618195,0.010419767458443564,-0.1763773214732012,0.11838029554303146,52.77215189873418,124.98421916424664,0.37405798032700965,0.0
ETHUSD,atr_banded_adx,5,5,0b49936fe369,169475,3545.0,ok,106.0,0.1801327629443871,588.4548611111111,3154.0,18.0,10000.0,-1176.8298786348685,8823.170121365132,-11.768298786348684,14.633694707613088,549.4831167549999,-22.338238120125098,-1199.1681167549996,2736.619977426779,-3913.449856061648,88.2780637879606,-52.17933141415531,97.79978973799986,-57.97907752000017,0.6992858163719549,0.29245283018867924,-0.23194891912919996,-0.47791128666268196,0.047183242483152234,-0.11117409861725773,0.12077482051194223,56.45283018867924,123.83640687323236,0.3815864068690163,0.0
ETHUSD,atr_arm,10,1,8f08c30ad8fd,84737,12262.0,ok,626.0,1.0638091978710598,588.4513888888889,7703.0,948.0,10000.0,-2011.8130963969008,7988.186903603114,-20.11813096396901,32.64210282103747,3105.833331059,-15.681734662125404,-1905.0123503199975,18865.78206584361,-20877.595162240515,84.98100029659284,-51.67721574812009,107.02263577199972,-63.827922300000004,0.903637699612286,0.3546325878594249,-0.06703772524770447,-0.17930188770677064,0.05098322531725354,0.052699863357131393,0.1197375886048359,34.35143769968051,125.90897636750346,0.37757663521793117,0.1597444089456869
ETHUSD,atr_arm,10,5,fc024592ecb0,84737,14602.0,ok,640.0,1.0876004578873455,588.4513888888889,9176.0,1195.0,10000.0,-1141.4250542561879,8858.57494574384,-11.414250542561879,26.21555961073887,3589.8123129610003,-28.6127587048281,-1170.0378129610108,22392.080530342144,-23533.50558459833,95.28544906528572,-58.107421196539086,113.35834783700028,-68.1271713,0.9514978739502712,0.3671875,-0.03304746572242327,-0.13849590414038093,0.07791126653089893,0.08810853717629404,0.12115600289871731,34.0609375,123.43314008685947,0.382225616903381,0.0
ETHUSD,atr_banded,10,1,b5fe3f0195dd,84737,3060.0,ok,175.0,0.29739075020357103,588.4513888888889,2400.0,34.0,10000.0,-313.726171331832,9686.273828668165,-3.13726171331832,15.840279118149505,971.6089784530001,-39.967307121163046,-197.55169003000992,6095.172940135496,-6408.899111467326,98.30924096992736,-56.71592134041882,107.34713954999972,-65.14276511999964,0.9510483523183434,0.35428571428571426,-0.030960082391729173,-0.23206777886544452,0.1749621382001817,0.08901794374692686,0.119978026138656,40.70857142857143,125.42338088884216,0.37862215102420815,0.5714285714285714
ETHUSD,atr_banded,10,5,4892bcd3ee31,84737,3944.0,ok,216.0,0.36706515453697913,588.4513888888889,3047.0,58.0,10000.0,164.46319092428314,10164.463190924283,1.6446319092428312,14.058302660124586,1220.489690073,-34.08038099727745,290.78298995500154,8029.294125033666,-7864.8309341093845,100.36617656292083,-57.82963922139253,111.45855890000017,-66.73940151999962,1.0209112175839679,0.37037037037037035,0.020767143695906192,-0.18150112248511593,0.2156978566072204,0.14053651854070903,0.11976937484480284,38.398148148148145,126.97657588193793,0.3778095127803496,0.4629629629629629
ETHUSD,atr_adx,10,1,95698e32d73d,84737,5904.0,ok,477.0,0.8106022162691622,588.4513888888889,3506.0,513.0,10000.0,-2530.6728595684467,7469.327140431557,-25.30672859568447,33.7007769766631,2167.587062532,-18.265202963569354,-2548.9380625320227,12713.476838694667,-15244.149698263112,78.96569465027744,-48.24098005779466,99.67609801799982,-59.60194897000065,0.8339905531197463,0.33752620545073375,-0.11784354357964405,-0.24712213660788218,0.011118324452979132,-0.0004256863682277687,0.11741785721141629,33.63102725366876,129.10837687510443,0.370336986033239,0.0
ETHUSD,atr_adx,10,5,63e6569bb911,84737,7076.0,ok,494.0,0.8394916034317949,588.4513888888889,4149.0,688.0,10000.0,-2610.716879146837,7389.283120853164,-26.10716879146837,32.8486794400629,2388.211093616,-27.590214469177152,-2638.3070936160166,13973.324800071536,-16584.04167921837,83.67260359324273,-50.715723789658625,101.67258981163748,-60.982763960000504,0.8425765606692637,0.33805668016194335,-0.11807304041309247,-0.23869052166995144,0.018971554053808532,0.0003783996056228969,0.11845144001871537,33.188259109311744,125.91315596857494,0.3735862852518137,0.0
ETHUSD,atr_adx_both,10,1,e7f62405da8e,84737,2830.0,ok,380.0,0.6457627718706114,588.4513888888889,1685.0,255.0,10000.0,-1778.8782770941332,8221.121722905884,-17.78878277094133,26.42765246248604,1865.3976652790002,-25.302888184885,-1804.181165279011,11079.752148721458,-12858.63042581559,84.57826067726303,-51.64108604745217,102.348531839844,-60.154954275000584,0.8616588067168668,0.3447368421052632,-0.09880146366418256,-0.24109363480313692,0.045284517953009105,0.01888964754923068,0.11769111121341323,36.363157894736844,129.23307179168722,0.37119485735595437,0.0
ETHUSD,atr_adx_both,10,5,c105ce685f13,84737,5481.0,ok,458.0,0.7783140776756317,588.4513888888889,3125.0,552.0,10000.0,-2359.6954163904825,7640.304583609535,-23.596954163904822,33.21384537008096,2265.158028142,-30.339111751530503,-2390.0345281420095,13496.961329755075,-15856.65674614556,87.64260603737061,-52.16005508600513,106.23804327999967,-62.564399644999106,0.8511858171512681,0.33624454148471616,-0.11321368886813861,-0.24251774157720088,0.012147301768098152,0.00488384301200631,0.11809753188014488,33.39956331877729,126.78933455335292,0.37251869110091684,0.0
ETHUSD,atr_banded_adx,10,1,d9f4cc36aad1,84737,1047.0,ok,112.0,0.19033008013028546,588.4513888888889,771.0,9.0,10000.0,-187.79619842909887,9812.203801570899,-1.8779619842909885,13.024552925524915,589.822758182,-28.225059752903398,-216.02125818201057,3831.975338903482,-4019.7715373325805,95.79938347258705,-55.83016024073029,105.20019675899972,-63.54612871999964,0.9532818726922687,0.35714285714285715,-0.02874994958134262,-0.29056448308731336,0.22953005679281913,0.08647832563547567,0.1152282752168183,41.92857142857143,130.7407879201036,0.3636168240798148,0.0
ETHUSD,atr_banded_adx,10,5,1ec357d8344a,84737,1446.0,ok,139.0,0.23621322444740786,588.4513888888889,1034.0,21.0,10000.0,169.88242835904248,10169.882428359047,1.698824283590425,11.527739202933745,750.8121906400002,-24.0756189990427,145.80680935999953,5077.695086434685,-4907.812658075643,97.64798243143626,-56.4116397479959,107.30850617500015,-64.82343783999964,1.0346146929792657,0.37410071942446044,0.029476119958740592,-0.20963980422226658,0.26972917566236115,0.1456587554317166,0.11618263547297603,41.60431654676259,131.59184473632575,0.3663108395172004,0.0
ETHUSD,atr_arm,15,1,c1a742608234,56491,8092.0,ok,677.0,1.1504841479173675,588.4479166666666,3757.0,1000.0,10000.0,-414.0234717794208,9585.976528220615,-4.140234717794208,29.23192559980779,3640.584290522,5.13618125740515,-408.8872905219905,23932.304961391048,-24346.32843317047,93.48556625543378,-57.82975874862345,115.99217697600054,-69.590721375,0.9829944185253272,0.37813884785819796,-0.007468639442687084,-0.11770941296579499,0.09695733103816306,0.10870725428395832,0.11617589372664536,28.881831610044312,129.84999880762123,0.36640600490603403,0.0
ETHUSD,atr_arm,15,5,10d320454352,56491,8499.0,ok,691.0,1.1742755483174312,588.4479166666666,4096.0,1093.0,10000.0,-1100.5855800857557,8899.414419914261,-11.005855800857557,32.80625521966026,3817.4513445770003,-5.773764491257797,-1106.3593445769966,24764.630601082223,-25865.216181167983,96.36043035440554,-59.59727230683867,119.55165965600024,-72.10528844999953,0.9574492023427557,0.3719247467438495,-0.028789091473942072,-0.1329792226135227,0.07908045388414714,0.08740914765659391,0.116198239130536,27.439942112879883,130.08954215239137,0.36649388048523124,0.0
ETHUSD,atr_banded,15,1,25cf1bb6224f,56491,2036.0,ok,256.0,0.4350427501725939,588.4479166666666,1194.0,57.0,10000.0,-809.879474012178,9190.12052598783,-8.09879474012178,23.2003903987897,1371.131223496,-32.66224948381965,-842.5417234959896,8431.092820124872,-9240.97229413705,92.64937164972386,-56.00589269173969,112.24400380200014,-66.96799583999982,0.9123599283458509,0.35546875,-0.061279351315807466,-0.2399450257981089,0.10735102328045358,0.05457844679464803,0.1158577981104555,32.17578125,130.26033977852612,0.3653943976723758,0.0
ETHUSD,atr_banded,15,5,e9f9d39ae933,56491,2248.0,ok,270.0,0.45883415057265764,588.4479166666666,1344.0,65.0,10000.0,-439.43272180455654,9560.567278195456,-4.394327218045565,19.411820183981934,1472.868117178,-19.275895373446648,-458.7086171779956,9504.499418594478,-9943.932140399034,95.04499418594477,-58.4937184729355,111.85144177999989,-66.65506127999983,0.9558089581062926,0.37037037037037035,-0.02816375466407749,-0.19759583165388528,0.14218946340570662,0.08767349645263613,0.11583725111671363,29.91111111111111,129.34870545020254,0.3654754659059764,0.0
ETHUSD,atr_adx,15,1,507eb30e676f,56491,4220.0,ok,515.0,0.8751836575737729,588.4479166666666,1697.0,539.0,10000.0,-1392.579852434791,8607.42014756523,-13.92579852434791,27.561182559170522,2506.827164098,0.6761883367758541,-1391.9036640979994,15944.575996276213,-17337.155848711,84.3628359591334,-53.18145965862271,106.87955572799947,-64.02346366500001,0.9196765683721806,0.36699029126213595,-0.05387271011495292,-0.17468849083337226,0.06412306188140421,0.05911372354158485,0.11298643365653777,29.215533980582524,135.31394332792365,0.35629470612618047,0.0
ETHUSD,atr_adx,15,5,ee9c7b1f1716,56491,4284.0,ok,519.0,0.8819812005452197,588.4479166666666,1812.0,599.0,10000.0,-497.9424268857449,9502.057573114264,-4.979424268857449,24.14006557834629,2665.7242610470003,-1.9608341612748,-499.90326104700944,17851.700299032775,-18349.642725918522,91.08010356649375,-56.81003939912855,110.76109644600025,-66.1859622299995,0.9728636445775365,0.37764932562620424,-0.01502514058113428,-0.13222842243910168,0.10774371905186969,0.09751409921864644,0.11253923979978073,28.321772639691716,135.31394332792365,0.35486463231484255,0.0
ETHUSD,atr_adx_both,15,1,f25052c35124,56491,1964.0,ok,405.0,0.6882512258589865,588.4479166666666,841.0,250.0,10000.0,-180.02292461061586,9819.97707538939,-1.8002292461061584,12.814958864682637,1964.3279195750001,-1.9179949643934946,-181.9409195750086,13170.453329801121,-13350.476254411737,84.9706666438782,-53.401905017646946,99.152688032,-59.1496824,0.9865156177817158,0.38271604938271603,-0.004185953059378828,-0.14652622797043982,0.13650287999525373,0.10832086656101898,0.11250681962039782,29.476543209876542,135.31394332792365,0.3546820463174775,0.0
ETHUSD,atr_adx_both,15,5,8cbfe73ba91e,56491,2939.0,ok,437.0,0.7426315696305607,588.4479166666666,1219.0,426.0,10000.0,-151.9389794512706,9848.061020548728,-1.519389794512706,19.74602695797591,2338.039374449,3.711105002252296,-148.22787444902315,15826.745317336321,-15978.684296787591,94.20681736509715,-59.40031337095759,114.007515735,-68.04270693000073,0.9904911457896558,0.38443935926773454,-0.002080542588339176,-0.12779656666789196,0.13010823747465078,0.10965900385578335,0.11173954644412254,29.386727688787186,136.62815214641242,0.35242100339231375,0.0
ETHUSD,atr_banded_adx,15,1,5c2096a5e94d,56491,788.0,ok,152.0,0.25830663291497763,588.4479166666666,414.0,22.0,10000.0,-808.6898547912583,9191.310145208727,-8.086898547912583,18.37901802109782,781.9977719210001,-27.055417129739098,-835.745271921005,4677.259297260628,-5485.949152051888,89.947294178089,-54.85949152051888,105.74715430499974,-62.27397743999982,0.8525888898389099,0.34210526315789475,-0.10653034798799868,-0.3312119925668032,0.11825642221406667,0.006630327271770042,0.1131606752597687,34.078947368421055,134.43509335937796,0.35711245537578845,0.0
ETHUSD,atr_banded_adx,15,5,12b9006db925,56491,893.0,ok,173.0,0.29399373351507324,588.4479166666666,487.0,30.0,10000.0,241.99354492743123,10241.993544927423,2.419935449274312,16.322227362199897,938.2225070590001,-11.9480519864361,230.0454929409807,6699.284826204268,-6457.291281276836,99.9893257642428,-60.917842276196566,115.78183654399938,-68.84560319999979,1.0374760150016928,0.3872832369942196,0.03277765755773835,-0.18306856777298156,0.2573501229855423,0.14494338707266693,0.11216572951492862,31.31791907514451,132.6518436020839,0.35368434890762357,0.0
ETHUSD,atr_arm,20,1,a526d6367aa7,42368,5957.0,ok,671.0,1.1402945619335347,588.4444444444445,2060.0,997.0,10000.0,-1672.4802855852222,8327.51971441479,-16.72480285585222,22.5393796381693,3063.020760701,62.9500248842279,-1609.5302607009908,19691.84284430973,-21364.323129894954,80.70427395208905,-50.03354362973057,101.24455575277821,-58.14850816000023,0.9217162053102944,0.36363636363636365,-0.04995160821066894,-0.15085722156008294,0.05820993140185214,0.06198192263489978,0.11193353084556872,25.506706408345753,135.53701133680553,0.3528188141684504,0.0
ETHUSD,atr_arm,20,5,4dd73a2c0403,42368,6134.0,ok,690.0,1.172583081570997,588.4444444444445,2122.0,1009.0,10000.0,-1212.7365775065496,8787.263422493445,-12.127365775065496,23.164187251690393,3430.530777389,72.26130011754564,-1140.4752773889995,22224.505703880728,-23437.242281387276,86.8144754057841,-54.00286239950985,108.99381874000022,-64.47748329000018,0.9482560037163739,0.3710144927536232,-0.032812923286213234,-0.1344546588291477,0.07006855668535061,0.08079068381859594,0.1136036071048092,24.6463768115942,133.50728474924824,0.3582710039899368,0.0
ETHUSD,atr_banded,20,1,56c8d1506e08,42368,1491.0,ok,265.0,0.4503398791540785,588.4444444444445,645.0,53.0,10000.0,-437.90478709643594,9562.09521290358,-4.379047870964359,13.508307497397706,1326.107568078,16.194719018441898,-421.7100680779786,8419.324144480483,-8857.228931576918,84.19324144480483,-53.68017534289041,103.58531814699968,-60.65718613500038,0.9505596174063808,0.37735849056603776,-0.029587831486071515,-0.19147824103471106,0.14091730517484619,0.08352822670558266,0.11311605819165418,29.90188679245283,133.9307817992769,0.35676723515364733,0.0
ETHUSD,atr_banded,20,5,7a6b0848f5ea,42368,1626.0,ok,280.0,0.47583081570996977,588.4444444444445,713.0,58.0,10000.0,-135.18730242197455,9864.812697577998,-1.3518730242197454,11.782970760808862,1452.8179937200002,17.700308701974446,-117.48699372002739,9437.119592486437,-9572.306894908415,85.01909542780574,-56.64086920064151,106.63452673200005,-64.3374875468351,0.9858772494544773,0.3964285714285714,-0.004745939473497764,-0.1700627668367658,0.15835948443898556,0.10751653231700643,0.11226247179050422,28.0,135.26092936750075,0.35394801799970976,0.0
ETHUSD,atr_adx,20,1,a4de0a9219f2,42368,3169.0,ok,494.0,0.8395015105740181,588.4444444444445,902.0,514.0,10000.0,-2852.729255305032,7147.270744694933,-28.52729255305032,34.320261103012726,2136.322638433,20.7866168720306,-2831.9426384330236,12778.452145226005,-15631.181400531037,76.97862738087954,-47.65604085527755,103.1194549333852,-59.30499869999984,0.8174975273968661,0.3360323886639676,-0.13222805407349722,-0.25512305207926417,-0.011658469754423853,-0.02227162646590304,0.1099564276075942,25.305668016194332,138.89107109812232,0.3466746427252194,0.0
ETHUSD,atr_adx,20,5,08ca9b764089,42368,3111.0,ok,499.0,0.8479984894259819,588.4444444444445,886.0,509.0,10000.0,-1906.2721277829894,8093.727872216995,-19.062721277829894,28.193827864271643,2359.2156939750002,31.189933807979145,-1875.0821939750303,14781.371899382597,-16687.64402716559,83.04141516507077,-51.986429991170056,104.90561625599965,-62.559446599999994,0.885767450175723,0.35671342685370744,-0.08044706483674505,-0.20559321424262175,0.04321781364872045,0.03053044028913918,0.11097750512588424,25.012024048096194,138.67298344313622,0.3499171643859851,0.0
ETHUSD,atr_adx_both,20,1,7a6659339314,42368,1450.0,ok,377.0,0.6406722054380665,588.4444444444445,479.0,202.0,10000.0,-1097.8775391685772,8902.122460831437,-10.978775391685772,23.314459087016196,1824.857704725,-21.7401655564309,-1119.617704725002,11749.32064686312,-12847.198186031696,84.52748666808,-53.97982431105754,106.99027180399966,-62.90056304999982,0.9145434262575431,0.3687002652519894,-0.057303055928695355,-0.19092158335807383,0.08993648860540059,0.051247052074863415,0.10855010800355878,25.286472148541115,143.5200905489522,0.34225651922154743,0.0
ETHUSD,atr_adx_both,20,5,c0414ee3f0f4,42368,1995.0,ok,420.0,0.7137462235649547,588.4444444444445,529.0,376.0,10000.0,-1611.74380744757,8388.256192552428,-16.1174380744757,21.51876670968296,1986.5999584370002,23.118849010566052,-1588.6249584370107,12471.857124484679,-14083.60093193225,83.14571416323119,-52.161484933082406,101.60743232417094,-59.55336159999972,0.885558827231947,0.35714285714285715,-0.07926928980793475,-0.2172074787855727,0.05945852022309534,0.0313220360743739,0.11059132588230866,25.62857142857143,139.73832917395958,0.34879778673036915,0.0
ETHUSD,atr_banded_adx,20,1,3ed9ed168b56,42368,569.0,ok,154.0,0.2617069486404834,588.4444444444445,210.0,12.0,10000.0,-1273.7301854149327,8726.269814585066,-12.737301854149328,14.028814969752215,724.846511582,-1.6678261670607029,-1275.398011581996,4156.648218259911,-5430.378403674844,84.82955547469206,-51.71788955880804,97.4947573915642,-58.5238591540488,0.7654435675140108,0.3181818181818182,-0.17291263560423345,-0.38416174445108925,0.05689235823001586,-0.06410695400170631,0.10880568160252709,27.792207792207794,140.49724680519523,0.3432822215959673,0.0
ETHUSD,atr_banded_adx,20,5,f252ed793a6e,42368,624.0,ok,170.0,0.28889728096676737,588.4444444444445,232.0,13.0,10000.0,-1013.5283693507771,8986.47163064921,-10.135283693507771,14.789953491407024,834.3971981990001,10.838671151780499,-1002.6896981990085,4831.332720175164,-5844.861089525942,79.20217574057645,-53.62257880299029,101.29647364904737,-61.62446096353483,0.8265949602862191,0.3588235294117647,-0.12104347308356521,-0.32138763424891975,0.0725447835580917,-0.012069858120432087,0.10897361496313311,29.129411764705882,139.01172085019618,0.3437128244013722,0.0
ETHUSD,atr_arm,30,1,8a8eb5c17364,28245,3501.0,ok,600.0,1.0196494954859268,588.4375,726.0,805.0,10000.0,-2706.328859736819,7293.671140263199,-27.06328859736819,28.73614751703448,2545.9915222,30.952837536823704,-2675.3760221999837,15630.528173300227,-18336.857033037042,73.38276137699637,-47.38205951689158,98.43169513082843,-57.21487379999967,0.8524104291776452,0.355,-0.10133904179727118,-0.2070197880890841,0.013735865096690711,0.0033469886178736866,0.10468603041514486,20.308333333333334,148.45181025203655,0.3299587222956212,0.0
ETHUSD,atr_arm,30,5,e2b1b44db43e,28245,3858.0,ok,618.0,1.0502389803505046,588.4375,830.0,905.0,10000.0,-2903.8557843521703,7096.144215647866,-29.0385578435217,30.404137904628147,2600.3827812890004,41.74000306318245,-2862.115781288967,15970.266460765586,-18874.122245117753,72.26364914373568,-47.54186963505731,97.15540092999987,-57.21487379999967,0.8461461811765408,0.35760517799352753,-0.1068991865473614,-0.210472631592176,-0.001105809095391168,-0.001429402835569062,0.10546978371179232,19.676375404530745,145.97757443614222,0.33240211699253985,0.0
ETHUSD,atr_banded,30,1,496a12e5566a,28245,888.0,ok,227.0,0.3857673924588423,588.4375,246.0,46.0,10000.0,-1096.1681893096288,8903.831810690386,-10.961681893096289,11.678061566241068,1023.220795466,-12.281106156370699,-1108.4492954659872,5731.672949541476,-6827.841138851107,68.23420178025566,-47.74714083112662,96.76430670772481,-56.88864456778221,0.8394561081580643,0.3700440528634361,-0.09837321130935013,-0.2591791073655836,0.06817043142830759,0.005977036099050877,0.104350247408401,23.550660792951543,149.93130637357385,0.3290581388885886,0.0
ETHUSD,atr_banded,30,5,aca58ad06d12,28245,1037.0,ok,258.0,0.4384492830589485,588.4375,270.0,57.0,10000.0,-936.9852596858557,9063.014740314164,-9.369852596858557,15.479570727416489,1163.709588308,-2.191328622146896,-939.1765883079715,6911.918676448368,-7848.903936134224,72.75703869945652,-48.15278488425904,97.776398496,-59.35351571999917,0.8806221521743655,0.3682170542635659,-0.07205894114957838,-0.2320221650087879,0.08643292657862066,0.03375730774780002,0.10581624889737841,22.91860465116279,146.2582950150263,0.3334566185250871,0.0
ETHUSD,atr_adx,30,1,0376db6aa308,28245,1977.0,ok,424.0,0.7205523101433882,588.4375,309.0,393.0,10000.0,-2016.861603320867,7983.13839667912,-20.168616033208668,20.32427091405506,1724.5952290080002,49.551374312877705,-1967.3102290079796,10821.613045892704,-12838.474649213571,71.66631156220333,-47.027379667448976,95.08307255999986,-57.462353735434675,0.8429048887482586,0.3561320754716981,-0.10193234560692052,-0.2243781103025797,0.025952442652254746,-0.0010531253941517664,0.10087922021276875,20.547169811320753,154.48043622424552,0.3179293224569272,0.0
ETHUSD,atr_adx,30,5,335e68349cd8,28245,2069.0,ok,436.0,0.7409453000531068,588.4375,354.0,426.0,10000.0,-2574.3367747637567,7425.663225236243,-25.74336774763757,27.198567030957733,1767.528409561,40.541365202773406,-2533.795409560974,10776.260655223537,-13350.597429987294,72.32389701492308,-46.5177610800951,97.74208944899999,-57.581403164812144,0.8071744138594548,0.34174311926605505,-0.13299525682041666,-0.2538538117782072,-0.0031114350038779592,-0.03182437335970629,0.10117088346071035,20.31422018348624,153.43159471200443,0.3189005949441159,0.0
ETHUSD,atr_adx_both,30,1,d31ba21661f1,28245,964.0,ok,320.0,0.5438130642591609,588.4375,177.0,166.0,10000.0,-242.3320210048729,9757.667978995134,-2.423320210048729,13.77774707738621,1420.831319761,51.873201243877496,-190.45881976099008,10107.649065314641,-10349.981086319516,82.84958250257903,-52.27263174908847,102.99761633599984,-61.646345279999395,0.976586235377262,0.38125,-0.010832221651445645,-0.15687465791148839,0.15034475897195637,0.08908916068883813,0.09992138234028378,19.653125,155.05834749752364,0.3148182765203292,0.0
ETHUSD,atr_adx_both,30,5,7cdcfd7301d2,28245,1180.0,ok,355.0,0.6032926181625067,588.4375,185.0,277.0,10000.0,-1641.468139861055,8358.531860138959,-16.41468139861055,21.662554616957557,1472.9602880820003,36.891851779061305,-1604.5762880819857,9412.716327079388,-11054.184466940442,74.11587659117629,-48.48326520587913,99.81340679800002,-58.399540109999,0.8515070790821192,0.35774647887323946,-0.09764676478106078,-0.23783559030228768,0.04071154152957315,0.0029110558042189437,0.10055782058527976,19.833802816901407,153.58575727181542,0.31690067006221617,0.0
ETHUSD,atr_banded_adx,30,1,a06108319a03,28245,369.0,ok,131.0,0.222623473181094,588.4375,80.0,10.0,10000.0,-518.5372748028491,9481.46272519715,-5.185372748028491,7.372597694127725,594.4425896470001,-18.06431484414955,-536.6015896470017,3517.666115964808,-4036.2033907676564,71.78910440744505,-49.22199257033727,98.11577674999931,-57.74794358999949,0.8715284576617368,0.37404580152671757,-0.0772987859160377,-0.293259031208523,0.1304353498441831,0.023489918813450476,0.10078870472948817,23.786259541984734,155.10375183399762,0.3177056810540618,0.0
ETHUSD,atr_banded_adx,30,5,8d13298035c1,28245,426.0,ok,144.0,0.24471587891662241,588.4375,95.0,22.0,10000.0,-967.6127151554957,9032.387284844519,-9.676127151554956,11.066237869444748,653.105083726,-8.421868570499154,-976.0345837259902,3555.5163674650908,-4523.129082620587,71.11032734930181,-48.11839449596369,97.776398496,-58.063221899999185,0.7860744857197651,0.3472222222222222,-0.13855140411106565,-0.34420161338488614,0.06531902810747736,-0.03501804302220898,0.10353336108885662,22.305555555555557,147.6942195135263,0.3265452270104767,0.0
ETHUSD,atr_arm,45,1,b2d966312cf6,18830,2224.0,ok,491.0,0.8344131704726501,588.4375,223.0,648.0,10000.0,-660.9524388226054,9339.047561177367,-6.609524388226054,12.702879257791775,1965.1866071660002,16.417331656612046,-644.5351071660225,13354.662865244885,-14015.615304067493,68.4854505909994,-47.35005170293072,98.03747041199988,-57.51315641499935,0.9528417108715311,0.3971486761710794,-0.023711785770268428,-0.13432813863976564,0.09145137425994257,0.07068112388030799,0.09439290965057641,16.213849287169044,169.75332242425958,0.2973361406524919,0.0
ETHUSD,atr_arm,45,5,674530659bf7,18830,2600.0,ok,515.0,0.8751991502920871,588.4375,251.0,749.0,10000.0,-882.1826497232597,9117.817350276742,-8.821826497232598,16.836614820842073,2081.8180363970005,8.599113326259445,-873.5835363970073,13896.036308656301,-14778.218958379559,70.53825537388985,-46.47238666157094,99.72158264999979,-57.971493825,0.9403052118656665,0.3825242718446602,-0.031598616197262945,-0.14373829395550222,0.08042418261658703,0.06385404983851509,0.09545266603577804,16.66990291262136,168.36625633416696,0.3006766963519321,0.0
ETHUSD,atr_banded,45,1,6fe5d93cf16c,18830,587.0,ok,201.0,0.34158258098778543,588.4375,84.0,34.0,10000.0,-743.0815043964091,9256.918495603586,-7.430815043964091,12.648574913538397,803.6288410970001,6.511663299410101,-736.5698410970035,4892.870650670934,-5635.952155067343,61.935071527480176,-46.19632913989625,94.54760538299973,-57.11096650999935,0.8681533334649947,0.39303482587064675,-0.073499169149488,-0.23685611244123567,0.10407920363220027,0.021258097206679955,0.09475726635616795,17.850746268656717,173.5103000138259,0.29855336708176666,0.0
ETHUSD,atr_banded,45,5,3f6dbdab4998,18830,717.0,ok,232.0,0.3942644715878917,588.4375,105.0,63.0,10000.0,-1281.3584296507302,8718.641570349257,-12.813584296507303,16.680729704989716,941.5536571050001,2.7707725457295984,-1278.587657105014,5085.064918257883,-6366.423347908612,55.87983426657014,-45.151938637649735,95.91190944599991,-57.052662759999876,0.7987318216794899,0.3922413793103448,-0.11501692865024474,-0.27203495463886085,0.03882069043971851,-0.018459862757861097,0.09655706589238361,18.254310344827587,167.04554336433398,0.30435980789286043,0.0
ETHUSD,atr_adx,45,1,52a8a853b696,18830,1299.0,ok,337.0,0.5727031332979289,588.4375,70.0,342.0,10000.0,124.30775709481208,10124.307757094813,1.2430775709481208,10.42188939175362,1409.351845549,25.627397356193406,149.93515445100638,10125.840661518549,-10001.532904423735,73.91124570451495,-50.007664522118674,107.36583901408667,-61.892998830000316,1.012428870482427,0.4065281899109792,0.011447487885557222,-0.12246096073863086,0.154513885257021,0.10238293997493454,0.09093545208937734,16.771513353115726,175.50539388994684,0.28639711168910514,0.0
ETHUSD,atr_adx,45,5,89fc805babbb,18830,1446.0,ok,347.0,0.5896972915560276,588.4375,78.0,356.0,10000.0,-35.575626024424764,9964.424373975557,-0.3557562602442476,8.929865657581574,1454.250195142,26.17493088242145,-9.400695142014229,10279.708572777723,-10315.284198802146,75.58609244689502,-48.88760283792487,105.60574329254428,-63.31939186907213,0.996551173449147,0.3919308357348703,0.001930678222910995,-0.13037917199763752,0.14042078948898545,0.09273003368564522,0.09079935546273424,17.420749279538907,176.27754336615055,0.2860887578069283,0.0
ETHUSD,atr_adx_both,45,1,9bbda3b72cd1,18830,643.0,ok,258.0,0.4384492830589485,588.4375,44.0,117.0,10000.0,96.62816738410095,10096.628167384108,0.9662816738410095,8.756356992389293,1037.8020947,13.687237915901452,110.31540530001075,7373.835456188646,-7277.207288804546,70.22700434465378,-47.563446332055854,103.84564757100188,-60.036248580000624,1.0132781936186916,0.4069767441860465,0.011199224391732248,-0.13995563241658374,0.17401061880334692,0.10086693097560416,0.0896677065838719,17.472868217054263,182.13503126481373,0.28243974955054973,0.0
ETHUSD,atr_adx_both,45,5,0ef8d869bfe5,18830,788.0,ok,275.0,0.46733935209771643,588.4375,38.0,209.0,10000.0,-415.3837602179996,9584.616239782015,-4.153837602179996,8.110373978289381,1102.375689616,17.6770706019986,-397.7066896159904,7564.62092612492,-7980.004686342919,68.76928114659017,-48.36366476571466,100.99119392400002,-58.39131685443858,0.9479469277845297,0.4,-0.027114757794730417,-0.16916914243059564,0.12213450345721119,0.061693353945869014,0.08880811174059941,17.123636363636365,181.99431671402692,0.27977412488435444,0.0
ETHUSD,atr_banded_adx,45,1,1eb5e6f0b3c3,18830,277.0,ok,105.0,0.17843866171003717,588.4375,30.0,16.0,10000.0,-244.5617008318694,9755.438299168127,-2.445617008318694,3.6280930834197487,421.504238539,2.9639622928668015,-241.59773853900515,2698.0746690136107,-2942.6363698454797,61.319878841218426,-48.23994048927016,95.98624610400005,-57.33522823198868,0.9168902745381649,0.41904761904761906,-0.04359663588398946,-0.26491626298613496,0.20325726944933023,0.04571837397951696,0.08931500986350643,19.00952380952381,180.48620133681914,0.281279267782662,0.0
ETHUSD,atr_banded_adx,45,5,7a5322224cbd,18830,306.0,ok,121.0,0.20562931492299522,588.4375,35.0,22.0,10000.0,-506.7288486336828,9493.271151366307,-5.067288486336828,8.86581220482663,500.80249651900004,-1.9496478853212988,-508.6784965190018,2900.2746330714012,-3407.0034817050837,60.422388188987526,-46.67128057130252,98.80493771999977,-56.8413165,0.8512684676271353,0.39669421487603307,-0.0829973407503823,-0.28450944239667475,0.11276730022343481,0.008547147094354503,0.09154448784473683,18.93388429752066,172.80786812577793,0.2883735855193539,0.0
ETHUSD,atr_arm,60,1,cb4429a1f1a8,14123,1499.0,ok,415.0,0.7052325993060964,588.4583333333334,85.0,448.0,10000.0,-846.1519511647829,9153.848048835192,-8.461519511647829,10.786316119875494,1552.9546313770002,56.3848197877859,-789.7671313770115,10535.601073863594,-11381.75302502838,63.46747634857587,-45.70985150613807,97.76698033599993,-58.28134309673798,0.925657150589711,0.4,-0.0391100612397824,-0.15598161984288103,0.08178426032567547,0.04627941666956264,0.08538947790934505,13.881927710843373,191.01932340402098,0.26886874137934946,0.0
ETHUSD,atr_arm,60,5,ce9d73014263,14123,1902.0,ok,444.0,0.7545139134744742,588.4583333333334,97.0,618.0,10000.0,-1151.6178880322711,8848.382111967747,-11.51617888032271,18.242214565372137,1560.291818556,56.08856947627356,-1095.5293185559858,10240.489357597946,-11392.107245630217,56.891607542210814,-43.15192138496295,97.76698033599993,-57.16437510000012,0.8989108982910946,0.40540540540540543,-0.051930591573871254,-0.16281833316621527,0.06683621862882583,0.03404480413519935,0.08597539570907063,13.68918918918919,189.18574077949546,0.2705585840381203,0.0
ETHUSD,atr_banded,60,1,fbec7593f674,14123,406.0,ok,172.0,0.2922891736883098,588.4583333333334,30.0,51.0,10000.0,-977.3229488776637,9022.677051122326,-9.773229488776638,11.080421317030904,654.1472065549999,-3.249757677338446,-980.5727065550109,3671.176288942704,-4648.499237820368,53.20545346293774,-45.131060561362794,95.62520087999995,-57.1471935,0.7897551663715191,0.4011627906976744,-0.11611254217159311,-0.28356491715944454,0.06170971034726768,-0.0297576982025205,0.08635484396907263,15.279069767441861,187.57441486255834,0.2720471562584624,0.0
ETHUSD,atr_banded,60,5,cf8f31c6adcd,14123,498.0,ok,183.0,0.31098208595907384,588.4583333333334,37.0,55.0,10000.0,-823.7141775554163,9176.285822444575,-8.237141775554162,10.602185398001893,702.6392428200002,-16.541065264587004,-840.2552428200124,3824.4669573587494,-4648.181134914166,47.21564144887345,-45.57040328347222,95.786496621,-57.43325385,0.8227878489140188,0.4426229508196721,-0.09165842430310328,-0.24407447820180134,0.07022867435877993,-0.004680820246037577,0.08697760405706567,15.540983606557377,186.16955522041235,0.2739687234393657,0.0
ETHUSD,atr_adx,60,1,8cae326eef07,14123,840.0,ok,265.0,0.4503292501593146,588.4583333333334,25.0,229.0,10000.0,-675.0141497887078,9324.985850211267,-6.7501414978870775,9.992240105751323,947.814589978,37.80205981071265,-637.212089978002,6560.034023437791,-7235.0481732265,60.18379838016322,-46.3785139309391,97.76698033599993,-57.96985185017047,0.9067021900024635,0.41132075471698115,-0.04866670256919846,-0.18382023380208137,0.10604823875939196,0.0318951685897526,0.08056187115895105,14.769811320754718,203.49636613631972,0.25359633273145493,0.0
ETHUSD,atr_adx,60,5,5a84e74ece84,14123,1022.0,ok,283.0,0.4809176520569284,588.4583333333334,25.0,271.0,10000.0,-1158.402291134365,8841.59770886564,-11.58402291134365,14.125564063275323,996.5940767700001,47.46821436436215,-1110.9340767699905,6503.412963519516,-7661.815254653881,56.06390485792686,-45.87913326140049,98.49215195999994,-56.626677259248396,0.8488083760006171,0.4098939929328622,-0.0839121221985391,-0.22217196088722677,0.05516946777383707,-0.002656159694322097,0.081255962504217,14.349823321554771,199.23992622813316,0.25585497617364605,0.0
ETHUSD,atr_adx_both,60,1,4100bf74cc53,14123,423.0,ok,198.0,0.336472420873752,588.4583333333334,11.0,88.0,10000.0,447.85358415449394,10447.853584154498,4.4785358415449394,5.392923333181483,759.183075354,5.5363404915057535,453.3899246460005,5944.872653818178,-5497.019069663684,68.33186958411699,-49.522694321294445,104.67813818747952,-62.63162906429683,1.0814720812278162,0.4393939393939394,0.048253824153230616,-0.12913483879375398,0.22676003733709235,0.12852726396377753,0.08027343981054696,14.484848484848484,206.1392477236198,0.25273390509243493,0.0
ETHUSD,atr_adx_both,60,5,d297bac960b4,14123,544.0,ok,226.0,0.3840543793811513,588.4583333333334,6.0,147.0,10000.0,-554.2361568121032,9445.76384318792,-5.542361568121032,9.13085002684176,830.3382941480002,53.034862664103,-501.2012941479861,5589.141646861066,-6143.377803673169,61.41913897649523,-45.50650224943088,99.14961006141093,-59.564853909492406,0.9097831560219654,0.4026548672566372,-0.04748111488326795,-0.2014422608330703,0.11024974263455743,0.0328289584182687,0.08031007330153662,14.858407079646017,199.29886140896454,0.25277624633264495,0.0
ETHUSD,atr_banded_adx,60,1,c1da96cf8f8f,14123,181.0,ok,89.0,0.15124265382709054,588.4583333333334,7.0,16.0,10000.0,-376.92216499556264,9623.077835004422,-3.7692216499556266,5.594163074184845,328.82588953100003,3.91577546456445,-373.00638953100315,1991.7851243809466,-2368.707289376509,52.41539801002491,-46.44524096816684,96.414420816,-57.90137107231735,0.840874317107043,0.42696629213483145,-0.08284122787238035,-0.30265394166676335,0.14640725001388186,-0.0016171315827632554,0.08122409628961715,15.48314606741573,203.65115255626176,0.2557128718277352,0.0
ETHUSD,atr_banded_adx,60,5,1bd2e3e6fa39,14123,223.0,ok,91.0,0.15464136514904764,588.4583333333334,9.0,19.0,10000.0,-692.8981817790723,9307.101818220915,-6.928981817790723,7.951003395440312,326.086014405,2.71866737407395,-690.1795144050066,1677.4597265962934,-2370.3579083753657,43.01178786144342,-45.5838059302955,94.08895449600017,-54.76956446593585,0.7076820427283144,0.42857142857142855,-0.15575549123638754,-0.37382235633474314,0.06745331293391138,-0.07684387694387279,0.0789116142925147,15.285714285714286,205.55208135077055,0.24840423215494417,0.0
SOLUSD,atr_arm,5,1,5104b68fd7d7,169475,24820.0,ok,594.0,1.0094232187638295,588.4548611111111,20011.0,838.0,10000.0,-1699.7338707897875,8300.2661292102,-16.997338707897875,22.14616700783328,2994.5961039236,3.415166866167822,-1696.318703923631,18542.77236429727,-20242.506235087058,88.72139887223574,-52.577938272953396,101.0407056453882,-59.55131641500003,0.9160314512911658,0.35185185185185186,-0.05789693347725255,-0.1727305754979975,0.057749766199760404,0.06433713479097014,0.1222340682682227,37.294612794612796,122.53153904736402,0.379060615309438,0.0
SOLUSD,atr_arm,5,5,5dc5ac0f708a,169475,39795.0,ok,681.0,1.1572680336332792,588.4548611111111,31272.0,1567.0,10000.0,-3996.1118734426636,6003.888126557345,-39.961118734426634,45.01550209221142,2638.3971721752,-4.77009873254372,-4000.881972175198,14524.478582720512,-18520.590456163176,66.32182001242244,-40.087858130223324,94.35482026469408,-56.901894491841,0.7842340997226219,0.32158590308370044,-0.15062918252438104,-0.2553179614245209,-0.04254244721647102,-0.027195496749480026,0.123433685774901,36.76945668135095,121.79228805589256,0.38058544142811407,0.0
SOLUSD,atr_banded,5,1,ddd76a9fda2b,169475,6545.0,ok,197.0,0.33477504056645524,588.4548611111111,5851.0,40.0,10000.0,-1037.6206690253346,8962.379330974662,-10.376206690253346,17.872780091114194,975.9432142802,-6.877945254862897,-1044.4986142802045,5937.8259002323775,-6975.446569257712,91.35116769588274,-52.844292191346305,99.30408288242747,-59.14140803840052,0.8512467038887014,0.3299492385786802,-0.10913512960334822,-0.3117614479004861,0.09769802032415337,0.008506619901299629,0.11764174950464786,37.32994923857868,129.5993028741418,0.36457808490935883,0.0
SOLUSD,atr_banded,5,5,252136b1eac7,169475,10741.0,ok,251.0,0.42654078772680337,588.4548611111111,9351.0,71.0,10000.0,-1053.6791065282468,8946.320893471762,-10.536791065282468,14.94321685285334,1228.7847494638,-7.058342935558001,-1060.7374494637988,7580.5252404863595,-8634.204347014607,89.18264988807482,-52.013279198883176,97.62769280160035,-58.38485140899946,0.8779645391537935,0.3386454183266932,-0.08662931027806113,-0.25750383890077594,0.08644154569701173,0.03215010734454443,0.11877941762260555,36.67330677290837,128.92224885412722,0.3684608128744752,0.0
SOLUSD,atr_adx,5,1,46cfb055642f,169475,10002.0,ok,409.0,0.6950405664552294,588.4548611111111,7901.0,401.0,10000.0,-1297.1352709745206,8702.86472902547,-12.971352709745206,22.130613310779406,2065.8899639188,12.041607055710502,-1285.0936639188276,12833.211448720838,-14130.346719695357,90.37472851211858,-52.922646890244785,105.87675082830572,-62.8315975350003,0.9082021625720954,0.3471882640586797,-0.06495326142105211,-0.20313601777353768,0.07717388776937509,0.05607656105873436,0.1210298224797865,41.479217603911984,122.9355449751698,0.3751058029242121,0.0
SOLUSD,atr_adx,5,5,3521dc5aecec,169475,17232.0,ok,485.0,0.8241923587549786,588.4548611111111,13189.0,790.0,10000.0,-2509.28448583253,7490.715514167468,-25.092844858325304,30.51779371177777,2104.741435927,0.3438499055259605,-2508.940635926994,12190.726892325229,-14700.01137815776,75.25140056990882,-45.51087113980731,94.35482026469408,-56.901894491841,0.829300507238995,0.334020618556701,-0.1181183042354595,-0.24178952837594422,0.009500238707577916,0.0034519076182646167,0.12157021185372412,42.99793814432989,122.97085782787019,0.37594577823070785,0.0
SOLUSD,atr_adx_both,5,1,5af18381228a,169475,5293.0,ok,332.0,0.5641894084673256,588.4548611111111,4249.0,236.0,10000.0,-1226.8089315457628,8773.191068454242,-12.268089315457628,17.672417960155094,1657.9154975482002,13.248133997557538,-1213.5607975482053,10126.658808506627,-11353.467740052387,88.83034042549673,-52.08012724794673,99.46110064920008,-59.065776637999704,0.8919441214231081,0.3433734939759036,-0.07599523018379246,-0.23234365549259658,0.08992050416096121,0.04560092628404782,0.12159615646784026,40.25903614457831,122.056721362211,0.377327234836207,0.0
SOLUSD,atr_adx_both,5,5,f0e15e357330,169475,17232.0,ok,485.0,0.8241923587549786,588.4548611111111,13189.0,790.0,10000.0,-2509.28448583253,7490.715514167468,-25.092844858325304,30.51779371177777,2104.741435927,0.3438499055259605,-2508.940635926994,12190.726892325229,-14700.01137815776,75.25140056990882,-45.51087113980731,94.35482026469408,-56.901894491841,0.829300507238995,0.334020618556701,-0.1181183042354595,-0.24178952837594422,0.009500238707577916,0.0034519076182646167,0.12157021185372412,42.99793814432989,122.97085782787019,0.37594577823070785,0.0
SOLUSD,atr_banded_adx,5,1,57994c89d5b6,169475,1905.0,ok,102.0,0.1733353001917687,588.4548611111111,1682.0,7.0,10000.0,84.56121274486385,10084.561212744858,0.8456121274486386,8.08869803603166,499.52583638040005,-1.4244491252601006,83.13676361959915,3526.435567148178,-3441.8743544033146,92.80093597758363,-53.77928678755179,97.2866383565857,-58.465280334999406,1.0245683613164673,0.37254901960784315,0.025764013366704565,-0.2572672970477566,0.32233458112201163,0.14131849434241037,0.11555448097570582,42.03921568627451,131.89764933108842,0.3581360397712731,0.0
SOLUSD,atr_banded_adx,5,5,0b49936fe369,169475,3267.0,ok,137.0,0.23281309927717952,588.4548611111111,2809.0,26.0,10000.0,-507.78668910294505,9492.213310897052,-5.07786689102945,14.25489035946515,701.6604031802001,-4.2096140772561,-511.9963031802072,4372.4856163673885,-4880.272305470335,93.0316088588806,-54.22524783855928,101.92814836692015,-60.60015376800057,0.8959511565504727,0.34306569343065696,-0.07228105101539403,-0.31844331111106194,0.17449290797421743,0.04660613244614076,0.11888718346153479,36.8978102189781,129.5993028741418,0.36921531709687394,0.0
SOLUSD,atr_arm,10,1,8f08c30ad8fd,84737,12452.0,ok,806.0,1.3696968266518756,588.4513888888889,6634.0,1158.0,10000.0,-1904.4237227968263,8095.576277203186,-19.044237227968264,22.323652762402112,3693.6895368542,22.61708594262048,-1881.8066368542022,23401.71659807941,-25306.140320876235,80.69557447613589,-49.04290759859735,94.75570315641592,-56.95669354867831,0.9247445995853514,0.3598014888337469,-0.048098852122287615,-0.15065776303798065,0.05458513154312051,0.07001660854456919,0.1181154606668568,31.818858560794045,127.01711155677978,0.36602041357566306,0.0
SOLUSD,atr_arm,10,5,fc024592ecb0,84737,14933.0,ok,833.0,1.4155799709689982,588.4513888888889,7804.0,1501.0,10000.0,-1441.5323377854281,8558.467662214547,-14.41532337785428,22.1039469379552,4091.4016970266,28.249440758822136,-1413.2828970266219,26076.089209415004,-27517.621547200433,86.05970036110563,-51.92004065509516,100.701454944,-60.67633187752845,0.9476142102138879,0.3637454981992797,-0.03263374841907845,-0.12969127519550347,0.06438640454586811,0.08651149609894503,0.11914524451802347,31.726290516206483,125.85790901476376,0.36948842977467516,0.0
SOLUSD,atr_banded,10,1,b5fe3f0195dd,84737,3176.0,ok,296.0,0.5030152117728973,588.4513888888889,2171.0,47.0,10000.0,244.39778874559056,10244.397788745571,2.4439778874559055,8.010360856811062,1514.4963495848,-5.935838330399689,238.46195041517421,10422.059391752617,-10177.661603007027,92.23061408630635,-55.615637174901785,104.66260436567094,-63.064942144183625,1.0240131572731188,0.38175675675675674,0.02099830692808015,-0.14334422177373085,0.18538680538479438,0.13810919083814205,0.1171108839100619,32.027027027027025,127.21473273066927,0.3631373980131445,0.0
SOLUSD,atr_banded,10,5,4892bcd3ee31,84737,4132.0,ok,346.0,0.5879839975453461,588.4513888888889,2719.0,87.0,10000.0,-712.3553274496592,9287.644672550334,-7.123553274496591,12.909872016742058,1742.6034751650002,-6.22834771534536,-718.5836751650149,11265.014309943701,-11977.369637393364,90.12011447954961,-54.19624270313739,100.70631243692833,-60.758503679999414,0.9405248941115011,0.36127167630057805,-0.039112341859406874,-0.1936170400240886,0.10287493627772802,0.07863876242761868,0.11775110428702551,32.213872832369944,126.38421901898937,0.36535928820191577,0.0
SOLUSD,atr_adx,10,1,95698e32d73d,84737,5689.0,ok,569.0,0.9669447820904681,588.4513888888889,2897.0,552.0,10000.0,-1565.6368621058746,8434.363137894106,-15.656368621058744,18.543172064776208,2640.7147579912,19.35040411467041,-1546.2864579911984,16752.098517922943,-18317.73538002882,82.52265279764997,-50.04845732248311,97.90349790479999,-58.281763464000264,0.9145289071151866,0.35676625659050965,-0.05603459636252463,-0.1718886423503771,0.07079141729821045,0.06086302623076469,0.11689762259328933,31.093145869947275,128.08986140139817,0.36192572423559094,0.0
SOLUSD,atr_adx,10,5,63e6569bb911,84737,6646.0,ok,584.0,0.9924354178222028,588.4513888888889,3261.0,694.0,10000.0,-467.9748114878363,9532.02518851217,-4.679748114878363,15.63442035060511,2960.5743751968002,12.741236291029335,-455.2335751968112,19733.57102714748,-20201.54583863532,91.78405128905806,-54.746736690068616,105.83946990980634,-63.22787358000037,0.9768347028872989,0.3681506849315068,-0.012672464097988136,-0.13639374486345499,0.10425428504046517,0.1044010167714258,0.11707348086941391,31.376712328767123,127.40827857121798,0.3633455388709016,0.0
SOLUSD,atr_adx_both,10,1,e7f62405da8e,84737,2492.0,ok,431.0,0.7324309333585093,588.4513888888889,1350.0,244.0,10000.0,-2768.006981157524,7231.993018842484,-27.68006981157524,28.942541834767095,1886.1344273082,7.718453849323241,-2760.288527308194,10859.694505715732,-13627.701486873259,77.56924646939808,-46.83058930196996,95.40254517600059,-57.330274068226046,0.7968837970347545,0.3248259860788863,-0.1498355335844716,-0.2784614819656033,-0.013726355807776236,-0.03308328963788563,0.11675224394658598,29.2877030162413,128.64430056896134,0.36163521872074117,0.0
SOLUSD,atr_adx_both,10,5,c105ce685f13,84737,4934.0,ok,505.0,0.8581847363017335,588.4513888888889,2430.0,520.0,10000.0,-1341.1829565842747,8658.817043415718,-13.411829565842748,18.1397329736632,2409.3950030754,2.07055350886286,-1339.1124030754308,15326.492628835216,-16667.675585419493,85.62286384824144,-51.1278392190782,95.64752735040018,-59.65728442023051,0.9195338936307644,0.35445544554455444,-0.05341137919166029,-0.17881854870064828,0.07269211129577902,0.06354124970045041,0.11695262889211068,32.576237623762374,128.18631511680255,0.3622910192998495,0.0
SOLUSD,atr_banded_adx,10,1,d9f4cc36aad1,84737,1017.0,ok,154.0,0.2617038601791425,588.4513888888889,667.0,11.0,10000.0,-134.27774493089748,9865.72225506911,-1.3427774493089748,9.502463355653262,760.0293414404,-3.65409650950206,-137.9318414404006,5056.999521289154,-5191.2772662200505,88.71928984717813,-53.51832233216547,97.52300794799996,-58.008069426999796,0.9741339677992832,0.37012987012987014,-0.01268142416939504,-0.23039054790970506,0.21444000176232136,0.10387240120804211,0.11655382537743719,31.337662337662337,131.29822540450533,0.36067039118731536,0.0
SOLUSD,atr_banded_adx,10,5,1ec357d8344a,84737,1389.0,ok,186.0,0.31608388307350976,588.4513888888889,867.0,31.0,10000.0,-893.5908698992033,9106.4091301008,-8.935908698992034,12.966101027423843,881.3247800904,-3.4368101911953803,-897.027680090403,5455.298537624383,-6348.889407523588,86.59204027975211,-51.6169870530373,97.1060436887267,-56.517427345481536,0.8592524121084425,0.3387096774193548,-0.09658052456429388,-0.3055825649909419,0.1072730201838906,0.018487861585942678,0.11506838615023654,31.096774193548388,132.48104112522202,0.35673336173158254,0.0
SOLUSD,atr_arm,15,1,c1a742608234,56491,8112.0,ok,849.0,1.442778495689579,588.4479166666666,2783.0,1223.0,10000.0,459.7508445639817,10459.75084456399,4.597508445639817,18.980332431079862,4352.1623330858,34.254122350214104,494.00496691420994,30246.4252495785,-29786.67440501452,93.93299766949845,-56.52120380458163,111.24057110080003,-67.19798118500024,1.0154347826250312,0.3792697290930506,0.01517724775773703,-0.07702490696754775,0.11312776282657101,0.12801192534184738,0.11283467758411037,26.558303886925795,134.28596892546236,0.3502502940892721,0.0
SOLUSD,atr_arm,15,5,10d320454352,56491,8752.0,ok,863.0,1.4665698960896427,588.4479166666666,3036.0,1358.0,10000.0,-1651.4793014681163,8348.52069853192,-16.514793014681164,27.771137343219326,4209.1299867372,29.43491473090599,-1469.2416031576067,27781.391634831576,-29432.870936299696,89.3292335525131,-53.320418362861766,107.76048533279987,-63.5709717159993,0.9438899689723661,0.3603707995365006,-0.037318423325021825,-0.1296283236883849,0.05901758272184008,0.07570336954702177,0.11302179287204361,26.46002317497103,133.25021864126123,0.350423481964505,0.11587485515643105
SOLUSD,atr_banded,15,1,25cf1bb6224f,56491,2018.0,ok,342.0,0.5811899240586996,588.4479166666666,910.0,63.0,10000.0,-1319.041765191619,8680.958234808402,-13.190417651916192,14.347688001008462,1602.0711792734,-5.131714081785322,-1324.1734792733896,9803.585940413746,-11122.627705605364,81.69654950344788,-50.101926601825966,92.31184439400003,-55.629352041999944,0.8814091597683457,0.3508771929824561,-0.07771473403208626,-0.22141385022928414,0.07123187260845529,0.03790815195194262,0.1156228859840289,28.88888888888889,129.81541500133343,0.3582539568792374,0.0
SOLUSD,atr_banded,15,5,e9f9d39ae933,56491,2414.0,ok,412.0,0.7001469260590183,588.4479166666666,1066.0,85.0,10000.0,-1993.4995092812514,8006.500490718752,-19.934995092812517,24.528081746047377,1974.8717396456,-12.61753036435582,-2006.1170396456037,12025.420526823676,-14018.920036104928,85.28667040300479,-51.73033223654955,99.76571363359967,-59.87604410999997,0.857799352293393,0.3422330097087379,-0.10289322752224743,-0.23795648623687513,0.03808024953463721,0.012107908169961478,0.11500113569220892,27.432038834951456,131.95920086484966,0.3563107949259777,0.0
SOLUSD,atr_adx,15,1,507eb30e676f,56491,4135.0,ok,601.0,1.0213308314598786,588.4479166666666,1276.0,593.0,10000.0,-1176.4520078783753,8823.547992121623,-11.764520078783754,21.817011697238936,2825.8469063758002,20.704701502572142,-1155.7473063757989,18841.60797083466,-20018.059978713034,86.8276865015422,-52.13036452789853,106.40331883967045,-61.98214282499972,0.9412304684305373,0.3610648918469218,-0.038478538373896455,-0.1498286668859686,0.0710644225320338,0.07197857018305243,0.11045710855694892,28.324459234608984,137.18458291795636,0.3419769055474008,0.0
SOLUSD,atr_adx,15,5,ee9c7b1f1716,56491,4249.0,ok,604.0,1.0264289886884637,588.4479166666666,1271.0,656.0,10000.0,-1286.9109339449951,8713.089066054958,-12.869109339449953,16.703390288746263,2808.8513121896,11.951721755375432,-1129.432751637658,18714.543882194477,-20001.454816139474,86.24213770596533,-51.683345778138175,99.64442052966805,-58.13551904899975,0.9356591335093001,0.35927152317880795,-0.040585566632754165,-0.14991717908738414,0.07488929551851838,0.06991360723897189,0.11049917387172606,27.730132450331126,138.06868683285927,0.3422154084042956,0.16556291390728478
SOLUSD,atr_adx_both,15,1,f25052c35124,56491,1769.0,ok,446.0,0.7579260413163159,588.4479166666666,622.0,240.0,10000.0,-522.9163803285487,9477.083619671448,-5.229163803285488,13.193365715351609,2103.4293664964,11.2134138321514,-511.7029664964175,14378.399070575057,-14901.315450903607,88.75554981836454,-52.469420601773265,101.69620453439984,-59.105507180000174,0.9649080390216932,0.3632286995515695,-0.02168917028273295,-0.15076019974491678,0.10971662686471507,0.08835289165424665,0.11004206193697962,27.76233183856502,138.06228169949554,0.3410687401797804,0.0
SOLUSD,atr_adx_both,15,5,8cbfe73ba91e,56491,2705.0,ok,493.0,0.8377971712308155,588.4479166666666,839.0,428.0,10000.0,-2694.268265501934,7305.731734498087,-26.94268265501934,29.94343857844845,2109.5963752696002,11.221690232319002,-2537.5201147176167,12883.943232538768,-15578.2114980407,78.56062946669981,-47.35018692413587,99.64442052966805,-57.20887939423995,0.8270489352490307,0.332657200811359,-0.12634112315926024,-0.25007915671370795,0.0013660247895193305,-0.016625139844862,0.10971598331439825,29.59026369168357,141.13098700795084,0.3395545518915547,0.2028397565922921
SOLUSD,atr_banded_adx,15,1,5c2096a5e94d,56491,739.0,ok,182.0,0.30928820520082845,588.4479166666666,322.0,22.0,10000.0,-434.5752424834526,9565.424757516548,-4.345752424834526,6.395333185578201,868.4687043074,-5.89296182394652,-440.4682043073917,5634.377031881804,-6068.952274365257,86.68272356741237,-51.871386960386815,96.96298132914069,-59.813980123319794,0.9283936958411978,0.35714285714285715,-0.0458367707673265,-0.250311318222424,0.15326249649131485,0.06689890519649608,0.11273567596382261,28.978021978021978,134.03749027435475,0.34968058185520895,0.0
SOLUSD,atr_banded_adx,15,5,12b9006db925,56491,893.0,ok,222.0,0.37726363491529624,588.4479166666666,351.0,26.0,10000.0,-1562.6214105021727,8437.378589497821,-15.626214105021727,15.966895195885844,998.2056766094,-10.56306610723182,-1573.1844766094073,5823.200170740935,-7385.821581243108,80.87778014917966,-49.23881054162072,91.36300755119973,-54.53484401199979,0.7884295750562704,0.32432432432432434,-0.15000781891903778,-0.33161440067227166,0.03114324823584142,-0.03804979304593447,0.11195802587310334,27.1981981981982,134.35434181235632,0.3463521199527268,0.0
SOLUSD,atr_arm,20,1,a526d6367aa7,42368,5876.0,ok,804.0,1.3663141993957704,588.4444444444445,1302.0,1154.0,10000.0,88.45249975786624,10088.452499757841,0.8845249975786623,12.522153272489744,3648.853928009,27.873572233132904,116.32607199098857,25626.259853960622,-25537.807354202756,83.47315913342223,-51.38391821771178,98.9805460979998,-59.45921042895939,1.0034635902186533,0.3818407960199005,0.006942605241086113,-0.08651787026624033,0.10408675125979992,0.11600114332453074,0.10905853808344461,23.59950248756219,140.0925652512786,0.337486921446108,0.0
SOLUSD,atr_arm,20,5,4dd73a2c0403,42368,6264.0,ok,799.0,1.3578172205438066,588.4444444444445,1425.0,1182.0,10000.0,71.63055182003109,10071.630551820008,0.7163055182003109,22.888895920681186,3663.0705440740003,19.29120410596611,234.1467373275791,25579.522080187104,-25507.89152836707,84.70040423903015,-51.32372540918927,103.18628883840005,-60.35379543899933,1.0028081721980187,0.37797246558197745,0.006320627406494088,-0.0960202073045467,0.10649232393332621,0.11511798434369375,0.10879735693719965,24.264080100125156,141.07035928143782,0.3366531141998894,0.1251564455569462
SOLUSD,atr_banded,20,1,56c8d1506e08,42368,1448.0,ok,362.0,0.6151812688821752,588.4444444444445,429.0,58.0,10000.0,176.21143722428582,10176.211437224301,1.762114372242858,8.26984017935691,1764.6575841778001,-10.63672140208328,165.5747158222166,12461.718229437176,-12285.506792212891,90.30230601041431,-54.84601246523612,101.82267265404286,-62.006151748079674,1.0143430336415569,0.3812154696132597,0.016007945534787373,-0.12171462551297636,0.15996668180270113,0.12548084960404213,0.10947290406925474,24.243093922651934,138.84293222315995,0.3392130101234594,0.0
SOLUSD,atr_banded,20,5,7a6b0848f5ea,42368,1660.0,ok,394.0,0.6695619335347431,588.4444444444445,512.0,66.0,10000.0,-869.4449683453871,9130.555031654594,-8.694449683453872,11.229500883204325,1772.3437834972,-6.027015151819208,-875.4719834972093,11756.901091671483,-12626.346060016873,82.21609155015024,-50.30416756978834,95.28952178204214,-56.98158677416425,0.9311404135279793,0.3629441624365482,-0.04406484373975025,-0.18209690520657412,0.09931479951522644,0.06557118956943857,0.10963603330918881,23.104060913705585,138.59060130255156,0.3392865386047872,0.0
SOLUSD,atr_adx,20,1,a4de0a9219f2,42368,3027.0,ok,547.0,0.9295694864048338,588.4444444444445,616.0,514.0,10000.0,-1271.9674558587644,8728.032544141253,-12.719674558587643,18.257343844666572,2394.2605112,19.77204465876442,-1252.1954111999912,16277.63240772436,-17549.599863583124,81.79714777750935,-50.42988466546875,98.45839538999955,-58.64798435199975,0.9275215693949694,0.36380255941499084,-0.04684691504231828,-0.16371445002160046,0.06831046892651786,0.05833545625094824,0.10518237129326652,24.824497257769654,146.492154027658,0.32546195072788553,0.0
SOLUSD,atr_adx,20,5,08ca9b764089,42368,3069.0,ok,549.0,0.9329682779456193,588.4444444444445,631.0,536.0,10000.0,-882.9591287061319,9117.040871293862,-8.829591287061318,21.990146466434847,2449.4769751350004,21.322853571126714,-706.4758786166094,16978.40961510205,-17861.368743808183,84.05153274802994,-51.47368514065759,105.36616405799981,-61.64968118399928,0.950565987334413,0.3679417122040073,-0.030781810877117257,-0.1459664472094828,0.0845584593478266,0.07383490036459044,0.10461671124170768,24.200364298724953,147.35963011825268,0.32374605946339663,0.18214936247723132
SOLUSD,atr_adx_both,20,1,7a6659339314,42368,1307.0,ok,417.0,0.7086480362537764,588.4444444444445,293.0,221.0,10000.0,-1023.2050089754699,8976.794991024528,-10.232050089754699,16.62674581594452,1860.5386343888001,22.549574586677235,-1000.6554343888001,12616.467983855047,-13639.672992830516,84.10978655903365,-51.08491757614426,101.51582631546026,-59.04332585199963,0.9249831715530643,0.3597122302158273,-0.0493630750355069,-0.18177984672319666,0.07957949422411893,0.05560625785652967,0.1049693328920366,22.86570743405276,148.53514103163485,0.3247733864688775,0.0
SOLUSD,atr_adx_both,20,5,c0414ee3f0f4,42368,1819.0,ok,445.0,0.7562311178247734,588.4444444444445,369.0,352.0,10000.0,-1130.4636361975442,8869.536363802445,-11.304636361975442,19.17533260443058,1959.4789285506,21.72320764693764,-1108.7404285506072,13323.98948623836,-14454.453122435903,82.75769867228796,-50.89596169871797,101.99225412800008,-60.09714458999983,0.9217913243329241,0.36179775280898874,-0.05010946500482938,-0.17895352395642364,0.0848477822024895,0.05373652624286588,0.10384599124769525,24.006741573033707,150.4907306434016,0.32152310892515434,0.0
SOLUSD,atr_banded_adx,20,1,3ed9ed168b56,42368,582.0,ok,186.0,0.31608761329305135,588.4444444444445,155.0,24.0,10000.0,-945.8608425869256,9054.139157413063,-9.458608425869256,13.60632749144676,845.084785987,-15.817243400071272,-961.6780859869996,5359.9398388143645,-6305.800681401289,85.07841013991055,-51.26667220651454,99.37758599079987,-59.06120505999987,0.850001468429425,0.3387096774193548,-0.10654297191614566,-0.311990786807746,0.0928498859307888,-0.0010820669091629424,0.1054609050069827,24.010752688172044,144.37502901115334,0.3270351052044452,0.0
SOLUSD,atr_banded_adx,20,5,f252ed793a6e,42368,655.0,ok,212.0,0.3602719033232628,588.4444444444445,181.0,18.0,10000.0,-900.8482715343407,9099.15172846566,-9.008482715343408,10.47501075761799,942.9234109972001,-14.471739462863582,-915.3200109972004,6165.087706378913,-7065.935977913254,84.45325625176594,-50.83407178354859,95.90255025879968,-57.013195679999384,0.8725082884489447,0.3443396226415094,-0.08462366821208712,-0.2687508209321701,0.10425794052696943,0.01968337655829525,0.10430704477038243,24.0,146.38310834707926,0.3228208404595185,0.0
SOLUSD,atr_arm,30,1,8a8eb5c17364,28245,3545.0,ok,656.0,1.11481678173128,588.4375,376.0,829.0,10000.0,112.80476500361829,10112.80476500364,1.128047650036183,17.42892618320996,2905.9351537082002,50.14288128818335,162.9476462918301,20960.94275793063,-20848.137992927008,81.24396417802569,-52.382256263635696,105.99235364959995,-62.12248418399963,1.0054107836892623,0.3932926829268293,0.008273780768494938,-0.09917734439713108,0.11482857729557067,0.10776153760504434,0.09948775683654941,20.2484756097561,158.31910060298358,0.3077961652738843,0.0
SOLUSD,atr_arm,30,5,e2b1b44db43e,28245,4059.0,ok,684.0,1.1624004248539566,588.4375,462.0,1008.0,10000.0,-1711.2256885527586,8288.774311447241,-17.112256885527586,29.294846647269235,2738.5026913392003,36.90119721356152,-1674.3244913391918,18604.22008548279,-20315.44577403555,72.9577258254227,-47.35535145462832,101.64275951330798,-58.14783665999999,0.9157672586865007,0.37280701754385964,-0.05203479887878722,-0.15193583627703286,0.04780552090000852,0.04711371875644926,0.09914851763523645,20.01169590643275,159.01550216491657,0.3061591057747693,0.0
SOLUSD,atr_banded,30,1,496a12e5566a,28245,898.0,ok,290.0,0.4928305894848646,588.4375,152.0,43.0,10000.0,145.91797918277757,10145.91797918274,1.4591797918277758,9.451531809076572,1238.2150687534,-1.6287479361854746,144.28923124659195,9108.636091618813,-8962.718112436036,79.20553123146794,-51.21553207106306,97.51948765548865,-58.20567737680185,1.0162805498680485,0.39655172413793105,0.016306024157419507,-0.1384405742423305,0.1854965579938391,0.116617439346721,0.10031141518930153,20.49310344827586,160.0581262422045,0.3098013676187599,0.0
SOLUSD,atr_banded,30,5,aca58ad06d12,28245,1121.0,ok,342.0,0.5812002124269783,588.4375,174.0,69.0,10000.0,74.98901965105443,10074.989019651057,0.7498901965105443,6.605111781919576,1464.3593256926001,-7.386845343657949,210.4068869369985,10414.328833410886,-10339.33981375983,78.30322431136004,-49.470525424688184,98.54496602710047,-59.52465152099978,1.0072527860580864,0.3888888888888889,0.009309923935159274,-0.13533449315963345,0.15537412075405396,0.10856323570600178,0.09925331177084248,20.517543859649123,156.9566001913368,0.3066838906963253,0.29239766081871343
SOLUSD,atr_adx,30,1,0376db6aa308,28245,1960.0,ok,440.0,0.7477429633563463,588.4375,164.0,378.0,10000.0,785.4401697969452,10785.440169796946,7.854401697969451,9.57562478320197,1915.2073157026002,49.08991450046178,834.5300842974193,14567.0611185427,-13781.620948745758,81.38022971252906,-52.803145397493324,103.9870622842925,-62.86119479748237,1.0569918569606591,0.4068181818181818,0.038422003750260815,-0.08746739545490921,0.168263005073902,0.1347730237552749,0.09635102000501408,20.836363636363636,167.84544879681312,0.29797822687537584,0.0
SOLUSD,atr_adx,30,5,335e68349cd8,28245,2141.0,ok,452.0,0.7681359532660648,588.4375,188.0,458.0,10000.0,-229.03401250683328,9770.965987493166,-2.290340125068333,15.877548314448983,1970.6051794362002,48.79673307063169,-180.23727943619815,14374.550613388928,-14603.58462589576,81.67358303061891,-52.911538499622324,103.93516241039966,-62.6812560494427,0.9843165894967528,0.3893805309734513,-0.005916933491286419,-0.1296368602248413,0.12360773893088323,0.09054584912009637,0.09646278261138279,20.161504424778762,164.9709631928396,0.29823188245168175,0.0
SOLUSD,atr_adx_both,30,1,d31ba21661f1,28245,875.0,ok,330.0,0.5608072225172597,588.4375,84.0,162.0,10000.0,-171.66042003086852,9828.339579969119,-1.7166042003086852,17.32694820222165,1334.4846959148,32.338224116066485,-139.32219591480498,9668.469701464193,-9840.130121495062,74.37284385741687,-49.20065060747531,102.3887135836618,-57.888873299999815,0.9825550660497986,0.3939393939393939,-0.00834812253120835,-0.1636634369200165,0.13571374809923117,0.08857601890652655,0.09692414143773494,20.424242424242426,164.08191320416103,0.29916049135953493,0.0
SOLUSD,atr_adx_both,30,5,7cdcfd7301d2,28245,1119.0,ok,354.0,0.6015932023366968,588.4375,110.0,266.0,10000.0,-573.4723265050362,9426.527673494975,-5.734723265050362,13.048442187623962,1431.6710131268,33.87241337822802,-539.5999131267927,10164.278778893531,-10737.751105398569,74.73734396245243,-49.25573901558977,98.78823523071854,-57.7580836439999,0.946592883288502,0.384180790960452,-0.02993954538178805,-0.17043396571501568,0.10940751314720464,0.06470662651715378,0.09464617189894181,19.95762711864407,167.7683793948993,0.29226429460829034,0.0
SOLUSD,atr_banded_adx,30,1,a06108319a03,28245,366.0,ok,146.0,0.24811471056824216,588.4375,49.0,9.0,10000.0,33.65557000993931,10033.655570009929,0.3365557000993931,8.998324958725213,623.2994339258,-7.282403935741621,26.373166074201436,4548.746147931046,-4515.090577921106,78.42665772294907,-51.3078474763762,100.28457144668002,-60.27081686500046,1.0074540187907892,0.3972602739726027,0.010870128232530401,-0.20878664068228245,0.24109683251225303,0.10715732052213299,0.09628719228960257,21.267123287671232,168.49540205842638,0.29732667788022205,0.0
SOLUSD,atr_banded_adx,30,5,8d13298035c1,28245,469.0,ok,174.0,0.29569835369091874,588.4375,62.0,13.0,10000.0,197.86436302799498,10197.864363027968,1.97864363027995,7.958912223108292,741.3334310952,-10.85309412319273,187.01126890479463,5526.869857077675,-5329.005494049679,81.2774978982011,-50.27363673631773,100.58847724119994,-60.83768969504734,1.0371296976985536,0.39080459770114945,0.03144105319506401,-0.16317030780781405,0.23078186428237812,0.12567873519697226,0.09423768200190825,21.626436781609197,165.34075128875597,0.29105171622897946,0.0
SOLUSD,atr_arm,45,1,b2d966312cf6,18830,2174.0,ok,517.0,0.8785979819437069,588.4375,77.0,569.0,10000.0,789.5707377880201,10789.570737788034,7.895707377880202,10.656809082687225,2127.8349995194,10.0998626925875,799.6706004806128,17036.7278063231,-16247.157068535076,81.51544404939281,-52.75050996277622,110.59795049528344,-64.66511775000001,1.0485974705886938,0.40425531914893614,0.03456576916586392,-0.07527549717502109,0.1511683921221589,0.12181458092101559,0.08724881175515166,16.499032882011605,184.94173713422387,0.26931058530313107,0.0
SOLUSD,atr_arm,45,5,674530659bf7,18830,2683.0,ok,537.0,0.9125862984599044,588.4375,97.0,788.0,10000.0,-1078.9297496504137,8921.070250349572,-10.789297496504137,17.634779263605505,2016.2211419872,3.38360766321218,-1075.5461419872026,14576.277659840682,-15655.207409491093,69.7429553102425,-47.729290882594796,102.31406654000006,-58.10949694000016,0.9310817339285903,0.3891992551210428,-0.04113741600339902,-0.15147231966812266,0.06783331628973005,0.04640887462187812,0.08754629062527713,16.741154562383613,184.70352334574724,0.2694408910120258,0.0
SOLUSD,atr_banded,45,1,6fe5d93cf16c,18830,586.0,ok,237.0,0.40276155071694103,588.4375,31.0,48.0,10000.0,-597.287327295744,9402.71267270426,-5.97287327295744,11.928193281815021,894.0922591928002,1.6109681029400997,-595.6763591927993,6136.437172224649,-6733.724499520391,63.262238888913906,-48.09803213943136,95.85507875400003,-55.026897660000245,0.9112991142809178,0.4092827004219409,-0.04698505179895699,-0.20537840656611667,0.12328359222238801,0.040776713593320836,0.08776176539227781,17.0042194092827,183.66420206855204,0.27058106469233795,0.0
SOLUSD,atr_banded,45,5,3f6dbdab4998,18830,724.0,ok,264.0,0.44864577801380773,588.4375,53.0,79.0,10000.0,-1350.4279563125956,8649.572043687389,-13.504279563125957,14.71418981303615,937.8449463428001,1.0342099697963998,-1349.3937463428174,6106.051256234334,-7456.479212546928,60.4559530320231,-45.74527124261919,93.71498244407601,-55.95820843905014,0.8188920108514156,0.38257575757575757,-0.10980806747597044,-0.2589543022015625,0.044629213290262905,-0.022748247408702685,0.08705982006726776,16.609848484848484,186.18387915611896,0.26757241274356663,0.0
SOLUSD,atr_adx,45,1,52a8a853b696,18830,1177.0,ok,325.0,0.5523101433882103,588.4375,26.0,279.0,10000.0,-867.846703135195,9132.153296864806,-8.67846703135195,14.639595242314135,1156.8698605202003,6.93584261499818,-860.9108605201836,8892.652813420065,-9760.499516555261,72.89059683131201,-48.08127840667616,101.19491003160007,-57.58943606699975,0.9110858310414136,0.37538461538461537,-0.051638309021758665,-0.19230212812663738,0.09407066527252807,0.030706298490225367,0.08234460751198401,16.886153846153846,200.0158950552342,0.253358934509959,0.0
SOLUSD,atr_adx,45,5,89fc805babbb,18830,1387.0,ok,360.0,0.6117896972915561,588.4375,29.0,343.0,10000.0,-586.6748246651691,9413.325175334834,-5.866748246651691,11.654701351656598,1307.0591408218002,8.3673838433674,-578.3074408217963,10048.519032032958,-10635.193856698126,71.26609242576566,-48.562529026018844,102.31406654000006,-57.460741931999856,0.9448364710065275,0.39166666666666666,-0.03304088561457963,-0.1597854230082161,0.09918163590482004,0.05038107210702169,0.08342195772160133,16.108333333333334,196.77934431970925,0.25693951649723706,0.0
SOLUSD,atr_adx_both,45,1,9bbda3b72cd1,18830,552.0,ok,246.0,0.41805629314922993,588.4375,12.0,113.0,10000.0,-1564.5590094405648,8435.44099055943,-15.645590094405648,19.037340830635216,817.9591593134,6.4006501271656,-1558.1583593134,5589.476175644137,-7154.0351850847,66.54138304338258,-44.16071101904136,99.86740693919994,-55.30140031199995,0.78130398174411,0.34146341463414637,-0.14131547898331545,-0.2954013877886932,0.01659628592320637,-0.05936102751568899,0.08195445146762642,16.223577235772357,200.7066301066236,0.25176215488215836,0.0
SOLUSD,atr_adx_both,45,5,0ef8d869bfe5,18830,701.0,ok,267.0,0.4537440254912374,588.4375,17.0,189.0,10000.0,-1406.5527107012467,8593.447289298752,-14.065527107012468,17.776085927993133,927.0650912252,5.946319476049461,-1400.6063912251939,6320.83181403579,-7727.384524737036,67.9659334842558,-44.41025588929331,99.25009224479999,-57.05392987644873,0.8179781650313162,0.34831460674157305,-0.11280867065247983,-0.25770550499631534,0.03272921549442522,-0.0293440992391106,0.08346457141336923,16.149812734082396,200.51360272650302,0.2573145896952754,0.0
SOLUSD,atr_banded_adx,45,1,1eb5e6f0b3c3,18830,240.0,ok,114.0,0.19373340414232607,588.4375,9.0,10.0,10000.0,-1336.3502210979625,8663.649778902032,-13.363502210979625,14.21832746698215,391.6715962296,-1.5922751316408001,-1337.9424962296143,2179.937227004032,-3516.2874481019944,60.55381186122312,-45.08060830899993,91.61977469760008,-53.57387995699956,0.619954215682995,0.3157894736842105,-0.2541490232048931,-0.4819601882398963,-0.02889263786961801,-0.1714578883542405,0.08269113485065265,16.157894736842106,197.22302651542685,0.2540347211896916,0.0
SOLUSD,atr_banded_adx,45,5,7a5322224cbd,18830,275.0,ok,140.0,0.2379182156133829,588.4375,9.0,15.0,10000.0,-1496.9036471930353,8503.096352806944,-14.969036471930352,15.324424506930553,473.2851058812,-1.235958688167,-1498.1396058812243,2663.2272499440346,-4160.13089713707,55.48390104050072,-45.21881409931598,92.18632955040027,-55.01628952371841,0.6401787145151662,0.34285714285714286,-0.23490933417644325,-0.42013906899113945,-0.029639612850387523,-0.15253711367993295,0.08237222049651034,15.507142857142858,195.25138514271768,0.2533077470066857,0.0
SOLUSD,atr_arm,60,1,cb4429a1f1a8,14123,1601.0,ok,418.0,0.7103306662890321,588.4583333333334,24.0,445.0,10000.0,-247.97714017853696,9752.02285982143,-2.47977140178537,14.99010091540497,1564.262376178,41.243264000537394,-206.73387617803564,11875.089451835627,-12123.066592014162,71.53668344479293,-48.10740711116731,108.26657494800004,-62.2116699780839,0.9795450154219325,0.39712918660287083,-0.006524261200490259,-0.12623251939672134,0.112086761538645,0.07233112721022485,0.07885538841071513,14.409090909090908,209.6452336496086,0.2430638840552818,0.0
SOLUSD,atr_arm,60,5,ce9d73014263,14123,1991.0,ok,449.0,0.763010691779367,588.4583333333334,30.0,606.0,10000.0,-81.57341111870619,9918.426588881266,-0.8157341111870618,15.69868653557994,1671.2631723004001,46.802438818310954,-34.770972300409994,13015.826645865918,-13097.400056984625,69.97756261218235,-49.80000021667158,111.47646527599998,-65.68743436200003,0.9937717859450125,0.4142538975501114,0.0008491811317690895,-0.11111117309966569,0.11194684334925652,0.07915385457490917,0.07830467344314011,14.32739420935412,209.92761916545467,0.24147600055550855,0.0
SOLUSD,atr_banded,60,1,fbec7593f674,14123,400.0,ok,168.0,0.28549175104439567,588.4583333333334,12.0,34.0,10000.0,226.47612459512553,10226.47612459513,2.2647612459512554,8.391311671643285,609.445473089,5.8443023158742,232.32042691100105,4480.382981068101,-4253.906856472976,58.95240764563291,-46.23811800514104,102.1932326695629,-59.52842276399984,1.0532395588893788,0.4523809523809524,0.03355505491150393,-0.15100566360183934,0.2177974815759392,0.11269863111713864,0.07914357620563467,15.053571428571429,208.47736585555313,0.24322313585072985,0.0
SOLUSD,atr_banded,60,5,cf8f31c6adcd,14123,480.0,ok,191.0,0.3245769312469022,588.4583333333334,10.0,50.0,10000.0,-239.64754885307661,9760.352451146919,-2.396475488530766,6.3984767587688545,678.3376951893999,-1.1053463363205196,-240.75289518940008,4732.1507372749875,-4971.798286128063,53.17023300308975,-48.743120452235914,97.99095340321816,-57.86574077134358,0.9517986179122104,0.46596858638743455,-0.023978804274778314,-0.1908453691769608,0.1479518899922587,0.05446223774320072,0.07844104201797902,14.738219895287958,209.28526249209304,0.24161247676851147,0.0
SOLUSD,atr_adx,60,1,8cae326eef07,14123,854.0,ok,259.0,0.4401331161934433,588.4583333333334,6.0,200.0,10000.0,-286.01697822807216,9713.983021771925,-2.8601697822807215,8.34924106021065,865.8736695884002,33.294708639671285,-252.72226958838837,6848.348712059719,-7134.365690287791,67.80543279267049,-45.154213229669566,100.80768019280004,-58.43918889704361,0.9599099638784377,0.38996138996138996,-0.016329261601890046,-0.16040298746468182,0.14240964725581792,0.05877727069899442,0.07510653230088445,14.281853281853282,224.21551415568553,0.23084293016474955,0.0
SOLUSD,atr_adx,60,5,5a84e74ece84,14123,1029.0,ok,272.0,0.4622247397861644,588.4583333333334,11.0,251.0,10000.0,-120.13286153025877,9879.867138469757,-1.2013286153025877,8.690506552559281,902.0412474856,38.04091404465956,-82.09194748556911,7046.827581904516,-7166.960443434775,62.91810340986175,-44.793502771467345,100.68919884800006,-57.845674022644396,0.9832379622465608,0.4117647058823529,-0.006483082103614528,-0.14850508607230178,0.13717905877306014,0.06793957414789735,0.07442265625151187,14.544117647058824,218.76894596700885,0.22875663385350875,0.0
SOLUSD,atr_adx_both,60,1,4100bf74cc53,14123,406.0,ok,190.0,0.32287757558592367,588.4583333333334,3.0,91.0,10000.0,326.76850703334,10326.768507033343,3.2676850703333997,6.687504116086868,662.4737449134,28.011948053257097,354.780455086604,5452.4530890478945,-5125.684582014553,67.31423566725796,-47.02462919279406,105.72397325418258,-60.66794316000035,1.0637511929976995,0.4263157894736842,0.03833680518038099,-0.13773855882632674,0.2323808919184494,0.11456278139719872,0.07622597621681773,14.110526315789473,215.2463189617092,0.23413408639019354,0.0
SOLUSD,atr_adx_both,60,5,d297bac960b4,14123,490.0,ok,201.0,0.34157048785668764,588.4583333333334,9.0,117.0,10000.0,859.8861670913994,10856.54756328638,8.598861670913994,5.891502212207705,695.4220915168,32.48324139180162,888.8848891232046,6220.386000553137,-5360.499833461738,69.89197753430491,-47.86160565590837,108.19159088988243,-65.69033890887015,1.1604115649297757,0.4427860696517413,0.08865097399156514,-0.09265061746988595,0.26301782979714655,0.16270751259196922,0.07405653860040406,14.691542288557214,221.98909950320672,0.2276511455042564,0.0
SOLUSD,atr_banded_adx,60,1,c1da96cf8f8f,14123,165.0,ok,74.0,0.12575231891241237,588.4583333333334,2.0,12.0,10000.0,-461.64292092582434,9538.357079074194,-4.616429209258244,5.421802449667939,243.39373019240003,0.9980907334239805,-460.6448301923883,1498.204521069046,-1959.8474419948702,46.81889128340769,-46.66303433321119,94.45055650065002,-53.91253382399985,0.7644495632497131,0.43243243243243246,-0.12778434187948084,-0.3856371434640926,0.11245080835772185,-0.05432757860010337,0.07345676327937745,15.64864864864865,222.53966088636707,0.22476636136411285,0.0
SOLUSD,atr_banded_adx,60,5,1bd2e3e6fa39,14123,191.0,ok,87.0,0.14784394250513347,588.4583333333334,4.0,20.0,10000.0,-1041.0954548054626,8958.904545194539,-10.410954548054626,11.28553929965626,281.4384102752,-3.0610554697366994,-1044.1565102751902,1433.501360025041,-2474.5968148305037,40.95718171500118,-47.58840028520199,93.23240426720018,-55.21321277500004,0.5792868363177086,0.40229885057471265,-0.2539459833941053,-0.46127028087343547,-0.03526510365074247,-0.1805407754947931,0.07340520789931217,14.35632183908046,224.06353457575335,0.2250969637284678,0.0
XRPUSD,atr_arm,5,1,5104b68fd7d7,169475,24588.0,ok,530.0,0.9006638147219355,588.4548611111111,20068.0,705.0,10000.0,-3154.2712488883744,6845.7287511116365,-31.542712488883744,35.004714645927365,2340.246294761,1.6671541273641495,-3152.6040947609963,13497.81423543307,-16652.085484321447,78.4756641594946,-46.51420526346773,97.19733139380024,-58.243532952000585,0.8105780052679744,0.32452830188679244,-0.137991621348037,-0.26288074776116616,-0.016432671280445035,-0.01736652848444888,0.12062509286358815,34.11698113207547,123.9952113753913,0.38187177410528045,0.0
XRPUSD,atr_arm,5,5,5dc5ac0f708a,169475,39486.0,ok,627.0,1.065502286472931,588.4548611111111,31037.0,1404.0,10000.0,-4103.074622879123,5896.925377120883,-41.03074622879123,43.10945546861629,2542.7950293466,-7.281006467486058,-4110.355629346594,14257.149123869433,-18360.223746748554,71.64396544658007,-42.897719034459236,97.1518115820001,-58.31220659200043,0.7765237134647804,0.31738437001594894,-0.16352876614003053,-0.2726941711323602,-0.053586597294834275,-0.04347195844722685,0.12005680769280369,33.99202551834131,123.90697674418479,0.3801151833459549,0.0
XRPUSD,atr_banded,5,1,ddd76a9fda2b,169475,6502.0,ok,208.0,0.3534680631361558,588.4548611111111,5626.0,36.0,10000.0,-1485.5030370136606,8514.496962986363,-14.855030370136605,16.40557141283129,970.0028552026,-14.20881818893714,-1499.711855202584,5666.671400918938,-7152.174437932599,85.85865758968089,-50.367425619243654,93.81728228599968,-56.42796779100011,0.7923005024688605,0.3173076923076923,-0.14967186121434922,-0.3529180885113455,0.040647366213663,-0.03287278289681861,0.11679907831753057,33.69711538461539,130.22305638565462,0.3697696988478901,0.0
XRPUSD,atr_banded,5,5,252136b1eac7,169475,10857.0,ok,259.0,0.44013571323204015,588.4548611111111,9094.0,75.0,10000.0,-2260.7176090273324,7739.2823909726685,-22.607176090273324,25.088297764041773,1188.7790977538002,-18.06018872646232,-2278.77779775379,6554.61711387624,-8815.334722903575,82.96983688450936,-48.97408179390875,97.51953006959988,-57.43080328984078,0.7435471618390567,0.305019305019305,-0.19299484767199052,-0.36600799050432936,-0.02082311831836477,-0.07526811166812007,0.11772673600387047,36.20849420849421,127.67555388659389,0.3728206017915408,0.0
XRPUSD,atr_adx,5,1,46cfb055642f,169475,9534.0,ok,377.0,0.6406608644342824,588.4548611111111,7633.0,316.0,10000.0,-1971.2277430604172,8028.772256939577,-19.71227743060417,29.370883833823374,1769.8084420136001,-13.843598953187715,-1985.071342013609,10710.714967607682,-12681.942710668098,85.00567434609272,-50.52566816999242,103.20898492199991,-59.642176968000605,0.8445642132256116,0.33421750663129973,-0.11142878855570532,-0.24985112658032435,0.033998881569372995,0.0064563425482417666,0.11788513110394713,35.684350132625994,125.97110288245261,0.3731484764047309,0.0
XRPUSD,atr_adx,5,5,3521dc5aecec,169475,16278.0,ok,455.0,0.7732113881103407,588.4548611111111,12593.0,733.0,10000.0,-2564.7966784548157,7435.203321545195,-25.64796678454816,33.93145418614978,1978.8456648784002,-12.644386423588678,-2577.4410648784087,11666.722773755742,-14231.519452210558,77.77815182503828,-46.66071951544445,101.39092121338051,-58.84201806599988,0.8197805450733913,0.32967032967032966,-0.1252850208527772,-0.25247637034311055,-0.0021026636339580825,-0.006765405912128795,0.11851961494064843,36.002197802197806,124.84299470939726,0.3751775324956245,0.0
XRPUSD,atr_adx_both,5,1,5af18381228a,169475,5167.0,ok,294.0,0.499613512317451,588.4548611111111,4215.0,194.0,10000.0,-2200.158547141844,7799.8414528581525,-22.001585471418437,26.412273164864196,1384.6799105638001,-3.873763421964201,-2204.032310563811,7918.249166873154,-10118.407714014997,85.14246415992638,-50.34033688564675,100.95168026999993,-57.26381631599958,0.7825588166313554,0.3163265306122449,-0.16409991855709435,-0.32455459124551755,-0.004805354181525943,-0.04646381749648326,0.11763610106061108,33.295918367346935,127.53595356622043,0.3724734123232222,0.0
XRPUSD,atr_adx_both,5,5,f0e15e357330,169475,16278.0,ok,455.0,0.7732113881103407,588.4548611111111,12593.0,733.0,10000.0,-2564.7966784548157,7435.203321545195,-25.64796678454816,33.93145418614978,1978.8456648784002,-12.644386423588678,-2577.4410648784087,11666.722773755742,-14231.519452210558,77.77815182503828,-46.66071951544445,101.39092121338051,-58.84201806599988,0.8197805450733913,0.32967032967032966,-0.1252850208527772,-0.25247637034311055,-0.0021026636339580825,-0.006765405912128795,0.11851961494064843,36.002197802197806,124.84299470939726,0.3751775324956245,0.0
XRPUSD,atr_banded_adx,5,1,57994c89d5b6,169475,1822.0,ok,114.0,0.19372768844962385,588.4548611111111,1567.0,7.0,10000.0,-1122.316226382265,8877.683773617748,-11.223162263822651,17.724343500932175,514.8403957216001,-8.719269339328388,-1131.0354957215877,2877.104719248575,-3999.4209456308395,84.62072703672278,-49.992761820385496,93.383624304,-56.38607541599958,0.719380319891474,0.2982456140350877,-0.2040403409042348,-0.46646294211910144,0.05983685696419879,-0.09058617859006439,0.11345416231417045,36.98245614035088,136.58572674865783,0.3592335165905518,0.0
XRPUSD,atr_banded_adx,5,5,0b49936fe369,169475,3085.0,ok,156.0,0.26510104735211687,588.4548611111111,2566.0,21.0,10000.0,-1763.4487473413733,8236.551252658628,-17.63448747341373,22.27196383665253,698.197978332,-6.67473099062022,-1770.123478331996,3656.28816690272,-5419.736914244092,81.25084815339378,-48.82645868688371,95.30396789940012,-56.335545916587094,0.6746246588636626,0.28846153846153844,-0.24399036206764976,-0.4583585259904834,-0.029864678493868053,-0.12961250419433568,0.11437785787331414,35.28846153846154,135.0282629684375,0.3622850235893035,0.0
XRPUSD,atr_arm,10,1,8f08c30ad8fd,84737,12171.0,ok,666.0,1.131784226489019,588.4513888888889,7157.0,912.0,10000.0,-4576.537651524059,5423.462348475938,-45.76537651524058,45.765376515240625,2630.2241671482006,13.381284375849278,-4563.156367148202,14767.005144139466,-19343.542795663525,70.65552700545199,-42.327227123990205,95.89350199000016,-55.8749044919994,0.7634074740150477,0.3138138138138138,-0.17893805266220872,-0.28019734506544214,-0.06866241202261138,-0.0634142636743336,0.11552378898787508,31.216216216216218,130.13458588165065,0.36582277393304957,0.0
XRPUSD,atr_arm,10,5,fc024592ecb0,84737,14579.0,ok,730.0,1.2405442722777535,588.4513888888889,8377.0,1307.0,10000.0,-3491.886336804199,6508.1136631958025,-34.91886336804199,34.918863368041976,2999.768057356,-2.878220551809102,-3494.7645573560067,18106.21143653302,-21598.09777333722,73.60248551436187,-44.624168953176074,95.14889914040022,-56.20496140800012,0.8383243573832265,0.336986301369863,-0.11273343902255331,-0.2135368397387303,-0.00986782099713142,0.0033118696680399244,0.11604530869059325,28.839726027397262,128.78563967749614,0.36732536360103535,0.0
XRPUSD,atr_banded,10,1,b5fe3f0195dd,84737,3023.0,ok,249.0,0.4231445531467954,588.4513888888889,2087.0,34.0,10000.0,-2335.0888070997407,7664.9111929002565,-23.350888070997406,23.350888070997435,1122.8166278606,-35.5637207608619,-2370.6525278605986,6099.981673385902,-8435.070480485643,81.33308897847868,-48.47741655451519,96.26395344000022,-56.67949723799985,0.7231690224163604,0.30120481927710846,-0.2088584046356204,-0.37271479314482053,-0.03426900521761722,-0.09521146986220526,0.11364693477341509,34.81927710843374,131.53323075395716,0.3599687948962076,0.0
XRPUSD,atr_banded,10,5,4892bcd3ee31,84737,3971.0,ok,294.0,0.49961646034199936,588.4513888888889,2617.0,60.0,10000.0,-1255.299926129295,8744.700073870696,-12.55299926129295,17.768387459769272,1409.9822553417998,-29.54822921250183,-1284.8481553418042,8938.472958179293,-10193.77288430859,88.49973225920091,-52.81747608450046,100.75400922600018,-59.86974695999966,0.8768562003120948,0.3435374149659864,-0.08623523285466721,-0.24858427049180581,0.07382102496617454,0.026743564712397933,0.11297879756706514,35.204081632653065,132.15991103164328,0.3576063773713472,0.0
XRPUSD,atr_adx,10,1,95698e32d73d,84737,5169.0,ok,461.0,0.7834122048219786,588.4513888888889,2949.0,426.0,10000.0,-3031.1053179017827,6968.894682098218,-30.311053179017826,30.825615572612353,1970.1941974722,4.398520429573242,-3026.7067974722067,11645.807623202902,-14676.912941104685,78.68788934596554,-46.89109565848142,97.50383407474071,-56.80331084800096,0.7934780065763856,0.3210412147505423,-0.15184902813704024,-0.27792163909449585,-0.019164575634111006,-0.0392777722570738,0.11257125587996646,31.04989154013015,133.45761132059425,0.3564433945794274,0.0
XRPUSD,atr_adx,10,5,63e6569bb911,84737,6006.0,ok,489.0,0.83099472485455,588.4513888888889,3340.0,575.0,10000.0,-2171.3503433215146,7828.649656678502,-21.713503433215145,23.737785668581502,2135.898729021,-14.813785699492968,-2186.1641290209873,13400.84668183263,-15572.197025154146,80.24459090917743,-48.36086032656567,97.76908990379984,-57.71627308300052,0.8605623638196922,0.34151329243353784,-0.09515696129171938,-0.21851979109882774,0.026789839743444635,0.017982981853012267,0.11313994314473164,30.06952965235174,133.12260652847868,0.35810078379119814,0.0
XRPUSD,atr_adx_both,10,1,e7f62405da8e,84737,2349.0,ok,341.0,0.5794871189681012,588.4513888888889,1400.0,190.0,10000.0,-1766.890664046049,8233.109335953932,-17.66890664046049,20.83302397002407,1498.170224099,-8.690360052957075,-1775.5810240990231,9375.466134267006,-11142.356798313052,82.96872685192041,-48.869985957513386,95.9368081699681,-56.9915472630002,0.8414257687104802,0.3313782991202346,-0.10906340626985651,-0.2523404391421796,0.04118023867265081,0.003028460022254727,0.11209186629211121,30.59824046920821,134.80488766259452,0.354808572600538,0.0
XRPUSD,atr_adx_both,10,5,c105ce685f13,84737,4464.0,ok,431.0,0.7324309333585093,588.4513888888889,2466.0,439.0,10000.0,-2642.878612171376,7357.121387828636,-26.42878612171376,28.08284525380886,1861.5313125434,-13.129400372032222,-2656.0080125433915,11206.850198397875,-13849.728810569253,79.48120708083599,-47.75768555368708,98.50641603839998,-57.36455160800033,0.8091747031064971,0.3271461716937355,-0.13753886898204487,-0.26467149357845365,-0.00369324433974476,-0.024356245775283246,0.11318262320676162,30.141531322505802,132.87689743705076,0.3583021073071234,0.0
XRPUSD,atr_banded_adx,10,1,d9f4cc36aad1,84737,884.0,ok,120.0,0.20392508585387728,588.4513888888889,594.0,9.0,10000.0,-1208.5366914058027,8791.463308594175,-12.085366914058026,12.307518697872117,572.6162325926,-9.97914118679889,-1218.5158325926204,3157.322829361863,-4365.859520767667,90.20922369605323,-51.36305318550197,95.89454932199986,-56.599323334352405,0.7231847049459571,0.2916666666666667,-0.21005255577247414,-0.45100466089187635,0.055473033299924646,-0.0991576306744362,0.11089492509803793,35.333333333333336,134.9257545284409,0.3512799502208474,0.0
XRPUSD,atr_banded_adx,10,5,1ec357d8344a,84737,1197.0,ok,165.0,0.2803969930490813,588.4513888888889,765.0,8.0,10000.0,-1230.6777767177043,8769.322223282312,-12.306777767177044,16.640869168160172,783.3693352004,-3.5344584826948022,-1234.212235200388,4679.202319766378,-5909.880096484084,89.98465999550727,-52.29982386269101,99.82303791899993,-59.31308230800074,0.7917592647184395,0.3151515151515151,-0.15434195481527688,-0.3701845334546771,0.06298774580942214,-0.04301217075978664,0.11132978405549025,34.60606060606061,132.90194126430924,0.35252412790696597,0.0
XRPUSD,atr_arm,15,1,c1a742608234,56491,7969.0,ok,683.0,1.1606804623745377,588.4479166666666,3337.0,942.0,10000.0,-1688.092118333522,8311.907881666464,-16.88092118333522,20.303645913709122,2895.1801946840005,28.255823649526093,-1659.836294684017,18942.269002911937,-20630.361121245456,77.31538368535485,-47.10128109873392,93.80630256479989,-56.77408486399967,0.918174378605758,0.35871156661786235,-0.04928255595406684,-0.155612510721957,0.05078487898462828,0.061087018804318084,0.1103695747583849,27.837481698389457,135.43068640646032,0.34920748080703223,0.0
XRPUSD,atr_arm,15,5,10d320454352,56491,8520.0,ok,673.0,1.1436866049459207,588.4479166666666,3660.0,1018.0,10000.0,-2782.902403881587,7217.097596118391,-27.82902403881587,32.144711824775726,2866.4564172108,24.96878667079075,-2757.933617210806,17825.793476092258,-20608.695879973842,74.89829191635403,-47.37631236775596,100.2520740740001,-57.504973596000696,0.8649646527810708,0.3536404160475483,-0.0921196901470312,-0.19818154909562746,0.008629246029109958,0.01958750093919009,0.11170719108622126,27.182763744427934,134.76473275468285,0.35352529468895294,0.0
XRPUSD,atr_banded,15,1,25cf1bb6224f,56491,2022.0,ok,278.0,0.4724292365155512,588.4479166666666,982.0,64.0,10000.0,53.60521257463893,10053.60521257462,0.5360521257463893,12.391149635321636,1304.1483249891999,-14.396237563836255,39.20897501078434,8929.591876944301,-8875.986664369662,83.45412969106823,-51.90635476239569,105.38096548695782,-64.67483799487623,1.0060393525364142,0.38489208633093525,0.00873796902633116,-0.15773640149481516,0.17022678073382333,0.1180578130700597,0.1093198440437285,33.10071942446043,137.71206468368814,0.3458412759316942,0.0
XRPUSD,atr_banded,15,5,e9f9d39ae933,56491,2296.0,ok,296.0,0.5030181798870617,588.4479166666666,1119.0,68.0,10000.0,-894.6491464170681,9105.350853582946,-8.94649146417068,12.009824111166726,1338.5031900492,-10.049943632122066,-904.6990900491764,8675.974537034763,-9570.623683451828,80.3330975651367,-50.90757278431823,96.6086318746003,-56.38286924199986,0.906521332777511,0.36486486486486486,-0.058468920674970316,-0.21488409359795732,0.10358626337174667,0.050773757353847086,0.10924267802881744,31.97972972972973,138.4499990546861,0.3457372144847414,0.0
XRPUSD,atr_adx,15,1,507eb30e676f,56491,3706.0,ok,462.0,0.785116213202103,588.4479166666666,1441.0,417.0,10000.0,-421.7419888631681,9578.258011136779,-4.217419888631681,13.118278401890947,2013.753333139,1.9525557241691436,-419.78943313904165,14076.559610370277,-14498.301599233444,82.80329182570752,-49.65171780559399,97.77693971039987,-56.86485274799966,0.9709109383622241,0.36796536796536794,-0.013757389862420196,-0.14268279593806524,0.10821808320130197,0.09323226304998146,0.10698965291240166,28.316017316017316,144.03836772798496,0.33842407890971093,0.0
XRPUSD,atr_adx,15,5,ee9c7b1f1716,56491,3807.0,ok,456.0,0.7749198987449328,588.4479166666666,1531.0,466.0,10000.0,-2287.1981305197087,7712.801869480293,-22.871981305197085,26.31995423305818,1890.1723669214002,3.8571635982995596,-2283.3409669214143,11744.005827435456,-14031.203957955164,74.32915080655351,-47.084577040118,100.00196535132221,-58.622515403681234,0.8369920259606124,0.34649122807017546,-0.10917588258571838,-0.2395483842939543,0.018765057000275313,-6.4737060528994e-05,0.1091111455251894,27.32894736842105,138.96769919596875,0.3453059576101464,0.0
XRPUSD,atr_adx_both,15,1,f25052c35124,56491,1651.0,ok,341.0,0.579490538315838,588.4479166666666,741.0,161.0,10000.0,-942.2303570839385,9057.76964291606,-9.422303570839386,12.092249496544973,1511.669822392,-13.817065308064391,-956.0474223920046,10080.11350729325,-11022.343864377188,81.95214233571748,-50.56121038705132,96.47746028819999,-56.84697921100002,0.9145163343951638,0.36070381231671556,-0.053180172233524864,-0.20271585859290786,0.09585106236092955,0.054797554495811036,0.10797772672933592,28.29032258064516,141.17647058823582,0.3416252849298456,0.0
XRPUSD,atr_adx_both,15,5,8cbfe73ba91e,56491,2450.0,ok,389.0,0.6610610539731994,588.4479166666666,990.0,329.0,10000.0,-1592.3785209944801,8407.621479005502,-15.923785209944802,19.72796410449335,1652.0757550412002,15.650165953279682,-1576.7283550412103,10629.630828148618,-12222.009349143098,77.58854619086583,-48.5000370997742,98.05530840480023,-56.66600440800042,0.8697122154381167,0.35218508997429304,-0.0843670921223878,-0.22025218912318104,0.0548848745867725,0.024149954449809982,0.10851704657219774,26.32904884318766,139.58325000999852,0.34339792894969434,0.0
XRPUSD,atr_banded_adx,15,1,5c2096a5e94d,56491,678.0,ok,143.0,0.24301216122922237,588.4479166666666,322.0,15.0,10000.0,-595.4537366408379,9404.54626335918,-5.9545373664083785,9.296056243718937,638.5486459566,2.889090684236397,-592.5646459565869,4144.238702249698,-4739.692438890536,81.2595823970529,-51.51839607489713,97.57657403414349,-60.25476524990081,0.8743686970582796,0.35664335664335667,-0.08116683162470487,-0.3046445592338618,0.16061464189985564,0.023657734027145792,0.10482456565185064,31.11888111888112,144.30732484076282,0.3317499209926553,0.0
XRPUSD,atr_banded_adx,15,5,12b9006db925,56491,788.0,ok,157.0,0.2668035616292861,588.4479166666666,366.0,18.0,10000.0,-175.84900989470066,9824.150990105305,-1.7584900989470065,6.598067967890962,715.4681618342,-2.870651939492591,-178.71966183419318,5166.338920185371,-5342.18793008007,89.07480896871328,-53.961494243233034,97.61613607983533,-60.195990893465705,0.9670829607276538,0.36942675159235666,-0.01760764518818971,-0.24487338694472438,0.2059445997265515,0.08751336111999711,0.10512100630818685,30.273885350318473,144.14875469123092,0.33260364598335124,0.0
XRPUSD,atr_arm,20,1,a526d6367aa7,42368,5756.0,ok,651.0,1.1063066465256797,588.4444444444445,1789.0,882.0,10000.0,-793.2528895598753,9206.74711044013,-7.932528895598752,18.83303123667957,3210.9355402130004,81.6378493468781,-711.6150402129915,21795.694542869165,-22588.947432429042,90.81539392862152,-54.96094265797821,107.03067758160005,-65.14756786359357,0.9648831406628061,0.3686635944700461,-0.020504416427634637,-0.12626859103972052,0.08525083496995015,0.08797069625031859,0.10847511267795322,24.384024577572966,139.47280613947228,0.3431901237286084,0.0
XRPUSD,atr_arm,20,5,4dd73a2c0403,42368,6113.0,ok,666.0,1.131797583081571,588.4444444444445,1934.0,931.0,10000.0,-1375.606044039704,8624.393955960304,-13.756060440397041,17.896259868686855,3032.1065428006004,91.20960123910257,-1139.2726592405925,20360.228467811397,-21735.8345118511,83.44355929430901,-51.50671685272772,101.46776339999988,-58.96013320799909,0.9367125268050014,0.3663663663663664,-0.039618931511382065,-0.14904123776577724,0.07070900794174213,0.06753294473287688,0.10715187624425894,24.004504504504503,142.40032155465332,0.33901090116181704,0.15015015015015015
XRPUSD,atr_banded,20,1,56c8d1506e08,42368,1442.0,ok,277.0,0.47073262839879154,588.4444444444445,551.0,45.0,10000.0,-481.3737759295699,9518.626224070424,-4.813737759295699,7.602541070068174,1256.9263204812,9.423155448376441,-471.950620481206,8567.543255342598,-9048.917031272167,81.59565005088189,-52.60998273995446,98.98702849062322,-61.922191033250975,0.9468031617191329,0.37906137184115524,-0.03088536233990543,-0.18820364546313498,0.13407984216066643,0.0738230057690191,0.10470836810892452,27.379061371841154,148.37606837606873,0.33128469855200865,0.0
XRPUSD,atr_banded,20,5,7a6b0848f5ea,42368,1616.0,ok,302.0,0.5132175226586103,588.4444444444445,610.0,59.0,10000.0,-983.844215333491,9016.155784666518,-9.83844215333491,14.318927491374337,1398.557384052,-12.243968718505329,-996.0881840520069,9089.318530183773,-10073.162745517266,83.38824339618141,-52.192553085581686,101.1390436995936,-62.08309754957817,0.9023301578472639,0.3609271523178808,-0.06388724350765668,-0.2223485401669059,0.10081471281183241,0.04153596529869175,0.1054232088063484,27.17549668874172,148.43335495449477,0.33367357993040514,0.0
XRPUSD,atr_adx,20,1,a4de0a9219f2,42368,2688.0,ok,426.0,0.7239425981873112,588.4444444444445,754.0,400.0,10000.0,-175.38035231399613,9824.619647685999,-1.7538035231399611,13.68083471346336,2053.370617281,16.88493503300737,-158.49541728099211,14590.30796140898,-14765.688313722974,92.34372127474037,-55.09585191687677,110.17555942804077,-69.71900231311278,0.9881224397679451,0.37089201877934275,-0.0033533466947033817,-0.13513204993847056,0.13033958363048895,0.1023152603628332,0.1056686070575366,23.420187793427232,143.2459112834098,0.3342831735226571,0.0
XRPUSD,atr_adx,20,5,08ca9b764089,42368,2692.0,ok,413.0,0.7018504531722054,588.4444444444445,784.0,376.0,10000.0,-952.3668968742636,9047.633103125736,-9.523668968742637,16.813905503206502,1779.7039369679999,75.63835990626305,-876.728536968003,12236.97445856593,-13189.341355440196,82.12734535950288,-49.95962634636438,101.03496913348386,-58.07209213951468,0.9277926872003018,0.36077481840193704,-0.04368205821769053,-0.16986949394335246,0.09212625093781293,0.05989719951784818,0.10357925773553871,25.041162227602907,147.80405405405466,0.32771560317850607,0.0
XRPUSD,atr_adx_both,20,1,7a6659339314,42368,1170.0,ok,301.0,0.5115181268882175,588.4444444444445,353.0,170.0,10000.0,601.1232215421596,10601.12322154215,6.011232215421596,7.407078966526972,1431.3115662088,28.607612249043065,629.7308337911927,10559.839634154212,-9958.716412612053,89.4901663911374,-54.41921536946477,107.4851808014974,-66.12885180172083,1.0603615161468878,0.3920265780730897,0.04377915499891414,-0.1089632492978271,0.19976383667162037,0.14853694362667016,0.10475778862775607,25.209302325581394,146.2904911180767,0.3313488842134248,0.0
XRPUSD,atr_adx_both,20,5,c0414ee3f0f4,42368,1646.0,ok,339.0,0.5760951661631419,588.4444444444445,499.0,263.0,10000.0,-468.24028693358747,9531.759713066414,-4.682402869335875,16.324673834540697,1467.8559378026002,57.267949130983396,-410.9723378026101,10269.38579027492,-10737.626077208504,82.81762734092678,-49.94244687073723,101.27784165543936,-57.59912298899984,0.9563925691240578,0.36578171091445427,-0.02358114604511232,-0.16609354255407857,0.12756377286042575,0.07969328804348591,0.10327443408859821,25.182890855457227,148.43649741198786,0.32668314583830105,0.0
XRPUSD,atr_banded_adx,20,1,3ed9ed168b56,42368,512.0,ok,139.0,0.23621601208459214,588.4444444444445,164.0,10.0,10000.0,-410.1055158210246,9589.894484178993,-4.101055158210246,8.636344259367192,607.0727787562,10.789637064831755,-399.3158787561788,4112.504813444712,-4522.610329265737,82.25009626889425,-50.81584639624424,97.58028048559999,-59.93767733188216,0.9093210588656647,0.3597122302158273,-0.055554093908086,-0.2811158859609735,0.17807094608964186,0.047089858998540665,0.10264395290662667,27.913669064748202,149.86949566388665,0.3247798090975384,0.0
XRPUSD,atr_banded_adx,20,5,f252ed793a6e,42368,574.0,ok,155.0,0.2634063444108761,588.4444444444445,189.0,7.0,10000.0,-267.55308546763206,9732.446914532355,-2.6755308546763206,6.188425938000081,692.8519427163999,6.438942751235768,-261.1141427164166,4810.431159185041,-5077.984244652674,84.3935291085095,-51.81616576176197,98.15259914064622,-61.11765845161497,0.9473111627415195,0.36774193548387096,-0.03031101000999626,-0.25553702834062414,0.19796513521563497,0.07187446824934397,0.10218547825934023,30.53548387096774,152.23596574690822,0.3233265357938587,0.0
XRPUSD,atr_arm,30,1,8a8eb5c17364,28245,3400.0,ok,573.0,0.9737652681890601,588.4375,569.0,666.0,10000.0,1563.6500630740645,11563.650063074065,15.636500630740645,13.777679137330596,2703.7633537868,124.91058313912679,1688.5606462132,20522.152530996624,-18958.502467922557,90.00944092542379,-54.95218106644219,112.16787951233263,-66.23648585999995,1.0824775092716175,0.39790575916230364,0.05548939025041267,-0.052782936229014414,0.17139528306942275,0.1559363599309987,0.10044696968058606,20.93891797556719,154.5483664317753,0.3176481289394278,0.0
XRPUSD,atr_arm,30,5,e2b1b44db43e,28245,3910.0,ok,579.0,0.9839617631439193,588.4375,689.0,736.0,10000.0,962.7373150394717,10962.737315039469,9.627373150394716,12.581774556067762,2747.3135178898,116.57156707072903,1079.3088821102065,19880.43249573191,-18917.695180692444,87.19487936724522,-53.89656746636024,110.56585190682381,-66.57221106597977,1.050890835582447,0.39378238341968913,0.03641486544302567,-0.07046127774434327,0.1486767411976638,0.13741202681652975,0.10099716137350409,21.563039723661486,153.37550126090244,0.319428267747027,0.0
XRPUSD,atr_banded,30,1,496a12e5566a,28245,867.0,ok,233.0,0.39596388741370153,588.4375,182.0,37.0,10000.0,-170.285420675783,9829.714579324213,-1.70285420675783,8.411575059119091,1030.9271287177999,30.306991957975246,-139.97842871782268,6854.882344869818,-7025.167765545601,75.32837741615184,-49.473012433419726,98.97207210366957,-59.49177463595526,0.9757606613309742,0.3905579399141631,-0.010440139597629244,-0.1701478851648675,0.16777183609945004,0.08981077845854284,0.1002509180561721,24.111587982832617,159.44724953494566,0.31716339960651463,0.0
XRPUSD,atr_banded,30,5,aca58ad06d12,28245,1054.0,ok,272.0,0.4622411046202868,588.4375,215.0,52.0,10000.0,-1131.3904571850123,8868.609542814987,-11.313904571850124,18.54089511632606,1103.0079979568,7.639659228211612,-1123.7507979567872,6807.000384831279,-7938.3908420162925,70.17526169929154,-45.362233382950244,97.88996413062134,-57.113632680819094,0.8574786150365898,0.35661764705882354,-0.08414469796208489,-0.22880472301260166,0.07788684718459896,0.014556002622512084,0.09870070058459696,23.279411764705884,162.55008118175846,0.3123712665060135,0.0
XRPUSD,atr_adx,30,1,0376db6aa308,28245,1614.0,ok,361.0,0.6134891131173659,588.4375,216.0,293.0,10000.0,4.593135580370017,10004.593135580388,0.045931355803700176,11.90447508437176,1571.2144777334,65.81948668623001,70.41262226660365,11509.455264968889,-11504.862129388519,82.8018364386251,-51.82370328553387,101.55098172799984,-60.6770122007362,1.0003992343001344,0.3850415512465374,0.004919257943863808,-0.13604522843674613,0.14301979162569226,0.10298101656083511,0.09806175861697132,20.977839335180054,160.3759510666871,0.3102162616353857,0.0
XRPUSD,atr_adx,30,5,335e68349cd8,28245,1776.0,ok,352.0,0.598194370685077,588.4375,260.0,309.0,10000.0,450.552265785321,10450.552265785313,4.50552265785321,7.476283180458547,1552.1416400490002,63.92929416568185,514.4815599509893,11530.488768078674,-11079.936502293356,84.16415159181514,-51.53458838275979,105.27532647013756,-65.61132790823727,1.0406637949316824,0.38920454545454547,0.02966663167811966,-0.11348120373336308,0.178718497363812,0.12614336030553347,0.09647672862741379,22.15625,163.11620693008516,0.3051482956319603,0.0
XRPUSD,atr_adx_both,30,1,d31ba21661f1,28245,721.0,ok,255.0,0.43335103558151883,588.4375,128.0,100.0,10000.0,-149.55421324383525,9850.445786756161,-1.4955421324383524,10.355658480950341,1096.1093994968,32.20411374703567,-117.35009949680352,7907.2288791667,-8056.7830924105365,81.51782349656392,-50.992298053231245,100.97198245164695,-60.64482481913237,0.9814374780196433,0.3803921568627451,-0.007286919977629855,-0.16795356567822287,0.16138102134451063,0.08925213645122144,0.0965390564288513,20.658823529411766,161.01963986029986,0.30535408647239853,0.0
XRPUSD,atr_adx_both,30,5,7cdcfd7301d2,28245,967.0,ok,276.0,0.4690387679235263,588.4375,160.0,182.0,10000.0,923.6671892524894,10923.667189252488,9.236671892524893,6.202502574289825,1249.8961717458,52.32443900171143,975.9916282541981,9523.689175959436,-8600.021986706946,85.0329390710664,-52.43915845553016,110.45724247059273,-69.32322035310911,1.107402886955429,0.4057971014492754,0.06866952924696501,-0.08790362316164044,0.2185931962636569,0.16610401113353662,0.09743448188657161,21.884057971014492,161.1279657540241,0.3081390803333047,0.0
XRPUSD,atr_banded_adx,30,1,a06108319a03,28245,285.0,ok,112.0,0.19033457249070632,588.4375,37.0,6.0,10000.0,-408.7723439288656,9591.227656071143,-4.087723439288657,9.504685254309662,469.2291332796,5.31131064926422,-403.46103327959645,2864.12611316185,-3272.898457090716,66.60758402701977,-47.43331097232922,94.66942581071129,-56.037232292477746,0.8751038722135533,0.38392857142857145,-0.07065513037540908,-0.2985365103661057,0.16795353213471567,0.026479021894526594,0.09713415226993567,23.517857142857142,162.84841528347977,0.30734179502757725,0.0
XRPUSD,atr_banded_adx,30,5,8d13298035c1,28245,350.0,ok,134.0,0.22772172065852364,588.4375,47.0,10.0,10000.0,-855.8347944245809,9144.165205575413,-8.558347944245808,13.859562619738828,506.0785360336,-5.441741609015822,-861.2765360335961,2950.9722059999026,-3806.807000424484,62.78664268084899,-43.7564023037297,93.60802159270835,-55.405616240999585,0.7751830354601243,0.35074626865671643,-0.12991716009292298,-0.32715693113864597,0.07646298424810265,-0.04014850935109741,0.08976865074182558,23.940298507462686,174.82711314608454,0.2840819893909411,0.0
XRPUSD,atr_arm,45,1,b2d966312cf6,18830,2190.0,ok,487.0,0.8276155071694106,588.4375,132.0,536.0,10000.0,-327.8128761227846,9672.18712387718,-3.278128761227846,12.035791884723924,2012.2575078401999,35.059568282583626,-292.7533078402357,14050.807449573538,-14378.620325696325,73.56443690876198,-48.576420019244345,100.33358720000003,-61.03127683968763,0.9772013678157322,0.3921971252566735,-0.009434006321952794,-0.11853354137548024,0.1049920353198829,0.084510524926333,0.09394453124828582,15.995893223819301,165.77263620500054,0.2972069442891682,0.0
XRPUSD,atr_arm,45,5,674530659bf7,18830,2636.0,ok,497.0,0.8446096654275093,588.4375,180.0,649.0,10000.0,940.4068102026769,10940.406810202689,9.40406810202677,10.32827056274813,2317.337791585,40.53939821231512,980.9462084150036,16472.492298745037,-15532.085488542358,79.57725748186009,-53.55891547773227,115.20343218459718,-69.42271243648266,1.0605460748266158,0.4164989939637827,0.04042481062712738,-0.07682651660451596,0.15255083548509513,0.13518550630060808,0.09476069567348072,17.0523138832998,164.52026161418632,0.29974423147291995,0.0
XRPUSD,atr_banded,45,1,6fe5d93cf16c,18830,545.0,ok,199.0,0.3381837493361657,588.4375,43.0,33.0,10000.0,-129.83031006331618,9870.169689936669,-1.2983031006331618,11.364496915494,825.1655230712,-2.76791300788984,-132.59822307121794,5533.244718400747,-5663.0750284640635,69.16555898000934,-47.588865785412295,100.40323472879959,-57.9992308019999,0.9770742380401538,0.4020100502512563,-0.009212252827327804,-0.17619893453597182,0.1652645285101949,0.08254846357231384,0.09176071639964166,18.175879396984925,170.95631641086192,0.2902767412095864,0.0
XRPUSD,atr_banded,45,5,3f6dbdab4998,18830,705.0,ok,227.0,0.3857673924588423,588.4375,74.0,47.0,10000.0,47.91213612047261,10047.91213612049,0.4791213612047261,7.8460972090593355,893.1485479002001,-1.7370840206711298,46.17505209979936,6304.80395208996,-6256.891815969488,66.36635739042063,-47.40069557552642,99.16638908399997,-59.309582224999815,1.007657497928634,0.4185022026431718,0.00812205371541954,-0.15672578586312536,0.17120296798742507,0.09713063402348233,0.08900858030806277,18.841409691629956,179.55915132502216,0.28154092798234065,0.0
XRPUSD,atr_adx,45,1,52a8a853b696,18830,1093.0,ok,296.0,0.5030270844397239,588.4375,40.0,225.0,10000.0,1188.6690206143198,11188.669020614334,11.886690206143198,5.315700389122767,1221.0601159294001,33.802963456277595,1222.4719840706039,9987.482401983936,-8798.813381369615,80.54421291922529,-51.155891752148925,112.60303606199204,-66.11331352501605,1.1350942415861642,0.4189189189189189,0.08029881303634964,-0.06106171419287321,0.22905081244547099,0.16819528526763297,0.08789647223128333,16.3277027027027,184.82164884302864,0.2778870347530301,0.0
XRPUSD,atr_adx,45,5,89fc805babbb,18830,1276.0,ok,305.0,0.5183218268720128,588.4375,44.0,262.0,10000.0,3289.166669656447,13289.166669656435,32.89166669656447,7.150265505904906,1458.1178889521998,48.605541391355885,3337.77221104779,12560.275420913276,-9271.108751256828,88.45264380924843,-56.87796779912165,135.82620893523526,-80.98655228491039,1.3547759774914252,0.46557377049180326,0.19090900084877638,0.04914520796049895,0.3403209512699516,0.2791559009502697,0.08824690010149332,17.98688524590164,183.41334216189412,0.27887415921222025,0.0
XRPUSD,atr_adx_both,45,1,9bbda3b72cd1,18830,471.0,ok,207.0,0.35177907594264474,588.4375,19.0,82.0,10000.0,599.000619736156,10599.000619736162,5.990006197361559,8.116216272725605,869.8502289188,27.19655134503685,626.1971710811977,7216.84892640546,-6617.848306669304,86.94998706512602,-53.36974440862342,109.23621590737066,-64.24371982401306,1.0905128966362825,0.40096618357487923,0.0608261833900026,-0.12050945923430101,0.25295513748541876,0.14906442903034917,0.08823824564034652,15.743961352657005,185.52066559313053,0.27905860239489066,0.0
XRPUSD,atr_adx_both,45,5,0ef8d869bfe5,18830,639.0,ok,233.0,0.39596388741370153,588.4375,23.0,133.0,10000.0,1481.41238995708,11481.412389957106,14.8141238995708,8.083434071178994,1038.028300302,39.266209740921255,1520.6785996980252,8631.45816944858,-7150.045779491499,85.45998187572852,-54.167013480996204,121.90419567874251,-72.09091209854597,1.2071892174741345,0.4334763948497854,0.12293400076165464,-0.042599964990198164,0.29339857787232004,0.21037417565433814,0.08744017489268348,17.72532188841202,185.51566715086193,0.2764051626126601,0.0
XRPUSD,atr_banded_adx,45,1,1eb5e6f0b3c3,18830,186.0,ok,90.0,0.15294742432288902,588.4375,13.0,2.0,10000.0,-742.8195844249262,9257.180415575074,-7.428195844249262,7.428195844249258,345.37804555540004,2.10223886952317,-740.7173455554039,1806.471262961488,-2549.290847386413,58.27326654714478,-43.20831944722734,96.07871611311485,-54.99992339758891,0.7086171688936633,0.34444444444444444,-0.16841562940705182,-0.4019367419750931,0.06990493261920872,-0.08270632327050086,0.08570930613655098,18.522222222222222,186.28330786171966,0.2713591486960509,0.0
XRPUSD,atr_banded_adx,45,5,7a5322224cbd,18830,245.0,ok,109.0,0.1852363250132767,588.4375,17.0,5.0,10000.0,-646.8834337123769,9353.116566287621,-6.468834337123769,7.709918838875874,409.9278474752,1.6316862371756198,-645.251747475204,2344.3774099192756,-2991.2608436316523,55.81850975998275,-44.645684233308245,95.70689445633036,-54.96251206800039,0.7837422185732877,0.3853211009174312,-0.11945085385346843,-0.33293687602114047,0.09612260321000465,-0.03484962325576582,0.0846012305977026,19.71559633027523,192.01074185968417,0.2677721670961646,0.0
XRPUSD,atr_arm,60,1,cb4429a1f1a8,14123,1501.0,ok,386.0,0.6559512851377186,588.4583333333334,31.0,387.0,10000.0,-131.99138556720516,9862.024284891142,-1.3199138556720516,11.419201917817826,1452.8699762282001,87.1922093390055,-48.484040220206225,10260.974345855975,-10392.96573142318,67.06519180298022,-44.60500313915528,100.49082764026,-58.45671023830699,0.9872999306475023,0.3963730569948187,-0.0030688982512890235,-0.1147152798121229,0.1201348262476819,0.08153460538204949,0.0846035036333385,14.686528497409327,191.29745052596945,0.26766142610013843,0.0
XRPUSD,atr_arm,60,5,ce9d73014263,14123,1908.0,ok,415.0,0.7052325993060964,588.4583333333334,54.0,505.0,10000.0,-420.44542533486634,9576.154142431147,-4.204454253348663,11.971500880844218,1543.4563634464,105.73346188846901,-318.11239568039673,11100.078284557268,-11520.523709892135,68.94458561836812,-45.35639255863045,98.4695059880269,-59.36037492005731,0.9635046603850266,0.38795180722891565,-0.01674074739182364,-0.13698678614375684,0.10081121669740166,0.06778968883001936,0.08453043622184299,14.07710843373494,192.5915512757439,0.26743955912824996,0.0
XRPUSD,atr_banded,60,1,fbec7593f674,14123,348.0,ok,153.0,0.26000141612971744,588.4583333333334,18.0,20.0,10000.0,-28.987049549437543,9964.96573828679,-0.28987049549437544,8.150621038739159,592.7298688326,7.681280716837472,-25.029352936599025,4175.976090037248,-4204.963139586685,64.24578600057303,-47.783672040757786,103.36374043039999,-60.696893543012536,0.9931064676223804,0.42483660130718953,-0.00014386618016298195,-0.17788367944308262,0.2008746441835481,0.082750845315967,0.08289471149613,15.431372549019608,195.87961469327547,0.26227059264153696,0.0
XRPUSD,atr_banded,60,5,cf8f31c6adcd,14123,473.0,ok,171.0,0.2905898180273313,588.4583333333334,28.0,41.0,10000.0,-218.49136349773858,9781.508636502267,-2.1849136349773857,8.196930344578341,615.9423491092,-33.18668561145764,-251.67804910918494,4409.466345669297,-4627.957709167036,62.105159798159114,-46.27957709167036,96.73048136086669,-56.55473734399955,0.9527888158820137,0.4152046783625731,-0.022231036754099553,-0.19686254948675555,0.16459735753516394,0.05933976222121313,0.08157079897531264,15.368421052631579,203.6222244960601,0.2580266342280842,0.0
XRPUSD,atr_adx,60,1,8cae326eef07,14123,746.0,ok,226.0,0.3840543793811513,588.4583333333334,10.0,149.0,10000.0,970.077844392282,10970.077844392277,9.700778443922822,5.4571168798803225,859.8127096854,60.13904592231938,1030.2168903146085,7115.428132698316,-6145.350288306034,73.35492920307543,-47.63837432795375,109.09745775089924,-63.60593883344303,1.1578555816807123,0.42920353982300885,0.08590306127601637,-0.07715758301207923,0.25582131207346304,0.16444304233972343,0.07853998106370706,14.5,207.78786212810067,0.24835483642177994,0.0
XRPUSD,atr_adx,60,5,5a84e74ece84,14123,953.0,ok,248.0,0.4214402039226793,588.4583333333334,15.0,201.0,10000.0,691.3168150766546,10691.316815076665,6.913168150766547,8.293451936172163,914.0090349002,63.989150023139125,755.3059650997875,7605.937822112484,-6914.62100703583,71.08353104778023,-49.03986529812646,106.22219327385554,-66.35062900761204,1.099978988634839,0.4314516129032258,0.05793913215637569,-0.09556948167759005,0.21136443777258124,0.13623017230474424,0.07829104014836855,14.141129032258064,209.69741581869667,0.24761689967276335,0.0
XRPUSD,atr_adx_both,60,1,4100bf74cc53,14123,339.0,ok,155.0,0.26340012745167457,588.4583333333334,7.0,48.0,10000.0,432.3994555672305,10432.399455567242,4.323994555672305,5.899966450753659,584.8629121424,45.548632290369284,477.9480878576087,4660.49698055926,-4228.09752499203,67.54343450085884,-49.16392470920965,106.03547089094675,-62.49251625570178,1.102268089373848,0.44516129032258067,0.05851713344863875,-0.12914805789031628,0.25350245950934613,0.1366408933520139,0.07812375990337514,14.270967741935484,212.89564195219717,0.24712697324475033,0.0
XRPUSD,atr_adx_both,60,5,d297bac960b4,14123,436.0,ok,183.0,0.31098208595907384,588.4583333333334,7.0,75.0,10000.0,714.5308321651628,10714.53083216515,7.145308321651628,7.5297978409343,664.3841144794001,35.609353355434195,750.1401855205877,5578.942932687288,-4864.412100522125,68.0358894230157,-48.16249604477351,109.13863463008151,-63.591004122405344,1.1468894529080849,0.44808743169398907,0.07938363893985992,-0.08629922298319148,0.2606290883724459,0.15602887941801247,0.07664524047815259,14.896174863387978,212.19083659953964,0.242359668627672,0.0
XRPUSD,atr_banded_adx,60,1,c1da96cf8f8f,14123,116.0,ok,67.0,0.11385682928556255,588.4583333333334,2.0,6.0,10000.0,-661.8708543656026,9338.129145634404,-6.618708543656025,9.889446948999971,244.97967628660007,4.36937807900194,-657.5014762865976,1314.8554700338434,-1976.726324399446,62.612165239706826,-42.97231139998796,98.0627822992533,-56.09394546299988,0.665168189346248,0.31343283582089554,-0.20133492336772277,-0.46142431892417757,0.07211182511347515,-0.12163869411107255,0.07969622925665024,15.776119402985074,204.83381714993882,0.2524368213568456,0.0
XRPUSD,atr_banded_adx,60,5,1bd2e3e6fa39,14123,167.0,ok,78.0,0.13254974155632654,588.4583333333334,4.0,8.0,10000.0,-708.5979566055274,9291.402043394473,-7.085979566055274,9.768260524808168,262.42254501540003,-8.4575884098724,-717.0555450154061,1595.807400672599,-2304.4053572781263,59.10397780268885,-45.18441877015934,96.97817676713112,-54.60093784499972,0.6925029034637832,0.34615384615384615,-0.18525392490012332,-0.4286996562118975,0.08541783835864497,-0.1101507368169539,0.07510318808316943,14.91025641025641,217.99373076624352,0.23775993868829126,0.0
