symbol,family,timeframe_min,confirm_min,spec_hash,bars,signals,status,trades,trades_per_day,days,rej_cost,rej_cooldown,initial_capital,total_pnl,final_equity,return_pct,max_dd_pct,total_fees,total_funding,optimistic_pnl,gross_win,gross_loss,avg_win,avg_loss,best_trade,worst_trade,profit_factor,win_rate,net_r,net_r_lo,net_r_hi,gross_r,cost_r,bars_held,median_r_bps,avg_leverage,ambiguous_pct
AKEUSD,atr_arm,1,1,56f6ae1069b6,30046,6636.0,ok,321.0,15.38441057045863,20.865277777777777,3286.0,721.0,10000.0,-2251.6505316358907,7748.349468364103,-22.516505316358906,25.912531931034167,1259.418442224,46.4720894118853,-2056.1355354040097,8700.770925994566,-10952.421457630455,87.00770925994566,-49.55846813407446,101.02064502600011,-82.85222617354701,0.7944152769918122,0.3115264797507788,-0.15580739796955595,-0.30007301036176326,-0.0012172801175797635,-0.057453785875300596,0.09835361209425536,31.39252336448598,155.48484643332705,0.3094326987076953,0.3115264797507788
AKEUSD,atr_banded,1,1,32baa03e1582,30046,1892.0,ok,185.0,8.866404845902949,20.865277777777777,1113.0,67.0,10000.0,-1670.587755294907,8329.412244705087,-16.705877552949072,20.40168279641761,693.268388364,-12.228633069097402,-1682.81638836401,4461.430564380695,-6132.0183196756025,81.11691935237627,-47.16937168981233,94.97065336000009,-74.28130622455939,0.7275631499771374,0.2972972972972973,-0.19420350624118526,-0.3935451504080347,0.009705798195661945,-0.09596441693975141,0.09823908930143382,26.345945945945946,159.4480643924892,0.3090859074425868,0.0
AKEUSD,atr_adx,1,1,5dbb5b8ed03c,30046,2651.0,ok,223.0,10.687612327764095,20.865277777777777,1139.0,349.0,10000.0,-2481.8567028000325,7518.143297199959,-24.818567028000324,25.229567775856133,857.60233898,11.9163638200246,-2469.9403389800154,5430.923335778692,-7912.780038578722,87.59553767384986,-49.14770210297343,97.74967107897191,-56.95961191924389,0.6863483262899069,0.27802690582959644,-0.2530651200242866,-0.4303811836138533,-0.07393443253553297,-0.15780454397129512,0.09526057605299151,34.134529147982065,161.81298767748322,0.2997958820453544,0.0
AKEUSD,atr_adx_both,1,1,050ea75f6207,30046,2651.0,ok,223.0,10.687612327764095,20.865277777777777,1139.0,349.0,10000.0,-2481.8567028000325,7518.143297199959,-24.818567028000324,25.229567775856133,857.60233898,11.9163638200246,-2469.9403389800154,5430.923335778692,-7912.780038578722,87.59553767384986,-49.14770210297343,97.74967107897191,-56.95961191924389,0.6863483262899069,0.27802690582959644,-0.2530651200242866,-0.4303811836138533,-0.07393443253553297,-0.15780454397129512,0.09526057605299151,34.134529147982065,161.81298767748322,0.2997958820453544,0.0
AKEUSD,atr_banded_adx,1,1,27bc3723bc0f,30046,489.0,ok,86.0,4.121680090527858,20.865277777777777,263.0,7.0,10000.0,-1310.3542074638638,8689.645792536141,-13.103542074638638,13.899100839849087,336.509238424,22.004969039864303,-1288.3492384239944,1917.1150384937403,-3227.469245957604,87.14159265880637,-50.42920696808756,97.26885363627163,-83.80455061232342,0.5939994752529156,0.2558139534883721,-0.32386250194547755,-0.5920039116030735,-0.03425173747253492,-0.2297919637350513,0.09407053821042631,30.127906976744185,165.86603988157583,0.2961920908590627,0.0
AKEUSD,atr_arm,5,1,5104b68fd7d7,6009,761.0,ok,123.0,5.895157264103845,20.864583333333332,18.0,167.0,10000.0,-1182.4050828830457,8817.594917116956,-11.824050828830456,15.129362985911174,353.89342315600004,-24.6483402729595,-1057.7501787359997,3340.2398940447533,-4522.644976927799,95.43542554413581,-51.39369291963408,119.93373874406394,-56.94091922559632,0.7385589430709096,0.2845528455284553,-0.20270218375615612,-0.42858673320171065,0.045307886598542194,-0.1359708415847533,0.06673134217140274,20.252032520325205,274.50689970130014,0.2094730356506469,0.8130081300813009
AKEUSD,atr_banded,5,1,ddd76a9fda2b,6009,182.0,ok,58.0,2.779830254618073,20.864583333333332,8.0,11.0,10000.0,71.20115440376118,10071.201154403763,0.7120115440376118,5.932312467416386,172.497744332,-13.837898735760803,57.36325566800224,1980.3081284500938,-1909.106974046333,94.30038706905209,-51.59748578503603,101.54394958620182,-58.383752771736894,1.037295528941917,0.3620689655172414,0.02995975083567396,-0.34010161737714717,0.3546820903409328,0.10069863683989828,0.07073888600422436,23.637931034482758,257.511195804036,0.22174391520225542,0.0
AKEUSD,atr_adx,5,1,46cfb055642f,6009,316.0,ok,72.0,3.45082376435347,20.864583333333332,9.0,59.0,10000.0,-357.0206164408421,9642.979383559157,-3.570206164408421,7.934568904602091,211.794523594,-16.3529071531622,-73.28586241000085,2247.817174834685,-2604.837791275527,97.73118151455152,-53.15995492399034,117.53855839668381,-59.728581469108846,0.8629394054260794,0.3194444444444444,-0.09613172826442308,-0.3970337819707176,0.23828496491290885,-0.030304607136263248,0.0658271211281598,20.59722222222222,301.51793491052155,0.20666640931908858,2.7777777777777777
AKEUSD,atr_adx_both,5,1,5af18381228a,6009,170.0,ok,51.0,2.4443334997503747,20.864583333333332,6.0,32.0,10000.0,2.339816310744645,10002.339816310749,0.02339816310744645,4.772071947216309,139.56979584,-9.5836121507487,292.8438653439989,1757.0235019578988,-1754.683685647154,97.61241677543882,-53.17223289839861,117.53855839668381,-60.55814510062426,1.0013334690063422,0.35294117647058826,0.008008655145124357,-0.4040680690365576,0.4043676119210663,0.07079722840369354,0.06278857325856922,25.88235294117647,325.14049280553326,0.19679831816514037,3.9215686274509802
AKEUSD,atr_banded_adx,5,1,57994c89d5b6,6009,40.0,ok,20.0,0.9585621567648528,20.864583333333332,1.0,0.0,10000.0,606.2223138378007,10606.222313837801,6.062223138378007,1.7419793163040125,54.308457148,-6.659770985799798,599.5625428519998,1073.7424059408982,-467.52009210309757,97.61294599462711,-51.94667690034417,108.05317712377885,-56.733796199999794,2.296676493860966,0.55,0.6022985524127898,-0.02334216471215122,1.2113990612357888,0.6689083979628414,0.06660984555005142,28.75,299.6542804444516,0.20810081706265676,0.0
AKEUSD,atr_arm,15,3,6f52cca22769,2002,180.0,ok,27.0,1.2947052947052946,20.854166666666668,0.0,19.0,10000.0,-752.3105103955035,9247.689489604494,-7.523105103955034,7.946647965666616,61.636993335999996,13.201517059503402,-590.0225057259995,372.5186455673127,-1124.8291559628162,93.12966139182818,-48.905615476644186,95.8378308131113,-54.38121781745772,0.3311779780889918,0.14814814814814814,-0.5834334225582514,-0.9464434367817678,-0.14229806120835134,-0.5325285934719253,0.05090482908632586,18.333333333333332,368.4479859638857,0.15960704823208882,3.7037037037037033
AKEUSD,atr_banded,15,3,211009088ad3,2002,51.0,ok,14.0,0.6713286713286712,20.854166666666668,0.0,0.0,10000.0,-138.40337108161071,9861.596628918387,-1.3840337108161072,3.2114190490632586,30.348015714000002,9.4723553676097,-128.93101571400075,385.5620583888092,-523.96542947042,96.3905145972023,-52.39654294704199,97.91107397999993,-58.210881044039255,0.7358540023881018,0.2857142857142857,-0.20057807746872283,-0.8567102383813863,0.4596721773477583,-0.1511424038116722,0.04943567365705063,22.642857142857142,380.26993293225405,0.15466166365923187,0.0
AKEUSD,atr_adx,15,3,202bf6ba8020,2002,62.0,ok,9.0,0.43156843156843155,20.854166666666668,0.0,3.0,10000.0,-185.1332858279744,9814.866714172027,-1.8513328582797437,2.2826589791182963,20.733605825999998,15.6826800019739,-169.45060582599945,184.33763768537418,-369.4709235133485,92.16881884268709,-52.78156050190693,92.80821210669446,-54.92153976165915,0.4989232601377204,0.2222222222222222,-0.4165931578633073,-1.0894460561449129,0.5658251594353598,-0.3646856618691591,0.05190749599414823,15.222222222222221,338.505587882147,0.16194993847666403,0.0
AKEUSD,atr_adx_both,15,3,f332970c01aa,2002,40.0,ok,7.0,0.3356643356643356,20.854166666666668,0.0,3.0,10000.0,-370.21002007036765,9629.789979929634,-3.7021002007036765,3.7021002007036627,20.248460769999998,9.640559300368,-360.56946076999884,0.0,-370.21002007036765,,-52.88714572433823,-50.292894035721986,-54.92153976165915,0.0,0.0,-1.0880163280646928,-1.1139315552628763,-1.0614676162091046,-1.0276781540341149,0.06033817403057774,16.285714285714285,284.9383062911188,0.18988185510890127,0.0
AKEUSD,atr_banded_adx,15,3,aec9aca1a8a6,2002,12.0,ok,1.0,0.04795204795204795,20.854166666666668,0.0,0.0,10000.0,96.05257574294768,10096.052575742948,0.9605257574294769,0.009309644400000252,1.186224872,-0.4148006149476,95.6377751279997,96.05257574294768,0.0,96.05257574294768,,96.05257574294768,96.05257574294768,inf,1.0,1.984065433011404,1.984065433011404,1.984065433011404,2.022525502415684,0.038460069404280095,20.0,410.8156913061023,0.11672245079540716,0.0
AKEUSD,atr_arm,30,6,c1286ae7a972,1000,51.0,ok,4.0,0.192,20.833333333333332,0.0,2.0,10000.0,-180.96344624593718,9819.036553754064,-1.8096344624593717,1.8216034287961331,7.770477920000001,11.442968325937,-169.5204779199994,0.0,-180.96344624593718,,-45.240861561484294,-28.284075326157215,-53.70756019138242,0.0,0.0,-0.9354430571280425,-1.0889392565135165,-0.6980693467460038,-0.8950653600034247,0.04037769712461776,30.0,386.40777803233107,0.125266896601124,0.0
AKEUSD,atr_banded,30,6,ebf2b8df2b76,1000,13.0,ok,2.0,0.096,20.833333333333332,0.0,0.0,10000.0,-85.61201311147414,9914.387986888523,-0.8561201311147414,0.8561201311147669,3.8049338800000005,16.6210792314738,-68.99093388000074,0.0,-85.61201311147414,,-42.80600655573707,-28.284075326157215,-57.32793778531693,0.0,0.0,-0.8828644387469642,-1.1830926569530456,-0.5826362205408828,-0.8431140614730991,0.03975037727386503,48.0,409.43348347094314,0.12294776087585256,0.0
AKEUSD,atr_adx,30,6,dc0355172875,1000,16.0,ok,2.0,0.096,20.833333333333332,0.0,0.0,10000.0,-104.5724945913824,9895.42750540862,-1.045724945913824,1.0457249459138074,3.67856548,4.2579291113824,-100.31456547999915,0.0,-104.5724945913824,,-52.2862472956912,-50.864934399999974,-53.70756019138242,0.0,0.0,-1.08243179854172,-1.120494871722073,-1.0443687253613667,-1.0436263514080615,0.03880544713365837,15.5,418.3737001333743,0.11982753381380443,0.0
AKEUSD,atr_adx_both,30,6,b933a9bd20a9,1000,10.0,ok,1.0,0.048,20.833333333333332,0.0,0.0,10000.0,-53.70756019138242,9946.292439808618,-0.5370756019138242,0.5370756019138208,1.5176310800000001,4.2579291113824,-49.44963108000047,0.0,-53.70756019138242,,-53.70756019138242,-53.70756019138242,-53.70756019138242,0.0,0.0,-1.120494871722073,-1.120494871722073,-1.120494871722073,-1.088042702816123,0.03245216890595008,25.0,486.8703859452389,0.09898080173670655,0.0
AKEUSD,atr_banded_adx,30,6,0e2bbea33141,1000,6.0,ok,0.0,0.0,20.833333333333332,0.0,0.0,10000.0,0.0,10000.0,0.0,0.0,0.0,0.0,0.0,0.0,0.0,,,,,,,,,,,,0.0,,0.0,
AKEUSD,atr_arm,60,12,5487f1778e24,500,14.0,ok,1.0,0.048,20.833333333333332,0.0,0.0,10000.0,-52.518251293379926,9947.48174870662,-0.5251825129337993,0.5251825129338067,1.67481975,0.9184315433800001,-51.59981975000119,0.0,-52.518251293379926,,-52.518251293379926,-52.518251293379926,-52.518251293379926,0.0,0.0,-1.0519429402780172,-1.0519429402780172,-1.0519429402780172,-1.017606225205408,0.034336715072608964,1.0,460.1488513560214,0.1090703182381882,0.0
AKEUSD,atr_banded,60,12,b87917a4e945,500,6.0,ok,0.0,0.0,20.833333333333332,0.0,0.0,10000.0,0.0,10000.0,0.0,0.0,0.0,0.0,0.0,0.0,0.0,,,,,,,,,,,,0.0,,0.0,
AKEUSD,atr_adx,60,12,04beb4cff4c7,500,0.0,ok,0.0,0.0,20.833333333333332,0.0,0.0,10000.0,0.0,10000.0,0.0,0.0,0.0,0.0,0.0,0.0,0.0,,,,,,,,,,,,0.0,,0.0,
AKEUSD,atr_adx_both,60,12,ff025b438234,500,0.0,ok,0.0,0.0,20.833333333333332,0.0,0.0,10000.0,0.0,10000.0,0.0,0.0,0.0,0.0,0.0,0.0,0.0,,,,,,,,,,,,0.0,,0.0,
AKEUSD,atr_banded_adx,60,12,74612893d7d7,500,0.0,ok,0.0,0.0,20.833333333333332,0.0,0.0,10000.0,0.0,10000.0,0.0,0.0,0.0,0.0,0.0,0.0,0.0,,,,,,,,,,,,0.0,,0.0,
AKEUSD,atr_arm,240,48,c9fa0fb9e041,124,,too_short,,,,,,,,,,,,,,,,,,,,,,,,,,,,,,
AKEUSD,atr_banded,240,48,4fa35bae6bb2,124,,too_short,,,,,,,,,,,,,,,,,,,,,,,,,,,,,,
AKEUSD,atr_adx,240,48,2a9f6ce5e0de,124,,too_short,,,,,,,,,,,,,,,,,,,,,,,,,,,,,,
AKEUSD,atr_adx_both,240,48,65d8e682e631,124,,too_short,,,,,,,,,,,,,,,,,,,,,,,,,,,,,,
AKEUSD,atr_banded_adx,240,48,319dc61de91e,124,,too_short,,,,,,,,,,,,,,,,,,,,,,,,,,,,,,
BANKUSD,atr_arm,1,1,56f6ae1069b6,30046,6780.0,ok,432.0,20.7042534780004,20.865277777777777,2727.0,994.0,10000.0,592.7138306663215,10592.713830666302,5.927138306663215,14.798577479911202,1834.980952224,168.99721710968015,761.711047775987,16583.494481770977,-15990.780651104653,103.00307131534768,-59.006570668282855,132.8217170900273,-103.23550932954791,1.0370659721747468,0.3726851851851852,0.032490240633964024,-0.10540735071730445,0.17831251053427805,0.1239444836911231,0.09145424305715905,23.34722222222222,177.72337001817453,0.2885191716521778,0.0
BANKUSD,atr_banded,1,1,32baa03e1582,30046,1829.0,ok,223.0,10.687612327764095,20.865277777777777,808.0,79.0,10000.0,-992.7814857509566,9007.218514249056,-9.927814857509567,21.530704668110022,920.7573564859999,36.7521292649608,-956.0293564859821,7424.783254761248,-8417.564740512205,100.33490884812497,-56.49372309068594,109.58582761275626,-64.9010297238177,0.8820583486607616,0.33183856502242154,-0.08799393270358347,-0.2769400750671025,0.10127657341784853,0.0028243223666522756,0.09081825507023578,21.937219730941703,178.41601392515176,0.2867840002876428,0.0
BANKUSD,atr_adx,1,1,5dbb5b8ed03c,30046,2380.0,ok,255.0,12.221260733541902,20.865277777777777,713.0,358.0,10000.0,1208.3631947283272,11208.363194728327,12.083631947283273,10.74132830491078,1013.937864168,115.5829411036772,1323.9461358320095,10482.846184038852,-9274.482989310527,104.82846184038851,-59.83537412458404,124.16489867931745,-115.58423629622789,1.1302890086834,0.39215686274509803,0.09553909044085013,-0.08594236160379845,0.2841632713345284,0.18082142347701152,0.08528233303616137,26.48235294117647,197.38465334320136,0.2689235107964714,0.0
BANKUSD,atr_adx_both,1,1,050ea75f6207,30046,2380.0,ok,255.0,12.221260733541902,20.865277777777777,713.0,358.0,10000.0,1208.3631947283272,11208.363194728327,12.083631947283273,10.74132830491078,1013.937864168,115.5829411036772,1323.9461358320095,10482.846184038852,-9274.482989310527,104.82846184038851,-59.83537412458404,124.16489867931745,-115.58423629622789,1.1302890086834,0.39215686274509803,0.09553909044085013,-0.08594236160379845,0.2841632713345284,0.18082142347701152,0.08528233303616137,26.48235294117647,197.38465334320136,0.2689235107964714,0.0
BANKUSD,atr_banded_adx,1,1,27bc3723bc0f,30046,424.0,ok,102.0,4.888504293416761,20.865277777777777,140.0,18.0,10000.0,323.29258491577394,10323.292584915782,3.2329258491577395,11.959472810179935,396.28255371,27.7458613742268,351.03844629000923,3974.5799737578573,-3651.287388842083,101.91230701943223,-57.956942680033066,113.23868853318147,-66.60992921838682,1.0885420813228013,0.38235294117647056,0.06868220283200074,-0.2121815967646903,0.3482100319776043,0.153086613567568,0.08440441073556722,24.264705882352942,208.03743820776322,0.2663899117837584,0.0
BANKUSD,atr_arm,5,1,5104b68fd7d7,6009,641.0,ok,103.0,4.9365951073389915,20.864583333333332,2.0,108.0,10000.0,-220.78020714861924,9779.21979285138,-2.207802071486192,7.915026120100767,314.71497475,-17.127767601381503,-237.90797475,3354.5741559185312,-3575.35436306715,95.84497588338661,-52.578740633340445,106.78997956176302,-73.64518174979662,0.9382494195738348,0.33980582524271846,-0.03850362216504251,-0.30938549231868256,0.24943641587657422,0.031970656633718904,0.0704742787987614,24.66990291262136,254.34279954941698,0.22237576839464873,0.0
BANKUSD,atr_banded,5,1,ddd76a9fda2b,6009,133.0,ok,45.0,2.1567648527209187,20.864583333333332,1.0,3.0,10000.0,325.59068875638997,10325.590688756396,3.2559068875638997,4.265080487179438,129.96457013000006,-16.178258886387702,309.41242987000624,1789.2351062573866,-1463.6444175009965,99.40195034763259,-54.209052500036904,109.8105924804334,-70.97800903115215,1.222452041536358,0.4,0.149953705251274,-0.27201122974468306,0.6129513139575917,0.21628200544451787,0.06632830019324391,24.844444444444445,279.54101562500006,0.2093052993088383,0.0
BANKUSD,atr_adx,5,1,46cfb055642f,6009,256.0,ok,53.0,2.54018971542686,20.864583333333332,0.0,43.0,10000.0,666.1651040130284,10666.165104013035,6.661651040130284,3.15090701127411,159.435280066,-15.098384079030001,651.0667199340023,2294.523647532748,-1628.358543519719,99.76189771881512,-54.278618117323965,113.38912126421,-60.257561320000576,1.4091022254675583,0.4339622641509434,0.2498074413415092,-0.1476946961229327,0.6650120114857405,0.31780716226493183,0.06799972092342266,26.660377358490567,269.2119432207547,0.2145774380234892,0.0
BANKUSD,atr_adx_both,5,1,5af18381228a,6009,128.0,ok,38.0,1.8212680978532203,20.864583333333332,0.0,25.0,10000.0,-44.94215820447859,9955.057841795526,-0.44942158204478594,4.4399260351219665,115.98639331400001,-24.388235109521897,-69.33039331399596,1282.1635891175208,-1327.1057473219992,98.62796839365545,-53.08422989287997,116.39715716466324,-70.72833146571473,0.9661352094245931,0.34210526315789475,-0.020321529342503794,-0.45912439968371677,0.45388618278937304,0.04891028103606245,0.06923181037856631,23.157894736842106,263.3237688346328,0.21832065397210645,0.0
BANKUSD,atr_banded_adx,5,1,57994c89d5b6,6009,46.0,ok,17.0,0.8147778332501249,20.864583333333332,1.0,1.0,10000.0,141.80008249442398,10141.80008249442,1.4180008249442397,2.569033875355151,52.866718404000004,-1.0648008984216002,140.73528159600028,703.9277462019448,-562.1276637075208,100.56110660027784,-56.21276637075208,108.06756720296622,-69.69656052306716,1.2522560116667798,0.4117647058823529,0.17494918978284693,-0.5648351913539528,0.9237261514748031,0.24446613740250336,0.06951694761965636,35.8235294117647,233.6130641868896,0.21980769661278643,0.0
BANKUSD,atr_arm,15,3,6f52cca22769,2002,167.0,ok,20.0,0.959040959040959,20.854166666666668,0.0,12.0,10000.0,140.7169131771218,10140.71691317713,1.407169131771218,2.779294182162039,38.877788806000005,16.120298016877708,156.83721119400798,797.3071278623396,-656.5902146852179,99.66339098279245,-54.71585122376816,114.21529769909678,-70.74486845751731,1.2143146669412126,0.4,0.1475389070048076,-0.49909713368868724,0.79124654815735,0.192469260623528,0.044930353618720394,20.8,409.65705707517884,0.14151923497692184,0.0
BANKUSD,atr_banded,15,3,211009088ad3,2002,35.0,ok,5.0,0.23976023976023975,20.854166666666668,0.0,0.0,10000.0,-108.73448967446893,9891.265510325527,-1.0873448967446893,1.5757417344400708,12.757530572,-3.9970408975308,-112.73153057200216,101.10403140586294,-209.83852108033187,101.10403140586294,-52.45963027008297,101.10403140586294,-53.330515836327606,0.48181826141996864,0.2,-0.43526048238101983,-1.0711386970781973,0.8146272042028748,-0.380486205649298,0.05477427673172167,13.2,352.1681997371885,0.17337723787159642,0.0
BANKUSD,atr_adx,15,3,202bf6ba8020,2002,87.0,ok,10.0,0.4795204795204795,20.854166666666668,0.0,4.0,10000.0,210.33680314202562,10210.336803142025,2.1033680314202563,1.744934834248742,20.5850191,19.406177757973502,229.74298090000048,499.60299687824454,-289.266193736219,99.9205993756489,-57.8532387472438,113.29201007161194,-70.9939701070156,1.7271392499250398,0.5,0.4242087145721386,-0.5107391035285542,1.372200413002963,0.472963031150236,0.0487543165780974,27.7,352.4230708923696,0.15372852803253903,0.0
BANKUSD,atr_adx_both,15,3,f332970c01aa,2002,43.0,ok,9.0,0.43156843156843155,20.854166666666668,0.0,2.0,10000.0,115.11322171322632,10115.113221713225,1.1511322171322633,1.760082954739789,17.727299748,13.764478538772806,128.87770025199825,402.6381765411366,-287.5249548279103,100.65954413528415,-57.50499096558205,112.08677592191395,-70.49576680801901,1.4003590637276129,0.4444444444444444,0.2667828531557154,-0.7649021588410743,1.3237989193423518,0.31346389293345545,0.04668103977773996,23.77777777777778,371.9256148770261,0.14699773183853976,0.0
BANKUSD,atr_banded_adx,15,3,aec9aca1a8a6,2002,19.0,ok,2.0,0.0959040959040959,20.854166666666668,0.0,0.0,10000.0,51.08053641850287,10051.080536418505,0.5108053641850286,0.5232062944766949,3.420662076,-5.0151984945027,46.06533792400114,102.32215226617454,-51.241615847671675,102.32215226617454,-51.241615847671675,102.32215226617454,-51.241615847671675,1.99685647248815,0.5,0.5160945014297309,-1.025447585504737,2.0576365883641987,0.5581581806615944,0.04206367923186352,10.5,375.9985374455616,0.13268537411238268,0.0
BANKUSD,atr_arm,30,6,c1286ae7a972,1000,46.0,ok,4.0,0.192,20.833333333333332,0.0,0.0,10000.0,-210.1974478059706,9789.802552194033,-2.101974478059706,2.101974478059674,7.119385200000001,4.934062605970501,-205.26338519999808,0.0,-210.1974478059706,,-52.54936195149265,-50.14025364230403,-57.793536043666556,0.0,0.0,-1.0606361536791216,-1.12794522910545,-1.0162194125915849,-1.0250939488169757,0.035542204862145876,9.5,435.03459205568623,0.11293985262938093,0.0
BANKUSD,atr_banded,30,6,ebf2b8df2b76,1000,6.0,ok,1.0,0.048,20.833333333333332,0.0,0.0,10000.0,-51.70603035999985,9948.29396964,-0.5170603035999985,0.517060303599992,1.8420303599999999,0.0,-51.706030359999204,0.0,-51.70603035999985,,-51.70603035999985,-51.70603035999985,-51.70603035999985,0.0,0.0,-1.0369410869565219,-1.0369410869565219,-1.0369410869565219,-0.99921,0.03773108695652186,3.0,418.7528447883465,0.1196963020628441,0.0
BANKUSD,atr_adx,30,6,dc0355172875,1000,20.0,ok,3.0,0.14400000000000002,20.833333333333332,0.0,0.0,10000.0,-159.06742856597043,9840.93257143403,-1.5906742856597045,1.5906742856596976,5.221365960000001,4.934062605970501,-154.13336596000045,0.0,-159.06742856597043,,-53.02247618865681,-50.14025364230403,-57.793536043666556,0.0,0.0,-1.0679993543307829,-1.1582799431550925,-1.008777032880734,-1.033195265089301,0.03480408924148189,11.0,451.31633932302594,0.1105283485956861,0.0
BANKUSD,atr_adx_both,30,6,b933a9bd20a9,1000,7.0,ok,3.0,0.14400000000000002,20.833333333333332,0.0,0.0,10000.0,-155.36765824110404,9844.632341758896,-1.5536765824110403,1.5536765824110443,5.15115234,1.2505059011040003,-154.11715234000076,0.0,-155.36765824110404,,-51.789219413701346,-50.14025364230403,-54.09376571880015,0.0,0.0,-1.0428921308286345,-1.0829582726486484,-1.008777032880734,-1.0085695013802793,0.03432262944835541,7.333333333333333,470.7379134860065,0.10899675593138551,0.0
BANKUSD,atr_banded_adx,30,6,0e2bbea33141,1000,1.0,ok,1.0,0.048,20.833333333333332,0.0,0.0,10000.0,-51.70603035999985,9948.29396964,-0.5170603035999985,0.517060303599992,1.8420303599999999,0.0,-51.706030359999204,0.0,-51.70603035999985,,-51.70603035999985,-51.70603035999985,-51.70603035999985,0.0,0.0,-1.0369410869565219,-1.0369410869565219,-1.0369410869565219,-0.99921,0.03773108695652186,3.0,418.7528447883465,0.1196963020628441,0.0
BANKUSD,atr_arm,60,12,5487f1778e24,500,14.0,ok,0.0,0.0,20.833333333333332,0.0,0.0,10000.0,0.0,10000.0,0.0,0.0,0.0,0.0,0.0,0.0,0.0,,,,,,,,,,,,0.0,,0.0,
BANKUSD,atr_banded,60,12,b87917a4e945,500,0.0,ok,0.0,0.0,20.833333333333332,0.0,0.0,10000.0,0.0,10000.0,0.0,0.0,0.0,0.0,0.0,0.0,0.0,,,,,,,,,,,,0.0,,0.0,
BANKUSD,atr_adx,60,12,04beb4cff4c7,500,4.0,ok,0.0,0.0,20.833333333333332,0.0,0.0,10000.0,0.0,10000.0,0.0,0.0,0.0,0.0,0.0,0.0,0.0,,,,,,,,,,,,0.0,,0.0,
BANKUSD,atr_adx_both,60,12,ff025b438234,500,4.0,ok,0.0,0.0,20.833333333333332,0.0,0.0,10000.0,0.0,10000.0,0.0,0.0,0.0,0.0,0.0,0.0,0.0,,,,,,,,,,,,0.0,,0.0,
BANKUSD,atr_banded_adx,60,12,74612893d7d7,500,0.0,ok,0.0,0.0,20.833333333333332,0.0,0.0,10000.0,0.0,10000.0,0.0,0.0,0.0,0.0,0.0,0.0,0.0,,,,,,,,,,,,0.0,,0.0,
BANKUSD,atr_arm,240,48,c9fa0fb9e041,124,,too_short,,,,,,,,,,,,,,,,,,,,,,,,,,,,,,
BANKUSD,atr_banded,240,48,4fa35bae6bb2,124,,too_short,,,,,,,,,,,,,,,,,,,,,,,,,,,,,,
BANKUSD,atr_adx,240,48,2a9f6ce5e0de,124,,too_short,,,,,,,,,,,,,,,,,,,,,,,,,,,,,,
BANKUSD,atr_adx_both,240,48,65d8e682e631,124,,too_short,,,,,,,,,,,,,,,,,,,,,,,,,,,,,,
BANKUSD,atr_banded_adx,240,48,319dc61de91e,124,,too_short,,,,,,,,,,,,,,,,,,,,,,,,,,,,,,
BEATUSD,atr_arm,1,1,56f6ae1069b6,314854,62478.0,ok,2309.0,10.560323197418485,218.6486111111111,34535.0,5435.0,10000.0,-6610.687735466142,3388.999095893842,-66.10687735466142,74.54934729918689,5776.273602878,189.0841325881493,-6330.558909714009,37186.35799848287,-43797.04573394901,47.858890602938054,-28.588149956885776,105.33976381472138,-62.806118087873585,0.8490608755754065,0.33650931139021223,-0.08897103029681878,-0.14628097516292352,-0.02999330458925262,0.019669527005094396,0.10864055730191319,22.705933304460807,137.86764705882263,0.3412752635518456,0.08661758336942399
BEATUSD,atr_banded,1,1,32baa03e1582,314854,16555.0,ok,1187.0,5.428801920890318,218.6486111111111,9644.0,430.0,10000.0,-6567.104949661345,3432.5476280886564,-65.67104949661345,69.1444618438365,3511.821755972,1.1431936893259973,-6566.309178222014,21535.686253607833,-28102.79120326918,59.326959376330116,-34.10532913018104,113.48566755981217,-72.72831807476354,0.766318409365067,0.3058129738837405,-0.17703258234283376,-0.2575253511945986,-0.09886060649294175,-0.07146427844235459,0.1055683039004792,23.519797809604043,145.35768645357606,0.3320677305941363,0.0
BEATUSD,atr_adx,1,1,5dbb5b8ed03c,314854,28809.0,ok,1565.0,7.157603206565583,218.6486111111111,13793.0,2557.0,10000.0,-5793.95407594005,4206.045924059925,-57.9395407594005,61.65454730162545,4773.898472582,61.1386033580418,-5663.425129122026,31780.635483425995,-37574.589559366046,61.70997181247766,-35.785323389872424,111.04885874717817,-71.60543413715881,0.8458012677214775,0.329073482428115,-0.10632585306817802,-0.1777426024710879,-0.036481598422201944,-0.0015047469995672406,0.10482110606861078,23.028753993610223,145.61027837259186,0.32989289616662254,0.06389776357827476
BEATUSD,atr_adx_both,1,1,050ea75f6207,314854,28809.0,ok,1565.0,7.157603206565583,218.6486111111111,13793.0,2557.0,10000.0,-5793.95407594005,4206.045924059925,-57.9395407594005,61.65454730162545,4773.898472582,61.1386033580418,-5663.425129122026,31780.635483425995,-37574.589559366046,61.70997181247766,-35.785323389872424,111.04885874717817,-71.60543413715881,0.8458012677214775,0.329073482428115,-0.10632585306817802,-0.1777426024710879,-0.036481598422201944,-0.0015047469995672406,0.10482110606861078,23.028753993610223,145.61027837259186,0.32989289616662254,0.06389776357827476
BEATUSD,atr_banded_adx,1,1,27bc3723bc0f,314854,6140.0,ok,660.0,3.018541927369511,218.6486111111111,2919.0,152.0,10000.0,-5364.95149795917,4635.048502040815,-53.64951497959171,57.79552426542352,2073.505592222,-33.88709426284629,-5398.838592222029,12414.735275212428,-17779.686773171597,65.68643002757898,-37.748804189323984,113.13755201515019,-68.16283328043349,0.6982538800371593,0.2863636363636364,-0.2302294476847354,-0.33386626214284815,-0.12695772583672146,-0.12970480147051033,0.10052464621422508,24.53030303030303,155.27723310096047,0.3166029020095523,0.0
BEATUSD,atr_arm,5,1,5104b68fd7d7,62961,7452.0,ok,876.0,4.007051984561872,218.61458333333334,118.0,944.0,10000.0,-1419.7565385209887,8580.243461479035,-14.197565385209888,29.793772581649524,2475.958927346,-25.028388825006786,-1444.784927345967,25030.369777114734,-26450.12631563572,82.33674268787742,-46.24147957278972,114.61219768902191,-66.6668893792597,0.9463232605554057,0.3470319634703196,-0.029525382024952206,-0.12316265866152194,0.07282366241095223,0.04458871081323414,0.07411409283818635,24.162100456621005,234.3635898078422,0.23351766866315551,0.0
BEATUSD,atr_banded,5,1,ddd76a9fda2b,62961,1965.0,ok,448.0,2.0492685948444276,218.61458333333334,40.0,87.0,10000.0,-1601.7038808050356,8398.296119194967,-16.01703880805036,21.53320373540733,1359.2757103640001,-82.69482955897251,-1684.3987103640047,13063.771346159916,-14665.47522696495,87.67631775946252,-49.04841213031756,113.09520788165396,-63.13930440507329,0.890784045111608,0.3325892857142857,-0.07373891438164366,-0.20688683826456902,0.057114529259738936,0.0010322839787789229,0.07477119836042258,23.265625,227.14240922481397,0.2355840976097266,0.0
BEATUSD,atr_adx,5,1,46cfb055642f,62961,3043.0,ok,485.0,2.218516224329347,218.61458333333334,25.0,365.0,10000.0,-898.9256406661577,9101.074359333852,-8.989256406661578,17.100744132975016,1395.114209364,77.4644313021644,-821.4612093639898,14990.88967333853,-15889.815314004689,88.70348919135225,-50.284225677230026,112.42941780733929,-66.0832323583948,0.9434275589173223,0.34845360824742266,-0.03304855941575825,-0.1566448033777317,0.10440545477038814,0.03636780424316786,0.06941636365892612,25.709278350515465,255.54918502743791,0.21872069014055934,0.0
BEATUSD,atr_adx_both,5,1,5af18381228a,62961,1762.0,ok,336.0,1.5369514461333205,218.61458333333334,12.0,178.0,10000.0,-841.6135056734727,9158.386494326502,-8.416135056734726,18.143509348957497,902.23930931,34.98519636347561,-806.628309310021,9886.108851184197,-10727.722356857666,85.96616392334084,-48.541730121527905,111.66925341870363,-62.579027182459164,0.9215477920030741,0.34226190476190477,-0.046395627468227466,-0.19419911101188106,0.10800119529896551,0.020360412536761564,0.06675604000498903,26.071428571428573,265.1198695549025,0.21028267515960758,0.0
BEATUSD,atr_banded_adx,5,1,57994c89d5b6,62961,632.0,ok,182.0,0.8325153666555486,218.61458333333334,6.0,26.0,10000.0,-862.0988282473675,9137.901171752623,-8.620988282473675,13.917442654796272,538.956789152,-75.9039609046356,-938.0027891520131,5398.999269849456,-6261.098098096823,91.50846220083824,-50.903236569892876,110.63968762012712,-63.523421309530086,0.8623086853551427,0.3241758241758242,-0.09635037647351652,-0.29989156340182826,0.10571558012803697,-0.026785407879002562,0.06956496859451398,22.384615384615383,249.80085421274384,0.21916894383112745,0.0
BEATUSD,atr_arm,15,3,6f52cca22769,20970,2313.0,ok,195.0,0.8927038626609443,218.4375,0.0,129.0,10000.0,-1309.344749717502,8690.655250282507,-13.09344749717502,20.709162127666445,385.849613364,64.730136353506,-1244.614613363985,5138.324937646325,-6447.669687363828,84.23483504338239,-48.1169379654017,106.16506742399129,-77.40410968819171,0.7969274461618959,0.3128205128205128,-0.139572277379543,-0.3261107470221767,0.050145261683316886,-0.09063091470152244,0.04894136267802056,21.620512820512822,374.4524024754882,0.15400126194516173,0.0
BEATUSD,atr_banded,15,3,211009088ad3,20970,564.0,ok,96.0,0.4394849785407725,218.4375,0.0,12.0,10000.0,-1389.3015664561044,8610.698433543886,-13.893015664561045,16.374943021428965,192.03739324600002,82.2551732101069,-1307.0463932459952,2095.766509305102,-3485.0680757612067,83.83066037220408,-49.08546585579165,101.088185254107,-78.59037956847051,0.6013559746167499,0.2604166666666667,-0.3100616091143578,-0.5723330059204494,-0.051522475849694854,-0.2621526574894044,0.047908951624953434,20.65625,374.33112802668825,0.15089691089684173,0.0
BEATUSD,atr_adx,15,3,202bf6ba8020,20970,730.0,ok,71.0,0.325035765379113,218.4375,0.0,23.0,10000.0,-466.7202613172134,9533.279738682771,-4.667202613172134,10.288736517212978,138.58322824200002,-20.70996692478449,-487.4302282420067,1995.4182742507583,-2462.1385355679718,90.70083064776173,-50.247725215672894,103.16204162265633,-58.82838577477027,0.8104411045215417,0.30985915492957744,-0.12936256673640092,-0.43367542112832674,0.19215069060354933,-0.08445304599044216,0.04490952074595885,20.211267605633804,387.54991443240084,0.14114488127272426,0.0
BEATUSD,atr_adx_both,15,3,f332970c01aa,20970,415.0,ok,42.0,0.192274678111588,218.4375,0.0,10.0,10000.0,264.08159040734216,10264.081590407337,2.6408159040734214,6.668665588848984,83.65860300599999,0.457806586659002,264.539396993996,1579.8798745335491,-1315.798284126207,92.93411026667935,-52.631931365048274,106.71935340274793,-57.95878160174396,1.2007006648307899,0.40476190476190477,0.13255269774509024,-0.2867374883180757,0.5857045914077694,0.17877830900518094,0.0462256112600907,19.357142857142858,363.60365989088496,0.14518809043135952,0.0
BEATUSD,atr_banded_adx,15,3,aec9aca1a8a6,20970,138.0,ok,22.0,0.10071530758226037,218.4375,0.0,0.0,10000.0,-77.79312284155279,9922.20687715845,-0.7779312284155279,3.478064149905688,44.06832753399999,-20.8602046924473,-98.65332753399343,689.8479316319332,-767.6410544734861,98.5497045188476,-51.1760702982324,106.3623514412778,-54.84847662000036,0.8986595070857563,0.3181818181818182,-0.06620003385043449,-0.6160197901907891,0.4984064435238774,-0.021209175146722957,0.04499085870371158,19.136363636363637,392.55402547033094,0.14158234581396867,0.0
BEATUSD,atr_arm,30,6,c1286ae7a972,10481,863.0,ok,49.0,0.22440606812327069,218.35416666666666,0.0,14.0,10000.0,340.9153745830857,10340.915374583088,3.409153745830857,6.647871283051465,81.35129936399998,12.101326052915002,353.0167006360007,1769.1410762364674,-1428.2257016533817,84.2448131541175,-51.00806077333506,104.79657342716095,-62.363654971328984,1.2386985293629893,0.42857142857142855,0.14533872692939057,-0.2385262884153825,0.5500479549790108,0.1837187233377918,0.03837999640840121,17.836734693877553,441.0869444905633,0.12046448050741343,0.0
BEATUSD,atr_banded,30,6,ebf2b8df2b76,10481,217.0,ok,19.0,0.0870145978437172,218.35416666666666,0.0,2.0,10000.0,-306.4630861245729,9693.536913875429,-3.064630861245729,5.450167181682634,35.865525478,50.6215606465733,-255.84152547800113,382.03459413385394,-688.4976802584267,63.67243235564232,-52.96136001987898,100.23655066551981,-59.33528650668708,0.5548814543434013,0.3157894736842105,-0.3263496991255819,-0.842813641206509,0.27282322027498035,-0.28494965796217203,0.04140004116340985,14.947368421052632,429.24306535025624,0.1302460127962087,0.0
BEATUSD,atr_adx,30,6,dc0355172875,10481,236.0,ok,15.0,0.06869573513977674,218.35416666666666,0.0,4.0,10000.0,306.30225138497497,10306.30225138497,3.0630225138497496,2.0783288853600865,24.138724514000003,12.700024101025003,319.0022754859983,672.1947956351876,-365.8925442502126,84.02434945439845,-52.270363464316084,104.49911901505028,-54.577172348320055,1.8371371764698017,0.5333333333333333,0.4100503313666565,-0.29307718148748124,1.1336089423547007,0.447841618492211,0.03779128712555467,14.533333333333333,445.44271379990613,0.11842756368708311,0.0
BEATUSD,atr_adx_both,30,6,b933a9bd20a9,10481,138.0,ok,7.0,0.03205800973189581,218.35416666666666,0.0,0.0,10000.0,270.36513975880507,10270.365139758807,2.7036513975880507,1.1203206180884329,11.37394032,11.926919921195102,282.29205968000133,381.27529511549204,-110.91015535668697,76.25505902309841,-55.455077678343486,104.59620930433142,-59.33528650668708,3.437695077509458,0.7142857142857143,0.7859973180001855,-0.20241587858265375,1.6364901600131385,0.8256866586446193,0.03968934064443387,24.857142857142858,445.44271379990613,0.12321777999109353,0.0
BEATUSD,atr_banded_adx,30,6,0e2bbea33141,10481,47.0,ok,4.0,0.018318862703940463,218.35416666666666,0.0,0.0,10000.0,-210.3176521355108,9789.682347864486,-2.103176521355108,2.11490707141786,7.59510661,6.1115455255105005,-204.20610661000137,0.0,-210.3176521355108,,-52.5794130338777,-49.62797378624796,-59.33528650668708,0.0,0.0,-1.0700095530879739,-1.1671670234594889,-1.0042987323236643,-1.0317851791823345,0.03822437390563905,19.0,467.3576953631807,0.12059182802978383,0.0
BEATUSD,atr_arm,60,12,5487f1778e24,5237,184.0,ok,3.0,0.01374832919610464,218.20833333333334,0.0,2.0,10000.0,-6.390178756350835,9993.609821243648,-0.06390178756350835,1.0356980345235207,4.893325354,0.33185340235079996,-6.058325354000772,95.74983070528005,-102.14000946163088,95.74983070528005,-51.07000473081544,95.74983070528005,-51.46595176163085,0.9374370651615093,0.3333333333333333,-0.035183247820745,-1.038275164938737,1.965348851685788,0.0017849997785120604,0.036968247599257036,6.666666666666667,421.50007945336125,0.11550609391515486,0.0
BEATUSD,atr_banded,60,12,b87917a4e945,5237,50.0,ok,2.0,0.009165552797403094,218.20833333333334,0.0,0.0,10000.0,-102.14000946163088,9897.859990538367,-1.0214000946163089,1.0214000946163289,3.66011898,-0.16610951836920004,-102.30611898000097,0.0,-102.14000946163088,,-51.07000473081544,-50.67405770000004,-51.46595176163085,0.0,0.0,-1.0354492975740115,-1.038275164938737,-1.0326234302092858,-0.9991235722475,0.03632572532651135,6.5,435.3970230386192,0.114244779640986,0.0
BEATUSD,atr_adx,60,12,04beb4cff4c7,5237,47.0,ok,0.0,0.0,218.20833333333334,0.0,0.0,10000.0,0.0,10000.0,0.0,0.0,0.0,0.0,0.0,0.0,0.0,,,,,,,,,,,,0.0,,0.0,
BEATUSD,atr_adx_both,60,12,ff025b438234,5237,29.0,ok,0.0,0.0,218.20833333333334,0.0,0.0,10000.0,0.0,10000.0,0.0,0.0,0.0,0.0,0.0,0.0,0.0,,,,,,,,,,,,0.0,,0.0,
BEATUSD,atr_banded_adx,60,12,74612893d7d7,5237,4.0,ok,0.0,0.0,218.20833333333334,0.0,0.0,10000.0,0.0,10000.0,0.0,0.0,0.0,0.0,0.0,0.0,0.0,,,,,,,,,,,,0.0,,0.0,
BEATUSD,atr_arm,240,48,c9fa0fb9e041,1308,0.0,ok,0.0,0.0,218.0,0.0,0.0,10000.0,0.0,10000.0,0.0,0.0,0.0,0.0,0.0,0.0,0.0,,,,,,,,,,,,0.0,,0.0,
BEATUSD,atr_banded,240,48,4fa35bae6bb2,1308,0.0,ok,0.0,0.0,218.0,0.0,0.0,10000.0,0.0,10000.0,0.0,0.0,0.0,0.0,0.0,0.0,0.0,,,,,,,,,,,,0.0,,0.0,
BEATUSD,atr_adx,240,48,2a9f6ce5e0de,1308,0.0,ok,0.0,0.0,218.0,0.0,0.0,10000.0,0.0,10000.0,0.0,0.0,0.0,0.0,0.0,0.0,0.0,,,,,,,,,,,,0.0,,0.0,
BEATUSD,atr_adx_both,240,48,65d8e682e631,1308,0.0,ok,0.0,0.0,218.0,0.0,0.0,10000.0,0.0,10000.0,0.0,0.0,0.0,0.0,0.0,0.0,0.0,,,,,,,,,,,,0.0,,0.0,
BEATUSD,atr_banded_adx,240,48,319dc61de91e,1308,0.0,ok,0.0,0.0,218.0,0.0,0.0,10000.0,0.0,10000.0,0.0,0.0,0.0,0.0,0.0,0.0,0.0,,,,,,,,,,,,0.0,,0.0,
BTCUSD,atr_arm,1,1,56f6ae1069b6,847204,197476.0,ok,31.0,0.05269096935330806,588.3361111111111,196651.0,61.0,10000.0,58.37224222142959,10058.372242221425,0.5837224222142958,2.462137120611078,175.313463991,2.8982937875704002,61.270536008994895,1127.562857149,-1069.1906149275706,93.96357142908333,-56.27319025934582,96.625435275,-59.87608240222,1.054594794797543,0.3870967741935484,0.044945161511252475,-0.4474930754970667,0.5387898425416957,0.17732545370763003,0.1323802921963776,87.25806451612904,115.67730215310856,0.4146180860028207,0.0
BTCUSD,atr_banded,1,1,32baa03e1582,847204,56343.0,ok,5.0,0.008498543444081946,588.3361111111111,56207.0,2.0,10000.0,22.528803220642203,10022.528803220643,0.22528803220642205,1.6795368284760315,24.366763870000007,0.3509329093578,22.87973613000031,189.287655315,-166.7588520943578,94.6438276575,-55.5862840314526,95.09432088300001,-56.119214760000006,1.135098094869918,0.4,0.10042131203054457,-1.1171757808401064,1.3189592607152811,0.21375394626741465,0.11333263423687016,260.4,140.43281198057292,0.35534527902986107,0.0
BTCUSD,atr_adx,1,1,5dbb5b8ed03c,847204,83936.0,ok,29.0,0.04929155197567528,588.3361111111111,83479.0,51.0,10000.0,174.469737412034,10174.469737412031,1.7446973741203398,2.4514518537831496,162.23156399,2.9391985979660005,177.40893600999698,1136.430628835,-961.9608914229661,94.70255240291668,-56.58593478958625,97.37454916799999,-60.731455007966005,1.181368846662729,0.41379310344827586,0.1268730749969521,-0.400081261898305,0.654781923261769,0.25851277909494014,0.13163970409798803,88.93103448275862,115.82149055728352,0.41233960572729417,0.0
BTCUSD,atr_adx_both,1,1,050ea75f6207,847204,83936.0,ok,29.0,0.04929155197567528,588.3361111111111,83479.0,51.0,10000.0,174.469737412034,10174.469737412031,1.7446973741203398,2.4514518537831496,162.23156399,2.9391985979660005,177.40893600999698,1136.430628835,-961.9608914229661,94.70255240291668,-56.58593478958625,97.37454916799999,-60.731455007966005,1.181368846662729,0.41379310344827586,0.1268730749969521,-0.400081261898305,0.654781923261769,0.25851277909494014,0.13163970409798803,88.93103448275862,115.82149055728352,0.41233960572729417,0.0
BTCUSD,atr_banded_adx,1,1,27bc3723bc0f,847204,18049.0,ok,4.0,0.006798834755265556,588.3361111111111,18004.0,0.0,10000.0,78.64801798064221,10078.648017980642,0.786480179806422,1.1235814103390223,18.329549110000002,0.3509329093578,78.99895088999983,189.287655315,-110.6396373343578,94.6438276575,-55.3198186671789,95.09432088300001,-55.831073715,1.710848479582091,0.5,0.40566328973268173,-1.1127894322696303,1.9241160117349938,0.5173899328342684,0.11172664310158667,324.0,142.70602370937922,0.348098500368083,0.0
BTCUSD,atr_arm,5,1,5104b68fd7d7,169474,25212.0,ok,110.0,0.1869313286993875,588.4513888888889,23971.0,157.0,10000.0,-366.660173243314,9633.339826756692,-3.66660173243314,5.829069306789083,596.860400033,-10.86922678968605,-377.52940003300137,3436.712557181354,-3803.3727304246677,85.91781392953385,-54.33389614892383,100.6963769693312,-60.284411952562,0.9035960450811841,0.36363636363636365,-0.06344967577891185,-0.3331828156256206,0.20345435509201448,0.06298524420523559,0.1264349199841474,60.1,117.78673588139486,0.39636442226007323,0.0
BTCUSD,atr_banded,5,1,ddd76a9fda2b,169474,6778.0,ok,24.0,0.040785017170775456,588.4513888888889,6669.0,7.0,10000.0,24.246143016454482,10024.246143016457,0.2424614301645448,2.1653618303030577,128.132382926,-11.3550259424545,12.891117074001158,860.6085385395945,-836.3623955231401,95.62317094884384,-55.757493034876006,100.6963769693312,-57.8703541,1.0289899966165845,0.375,0.02714820686508553,-0.500289473627231,0.6603060400077108,0.15051398735431964,0.12336578048923415,56.875,124.98010697722648,0.3874061976781116,0.0
BTCUSD,atr_adx,5,1,46cfb055642f,169474,9955.0,ok,92.0,0.15634256582130593,588.4513888888889,9401.0,90.0,10000.0,-62.936464383891035,9937.063535616107,-0.6293646438389103,5.984578037092464,504.40412991700003,-15.559665533108898,-78.49612991700087,3101.592835826514,-3164.529300210405,91.22331870077983,-54.56085000362767,102.269757859477,-58.4476623602928,0.980111903410183,0.3695652173913043,-0.009499450839223867,-0.3147734542132057,0.2823413030862182,0.11658058511549449,0.1260800359547183,57.90217391304348,117.84738950446825,0.3948919224081509,0.0
BTCUSD,atr_adx_both,5,1,5af18381228a,169474,5652.0,ok,75.0,0.1274531786586733,588.4513888888889,5362.0,51.0,10000.0,688.5168754725515,10688.516875472547,6.885168754725515,3.5208218822876116,432.1770355509999,-19.79091102355155,668.7259644490023,3179.974662235201,-2491.457786762649,96.36286855258184,-59.32042349434879,108.56328142006019,-63.0863657222208,1.2763510098909592,0.44,0.18645509602390303,-0.15962586618694233,0.5237093354040325,0.31399589250221893,0.12754079647831587,53.56,117.70415213528986,0.39975485323752324,0.0
BTCUSD,atr_banded_adx,5,1,57994c89d5b6,169474,1942.0,ok,19.0,0.03228813859353057,588.4513888888889,1896.0,1.0,10000.0,6.47629403408245,10006.476294034086,0.0647629403408245,2.172272242902124,99.63627393699998,-11.83806797108245,-5.361773936998361,670.5131284572225,-664.0368344231401,95.78758977960321,-55.33640286859501,99.1229960791854,-57.723552125000005,1.009752913842059,0.3684210526315789,0.012073679270503051,-0.6357688318010899,0.6789072983552925,0.13302261660308404,0.12094893733258107,66.52631578947368,127.6909224850618,0.3797569209242412,0.0
BTCUSD,atr_arm,15,3,6f52cca22769,56491,8215.0,ok,242.0,0.41125134977253014,588.4479166666666,6425.0,345.0,10000.0,-1481.8138242880086,8518.186175711991,-14.818138242880085,18.55263329924587,1260.5196049699998,-23.9892806819913,-1505.8031049700094,6219.324118643081,-7701.137942931091,74.03957284098907,-48.74137938563982,97.5927912093027,-57.83429452,0.8075850821957847,0.34710743801652894,-0.12923538926151026,-0.29028697060141284,0.03283015978727987,-0.004784860006883091,0.12445052925462718,36.6198347107438,121.0503895022593,0.3892625715193988,0.0
BTCUSD,atr_banded,15,3,211009088ad3,56491,2155.0,ok,80.0,0.1359508594289356,588.4479166666666,1891.0,13.0,10000.0,-299.6076054105416,9700.392394589468,-2.996076054105416,7.006377684538774,431.114171609,-19.808066198458352,-319.41567160899285,2443.0855102952455,-2742.6931157057875,84.24432794121536,-53.77829638638799,99.0207547095525,-59.591827980000005,0.8907615278957511,0.3625,-0.06973782433158134,-0.37431594790235895,0.2283345037560596,0.05024316436102623,0.11998098869260758,35.7125,129.65686341824158,0.37596091891039357,0.0
BTCUSD,atr_adx,15,3,202bf6ba8020,56491,3729.0,ok,175.0,0.2973925050007966,588.4479166666666,2796.0,189.0,10000.0,-1850.230252001978,8149.769747998026,-18.502302520019782,19.67573587144571,867.8544068159999,-15.466654814021553,-1865.6969068160033,3848.4982379130424,-5698.728489915021,69.97269523478259,-47.48940408262517,95.89755907559154,-57.453331618764004,0.6753257756925407,0.3142857142857143,-0.23207272890396188,-0.4210423709644721,-0.04008842887398265,-0.11035251086944645,0.12172021803451541,37.245714285714286,123.27683324303638,0.38102656060066337,0.0
BTCUSD,atr_adx_both,15,3,f332970c01aa,56491,2077.0,ok,141.0,0.23961338974349897,588.4479166666666,1570.0,101.0,10000.0,-1160.332636910511,8839.667363089491,-11.603326369105108,15.13032199799946,710.5328802930001,-15.038243382489101,-1175.3708802930123,3434.1155769718407,-4594.448213882351,73.06628887174129,-48.87710865832289,94.95874958400002,-57.453331618764004,0.7474489682124377,0.3333333333333333,-0.1734988969917164,-0.3821474354108625,0.034175073554304984,-0.051910103904190166,0.12158879308752626,37.198581560283685,124.79964627203891,0.38057162971303443,0.0
BTCUSD,atr_banded_adx,15,3,aec9aca1a8a6,56491,694.0,ok,57.0,0.0968649873431166,588.4479166666666,565.0,4.0,10000.0,-16.749484687365253,9983.250515312646,-0.16749484687365254,3.831670971191613,302.51334328300004,-2.35685859563485,-19.106343282992384,1945.252823907264,-1962.002308594629,92.63108685272685,-54.50006412762858,98.96838352347,-58.9566467143535,0.9914630657599162,0.3684210526315789,0.00026836721742132984,-0.3833458368737548,0.3922837970461697,0.12049896778731935,0.120230600569898,30.82456140350877,128.6095439259609,0.3763418477338867,0.0
BTCUSD,atr_arm,30,6,c1286ae7a972,28245,3990.0,ok,306.0,0.5200212426978226,588.4375,2328.0,443.0,10000.0,-1519.9564743606918,8480.043525639332,-15.199564743606919,21.917368882129633,1496.2615738660002,-10.46509950530825,-1530.4215738659786,7416.6298529713895,-8936.586327332081,66.21990940153026,-46.064877975938565,98.19423295856889,-58.1488022214144,0.8299175525544934,0.3660130718954248,-0.10514436849406468,-0.25425702615474416,0.0412910918963238,0.014606592924207434,0.11975096141827211,22.99673202614379,127.08343359130343,0.37425977895239315,0.0
BTCUSD,atr_banded,30,6,ebf2b8df2b76,28245,1111.0,ok,109.0,0.1852363250132767,588.4375,759.0,28.0,10000.0,252.36198849112418,10252.361988491126,2.5236198849112417,6.372821600822505,589.0547948860001,0.6007166228758551,252.96270511400144,3590.4439767227527,-3338.081988231628,83.49869713308728,-50.57699982169134,105.72286953471301,-64.13873868948521,1.0756008957781216,0.3944954128440367,0.05130689168160325,-0.19553659091098963,0.3009509242891414,0.16837395232071048,0.11706706063910725,24.495412844036696,128.1889693725487,0.3664723460389946,0.0
BTCUSD,atr_adx,30,6,dc0355172875,28245,1944.0,ok,208.0,0.3534784917684546,588.4375,1034.0,201.0,10000.0,-2226.0962793787467,7773.903720621249,-22.260962793787467,24.557222505063315,953.911590207,-4.117310828253502,-2230.2135902069977,4036.6763026479166,-6262.772582026662,61.16176216133207,-44.1040322677934,96.7926405603152,-56.790353814400504,0.6445509955499021,0.3173076923076923,-0.242268549395172,-0.3967433250155631,-0.07407840816023586,-0.12511953805646853,0.11714901133870347,23.509615384615383,128.86880275887452,0.3660549635978679,0.0
BTCUSD,atr_adx_both,30,6,b933a9bd20a9,28245,1145.0,ok,166.0,0.28210302708443974,588.4375,626.0,109.0,10000.0,-1808.75595971413,8191.244040285861,-18.0875595971413,19.557669349416003,788.538958204,13.489001510129903,-1795.2669582040053,3405.299509094131,-5214.055468808261,63.06110202026168,-46.554066685788044,96.7926405603152,-56.790353814400504,0.6530999774485436,0.3253012048192771,-0.23836264268206084,-0.4185819445822921,-0.05678274968393117,-0.12301047640363112,0.11535216627842972,24.77710843373494,131.96392961426707,0.36088785829632986,0.0
BTCUSD,atr_banded_adx,30,6,0e2bbea33141,28245,396.0,ok,61.0,0.10366436537440255,588.4375,235.0,8.0,10000.0,-47.17676491904788,9952.823235080947,-0.4717676491904788,4.819069128083672,305.468479181,-3.5982142619521973,-50.77497918099834,1811.0223036314992,-1858.199068550547,86.23915731578568,-46.45497671376368,100.758937322878,-60.438426842014906,0.9746115657264605,0.3442622950819672,-0.00813955582873044,-0.3369991307265965,0.321102844796189,0.10333790723163212,0.11147746306036259,25.327868852459016,135.90866437284956,0.3487872466590655,0.0
BTCUSD,atr_arm,60,12,5487f1778e24,14122,2003.0,ok,329.0,0.5591276023226173,588.4166666666666,575.0,491.0,10000.0,-2065.9501868226134,7934.049813177389,-20.659501868226133,24.02646854946468,1509.9652186839999,4.22346813861329,-2061.72671868398,6520.337366722335,-8586.28755354495,53.445388251822415,-41.47965001712536,99.2276234613202,-57.4949541852384,0.7593895878819406,0.3708206686930091,-0.13956230399133113,-0.26280488649831785,-0.011260407423713344,-0.02954168339398228,0.11002062059734881,14.975683890577507,138.33982978527112,0.34353003725458214,0.0
BTCUSD,atr_banded,60,12,b87917a4e945,14122,505.0,ok,131.0,0.22263135533210596,588.4166666666666,183.0,39.0,10000.0,-680.4568717488276,9319.543128251169,-6.804568717488276,7.33963946042115,626.765678724,-6.489306975172405,-686.9461787240016,2657.2279747722164,-3337.684846521044,52.10250930925915,-41.72106058151305,97.05750621239662,-56.2971426397126,0.7961290825710865,0.3893129770992366,-0.10628353519240269,-0.295811589316385,0.08889747930271251,-0.00037460202965531507,0.10590893316274735,15.67175572519084,144.84379823179756,0.3309870296177861,0.0
BTCUSD,atr_adx,60,12,04beb4cff4c7,14122,1041.0,ok,224.0,0.3806826228579522,588.4166666666666,224.0,236.0,10000.0,-1563.8264454542675,8436.173554545743,-15.638264454542675,18.8065868082645,1046.342260368,12.502185086267644,-1551.3242603679992,4709.668380952293,-6273.4948264065615,58.87085476190366,-43.56593629449001,98.3476288542297,-57.477309952709504,0.7507248369964746,0.35714285714285715,-0.15007914485625357,-0.29829567868303536,-0.0007238266209276999,-0.04284129536338851,0.10723784949286504,14.758928571428571,141.46921138754044,0.33482717126690165,0.0
BTCUSD,atr_adx_both,60,12,ff025b438234,14122,614.0,ok,177.0,0.3008072510975783,588.4166666666666,117.0,132.0,10000.0,-1178.583166961491,8821.416833038524,-11.785831669614911,15.528730808857235,829.258291567,-14.081124605508752,-1192.6642915670018,3794.2873042283572,-4972.87047118985,58.37365083428242,-44.40062920705223,97.69148356221761,-58.4033623112322,0.7629974129047654,0.3672316384180791,-0.13995385582894052,-0.3105374747860387,0.027836599751210302,-0.034772378363404105,0.10518147746553637,14.966101694915254,143.74938039060177,0.32841003605361024,0.0
BTCUSD,atr_banded_adx,60,12,74612893d7d7,14122,220.0,ok,78.0,0.13255912760232264,588.4166666666666,49.0,17.0,10000.0,-423.08810095404226,9576.911899045952,-4.230881009540423,5.092428654276046,360.05812233100005,4.193478623042204,-418.89462233100494,1566.499132239758,-1989.5872331937999,52.216637741325265,-41.44973402487083,97.4323483637992,-56.829240414455604,0.7873488058752385,0.38461538461538464,-0.10721088728150832,-0.34383201958963855,0.14470170809222432,-0.006066045240314322,0.10114484204119402,15.782051282051283,148.9916017557262,0.31553148629102035,0.0
BTCUSD,atr_arm,240,48,c9fa0fb9e041,3530,494.0,ok,122.0,0.2073654390934844,588.3333333333334,1.0,173.0,10000.0,298.23575943769913,10289.59447151583,2.9823575943769915,3.997177524817957,385.04376829200004,-11.215027729699244,284.0756282979946,3567.5982805115586,-3269.3625210738596,66.06663482428813,-48.07886060402735,111.27473055275,-63.1884399588075,1.091221379554978,0.4426229508196721,0.054269893635548704,-0.16467205470177196,0.2740502006523107,0.12371167817013959,0.06944178453459086,11.598360655737705,240.9934598551485,0.21537596422471533,0.0
BTCUSD,atr_banded,240,48,4fa35bae6bb2,3530,134.0,ok,58.0,0.09858356940509914,588.3333333333334,0.0,12.0,10000.0,-210.23178373862663,9789.768216261387,-2.1023178373862663,4.743638245314584,184.53069992500002,-26.460916186373357,-236.6926999249954,1482.2900113870912,-1692.521795125718,64.44739179943875,-48.357765575020515,100.159538979801,-58.33161097531615,0.8757878425293714,0.39655172413793105,-0.07008301253138573,-0.3608349742290477,0.23837070909450425,-0.0006951758603920622,0.06938783667099364,12.517241379310345,233.3780308942429,0.21467164900530075,0.0
BTCUSD,atr_adx,240,48,2a9f6ce5e0de,3530,240.0,ok,71.0,0.1206798866855524,588.3333333333334,0.0,60.0,10000.0,465.7501968665041,10465.750196866507,4.657501968665041,2.0951371319273786,211.825987636,-13.309184502503946,452.44101236400456,2300.8155731400193,-1835.065376273515,67.6710462688241,-49.596361520905816,109.061353304079,-65.3455462066852,1.2538057787414134,0.4788732394366197,0.138133949220652,-0.1671258433639698,0.4310288695419563,0.20304292839718963,0.06490897917653761,12.183098591549296,248.19635645248007,0.20106720347741394,0.0
BTCUSD,atr_adx_both,240,48,65d8e682e631,3530,154.0,ok,58.0,0.09858356940509914,588.3333333333334,0.0,37.0,10000.0,537.5970576341804,10537.59705763419,5.375970576341803,2.592331019018949,169.09292411700002,-29.451981751180252,508.1450758830033,1930.110771481604,-1392.5137138474236,68.93252755291442,-46.41712379491412,106.5000427755601,-58.95896637793491,1.386062307529335,0.4827586206896552,0.18861897311794332,-0.13195576732531966,0.5167325561179005,0.25313194766596986,0.06451297454802653,12.724137931034482,248.02702083389812,0.19926008642697715,0.0
BTCUSD,atr_banded_adx,240,48,319dc61de91e,3530,54.0,ok,24.0,0.040793201133144476,588.3333333333334,0.0,4.0,10000.0,-124.36874984674577,9875.631250153257,-1.2436874984674577,3.3965091801665195,69.950524972,-19.244275125254198,-143.6130249719954,541.4256435208551,-665.7943933676011,60.15840483565057,-44.386292891173404,96.9098865836892,-55.60148810471545,0.8132024674799583,0.375,-0.10352508543966887,-0.5286149330959623,0.33144052828375986,-0.03917457876900917,0.06435050667065974,13.5,246.58557215989043,0.19970068509192118,0.0
DOGEUSD,atr_arm,1,1,56f6ae1069b6,1435,295.0,ok,0.0,0.0,0.9965277777777778,183.0,0.0,10000.0,0.0,9997.589142085268,0.0,0.029875769699992817,0.0,0.0,-2.9875769699992816,0.0,0.0,,,,,,,,,,,,0.0,,0.0,
DOGEUSD,atr_banded,1,1,32baa03e1582,1435,69.0,ok,0.0,0.0,0.9965277777777778,69.0,0.0,10000.0,0.0,10000.0,0.0,0.0,0.0,0.0,0.0,0.0,0.0,,,,,,,,,,,,0.0,,0.0,
DOGEUSD,atr_adx,1,1,5dbb5b8ed03c,1435,107.0,ok,0.0,0.0,0.9965277777777778,59.0,0.0,10000.0,0.0,9997.589142085268,0.0,0.029875769699992817,0.0,0.0,-2.9875769699992816,0.0,0.0,,,,,,,,,,,,0.0,,0.0,
DOGEUSD,atr_adx_both,1,1,050ea75f6207,1435,107.0,ok,0.0,0.0,0.9965277777777778,59.0,0.0,10000.0,0.0,9997.589142085268,0.0,0.029875769699992817,0.0,0.0,-2.9875769699992816,0.0,0.0,,,,,,,,,,,,0.0,,0.0,
DOGEUSD,atr_banded_adx,1,1,27bc3723bc0f,1435,18.0,ok,0.0,0.0,0.9965277777777778,18.0,0.0,10000.0,0.0,10000.0,0.0,0.0,0.0,0.0,0.0,0.0,0.0,,,,,,,,,,,,0.0,,0.0,
DOGEUSD,atr_arm,5,1,5104b68fd7d7,287,,too_short,,,,,,,,,,,,,,,,,,,,,,,,,,,,,,
DOGEUSD,atr_banded,5,1,ddd76a9fda2b,287,,too_short,,,,,,,,,,,,,,,,,,,,,,,,,,,,,,
DOGEUSD,atr_adx,5,1,46cfb055642f,287,,too_short,,,,,,,,,,,,,,,,,,,,,,,,,,,,,,
DOGEUSD,atr_adx_both,5,1,5af18381228a,287,,too_short,,,,,,,,,,,,,,,,,,,,,,,,,,,,,,
DOGEUSD,atr_banded_adx,5,1,57994c89d5b6,287,,too_short,,,,,,,,,,,,,,,,,,,,,,,,,,,,,,
DOGEUSD,atr_arm,15,3,6f52cca22769,95,,too_short,,,,,,,,,,,,,,,,,,,,,,,,,,,,,,
DOGEUSD,atr_banded,15,3,211009088ad3,95,,too_short,,,,,,,,,,,,,,,,,,,,,,,,,,,,,,
DOGEUSD,atr_adx,15,3,202bf6ba8020,95,,too_short,,,,,,,,,,,,,,,,,,,,,,,,,,,,,,
DOGEUSD,atr_adx_both,15,3,f332970c01aa,95,,too_short,,,,,,,,,,,,,,,,,,,,,,,,,,,,,,
DOGEUSD,atr_banded_adx,15,3,aec9aca1a8a6,95,,too_short,,,,,,,,,,,,,,,,,,,,,,,,,,,,,,
DOGEUSD,atr_arm,30,6,c1286ae7a972,47,,too_short,,,,,,,,,,,,,,,,,,,,,,,,,,,,,,
DOGEUSD,atr_banded,30,6,ebf2b8df2b76,47,,too_short,,,,,,,,,,,,,,,,,,,,,,,,,,,,,,
DOGEUSD,atr_adx,30,6,dc0355172875,47,,too_short,,,,,,,,,,,,,,,,,,,,,,,,,,,,,,
DOGEUSD,atr_adx_both,30,6,b933a9bd20a9,47,,too_short,,,,,,,,,,,,,,,,,,,,,,,,,,,,,,
DOGEUSD,atr_banded_adx,30,6,0e2bbea33141,47,,too_short,,,,,,,,,,,,,,,,,,,,,,,,,,,,,,
DOGEUSD,atr_arm,60,12,5487f1778e24,24,,too_short,,,,,,,,,,,,,,,,,,,,,,,,,,,,,,
DOGEUSD,atr_banded,60,12,b87917a4e945,24,,too_short,,,,,,,,,,,,,,,,,,,,,,,,,,,,,,
DOGEUSD,atr_adx,60,12,04beb4cff4c7,24,,too_short,,,,,,,,,,,,,,,,,,,,,,,,,,,,,,
DOGEUSD,atr_adx_both,60,12,ff025b438234,24,,too_short,,,,,,,,,,,,,,,,,,,,,,,,,,,,,,
DOGEUSD,atr_banded_adx,60,12,74612893d7d7,24,,too_short,,,,,,,,,,,,,,,,,,,,,,,,,,,,,,
DOGEUSD,atr_arm,240,48,c9fa0fb9e041,6,,too_short,,,,,,,,,,,,,,,,,,,,,,,,,,,,,,
DOGEUSD,atr_banded,240,48,4fa35bae6bb2,6,,too_short,,,,,,,,,,,,,,,,,,,,,,,,,,,,,,
DOGEUSD,atr_adx,240,48,2a9f6ce5e0de,6,,too_short,,,,,,,,,,,,,,,,,,,,,,,,,,,,,,
DOGEUSD,atr_adx_both,240,48,65d8e682e631,6,,too_short,,,,,,,,,,,,,,,,,,,,,,,,,,,,,,
DOGEUSD,atr_banded_adx,240,48,319dc61de91e,6,,too_short,,,,,,,,,,,,,,,,,,,,,,,,,,,,,,
ETHUSD,atr_arm,1,1,56f6ae1069b6,847218,199330.0,ok,136.0,0.2311565618294229,588.3458333333333,195855.0,288.0,10000.0,420.24229612385335,10420.242296123863,4.2024229612385335,6.384835621347959,760.7255361460001,-1.4873322698617002,418.75496385399856,5214.189860163483,-4793.94756403963,98.38094075780157,-57.75840438601964,106.81786024426023,-63.529971120000155,1.0876610122472292,0.3897058823529412,0.0661096173302289,-0.1714299162429011,0.307604125907097,0.19184446674161224,0.1257348494113833,93.69117647058823,120.17867391636179,0.39667351477858004,0.0
ETHUSD,atr_banded,1,1,32baa03e1582,847218,55274.0,ok,31.0,0.052690098652294924,588.3458333333333,54939.0,6.0,10000.0,72.47618721167672,10072.47618721168,0.7247618721167671,2.260233931049988,173.82695509,-4.886642301672451,67.58954491000623,1149.909040766892,-1077.4328535552152,95.825753397241,-56.706992292379745,98.98484862799991,-58.25589718500019,1.0672674746946194,0.3870967741935484,0.05235622391921576,-0.4423564858523544,0.5532058081666279,0.18115091083361506,0.1287946869143992,87.19354838709677,116.02655581063502,0.4065498260306927,0.0
ETHUSD,atr_adx,1,1,5dbb5b8ed03c,847218,82964.0,ok,122.0,0.20736103340580583,588.3458333333333,81253.0,228.0,10000.0,457.50170306778534,10457.501703067785,4.575017030677853,4.357714719656735,666.328987184,-1.2391902517939994,456.26251281598707,4691.965371850062,-4234.463668782277,97.74927858020963,-57.222482010571305,104.79287711166762,-61.85392180000015,1.108042420210291,0.39344262295081966,0.07973396078019003,-0.17401373751142005,0.3512570027115141,0.2036861711600099,0.12395221037981988,102.31147540983606,122.45187388552614,0.3908495905197019,0.0
ETHUSD,atr_adx_both,1,1,050ea75f6207,847218,82964.0,ok,122.0,0.20736103340580583,588.3458333333333,81253.0,228.0,10000.0,457.50170306778534,10457.501703067785,4.575017030677853,4.357714719656735,666.328987184,-1.2391902517939994,456.26251281598707,4691.965371850062,-4234.463668782277,97.74927858020963,-57.222482010571305,104.79287711166762,-61.85392180000015,1.108042420210291,0.39344262295081966,0.07973396078019003,-0.17401373751142005,0.3512570027115141,0.2036861711600099,0.12395221037981988,102.31147540983606,122.45187388552614,0.3908495905197019,0.0
ETHUSD,atr_banded_adx,1,1,27bc3723bc0f,847218,16542.0,ok,23.0,0.03909265383879946,588.3458333333333,16421.0,3.0,10000.0,225.49000247710413,10225.490002477107,2.2549000247710413,1.7084275748754552,123.51411861000001,-4.89962108710125,220.59038139000586,961.9308505120314,-736.4408480349274,96.19308505120314,-56.649296002686725,99.4797728711399,-58.799342789999315,1.306188885473677,0.43478260869565216,0.20137385659429372,-0.338471380752824,0.864779737056911,0.3266670539979385,0.12529319740364467,105.56521739130434,122.70280511317452,0.3949959345024547,0.0
ETHUSD,atr_arm,5,1,5104b68fd7d7,169475,23918.0,ok,424.0,0.7205310517775484,588.4548611111111,20542.0,571.0,10000.0,-1729.413395795295,8270.586604204686,-17.29413395795295,22.050180630362973,2231.176034301,-5.375638505740852,-1734.7890343010513,13054.097718932182,-14783.51111472748,88.20336296575799,-53.56344606785319,100.28377671300014,-59.98373595000059,0.8830174116030908,0.3490566037735849,-0.08473768072498003,-0.21936466560498236,0.05146814765763949,0.039169636342125475,0.12390731706710555,41.9622641509434,122.27484391739489,0.39095436469405026,0.0
ETHUSD,atr_banded,5,1,ddd76a9fda2b,169475,6103.0,ok,112.0,0.19032895707331465,588.4548611111111,5682.0,21.0,10000.0,-679.3119113279756,9320.68808867202,-6.793119113279757,10.477808095875464,579.653217924,-19.520806596017994,-698.8327179240059,3360.7287475725493,-4040.0406589005247,93.3535763214597,-53.158429722375324,97.45202246800034,-58.06195778850145,0.8318551795187016,0.32142857142857145,-0.12034774272313783,-0.3732600231748513,0.14084692530168702,-0.0011418137042490592,0.11920592901888874,56.419642857142854,127.31227283070035,0.37635739947692615,0.0
ETHUSD,atr_adx,5,1,46cfb055642f,169475,10531.0,ok,338.0,0.5743856025962532,588.4548611111111,8682.0,356.0,10000.0,-1624.645241616487,8375.354758383484,-16.24645241616487,18.18059007337046,1737.0906434460003,-11.185901829536853,-1635.8311434460393,10119.600065294044,-11744.245306910529,87.23793159736245,-52.90200588698436,97.33339861847409,-57.93266871500075,0.8616645685474132,0.3431952662721893,-0.10006897159434103,-0.25691917542670084,0.05561406184167635,0.02253190898795212,0.12260088058229317,43.87278106508876,123.19628306940879,0.3868680938197682,0.0
ETHUSD,atr_adx_both,5,1,5af18381228a,169475,6009.0,ok,286.0,0.4860185868122142,588.4548611111111,4951.0,253.0,10000.0,-1487.041594444286,8512.958405555702,-14.870415944442858,18.73346935309927,1490.126496499,-19.103902054724447,-1506.1454964990353,8605.433465651991,-10092.475060096276,88.71580892424733,-53.39933894230834,99.23706473646408,-58.55532054999968,0.8526583830438419,0.33916083916083917,-0.1076057877463579,-0.27416029669626385,0.0568054371478198,0.014953376838146414,0.12255916458450433,45.95804195804196,123.02637571788225,0.38676888777663526,0.0
ETHUSD,atr_banded_adx,5,1,57994c89d5b6,169475,1993.0,ok,79.0,0.134249889364213,588.4548611111111,1819.0,10.0,10000.0,-1112.692922586789,8887.307077413216,-11.126929225867892,13.181382040151707,401.37076716900003,-16.089844582205803,-1128.7827671689956,1883.9503894674317,-2996.643312054221,89.71192330797294,-51.666264000934845,96.66611906100033,-57.341944800000164,0.6286868984003204,0.26582278481012656,-0.2947576170162327,-0.5746465216618195,0.010419767458443564,-0.1763773214732012,0.11838029554303146,52.77215189873418,124.98421916424664,0.37405798032700965,0.0
ETHUSD,atr_arm,15,3,6f52cca22769,56491,7866.0,ok,661.0,1.1232939760315803,588.4479166666666,3747.0,997.0,10000.0,-1321.1881925626633,8678.811807437336,-13.211881925626635,30.460940651864117,3635.687968935,-1.073776372347547,-1322.2619689350067,23104.612407749697,-24425.80060031236,94.69103445799057,-58.57506139163635,115.18171571200031,-68.44920686999946,0.9459101376375861,0.3691376701966717,-0.037998751271550044,-0.14269054445274557,0.07130000841597806,0.07847522102949785,0.11647397230104788,29.158850226928895,129.50310559006155,0.36744786673459057,0.0
ETHUSD,atr_banded,15,3,211009088ad3,56491,2009.0,ok,266.0,0.45203660760121084,588.4479166666666,1187.0,56.0,10000.0,-799.5344598949575,9200.465540105048,-7.995344598949575,23.229498678355807,1464.9475906740001,-6.063130779042604,-805.5975906739932,9113.237765364864,-9912.772225259821,95.92881858278804,-57.96942821789369,112.96160150399974,-67.5938649599998,0.9193430009561224,0.35714285714285715,-0.057796929417430455,-0.2248036460623979,0.11673222254197156,0.058620863660437214,0.1164177930778677,30.80827067669173,129.441714116392,0.36734239203368024,0.0
ETHUSD,atr_adx,15,3,202bf6ba8020,56491,3966.0,ok,489.0,0.8309996282593688,588.4479166666666,1663.0,530.0,10000.0,-547.2319171311171,9452.768082868888,-5.472319171311171,16.160836422305387,2407.7025734950003,-7.400156363895352,-554.6320734950277,15849.787507725638,-16397.019424856757,85.67452706878723,-53.93756389755512,102.40658106260382,-61.03338694999988,0.9666261347290013,0.3783231083844581,-0.018017491660259937,-0.1440685352390227,0.1094519901195636,0.09464371167285986,0.11266120333311982,29.79754601226994,135.29614233895498,0.3552283814234482,0.0
ETHUSD,atr_adx_both,15,3,f332970c01aa,56491,2409.0,ok,415.0,0.7052450832876034,588.4479166666666,1004.0,339.0,10000.0,-1262.3400889688633,8737.659911031129,-12.623400889688632,24.55279636487287,1968.800542296,23.05304667285205,-1239.2870422960004,12360.598053107045,-13622.938142075907,81.85826525236453,-51.602038416954194,106.15841594065809,-63.13450747813037,0.9073371635543152,0.363855421686747,-0.06027718850573125,-0.19416154245681996,0.07132392407025617,0.052660603414212845,0.11293779191994409,29.253012048192772,134.888079765252,0.35608322335474774,0.0
ETHUSD,atr_banded_adx,15,3,aec9aca1a8a6,56491,772.0,ok,166.0,0.28209803331504135,588.4479166666666,393.0,28.0,10000.0,-314.1483242754973,9685.851675724498,-3.141483242754973,17.94807748826517,882.179987106,-2.3211628305033507,-316.4694871060019,5836.936717473607,-6151.085041749104,97.28227862456012,-58.02910416744437,110.50591675199978,-66.3421267199998,0.9489279822757635,0.3614457831325301,-0.03372377561207498,-0.2639798131748347,0.1771559665412861,0.07857299154538437,0.1122967671574594,31.072289156626507,132.9702688601604,0.35431964916439285,0.0
ETHUSD,atr_arm,30,6,c1286ae7a972,28245,3862.0,ok,604.0,1.0264471587891661,588.4375,839.0,873.0,10000.0,-1880.1895107094592,8119.810489290567,-18.801895107094595,21.620341936709835,2591.274263915,56.891246794461196,-1823.2982639149968,16451.099025054587,-18331.288535764048,74.4393621043194,-47.8623721560419,98.40885093926957,-57.21487379999967,0.8974327687308373,0.3658940397350993,-0.06467877779995278,-0.172166295571586,0.04390503022362924,0.040310051199324806,0.10498882899927758,20.60927152317881,147.58022991775246,0.33087348729669497,0.0
ETHUSD,atr_banded,30,6,ebf2b8df2b76,28245,1068.0,ok,260.0,0.44184811471056823,588.4375,284.0,65.0,10000.0,-1376.8930876777717,8623.106912322231,-13.768930876777718,19.712960561698356,1129.950577358,-22.241489680226856,-1399.1345773579924,6265.56654757543,-7642.459635253203,66.65496327207904,-46.03891346538074,97.54560035792605,-58.38579535499919,0.8198363938585389,0.36153846153846153,-0.11036387741769947,-0.26220055171130996,0.04709303519281605,-0.005986992989145059,0.10437688442855438,23.588461538461537,150.45112539153345,0.3289551980864679,0.0
ETHUSD,atr_adx,30,6,dc0355172875,28245,2079.0,ok,429.0,0.7290493892724376,588.4375,354.0,444.0,10000.0,-2479.138786205867,7520.861213794132,-24.79138786205867,28.096185151471804,1675.595052483,46.33673372287585,-2432.8020524829817,10182.562545554782,-12661.70133176065,70.22456927968815,-44.583455393523415,96.36522964,-57.581403164812144,0.8042017639456406,0.337995337995338,-0.12901560100466003,-0.2522789780478105,-0.006942304938910697,-0.027565386836169,0.10145021416849101,20.184149184149184,153.6203754112731,0.31971030065792033,0.0
ETHUSD,atr_adx_both,30,6,b933a9bd20a9,28245,1287.0,ok,351.0,0.5964949548592672,588.4375,198.0,290.0,10000.0,-230.90965578327757,9769.090344216733,-2.309096557832776,12.91465822477302,1545.414226242,62.0224295412815,-168.88722624198454,10861.942309775193,-11092.85196555847,79.86722286599407,-51.59466030492312,99.81340679800002,-60.7296346816574,0.9791839234400482,0.38746438746438744,-0.008637385662784844,-0.1525244523062766,0.13666268770361933,0.09181669741118287,0.10045408307396768,20.635327635327634,155.4579249746533,0.31665963483667503,0.0
ETHUSD,atr_banded_adx,30,6,0e2bbea33141,28245,444.0,ok,145.0,0.2464152947424323,588.4375,103.0,19.0,10000.0,-1674.8709239063587,8325.129076093617,-16.748709239063587,18.50117277870746,636.8969586640001,-14.4265347576371,-1689.297458664014,2986.8156119816026,-4661.686535887961,66.37368026625784,-46.616865358879615,96.75789434500001,-57.74064844499918,0.6407156699592783,0.3103448275862069,-0.25013329390911965,-0.4556690183348302,-0.04650151284962997,-0.14743636981975503,0.10269692408936466,22.28965517241379,152.50198570293844,0.32392122769927834,0.0
ETHUSD,atr_arm,60,12,5487f1778e24,14123,1901.0,ok,446.0,0.7579126247964313,588.4583333333334,97.0,647.0,10000.0,-906.7090569181508,9093.290943081873,-9.06709056918151,12.001955105795066,1683.392727806,27.332329112158096,-879.3767278059804,11441.58605769969,-12348.29511461784,64.27857335786342,-46.07572803961881,98.44623078000015,-57.80145862999991,0.9265721260706837,0.3991031390134529,-0.03899584666053556,-0.15480350420519629,0.07445180542487013,0.046866312636841524,0.08586215929737706,13.457399103139014,190.05267963736532,0.27037956943916647,0.0
ETHUSD,atr_banded,60,12,b87917a4e945,14123,536.0,ok,202.0,0.3432698435176662,588.4583333333334,43.0,69.0,10000.0,-919.0777680929762,9080.922231907029,-9.190777680929761,12.740606222058904,735.101215005,-8.134446912021954,-927.2122150050018,4339.126855676646,-5258.204623769622,51.656272091388644,-44.56105613364087,96.26172974884861,-57.590195,0.8252107261215547,0.4158415841584158,-0.09264007261268005,-0.249049968584759,0.06640904265651777,-0.007938884916677732,0.08470118769600235,14.757425742574258,190.3955681908805,0.26669976247962596,0.0
ETHUSD,atr_adx,60,12,04beb4cff4c7,14123,1036.0,ok,284.0,0.48261700771790694,588.4583333333334,26.0,315.0,10000.0,-1126.3998553376273,8873.600144662369,-11.263998553376272,14.996553983129127,986.731463352,32.74939198562801,-1093.6504633519944,6565.969307203115,-7692.369162540742,61.9431066717275,-43.215557092925515,99.10809183299993,-55.25532651014235,0.853569188953799,0.3732394366197183,-0.08145091851340226,-0.2230985957648936,0.05589157889943513,-0.00011540125735090751,0.08133551725605134,14.288732394366198,199.40697896955243,0.2559738991748228,0.0
ETHUSD,atr_adx_both,60,12,ff025b438234,14123,674.0,ok,234.0,0.3976492246689797,588.4583333333334,12.0,199.0,10000.0,-958.3193152645488,9041.680684735473,-9.583193152645487,11.154546451354205,817.5649952890001,42.076319975548415,-916.2429952889943,5549.675629503854,-6507.994944768405,63.78937505176844,-44.27207445420684,98.49215195999994,-57.585370399124244,0.8527473786630831,0.3717948717948718,-0.08244694711540296,-0.23938863163823593,0.07831338262602751,-0.001814789540451995,0.08063215757495099,14.247863247863247,199.41661570283583,0.2539002435950017,0.0
ETHUSD,atr_banded_adx,60,12,74612893d7d7,14123,244.0,ok,106.0,0.18013170006372584,588.4583333333334,10.0,24.0,10000.0,-1277.2676469035564,8722.732353096459,-12.772676469035563,13.947908166558154,362.227999829,-3.1473529254407504,-1280.4149998289977,1698.5332239658414,-2975.8008708693974,43.55213394784209,-44.41493837118504,94.37424485181235,-53.82642872999938,0.570781882817853,0.36792452830188677,-0.2561773229670092,-0.45866244648997745,-0.04030538955598198,-0.17756798306636698,0.07860933990064226,15.084905660377359,205.44779640057612,0.24749922973120886,0.0
ETHUSD,atr_arm,240,48,c9fa0fb9e041,3530,371.0,ok,101.0,0.17167138810198299,588.3333333333334,0.0,121.0,10000.0,-466.498297236428,9533.501702763562,-4.66498297236428,8.384850845593196,210.881640406,-5.358843169571006,-471.85714040601124,2411.7970417827078,-2878.295339019136,65.18370383196508,-44.973364672174,100.52296112899984,-59.05788879961607,0.8379254932902747,0.36633663366336633,-0.09046843883724895,-0.32309294529027466,0.1390830559203153,-0.04391280814368097,0.046555630693567995,12.663366336633663,381.03529096631536,0.1461373572050617,0.0
ETHUSD,atr_banded,240,48,4fa35bae6bb2,3530,108.0,ok,48.0,0.08158640226628895,588.3333333333334,0.0,8.0,10000.0,-128.56895868780856,9871.431041312171,-1.2856895868780855,4.457304515127801,97.755182327,20.2802763608099,-108.28868232701097,1174.6171653127872,-1303.1861240005956,58.730858265639355,-46.54236157144984,101.65858234206489,-61.59483339151614,0.9013425969476102,0.4166666666666667,-0.048016119236003386,-0.3596310177198834,0.293139296947514,-0.002697886900431009,0.045318232335572355,13.125,377.5891198579417,0.14194529044630766,0.0
ETHUSD,atr_adx,240,48,2a9f6ce5e0de,3530,178.0,ok,58.0,0.09858356940509914,588.3333333333334,0.0,46.0,10000.0,325.9837909922291,10325.98379099221,3.259837909922291,1.5865464997557592,111.80027397200001,5.620435035772548,331.604226028001,1693.8104223229218,-1367.8266313306926,62.7337193452934,-44.123439720344926,105.49264428428329,-55.94911056921596,1.238322447834705,0.46551724137931033,0.11559400944584951,-0.182918463685528,0.44128512425317407,0.15755308918145097,0.04195907973560145,13.10344827586207,406.68029142790215,0.13131194305964,0.0
ETHUSD,atr_adx_both,240,48,65d8e682e631,3530,116.0,ok,45.0,0.07648725212464588,588.3333333333334,0.0,30.0,10000.0,525.1305353734272,10525.130535373426,5.2513053537342715,2.281613803066232,86.60072349000002,-7.973258863426105,517.1572765100063,1643.1949631195273,-1118.0644277461001,82.15974815597636,-44.722577109844,107.0671613631532,-58.054552982876935,1.4696782424533754,0.4444444444444444,0.23539406378481895,-0.14001171092251327,0.6165600696221748,0.27808446251066077,0.04269039872584187,11.6,382.7178234420637,0.13340112601482088,0.0
ETHUSD,atr_banded_adx,240,48,319dc61de91e,3530,52.0,ok,24.0,0.040793201133144476,588.3333333333334,0.0,3.0,10000.0,58.198489362975295,10058.198489362967,0.581984893629753,1.7334599244292825,44.253266224,-17.763255586974402,40.43523377599922,571.7228587316407,-513.5243693686654,47.64357156097006,-42.79369744738878,102.34361012654351,-59.296101939187125,1.1133315044708112,0.5,0.05482883617802981,-0.37841703979814606,0.49578811153154795,0.09506816706214512,0.04023933088411526,15.416666666666666,431.6856036261331,0.12584765571412496,0.0
SOLUSD,atr_arm,1,1,56f6ae1069b6,847348,201341.0,ok,188.0,0.31949092934662027,588.4361111111111,198729.0,415.0,10000.0,-1465.1998231388864,8534.800176861121,-14.651998231388863,19.006130817684326,980.8217899824001,-3.4283668435170993,-1468.628189982397,5391.391426783353,-6856.5912499222395,91.37951570819243,-53.15187015443597,99.38953601280025,-58.978558116000215,0.7863078358133857,0.31382978723404253,-0.1680907352772052,-0.35904610687442007,0.030228633106192285,-0.044531435325871296,0.12355929995133391,43.58510638297872,119.20067399427766,0.3833478044916222,0.0
SOLUSD,atr_banded,1,1,32baa03e1582,847348,57521.0,ok,61.0,0.10366461005395658,588.4361111111111,57147.0,26.0,10000.0,-923.875340845282,9076.124659154722,-9.23875340845282,12.09923154012583,319.1807545134001,-6.404113668117201,-930.2794545133966,1454.7619931727875,-2378.63733401807,90.92262457329922,-52.85860742262378,96.03334500479977,-56.331829635000034,0.6115947027180294,0.26229508196721313,-0.32145813604450163,-0.6658137370822251,0.025764070782825655,-0.1998573342901785,0.12160080175432307,47.950819672131146,121.51538409949478,0.3777722350621326,0.0
SOLUSD,atr_adx,1,1,5dbb5b8ed03c,847348,77300.0,ok,147.0,0.24981471603166586,588.4361111111111,76041.0,226.0,10000.0,-1555.8476200526827,8444.15237994732,-15.558476200526828,17.896039096494903,744.1275094350001,4.180710617682502,-1551.666909435,3840.2082642027353,-5396.055884255419,89.30716893494733,-51.88515273322518,96.13576510587666,-58.14447670399951,0.7116694761089619,0.2925170068027211,-0.23226204353295088,-0.4604537404777234,-0.0031344090186176173,-0.11070547028845852,0.12155657324449232,52.46258503401361,121.33517455659735,0.37696273382129397,0.0
SOLUSD,atr_adx_both,1,1,050ea75f6207,847348,77300.0,ok,147.0,0.24981471603166586,588.4361111111111,76041.0,226.0,10000.0,-1555.8476200526827,8444.15237994732,-15.558476200526828,17.896039096494903,744.1275094350001,4.180710617682502,-1551.666909435,3840.2082642027353,-5396.055884255419,89.30716893494733,-51.88515273322518,96.13576510587666,-58.14447670399951,0.7116694761089619,0.2925170068027211,-0.23226204353295088,-0.4604537404777234,-0.0031344090186176173,-0.11070547028845852,0.12155657324449232,52.46258503401361,121.33517455659735,0.37696273382129397,0.0
SOLUSD,atr_banded_adx,1,1,27bc3723bc0f,847348,15980.0,ok,37.0,0.06287853396715398,588.4361111111111,15859.0,7.0,10000.0,-237.19030928143462,9762.80969071856,-2.3719030928143465,5.565602073925015,188.21018175299997,-2.0014724715642,-239.19178175300294,1116.9433515773603,-1354.1336608587949,93.07861263144669,-54.1653464343518,95.30388150839991,-56.51388982200028,0.82483981002953,0.32432432432432434,-0.1307467770368182,-0.5474924315645793,0.3645175733482149,-0.013322720929070386,0.1174240561077478,60.24324324324324,124.91908735555003,0.3629623787881111,0.0
SOLUSD,atr_arm,5,1,5104b68fd7d7,169475,24820.0,ok,594.0,1.0094232187638295,588.4548611111111,20011.0,838.0,10000.0,-1699.7338707897875,8300.2661292102,-16.997338707897875,22.14616700783328,2994.5961039236,3.415166866167822,-1696.318703923631,18542.77236429727,-20242.506235087058,88.72139887223574,-52.577938272953396,101.0407056453882,-59.55131641500003,0.9160314512911658,0.35185185185185186,-0.05789693347725255,-0.1727305754979975,0.057749766199760404,0.06433713479097014,0.1222340682682227,37.294612794612796,122.53153904736402,0.379060615309438,0.0
SOLUSD,atr_banded,5,1,ddd76a9fda2b,169475,6545.0,ok,197.0,0.33477504056645524,588.4548611111111,5851.0,40.0,10000.0,-1037.6206690253346,8962.379330974662,-10.376206690253346,17.872780091114194,975.9432142802,-6.877945254862897,-1044.4986142802045,5937.8259002323775,-6975.446569257712,91.35116769588274,-52.844292191346305,99.30408288242747,-59.14140803840052,0.8512467038887014,0.3299492385786802,-0.10913512960334822,-0.3117614479004861,0.09769802032415337,0.008506619901299629,0.11764174950464786,37.32994923857868,129.5993028741418,0.36457808490935883,0.0
SOLUSD,atr_adx,5,1,46cfb055642f,169475,10002.0,ok,409.0,0.6950405664552294,588.4548611111111,7901.0,401.0,10000.0,-1297.1352709745206,8702.86472902547,-12.971352709745206,22.130613310779406,2065.8899639188,12.041607055710502,-1285.0936639188276,12833.211448720838,-14130.346719695357,90.37472851211858,-52.922646890244785,105.87675082830572,-62.8315975350003,0.9082021625720954,0.3471882640586797,-0.06495326142105211,-0.20313601777353768,0.07717388776937509,0.05607656105873436,0.1210298224797865,41.479217603911984,122.9355449751698,0.3751058029242121,0.0
SOLUSD,atr_adx_both,5,1,5af18381228a,169475,5293.0,ok,332.0,0.5641894084673256,588.4548611111111,4249.0,236.0,10000.0,-1226.8089315457628,8773.191068454242,-12.268089315457628,17.672417960155094,1657.9154975482002,13.248133997557538,-1213.5607975482053,10126.658808506627,-11353.467740052387,88.83034042549673,-52.08012724794673,99.46110064920008,-59.065776637999704,0.8919441214231081,0.3433734939759036,-0.07599523018379246,-0.23234365549259658,0.08992050416096121,0.04560092628404782,0.12159615646784026,40.25903614457831,122.056721362211,0.377327234836207,0.0
SOLUSD,atr_banded_adx,5,1,57994c89d5b6,169475,1905.0,ok,102.0,0.1733353001917687,588.4548611111111,1682.0,7.0,10000.0,84.56121274486385,10084.561212744858,0.8456121274486386,8.08869803603166,499.52583638040005,-1.4244491252601006,83.13676361959915,3526.435567148178,-3441.8743544033146,92.80093597758363,-53.77928678755179,97.2866383565857,-58.465280334999406,1.0245683613164673,0.37254901960784315,0.025764013366704565,-0.2572672970477566,0.32233458112201163,0.14131849434241037,0.11555448097570582,42.03921568627451,131.89764933108842,0.3581360397712731,0.0
SOLUSD,atr_arm,15,3,6f52cca22769,56491,8224.0,ok,851.0,1.4461772671753024,588.4479166666666,2860.0,1242.0,10000.0,205.0511510457667,10205.051151045756,2.0505115104576666,17.023436318013577,4316.082120965801,29.885827988428332,234.9369790341807,29523.70245048749,-29318.65129944172,91.40465154949688,-55.52774867318508,108.65701107239968,-63.15608914804804,1.0069938807536374,0.3795534665099882,0.010388183092466868,-0.08446492832150211,0.10286219670222474,0.12407297435988138,0.1136847912674145,26.847238542890718,132.07789628625846,0.35247733329772285,0.0
SOLUSD,atr_banded,15,3,211009088ad3,56491,2212.0,ok,395.0,0.6712573684303694,588.4479166666666,988.0,57.0,10000.0,-1634.2675962575338,8365.732403742457,-16.34267596257534,18.174521753840725,1857.9639325908001,-6.2408363332726005,-1640.5084325908101,11524.279221107812,-13158.546817365346,84.11882643144388,-51.0021194471525,94.84586316801197,-57.345849787962024,0.87580181771282,0.3468354430379747,-0.08612987934948217,-0.22216721890254026,0.05771261579713948,0.02855050981214295,0.11468038916162508,26.8,131.80915825121,0.35517934525483,0.0
SOLUSD,atr_adx,15,3,202bf6ba8020,56491,3981.0,ok,594.0,1.0094351312598469,588.4479166666666,1219.0,614.0,10000.0,-279.71627313217016,9720.283726867827,-2.7971627313217016,14.54929587026142,2877.5836918218,19.197181310356502,-260.5190918218141,19752.616075662507,-20032.33234879468,88.97574808856984,-53.850355776329785,102.49180583759981,-61.206391394999926,0.9860367595613996,0.37373737373737376,-0.005322283511592827,-0.11558811574146705,0.10353466445291509,0.10559988637720802,0.11092216988880084,28.346801346801346,134.75535060263098,0.3435413468091418,0.0
SOLUSD,atr_adx_both,15,3,f332970c01aa,56491,2195.0,ok,455.0,0.7732205130020712,588.4479166666666,705.0,357.0,10000.0,-1958.7428324537716,8041.257167546246,-19.58742832453772,22.813470640871596,1930.5857117872,10.98532066655919,-1811.077524579211,12224.758712091032,-14183.501544544804,77.86470517255434,-47.595642766928876,96.14726898008037,-57.19404128044847,0.8618999105191246,0.34505494505494505,-0.09351708900953097,-0.21655354412708183,0.035899442903311984,0.016203807618094812,0.10972089662762578,28.314285714285713,138.9417010179181,0.3394808661365946,0.21978021978021978
SOLUSD,atr_banded_adx,15,3,aec9aca1a8a6,56491,804.0,ok,216.0,0.3670673204581261,588.4479166666666,313.0,18.0,10000.0,-1307.8318769149569,8692.16812308504,-13.078318769149568,13.259772648205054,981.32156677,-12.471089855041923,-1320.3029667700084,5805.466776966576,-7113.298653881532,81.76713770375459,-49.057232095734705,92.31184439400003,-54.7207429305643,0.8161427010798558,0.3287037037037037,-0.12861082055516299,-0.300691708005781,0.05884836983934164,-0.01602532435852143,0.11258549619664153,27.39814814814815,133.62526355406976,0.34881394986339154,0.0
SOLUSD,atr_arm,30,6,c1286ae7a972,28245,4077.0,ok,690.0,1.1725969198088158,588.4375,479.0,1009.0,10000.0,-2123.631626370864,7876.368373629108,-21.23631626370864,30.76620779127249,2711.6032457622005,41.24248060866035,-2082.3891457622267,18299.392582845154,-20423.02420921602,72.04485268836675,-46.84179864499087,98.57473751215998,-57.519670278000255,0.8960177687390409,0.3681159420289855,-0.0658294676198835,-0.1624996979797501,0.03578475749736798,0.03348971682351997,0.09931918444340346,19.805797101449276,158.78431507559623,0.30633098151723936,0.0
SOLUSD,atr_banded,30,6,ebf2b8df2b76,28245,1141.0,ok,338.0,0.5744025491237387,588.4375,178.0,72.0,10000.0,-478.31950042181154,9521.680499578177,-4.783195004218115,12.812558630803977,1364.9191232556,-2.6905228337947387,-348.4056472424072,9368.98734207016,-9847.306842491971,72.62780885325706,-47.11630068177977,94.42522248600037,-56.226538368000426,0.9514263637690439,0.3816568047337278,-0.02545874768841065,-0.16875141300998964,0.12068316844449528,0.07331178814837176,0.09877053583678243,21.22189349112426,157.10390866554468,0.30462395294065087,0.2958579881656805
SOLUSD,atr_adx,30,6,dc0355172875,28245,2126.0,ok,453.0,0.7698353690918747,588.4375,183.0,452.0,10000.0,-255.27856871411484,9744.721431285881,-2.552785687141148,15.386918344051889,1928.2663288186,47.29963989550828,-207.9789288186039,14300.765125147693,-14556.043693861806,80.79528319292481,-52.73928874587611,102.22637774465022,-60.97766730006272,0.9824623658678792,0.39072847682119205,-0.006107926389422908,-0.12374495923372061,0.12195758074933037,0.08931537408154326,0.09542330047096614,20.52317880794702,164.0382259928462,0.29483323326517985,0.0
SOLUSD,atr_adx_both,30,6,b933a9bd20a9,28245,1186.0,ok,358.0,0.6083908656399363,588.4375,91.0,279.0,10000.0,-46.397462976739575,9953.602537023238,-0.4639746297673958,10.97832957013324,1561.959471318,34.036391658733805,-12.361071318004178,11737.48950696554,-11783.88696994228,83.24460643237971,-54.30362658959576,105.91997563799981,-64.13168457420389,0.9960626350969686,0.39385474860335196,0.005228121739578579,-0.13109201514262123,0.14748189552107266,0.09986213078426748,0.0946340090446889,20.039106145251395,171.1888112641335,0.29240072403310385,0.0
SOLUSD,atr_banded_adx,30,6,0e2bbea33141,28245,473.0,ok,176.0,0.2990971853425385,588.4375,58.0,20.0,10000.0,-323.4480987198327,9676.551901280141,-3.234480987198327,9.89967872509474,721.6667510056001,-8.36395228576825,-331.812051005616,5093.621209230231,-5417.069307950063,77.17607892773077,-49.246084617727846,100.58847724119994,-58.54879352600046,0.9402909432513368,0.375,-0.029904792969232843,-0.22060084054450474,0.1695611855514188,0.06328970405574014,0.093194497024973,22.335227272727273,170.65585535546137,0.2875070571016058,0.0
SOLUSD,atr_arm,60,12,5487f1778e24,14123,2017.0,ok,455.0,0.7732068257452382,588.4583333333334,35.0,652.0,10000.0,-2180.31550278339,7816.785928491664,-21.803155027833903,26.543083132946997,1461.4451717304,27.88813105299034,-2155.3232462903998,10292.004180585336,-12472.319683368727,60.18715895079144,-43.91661860341101,99.36309853360008,-56.48459104399952,0.8251876508833603,0.3758241758241758,-0.10917539676206879,-0.22010419059748207,0.003052219738520572,-0.03197810114249152,0.07719729561957726,13.94945054945055,212.91503703087398,0.23701420620595556,0.0
SOLUSD,atr_banded,60,12,b87917a4e945,14123,535.0,ok,203.0,0.3449691991786447,588.4583333333334,11.0,53.0,10000.0,-378.45697130684727,9621.543028693159,-3.7845697130684726,7.973123087058934,686.742405853,4.58606545384706,-373.8709058529894,4909.861563534804,-5288.318534841651,55.79388140380459,-45.98537856384044,96.77140460920018,-57.86574077134358,0.9284352920851091,0.43349753694581283,-0.033039540696082066,-0.19634016530543727,0.13000601105475101,0.04381207044612394,0.07685161114220594,14.29064039408867,213.64962041098102,0.23612765942792963,0.0
SOLUSD,atr_adx,60,12,04beb4cff4c7,14123,1038.0,ok,275.0,0.46732280676910004,588.4583333333334,8.0,289.0,10000.0,-701.613835540103,9294.944114099015,-7.01613835540103,11.585757032566855,873.1776401939999,31.030795346101232,-674.021891233986,6613.78515056871,-7315.398986108814,61.238751394154725,-43.80478434795697,97.66952980385014,-55.62943317697994,0.9040908312899412,0.3927272727272727,-0.05199968316781848,-0.20237132593684717,0.0892031336059541,0.022083558175422468,0.07408324134324096,13.770909090909091,224.21551415568553,0.22739797903830822,0.0
SOLUSD,atr_adx_both,60,12,ff025b438234,14123,625.0,ok,218.0,0.37045953409332294,588.4583333333334,5.0,166.0,10000.0,-453.2062639401733,9546.793736059793,-4.532062639401733,8.887937309319812,704.5293856344,20.31597830576999,-432.89028563440297,5232.173863400678,-5685.38012734085,60.139929464375605,-43.39984830031183,97.66952980385014,-55.389370615660404,0.9202856706518682,0.39908256880733944,-0.04008457970572874,-0.19864682986777335,0.1222847057957861,0.03377767562507333,0.0738622553308021,14.509174311926605,227.35666251030068,0.22695511103803168,0.0
SOLUSD,atr_banded_adx,60,12,74612893d7d7,14123,214.0,ok,97.0,0.1648374991149189,588.4583333333334,3.0,16.0,10000.0,-823.6511436836411,9176.348856316356,-8.23651143683641,8.81105804799101,314.314426884,0.44801679964026103,-823.2031268840001,1907.8237456595514,-2731.4748893431924,50.2058880436724,-46.29618456513885,94.30997128899995,-53.637934943999625,0.6984591925420572,0.3917525773195876,-0.1822453976031474,-0.39419286228009026,0.04528838594044747,-0.10851913101940946,0.07372626658373797,13.948453608247423,225.94975942379824,0.22611949549493468,0.0
SOLUSD,atr_arm,240,48,c9fa0fb9e041,3530,324.0,ok,89.0,0.15127478753541077,588.3333333333334,0.0,83.0,10000.0,-295.5511668051125,9704.448833194865,-2.9555116680511246,5.30077848151977,157.90993183900002,12.27163496611243,-283.279531839009,2156.3334709565734,-2451.884637761686,63.42157267519333,-44.57972068657611,95.76415398368017,-51.98074678799997,0.8794595951810685,0.38202247191011235,-0.05777785998643393,-0.31129709821070645,0.19546588043719768,-0.01671212744591151,0.04106573254052241,12.584269662921349,420.28259850983414,0.1222088913308978,0.0
SOLUSD,atr_banded,240,48,4fa35bae6bb2,3530,94.0,ok,42.0,0.07138810198300283,588.3333333333334,0.0,5.0,10000.0,-207.05737678053524,9790.986888262194,-2.0705737678053526,3.234204013226531,73.7994627356,-3.0993859550634406,-211.95054463560518,1010.2256920220325,-1217.2830688025676,67.3483794681355,-45.0845581037988,93.33343361512057,-53.084465401444064,0.8299020317564952,0.35714285714285715,-0.08365798331522971,-0.4505389330492784,0.299716979971863,-0.04279306831818223,0.04086491499704749,11.714285714285714,422.09728091541785,0.1215172222537104,0.0
SOLUSD,atr_adx,240,48,2a9f6ce5e0de,3530,148.0,ok,52.0,0.08838526912181302,588.3333333333334,0.0,39.0,10000.0,-370.4519773780048,9629.548022621988,-3.7045197737800484,5.082718723897993,91.3845213846,10.02135599340532,-360.430621384603,1177.2396198824486,-1547.6915972604534,69.24938940484992,-44.21975992172724,97.45940525524998,-51.98074678799997,0.7606422506694897,0.3269230769230769,-0.14049042403737103,-0.4614937251358013,0.20521927467891896,-0.09996183941823378,0.040528584619137255,10.5,411.4487642318179,0.12040417266556656,0.0
SOLUSD,atr_adx_both,240,48,65d8e682e631,3530,101.0,ok,44.0,0.07478753541076487,588.3333333333334,0.0,17.0,10000.0,-486.42883301276606,9513.571166987233,-4.8642883301276605,5.020054069261847,76.8852894962,13.1078435165667,-473.32098949620195,830.4547823257343,-1316.8836153385002,59.31819873755245,-43.89612051128334,92.19060115356483,-51.81565769756223,0.6306212429503641,0.3181818181818182,-0.23267947733804978,-0.5596846075820362,0.11204534960331604,-0.19255043828750784,0.04012903905054196,11.431818181818182,411.4859107608903,0.11977419665385308,0.0
SOLUSD,atr_banded_adx,240,48,319dc61de91e,3530,45.0,ok,24.0,0.040793201133144476,588.3333333333334,0.0,0.0,10000.0,-222.26855348516423,9777.731446514821,-2.2226855348516423,2.4028853326840363,41.83106026680001,3.385793218365121,-218.8827602668007,522.6088288267008,-744.877382311865,65.3261036033376,-46.55483639449156,92.19060115356483,-51.76458730452793,0.7016038360631752,0.3333333333333333,-0.18826783637319336,-0.6422413021817945,0.2923836520572304,-0.14834644193942856,0.03992139443376476,10.791666666666666,424.43575602396515,0.11853721609360786,0.0
XRPUSD,atr_arm,1,1,56f6ae1069b6,847359,202377.0,ok,223.0,0.37896570402863483,588.44375,190521.0,477.0,10000.0,-1470.0708651638038,8529.929134836191,-14.700708651638037,17.504407243017827,1110.4192701618001,-6.02740499800133,-1476.0982701618086,6398.7602476106995,-7868.831112774505,88.87167010570415,-52.11146432300996,97.96018708080015,-58.070511729000025,0.8131779874170578,0.32286995515695066,-0.13753279404709923,-0.31626546824812873,0.05300046184345939,-0.016788532616617145,0.12074426143048206,32.04932735426009,122.10443659206872,0.382283915293957,0.0
XRPUSD,atr_banded,1,1,32baa03e1582,847359,57868.0,ok,75.0,0.12745483319348705,588.44375,54486.0,17.0,10000.0,-542.2781915786042,9457.721808421406,-5.422781915786041,6.780344537090774,385.94797285659996,-4.90728127799034,-547.185472856585,2243.3934546976784,-2785.671646276283,93.47472727906994,-54.62101267208398,96.01628419843601,-57.661682254999555,0.805333054129517,0.32,-0.14365013447072258,-0.4661999039629702,0.18214022937606472,-0.024932917275259227,0.11871721719546334,44.08,128.0141089184177,0.37585934541282134,0.0
XRPUSD,atr_adx,1,1,5dbb5b8ed03c,847359,76469.0,ok,179.0,0.30419220188845575,588.44375,73264.0,296.0,10000.0,-1565.0476461567655,8434.952353843235,-15.650476461567656,18.45349422232264,896.7325323722002,-5.621386215439119,-1570.669032372205,4887.872208285579,-6452.919854442344,88.87040378701053,-52.039676245502775,97.04037311760014,-57.68752605200014,0.7574667466109394,0.30726256983240224,-0.18515726130279828,-0.3906513020211105,0.020569737501884847,-0.06456240102174221,0.12059486028105608,30.76536312849162,123.82648106183125,0.38195227461831577,0.0
XRPUSD,atr_adx_both,1,1,050ea75f6207,847359,76469.0,ok,179.0,0.30419220188845575,588.44375,73264.0,296.0,10000.0,-1565.0476461567655,8434.952353843235,-15.650476461567656,18.45349422232264,896.7325323722002,-5.621386215439119,-1570.669032372205,4887.872208285579,-6452.919854442344,88.87040378701053,-52.039676245502775,97.04037311760014,-57.68752605200014,0.7574667466109394,0.30726256983240224,-0.18515726130279828,-0.3906513020211105,0.020569737501884847,-0.06456240102174221,0.12059486028105608,30.76536312849162,123.82648106183125,0.38195227461831577,0.0
XRPUSD,atr_banded_adx,1,1,27bc3723bc0f,847359,15929.0,ok,47.0,0.07987169546791856,588.44375,15293.0,8.0,10000.0,-345.03735730569804,9654.962642694298,-3.4503735730569804,4.747105871436434,237.945146792,-3.660689486299599,-348.69804679200206,1397.4627678326417,-1742.5001251383396,93.16418452217611,-54.45312891057311,95.31100570680024,-57.23735371200004,0.8019871836288649,0.3191489361702128,-0.14436362543639786,-0.5355515389641482,0.2536597147943249,-0.027520306137491006,0.11684331929890687,40.0,128.3409866949242,0.3699346789980813,0.0
XRPUSD,atr_arm,5,1,5104b68fd7d7,169475,24588.0,ok,530.0,0.9006638147219355,588.4548611111111,20068.0,705.0,10000.0,-3154.2712488883744,6845.7287511116365,-31.542712488883744,35.004714645927365,2340.246294761,1.6671541273641495,-3152.6040947609963,13497.81423543307,-16652.085484321447,78.4756641594946,-46.51420526346773,97.19733139380024,-58.243532952000585,0.8105780052679744,0.32452830188679244,-0.137991621348037,-0.26288074776116616,-0.016432671280445035,-0.01736652848444888,0.12062509286358815,34.11698113207547,123.9952113753913,0.38187177410528045,0.0
XRPUSD,atr_banded,5,1,ddd76a9fda2b,169475,6502.0,ok,208.0,0.3534680631361558,588.4548611111111,5626.0,36.0,10000.0,-1485.5030370136606,8514.496962986363,-14.855030370136605,16.40557141283129,970.0028552026,-14.20881818893714,-1499.711855202584,5666.671400918938,-7152.174437932599,85.85865758968089,-50.367425619243654,93.81728228599968,-56.42796779100011,0.7923005024688605,0.3173076923076923,-0.14967186121434922,-0.3529180885113455,0.040647366213663,-0.03287278289681861,0.11679907831753057,33.69711538461539,130.22305638565462,0.3697696988478901,0.0
XRPUSD,atr_adx,5,1,46cfb055642f,169475,9534.0,ok,377.0,0.6406608644342824,588.4548611111111,7633.0,316.0,10000.0,-1971.2277430604172,8028.772256939577,-19.71227743060417,29.370883833823374,1769.8084420136001,-13.843598953187715,-1985.071342013609,10710.714967607682,-12681.942710668098,85.00567434609272,-50.52566816999242,103.20898492199991,-59.642176968000605,0.8445642132256116,0.33421750663129973,-0.11142878855570532,-0.24985112658032435,0.033998881569372995,0.0064563425482417666,0.11788513110394713,35.684350132625994,125.97110288245261,0.3731484764047309,0.0
XRPUSD,atr_adx_both,5,1,5af18381228a,169475,5167.0,ok,294.0,0.499613512317451,588.4548611111111,4215.0,194.0,10000.0,-2200.158547141844,7799.8414528581525,-22.001585471418437,26.412273164864196,1384.6799105638001,-3.873763421964201,-2204.032310563811,7918.249166873154,-10118.407714014997,85.14246415992638,-50.34033688564675,100.95168026999993,-57.26381631599958,0.7825588166313554,0.3163265306122449,-0.16409991855709435,-0.32455459124551755,-0.004805354181525943,-0.04646381749648326,0.11763610106061108,33.295918367346935,127.53595356622043,0.3724734123232222,0.0
XRPUSD,atr_banded_adx,5,1,57994c89d5b6,169475,1822.0,ok,114.0,0.19372768844962385,588.4548611111111,1567.0,7.0,10000.0,-1122.316226382265,8877.683773617748,-11.223162263822651,17.724343500932175,514.8403957216001,-8.719269339328388,-1131.0354957215877,2877.104719248575,-3999.4209456308395,84.62072703672278,-49.992761820385496,93.383624304,-56.38607541599958,0.719380319891474,0.2982456140350877,-0.2040403409042348,-0.46646294211910144,0.05983685696419879,-0.09058617859006439,0.11345416231417045,36.98245614035088,136.58572674865783,0.3592335165905518,0.0
XRPUSD,atr_arm,15,3,6f52cca22769,56491,8023.0,ok,651.0,1.1063001186029633,588.4479166666666,3426.0,935.0,10000.0,-1279.5563022470837,8720.443697752879,-12.795563022470837,17.449940710301682,2926.9977077129997,32.949694534082695,-1246.6066077130272,19110.3228076515,-20389.879109898582,79.29594525996474,-49.731412463167274,97.15060387819112,-57.46504790100003,0.9372455179674949,0.37019969278033793,-0.037210599361525855,-0.14305808904009068,0.0731736366876129,0.07391778306745454,0.1111283824289804,28.580645161290324,135.13093721847682,0.3516020098083569,0.0
XRPUSD,atr_banded,15,3,211009088ad3,56491,2095.0,ok,284.0,0.48262555097272136,588.4479166666666,1024.0,54.0,10000.0,131.75942898677465,10131.759428986774,1.3175942898677466,11.585307540653696,1317.8363743562,-3.2164033429667924,128.54302564380305,9222.108994414224,-9090.349565427448,83.08206301274076,-52.545373210563284,102.72292794072102,-62.69414501953346,1.0144944292888236,0.3908450704225352,0.014248857388878515,-0.15134511846972265,0.17513180835614192,0.12347293128380116,0.10922407389492264,32.95070422535211,136.73427361057816,0.3455361654688049,0.0
XRPUSD,atr_adx,15,3,202bf6ba8020,56491,3579.0,ok,447.0,0.7596254270591776,588.4479166666666,1474.0,428.0,10000.0,-1506.651054195201,8493.348945804793,-15.066510541952008,20.738182478920212,1867.3805946308,7.858359564393002,-1498.7926946308107,12065.422507942236,-13572.073562137437,75.88316042730966,-47.12525542408832,98.6181636700001,-57.07002521199958,0.8889888824064167,0.35570469798657717,-0.06831219858472275,-0.19635979585640476,0.06500159420365915,0.0403774937119781,0.10868969229670083,28.74496644295302,138.4194431031716,0.3438964195676357,0.0
XRPUSD,atr_adx_both,15,3,f332970c01aa,56491,1991.0,ok,353.0,0.5998831672301783,588.4479166666666,817.0,264.0,10000.0,-1102.970551256093,8897.029448743931,-11.029705512560929,15.685784815491083,1514.1938858632,22.119265392895123,-1080.8512858631893,10063.295222519895,-11166.265773775987,79.86742240095155,-49.19059812236118,97.52021605800013,-57.15994798799966,0.9012229716181015,0.35694050991501414,-0.06135360193792655,-0.21659616219466937,0.0850796012289333,0.04636925893263649,0.10772286087056303,28.254957507082153,141.53486700215808,0.3408450033588583,0.0
XRPUSD,atr_banded_adx,15,3,aec9aca1a8a6,56491,689.0,ok,149.0,0.25320847568639254,588.4479166666666,318.0,15.0,10000.0,-311.8185590505611,9688.18144094945,-3.1181855905056106,8.168958391789966,673.8058373686001,0.6577216819664411,-311.16083736859946,4674.973089521544,-4986.791648572103,84.99951071857353,-53.05097498480961,96.63176495059666,-60.692602644450254,0.9374711074725082,0.3691275167785235,-0.03755464605698338,-0.2635583305560724,0.19871929040955105,0.06884781811806533,0.10640246417504867,30.348993288590606,138.87652452595086,0.3367112445531142,0.0
XRPUSD,atr_arm,30,6,c1286ae7a972,28245,3963.0,ok,587.0,0.9975570897503983,588.4375,707.0,781.0,10000.0,529.9145445363613,10529.914544536348,5.299145445363613,17.364503470717366,2759.2702796838003,95.54937577982363,625.4639203161732,19849.804270416917,-19319.88972588056,89.41353274962574,-52.93120472843989,108.9037688708089,-64.89225145003512,1.0274284456099403,0.3781942078364566,0.022325298139661973,-0.08542221856231265,0.13268781893553322,0.12474851768006197,0.10242321954039997,20.879045996592843,148.66575997749044,0.32397469977193555,0.0
XRPUSD,atr_banded,30,6,ebf2b8df2b76,28245,1074.0,ok,272.0,0.4622411046202868,588.4375,226.0,41.0,10000.0,-1453.4655979164263,8546.534402083564,-14.534655979164263,19.62621184755747,1087.0195246206001,10.40497329582885,-1443.0606246206044,6498.285036725756,-7951.7506346421815,69.13069188006124,-44.672756374394275,96.70238893039983,-56.525165136000375,0.8172143890448057,0.34558823529411764,-0.11140592940151584,-0.2738739665915111,0.04351492700657948,-0.012662978666506178,0.09874295073500969,23.452205882352942,161.20498123796727,0.31252846128394207,0.0
XRPUSD,atr_adx,30,6,dc0355172875,28245,1787.0,ok,354.0,0.6015932023366968,588.4375,237.0,324.0,10000.0,722.669253820176,10722.669253820171,7.2266925382017595,7.722169646816546,1627.7009145588,54.55203162102048,777.2212854412064,12245.138074212608,-11522.46882039243,89.38056988476356,-53.098934656186316,110.60965767206308,-68.51801516868137,1.062718265077116,0.3870056497175141,0.044153404408351235,-0.09976718479680333,0.19164987303900466,0.1420971480900497,0.09794374368169845,21.680790960451976,160.9772058131898,0.30977330779542567,0.0
XRPUSD,atr_adx_both,30,6,b933a9bd20a9,28245,1035.0,ok,291.0,0.4945300053106745,588.4375,145.0,204.0,10000.0,656.1420599396697,10656.142059939673,6.561420599396698,6.175226165429857,1365.46688013,47.01925993033171,703.1613198700215,10283.030935483197,-9626.888875543526,89.41766030854954,-54.698232247406395,113.44839796918785,-69.17954076861305,1.0681572279915432,0.3951890034364261,0.04834177322943532,-0.11351533915524634,0.20722125415561174,0.1462328565201412,0.09789108329070582,21.621993127147768,157.04490157044972,0.309590649117842,0.0
XRPUSD,atr_banded_adx,30,6,0e2bbea33141,28245,372.0,ok,138.0,0.23451938396176314,588.4375,50.0,6.0,10000.0,-1002.9739562349398,8997.026043765069,-10.029739562349398,13.944642559276144,524.1831821412,-8.98642590625468,-1011.9603821411765,3025.6074686730353,-4028.5814249079754,64.37462699304331,-44.27012554843929,93.96485013753443,-55.405616240999585,0.7510354513294091,0.34057971014492755,-0.14952420288652146,-0.35309091506237694,0.05626422085133883,-0.05925461690844322,0.09026958597807822,23.72463768115942,176.61571920391552,0.28568959246475034,0.0
XRPUSD,atr_arm,60,12,5487f1778e24,14123,1898.0,ok,411.0,0.6984351766621822,588.4583333333334,51.0,535.0,10000.0,-131.51344497244366,9864.983324675559,-1.3151344497244366,10.330288959873727,1530.4263531860001,71.34989178643852,-63.66678353801399,10815.419697017805,-10946.933141990248,63.2480684036129,-45.612221424959365,97.21364049838051,-57.846864928577894,0.9879862749441682,0.41605839416058393,-0.0027141100653029,-0.11771574489791307,0.11996229700115085,0.08182207445818229,0.0845361845234852,14.795620437956204,188.4118094447917,0.26739985823833984,0.0
XRPUSD,atr_banded,60,12,b87917a4e945,14123,520.0,ok,186.0,0.3160801529420095,588.4583333333334,25.0,51.0,10000.0,-103.2195596486772,9896.780440351302,-1.0321955964867722,7.126173239393655,685.4824396088,-28.295879960120214,-131.51543960880917,4756.594320570831,-4859.813880219509,60.98197846885681,-44.998276668699155,97.80303287559998,-56.668084841308584,0.9787605940900733,0.41935483870967744,-0.007614162260653389,-0.17656649408261013,0.16385852147312757,0.07407858118144174,0.08169274344209511,15.510752688172044,198.49046505767637,0.2584104125509764,0.0
XRPUSD,atr_adx,60,12,04beb4cff4c7,14123,898.0,ok,247.0,0.41974084826170077,588.4583333333334,14.0,203.0,10000.0,835.3947405613067,10835.394740561303,8.353947405613066,7.150404600601269,963.1166629766001,65.46109646209464,900.8558370234095,7504.738855993675,-6669.344115432368,68.22489869085159,-48.68134390826546,109.44525111971281,-64.84141685710784,1.1252589049391326,0.44534412955465585,0.06875387156665397,-0.07740862421183939,0.22521594027621405,0.14851652551432645,0.0797626539476725,14.635627530364372,207.6400443704931,0.25222538381258647,0.0
XRPUSD,atr_adx_both,60,12,ff025b438234,14123,535.0,ok,194.0,0.3296749982298378,588.4583333333334,6.0,103.0,10000.0,359.1584740281504,10359.158474028169,3.5915847402815038,4.9664860341777235,719.8317220368001,38.31120393504974,397.46967796321405,5490.877460994106,-5131.718986965956,66.1551501324591,-46.23170258527888,105.46843628725188,-63.7631904554509,1.0699879465224762,0.42783505154639173,0.04008325871652563,-0.13033713379402403,0.20780593682269916,0.11899772422779137,0.07891446551126574,14.618556701030927,211.8397782057571,0.24957885352927311,0.0
XRPUSD,atr_banded_adx,60,12,74612893d7d7,14123,181.0,ok,87.0,0.14784394250513347,588.4583333333334,2.0,8.0,10000.0,-719.2243028289868,9280.77569717101,-7.192243028289867,9.497092308960946,301.40362757560007,-10.842024746611735,-730.0663275756033,1684.0677863518424,-2403.29208918083,54.32476730167234,-42.91593016394339,97.40888004105922,-56.00734025699963,0.7007337118668179,0.3563218390804598,-0.16864329359104674,-0.3876775197646713,0.06235007989031193,-0.09336892918138955,0.07527436440965717,15.770114942528735,215.86003181095205,0.23834312222192464,0.0
XRPUSD,atr_arm,240,48,c9fa0fb9e041,3530,366.0,ok,82.0,0.13937677053824363,588.3333333333334,0.0,91.0,10000.0,-224.41666490303018,9778.920147945802,-2.244166649030302,4.661452865348702,170.41166384180002,7.366701061231459,-218.77577872379516,2010.7991579440743,-2235.215822847104,67.0266385981358,-42.98491967013661,101.06254628765194,-57.99056546627179,0.8995995542760703,0.36585365853658536,-0.0519458734528815,-0.3028212228572998,0.21055533070928106,-0.006685713366878478,0.045260160086003025,12.329268292682928,363.16245842404487,0.14315411676809678,0.0
XRPUSD,atr_banded,240,48,4fa35bae6bb2,3530,94.0,ok,33.0,0.05609065155807365,588.3333333333334,0.0,10.0,10000.0,288.2906417051828,10288.290641705184,2.882906417051828,1.927958437807077,68.03802664599999,-29.302068351182506,258.9885733539959,1000.419033338311,-712.128391633128,66.69460222255407,-39.562688424062664,103.51750692621837,-53.168785635164944,1.4048295856370008,0.45454545454545453,0.17595565189596818,-0.2175791204373208,0.5846287481535561,0.22082737615884707,0.04487172426287891,12.93939393939394,356.367709864874,0.14176566239773114,0.0
XRPUSD,atr_adx,240,48,2a9f6ce5e0de,3530,133.0,ok,41.0,0.06968838526912181,588.3333333333334,0.0,22.0,10000.0,244.40250196081746,10244.402501960822,2.4440250196081745,1.787535245355083,80.8599464676,17.62305157158239,262.0255535323995,1413.8326955967598,-1169.4301936359425,78.54626086648665,-50.84479102764967,103.95607779548428,-57.274888179467155,1.208992809738332,0.43902439024390244,0.12244570893534237,-0.27792528663216637,0.5564329742897719,0.16641027979431497,0.04396457085897257,11.195121951219512,351.4424878231543,0.1388907352278657,0.0
XRPUSD,atr_adx_both,240,48,65d8e682e631,3530,91.0,ok,33.0,0.05609065155807365,588.3333333333334,0.0,15.0,10000.0,101.24585541848973,10101.245855418496,1.0124585541848972,3.6269783904735737,64.5947775452,18.996667036310193,120.24252245479329,1053.4823393631766,-952.2364839446869,70.2321559575451,-52.90202688581594,101.41730468736833,-55.45384922994202,1.1063242767165082,0.45454545454545453,0.06554241749383956,-0.3979427491110841,0.5566390176074754,0.10907866757057696,0.043536250076737434,10.727272727272727,368.04248453885356,0.13761251309562228,0.0
XRPUSD,atr_banded_adx,240,48,319dc61de91e,3530,24.0,ok,8.0,0.013597733711048159,588.3333333333334,0.0,1.0,10000.0,-9.384835304161712,9990.615164695842,-0.09384835304161712,0.5630102249951675,16.257186114,1.3676491901613985,-8.017186114000651,143.30798936252955,-152.69282466669125,28.66159787250591,-50.89760822223042,58.73408252858983,-52.964201327707194,0.9385378106361737,0.625,-0.021554443921768238,-0.5903908607396935,0.5835836250020786,0.019276265750840446,0.0408307096726087,18.25,446.1364649258672,0.12908052157274758,0.0
