symbol,family,timeframe_min,confirm_min,spec_hash,bars,signals,status,trades,trades_per_day,days,rej_cost,rej_cooldown,initial_capital,total_pnl,final_equity,return_pct,max_dd_pct,total_fees,total_funding,optimistic_pnl,gross_win,gross_loss,avg_win,avg_loss,best_trade,worst_trade,profit_factor,win_rate,net_r,net_r_lo,net_r_hi,gross_r,cost_r,bars_held,median_r_bps,avg_leverage,ambiguous_pct
AKEUSD,atr_arm,5,1,5104b68fd7d7,6009,761.0,ok,123.0,5.895157264103845,20.864583333333332,18.0,167.0,10000.0,-1182.4050828830457,8817.594917116956,-11.824050828830456,15.129362985911174,353.89342315600004,-24.6483402729595,-1057.7501787359997,3340.2398940447533,-4522.644976927799,95.43542554413581,-51.39369291963408,119.93373874406394,-56.94091922559632,0.7385589430709096,0.2845528455284553,-0.20270218375615612,-0.42858673320171065,0.045307886598542194,-0.1359708415847533,0.06673134217140274,20.252032520325205,274.50689970130014,0.2094730356506469,0.8130081300813009
AKEUSD,atr_banded,5,1,ddd76a9fda2b,6009,182.0,ok,58.0,2.779830254618073,20.864583333333332,8.0,11.0,10000.0,71.20115440376118,10071.201154403763,0.7120115440376118,5.932312467416386,172.497744332,-13.837898735760803,57.36325566800224,1980.3081284500938,-1909.106974046333,94.30038706905209,-51.59748578503603,101.54394958620182,-58.383752771736894,1.037295528941917,0.3620689655172414,0.02995975083567396,-0.34010161737714717,0.3546820903409328,0.10069863683989828,0.07073888600422436,23.637931034482758,257.511195804036,0.22174391520225542,0.0
AKEUSD,atr_adx,5,1,46cfb055642f,6009,316.0,ok,72.0,3.45082376435347,20.864583333333332,9.0,59.0,10000.0,-357.0206164408421,9642.979383559157,-3.570206164408421,7.934568904602091,211.794523594,-16.3529071531622,-73.28586241000085,2247.817174834685,-2604.837791275527,97.73118151455152,-53.15995492399034,117.53855839668381,-59.728581469108846,0.8629394054260794,0.3194444444444444,-0.09613172826442308,-0.3970337819707176,0.23828496491290885,-0.030304607136263248,0.0658271211281598,20.59722222222222,301.51793491052155,0.20666640931908858,2.7777777777777777
AKEUSD,atr_adx_both,5,1,5af18381228a,6009,170.0,ok,51.0,2.4443334997503747,20.864583333333332,6.0,32.0,10000.0,2.339816310744645,10002.339816310749,0.02339816310744645,4.772071947216309,139.56979584,-9.5836121507487,292.8438653439989,1757.0235019578988,-1754.683685647154,97.61241677543882,-53.17223289839861,117.53855839668381,-60.55814510062426,1.0013334690063422,0.35294117647058826,0.008008655145124357,-0.4040680690365576,0.4043676119210663,0.07079722840369354,0.06278857325856922,25.88235294117647,325.14049280553326,0.19679831816514037,3.9215686274509802
AKEUSD,atr_banded_adx,5,1,57994c89d5b6,6009,40.0,ok,20.0,0.9585621567648528,20.864583333333332,1.0,0.0,10000.0,606.2223138378007,10606.222313837801,6.062223138378007,1.7419793163040125,54.308457148,-6.659770985799798,599.5625428519998,1073.7424059408982,-467.52009210309757,97.61294599462711,-51.94667690034417,108.05317712377885,-56.733796199999794,2.296676493860966,0.55,0.6022985524127898,-0.02334216471215122,1.2113990612357888,0.6689083979628414,0.06660984555005142,28.75,299.6542804444516,0.20810081706265676,0.0
AKEUSD,atr_arm,10,2,f163d3762e74,3004,319.0,ok,52.0,2.492676431424767,20.86111111111111,0.0,53.0,10000.0,-337.2240864658721,9662.775913534115,-3.372240864658721,5.778410839183372,131.21568912,0.44039734587039564,-336.78368912001133,1533.4187522088368,-1870.642838674709,95.8386720130523,-51.96230107429747,110.41009512137256,-61.365237405691424,0.8197282348645534,0.3076923076923077,-0.12853353034222617,-0.48223665961470846,0.2627870450613808,-0.07063003893866794,0.057903491403558244,19.576923076923077,322.6225320861456,0.1813790102348573,0.0
AKEUSD,atr_banded,10,2,9ed1de25559e,3004,89.0,ok,25.0,1.1984021304926764,20.86111111111111,0.0,3.0,10000.0,-116.2090922568006,9883.7909077432,-1.162090922568006,4.177040427881568,52.929738328,12.148353928800898,-104.06073832799848,763.3873406709031,-879.5964329277037,95.42341758386289,-51.7409666428061,98.9109551002911,-54.708911436639696,0.8678836249142086,0.32,-0.09273429148482151,-0.573857447225449,0.3934165516983734,-0.04386400757378072,0.048870283911040764,22.4,379.98168197083237,0.15282529165840697,0.0
AKEUSD,atr_adx,10,2,aeab6dd21ee7,3004,115.0,ok,22.0,1.0545938748335553,20.86111111111111,0.0,10.0,10000.0,-214.29286171419977,9785.707138285796,-2.142928617141998,3.5929084535626536,61.522319921999994,-12.1224582078016,-226.41531992200544,591.1822676422787,-805.4751293564784,98.53037794037978,-50.3421955847799,114.61885992593902,-55.853221700192904,0.7339547133064114,0.2727272727272727,-0.1907199651456761,-0.7418566779986414,0.3864678597541767,-0.1281726146888222,0.0625473504568539,24.59090909090909,336.4133382178904,0.19610862490218117,0.0
AKEUSD,atr_adx_both,10,2,1a9ad1f95ec1,3004,63.0,ok,16.0,0.766977363515313,20.86111111111111,0.0,5.0,10000.0,27.665791387469028,10027.665791387466,0.2766579138746903,1.9404601279854046,45.07360623,13.795602382530296,41.46139376999963,523.8455490984213,-496.17975771095234,87.30759151640355,-49.61797577109523,98.10417029243291,-54.83211738874763,1.0557575978413565,0.375,0.03645720857257778,-0.5857023741118793,0.751960860286971,0.09928900309225316,0.06283179451967537,39.25,336.4133382178904,0.1969476946910141,0.0
AKEUSD,atr_banded_adx,10,2,9d7aaaab8170,3004,18.0,ok,4.0,0.19174434087882825,20.86111111111111,0.0,0.0,10000.0,230.78909043951774,10230.789090439517,2.3078909043951774,0.5276004047787302,6.357138852,6.252770708482399,237.04186114799995,285.05307207951773,-54.26398163999999,95.01769069317258,-54.26398163999999,97.35012174060357,-54.26398163999999,5.253080652478228,0.75,1.1864324669282316,-0.30364263209677506,1.9733587425742751,1.227200384759747,0.04076791783151526,36.5,427.60744568814084,0.126174300505015,0.0
AKEUSD,atr_arm,15,3,6f52cca22769,2002,180.0,ok,27.0,1.2947052947052946,20.854166666666668,0.0,19.0,10000.0,-752.3105103955035,9247.689489604494,-7.523105103955034,7.946647965666616,61.636993335999996,13.201517059503402,-590.0225057259995,372.5186455673127,-1124.8291559628162,93.12966139182818,-48.905615476644186,95.8378308131113,-54.38121781745772,0.3311779780889918,0.14814814814814814,-0.5834334225582514,-0.9464434367817678,-0.14229806120835134,-0.5325285934719253,0.05090482908632586,18.333333333333332,368.4479859638857,0.15960704823208882,3.7037037037037033
AKEUSD,atr_banded,15,3,211009088ad3,2002,51.0,ok,14.0,0.6713286713286712,20.854166666666668,0.0,0.0,10000.0,-138.40337108161071,9861.596628918387,-1.3840337108161072,3.2114190490632586,30.348015714000002,9.4723553676097,-128.93101571400075,385.5620583888092,-523.96542947042,96.3905145972023,-52.39654294704199,97.91107397999993,-58.210881044039255,0.7358540023881018,0.2857142857142857,-0.20057807746872283,-0.8567102383813863,0.4596721773477583,-0.1511424038116722,0.04943567365705063,22.642857142857142,380.26993293225405,0.15466166365923187,0.0
AKEUSD,atr_adx,15,3,202bf6ba8020,2002,62.0,ok,9.0,0.43156843156843155,20.854166666666668,0.0,3.0,10000.0,-185.1332858279744,9814.866714172027,-1.8513328582797437,2.2826589791182963,20.733605825999998,15.6826800019739,-169.45060582599945,184.33763768537418,-369.4709235133485,92.16881884268709,-52.78156050190693,92.80821210669446,-54.92153976165915,0.4989232601377204,0.2222222222222222,-0.4165931578633073,-1.0894460561449129,0.5658251594353598,-0.3646856618691591,0.05190749599414823,15.222222222222221,338.505587882147,0.16194993847666403,0.0
AKEUSD,atr_adx_both,15,3,f332970c01aa,2002,40.0,ok,7.0,0.3356643356643356,20.854166666666668,0.0,3.0,10000.0,-370.21002007036765,9629.789979929634,-3.7021002007036765,3.7021002007036627,20.248460769999998,9.640559300368,-360.56946076999884,0.0,-370.21002007036765,,-52.88714572433823,-50.292894035721986,-54.92153976165915,0.0,0.0,-1.0880163280646928,-1.1139315552628763,-1.0614676162091046,-1.0276781540341149,0.06033817403057774,16.285714285714285,284.9383062911188,0.18988185510890127,0.0
AKEUSD,atr_banded_adx,15,3,aec9aca1a8a6,2002,12.0,ok,1.0,0.04795204795204795,20.854166666666668,0.0,0.0,10000.0,96.05257574294768,10096.052575742948,0.9605257574294769,0.009309644400000252,1.186224872,-0.4148006149476,95.6377751279997,96.05257574294768,0.0,96.05257574294768,,96.05257574294768,96.05257574294768,inf,1.0,1.984065433011404,1.984065433011404,1.984065433011404,2.022525502415684,0.038460069404280095,20.0,410.8156913061023,0.11672245079540716,0.0
AKEUSD,atr_arm,20,4,ccdab7826ea4,1501,103.0,ok,15.0,0.7195203197868089,20.84722222222222,0.0,7.0,10000.0,-138.08530370468628,9861.914696295315,-1.3808530370468628,3.7992339859952753,28.931029061999997,-0.2437253573139,-138.32902906199888,386.72767392864495,-524.8129776333312,96.68191848216124,-47.7102706939392,108.88399979143806,-52.1172547500002,0.7368866442148811,0.26666666666666666,-0.1829513142156239,-0.800509286430066,0.5773326531115989,-0.1389562908536412,0.04399502336198262,14.133333333333333,436.06471816284005,0.13688194551295008,0.0
AKEUSD,atr_banded,20,4,3db8c4955797,1501,28.0,ok,8.0,0.3837441705529647,20.84722222222222,0.0,0.0,10000.0,-256.4675617427942,9743.532438257205,-2.564675617427942,2.5646756174279473,16.412195882,-2.9696341392061,-259.4371958820011,97.35732614850858,-353.8248878913028,97.35732614850858,-50.5464125559004,97.35732614850858,-52.1172547500002,0.2751568063194507,0.125,-0.6595046672656677,-1.0459973536675156,0.09969427577973627,-0.6155176444697191,0.04398702279594857,11.875,457.8291158742521,0.13766789547993688,0.0
AKEUSD,atr_adx,20,4,0f8e94b35819,1501,40.0,ok,5.0,0.23984010659560295,20.84722222222222,0.0,2.0,10000.0,48.83534933667201,10048.83534933667,0.48835349336672007,1.42034422916131,8.89484223,14.190808433328002,63.02615776999846,186.19541870896825,-137.36006937229624,93.09770935448412,-45.786689790765415,94.31795680480066,-50.548123199999885,1.3555279897559622,0.4,0.19815419155832972,-0.9818442840918739,1.3781526672085334,0.24253845617436118,0.044384264616031566,24.8,398.38268521821885,0.13720235234791348,0.0
AKEUSD,atr_adx_both,20,4,643e7257a150,1501,25.0,ok,5.0,0.23984010659560295,20.84722222222222,0.0,1.0,10000.0,48.83534933667201,10048.83534933667,0.48835349336672007,1.42034422916131,8.89484223,14.190808433328002,63.02615776999846,186.19541870896825,-137.36006937229624,93.09770935448412,-45.786689790765415,94.31795680480066,-50.548123199999885,1.3555279897559622,0.4,0.19815419155832972,-0.9818442840918739,1.3781526672085334,0.24253845617436118,0.044384264616031566,24.8,398.38268521821885,0.13720235234791348,0.0
AKEUSD,atr_banded_adx,20,4,351dd56d478c,1501,9.0,ok,1.0,0.04796802131912059,20.84722222222222,0.0,0.0,10000.0,97.35732614850858,10097.357326148509,0.9735732614850858,0.008626594599991223,1.097220332,-0.3825464805084,96.97477966800034,97.35732614850858,0.0,97.35732614850858,,97.35732614850858,97.35732614850858,inf,1.0,1.9854255271333048,1.9854255271333048,1.9854255271333048,2.020610267324185,0.03518474019088023,14.0,449.05831091216385,0.10814453373579064,0.0
AKEUSD,atr_arm,30,6,c1286ae7a972,1000,51.0,ok,4.0,0.192,20.833333333333332,0.0,2.0,10000.0,-180.96344624593718,9819.036553754064,-1.8096344624593717,1.8216034287961331,7.770477920000001,11.442968325937,-169.5204779199994,0.0,-180.96344624593718,,-45.240861561484294,-28.284075326157215,-53.70756019138242,0.0,0.0,-0.9354430571280425,-1.0889392565135165,-0.6980693467460038,-0.8950653600034247,0.04037769712461776,30.0,386.40777803233107,0.125266896601124,0.0
AKEUSD,atr_banded,30,6,ebf2b8df2b76,1000,13.0,ok,2.0,0.096,20.833333333333332,0.0,0.0,10000.0,-85.61201311147414,9914.387986888523,-0.8561201311147414,0.8561201311147669,3.8049338800000005,16.6210792314738,-68.99093388000074,0.0,-85.61201311147414,,-42.80600655573707,-28.284075326157215,-57.32793778531693,0.0,0.0,-0.8828644387469642,-1.1830926569530456,-0.5826362205408828,-0.8431140614730991,0.03975037727386503,48.0,409.43348347094314,0.12294776087585256,0.0
AKEUSD,atr_adx,30,6,dc0355172875,1000,16.0,ok,2.0,0.096,20.833333333333332,0.0,0.0,10000.0,-104.5724945913824,9895.42750540862,-1.045724945913824,1.0457249459138074,3.67856548,4.2579291113824,-100.31456547999915,0.0,-104.5724945913824,,-52.2862472956912,-50.864934399999974,-53.70756019138242,0.0,0.0,-1.08243179854172,-1.120494871722073,-1.0443687253613667,-1.0436263514080615,0.03880544713365837,15.5,418.3737001333743,0.11982753381380443,0.0
AKEUSD,atr_adx_both,30,6,b933a9bd20a9,1000,10.0,ok,1.0,0.048,20.833333333333332,0.0,0.0,10000.0,-53.70756019138242,9946.292439808618,-0.5370756019138242,0.5370756019138208,1.5176310800000001,4.2579291113824,-49.44963108000047,0.0,-53.70756019138242,,-53.70756019138242,-53.70756019138242,-53.70756019138242,0.0,0.0,-1.120494871722073,-1.120494871722073,-1.120494871722073,-1.088042702816123,0.03245216890595008,25.0,486.8703859452389,0.09898080173670655,0.0
AKEUSD,atr_banded_adx,30,6,0e2bbea33141,1000,6.0,ok,0.0,0.0,20.833333333333332,0.0,0.0,10000.0,0.0,10000.0,0.0,0.0,0.0,0.0,0.0,0.0,0.0,,,,,,,,,,,,0.0,,0.0,
AKEUSD,atr_arm,45,9,ff3568a394fd,667,32.0,ok,1.0,0.047976011994003,20.84375,0.0,0.0,10000.0,-51.31582038000006,9948.684179619999,-0.5131582038000005,0.5131582038000124,1.7978203799999997,0.0,-51.31582038000124,0.0,-51.31582038000006,,-51.31582038000006,-51.31582038000006,-51.31582038000006,0.0,0.0,-1.036306401308615,-1.036306401308615,-1.036306401308615,-0.9992099999999999,0.037096401308615,2.0,425.9173246632611,0.11686168532534595,0.0
AKEUSD,atr_banded,45,9,9dd327245f0d,667,15.0,ok,0.0,0.0,20.84375,0.0,0.0,10000.0,0.0,10000.0,0.0,0.0,0.0,0.0,0.0,0.0,0.0,,,,,,,,,,,,0.0,,0.0,
AKEUSD,atr_adx,45,9,9c9c9f59c90b,667,0.0,ok,0.0,0.0,20.84375,0.0,0.0,10000.0,0.0,10000.0,0.0,0.0,0.0,0.0,0.0,0.0,0.0,,,,,,,,,,,,0.0,,0.0,
AKEUSD,atr_adx_both,45,9,25bf02111997,667,0.0,ok,0.0,0.0,20.84375,0.0,0.0,10000.0,0.0,10000.0,0.0,0.0,0.0,0.0,0.0,0.0,0.0,,,,,,,,,,,,0.0,,0.0,
AKEUSD,atr_banded_adx,45,9,e03f7a408d85,667,0.0,ok,0.0,0.0,20.84375,0.0,0.0,10000.0,0.0,10000.0,0.0,0.0,0.0,0.0,0.0,0.0,0.0,,,,,,,,,,,,0.0,,0.0,
AKEUSD,atr_arm,60,12,5487f1778e24,500,14.0,ok,1.0,0.048,20.833333333333332,0.0,0.0,10000.0,-52.518251293379926,9947.48174870662,-0.5251825129337993,0.5251825129338067,1.67481975,0.9184315433800001,-51.59981975000119,0.0,-52.518251293379926,,-52.518251293379926,-52.518251293379926,-52.518251293379926,0.0,0.0,-1.0519429402780172,-1.0519429402780172,-1.0519429402780172,-1.017606225205408,0.034336715072608964,1.0,460.1488513560214,0.1090703182381882,0.0
AKEUSD,atr_banded,60,12,b87917a4e945,500,6.0,ok,0.0,0.0,20.833333333333332,0.0,0.0,10000.0,0.0,10000.0,0.0,0.0,0.0,0.0,0.0,0.0,0.0,,,,,,,,,,,,0.0,,0.0,
AKEUSD,atr_adx,60,12,04beb4cff4c7,500,0.0,ok,0.0,0.0,20.833333333333332,0.0,0.0,10000.0,0.0,10000.0,0.0,0.0,0.0,0.0,0.0,0.0,0.0,,,,,,,,,,,,0.0,,0.0,
AKEUSD,atr_adx_both,60,12,ff025b438234,500,0.0,ok,0.0,0.0,20.833333333333332,0.0,0.0,10000.0,0.0,10000.0,0.0,0.0,0.0,0.0,0.0,0.0,0.0,,,,,,,,,,,,0.0,,0.0,
AKEUSD,atr_banded_adx,60,12,74612893d7d7,500,0.0,ok,0.0,0.0,20.833333333333332,0.0,0.0,10000.0,0.0,10000.0,0.0,0.0,0.0,0.0,0.0,0.0,0.0,,,,,,,,,,,,0.0,,0.0,
BANKUSD,atr_arm,5,1,5104b68fd7d7,6009,641.0,ok,103.0,4.9365951073389915,20.864583333333332,2.0,108.0,10000.0,-220.78020714861924,9779.21979285138,-2.207802071486192,7.915026120100767,314.71497475,-17.127767601381503,-237.90797475,3354.5741559185312,-3575.35436306715,95.84497588338661,-52.578740633340445,106.78997956176302,-73.64518174979662,0.9382494195738348,0.33980582524271846,-0.03850362216504251,-0.30938549231868256,0.24943641587657422,0.031970656633718904,0.0704742787987614,24.66990291262136,254.34279954941698,0.22237576839464873,0.0
BANKUSD,atr_banded,5,1,ddd76a9fda2b,6009,133.0,ok,45.0,2.1567648527209187,20.864583333333332,1.0,3.0,10000.0,325.59068875638997,10325.590688756396,3.2559068875638997,4.265080487179438,129.96457013000006,-16.178258886387702,309.41242987000624,1789.2351062573866,-1463.6444175009965,99.40195034763259,-54.209052500036904,109.8105924804334,-70.97800903115215,1.222452041536358,0.4,0.149953705251274,-0.27201122974468306,0.6129513139575917,0.21628200544451787,0.06632830019324391,24.844444444444445,279.54101562500006,0.2093052993088383,0.0
BANKUSD,atr_adx,5,1,46cfb055642f,6009,256.0,ok,53.0,2.54018971542686,20.864583333333332,0.0,43.0,10000.0,666.1651040130284,10666.165104013035,6.661651040130284,3.15090701127411,159.435280066,-15.098384079030001,651.0667199340023,2294.523647532748,-1628.358543519719,99.76189771881512,-54.278618117323965,113.38912126421,-60.257561320000576,1.4091022254675583,0.4339622641509434,0.2498074413415092,-0.1476946961229327,0.6650120114857405,0.31780716226493183,0.06799972092342266,26.660377358490567,269.2119432207547,0.2145774380234892,0.0
BANKUSD,atr_adx_both,5,1,5af18381228a,6009,128.0,ok,38.0,1.8212680978532203,20.864583333333332,0.0,25.0,10000.0,-44.94215820447859,9955.057841795526,-0.44942158204478594,4.4399260351219665,115.98639331400001,-24.388235109521897,-69.33039331399596,1282.1635891175208,-1327.1057473219992,98.62796839365545,-53.08422989287997,116.39715716466324,-70.72833146571473,0.9661352094245931,0.34210526315789475,-0.020321529342503794,-0.45912439968371677,0.45388618278937304,0.04891028103606245,0.06923181037856631,23.157894736842106,263.3237688346328,0.21832065397210645,0.0
BANKUSD,atr_banded_adx,5,1,57994c89d5b6,6009,46.0,ok,17.0,0.8147778332501249,20.864583333333332,1.0,1.0,10000.0,141.80008249442398,10141.80008249442,1.4180008249442397,2.569033875355151,52.866718404000004,-1.0648008984216002,140.73528159600028,703.9277462019448,-562.1276637075208,100.56110660027784,-56.21276637075208,108.06756720296622,-69.69656052306716,1.2522560116667798,0.4117647058823529,0.17494918978284693,-0.5648351913539528,0.9237261514748031,0.24446613740250336,0.06951694761965636,35.8235294117647,233.6130641868896,0.21980769661278643,0.0
BANKUSD,atr_arm,10,2,f163d3762e74,3004,297.0,ok,44.0,2.1091877496671105,20.86111111111111,0.0,43.0,10000.0,427.2858605040131,10427.28586050401,4.272858605040131,2.4180770962162677,101.51048216800002,-55.14734267201519,523.1824917259964,1812.5779574968003,-1385.2920969927875,100.6987754164889,-53.280465268953364,120.14233440484787,-79.63164484766418,1.3084445954983583,0.4090909090909091,0.19648087359139274,-0.22985983286825798,0.6340057127994602,0.24860170406733237,0.05212083047593962,26.727272727272727,325.345993856734,0.1642535959615462,2.272727272727273
BANKUSD,atr_banded,10,2,9ed1de25559e,3004,65.0,ok,17.0,0.81491344873502,20.86111111111111,0.0,1.0,10000.0,186.46727510309253,10186.467275103092,1.8646727510309251,2.0920300837567627,34.806331296,-49.1006063990927,137.36666870399858,694.6659930306207,-508.1987179275283,99.23799900437439,-50.819871792752835,117.63936910474689,-53.194869999999966,1.3669180352589625,0.4117647058823529,0.2238277645643753,-0.48674159940312167,0.9321408123946642,0.2711449135329058,0.047317148968530516,32.8235294117647,337.3881110856076,0.14904347467197293,0.0
BANKUSD,atr_adx,10,2,aeab6dd21ee7,3004,117.0,ok,22.0,1.0545938748335553,20.86111111111111,0.0,12.0,10000.0,344.12900725226797,10344.12900725227,3.44129007252268,1.60952077084743,43.165463276000004,-9.463470528268903,334.66553672400187,974.8347679842751,-630.7057607320071,97.48347679842752,-52.558813394333924,119.42720146196189,-67.12552957029457,1.5456252799290535,0.45454545454545453,0.31218899080764095,-0.2919964141469048,0.9095952751238117,0.3593351302221858,0.047146139414544826,28.681818181818183,343.5774618190532,0.14802403198022548,0.0
BANKUSD,atr_adx_both,10,2,1a9ad1f95ec1,3004,66.0,ok,19.0,0.9107856191744341,20.86111111111111,0.0,6.0,10000.0,186.0550315174838,10186.05503151748,1.860550315174838,2.3711085278114297,37.67724991800001,-12.125281435484297,173.92975008199937,758.603260942683,-572.5482294251992,94.82540761783538,-52.049839038654476,117.63936910474689,-65.51635591621218,1.3249595788712347,0.42105263157894735,0.19795681611422916,-0.46594635114082844,0.8532890806810074,0.24498946257339807,0.047032646459168936,27.736842105263158,358.9899604502579,0.14773532472611992,0.0
BANKUSD,atr_banded_adx,10,2,9d7aaaab8170,3004,32.0,ok,7.0,0.3355525965379494,20.86111111111111,0.0,0.0,10000.0,259.7443333636988,10259.744333363695,2.597443333636988,1.0138300377409772,13.489376862,-46.6487102256987,213.0956231379987,404.8231976652952,-145.0788643015964,101.2057994163238,-48.35962143386547,118.35450204763288,-50.60183993156175,2.7903664645715085,0.5714285714285714,0.7404530301042695,-0.4998643775867828,1.6912995522167018,0.7873641469105311,0.04691111680626155,58.142857142857146,337.3881110856076,0.1475922247662342,0.0
BANKUSD,atr_arm,15,3,6f52cca22769,2002,167.0,ok,20.0,0.959040959040959,20.854166666666668,0.0,12.0,10000.0,140.7169131771218,10140.71691317713,1.407169131771218,2.779294182162039,38.877788806000005,16.120298016877708,156.83721119400798,797.3071278623396,-656.5902146852179,99.66339098279245,-54.71585122376816,114.21529769909678,-70.74486845751731,1.2143146669412126,0.4,0.1475389070048076,-0.49909713368868724,0.79124654815735,0.192469260623528,0.044930353618720394,20.8,409.65705707517884,0.14151923497692184,0.0
BANKUSD,atr_banded,15,3,211009088ad3,2002,35.0,ok,5.0,0.23976023976023975,20.854166666666668,0.0,0.0,10000.0,-108.73448967446893,9891.265510325527,-1.0873448967446893,1.5757417344400708,12.757530572,-3.9970408975308,-112.73153057200216,101.10403140586294,-209.83852108033187,101.10403140586294,-52.45963027008297,101.10403140586294,-53.330515836327606,0.48181826141996864,0.2,-0.43526048238101983,-1.0711386970781973,0.8146272042028748,-0.380486205649298,0.05477427673172167,13.2,352.1681997371885,0.17337723787159642,0.0
BANKUSD,atr_adx,15,3,202bf6ba8020,2002,87.0,ok,10.0,0.4795204795204795,20.854166666666668,0.0,4.0,10000.0,210.33680314202562,10210.336803142025,2.1033680314202563,1.744934834248742,20.5850191,19.406177757973502,229.74298090000048,499.60299687824454,-289.266193736219,99.9205993756489,-57.8532387472438,113.29201007161194,-70.9939701070156,1.7271392499250398,0.5,0.4242087145721386,-0.5107391035285542,1.372200413002963,0.472963031150236,0.0487543165780974,27.7,352.4230708923696,0.15372852803253903,0.0
BANKUSD,atr_adx_both,15,3,f332970c01aa,2002,43.0,ok,9.0,0.43156843156843155,20.854166666666668,0.0,2.0,10000.0,115.11322171322632,10115.113221713225,1.1511322171322633,1.760082954739789,17.727299748,13.764478538772806,128.87770025199825,402.6381765411366,-287.5249548279103,100.65954413528415,-57.50499096558205,112.08677592191395,-70.49576680801901,1.4003590637276129,0.4444444444444444,0.2667828531557154,-0.7649021588410743,1.3237989193423518,0.31346389293345545,0.04668103977773996,23.77777777777778,371.9256148770261,0.14699773183853976,0.0
BANKUSD,atr_banded_adx,15,3,aec9aca1a8a6,2002,19.0,ok,2.0,0.0959040959040959,20.854166666666668,0.0,0.0,10000.0,51.08053641850287,10051.080536418505,0.5108053641850286,0.5232062944766949,3.420662076,-5.0151984945027,46.06533792400114,102.32215226617454,-51.241615847671675,102.32215226617454,-51.241615847671675,102.32215226617454,-51.241615847671675,1.99685647248815,0.5,0.5160945014297309,-1.025447585504737,2.0576365883641987,0.5581581806615944,0.04206367923186352,10.5,375.9985374455616,0.13268537411238268,0.0
BANKUSD,atr_arm,20,4,ccdab7826ea4,1501,115.0,ok,13.0,0.6235842771485677,20.84722222222222,0.0,8.0,10000.0,-86.6529053929338,9913.347094607067,-0.866529053929338,2.3196672254128794,22.75097737,14.350928022933601,-72.30197737000344,387.7044157661448,-474.3573211590786,96.9261039415362,-52.7063690176754,99.41496623956921,-60.72009505137167,0.8173256709073239,0.3076923076923077,-0.13447148627517888,-0.8403052581521185,0.5841535686127741,-0.09543446691747574,0.03903701935770321,15.692307692307692,450.99635223538553,0.12290368094609794,0.0
BANKUSD,atr_banded,20,4,3db8c4955797,1501,20.0,ok,4.0,0.19187208527648236,20.84722222222222,0.0,0.0,10000.0,-53.93830741461917,9946.061692585381,-0.5393830741461917,1.0382246436172682,7.099469408,-3.0451619933805,-56.98346940800002,97.52072695200015,-151.4590343666193,97.52072695200015,-50.486344788873105,97.52072695200015,-51.64655140172556,0.6438752720154219,0.25,-0.27065172967533,-1.0432955484059958,1.2247145553410608,-0.23165845303040936,0.038993276644920666,5.5,424.85615863168596,0.12276608346743359,0.0
BANKUSD,atr_adx,20,4,0f8e94b35819,1501,55.0,ok,8.0,0.3837441705529647,20.84722222222222,0.0,6.0,10000.0,-131.39051306732676,9868.60948693267,-1.3139051306732676,2.2853351414753984,16.314870294000002,13.633642773326201,-117.75687029400069,197.58887480132904,-328.9793878686558,98.79443740066452,-54.8298979781093,99.41496623956921,-60.98069631768657,0.6006117163796776,0.25,-0.32417356525598023,-1.1112399762408331,0.4701794172939009,-0.2801712076124534,0.04400235764352692,15.375,393.72722698163875,0.13907552665044365,0.0
BANKUSD,atr_adx_both,20,4,643e7257a150,1501,27.0,ok,6.0,0.28780812791472354,20.84722222222222,0.0,3.0,10000.0,-26.987142372256784,9973.012857627738,-0.26987142372256784,1.6878852417620562,12.031196910000002,12.0709454622564,-14.916196910000508,195.6805538502709,-222.6676962225277,97.84027692513546,-55.666924055631924,98.78749549027086,-60.98069631768657,0.8788008192024109,0.3333333333333333,-0.07914922365297265,-1.1212389789173811,0.9733268711404371,-0.03482192330844643,0.044327300344526255,17.333333333333332,393.72722698163875,0.13987488997437017,0.0
BANKUSD,atr_banded_adx,20,4,351dd56d478c,1501,4.0,ok,2.0,0.09593604263824118,20.84722222222222,0.0,0.0,10000.0,-99.90342144789976,9900.096578552102,-0.9990342144789977,0.9990342144789792,3.9668665000000005,-3.7134450520999995,-103.61686649999865,0.0,-99.90342144789976,,-49.95171072394988,-48.35615994789992,-51.54726149999984,0.0,0.0,-1.002469085976843,-1.0319772072072073,-0.9729609647464789,-0.9618513978661971,0.04061768811064595,4.5,404.088272345123,0.12906262126811974,0.0
BANKUSD,atr_arm,30,6,c1286ae7a972,1000,46.0,ok,4.0,0.192,20.833333333333332,0.0,0.0,10000.0,-210.1974478059706,9789.802552194033,-2.101974478059706,2.101974478059674,7.119385200000001,4.934062605970501,-205.26338519999808,0.0,-210.1974478059706,,-52.54936195149265,-50.14025364230403,-57.793536043666556,0.0,0.0,-1.0606361536791216,-1.12794522910545,-1.0162194125915849,-1.0250939488169757,0.035542204862145876,9.5,435.03459205568623,0.11293985262938093,0.0
BANKUSD,atr_banded,30,6,ebf2b8df2b76,1000,6.0,ok,1.0,0.048,20.833333333333332,0.0,0.0,10000.0,-51.70603035999985,9948.29396964,-0.5170603035999985,0.517060303599992,1.8420303599999999,0.0,-51.706030359999204,0.0,-51.70603035999985,,-51.70603035999985,-51.70603035999985,-51.70603035999985,0.0,0.0,-1.0369410869565219,-1.0369410869565219,-1.0369410869565219,-0.99921,0.03773108695652186,3.0,418.7528447883465,0.1196963020628441,0.0
BANKUSD,atr_adx,30,6,dc0355172875,1000,20.0,ok,3.0,0.14400000000000002,20.833333333333332,0.0,0.0,10000.0,-159.06742856597043,9840.93257143403,-1.5906742856597045,1.5906742856596976,5.221365960000001,4.934062605970501,-154.13336596000045,0.0,-159.06742856597043,,-53.02247618865681,-50.14025364230403,-57.793536043666556,0.0,0.0,-1.0679993543307829,-1.1582799431550925,-1.008777032880734,-1.033195265089301,0.03480408924148189,11.0,451.31633932302594,0.1105283485956861,0.0
BANKUSD,atr_adx_both,30,6,b933a9bd20a9,1000,7.0,ok,3.0,0.14400000000000002,20.833333333333332,0.0,0.0,10000.0,-155.36765824110404,9844.632341758896,-1.5536765824110403,1.5536765824110443,5.15115234,1.2505059011040003,-154.11715234000076,0.0,-155.36765824110404,,-51.789219413701346,-50.14025364230403,-54.09376571880015,0.0,0.0,-1.0428921308286345,-1.0829582726486484,-1.008777032880734,-1.0085695013802793,0.03432262944835541,7.333333333333333,470.7379134860065,0.10899675593138551,0.0
BANKUSD,atr_banded_adx,30,6,0e2bbea33141,1000,1.0,ok,1.0,0.048,20.833333333333332,0.0,0.0,10000.0,-51.70603035999985,9948.29396964,-0.5170603035999985,0.517060303599992,1.8420303599999999,0.0,-51.706030359999204,0.0,-51.70603035999985,,-51.70603035999985,-51.70603035999985,-51.70603035999985,0.0,0.0,-1.0369410869565219,-1.0369410869565219,-1.0369410869565219,-0.99921,0.03773108695652186,3.0,418.7528447883465,0.1196963020628441,0.0
BANKUSD,atr_arm,45,9,ff3568a394fd,667,23.0,ok,0.0,0.0,20.84375,0.0,0.0,10000.0,0.0,10000.0,0.0,0.0,0.0,0.0,0.0,0.0,0.0,,,,,,,,,,,,0.0,,0.0,
BANKUSD,atr_banded,45,9,9dd327245f0d,667,0.0,ok,0.0,0.0,20.84375,0.0,0.0,10000.0,0.0,10000.0,0.0,0.0,0.0,0.0,0.0,0.0,0.0,,,,,,,,,,,,0.0,,0.0,
BANKUSD,atr_adx,45,9,9c9c9f59c90b,667,6.0,ok,0.0,0.0,20.84375,0.0,0.0,10000.0,0.0,10000.0,0.0,0.0,0.0,0.0,0.0,0.0,0.0,,,,,,,,,,,,0.0,,0.0,
BANKUSD,atr_adx_both,45,9,25bf02111997,667,4.0,ok,0.0,0.0,20.84375,0.0,0.0,10000.0,0.0,10000.0,0.0,0.0,0.0,0.0,0.0,0.0,0.0,,,,,,,,,,,,0.0,,0.0,
BANKUSD,atr_banded_adx,45,9,e03f7a408d85,667,0.0,ok,0.0,0.0,20.84375,0.0,0.0,10000.0,0.0,10000.0,0.0,0.0,0.0,0.0,0.0,0.0,0.0,,,,,,,,,,,,0.0,,0.0,
BANKUSD,atr_arm,60,12,5487f1778e24,500,14.0,ok,0.0,0.0,20.833333333333332,0.0,0.0,10000.0,0.0,10000.0,0.0,0.0,0.0,0.0,0.0,0.0,0.0,,,,,,,,,,,,0.0,,0.0,
BANKUSD,atr_banded,60,12,b87917a4e945,500,0.0,ok,0.0,0.0,20.833333333333332,0.0,0.0,10000.0,0.0,10000.0,0.0,0.0,0.0,0.0,0.0,0.0,0.0,,,,,,,,,,,,0.0,,0.0,
BANKUSD,atr_adx,60,12,04beb4cff4c7,500,4.0,ok,0.0,0.0,20.833333333333332,0.0,0.0,10000.0,0.0,10000.0,0.0,0.0,0.0,0.0,0.0,0.0,0.0,,,,,,,,,,,,0.0,,0.0,
BANKUSD,atr_adx_both,60,12,ff025b438234,500,4.0,ok,0.0,0.0,20.833333333333332,0.0,0.0,10000.0,0.0,10000.0,0.0,0.0,0.0,0.0,0.0,0.0,0.0,,,,,,,,,,,,0.0,,0.0,
BANKUSD,atr_banded_adx,60,12,74612893d7d7,500,0.0,ok,0.0,0.0,20.833333333333332,0.0,0.0,10000.0,0.0,10000.0,0.0,0.0,0.0,0.0,0.0,0.0,0.0,,,,,,,,,,,,0.0,,0.0,
BEATUSD,atr_arm,5,1,5104b68fd7d7,62961,7452.0,ok,876.0,4.007051984561872,218.61458333333334,118.0,944.0,10000.0,-1419.7565385209887,8580.243461479035,-14.197565385209888,29.793772581649524,2475.958927346,-25.028388825006786,-1444.784927345967,25030.369777114734,-26450.12631563572,82.33674268787742,-46.24147957278972,114.61219768902191,-66.6668893792597,0.9463232605554057,0.3470319634703196,-0.029525382024952206,-0.12316265866152194,0.07282366241095223,0.04458871081323414,0.07411409283818635,24.162100456621005,234.3635898078422,0.23351766866315551,0.0
BEATUSD,atr_banded,5,1,ddd76a9fda2b,62961,1965.0,ok,448.0,2.0492685948444276,218.61458333333334,40.0,87.0,10000.0,-1601.7038808050356,8398.296119194967,-16.01703880805036,21.53320373540733,1359.2757103640001,-82.69482955897251,-1684.3987103640047,13063.771346159916,-14665.47522696495,87.67631775946252,-49.04841213031756,113.09520788165396,-63.13930440507329,0.890784045111608,0.3325892857142857,-0.07373891438164366,-0.20688683826456902,0.057114529259738936,0.0010322839787789229,0.07477119836042258,23.265625,227.14240922481397,0.2355840976097266,0.0
BEATUSD,atr_adx,5,1,46cfb055642f,62961,3043.0,ok,485.0,2.218516224329347,218.61458333333334,25.0,365.0,10000.0,-898.9256406661577,9101.074359333852,-8.989256406661578,17.100744132975016,1395.114209364,77.4644313021644,-821.4612093639898,14990.88967333853,-15889.815314004689,88.70348919135225,-50.284225677230026,112.42941780733929,-66.0832323583948,0.9434275589173223,0.34845360824742266,-0.03304855941575825,-0.1566448033777317,0.10440545477038814,0.03636780424316786,0.06941636365892612,25.709278350515465,255.54918502743791,0.21872069014055934,0.0
BEATUSD,atr_adx_both,5,1,5af18381228a,62961,1762.0,ok,336.0,1.5369514461333205,218.61458333333334,12.0,178.0,10000.0,-841.6135056734727,9158.386494326502,-8.416135056734726,18.143509348957497,902.23930931,34.98519636347561,-806.628309310021,9886.108851184197,-10727.722356857666,85.96616392334084,-48.541730121527905,111.66925341870363,-62.579027182459164,0.9215477920030741,0.34226190476190477,-0.046395627468227466,-0.19419911101188106,0.10800119529896551,0.020360412536761564,0.06675604000498903,26.071428571428573,265.1198695549025,0.21028267515960758,0.0
BEATUSD,atr_banded_adx,5,1,57994c89d5b6,62961,632.0,ok,182.0,0.8325153666555486,218.61458333333334,6.0,26.0,10000.0,-862.0988282473675,9137.901171752623,-8.620988282473675,13.917442654796272,538.956789152,-75.9039609046356,-938.0027891520131,5398.999269849456,-6261.098098096823,91.50846220083824,-50.903236569892876,110.63968762012712,-63.523421309530086,0.8623086853551427,0.3241758241758242,-0.09635037647351652,-0.29989156340182826,0.10571558012803697,-0.026785407879002562,0.06956496859451398,22.384615384615383,249.80085421274384,0.21916894383112745,0.0
BEATUSD,atr_arm,10,2,f163d3762e74,31465,3774.0,ok,370.0,1.6933100270141426,218.50694444444446,0.0,292.0,10000.0,678.103902278016,10678.103902278046,6.78103902278016,11.616581710367337,882.4658801120001,-17.639782390011902,660.4641198880217,12379.934912389372,-11701.831010111357,91.02893317933362,-50.007824829535714,106.53532892596492,-80.39629379057098,1.0579485297379596,0.3675675675675676,0.0417586865167518,-0.10488650733459584,0.1878892555716901,0.09930053807369897,0.05754185155694716,22.77027027027027,310.9358896935456,0.18107723422603172,0.0
BEATUSD,atr_banded,10,2,9ed1de25559e,31465,950.0,ok,179.0,0.8191959319879231,218.50694444444446,2.0,21.0,10000.0,-991.3650000893946,9008.634999910588,-9.913650000893947,16.291339202928526,411.55810160600004,-149.15310151660842,-1140.518101606005,4835.186800959484,-5826.551801048879,86.34262144570506,-47.37033984592584,122.0768602561098,-76.74191680009046,0.8298539112085244,0.3128491620111732,-0.11292471742667595,-0.30851223897894003,0.09625670389277423,-0.056412258824273386,0.0565124586024026,22.905027932960895,317.17123935667007,0.17785674562202863,0.0
BEATUSD,atr_adx,10,2,aeab6dd21ee7,31465,1311.0,ok,158.0,0.7230891466709042,218.50694444444446,0.0,72.0,10000.0,-656.3481329188562,9343.651867081155,-6.563481329188563,11.563433565640226,346.36991241199996,0.3622205068559978,-655.9859124119921,4499.369076516466,-5155.71720943532,88.22292306895031,-48.18427298537682,105.2695656755838,-74.54929060580217,0.8726950865889829,0.3227848101265823,-0.08034911269179418,-0.29612540278098837,0.13769586249073912,-0.027505858617101576,0.05284325407469263,23.449367088607595,333.7017591489483,0.1663254916969601,0.0
BEATUSD,atr_adx_both,10,2,1a9ad1f95ec1,31465,774.0,ok,110.0,0.5034164945177181,218.50694444444446,0.0,43.0,10000.0,-554.7250310669215,9445.27496893309,-5.547250310669215,9.455234409483454,238.77335823,-26.472327163080305,-581.1973582299906,3153.965775382611,-3708.6908064495315,90.1133078680746,-49.44921075266042,105.51462302355786,-77.47279219818657,0.8504256461330677,0.3181818181818182,-0.09884285765981428,-0.34717643354283484,0.18831862539344804,-0.04724055384942201,0.051602303810392276,21.154545454545456,335.48914850334074,0.16257251041697732,0.0
BEATUSD,atr_banded_adx,10,2,9d7aaaab8170,31465,266.0,ok,57.0,0.26086127443190843,218.50694444444446,0.0,5.0,10000.0,-165.25165116077136,9834.748348839223,-1.6525165116077136,7.911704057633978,129.852702814,-44.799051653229505,-210.05070281400913,1732.0877159166512,-1897.3393670774228,91.16251136403427,-49.929983344142705,104.98197764215507,-80.39629379057098,0.912903482619813,0.3333333333333333,-0.054855152881945916,-0.3910008187145932,0.3103764182877226,-0.001587671226841864,0.05326748165510406,23.17543859649123,339.20417482061384,0.16754558217250515,0.0
BEATUSD,atr_arm,15,3,6f52cca22769,20970,2313.0,ok,195.0,0.8927038626609443,218.4375,0.0,129.0,10000.0,-1309.344749717502,8690.655250282507,-13.09344749717502,20.709162127666445,385.849613364,64.730136353506,-1244.614613363985,5138.324937646325,-6447.669687363828,84.23483504338239,-48.1169379654017,106.16506742399129,-77.40410968819171,0.7969274461618959,0.3128205128205128,-0.139572277379543,-0.3261107470221767,0.050145261683316886,-0.09063091470152244,0.04894136267802056,21.620512820512822,374.4524024754882,0.15400126194516173,0.0
BEATUSD,atr_banded,15,3,211009088ad3,20970,564.0,ok,96.0,0.4394849785407725,218.4375,0.0,12.0,10000.0,-1389.3015664561044,8610.698433543886,-13.893015664561045,16.374943021428965,192.03739324600002,82.2551732101069,-1307.0463932459952,2095.766509305102,-3485.0680757612067,83.83066037220408,-49.08546585579165,101.088185254107,-78.59037956847051,0.6013559746167499,0.2604166666666667,-0.3100616091143578,-0.5723330059204494,-0.051522475849694854,-0.2621526574894044,0.047908951624953434,20.65625,374.33112802668825,0.15089691089684173,0.0
BEATUSD,atr_adx,15,3,202bf6ba8020,20970,730.0,ok,71.0,0.325035765379113,218.4375,0.0,23.0,10000.0,-466.7202613172134,9533.279738682771,-4.667202613172134,10.288736517212978,138.58322824200002,-20.70996692478449,-487.4302282420067,1995.4182742507583,-2462.1385355679718,90.70083064776173,-50.247725215672894,103.16204162265633,-58.82838577477027,0.8104411045215417,0.30985915492957744,-0.12936256673640092,-0.43367542112832674,0.19215069060354933,-0.08445304599044216,0.04490952074595885,20.211267605633804,387.54991443240084,0.14114488127272426,0.0
BEATUSD,atr_adx_both,15,3,f332970c01aa,20970,415.0,ok,42.0,0.192274678111588,218.4375,0.0,10.0,10000.0,264.08159040734216,10264.081590407337,2.6408159040734214,6.668665588848984,83.65860300599999,0.457806586659002,264.539396993996,1579.8798745335491,-1315.798284126207,92.93411026667935,-52.631931365048274,106.71935340274793,-57.95878160174396,1.2007006648307899,0.40476190476190477,0.13255269774509024,-0.2867374883180757,0.5857045914077694,0.17877830900518094,0.0462256112600907,19.357142857142858,363.60365989088496,0.14518809043135952,0.0
BEATUSD,atr_banded_adx,15,3,aec9aca1a8a6,20970,138.0,ok,22.0,0.10071530758226037,218.4375,0.0,0.0,10000.0,-77.79312284155279,9922.20687715845,-0.7779312284155279,3.478064149905688,44.06832753399999,-20.8602046924473,-98.65332753399343,689.8479316319332,-767.6410544734861,98.5497045188476,-51.1760702982324,106.3623514412778,-54.84847662000036,0.8986595070857563,0.3181818181818182,-0.06620003385043449,-0.6160197901907891,0.4984064435238774,-0.021209175146722957,0.04499085870371158,19.136363636363637,392.55402547033094,0.14158234581396867,0.0
BEATUSD,atr_arm,20,4,ccdab7826ea4,15722,1651.0,ok,133.0,0.6090828138913624,218.36111111111111,0.0,58.0,10000.0,-454.6104404468798,9545.389559553123,-4.546104404468798,15.357296295916239,243.72246519000004,-29.910024743118797,-343.63964864999434,3791.2819785734664,-4245.892419020347,84.25071063496593,-48.24877748886758,102.71325069907199,-63.44630089302677,0.8929293548724033,0.3383458646616541,-0.06373981401906154,-0.30284690418366994,0.17707509973708227,-0.018942159496027636,0.04479765452303394,18.150375939849624,373.7658674189005,0.14077176260597346,0.7518796992481203
BEATUSD,atr_banded,20,4,3db8c4955797,15722,379.0,ok,51.0,0.23355807149217656,218.36111111111111,0.0,9.0,10000.0,-529.5574287623986,9470.442571237603,-5.295574287623986,6.96080537814463,108.628468316,-45.16103955360149,-574.718468316003,1262.2430274096628,-1791.8004561720613,84.14953516064419,-49.77223489366837,98.96225730561638,-62.80501294200879,0.7044551323009894,0.29411764705882354,-0.20915809376241948,-0.5512542458236691,0.1711832543509192,-0.1605865631850345,0.04857153057738503,17.784313725490197,354.77987196452267,0.1527605575156315,0.0
BEATUSD,atr_adx,20,4,0f8e94b35819,15722,547.0,ok,44.0,0.20150108128736802,218.36111111111111,0.0,5.0,10000.0,55.80064942132385,10055.800649421328,0.5580064942132384,4.544081832416627,80.239990716,7.474359862677103,212.77821790800954,1467.632123707901,-1411.8314742865773,86.33130139458241,-52.29005460320656,101.09571919199996,-59.94634000226863,1.0395235907667526,0.38636363636363635,0.030203035785193424,-0.39060713714030176,0.4487434668588895,0.07231799480606003,0.04211495902086663,15.840909090909092,409.04420730268225,0.13230268636388215,2.272727272727273
BEATUSD,atr_adx_both,20,4,643e7257a150,15722,305.0,ok,23.0,0.10533011067294237,218.36111111111111,0.0,6.0,10000.0,-251.6079526886784,9748.39204731132,-2.516079526886784,4.340389277677844,42.610518267999986,18.5094344206789,-86.99989370800176,582.8194633204058,-834.4274160090841,83.25992333148655,-52.15171350056776,95.13666277761918,-58.85640654768193,0.698466340077758,0.30434782608695654,-0.21536291494165058,-0.6873656830945887,0.35826708540697516,-0.1734734466433205,0.04188946829833017,10.26086956521739,392.71640168501057,0.13171067314579324,4.3478260869565215
BEATUSD,atr_banded_adx,20,4,351dd56d478c,15722,90.0,ok,9.0,0.041216130263325275,218.36111111111111,0.0,1.0,10000.0,31.649838659227598,10031.649838659228,0.31649838659227597,1.7625838794449429,17.077799071999998,5.146362268772503,36.7962009280036,292.8034177359311,-261.1535790767034,73.20085443398277,-52.23071581534068,96.14698969199992,-62.28323691034975,1.1211924369220756,0.4444444444444444,0.0783001654206621,-0.74453347373457,1.0427902137127554,0.12130433972456507,0.04300417430390297,32.111111111111114,392.49011857707313,0.13541237840082984,0.0
BEATUSD,atr_arm,30,6,c1286ae7a972,10481,863.0,ok,49.0,0.22440606812327069,218.35416666666666,0.0,14.0,10000.0,340.9153745830857,10340.915374583088,3.409153745830857,6.647871283051465,81.35129936399998,12.101326052915002,353.0167006360007,1769.1410762364674,-1428.2257016533817,84.2448131541175,-51.00806077333506,104.79657342716095,-62.363654971328984,1.2386985293629893,0.42857142857142855,0.14533872692939057,-0.2385262884153825,0.5500479549790108,0.1837187233377918,0.03837999640840121,17.836734693877553,441.0869444905633,0.12046448050741343,0.0
BEATUSD,atr_banded,30,6,ebf2b8df2b76,10481,217.0,ok,19.0,0.0870145978437172,218.35416666666666,0.0,2.0,10000.0,-306.4630861245729,9693.536913875429,-3.064630861245729,5.450167181682634,35.865525478,50.6215606465733,-255.84152547800113,382.03459413385394,-688.4976802584267,63.67243235564232,-52.96136001987898,100.23655066551981,-59.33528650668708,0.5548814543434013,0.3157894736842105,-0.3263496991255819,-0.842813641206509,0.27282322027498035,-0.28494965796217203,0.04140004116340985,14.947368421052632,429.24306535025624,0.1302460127962087,0.0
BEATUSD,atr_adx,30,6,dc0355172875,10481,236.0,ok,15.0,0.06869573513977674,218.35416666666666,0.0,4.0,10000.0,306.30225138497497,10306.30225138497,3.0630225138497496,2.0783288853600865,24.138724514000003,12.700024101025003,319.0022754859983,672.1947956351876,-365.8925442502126,84.02434945439845,-52.270363464316084,104.49911901505028,-54.577172348320055,1.8371371764698017,0.5333333333333333,0.4100503313666565,-0.29307718148748124,1.1336089423547007,0.447841618492211,0.03779128712555467,14.533333333333333,445.44271379990613,0.11842756368708311,0.0
BEATUSD,atr_adx_both,30,6,b933a9bd20a9,10481,138.0,ok,7.0,0.03205800973189581,218.35416666666666,0.0,0.0,10000.0,270.36513975880507,10270.365139758807,2.7036513975880507,1.1203206180884329,11.37394032,11.926919921195102,282.29205968000133,381.27529511549204,-110.91015535668697,76.25505902309841,-55.455077678343486,104.59620930433142,-59.33528650668708,3.437695077509458,0.7142857142857143,0.7859973180001855,-0.20241587858265375,1.6364901600131385,0.8256866586446193,0.03968934064443387,24.857142857142858,445.44271379990613,0.12321777999109353,0.0
BEATUSD,atr_banded_adx,30,6,0e2bbea33141,10481,47.0,ok,4.0,0.018318862703940463,218.35416666666666,0.0,0.0,10000.0,-210.3176521355108,9789.682347864486,-2.103176521355108,2.11490707141786,7.59510661,6.1115455255105005,-204.20610661000137,0.0,-210.3176521355108,,-52.5794130338777,-49.62797378624796,-59.33528650668708,0.0,0.0,-1.0700095530879739,-1.1671670234594889,-1.0042987323236643,-1.0317851791823345,0.03822437390563905,19.0,467.3576953631807,0.12059182802978383,0.0
BEATUSD,atr_arm,45,9,ff3568a394fd,6986,386.0,ok,18.0,0.08245061551674777,218.3125,0.0,5.0,10000.0,-12.504687244346187,9987.49531275566,-0.12504687244346185,3.449732705672013,29.762543792,0.15014345234659987,-12.354543791996548,516.161487287263,-528.6661745316092,73.73735532675185,-48.06056132105538,97.727144556,-55.42756831467487,0.9763467234206441,0.3888888888888889,-0.012518128739187673,-0.5804749180058201,0.6142843371497849,0.025143729436613717,0.03766185817580145,15.555555555555555,445.3110366176007,0.1179754912720362,0.0
BEATUSD,atr_banded,45,9,9dd327245f0d,6986,109.0,ok,8.0,0.036644718007443455,218.3125,0.0,0.0,10000.0,-275.2409514540168,9724.759048545984,-2.752409514540168,2.752409514540159,15.165094668,13.0488567860169,-262.1920946680002,93.548497904723,-368.7894493587398,93.548497904723,-52.68420705124854,93.548497904723,-56.25484545369988,0.2536637044996473,0.125,-0.6967782475225512,-1.0908786054838717,0.055893463715160324,-0.6567089108773146,0.04006933664523675,11.75,418.789086223054,0.126293871105366,0.0
BEATUSD,atr_adx,45,9,9c9c9f59c90b,6986,113.0,ok,5.0,0.022902948754652163,218.3125,0.0,0.0,10000.0,189.70822242147761,10189.70822242148,1.8970822242147762,0.5308340240999859,7.705506232000001,0.06427134652220001,189.77249376800137,291.6943741223887,-101.98615170091108,97.23145804079623,-50.99307585045554,98.43017480399999,-51.97995727000012,2.8601370799618366,0.6,0.7685846381945411,-0.43492666392970936,1.969475355128314,0.808897400066406,0.04031276187186477,9.4,369.642857142858,0.12544679561211008,0.0
BEATUSD,atr_adx_both,45,9,25bf02111997,6986,63.0,ok,4.0,0.018322359003721728,218.3125,0.0,0.0,10000.0,241.76613347907482,10241.766133479076,2.4176613347907483,0.5256104581600727,5.579887016000001,0.04997950492519998,241.81611298400094,293.12384667838876,-51.35771319931394,97.70794889279625,-51.35771319931394,98.28616247999993,-51.35771319931394,5.707494131228266,0.75,1.2216907797901375,-0.2721999413138705,1.974462043690706,1.2606696629420002,0.038978883151862743,10.25,410.3276953335819,0.12118473586421477,0.0
BEATUSD,atr_banded_adx,45,9,e03f7a408d85,6986,18.0,ok,0.0,0.0,218.3125,0.0,0.0,10000.0,0.0,10000.0,0.0,0.0,0.0,0.0,0.0,0.0,0.0,,,,,,,,,,,,0.0,,0.0,
BEATUSD,atr_arm,60,12,5487f1778e24,5237,184.0,ok,3.0,0.01374832919610464,218.20833333333334,0.0,2.0,10000.0,-6.390178756350835,9993.609821243648,-0.06390178756350835,1.0356980345235207,4.893325354,0.33185340235079996,-6.058325354000772,95.74983070528005,-102.14000946163088,95.74983070528005,-51.07000473081544,95.74983070528005,-51.46595176163085,0.9374370651615093,0.3333333333333333,-0.035183247820745,-1.038275164938737,1.965348851685788,0.0017849997785120604,0.036968247599257036,6.666666666666667,421.50007945336125,0.11550609391515486,0.0
BEATUSD,atr_banded,60,12,b87917a4e945,5237,50.0,ok,2.0,0.009165552797403094,218.20833333333334,0.0,0.0,10000.0,-102.14000946163088,9897.859990538367,-1.0214000946163089,1.0214000946163289,3.66011898,-0.16610951836920004,-102.30611898000097,0.0,-102.14000946163088,,-51.07000473081544,-50.67405770000004,-51.46595176163085,0.0,0.0,-1.0354492975740115,-1.038275164938737,-1.0326234302092858,-0.9991235722475,0.03632572532651135,6.5,435.3970230386192,0.114244779640986,0.0
BEATUSD,atr_adx,60,12,04beb4cff4c7,5237,47.0,ok,0.0,0.0,218.20833333333334,0.0,0.0,10000.0,0.0,10000.0,0.0,0.0,0.0,0.0,0.0,0.0,0.0,,,,,,,,,,,,0.0,,0.0,
BEATUSD,atr_adx_both,60,12,ff025b438234,5237,29.0,ok,0.0,0.0,218.20833333333334,0.0,0.0,10000.0,0.0,10000.0,0.0,0.0,0.0,0.0,0.0,0.0,0.0,,,,,,,,,,,,0.0,,0.0,
BEATUSD,atr_banded_adx,60,12,74612893d7d7,5237,4.0,ok,0.0,0.0,218.20833333333334,0.0,0.0,10000.0,0.0,10000.0,0.0,0.0,0.0,0.0,0.0,0.0,0.0,,,,,,,,,,,,0.0,,0.0,
BTCUSD,atr_arm,5,1,5104b68fd7d7,169474,25212.0,ok,110.0,0.1869313286993875,588.4513888888889,23971.0,157.0,10000.0,-366.660173243314,9633.339826756692,-3.66660173243314,5.829069306789083,596.860400033,-10.86922678968605,-377.52940003300137,3436.712557181354,-3803.3727304246677,85.91781392953385,-54.33389614892383,100.6963769693312,-60.284411952562,0.9035960450811841,0.36363636363636365,-0.06344967577891185,-0.3331828156256206,0.20345435509201448,0.06298524420523559,0.1264349199841474,60.1,117.78673588139486,0.39636442226007323,0.0
BTCUSD,atr_banded,5,1,ddd76a9fda2b,169474,6778.0,ok,24.0,0.040785017170775456,588.4513888888889,6669.0,7.0,10000.0,24.246143016454482,10024.246143016457,0.2424614301645448,2.1653618303030577,128.132382926,-11.3550259424545,12.891117074001158,860.6085385395945,-836.3623955231401,95.62317094884384,-55.757493034876006,100.6963769693312,-57.8703541,1.0289899966165845,0.375,0.02714820686508553,-0.500289473627231,0.6603060400077108,0.15051398735431964,0.12336578048923415,56.875,124.98010697722648,0.3874061976781116,0.0
BTCUSD,atr_adx,5,1,46cfb055642f,169474,9955.0,ok,92.0,0.15634256582130593,588.4513888888889,9401.0,90.0,10000.0,-62.936464383891035,9937.063535616107,-0.6293646438389103,5.984578037092464,504.40412991700003,-15.559665533108898,-78.49612991700087,3101.592835826514,-3164.529300210405,91.22331870077983,-54.56085000362767,102.269757859477,-58.4476623602928,0.980111903410183,0.3695652173913043,-0.009499450839223867,-0.3147734542132057,0.2823413030862182,0.11658058511549449,0.1260800359547183,57.90217391304348,117.84738950446825,0.3948919224081509,0.0
BTCUSD,atr_adx_both,5,1,5af18381228a,169474,5652.0,ok,75.0,0.1274531786586733,588.4513888888889,5362.0,51.0,10000.0,688.5168754725515,10688.516875472547,6.885168754725515,3.5208218822876116,432.1770355509999,-19.79091102355155,668.7259644490023,3179.974662235201,-2491.457786762649,96.36286855258184,-59.32042349434879,108.56328142006019,-63.0863657222208,1.2763510098909592,0.44,0.18645509602390303,-0.15962586618694233,0.5237093354040325,0.31399589250221893,0.12754079647831587,53.56,117.70415213528986,0.39975485323752324,0.0
BTCUSD,atr_banded_adx,5,1,57994c89d5b6,169474,1942.0,ok,19.0,0.03228813859353057,588.4513888888889,1896.0,1.0,10000.0,6.47629403408245,10006.476294034086,0.0647629403408245,2.172272242902124,99.63627393699998,-11.83806797108245,-5.361773936998361,670.5131284572225,-664.0368344231401,95.78758977960321,-55.33640286859501,99.1229960791854,-57.723552125000005,1.009752913842059,0.3684210526315789,0.012073679270503051,-0.6357688318010899,0.6789072983552925,0.13302261660308404,0.12094893733258107,66.52631578947368,127.6909224850618,0.3797569209242412,0.0
BTCUSD,atr_arm,10,2,f163d3762e74,84737,12454.0,ok,192.0,0.32628013736620365,588.4513888888889,10867.0,265.0,10000.0,-368.39025641569447,9631.609743584331,-3.683902564156945,11.15431274328088,1082.746192396,-14.394435980305499,-382.7846923959805,6233.389978564545,-6601.780234980238,85.38890381595267,-55.4771448317667,103.76278636587544,-63.335303623676005,0.944198346006167,0.3802083333333333,-0.035065416005773085,-0.22563470186236304,0.15366550877670881,0.08993616868299366,0.1250015846887668,43.239583333333336,119.08986267635778,0.3916242170547737,0.0
BTCUSD,atr_banded,10,2,9ed1de25559e,84737,3405.0,ok,60.0,0.10196254292693864,588.4513888888889,3200.0,13.0,10000.0,9.15709467959529,10009.157094679593,0.09157094679595289,6.269970709197545,334.70131271300005,-17.156407392595348,-7.9993127130055655,2104.6157032526544,-2095.458608573059,91.50503057620236,-56.63401644792051,99.08567781838,-61.34535594395,1.0043699716339571,0.38333333333333336,0.009023318931322681,-0.3549570430566626,0.3739995809528979,0.13472599566943097,0.12570267673810834,41.78333333333333,122.27530804005988,0.39387317975784886,0.0
BTCUSD,atr_adx,10,2,aeab6dd21ee7,84737,5215.0,ok,146.0,0.2481088544555507,588.4513888888889,4456.0,146.0,10000.0,-1113.5597881929357,8886.440211807063,-11.135597881929357,12.200688390658081,753.64677529,-10.252487097064494,-1123.8122752899963,3820.9624804581863,-4934.5222686511215,76.41924960916373,-51.401273631782516,95.1369780401436,-57.139731347773754,0.7743328071964841,0.3424657534246575,-0.15825789224983677,-0.37355228264580614,0.06170693280158719,-0.03586013989103625,0.12239775235880053,42.082191780821915,120.29166483044462,0.383094744399548,0.0
BTCUSD,atr_adx_both,10,2,1a9ad1f95ec1,84737,2855.0,ok,116.0,0.19712758299208138,588.4513888888889,2471.0,86.0,10000.0,-454.1362377877608,9545.863762212251,-4.541362377877608,7.94708282509874,604.1750098390002,-1.9337720512391,-456.07000983898797,3383.5950504749576,-3837.7312882627193,78.68825698778971,-52.57166148305095,95.1369780401436,-58.35547031262001,0.88166544146103,0.3706896551724138,-0.0767240980374781,-0.3163239818609013,0.17622184271211017,0.04614898243514891,0.12287308047262696,43.86206896551724,120.4429043263479,0.38445163309264746,0.0
BTCUSD,atr_banded_adx,10,2,9d7aaaab8170,84737,1085.0,ok,44.0,0.074772531479755,588.4513888888889,1000.0,3.0,10000.0,-344.8163913656081,9655.183608634396,-3.448163913656081,6.084184629102278,242.08330407900002,-7.475412713391901,-352.2918040789991,1312.4800492392058,-1657.296440604814,93.74857494565755,-55.24321468682714,95.6237471450052,-59.45780653029001,0.7919404260352053,0.3181818181818182,-0.15391508775764262,-0.5655477497821481,0.2638159693518306,-0.027937205542291954,0.12597788221535075,36.75,122.34273096261441,0.39512333328116117,0.0
BTCUSD,atr_arm,15,3,6f52cca22769,56491,8215.0,ok,242.0,0.41125134977253014,588.4479166666666,6425.0,345.0,10000.0,-1481.8138242880086,8518.186175711991,-14.818138242880085,18.55263329924587,1260.5196049699998,-23.9892806819913,-1505.8031049700094,6219.324118643081,-7701.137942931091,74.03957284098907,-48.74137938563982,97.5927912093027,-57.83429452,0.8075850821957847,0.34710743801652894,-0.12923538926151026,-0.29028697060141284,0.03283015978727987,-0.004784860006883091,0.12445052925462718,36.6198347107438,121.0503895022593,0.3892625715193988,0.0
BTCUSD,atr_banded,15,3,211009088ad3,56491,2155.0,ok,80.0,0.1359508594289356,588.4479166666666,1891.0,13.0,10000.0,-299.6076054105416,9700.392394589468,-2.996076054105416,7.006377684538774,431.114171609,-19.808066198458352,-319.41567160899285,2443.0855102952455,-2742.6931157057875,84.24432794121536,-53.77829638638799,99.0207547095525,-59.591827980000005,0.8907615278957511,0.3625,-0.06973782433158134,-0.37431594790235895,0.2283345037560596,0.05024316436102623,0.11998098869260758,35.7125,129.65686341824158,0.37596091891039357,0.0
BTCUSD,atr_adx,15,3,202bf6ba8020,56491,3729.0,ok,175.0,0.2973925050007966,588.4479166666666,2796.0,189.0,10000.0,-1850.230252001978,8149.769747998026,-18.502302520019782,19.67573587144571,867.8544068159999,-15.466654814021553,-1865.6969068160033,3848.4982379130424,-5698.728489915021,69.97269523478259,-47.48940408262517,95.89755907559154,-57.453331618764004,0.6753257756925407,0.3142857142857143,-0.23207272890396188,-0.4210423709644721,-0.04008842887398265,-0.11035251086944645,0.12172021803451541,37.245714285714286,123.27683324303638,0.38102656060066337,0.0
BTCUSD,atr_adx_both,15,3,f332970c01aa,56491,2077.0,ok,141.0,0.23961338974349897,588.4479166666666,1570.0,101.0,10000.0,-1160.332636910511,8839.667363089491,-11.603326369105108,15.13032199799946,710.5328802930001,-15.038243382489101,-1175.3708802930123,3434.1155769718407,-4594.448213882351,73.06628887174129,-48.87710865832289,94.95874958400002,-57.453331618764004,0.7474489682124377,0.3333333333333333,-0.1734988969917164,-0.3821474354108625,0.034175073554304984,-0.051910103904190166,0.12158879308752626,37.198581560283685,124.79964627203891,0.38057162971303443,0.0
BTCUSD,atr_banded_adx,15,3,aec9aca1a8a6,56491,694.0,ok,57.0,0.0968649873431166,588.4479166666666,565.0,4.0,10000.0,-16.749484687365253,9983.250515312646,-0.16749484687365254,3.831670971191613,302.51334328300004,-2.35685859563485,-19.106343282992384,1945.252823907264,-1962.002308594629,92.63108685272685,-54.50006412762858,98.96838352347,-58.9566467143535,0.9914630657599162,0.3684210526315789,0.00026836721742132984,-0.3833458368737548,0.3922837970461697,0.12049896778731935,0.120230600569898,30.82456140350877,128.6095439259609,0.3763418477338867,0.0
BTCUSD,atr_arm,20,4,ccdab7826ea4,42368,6186.0,ok,280.0,0.47583081570996977,588.4444444444445,4385.0,382.0,10000.0,-1942.6685698785102,8057.331430121481,-19.4266856987851,20.87914885496572,1368.0596176099998,-22.72604773148965,-1965.3946176100135,6565.411725209987,-8508.080295088497,65.65411725209987,-47.26711275049165,96.64796086292881,-57.160523880986,0.7716678143011927,0.35714285714285715,-0.15172360025437487,-0.30053995203004014,0.008723596330885246,-0.02988935195884708,0.12183424829552782,30.42142857142857,123.00948368119587,0.38092388684637146,0.0
BTCUSD,atr_banded,20,4,3db8c4955797,42368,1677.0,ok,102.0,0.1733383685800604,588.4444444444445,1356.0,24.0,10000.0,-657.6815963276476,9342.318403672349,-6.576815963276476,11.211479384654123,552.375179782,-29.091583454352346,-686.7731797819943,2845.404114423757,-3503.085710751405,79.0390031784377,-53.07705622350613,103.70736451473931,-60.30757957047901,0.8122564930943194,0.35294117647058826,-0.12902629988913233,-0.38382990088235486,0.13515159197653548,-0.009690016399224002,0.11933628348990837,30.754901960784313,127.39640000529369,0.3736541756700943,0.0
BTCUSD,atr_adx,20,4,0f8e94b35819,42368,2888.0,ok,210.0,0.3568731117824773,588.4444444444445,1996.0,177.0,10000.0,-2163.9974223342974,7836.002577665724,-21.639974223342975,22.544418066419308,1002.023018174,-27.941095839702847,-2191.938518173991,4504.791780395424,-6668.789202729722,68.25442091508218,-46.311036130067514,96.64796086292881,-57.160523880986,0.6755036999147441,0.3142857142857143,-0.23118709882383978,-0.40261624656311235,-0.05333783101879235,-0.11120049665972975,0.11998660216411003,29.21904761904762,125.48442606863387,0.37532389457825693,0.0
BTCUSD,atr_adx_both,20,4,643e7257a150,42368,1650.0,ok,169.0,0.2871978851963746,588.4444444444445,1135.0,118.0,10000.0,-1898.418423419278,8101.58157658075,-18.98418423419278,19.69475197653332,823.5099171740001,-2.6954937547220994,-1901.1139171739924,3613.2928706815997,-5511.711294100876,69.48640135926154,-47.10864353932373,95.92369385399999,-57.160523880986,0.6555664253584667,0.3076923076923077,-0.24796721652997034,-0.4406151980367271,-0.06083769394761972,-0.12746242463596863,0.1205047918940017,28.37869822485207,125.30677742118179,0.37714740396292423,0.0
BTCUSD,atr_banded_adx,20,4,351dd56d478c,42368,587.0,ok,63.0,0.1070619335347432,588.4444444444445,440.0,5.0,10000.0,-680.5459171928618,9319.454082807119,-6.805459171928618,8.155740663543193,337.73436180400006,-14.805944611138054,-695.3518618040089,1552.946775104201,-2233.4926922970635,81.73404079495795,-50.76119755220599,97.8956132871276,-57.150654179394,0.695299689343086,0.30158730158730157,-0.21885590190030418,-0.5381997294888277,0.12652162255288477,-0.09955619231692005,0.11929970958338414,30.428571428571427,126.24609159462939,0.37375484481341353,0.0
BTCUSD,atr_arm,30,6,c1286ae7a972,28245,3990.0,ok,306.0,0.5200212426978226,588.4375,2328.0,443.0,10000.0,-1519.9564743606918,8480.043525639332,-15.199564743606919,21.917368882129633,1496.2615738660002,-10.46509950530825,-1530.4215738659786,7416.6298529713895,-8936.586327332081,66.21990940153026,-46.064877975938565,98.19423295856889,-58.1488022214144,0.8299175525544934,0.3660130718954248,-0.10514436849406468,-0.25425702615474416,0.0412910918963238,0.014606592924207434,0.11975096141827211,22.99673202614379,127.08343359130343,0.37425977895239315,0.0
BTCUSD,atr_banded,30,6,ebf2b8df2b76,28245,1111.0,ok,109.0,0.1852363250132767,588.4375,759.0,28.0,10000.0,252.36198849112418,10252.361988491126,2.5236198849112417,6.372821600822505,589.0547948860001,0.6007166228758551,252.96270511400144,3590.4439767227527,-3338.081988231628,83.49869713308728,-50.57699982169134,105.72286953471301,-64.13873868948521,1.0756008957781216,0.3944954128440367,0.05130689168160325,-0.19553659091098963,0.3009509242891414,0.16837395232071048,0.11706706063910725,24.495412844036696,128.1889693725487,0.3664723460389946,0.0
BTCUSD,atr_adx,30,6,dc0355172875,28245,1944.0,ok,208.0,0.3534784917684546,588.4375,1034.0,201.0,10000.0,-2226.0962793787467,7773.903720621249,-22.260962793787467,24.557222505063315,953.911590207,-4.117310828253502,-2230.2135902069977,4036.6763026479166,-6262.772582026662,61.16176216133207,-44.1040322677934,96.7926405603152,-56.790353814400504,0.6445509955499021,0.3173076923076923,-0.242268549395172,-0.3967433250155631,-0.07407840816023586,-0.12511953805646853,0.11714901133870347,23.509615384615383,128.86880275887452,0.3660549635978679,0.0
BTCUSD,atr_adx_both,30,6,b933a9bd20a9,28245,1145.0,ok,166.0,0.28210302708443974,588.4375,626.0,109.0,10000.0,-1808.75595971413,8191.244040285861,-18.0875595971413,19.557669349416003,788.538958204,13.489001510129903,-1795.2669582040053,3405.299509094131,-5214.055468808261,63.06110202026168,-46.554066685788044,96.7926405603152,-56.790353814400504,0.6530999774485436,0.3253012048192771,-0.23836264268206084,-0.4185819445822921,-0.05678274968393117,-0.12301047640363112,0.11535216627842972,24.77710843373494,131.96392961426707,0.36088785829632986,0.0
BTCUSD,atr_banded_adx,30,6,0e2bbea33141,28245,396.0,ok,61.0,0.10366436537440255,588.4375,235.0,8.0,10000.0,-47.17676491904788,9952.823235080947,-0.4717676491904788,4.819069128083672,305.468479181,-3.5982142619521973,-50.77497918099834,1811.0223036314992,-1858.199068550547,86.23915731578568,-46.45497671376368,100.758937322878,-60.438426842014906,0.9746115657264605,0.3442622950819672,-0.00813955582873044,-0.3369991307265965,0.321102844796189,0.10333790723163212,0.11147746306036259,25.327868852459016,135.90866437284956,0.3487872466590655,0.0
BTCUSD,atr_arm,45,9,ff3568a394fd,18830,2696.0,ok,330.0,0.5608072225172597,588.4375,1078.0,496.0,10000.0,-2057.818006442163,7942.1819935578305,-20.57818006442163,20.946483513789165,1530.468241635,21.818264807163104,-2035.9997416350134,6913.0303675850655,-8970.848374027228,55.304242940680524,-43.76023597086453,95.529362256,-55.9292214,0.7706105464450784,0.3787878787878788,-0.13795704015534327,-0.2658217672832188,-0.005841902584462243,-0.022899180863716905,0.11505785929162635,18.578787878787878,130.90351009867385,0.3598955270051069,0.0
BTCUSD,atr_banded,45,9,9dd327245f0d,18830,686.0,ok,132.0,0.22432288900690386,588.4375,332.0,35.0,10000.0,-137.61378882624334,9862.386211173747,-1.3761378882624333,4.851585473623424,661.857103199,0.9401856272433006,-136.6736031990058,3430.8851693242527,-3568.498958150496,60.19096788288163,-47.57998610867328,95.2759334630628,-57.128570520000004,0.9614365058137592,0.4318181818181818,-0.018437918264088762,-0.2216262470857655,0.19073267882035932,0.09290891236163441,0.11134683062572315,20.28030303030303,137.51278641561186,0.34766380722371426,0.0
BTCUSD,atr_adx,45,9,9c9c9f59c90b,18830,1344.0,ok,222.0,0.3772703133297929,588.4375,450.0,216.0,10000.0,-553.8936866964142,9446.106313303582,-5.538936866964142,9.610815010192802,1125.9700200890002,19.481666607413857,-534.4120200889993,5966.357230818694,-6520.250917515107,62.80376032440731,-51.340558405630766,101.06997030433601,-60.049600540198405,0.9150502497981313,0.42792792792792794,-0.04662148912233948,-0.2163093050725086,0.11917953260121898,0.06526375218896009,0.11188524131129957,18.963963963963963,134.4314061832559,0.3499811086976968,0.0
BTCUSD,atr_adx_both,45,9,25bf02111997,18830,795.0,ok,183.0,0.31099309612320764,588.4375,264.0,126.0,10000.0,-581.791386641195,9418.20861335878,-5.81791386641195,9.040669260973738,917.3581815210001,12.28570512019505,-569.5056815210191,4904.206599570176,-5485.997986211371,62.87444358423303,-52.24759986867973,99.40735394100001,-59.1113255317578,0.8939497629959977,0.4262295081967213,-0.06321516495652378,-0.2446036383833061,0.12266871478568972,0.048550616934882655,0.11176578189140642,18.437158469945356,137.81046654535407,0.349915778907268,0.0
BTCUSD,atr_banded_adx,45,9,e03f7a408d85,18830,244.0,ok,79.0,0.13425385023898034,588.4375,81.0,5.0,10000.0,-151.3292837103018,9848.670716289698,-1.513292837103018,4.875946233662526,392.776102232,-5.789318521698249,-157.1186022319962,2080.326873311452,-2231.6561570217536,59.43791066604148,-50.71945811413077,97.70375267100002,-58.039176499999996,0.9321896954268002,0.4430379746835443,-0.03516439416874891,-0.29770129519248406,0.2510021911590958,0.07322623453715307,0.10839062870590195,19.29113924050633,140.72183740430185,0.33831058613316733,0.0
BTCUSD,atr_arm,60,12,5487f1778e24,14122,2003.0,ok,329.0,0.5591276023226173,588.4166666666666,575.0,491.0,10000.0,-2065.9501868226134,7934.049813177389,-20.659501868226133,24.02646854946468,1509.9652186839999,4.22346813861329,-2061.72671868398,6520.337366722335,-8586.28755354495,53.445388251822415,-41.47965001712536,99.2276234613202,-57.4949541852384,0.7593895878819406,0.3708206686930091,-0.13956230399133113,-0.26280488649831785,-0.011260407423713344,-0.02954168339398228,0.11002062059734881,14.975683890577507,138.33982978527112,0.34353003725458214,0.0
BTCUSD,atr_banded,60,12,b87917a4e945,14122,505.0,ok,131.0,0.22263135533210596,588.4166666666666,183.0,39.0,10000.0,-680.4568717488276,9319.543128251169,-6.804568717488276,7.33963946042115,626.765678724,-6.489306975172405,-686.9461787240016,2657.2279747722164,-3337.684846521044,52.10250930925915,-41.72106058151305,97.05750621239662,-56.2971426397126,0.7961290825710865,0.3893129770992366,-0.10628353519240269,-0.295811589316385,0.08889747930271251,-0.00037460202965531507,0.10590893316274735,15.67175572519084,144.84379823179756,0.3309870296177861,0.0
BTCUSD,atr_adx,60,12,04beb4cff4c7,14122,1041.0,ok,224.0,0.3806826228579522,588.4166666666666,224.0,236.0,10000.0,-1563.8264454542675,8436.173554545743,-15.638264454542675,18.8065868082645,1046.342260368,12.502185086267644,-1551.3242603679992,4709.668380952293,-6273.4948264065615,58.87085476190366,-43.56593629449001,98.3476288542297,-57.477309952709504,0.7507248369964746,0.35714285714285715,-0.15007914485625357,-0.29829567868303536,-0.0007238266209276999,-0.04284129536338851,0.10723784949286504,14.758928571428571,141.46921138754044,0.33482717126690165,0.0
BTCUSD,atr_adx_both,60,12,ff025b438234,14122,614.0,ok,177.0,0.3008072510975783,588.4166666666666,117.0,132.0,10000.0,-1178.583166961491,8821.416833038524,-11.785831669614911,15.528730808857235,829.258291567,-14.081124605508752,-1192.6642915670018,3794.2873042283572,-4972.87047118985,58.37365083428242,-44.40062920705223,97.69148356221761,-58.4033623112322,0.7629974129047654,0.3672316384180791,-0.13995385582894052,-0.3105374747860387,0.027836599751210302,-0.034772378363404105,0.10518147746553637,14.966101694915254,143.74938039060177,0.32841003605361024,0.0
BTCUSD,atr_banded_adx,60,12,74612893d7d7,14122,220.0,ok,78.0,0.13255912760232264,588.4166666666666,49.0,17.0,10000.0,-423.08810095404226,9576.911899045952,-4.230881009540423,5.092428654276046,360.05812233100005,4.193478623042204,-418.89462233100494,1566.499132239758,-1989.5872331937999,52.216637741325265,-41.44973402487083,97.4323483637992,-56.829240414455604,0.7873488058752385,0.38461538461538464,-0.10721088728150832,-0.34383201958963855,0.14470170809222432,-0.006066045240314322,0.10114484204119402,15.782051282051283,148.9916017557262,0.31553148629102035,0.0
DOGEUSD,atr_arm,5,1,5104b68fd7d7,287,,too_short,,,,,,,,,,,,,,,,,,,,,,,,,,,,,,
DOGEUSD,atr_banded,5,1,ddd76a9fda2b,287,,too_short,,,,,,,,,,,,,,,,,,,,,,,,,,,,,,
DOGEUSD,atr_adx,5,1,46cfb055642f,287,,too_short,,,,,,,,,,,,,,,,,,,,,,,,,,,,,,
DOGEUSD,atr_adx_both,5,1,5af18381228a,287,,too_short,,,,,,,,,,,,,,,,,,,,,,,,,,,,,,
DOGEUSD,atr_banded_adx,5,1,57994c89d5b6,287,,too_short,,,,,,,,,,,,,,,,,,,,,,,,,,,,,,
DOGEUSD,atr_arm,10,2,f163d3762e74,143,,too_short,,,,,,,,,,,,,,,,,,,,,,,,,,,,,,
DOGEUSD,atr_banded,10,2,9ed1de25559e,143,,too_short,,,,,,,,,,,,,,,,,,,,,,,,,,,,,,
DOGEUSD,atr_adx,10,2,aeab6dd21ee7,143,,too_short,,,,,,,,,,,,,,,,,,,,,,,,,,,,,,
DOGEUSD,atr_adx_both,10,2,1a9ad1f95ec1,143,,too_short,,,,,,,,,,,,,,,,,,,,,,,,,,,,,,
DOGEUSD,atr_banded_adx,10,2,9d7aaaab8170,143,,too_short,,,,,,,,,,,,,,,,,,,,,,,,,,,,,,
DOGEUSD,atr_arm,15,3,6f52cca22769,95,,too_short,,,,,,,,,,,,,,,,,,,,,,,,,,,,,,
DOGEUSD,atr_banded,15,3,211009088ad3,95,,too_short,,,,,,,,,,,,,,,,,,,,,,,,,,,,,,
DOGEUSD,atr_adx,15,3,202bf6ba8020,95,,too_short,,,,,,,,,,,,,,,,,,,,,,,,,,,,,,
DOGEUSD,atr_adx_both,15,3,f332970c01aa,95,,too_short,,,,,,,,,,,,,,,,,,,,,,,,,,,,,,
DOGEUSD,atr_banded_adx,15,3,aec9aca1a8a6,95,,too_short,,,,,,,,,,,,,,,,,,,,,,,,,,,,,,
DOGEUSD,atr_arm,20,4,ccdab7826ea4,71,,too_short,,,,,,,,,,,,,,,,,,,,,,,,,,,,,,
DOGEUSD,atr_banded,20,4,3db8c4955797,71,,too_short,,,,,,,,,,,,,,,,,,,,,,,,,,,,,,
DOGEUSD,atr_adx,20,4,0f8e94b35819,71,,too_short,,,,,,,,,,,,,,,,,,,,,,,,,,,,,,
DOGEUSD,atr_adx_both,20,4,643e7257a150,71,,too_short,,,,,,,,,,,,,,,,,,,,,,,,,,,,,,
DOGEUSD,atr_banded_adx,20,4,351dd56d478c,71,,too_short,,,,,,,,,,,,,,,,,,,,,,,,,,,,,,
DOGEUSD,atr_arm,30,6,c1286ae7a972,47,,too_short,,,,,,,,,,,,,,,,,,,,,,,,,,,,,,
DOGEUSD,atr_banded,30,6,ebf2b8df2b76,47,,too_short,,,,,,,,,,,,,,,,,,,,,,,,,,,,,,
DOGEUSD,atr_adx,30,6,dc0355172875,47,,too_short,,,,,,,,,,,,,,,,,,,,,,,,,,,,,,
DOGEUSD,atr_adx_both,30,6,b933a9bd20a9,47,,too_short,,,,,,,,,,,,,,,,,,,,,,,,,,,,,,
DOGEUSD,atr_banded_adx,30,6,0e2bbea33141,47,,too_short,,,,,,,,,,,,,,,,,,,,,,,,,,,,,,
DOGEUSD,atr_arm,45,9,ff3568a394fd,32,,too_short,,,,,,,,,,,,,,,,,,,,,,,,,,,,,,
DOGEUSD,atr_banded,45,9,9dd327245f0d,32,,too_short,,,,,,,,,,,,,,,,,,,,,,,,,,,,,,
DOGEUSD,atr_adx,45,9,9c9c9f59c90b,32,,too_short,,,,,,,,,,,,,,,,,,,,,,,,,,,,,,
DOGEUSD,atr_adx_both,45,9,25bf02111997,32,,too_short,,,,,,,,,,,,,,,,,,,,,,,,,,,,,,
DOGEUSD,atr_banded_adx,45,9,e03f7a408d85,32,,too_short,,,,,,,,,,,,,,,,,,,,,,,,,,,,,,
DOGEUSD,atr_arm,60,12,5487f1778e24,24,,too_short,,,,,,,,,,,,,,,,,,,,,,,,,,,,,,
DOGEUSD,atr_banded,60,12,b87917a4e945,24,,too_short,,,,,,,,,,,,,,,,,,,,,,,,,,,,,,
DOGEUSD,atr_adx,60,12,04beb4cff4c7,24,,too_short,,,,,,,,,,,,,,,,,,,,,,,,,,,,,,
DOGEUSD,atr_adx_both,60,12,ff025b438234,24,,too_short,,,,,,,,,,,,,,,,,,,,,,,,,,,,,,
DOGEUSD,atr_banded_adx,60,12,74612893d7d7,24,,too_short,,,,,,,,,,,,,,,,,,,,,,,,,,,,,,
ETHUSD,atr_arm,5,1,5104b68fd7d7,169475,23918.0,ok,424.0,0.7205310517775484,588.4548611111111,20542.0,571.0,10000.0,-1729.413395795295,8270.586604204686,-17.29413395795295,22.050180630362973,2231.176034301,-5.375638505740852,-1734.7890343010513,13054.097718932182,-14783.51111472748,88.20336296575799,-53.56344606785319,100.28377671300014,-59.98373595000059,0.8830174116030908,0.3490566037735849,-0.08473768072498003,-0.21936466560498236,0.05146814765763949,0.039169636342125475,0.12390731706710555,41.9622641509434,122.27484391739489,0.39095436469405026,0.0
ETHUSD,atr_banded,5,1,ddd76a9fda2b,169475,6103.0,ok,112.0,0.19032895707331465,588.4548611111111,5682.0,21.0,10000.0,-679.3119113279756,9320.68808867202,-6.793119113279757,10.477808095875464,579.653217924,-19.520806596017994,-698.8327179240059,3360.7287475725493,-4040.0406589005247,93.3535763214597,-53.158429722375324,97.45202246800034,-58.06195778850145,0.8318551795187016,0.32142857142857145,-0.12034774272313783,-0.3732600231748513,0.14084692530168702,-0.0011418137042490592,0.11920592901888874,56.419642857142854,127.31227283070035,0.37635739947692615,0.0
ETHUSD,atr_adx,5,1,46cfb055642f,169475,10531.0,ok,338.0,0.5743856025962532,588.4548611111111,8682.0,356.0,10000.0,-1624.645241616487,8375.354758383484,-16.24645241616487,18.18059007337046,1737.0906434460003,-11.185901829536853,-1635.8311434460393,10119.600065294044,-11744.245306910529,87.23793159736245,-52.90200588698436,97.33339861847409,-57.93266871500075,0.8616645685474132,0.3431952662721893,-0.10006897159434103,-0.25691917542670084,0.05561406184167635,0.02253190898795212,0.12260088058229317,43.87278106508876,123.19628306940879,0.3868680938197682,0.0
ETHUSD,atr_adx_both,5,1,5af18381228a,169475,6009.0,ok,286.0,0.4860185868122142,588.4548611111111,4951.0,253.0,10000.0,-1487.041594444286,8512.958405555702,-14.870415944442858,18.73346935309927,1490.126496499,-19.103902054724447,-1506.1454964990353,8605.433465651991,-10092.475060096276,88.71580892424733,-53.39933894230834,99.23706473646408,-58.55532054999968,0.8526583830438419,0.33916083916083917,-0.1076057877463579,-0.27416029669626385,0.0568054371478198,0.014953376838146414,0.12255916458450433,45.95804195804196,123.02637571788225,0.38676888777663526,0.0
ETHUSD,atr_banded_adx,5,1,57994c89d5b6,169475,1993.0,ok,79.0,0.134249889364213,588.4548611111111,1819.0,10.0,10000.0,-1112.692922586789,8887.307077413216,-11.126929225867892,13.181382040151707,401.37076716900003,-16.089844582205803,-1128.7827671689956,1883.9503894674317,-2996.643312054221,89.71192330797294,-51.666264000934845,96.66611906100033,-57.341944800000164,0.6286868984003204,0.26582278481012656,-0.2947576170162327,-0.5746465216618195,0.010419767458443564,-0.1763773214732012,0.11838029554303146,52.77215189873418,124.98421916424664,0.37405798032700965,0.0
ETHUSD,atr_arm,10,2,f163d3762e74,84737,12069.0,ok,616.0,1.04681544071657,588.4513888888889,7712.0,895.0,10000.0,-2020.1736691560402,7979.8263308439655,-20.201736691560402,28.280595694417105,3045.031997473,-29.36732831697791,-2049.54099747301,18421.38773744223,-20441.561406598274,84.89118773014853,-51.23198347518364,103.4279055629999,-61.751130209999005,0.9011732211168586,0.3522727272727273,-0.06841299807453058,-0.18135201938228002,0.04732256842181277,0.05212695681010448,0.12053995488463508,34.311688311688314,124.45929004074955,0.380172477485503,0.0
ETHUSD,atr_banded,10,2,9ed1de25559e,84737,3205.0,ok,194.0,0.3296788887971016,588.4513888888889,2494.0,32.0,10000.0,-315.44499576928416,9684.555004230735,-3.154449957692842,10.542647818279638,1039.822554596,-29.176558826706348,-190.34972771098364,6623.223476246328,-6938.66847201561,95.98874603255547,-55.509347776124876,103.15845345000017,-61.94949231999965,0.95453810813393,0.3556701030927835,-0.02771595486087616,-0.2162255611238965,0.1987047279344915,0.09137931140898284,0.11909526626985902,38.19072164948454,127.72829183190156,0.37578813742933875,0.5154639175257731
ETHUSD,atr_adx,10,2,aeab6dd21ee7,84737,5698.0,ok,453.0,0.7698171990983868,588.4513888888889,3423.0,503.0,10000.0,-2410.917474233519,7589.082525766486,-24.109174742335192,30.376593192457253,2063.459018825,-30.063544591490054,-2440.9810188250003,12144.847837029454,-14555.765311262974,79.90031471729904,-48.35802428991021,100.15508847116526,-59.81112494500014,0.834366835224528,0.3355408388520971,-0.11758730666967332,-0.24535796638437363,0.014458973660508282,-0.0004093592224460872,0.11717794744722727,33.54746136865342,129.1176957457367,0.3694767397542867,0.0
ETHUSD,atr_adx_both,10,2,1a9ad1f95ec1,84737,3331.0,ok,377.0,0.6406646447242644,588.4513888888889,1976.0,339.0,10000.0,-1169.4736387108326,8830.526361289161,-11.694736387108327,21.2851568438595,1902.8494502600001,-28.05181154917355,-1197.5254502599964,11760.32144672907,-12929.795085439902,86.47295181418434,-53.65060201427345,102.52654530900007,-61.037332450000704,0.9095520361318207,0.36074270557029176,-0.06097478289088813,-0.20484932315404575,0.08730972911897301,0.05651673569801814,0.11749151858890627,34.55172413793103,129.10300824963284,0.37057705821246417,0.0
ETHUSD,atr_banded_adx,10,2,9d7aaaab8170,84737,1117.0,ok,117.0,0.19882695870753034,588.4513888888889,820.0,14.0,10000.0,-598.4025693260194,9401.597430673984,-5.984025693260193,10.482614036820555,588.18783691,-18.50126758397815,-616.9038369099999,3556.854154726616,-4155.256724052635,91.20138858273374,-53.27252210323891,98.75936838599975,-59.71420135999966,0.8559890256931236,0.3333333333333333,-0.10109911817552002,-0.34199844294915704,0.15567570976560755,0.013616225257294074,0.11471534343281412,38.60683760683761,133.60724104908573,0.3619171561030164,0.0
ETHUSD,atr_arm,15,3,6f52cca22769,56491,7866.0,ok,661.0,1.1232939760315803,588.4479166666666,3747.0,997.0,10000.0,-1321.1881925626633,8678.811807437336,-13.211881925626635,30.460940651864117,3635.687968935,-1.073776372347547,-1322.2619689350067,23104.612407749697,-24425.80060031236,94.69103445799057,-58.57506139163635,115.18171571200031,-68.44920686999946,0.9459101376375861,0.3691376701966717,-0.037998751271550044,-0.14269054445274557,0.07130000841597806,0.07847522102949785,0.11647397230104788,29.158850226928895,129.50310559006155,0.36744786673459057,0.0
ETHUSD,atr_banded,15,3,211009088ad3,56491,2009.0,ok,266.0,0.45203660760121084,588.4479166666666,1187.0,56.0,10000.0,-799.5344598949575,9200.465540105048,-7.995344598949575,23.229498678355807,1464.9475906740001,-6.063130779042604,-805.5975906739932,9113.237765364864,-9912.772225259821,95.92881858278804,-57.96942821789369,112.96160150399974,-67.5938649599998,0.9193430009561224,0.35714285714285715,-0.057796929417430455,-0.2248036460623979,0.11673222254197156,0.058620863660437214,0.1164177930778677,30.80827067669173,129.441714116392,0.36734239203368024,0.0
ETHUSD,atr_adx,15,3,202bf6ba8020,56491,3966.0,ok,489.0,0.8309996282593688,588.4479166666666,1663.0,530.0,10000.0,-547.2319171311171,9452.768082868888,-5.472319171311171,16.160836422305387,2407.7025734950003,-7.400156363895352,-554.6320734950277,15849.787507725638,-16397.019424856757,85.67452706878723,-53.93756389755512,102.40658106260382,-61.03338694999988,0.9666261347290013,0.3783231083844581,-0.018017491660259937,-0.1440685352390227,0.1094519901195636,0.09464371167285986,0.11266120333311982,29.79754601226994,135.29614233895498,0.3552283814234482,0.0
ETHUSD,atr_adx_both,15,3,f332970c01aa,56491,2409.0,ok,415.0,0.7052450832876034,588.4479166666666,1004.0,339.0,10000.0,-1262.3400889688633,8737.659911031129,-12.623400889688632,24.55279636487287,1968.800542296,23.05304667285205,-1239.2870422960004,12360.598053107045,-13622.938142075907,81.85826525236453,-51.602038416954194,106.15841594065809,-63.13450747813037,0.9073371635543152,0.363855421686747,-0.06027718850573125,-0.19416154245681996,0.07132392407025617,0.052660603414212845,0.11293779191994409,29.253012048192772,134.888079765252,0.35608322335474774,0.0
ETHUSD,atr_banded_adx,15,3,aec9aca1a8a6,56491,772.0,ok,166.0,0.28209803331504135,588.4479166666666,393.0,28.0,10000.0,-314.1483242754973,9685.851675724498,-3.141483242754973,17.94807748826517,882.179987106,-2.3211628305033507,-316.4694871060019,5836.936717473607,-6151.085041749104,97.28227862456012,-58.02910416744437,110.50591675199978,-66.3421267199998,0.9489279822757635,0.3614457831325301,-0.03372377561207498,-0.2639798131748347,0.1771559665412861,0.07857299154538437,0.1122967671574594,31.072289156626507,132.9702688601604,0.35431964916439285,0.0
ETHUSD,atr_arm,20,4,ccdab7826ea4,42368,6024.0,ok,673.0,1.14369335347432,588.4444444444445,2153.0,1001.0,10000.0,-916.8603716375208,9083.139628362484,-9.168603716375207,22.023694032351756,3440.404085164,32.318286473524495,-884.5420851639974,22471.493178052348,-23388.35354968987,88.82013113854683,-55.686556070690166,111.10599055500029,-65.88078184500061,0.9607984217576667,0.37592867756315007,-0.023758181234144225,-0.12611070635202115,0.08373783993862934,0.08928136651066973,0.11303954774481396,24.667161961367015,135.18304067307875,0.3564861527062681,0.0
ETHUSD,atr_banded,20,4,3db8c4955797,42368,1589.0,ok,282.0,0.47922960725075525,588.4444444444445,700.0,53.0,10000.0,679.5978210883648,10679.597821088344,6.795978210883648,12.710395047314215,1581.7899371940002,-3.1842582823645484,676.4135628059794,10870.208980481302,-10190.611159392942,92.1204150888246,-62.137872923127695,116.86765763782236,-71.70141684436443,1.0666886225427175,0.41843971631205673,0.05200800974212444,-0.09996464630107918,0.20601365839976632,0.16443673607143594,0.11242872632931149,28.645390070921987,134.95830456322193,0.3545805440570393,0.0
ETHUSD,atr_adx,20,4,0f8e94b35819,42368,3090.0,ok,492.0,0.8361027190332326,588.4444444444445,904.0,527.0,10000.0,-608.2243329140683,9391.775667085914,-6.082243329140683,20.681688525567882,2541.823062855,21.09727005906245,-587.1270628550337,16807.314233247096,-17415.538566161165,90.85034720674106,-56.72813865199077,110.55298206900038,-66.99753179999968,0.9650757666434809,0.37601626016260165,-0.020707649047104506,-0.15005197143106686,0.1017840069265946,0.09085151565429446,0.11155916470139897,24.60569105691057,138.33232543342078,0.3518408337902496,0.0
ETHUSD,atr_adx_both,20,4,643e7257a150,42368,1920.0,ok,408.0,0.6933534743202416,588.4444444444445,528.0,379.0,10000.0,-134.03621905013028,9865.963780949876,-1.340362190501303,16.104858276316282,2116.0172006390003,48.17251841112605,-85.8637006389963,14080.850921847858,-14214.887140897989,88.5588108292318,-57.08790016424895,112.30113169099936,-66.87468124999944,0.990570715214158,0.3897058823529412,-0.0018647831036744695,-0.14040989885118918,0.13587539742178248,0.10913026833472045,0.11099505143839489,26.230392156862745,139.21910627331266,0.34999857676933727,0.0
ETHUSD,atr_banded_adx,20,4,351dd56d478c,42368,628.0,ok,167.0,0.28379909365558914,588.4444444444445,238.0,15.0,10000.0,-673.9262397355898,9326.073760264393,-6.7392623973558985,15.326090062041855,857.054947718,-0.9612079824072537,-674.8874477180088,5185.102081547443,-5859.028321283032,82.30320764361021,-56.336810781567614,105.22183413000029,-64.3374875468351,0.8849764495441097,0.3772455089820359,-0.07905434009726034,-0.28102137934003363,0.14121203959023232,0.03114334158322939,0.11019768168048975,29.88622754491018,137.97059445098515,0.34754357929211627,0.0
ETHUSD,atr_arm,30,6,c1286ae7a972,28245,3862.0,ok,604.0,1.0264471587891661,588.4375,839.0,873.0,10000.0,-1880.1895107094592,8119.810489290567,-18.801895107094595,21.620341936709835,2591.274263915,56.891246794461196,-1823.2982639149968,16451.099025054587,-18331.288535764048,74.4393621043194,-47.8623721560419,98.40885093926957,-57.21487379999967,0.8974327687308373,0.3658940397350993,-0.06467877779995278,-0.172166295571586,0.04390503022362924,0.040310051199324806,0.10498882899927758,20.60927152317881,147.58022991775246,0.33087348729669497,0.0
ETHUSD,atr_banded,30,6,ebf2b8df2b76,28245,1068.0,ok,260.0,0.44184811471056823,588.4375,284.0,65.0,10000.0,-1376.8930876777717,8623.106912322231,-13.768930876777718,19.712960561698356,1129.950577358,-22.241489680226856,-1399.1345773579924,6265.56654757543,-7642.459635253203,66.65496327207904,-46.03891346538074,97.54560035792605,-58.38579535499919,0.8198363938585389,0.36153846153846153,-0.11036387741769947,-0.26220055171130996,0.04709303519281605,-0.005986992989145059,0.10437688442855438,23.588461538461537,150.45112539153345,0.3289551980864679,0.0
ETHUSD,atr_adx,30,6,dc0355172875,28245,2079.0,ok,429.0,0.7290493892724376,588.4375,354.0,444.0,10000.0,-2479.138786205867,7520.861213794132,-24.79138786205867,28.096185151471804,1675.595052483,46.33673372287585,-2432.8020524829817,10182.562545554782,-12661.70133176065,70.22456927968815,-44.583455393523415,96.36522964,-57.581403164812144,0.8042017639456406,0.337995337995338,-0.12901560100466003,-0.2522789780478105,-0.006942304938910697,-0.027565386836169,0.10145021416849101,20.184149184149184,153.6203754112731,0.31971030065792033,0.0
ETHUSD,atr_adx_both,30,6,b933a9bd20a9,28245,1287.0,ok,351.0,0.5964949548592672,588.4375,198.0,290.0,10000.0,-230.90965578327757,9769.090344216733,-2.309096557832776,12.91465822477302,1545.414226242,62.0224295412815,-168.88722624198454,10861.942309775193,-11092.85196555847,79.86722286599407,-51.59466030492312,99.81340679800002,-60.7296346816574,0.9791839234400482,0.38746438746438744,-0.008637385662784844,-0.1525244523062766,0.13666268770361933,0.09181669741118287,0.10045408307396768,20.635327635327634,155.4579249746533,0.31665963483667503,0.0
ETHUSD,atr_banded_adx,30,6,0e2bbea33141,28245,444.0,ok,145.0,0.2464152947424323,588.4375,103.0,19.0,10000.0,-1674.8709239063587,8325.129076093617,-16.748709239063587,18.50117277870746,636.8969586640001,-14.4265347576371,-1689.297458664014,2986.8156119816026,-4661.686535887961,66.37368026625784,-46.616865358879615,96.75789434500001,-57.74064844499918,0.6407156699592783,0.3103448275862069,-0.25013329390911965,-0.4556690183348302,-0.04650151284962997,-0.14743636981975503,0.10269692408936466,22.28965517241379,152.50198570293844,0.32392122769927834,0.0
ETHUSD,atr_arm,45,9,ff3568a394fd,18830,2641.0,ok,528.0,0.8972915560276155,588.4375,228.0,805.0,10000.0,-1667.237495772255,8332.762504227725,-16.67237495772255,22.253749680742512,2031.2322985800001,14.994697192250053,-1652.2427985800077,12878.08401277912,-14545.321508551373,64.71399001396543,-44.21070367340843,97.91648206899984,-57.47842889999987,0.8853763737850646,0.3768939393939394,-0.06501361877091988,-0.17412872029558146,0.04712984219936527,0.03127998476086902,0.09629360353178891,16.359848484848484,169.0310658578336,0.3033096226928101,0.0
ETHUSD,atr_banded,45,9,9dd327245f0d,18830,732.0,ok,239.0,0.4061603823685608,588.4375,102.0,68.0,10000.0,-1233.3511248919556,8766.64887510805,-12.333511248919555,16.470392122705835,968.0122741990001,11.663850692950701,-1221.68727419899,5582.5050232999265,-6815.8561481918805,60.026935734407814,-46.68394622049233,97.38499419000019,-56.62689661999988,0.8190467788526994,0.3891213389121339,-0.10644120720400085,-0.2607896365685807,0.058339333027535765,-0.010418087927928558,0.0960231192760723,17.485355648535563,166.58371181484392,0.3026948225162361,0.0
ETHUSD,atr_adx,45,9,9c9c9f59c90b,18830,1472.0,ok,351.0,0.5964949548592672,588.4375,79.0,381.0,10000.0,-1000.4715757336294,8999.528424266358,-10.004715757336294,11.423978070118697,1369.870907963,29.35916777062355,-971.1124079630063,9313.336627484081,-10313.808203217712,70.02508742469234,-47.31104680375097,97.0492452159999,-57.3095447607943,0.9029968799088679,0.3789173789173789,-0.05602280041252791,-0.18716799905425532,0.07997305994925963,0.03451234459119928,0.0905351450037272,16.982905982905983,175.8496522468301,0.2852524787282972,0.0
ETHUSD,atr_adx_both,45,9,25bf02111997,18830,956.0,ok,294.0,0.4996282527881041,588.4375,55.0,255.0,10000.0,213.88361543087558,10213.883615430865,2.138836154308756,10.12041357412279,1198.398115992,25.195768577123097,239.07938400799685,8833.976232789782,-8620.092617358907,72.40964125237527,-50.11681754278434,106.18009804174102,-62.494890138683,1.0248122177945238,0.41496598639455784,0.01833623178188286,-0.1226792700085775,0.16481925926900062,0.10792054260270519,0.08958431082082231,17.26530612244898,177.9363262906063,0.2821171193415515,0.0
ETHUSD,atr_banded_adx,45,9,e03f7a408d85,18830,318.0,ok,131.0,0.222623473181094,588.4375,26.0,19.0,10000.0,-465.617525167262,9534.382474832732,-4.65617525167262,7.820699750050482,544.490809344,5.63671582325755,-459.9808093440024,3367.753039340866,-3833.370564508128,66.03437332040914,-47.917132056351605,97.66844207999992,-58.80198082227332,0.8785357383712766,0.3893129770992366,-0.06882149449487313,-0.28468401354499984,0.14107743265975886,0.023073222077176082,0.09189471657204919,18.328244274809162,173.09462667764865,0.2895246116018211,0.0
ETHUSD,atr_arm,60,12,5487f1778e24,14123,1901.0,ok,446.0,0.7579126247964313,588.4583333333334,97.0,647.0,10000.0,-906.7090569181508,9093.290943081873,-9.06709056918151,12.001955105795066,1683.392727806,27.332329112158096,-879.3767278059804,11441.58605769969,-12348.29511461784,64.27857335786342,-46.07572803961881,98.44623078000015,-57.80145862999991,0.9265721260706837,0.3991031390134529,-0.03899584666053556,-0.15480350420519629,0.07445180542487013,0.046866312636841524,0.08586215929737706,13.457399103139014,190.05267963736532,0.27037956943916647,0.0
ETHUSD,atr_banded,60,12,b87917a4e945,14123,536.0,ok,202.0,0.3432698435176662,588.4583333333334,43.0,69.0,10000.0,-919.0777680929762,9080.922231907029,-9.190777680929761,12.740606222058904,735.101215005,-8.134446912021954,-927.2122150050018,4339.126855676646,-5258.204623769622,51.656272091388644,-44.56105613364087,96.26172974884861,-57.590195,0.8252107261215547,0.4158415841584158,-0.09264007261268005,-0.249049968584759,0.06640904265651777,-0.007938884916677732,0.08470118769600235,14.757425742574258,190.3955681908805,0.26669976247962596,0.0
ETHUSD,atr_adx,60,12,04beb4cff4c7,14123,1036.0,ok,284.0,0.48261700771790694,588.4583333333334,26.0,315.0,10000.0,-1126.3998553376273,8873.600144662369,-11.263998553376272,14.996553983129127,986.731463352,32.74939198562801,-1093.6504633519944,6565.969307203115,-7692.369162540742,61.9431066717275,-43.215557092925515,99.10809183299993,-55.25532651014235,0.853569188953799,0.3732394366197183,-0.08145091851340226,-0.2230985957648936,0.05589157889943513,-0.00011540125735090751,0.08133551725605134,14.288732394366198,199.40697896955243,0.2559738991748228,0.0
ETHUSD,atr_adx_both,60,12,ff025b438234,14123,674.0,ok,234.0,0.3976492246689797,588.4583333333334,12.0,199.0,10000.0,-958.3193152645488,9041.680684735473,-9.583193152645487,11.154546451354205,817.5649952890001,42.076319975548415,-916.2429952889943,5549.675629503854,-6507.994944768405,63.78937505176844,-44.27207445420684,98.49215195999994,-57.585370399124244,0.8527473786630831,0.3717948717948718,-0.08244694711540296,-0.23938863163823593,0.07831338262602751,-0.001814789540451995,0.08063215757495099,14.247863247863247,199.41661570283583,0.2539002435950017,0.0
ETHUSD,atr_banded_adx,60,12,74612893d7d7,14123,244.0,ok,106.0,0.18013170006372584,588.4583333333334,10.0,24.0,10000.0,-1277.2676469035564,8722.732353096459,-12.772676469035563,13.947908166558154,362.227999829,-3.1473529254407504,-1280.4149998289977,1698.5332239658414,-2975.8008708693974,43.55213394784209,-44.41493837118504,94.37424485181235,-53.82642872999938,0.570781882817853,0.36792452830188677,-0.2561773229670092,-0.45866244648997745,-0.04030538955598198,-0.17756798306636698,0.07860933990064226,15.084905660377359,205.44779640057612,0.24749922973120886,0.0
SOLUSD,atr_arm,5,1,5104b68fd7d7,169475,24820.0,ok,594.0,1.0094232187638295,588.4548611111111,20011.0,838.0,10000.0,-1699.7338707897875,8300.2661292102,-16.997338707897875,22.14616700783328,2994.5961039236,3.415166866167822,-1696.318703923631,18542.77236429727,-20242.506235087058,88.72139887223574,-52.577938272953396,101.0407056453882,-59.55131641500003,0.9160314512911658,0.35185185185185186,-0.05789693347725255,-0.1727305754979975,0.057749766199760404,0.06433713479097014,0.1222340682682227,37.294612794612796,122.53153904736402,0.379060615309438,0.0
SOLUSD,atr_banded,5,1,ddd76a9fda2b,169475,6545.0,ok,197.0,0.33477504056645524,588.4548611111111,5851.0,40.0,10000.0,-1037.6206690253346,8962.379330974662,-10.376206690253346,17.872780091114194,975.9432142802,-6.877945254862897,-1044.4986142802045,5937.8259002323775,-6975.446569257712,91.35116769588274,-52.844292191346305,99.30408288242747,-59.14140803840052,0.8512467038887014,0.3299492385786802,-0.10913512960334822,-0.3117614479004861,0.09769802032415337,0.008506619901299629,0.11764174950464786,37.32994923857868,129.5993028741418,0.36457808490935883,0.0
SOLUSD,atr_adx,5,1,46cfb055642f,169475,10002.0,ok,409.0,0.6950405664552294,588.4548611111111,7901.0,401.0,10000.0,-1297.1352709745206,8702.86472902547,-12.971352709745206,22.130613310779406,2065.8899639188,12.041607055710502,-1285.0936639188276,12833.211448720838,-14130.346719695357,90.37472851211858,-52.922646890244785,105.87675082830572,-62.8315975350003,0.9082021625720954,0.3471882640586797,-0.06495326142105211,-0.20313601777353768,0.07717388776937509,0.05607656105873436,0.1210298224797865,41.479217603911984,122.9355449751698,0.3751058029242121,0.0
SOLUSD,atr_adx_both,5,1,5af18381228a,169475,5293.0,ok,332.0,0.5641894084673256,588.4548611111111,4249.0,236.0,10000.0,-1226.8089315457628,8773.191068454242,-12.268089315457628,17.672417960155094,1657.9154975482002,13.248133997557538,-1213.5607975482053,10126.658808506627,-11353.467740052387,88.83034042549673,-52.08012724794673,99.46110064920008,-59.065776637999704,0.8919441214231081,0.3433734939759036,-0.07599523018379246,-0.23234365549259658,0.08992050416096121,0.04560092628404782,0.12159615646784026,40.25903614457831,122.056721362211,0.377327234836207,0.0
SOLUSD,atr_banded_adx,5,1,57994c89d5b6,169475,1905.0,ok,102.0,0.1733353001917687,588.4548611111111,1682.0,7.0,10000.0,84.56121274486385,10084.561212744858,0.8456121274486386,8.08869803603166,499.52583638040005,-1.4244491252601006,83.13676361959915,3526.435567148178,-3441.8743544033146,92.80093597758363,-53.77928678755179,97.2866383565857,-58.465280334999406,1.0245683613164673,0.37254901960784315,0.025764013366704565,-0.2572672970477566,0.32233458112201163,0.14131849434241037,0.11555448097570582,42.03921568627451,131.89764933108842,0.3581360397712731,0.0
SOLUSD,atr_arm,10,2,f163d3762e74,84737,12311.0,ok,807.0,1.3713962023673247,588.4513888888889,6629.0,1182.0,10000.0,-1783.1671445275338,8216.832855472485,-17.831671445275337,21.569447027278677,3887.626981749,17.8034627785225,-1765.3636817489823,24665.616656800827,-26448.783801328354,84.76156926735679,-51.25733294831076,98.97161420159979,-58.86736092257753,0.9325803727716974,0.36059479553903345,-0.04184732769930298,-0.14224542383873248,0.05602645853509263,0.07684126881210299,0.118688596511406,30.885997521685255,126.44082241397616,0.36815653195191295,0.0
SOLUSD,atr_banded,10,2,9ed1de25559e,84737,3312.0,ok,321.0,0.5454996046591217,588.4513888888889,2215.0,66.0,10000.0,-541.9897067521104,9458.010293247873,-5.419897067521103,9.867926995756495,1612.1724842398,-9.919077487690377,-551.9087842398221,10545.766038966189,-11087.755745718296,90.13475246979648,-54.35174385156027,99.13600205446396,-59.355239665114,0.9511181776383012,0.3644859813084112,-0.03007296205152754,-0.1854775313726215,0.13350770384404784,0.08682986024135957,0.1169028222928871,31.302180685358255,130.62047287139467,0.36226644053232837,0.0
SOLUSD,atr_adx,10,2,aeab6dd21ee7,84737,5521.0,ok,554.0,0.9414541463587335,588.4513888888889,2790.0,547.0,10000.0,-2220.723208241057,7779.276791758931,-22.20723208241057,29.81213624611978,2411.2790745322,11.246933708853588,-2209.4762745321987,14719.814349177324,-16940.53755741838,77.47270710093329,-46.53993834455599,98.66235769199982,-57.97441041000022,0.8689107001053467,0.34296028880866425,-0.08913947651594448,-0.20346113265644974,0.02678626688812902,0.028155980780978095,0.11729545729692255,31.1028880866426,127.74799351806166,0.36256265568850515,0.0
SOLUSD,atr_adx_both,10,2,1a9ad1f95ec1,84737,2996.0,ok,440.0,0.74772531479755,588.4513888888889,1562.0,354.0,10000.0,-2767.712106925668,7232.287893074317,-27.677121069256682,31.491608088940104,1874.0575537306,5.7126531950610895,-2761.9994537306193,10734.627126910784,-13502.339233836452,74.54602171465822,-45.61601092512315,97.98445470839982,-57.642515283652024,0.7950198066428471,0.32727272727272727,-0.14816424671477174,-0.2733696268276514,-0.018355538462763287,-0.032037296892146926,0.11612694982262481,30.65,129.66609633513127,0.3588905988866123,0.0
SOLUSD,atr_banded_adx,10,2,9d7aaaab8170,84737,1094.0,ok,181.0,0.3075870044962649,588.4513888888889,675.0,19.0,10000.0,-778.2487319490722,9221.75126805093,-7.782487319490722,11.376721519662905,900.4331586682001,-5.569326719123939,-783.8180586681938,5598.116798016773,-6376.365529965846,90.29220641962537,-53.582903613158365,98.8641055439997,-59.18626528499971,0.8779479111898967,0.3425414364640884,-0.0862510461054709,-0.2858925188667707,0.11688514685308786,0.029989812376484213,0.1162408584819551,29.861878453038674,132.80187791244862,0.3606591480111428,0.0
SOLUSD,atr_arm,15,3,6f52cca22769,56491,8224.0,ok,851.0,1.4461772671753024,588.4479166666666,2860.0,1242.0,10000.0,205.0511510457667,10205.051151045756,2.0505115104576666,17.023436318013577,4316.082120965801,29.885827988428332,234.9369790341807,29523.70245048749,-29318.65129944172,91.40465154949688,-55.52774867318508,108.65701107239968,-63.15608914804804,1.0069938807536374,0.3795534665099882,0.010388183092466868,-0.08446492832150211,0.10286219670222474,0.12407297435988138,0.1136847912674145,26.847238542890718,132.07789628625846,0.35247733329772285,0.0
SOLUSD,atr_banded,15,3,211009088ad3,56491,2212.0,ok,395.0,0.6712573684303694,588.4479166666666,988.0,57.0,10000.0,-1634.2675962575338,8365.732403742457,-16.34267596257534,18.174521753840725,1857.9639325908001,-6.2408363332726005,-1640.5084325908101,11524.279221107812,-13158.546817365346,84.11882643144388,-51.0021194471525,94.84586316801197,-57.345849787962024,0.87580181771282,0.3468354430379747,-0.08612987934948217,-0.22216721890254026,0.05771261579713948,0.02855050981214295,0.11468038916162508,26.8,131.80915825121,0.35517934525483,0.0
SOLUSD,atr_adx,15,3,202bf6ba8020,56491,3981.0,ok,594.0,1.0094351312598469,588.4479166666666,1219.0,614.0,10000.0,-279.71627313217016,9720.283726867827,-2.7971627313217016,14.54929587026142,2877.5836918218,19.197181310356502,-260.5190918218141,19752.616075662507,-20032.33234879468,88.97574808856984,-53.850355776329785,102.49180583759981,-61.206391394999926,0.9860367595613996,0.37373737373737376,-0.005322283511592827,-0.11558811574146705,0.10353466445291509,0.10559988637720802,0.11092216988880084,28.346801346801346,134.75535060263098,0.3435413468091418,0.0
SOLUSD,atr_adx_both,15,3,f332970c01aa,56491,2195.0,ok,455.0,0.7732205130020712,588.4479166666666,705.0,357.0,10000.0,-1958.7428324537716,8041.257167546246,-19.58742832453772,22.813470640871596,1930.5857117872,10.98532066655919,-1811.077524579211,12224.758712091032,-14183.501544544804,77.86470517255434,-47.595642766928876,96.14726898008037,-57.19404128044847,0.8618999105191246,0.34505494505494505,-0.09351708900953097,-0.21655354412708183,0.035899442903311984,0.016203807618094812,0.10972089662762578,28.314285714285713,138.9417010179181,0.3394808661365946,0.21978021978021978
SOLUSD,atr_banded_adx,15,3,aec9aca1a8a6,56491,804.0,ok,216.0,0.3670673204581261,588.4479166666666,313.0,18.0,10000.0,-1307.8318769149569,8692.16812308504,-13.078318769149568,13.259772648205054,981.32156677,-12.471089855041923,-1320.3029667700084,5805.466776966576,-7113.298653881532,81.76713770375459,-49.057232095734705,92.31184439400003,-54.7207429305643,0.8161427010798558,0.3287037037037037,-0.12861082055516299,-0.300691708005781,0.05884836983934164,-0.01602532435852143,0.11258549619664153,27.39814814814815,133.62526355406976,0.34881394986339154,0.0
SOLUSD,atr_arm,20,4,ccdab7826ea4,42368,6148.0,ok,816.0,1.3867069486404833,588.4444444444445,1419.0,1222.0,10000.0,-714.8654939166017,9285.134506083417,-7.1486549391660175,24.5849161399268,4021.3683759056003,27.44811801100219,-526.2892718287912,27451.148888896983,-28166.014382813584,90.29983187137165,-55.01174684143278,110.87113205999927,-64.92490968,0.9746195722191777,0.37254901960784315,-0.01218443528653478,-0.10882742247075795,0.0850251977743805,0.09758032172933963,0.10976475701587443,22.97426470588235,139.18304187662193,0.3404920098259447,0.12254901960784313
SOLUSD,atr_banded,20,4,3db8c4955797,42368,1608.0,ok,389.0,0.6610649546827795,588.4444444444445,491.0,75.0,10000.0,-308.3477841794025,9691.652215820604,-3.083477841794025,12.024077308495515,1831.213950166,-11.40636598660172,-319.7541501659889,12451.361826210923,-12759.709610390324,85.87146087042017,-52.293891845861985,99.09045041670022,-59.2495522600002,0.9758342631929248,0.37275064267352187,-0.008310043568080487,-0.14295491753959957,0.1324748758699665,0.10226879695233268,0.1105788405204132,22.861182519280206,138.83158429754417,0.34234110989625016,0.0
SOLUSD,atr_adx,20,4,0f8e94b35819,42368,3041.0,ok,549.0,0.9329682779456193,588.4444444444445,639.0,541.0,10000.0,-693.6611704773012,9306.338829522696,-6.936611704773012,19.943407093631837,2484.1246307362,26.54173974110545,-517.9267417762003,17131.779607969256,-17825.44077844656,85.23273436800625,-51.22253097254758,102.39673120559954,-60.74757462400038,0.9610858895946048,0.366120218579235,-0.024882068920130295,-0.1449136852337055,0.09668524689369577,0.08136515006740824,0.10624721898753854,24.25318761384335,144.72945654009249,0.32864428117234734,0.18214936247723132
SOLUSD,atr_adx_both,20,4,643e7257a150,42368,1681.0,ok,432.0,0.7341389728096677,588.4444444444445,366.0,315.0,10000.0,-1047.7733373460496,8952.22666265394,-10.477733373460495,20.39023144146536,1930.8493843768001,21.40795296925457,-1026.3653843768006,13095.905705809855,-14143.679043155902,82.88547915069529,-51.61926658086096,104.63073107599992,-60.6142349399993,0.9259193216878701,0.36574074074074076,-0.04786081502843534,-0.18078181983794964,0.08692651922601778,0.057206828144883544,0.10506764317331888,23.87037037037037,147.09506125516816,0.32518517314649004,0.0
SOLUSD,atr_banded_adx,20,4,351dd56d478c,42368,635.0,ok,209.0,0.3551737160120846,588.4444444444445,177.0,23.0,10000.0,-748.2964210925121,9251.703578907505,-7.482964210925121,11.32508152727513,981.0325218156,-17.25000072308808,-765.5464218155867,6374.012024998287,-7122.308446090799,88.52794479164288,-51.98765289117372,98.84681462919998,-59.38874549999935,0.8949362518126792,0.3444976076555024,-0.07022862794891893,-0.25809351098129923,0.1204632723932944,0.037096475499508674,0.10732510344842762,23.497607655502392,142.94620515316885,0.3329173757322041,0.0
SOLUSD,atr_arm,30,6,c1286ae7a972,28245,4077.0,ok,690.0,1.1725969198088158,588.4375,479.0,1009.0,10000.0,-2123.631626370864,7876.368373629108,-21.23631626370864,30.76620779127249,2711.6032457622005,41.24248060866035,-2082.3891457622267,18299.392582845154,-20423.02420921602,72.04485268836675,-46.84179864499087,98.57473751215998,-57.519670278000255,0.8960177687390409,0.3681159420289855,-0.0658294676198835,-0.1624996979797501,0.03578475749736798,0.03348971682351997,0.09931918444340346,19.805797101449276,158.78431507559623,0.30633098151723936,0.0
SOLUSD,atr_banded,30,6,ebf2b8df2b76,28245,1141.0,ok,338.0,0.5744025491237387,588.4375,178.0,72.0,10000.0,-478.31950042181154,9521.680499578177,-4.783195004218115,12.812558630803977,1364.9191232556,-2.6905228337947387,-348.4056472424072,9368.98734207016,-9847.306842491971,72.62780885325706,-47.11630068177977,94.42522248600037,-56.226538368000426,0.9514263637690439,0.3816568047337278,-0.02545874768841065,-0.16875141300998964,0.12068316844449528,0.07331178814837176,0.09877053583678243,21.22189349112426,157.10390866554468,0.30462395294065087,0.2958579881656805
SOLUSD,atr_adx,30,6,dc0355172875,28245,2126.0,ok,453.0,0.7698353690918747,588.4375,183.0,452.0,10000.0,-255.27856871411484,9744.721431285881,-2.552785687141148,15.386918344051889,1928.2663288186,47.29963989550828,-207.9789288186039,14300.765125147693,-14556.043693861806,80.79528319292481,-52.73928874587611,102.22637774465022,-60.97766730006272,0.9824623658678792,0.39072847682119205,-0.006107926389422908,-0.12374495923372061,0.12195758074933037,0.08931537408154326,0.09542330047096614,20.52317880794702,164.0382259928462,0.29483323326517985,0.0
SOLUSD,atr_adx_both,30,6,b933a9bd20a9,28245,1186.0,ok,358.0,0.6083908656399363,588.4375,91.0,279.0,10000.0,-46.397462976739575,9953.602537023238,-0.4639746297673958,10.97832957013324,1561.959471318,34.036391658733805,-12.361071318004178,11737.48950696554,-11783.88696994228,83.24460643237971,-54.30362658959576,105.91997563799981,-64.13168457420389,0.9960626350969686,0.39385474860335196,0.005228121739578579,-0.13109201514262123,0.14748189552107266,0.09986213078426748,0.0946340090446889,20.039106145251395,171.1888112641335,0.29240072403310385,0.0
SOLUSD,atr_banded_adx,30,6,0e2bbea33141,28245,473.0,ok,176.0,0.2990971853425385,588.4375,58.0,20.0,10000.0,-323.4480987198327,9676.551901280141,-3.234480987198327,9.89967872509474,721.6667510056001,-8.36395228576825,-331.812051005616,5093.621209230231,-5417.069307950063,77.17607892773077,-49.246084617727846,100.58847724119994,-58.54879352600046,0.9402909432513368,0.375,-0.029904792969232843,-0.22060084054450474,0.1695611855514188,0.06328970405574014,0.093194497024973,22.335227272727273,170.65585535546137,0.2875070571016058,0.0
SOLUSD,atr_arm,45,9,ff3568a394fd,18830,2694.0,ok,547.0,0.9295804567180032,588.4375,101.0,806.0,10000.0,-1679.824958603317,8320.175041396704,-16.79824958603317,22.235249297315775,1972.5755373148002,8.25892128851395,-1671.5660373147912,13994.058753553794,-15673.883712157114,68.93625001750638,-45.56361544231719,102.31406654000006,-56.35211553999975,0.8928265011115019,0.3711151736745887,-0.06495113239578386,-0.16561577475722256,0.04303389991371776,0.02241949154765254,0.0873706239434364,16.44058500914077,184.5553155633631,0.2688940762146936,0.0
SOLUSD,atr_banded,45,9,9dd327245f0d,18830,759.0,ok,279.0,0.47413701540095593,588.4375,44.0,91.0,10000.0,-1944.4144187443721,8055.585581255629,-19.444144187443722,21.849040073423797,942.0398931558,1.908825588572699,-1942.5055931558027,5748.710262899586,-7693.124681643958,54.233115687731946,-44.468928795629814,93.5669435135996,-55.229069483775625,0.7472529694749642,0.37992831541218636,-0.15222209771235504,-0.29522846214380144,0.0003266961696412283,-0.06507038075269896,0.08715171695965611,16.512544802867385,187.6106764544907,0.2677188101763465,0.0
SOLUSD,atr_adx,45,9,9c9c9f59c90b,18830,1400.0,ok,356.0,0.6049920339883165,588.4375,31.0,357.0,10000.0,-1008.9336397769353,8991.066360223045,-10.089336397769353,14.660913305712672,1225.9740234494,5.99501632753,-1002.9386234494268,9052.476754849868,-10061.410394626802,68.06373499887118,-45.11843226290046,98.9921322864,-55.96320681600058,0.8997224444481714,0.37359550561797755,-0.05717390380410895,-0.19202979352801008,0.0760368267459042,0.026344438830627256,0.0835183426347362,16.59269662921348,195.10279021820352,0.2567518712114488,0.0
SOLUSD,atr_adx_both,45,9,25bf02111997,18830,819.0,ok,287.0,0.4877323420074349,588.4375,16.0,212.0,10000.0,-1067.6637851031028,8932.336214896906,-10.676637851031028,14.844662743377338,997.5217821768,10.1737029262984,-1057.4900821768006,7378.837584531987,-8446.50136963509,69.61167532577346,-46.66575342339829,97.76457145454971,-55.96320681600058,0.8735969203839448,0.3693379790940767,-0.07582469118693672,-0.22379252976186448,0.07628448285186203,0.006342101510586438,0.08216679269752317,15.986062717770034,201.13297339082905,0.25275001670714003,0.0
SOLUSD,atr_banded_adx,45,9,e03f7a408d85,18830,299.0,ok,143.0,0.24301646309081254,588.4375,9.0,15.0,10000.0,-1571.9303639228237,8428.069636077153,-15.719303639228238,17.321117739240837,474.5979360740001,-0.512472151179,-1572.4428360740276,2791.332133956151,-4363.262497878975,58.15275279075315,-45.92907892504185,94.01186672640002,-55.498865492000114,0.6397350916459977,0.3356643356643357,-0.2409212616759977,-0.4390159807258823,-0.046939857884895644,-0.1595208400532895,0.08140042162270815,15.377622377622378,196.87608469281543,0.25040670263517095,0.0
SOLUSD,atr_arm,60,12,5487f1778e24,14123,2017.0,ok,455.0,0.7732068257452382,588.4583333333334,35.0,652.0,10000.0,-2180.31550278339,7816.785928491664,-21.803155027833903,26.543083132946997,1461.4451717304,27.88813105299034,-2155.3232462903998,10292.004180585336,-12472.319683368727,60.18715895079144,-43.91661860341101,99.36309853360008,-56.48459104399952,0.8251876508833603,0.3758241758241758,-0.10917539676206879,-0.22010419059748207,0.003052219738520572,-0.03197810114249152,0.07719729561957726,13.94945054945055,212.91503703087398,0.23701420620595556,0.0
SOLUSD,atr_banded,60,12,b87917a4e945,14123,535.0,ok,203.0,0.3449691991786447,588.4583333333334,11.0,53.0,10000.0,-378.45697130684727,9621.543028693159,-3.7845697130684726,7.973123087058934,686.742405853,4.58606545384706,-373.8709058529894,4909.861563534804,-5288.318534841651,55.79388140380459,-45.98537856384044,96.77140460920018,-57.86574077134358,0.9284352920851091,0.43349753694581283,-0.033039540696082066,-0.19634016530543727,0.13000601105475101,0.04381207044612394,0.07685161114220594,14.29064039408867,213.64962041098102,0.23612765942792963,0.0
SOLUSD,atr_adx,60,12,04beb4cff4c7,14123,1038.0,ok,275.0,0.46732280676910004,588.4583333333334,8.0,289.0,10000.0,-701.613835540103,9294.944114099015,-7.01613835540103,11.585757032566855,873.1776401939999,31.030795346101232,-674.021891233986,6613.78515056871,-7315.398986108814,61.238751394154725,-43.80478434795697,97.66952980385014,-55.62943317697994,0.9040908312899412,0.3927272727272727,-0.05199968316781848,-0.20237132593684717,0.0892031336059541,0.022083558175422468,0.07408324134324096,13.770909090909091,224.21551415568553,0.22739797903830822,0.0
SOLUSD,atr_adx_both,60,12,ff025b438234,14123,625.0,ok,218.0,0.37045953409332294,588.4583333333334,5.0,166.0,10000.0,-453.2062639401733,9546.793736059793,-4.532062639401733,8.887937309319812,704.5293856344,20.31597830576999,-432.89028563440297,5232.173863400678,-5685.38012734085,60.139929464375605,-43.39984830031183,97.66952980385014,-55.389370615660404,0.9202856706518682,0.39908256880733944,-0.04008457970572874,-0.19864682986777335,0.1222847057957861,0.03377767562507333,0.0738622553308021,14.509174311926605,227.35666251030068,0.22695511103803168,0.0
SOLUSD,atr_banded_adx,60,12,74612893d7d7,14123,214.0,ok,97.0,0.1648374991149189,588.4583333333334,3.0,16.0,10000.0,-823.6511436836411,9176.348856316356,-8.23651143683641,8.81105804799101,314.314426884,0.44801679964026103,-823.2031268840001,1907.8237456595514,-2731.4748893431924,50.2058880436724,-46.29618456513885,94.30997128899995,-53.637934943999625,0.6984591925420572,0.3917525773195876,-0.1822453976031474,-0.39419286228009026,0.04528838594044747,-0.10851913101940946,0.07372626658373797,13.948453608247423,225.94975942379824,0.22611949549493468,0.0
XRPUSD,atr_arm,5,1,5104b68fd7d7,169475,24588.0,ok,530.0,0.9006638147219355,588.4548611111111,20068.0,705.0,10000.0,-3154.2712488883744,6845.7287511116365,-31.542712488883744,35.004714645927365,2340.246294761,1.6671541273641495,-3152.6040947609963,13497.81423543307,-16652.085484321447,78.4756641594946,-46.51420526346773,97.19733139380024,-58.243532952000585,0.8105780052679744,0.32452830188679244,-0.137991621348037,-0.26288074776116616,-0.016432671280445035,-0.01736652848444888,0.12062509286358815,34.11698113207547,123.9952113753913,0.38187177410528045,0.0
XRPUSD,atr_banded,5,1,ddd76a9fda2b,169475,6502.0,ok,208.0,0.3534680631361558,588.4548611111111,5626.0,36.0,10000.0,-1485.5030370136606,8514.496962986363,-14.855030370136605,16.40557141283129,970.0028552026,-14.20881818893714,-1499.711855202584,5666.671400918938,-7152.174437932599,85.85865758968089,-50.367425619243654,93.81728228599968,-56.42796779100011,0.7923005024688605,0.3173076923076923,-0.14967186121434922,-0.3529180885113455,0.040647366213663,-0.03287278289681861,0.11679907831753057,33.69711538461539,130.22305638565462,0.3697696988478901,0.0
XRPUSD,atr_adx,5,1,46cfb055642f,169475,9534.0,ok,377.0,0.6406608644342824,588.4548611111111,7633.0,316.0,10000.0,-1971.2277430604172,8028.772256939577,-19.71227743060417,29.370883833823374,1769.8084420136001,-13.843598953187715,-1985.071342013609,10710.714967607682,-12681.942710668098,85.00567434609272,-50.52566816999242,103.20898492199991,-59.642176968000605,0.8445642132256116,0.33421750663129973,-0.11142878855570532,-0.24985112658032435,0.033998881569372995,0.0064563425482417666,0.11788513110394713,35.684350132625994,125.97110288245261,0.3731484764047309,0.0
XRPUSD,atr_adx_both,5,1,5af18381228a,169475,5167.0,ok,294.0,0.499613512317451,588.4548611111111,4215.0,194.0,10000.0,-2200.158547141844,7799.8414528581525,-22.001585471418437,26.412273164864196,1384.6799105638001,-3.873763421964201,-2204.032310563811,7918.249166873154,-10118.407714014997,85.14246415992638,-50.34033688564675,100.95168026999993,-57.26381631599958,0.7825588166313554,0.3163265306122449,-0.16409991855709435,-0.32455459124551755,-0.004805354181525943,-0.04646381749648326,0.11763610106061108,33.295918367346935,127.53595356622043,0.3724734123232222,0.0
XRPUSD,atr_banded_adx,5,1,57994c89d5b6,169475,1822.0,ok,114.0,0.19372768844962385,588.4548611111111,1567.0,7.0,10000.0,-1122.316226382265,8877.683773617748,-11.223162263822651,17.724343500932175,514.8403957216001,-8.719269339328388,-1131.0354957215877,2877.104719248575,-3999.4209456308395,84.62072703672278,-49.992761820385496,93.383624304,-56.38607541599958,0.719380319891474,0.2982456140350877,-0.2040403409042348,-0.46646294211910144,0.05983685696419879,-0.09058617859006439,0.11345416231417045,36.98245614035088,136.58572674865783,0.3592335165905518,0.0
XRPUSD,atr_arm,10,2,f163d3762e74,84737,12259.0,ok,667.0,1.1334836022044679,588.4513888888889,7198.0,950.0,10000.0,-4368.643094085106,5631.356905914904,-43.68643094085106,44.2653683547758,2571.5523330468004,18.80506103830565,-4349.838033046794,14479.91259928197,-18848.555693367074,67.98081032526747,-41.51664249640325,94.73179225440013,-56.51878028800012,0.76822398675234,0.3193403298350825,-0.16741654786203142,-0.27195233053648377,-0.061953077566962854,-0.052089736842648664,0.11532681101938276,30.69865067466267,130.21830716200768,0.3651538451210935,0.0
XRPUSD,atr_banded,10,2,9ed1de25559e,84737,3229.0,ok,271.0,0.46053081888667285,588.4513888888889,2158.0,54.0,10000.0,-1566.512710712556,8433.487289287441,-15.665127107125562,19.304032995161226,1231.6436770056002,-27.595566293037677,-1594.1082770055928,7411.468717633145,-8977.981428345704,82.34965241814606,-49.60210733892654,97.93908024000022,-56.76430831500034,0.8255161560296069,0.33210332103321033,-0.12088561614431467,-0.2878213022709,0.051152856868899234,-0.007978771345040868,0.11290684479927378,35.18450184501845,132.6278659611988,0.35742642975894984,0.0
XRPUSD,atr_adx,10,2,aeab6dd21ee7,84737,5077.0,ok,458.0,0.7783140776756317,588.4513888888889,2878.0,439.0,10000.0,-2921.960697238882,7078.039302761137,-29.219606972388817,29.76518377211135,1883.7761459868,17.092451252077257,-2904.8682459867823,11088.894014723339,-14010.85471196222,74.42210748136469,-45.34257188337288,96.11707763199983,-56.56973057399986,0.7914502178982583,0.32532751091703055,-0.14608375343212424,-0.2710024448121247,-0.020495854924595755,-0.033108061191624114,0.11297569224050012,29.903930131004365,133.16725437882252,0.35770137793947027,0.0
XRPUSD,atr_adx_both,10,2,1a9ad1f95ec1,84737,2727.0,ok,356.0,0.604977754699836,588.4513888888889,1548.0,258.0,10000.0,-2961.5498287462597,7038.450171253754,-29.6154982874626,29.91817820009381,1474.2459362738,13.738292472457623,-2947.8115362737854,8208.00290734568,-11169.55273609194,74.6182082485971,-45.40468591907293,93.5723556972,-56.471604105000196,0.7348551102519382,0.3089887640449438,-0.1926194981789016,-0.32876490610576214,-0.05172392209617382,-0.07972569984359479,0.1128937983353068,30.74438202247191,133.61946240256697,0.3574962556140748,0.0
XRPUSD,atr_banded_adx,10,2,9d7aaaab8170,84737,987.0,ok,141.0,0.2396119758783058,588.4513888888889,648.0,11.0,10000.0,-874.4878306945053,9125.51216930548,-8.744878306945052,15.856961665554833,668.5022509374,-6.639920242892811,-881.1277509374049,4121.180339469627,-4995.668170164133,89.59087694499189,-52.585980738569816,100.06090752000023,-59.371349771999256,0.8249507771718604,0.3262411347517731,-0.12497909240255185,-0.35299714725369646,0.11521023625802042,-0.014493722317260736,0.11048537008529107,33.829787234042556,136.01872780109989,0.3497922225939109,0.0
XRPUSD,atr_arm,15,3,6f52cca22769,56491,8023.0,ok,651.0,1.1063001186029633,588.4479166666666,3426.0,935.0,10000.0,-1279.5563022470837,8720.443697752879,-12.795563022470837,17.449940710301682,2926.9977077129997,32.949694534082695,-1246.6066077130272,19110.3228076515,-20389.879109898582,79.29594525996474,-49.731412463167274,97.15060387819112,-57.46504790100003,0.9372455179674949,0.37019969278033793,-0.037210599361525855,-0.14305808904009068,0.0731736366876129,0.07391778306745454,0.1111283824289804,28.580645161290324,135.13093721847682,0.3516020098083569,0.0
XRPUSD,atr_banded,15,3,211009088ad3,56491,2095.0,ok,284.0,0.48262555097272136,588.4479166666666,1024.0,54.0,10000.0,131.75942898677465,10131.759428986774,1.3175942898677466,11.585307540653696,1317.8363743562,-3.2164033429667924,128.54302564380305,9222.108994414224,-9090.349565427448,83.08206301274076,-52.545373210563284,102.72292794072102,-62.69414501953346,1.0144944292888236,0.3908450704225352,0.014248857388878515,-0.15134511846972265,0.17513180835614192,0.12347293128380116,0.10922407389492264,32.95070422535211,136.73427361057816,0.3455361654688049,0.0
XRPUSD,atr_adx,15,3,202bf6ba8020,56491,3579.0,ok,447.0,0.7596254270591776,588.4479166666666,1474.0,428.0,10000.0,-1506.651054195201,8493.348945804793,-15.066510541952008,20.738182478920212,1867.3805946308,7.858359564393002,-1498.7926946308107,12065.422507942236,-13572.073562137437,75.88316042730966,-47.12525542408832,98.6181636700001,-57.07002521199958,0.8889888824064167,0.35570469798657717,-0.06831219858472275,-0.19635979585640476,0.06500159420365915,0.0403774937119781,0.10868969229670083,28.74496644295302,138.4194431031716,0.3438964195676357,0.0
XRPUSD,atr_adx_both,15,3,f332970c01aa,56491,1991.0,ok,353.0,0.5998831672301783,588.4479166666666,817.0,264.0,10000.0,-1102.970551256093,8897.029448743931,-11.029705512560929,15.685784815491083,1514.1938858632,22.119265392895123,-1080.8512858631893,10063.295222519895,-11166.265773775987,79.86742240095155,-49.19059812236118,97.52021605800013,-57.15994798799966,0.9012229716181015,0.35694050991501414,-0.06135360193792655,-0.21659616219466937,0.0850796012289333,0.04636925893263649,0.10772286087056303,28.254957507082153,141.53486700215808,0.3408450033588583,0.0
XRPUSD,atr_banded_adx,15,3,aec9aca1a8a6,56491,689.0,ok,149.0,0.25320847568639254,588.4479166666666,318.0,15.0,10000.0,-311.8185590505611,9688.18144094945,-3.1181855905056106,8.168958391789966,673.8058373686001,0.6577216819664411,-311.16083736859946,4674.973089521544,-4986.791648572103,84.99951071857353,-53.05097498480961,96.63176495059666,-60.692602644450254,0.9374711074725082,0.3691275167785235,-0.03755464605698338,-0.2635583305560724,0.19871929040955105,0.06884781811806533,0.10640246417504867,30.348993288590606,138.87652452595086,0.3367112445531142,0.0
XRPUSD,atr_arm,20,4,ccdab7826ea4,42368,6098.0,ok,665.0,1.1300981873111782,588.4444444444445,1925.0,902.0,10000.0,-968.8204570900365,9031.179542909957,-9.688204570900364,16.157708274217406,3061.5872989536,101.2820581364368,-565.9425898319987,20862.063235096135,-21830.883692186173,86.20687287229808,-51.609654118643434,104.10592524839988,-60.42292680000041,0.9556215648092705,0.36390977443609024,-0.02577796682758371,-0.13243914966114756,0.08609015509515269,0.08191695550908273,0.10769492233666644,24.249624060150374,140.64635598077606,0.34070647244220686,0.30075187969924816
XRPUSD,atr_banded,20,4,3db8c4955797,42368,1596.0,ok,295.0,0.5013217522658611,588.4444444444445,599.0,60.0,10000.0,-949.4269858804385,9050.57301411957,-9.494269858804385,13.969009861633888,1379.7865286948002,-1.1656428143539141,-950.5926286947943,9045.2565082067,-9994.683494087138,85.33260856798773,-52.881923249138296,100.91031115199968,-61.81492002236618,0.9050067982200617,0.3593220338983051,-0.06287227151652143,-0.21723472377897335,0.10527419871709266,0.042742305972481215,0.10561457748900266,26.593220338983052,146.23857511131996,0.3342934462154698,0.0
XRPUSD,atr_adx,20,4,0f8e94b35819,42368,2733.0,ok,425.0,0.7222432024169184,588.4444444444445,818.0,382.0,10000.0,-209.46524110821747,9790.534758891801,-2.0946524110821745,8.274874960421776,1945.0853033320004,42.57613777622092,-166.88910333197782,13966.79172843233,-14176.256969540547,88.96045686899573,-52.89648122962891,102.0528589607999,-64.6853347339534,0.9852242209238814,0.36941176470588233,-0.00506345740258523,-0.13610826037224705,0.12102305697032702,0.09882627890304532,0.10388973630563059,23.788235294117648,145.58292673251685,0.3286208837155291,0.0
XRPUSD,atr_adx_both,20,4,643e7257a150,42368,1558.0,ok,330.0,0.5608006042296072,588.4444444444445,491.0,235.0,10000.0,550.0686936983261,10550.068693698322,5.500686936983261,7.681756774954696,1553.9442134534,57.947292848277186,608.0159865465976,11487.545574650218,-10937.47688095189,90.45311476102533,-53.879196457891084,108.52407897039113,-65.03305034891018,1.050292101156922,0.38484848484848483,0.03736231286628621,-0.11647169882674305,0.18912809643852474,0.14154631539628704,0.10418400253000079,25.084848484848486,146.59785514831037,0.3294889719046068,0.0
XRPUSD,atr_banded_adx,20,4,351dd56d478c,42368,554.0,ok,148.0,0.2515105740181269,588.4444444444445,192.0,13.0,10000.0,-388.0856245297991,9611.914375470198,-3.880856245297991,6.16491662347052,668.7940644462001,13.924760083606259,-374.1608644461903,4464.730177083392,-4852.81580161319,82.68018846450725,-51.6257000171616,99.5998566723468,-60.71539216079697,0.9200287749638489,0.36486486486486486,-0.048890346210362916,-0.2579042832075666,0.16369451223110504,0.05400183349978006,0.10289217971014296,30.85135135135135,151.04332729481766,0.3256127938822473,0.0
XRPUSD,atr_arm,30,6,c1286ae7a972,28245,3963.0,ok,587.0,0.9975570897503983,588.4375,707.0,781.0,10000.0,529.9145445363613,10529.914544536348,5.299145445363613,17.364503470717366,2759.2702796838003,95.54937577982363,625.4639203161732,19849.804270416917,-19319.88972588056,89.41353274962574,-52.93120472843989,108.9037688708089,-64.89225145003512,1.0274284456099403,0.3781942078364566,0.022325298139661973,-0.08542221856231265,0.13268781893553322,0.12474851768006197,0.10242321954039997,20.879045996592843,148.66575997749044,0.32397469977193555,0.0
XRPUSD,atr_banded,30,6,ebf2b8df2b76,28245,1074.0,ok,272.0,0.4622411046202868,588.4375,226.0,41.0,10000.0,-1453.4655979164263,8546.534402083564,-14.534655979164263,19.62621184755747,1087.0195246206001,10.40497329582885,-1443.0606246206044,6498.285036725756,-7951.7506346421815,69.13069188006124,-44.672756374394275,96.70238893039983,-56.525165136000375,0.8172143890448057,0.34558823529411764,-0.11140592940151584,-0.2738739665915111,0.04351492700657948,-0.012662978666506178,0.09874295073500969,23.452205882352942,161.20498123796727,0.31252846128394207,0.0
XRPUSD,atr_adx,30,6,dc0355172875,28245,1787.0,ok,354.0,0.6015932023366968,588.4375,237.0,324.0,10000.0,722.669253820176,10722.669253820171,7.2266925382017595,7.722169646816546,1627.7009145588,54.55203162102048,777.2212854412064,12245.138074212608,-11522.46882039243,89.38056988476356,-53.098934656186316,110.60965767206308,-68.51801516868137,1.062718265077116,0.3870056497175141,0.044153404408351235,-0.09976718479680333,0.19164987303900466,0.1420971480900497,0.09794374368169845,21.680790960451976,160.9772058131898,0.30977330779542567,0.0
XRPUSD,atr_adx_both,30,6,b933a9bd20a9,28245,1035.0,ok,291.0,0.4945300053106745,588.4375,145.0,204.0,10000.0,656.1420599396697,10656.142059939673,6.561420599396698,6.175226165429857,1365.46688013,47.01925993033171,703.1613198700215,10283.030935483197,-9626.888875543526,89.41766030854954,-54.698232247406395,113.44839796918785,-69.17954076861305,1.0681572279915432,0.3951890034364261,0.04834177322943532,-0.11351533915524634,0.20722125415561174,0.1462328565201412,0.09789108329070582,21.621993127147768,157.04490157044972,0.309590649117842,0.0
XRPUSD,atr_banded_adx,30,6,0e2bbea33141,28245,372.0,ok,138.0,0.23451938396176314,588.4375,50.0,6.0,10000.0,-1002.9739562349398,8997.026043765069,-10.029739562349398,13.944642559276144,524.1831821412,-8.98642590625468,-1011.9603821411765,3025.6074686730353,-4028.5814249079754,64.37462699304331,-44.27012554843929,93.96485013753443,-55.405616240999585,0.7510354513294091,0.34057971014492755,-0.14952420288652146,-0.35309091506237694,0.05626422085133883,-0.05925461690844322,0.09026958597807822,23.72463768115942,176.61571920391552,0.28568959246475034,0.0
XRPUSD,atr_arm,45,9,ff3568a394fd,18830,2613.0,ok,498.0,0.8463090812533192,588.4375,184.0,659.0,10000.0,1727.004919026231,11727.004919026236,17.27004919026231,7.174047372787666,2369.4238909668,38.8130900069617,1765.8180090331916,17807.181528864807,-16080.176609838572,82.82410013425492,-56.82041204889955,115.86205401500023,-69.89350010147801,1.1073996238305974,0.43172690763052207,0.06839897461383156,-0.04552916317207289,0.19308069177128123,0.16255841992246936,0.09415944530863782,16.64457831325301,165.48589020517915,0.297774605755796,0.0
XRPUSD,atr_banded,45,9,9dd327245f0d,18830,706.0,ok,234.0,0.39766330323951143,588.4375,61.0,53.0,10000.0,-234.51521896444632,9765.484781035559,-2.3451521896444634,8.328223241975119,954.7369135829999,-2.02129461855447,-236.5365135830034,6297.600658519784,-6532.11587748423,66.29053324757668,-46.99363940636137,96.80728793819995,-57.22161015999969,0.9640981232784305,0.405982905982906,-0.016350279270698664,-0.16946509939340848,0.1496468375297609,0.07626523324304475,0.09261551251374343,18.27777777777778,166.06534282064007,0.2930082024297943,0.0
XRPUSD,atr_adx,45,9,9c9c9f59c90b,18830,1253.0,ok,300.0,0.5098247477429634,588.4375,48.0,284.0,10000.0,2049.022169451927,12049.022169451924,20.490221694519267,5.023847253522006,1334.1143898166001,39.54044073147368,2088.562610183397,11265.465260923673,-9216.443091471749,84.70274632273438,-55.18828198486077,119.98773253486323,-70.44396249447504,1.2223224457760657,0.44333333333333336,0.12870700357959491,-0.015245419945185221,0.2842212136795615,0.21684378457057107,0.0881367809909762,17.373333333333335,179.94490052341365,0.2785816708798989,0.0
XRPUSD,atr_adx_both,45,9,25bf02111997,18830,745.0,ok,239.0,0.4061603823685608,588.4375,30.0,180.0,10000.0,1823.7165771357782,11823.716577135785,18.237165771357784,5.885662556965052,1052.9160696234,40.4084532408241,1864.12503037661,9185.538642743591,-7361.822065607816,84.27099672241827,-56.6294005046755,116.23879353080174,-69.49840595092506,1.247726250496548,0.4560669456066946,0.14466622865056158,-0.024258895916886156,0.3091794256033578,0.23179809180880928,0.08713186315824771,17.782426778242677,183.41334216189412,0.2753938627481917,0.0
XRPUSD,atr_banded_adx,45,9,e03f7a408d85,18830,234.0,ok,98.0,0.16654275092936802,588.4375,13.0,7.0,10000.0,-1230.1609433324452,8769.839056667535,-12.301609433324453,12.630119553726887,375.77798127179994,0.9491620606455902,-1229.2117812718116,1620.4201536714372,-2850.581097003882,49.10364102034658,-43.85509380005972,96.45053776989936,-55.213468823528736,0.5684525710826428,0.336734693877551,-0.26503584562977855,-0.46448993430020347,-0.04159171823861311,-0.17938329184884408,0.08565255378093449,20.193877551020407,179.23017254651285,0.2713709589974862,0.0
XRPUSD,atr_arm,60,12,5487f1778e24,14123,1898.0,ok,411.0,0.6984351766621822,588.4583333333334,51.0,535.0,10000.0,-131.51344497244366,9864.983324675559,-1.3151344497244366,10.330288959873727,1530.4263531860001,71.34989178643852,-63.66678353801399,10815.419697017805,-10946.933141990248,63.2480684036129,-45.612221424959365,97.21364049838051,-57.846864928577894,0.9879862749441682,0.41605839416058393,-0.0027141100653029,-0.11771574489791307,0.11996229700115085,0.08182207445818229,0.0845361845234852,14.795620437956204,188.4118094447917,0.26739985823833984,0.0
XRPUSD,atr_banded,60,12,b87917a4e945,14123,520.0,ok,186.0,0.3160801529420095,588.4583333333334,25.0,51.0,10000.0,-103.2195596486772,9896.780440351302,-1.0321955964867722,7.126173239393655,685.4824396088,-28.295879960120214,-131.51543960880917,4756.594320570831,-4859.813880219509,60.98197846885681,-44.998276668699155,97.80303287559998,-56.668084841308584,0.9787605940900733,0.41935483870967744,-0.007614162260653389,-0.17656649408261013,0.16385852147312757,0.07407858118144174,0.08169274344209511,15.510752688172044,198.49046505767637,0.2584104125509764,0.0
XRPUSD,atr_adx,60,12,04beb4cff4c7,14123,898.0,ok,247.0,0.41974084826170077,588.4583333333334,14.0,203.0,10000.0,835.3947405613067,10835.394740561303,8.353947405613066,7.150404600601269,963.1166629766001,65.46109646209464,900.8558370234095,7504.738855993675,-6669.344115432368,68.22489869085159,-48.68134390826546,109.44525111971281,-64.84141685710784,1.1252589049391326,0.44534412955465585,0.06875387156665397,-0.07740862421183939,0.22521594027621405,0.14851652551432645,0.0797626539476725,14.635627530364372,207.6400443704931,0.25222538381258647,0.0
XRPUSD,atr_adx_both,60,12,ff025b438234,14123,535.0,ok,194.0,0.3296749982298378,588.4583333333334,6.0,103.0,10000.0,359.1584740281504,10359.158474028169,3.5915847402815038,4.9664860341777235,719.8317220368001,38.31120393504974,397.46967796321405,5490.877460994106,-5131.718986965956,66.1551501324591,-46.23170258527888,105.46843628725188,-63.7631904554509,1.0699879465224762,0.42783505154639173,0.04008325871652563,-0.13033713379402403,0.20780593682269916,0.11899772422779137,0.07891446551126574,14.618556701030927,211.8397782057571,0.24957885352927311,0.0
XRPUSD,atr_banded_adx,60,12,74612893d7d7,14123,181.0,ok,87.0,0.14784394250513347,588.4583333333334,2.0,8.0,10000.0,-719.2243028289868,9280.77569717101,-7.192243028289867,9.497092308960946,301.40362757560007,-10.842024746611735,-730.0663275756033,1684.0677863518424,-2403.29208918083,54.32476730167234,-42.91593016394339,97.40888004105922,-56.00734025699963,0.7007337118668179,0.3563218390804598,-0.16864329359104674,-0.3876775197646713,0.06235007989031193,-0.09336892918138955,0.07527436440965717,15.770114942528735,215.86003181095205,0.23834312222192464,0.0
