symbol,family,timeframe_min,confirm_min,spec_hash,bars,signals,status,trades,trades_per_day,days,rej_cost,rej_cooldown,initial_capital,total_pnl,final_equity,return_pct,max_dd_pct,total_fees,total_funding,optimistic_pnl,gross_win,gross_loss,avg_win,avg_loss,best_trade,worst_trade,profit_factor,win_rate,net_r,net_r_lo,net_r_hi,gross_r,cost_r,bars_held,median_r_bps,avg_leverage,ambiguous_pct,stop_mult
AKEUSD,hwpr_v2,1,1,d0d990e07b5d,30046,2130.0,ok,169.0,8.099580643014045,20.865277777777777,178.0,198.0,10000.0,-1829.9883009238374,8171.164668916581,-18.299883009238375,22.68628005673944,488.3765366800001,17.269764243833606,-1813.7382291800131,4145.806798254146,-5975.795099177984,90.12623474465535,-48.58369999331695,105.9900196435794,-77.93303454557166,0.6937665581646922,0.27218934911242604,-0.23732541889946304,-0.4288617597503924,-0.03661234380184787,-0.16714848839336457,0.07017693050609844,104.92899408284023,266.0538294957345,0.22030415145836876,0.0,
AKEUSD,atr_arm,1,1,56f6ae1069b6,30046,6636.0,ok,321.0,15.38441057045863,20.865277777777777,3286.0,721.0,10000.0,-2251.6505316358907,7748.349468364103,-22.516505316358906,25.912531931034167,1259.418442224,46.4720894118853,-2056.1355354040097,8700.770925994566,-10952.421457630455,87.00770925994566,-49.55846813407446,101.02064502600011,-82.85222617354701,0.7944152769918122,0.3115264797507788,-0.15580739796955595,-0.30007301036176326,-0.0012172801175797635,-0.057453785875300596,0.09835361209425536,31.39252336448598,155.48484643332705,0.3094326987076953,0.3115264797507788,
AKEUSD,flip,1,1,5434cfafbbc2,30046,341.0,ok,193.0,9.249816947347401,20.865277777777777,0.0,24.0,10000.0,-115.94423070627943,9884.055769293698,-1.1594423070627942,15.125575639530691,824.213262144,31.148968562278096,-84.79526214401994,6239.606464687036,-6355.550695393315,89.1372352098148,-51.671143864986306,101.745777920793,-86.47766958375806,0.9817570126865137,0.3626943005181347,-0.006906105264973718,-0.21676834562773487,0.20394117961384498,0.09833688518678688,0.10524299045176061,53.751295336787564,150.12617809136395,0.3310278875023886,0.0,
AKEUSD,trend_pure,1,1,8bb3583aafa1,30046,881.0,ok,175.0,8.387139719097384,20.865277777777777,196.0,69.0,10000.0,-2773.2774543946152,7227.760218461775,-27.732774543946153,29.18202288049587,508.18335424399993,28.6461001506137,-2745.5490774940017,3295.668882925743,-6068.946337320358,80.38216787623765,-45.29064430836088,99.13161518924164,-71.15624893291326,0.5430380662058862,0.2342857142857143,-0.37096640444416573,-0.5482628084298783,-0.17512560326461807,-0.2940763324180793,0.07689007202608648,79.80571428571429,221.72680349916294,0.2413054913942924,0.0,
AKEUSD,st_only,1,1,7af527e08725,30046,2070.0,ok,252.0,12.077481195500233,20.865277777777777,993.0,165.0,10000.0,-1773.0516002472987,8224.446864752701,-17.73051600247299,21.06762115339148,900.2284403220001,-39.111840074698804,-1814.6649753219945,6547.871092457088,-8320.922692704386,83.94706528791139,-47.82139478565739,117.16125945393438,-70.02678466413685,0.7869164675929662,0.30952380952380953,-0.15061450885679656,-0.3261372225282143,0.027844224169720246,-0.05867332781159088,0.09194118104520568,44.51587301587302,174.14042163885472,0.28904068536653477,0.0,
AKEUSD,adx_only,1,1,13bd4d06debd,30046,919.0,ok,171.0,8.19543366837516,20.865277777777777,458.0,81.0,10000.0,-1731.3545432743117,8268.645456725704,-17.313545432743116,20.538684452499897,675.2146537899999,82.7098894843066,-1497.702086013991,4448.8289595911,-6180.183502865411,88.976579191822,-51.075896717895965,99.54846304799997,-83.80455061232342,0.7198538615444707,0.29239766081871343,-0.2187868493005094,-0.42686727532643626,-0.017889555035273497,-0.12314057027080955,0.09564627902969981,30.71345029239766,162.5871532413596,0.3010176120906261,0.5847953216374269,
AKEUSD,wpr_only,1,1,101048028d83,30046,12619.0,ok,329.0,15.767822671903083,20.865277777777777,5569.0,1384.0,10000.0,-760.0494136512998,9239.950586348688,-7.600494136512998,17.716355383877953,1436.3626289699998,89.6827846812935,-523.8934274400108,11232.446597976941,-11992.49601162824,97.67344867806035,-56.03970098891701,115.4567506399233,-88.56617280620543,0.936622917121312,0.3495440729483283,-0.043039608739156646,-0.2000511544586089,0.10994544926260612,0.05556919274731214,0.0986088014864688,35.495440729483285,154.90248795317797,0.3103213149805571,0.303951367781155,
AKEUSD,hwpr_no_confirm,1,1,c11a3456299c,30046,2130.0,ok,169.0,8.099580643014045,20.865277777777777,178.0,198.0,10000.0,-1829.9883009238374,8171.164668916581,-18.299883009238375,22.68628005673944,488.3765366800001,17.269764243833606,-1813.7382291800131,4145.806798254146,-5975.795099177984,90.12623474465535,-48.58369999331695,105.9900196435794,-77.93303454557166,0.6937665581646922,0.27218934911242604,-0.23732541889946304,-0.4288617597503924,-0.03661234380184787,-0.16714848839336457,0.07017693050609844,104.92899408284023,266.0538294957345,0.22030415145836876,0.0,
AKEUSD,st_flip_atr,1,1,1c8d76effdaf,30046,2095.0,ok,271.0,12.988084936430807,20.865277777777777,1247.0,202.0,10000.0,-1314.7692304431491,8685.23076955684,-13.14769230443149,20.463239823613804,1023.8306993760001,-41.741468932853294,-1356.510699376011,7267.346337421951,-8582.115567865101,81.65557682496573,-47.15448114211594,98.19387121791304,-74.28130622455939,0.846801267118078,0.3284132841328413,-0.09961758317662275,-0.2695459160228881,0.06901336047512227,0.0005168810369497963,0.10013446421357255,27.59040590405904,154.04430705821642,0.3148056314359146,0.0,
AKEUSD,flip_wide,1,1,2d98145bd9e7,30046,335.0,ok,111.0,5.319842907541769,20.865277777777777,88.0,17.0,10000.0,66.0192579539723,10066.019257953974,0.660192579539723,7.8048619748341945,345.95415457799993,19.6775874680263,85.69684542200412,3756.1743960460362,-3690.1551380920637,93.90435990115091,-51.97401602946569,101.32486303696848,-67.53408114493803,1.017890645645892,0.36036036036036034,0.013651717026826576,-0.240917094003753,0.28618762736024095,0.08796945683800973,0.07431773981118313,110.73873873873873,244.12866842281,0.2331073692342388,0.0,
AKEUSD,trend_wide_stop,1,1,0daed69b9ce8,30046,2651.0,ok,133.0,6.374226186514012,20.865277777777777,344.0,231.0,10000.0,-723.4338755110771,9273.296868278909,-7.234338755110771,14.45400018978917,368.035092636,40.61878287508021,-686.0843488459996,3963.699235880332,-4687.133111391408,94.3737913304841,-51.50695726803745,108.12529593076465,-63.2121680819664,0.8456553594023447,0.3157894736842105,-0.10894763609684448,-0.34310612400584634,0.13224058348540363,-0.04495507890130221,0.06399255719554224,156.54887218045113,274.81136851240154,0.20073180650208003,0.0,
AKEUSD,counter_trend,1,1,bdfef65e469d,30046,723.0,ok,159.0,7.62031551620848,20.865277777777777,422.0,32.0,10000.0,-1626.4244075052181,8373.575592494788,-16.264244075052183,22.482467131007716,611.739746108,11.041661397218501,-1615.3827461079964,3865.6054177019123,-5492.029825207131,84.03490038482418,-48.60203385139054,101.77182051423983,-80.94757729599422,0.7038573242919565,0.2893081761006289,-0.22080985780388002,-0.43012056616456584,0.00720980507557785,-0.1222837978459049,0.09852605995797513,26.761006289308177,157.7102803738324,0.30988201242893765,0.0,
AKEUSD,atr_pullback,1,1,110100b16667,30046,411.0,ok,94.0,4.5050921919723095,20.865277777777777,258.0,11.0,10000.0,-1558.717973831505,8441.282026168497,-15.587179738315053,17.641563397119082,385.78363246200007,10.810341369499204,-1547.9076324620019,2016.9512453123564,-3575.6692191438615,87.69353240488506,-50.36153829780086,99.25393228190983,-83.80455061232342,0.5640765746769172,0.24468085106382978,-0.35820064662223966,-0.6173828648757589,-0.09628766725929694,-0.25902708964316706,0.09917355697907264,21.54255319148936,161.06884984465393,0.3123399180849119,0.0,
AKEUSD,atr_banded,1,1,32baa03e1582,30046,1892.0,ok,185.0,8.866404845902949,20.865277777777777,1113.0,67.0,10000.0,-1670.587755294907,8329.412244705087,-16.705877552949072,20.40168279641761,693.268388364,-12.228633069097402,-1682.81638836401,4461.430564380695,-6132.0183196756025,81.11691935237627,-47.16937168981233,94.97065336000009,-74.28130622455939,0.7275631499771374,0.2972972972972973,-0.19420350624118526,-0.3935451504080347,0.009705798195661945,-0.09596441693975141,0.09823908930143382,26.345945945945946,159.4480643924892,0.3090859074425868,0.0,
AKEUSD,atr_adx,1,1,5dbb5b8ed03c,30046,2651.0,ok,223.0,10.687612327764095,20.865277777777777,1139.0,349.0,10000.0,-2481.8567028000325,7518.143297199959,-24.818567028000324,25.229567775856133,857.60233898,11.9163638200246,-2469.9403389800154,5430.923335778692,-7912.780038578722,87.59553767384986,-49.14770210297343,97.74967107897191,-56.95961191924389,0.6863483262899069,0.27802690582959644,-0.2530651200242866,-0.4303811836138533,-0.07393443253553297,-0.15780454397129512,0.09526057605299151,34.134529147982065,161.81298767748322,0.2997958820453544,0.0,
AKEUSD,atr_adx_both,1,1,050ea75f6207,30046,2651.0,ok,223.0,10.687612327764095,20.865277777777777,1139.0,349.0,10000.0,-2481.8567028000325,7518.143297199959,-24.818567028000324,25.229567775856133,857.60233898,11.9163638200246,-2469.9403389800154,5430.923335778692,-7912.780038578722,87.59553767384986,-49.14770210297343,97.74967107897191,-56.95961191924389,0.6863483262899069,0.27802690582959644,-0.2530651200242866,-0.4303811836138533,-0.07393443253553297,-0.15780454397129512,0.09526057605299151,34.134529147982065,161.81298767748322,0.2997958820453544,0.0,
AKEUSD,atr_t3,1,1,eb3710a3d5b9,30046,6636.0,ok,259.0,12.412966784264128,20.865277777777777,3065.0,561.0,10000.0,-2078.73882819683,7921.2611718031785,-20.7873882819683,26.168918594609963,1039.46062503,-51.55279683318061,-2130.2916250300013,7824.530199932637,-9903.269028129467,132.61915593106164,-49.51634514064734,164.34947510375787,-78.92687916456177,0.7900956924130472,0.2277992277992278,-0.17379037509671888,-0.36872917454400517,0.04001436263646678,-0.07678937971878519,0.0970009953779337,45.57915057915058,155.76397957972188,0.3051048444027939,0.0,
AKEUSD,atr_t4,1,1,85c7c16d5604,30046,6636.0,ok,217.0,10.400053251680756,20.865277777777777,2875.0,493.0,10000.0,-826.514784655544,9173.485215344454,-8.26514784655544,12.97353329944764,939.0585879119999,-64.7878032564601,-891.3025879119978,8290.784320779741,-9117.299105435282,188.42691638135776,-52.70115089846984,213.4856819213107,-60.22001026644813,0.9093465317856234,0.20276497695852536,-0.07008235374850179,-0.3253090412779866,0.20164591477508897,0.02662691215522088,0.09670926590372274,60.94009216589862,158.36601790868144,0.3041702649587946,0.0,
AKEUSD,atr_banded_adx,1,1,27bc3723bc0f,30046,489.0,ok,86.0,4.121680090527858,20.865277777777777,263.0,7.0,10000.0,-1310.3542074638638,8689.645792536141,-13.103542074638638,13.899100839849087,336.509238424,22.004969039864303,-1288.3492384239944,1917.1150384937403,-3227.469245957604,87.14159265880637,-50.42920696808756,97.26885363627163,-83.80455061232342,0.5939994752529156,0.2558139534883721,-0.32386250194547755,-0.5920039116030735,-0.03425173747253492,-0.2297919637350513,0.09407053821042631,30.127906976744185,165.86603988157583,0.2961920908590627,0.0,
AKEUSD,hwpr_v2,5,1,417a02375248,6009,79.0,ok,26.0,1.2461308037943086,20.864583333333332,0.0,6.0,10000.0,103.72310345315563,10102.833721453158,1.0372310345315563,2.659872956244246,60.437753062,6.372143484843498,258.48924845799775,894.863527608451,-791.1404241552952,89.48635276084511,-49.44627650970595,102.16163519201666,-56.9200515963124,1.1311058066131578,0.38461538461538464,0.08632059449322914,-0.4496849100482556,0.6327911162124548,0.14105698667842445,0.05473639218519534,51.80769230769231,368.7775171116107,0.17131653470464275,3.8461538461538463,
AKEUSD,atr_arm,5,1,5104b68fd7d7,6009,761.0,ok,123.0,5.895157264103845,20.864583333333332,18.0,167.0,10000.0,-1182.4050828830457,8817.594917116956,-11.824050828830456,15.129362985911174,353.89342315600004,-24.6483402729595,-1057.7501787359997,3340.2398940447533,-4522.644976927799,95.43542554413581,-51.39369291963408,119.93373874406394,-56.94091922559632,0.7385589430709096,0.2845528455284553,-0.20270218375615612,-0.42858673320171065,0.045307886598542194,-0.1359708415847533,0.06673134217140274,20.252032520325205,274.50689970130014,0.2094730356506469,0.8130081300813009,
AKEUSD,flip,5,1,e315159de0f4,6009,43.0,ok,27.0,1.2940589116325512,20.864583333333332,0.0,0.0,10000.0,653.9906170592086,10653.99061705921,6.539906170592086,3.2859688637,116.730727874,-13.346344933208801,640.6442721260009,1371.4246979923341,-717.4340809331255,97.95890699945244,-55.18723699485581,107.20797213274801,-59.16363120000009,1.9115689293831712,0.5185185185185185,0.4793042193784918,-0.08786181017851416,1.0472047814190406,0.5845414305859068,0.10523721120741499,11.148148148148149,150.12165450121768,0.33068882357005847,0.0,
AKEUSD,trend_pure,5,1,05d1fff9562b,6009,128.0,ok,32.0,1.5336994508237645,20.864583333333332,1.0,10.0,10000.0,-345.8676854085607,9654.132314591441,-3.458676854085607,5.904346224633556,81.976946178,14.9467392305598,-182.03886575799697,851.4771575898446,-1197.3448429984055,94.6085730655383,-52.05847143471328,97.31062572000044,-57.295720581282026,0.7111377833787342,0.28125,-0.2184939767456738,-0.6865615361652968,0.25638807982260226,-0.1605081738279695,0.05798580291770428,40.125,343.47636199345584,0.18170599754595346,3.125,
AKEUSD,st_only,5,1,fff8729f2034,6009,693.0,ok,82.0,3.930104842735896,20.864583333333332,6.0,67.0,10000.0,807.0017495857032,10802.44582324035,8.070017495857032,4.566850830793509,243.336783512,15.583466902298902,974.9950042420132,3419.0767981915474,-2612.075048605844,100.56108229975139,-54.41823017928842,106.50286373181586,-64.36327199644774,1.3089504453619847,0.4146341463414634,0.19500756495801402,-0.13143894156183059,0.5167287631075931,0.262085964618286,0.06707839966027199,32.13414634146341,289.1295939417947,0.2103057068735908,1.2195121951219512,
AKEUSD,adx_only,5,1,b5acf63ba5bf,6009,215.0,ok,57.0,2.7319021467798303,20.864583333333332,4.0,28.0,10000.0,296.52288824531087,10296.522888245312,2.965228882453109,4.593184594380702,162.856289428,20.2498223266871,467.232477931997,2178.1153362208024,-1881.592447975491,99.00524255549102,-53.75978422787117,116.80179484101453,-62.78597131884424,1.1575914532205722,0.38596491228070173,0.1094861394787572,-0.26539007717911595,0.48674603983051035,0.17428236619269177,0.06479622671393462,32.35087719298246,302.5031410070554,0.20304969349324206,1.7543859649122806,
AKEUSD,wpr_only,5,1,461613bee59c,6009,2337.0,ok,139.0,6.662006989515727,20.864583333333332,36.0,465.0,10000.0,-1395.2467378889287,8604.753262111048,-13.952467378889285,19.749275370588002,367.32684001999996,-20.090102131071607,-1415.336840020018,3402.4048302770075,-4797.6515681659375,87.24114949428224,-47.97651568165938,107.69926917755201,-57.93115633346002,0.709181311300956,0.2805755395683453,-0.2148153009688833,-0.43114157435130596,0.016416577706819823,-0.14793133774943015,0.06688396321945313,24.489208633093526,284.97342815331973,0.209578047157423,0.0,
AKEUSD,hwpr_no_confirm,5,1,7c2732655b5c,6009,280.0,ok,33.0,1.581627558662007,20.864583333333332,0.0,14.0,10000.0,-351.0652939482956,9644.802586808244,-3.510652939482956,4.769454377208087,79.730982158,31.915311790294098,-171.56943937799224,857.9564110601599,-1209.0217050084555,85.79564110601599,-52.56616108732415,96.84108463161581,-57.5460456428678,0.7096286257773674,0.30303030303030304,-0.21287329714693287,-0.628925690003363,0.25255228023683673,-0.15908268085054092,0.05379061629639201,48.06060606060606,366.51562352497064,0.16874763193509112,3.0303030303030303,
AKEUSD,st_flip_atr,5,1,97b43ab55233,6009,269.0,ok,78.0,3.7383924113829257,20.864583333333332,11.0,38.0,10000.0,-685.8695134082596,9311.566838631736,-6.8586951340825975,12.216396774380987,240.76940275,1.4551106582609994,-536.5182833500039,2138.8749611370913,-2824.7444745453504,92.99456352769963,-51.3589904462791,99.44419430399982,-62.037812061301494,0.7571923692253079,0.2948717948717949,-0.1804497960031982,-0.48289795658953905,0.1629118976772636,-0.10752871819304669,0.07292107781015156,21.294871794871796,257.13610447165615,0.22893935541850605,1.282051282051282,
AKEUSD,flip_wide,5,1,be791f3cc7c2,6009,32.0,ok,14.0,0.670993509735397,20.864583333333332,0.0,2.0,10000.0,414.17845442490386,10414.975456534383,4.141784544249038,1.5438223779984943,23.252892734000003,8.1236528410954,421.6475290660019,726.8665881388308,-312.6881337139269,90.85832351735385,-52.11468895232115,103.27408398061618,-59.848230418080995,2.324573623902942,0.5714285714285714,0.5937163822143268,-0.18963477921848462,1.3285100758091282,0.6356697661554668,0.041953383941139885,84.85714285714286,402.40305016567703,0.13055012510701203,0.0,
AKEUSD,trend_wide_stop,5,1,faec9158d314,6009,457.0,ok,48.0,2.3005491762356467,20.864583333333332,1.0,45.0,10000.0,-650.6665234858193,9346.896585678283,-6.506665234858193,8.233504685560778,83.865341274,-10.027817788180897,-661.4619147540052,1061.8930553624145,-1712.559578848234,81.6840811817242,-48.93027368137811,105.9186896233499,-52.87895839999994,0.6200619636699477,0.2708333333333333,-0.27883651512948404,-0.6333049876979508,0.09223910824986582,-0.23981247757701762,0.03902403755246641,67.22916666666667,613.8453485506227,0.12182033752359438,0.0,
AKEUSD,counter_trend,5,1,1462fce8f022,6009,85.0,ok,31.0,1.4857713429855217,20.864583333333332,3.0,4.0,10000.0,638.0393944733258,10638.039394473324,6.380393944733258,3.200385206412084,94.653514804,-21.8839092773264,616.1554851959991,1476.6534200324377,-838.6140255591115,98.44356133549584,-52.41337659744447,107.54729512026285,-55.778971043458725,1.760826047534728,0.4838709677419355,0.4044291443824649,-0.09460652987071952,0.911816126568615,0.48065863213384186,0.0762294877513769,22.29032258064516,225.1154438173418,0.2384308316015315,0.0,
AKEUSD,atr_pullback,5,1,f657e49360af,6009,25.0,ok,16.0,0.7668497254118822,20.864583333333332,1.0,2.0,10000.0,357.67611269894775,10357.676112698948,3.576761126989478,1.1430607448999943,47.423598238,-6.6507109369481,351.0254017620009,774.8964064853915,-417.2202937864437,96.86205081067394,-52.15253672330546,100.27037423941972,-54.38495061000004,1.8572835934055167,0.5,0.4491057819669259,-0.2993212350942693,1.1992633927983227,0.5251026429051125,0.07599686093818668,17.5,209.34168913568362,0.23709784455838157,0.0,
AKEUSD,atr_banded,5,1,ddd76a9fda2b,6009,182.0,ok,58.0,2.779830254618073,20.864583333333332,8.0,11.0,10000.0,71.20115440376118,10071.201154403763,0.7120115440376118,5.932312467416386,172.497744332,-13.837898735760803,57.36325566800224,1980.3081284500938,-1909.106974046333,94.30038706905209,-51.59748578503603,101.54394958620182,-58.383752771736894,1.037295528941917,0.3620689655172414,0.02995975083567396,-0.34010161737714717,0.3546820903409328,0.10069863683989828,0.07073888600422436,23.637931034482758,257.511195804036,0.22174391520225542,0.0,
AKEUSD,atr_adx,5,1,46cfb055642f,6009,316.0,ok,72.0,3.45082376435347,20.864583333333332,9.0,59.0,10000.0,-357.0206164408421,9642.979383559157,-3.570206164408421,7.934568904602091,211.794523594,-16.3529071531622,-73.28586241000085,2247.817174834685,-2604.837791275527,97.73118151455152,-53.15995492399034,117.53855839668381,-59.728581469108846,0.8629394054260794,0.3194444444444444,-0.09613172826442308,-0.3970337819707176,0.23828496491290885,-0.030304607136263248,0.0658271211281598,20.59722222222222,301.51793491052155,0.20666640931908858,2.7777777777777777,
AKEUSD,atr_adx_both,5,1,5af18381228a,6009,170.0,ok,51.0,2.4443334997503747,20.864583333333332,6.0,32.0,10000.0,2.339816310744645,10002.339816310749,0.02339816310744645,4.772071947216309,139.56979584,-9.5836121507487,292.8438653439989,1757.0235019578988,-1754.683685647154,97.61241677543882,-53.17223289839861,117.53855839668381,-60.55814510062426,1.0013334690063422,0.35294117647058826,0.008008655145124357,-0.4040680690365576,0.4043676119210663,0.07079722840369354,0.06278857325856922,25.88235294117647,325.14049280553326,0.19679831816514037,3.9215686274509802,
AKEUSD,atr_t3,5,1,05f6295cd83b,6009,761.0,ok,101.0,4.8407388916625065,20.864583333333332,17.0,127.0,10000.0,-1063.4777999622138,8936.52220003779,-10.634777999622138,16.64111619836056,298.50981764999995,-10.773017687788405,-881.9986611759996,3034.5899595077954,-4098.067759470009,144.5042837860855,-51.225846993375114,166.26689260756808,-58.76835927317515,0.740492870693834,0.2079207920792079,-0.21790196741442888,-0.5144714856029913,0.10382587190615973,-0.15191229613356627,0.06598967128086257,29.663366336633665,275.39553452609914,0.20697760667413734,0.9900990099009901,
AKEUSD,atr_t4,5,1,3e4a2f166d4d,6009,761.0,ok,96.0,4.601098352471293,20.864583333333332,18.0,119.0,10000.0,-1450.5145158646637,8549.48548413535,-14.505145158646638,16.93198018928727,290.94062638800006,-12.253110523338698,-1222.5607898899962,2670.841581057951,-4121.356096922615,190.7743986469965,-50.260440206373346,214.46751457556783,-58.76835927317515,0.6480492144447911,0.14583333333333334,-0.32244812509982473,-0.6478390940037279,0.03294231218775952,-0.25478808143482407,0.06766004366500065,31.822916666666668,275.28673089764055,0.2125884918541082,1.0416666666666665,
AKEUSD,atr_banded_adx,5,1,57994c89d5b6,6009,40.0,ok,20.0,0.9585621567648528,20.864583333333332,1.0,0.0,10000.0,606.2223138378007,10606.222313837801,6.062223138378007,1.7419793163040125,54.308457148,-6.659770985799798,599.5625428519998,1073.7424059408982,-467.52009210309757,97.61294599462711,-51.94667690034417,108.05317712377885,-56.733796199999794,2.296676493860966,0.55,0.6022985524127898,-0.02334216471215122,1.2113990612357888,0.6689083979628414,0.06660984555005142,28.75,299.6542804444516,0.20810081706265676,0.0,
AKEUSD,hwpr_v2,15,3,2d82254b0605,2002,21.0,ok,5.0,0.23976023976023975,20.854166666666668,0.0,0.0,10000.0,27.580902559705827,10027.580902559705,0.2758090255970583,1.1099184557355672,7.99349396,8.9376034802942,36.51850603999992,192.59404355414773,-165.0131409944419,96.29702177707387,-55.00438033148063,98.17300399191765,-56.050096298073846,1.1671436734886154,0.4,0.13222912903933953,-1.0973010890156139,1.3661946805294687,0.16940724937320764,0.03717812033386815,35.2,456.9898841534201,0.11654260548046831,0.0,
AKEUSD,atr_arm,15,3,6f52cca22769,2002,180.0,ok,27.0,1.2947052947052946,20.854166666666668,0.0,19.0,10000.0,-752.3105103955035,9247.689489604494,-7.523105103955034,7.946647965666616,61.636993335999996,13.201517059503402,-590.0225057259995,372.5186455673127,-1124.8291559628162,93.12966139182818,-48.905615476644186,95.8378308131113,-54.38121781745772,0.3311779780889918,0.14814814814814814,-0.5834334225582514,-0.9464434367817678,-0.14229806120835134,-0.5325285934719253,0.05090482908632586,18.333333333333332,368.4479859638857,0.15960704823208882,3.7037037037037033,
AKEUSD,flip,15,3,aeb036eae4b4,2002,18.0,ok,5.0,0.23976023976023975,20.854166666666668,0.0,0.0,10000.0,-271.6918496199986,9728.308150380002,-2.716918496199986,2.716918496199978,25.90984962,0.0,-271.6918496199978,0.0,-271.6918496199986,,-54.33836992399972,-53.719889599999796,-54.98289263999974,0.0,0.0,-1.1054154709134016,-1.1060587014138574,-1.104768426829422,-1.000158,0.10525747091340165,1.2,150.10623957595388,0.3329210868444511,0.0,
AKEUSD,trend_pure,15,3,eb00d21eb365,2002,24.0,ok,5.0,0.23976023976023975,20.854166666666668,0.0,0.0,10000.0,26.696044782141904,10026.696044782142,0.26696044782141903,1.1040154713448065,7.959187282,8.584767935858201,35.28081271799965,191.09655974750112,-164.4005149653592,95.54827987375056,-54.80017165511973,96.67552018527103,-55.437470268991156,1.1623841919702442,0.4,0.13365473337884848,-1.09384788582522,1.365291688762405,0.17102983706320463,0.03737510368435616,36.4,429.5340365246787,0.11673030095162766,0.0,
AKEUSD,st_only,15,3,0f4e7a10593d,2002,133.0,ok,18.0,0.8631368631368631,20.854166666666668,0.0,6.0,10000.0,-91.9983735203084,9908.00162647969,-0.9199837352030841,3.6632165778205086,37.682817482000004,6.458556038307801,66.01008298200213,506.35616088834024,-598.3545344086486,84.39269348139004,-49.86287786738739,98.27619683030098,-57.44956264556001,0.8462477206574025,0.3333333333333333,-0.100458535112345,-0.6807010233412166,0.5358124746273055,-0.05246808003495592,0.04799045507738911,29.11111111111111,385.50200586732524,0.1496227138258414,5.555555555555555,
AKEUSD,adx_only,15,3,678e9c750bae,2002,39.0,ok,8.0,0.3836163836163836,20.854166666666668,0.0,0.0,10000.0,-264.0314047213433,9737.38962251519,-2.6403140472134328,2.6554526592134065,21.96952096,20.903883761343497,-244.64138215999992,94.03940396759998,-358.07080868894326,94.03940396759998,-51.152972669849035,94.03940396759998,-55.40857783439958,0.262627954263907,0.125,-0.6794997094549797,-1.0967484909197156,0.07234962431762298,-0.621083666852055,0.05841604260292475,26.0,324.70353021566945,0.18335941772041223,0.0,
AKEUSD,wpr_only,15,3,db7a0979c7d6,2002,556.0,ok,34.0,1.6303696303696302,20.854166666666668,0.0,75.0,10000.0,-164.1388128251485,9835.861187174847,-1.641388128251485,4.325392443837749,73.230099574,31.2747132511491,-132.86409957400247,1029.9447772747399,-1194.0835900998882,93.63134338861272,-51.91667783042992,96.94612850399997,-55.75252588213243,0.8625399308842209,0.3235294117647059,-0.09236018271110652,-0.5358054621172672,0.3570104868553615,-0.04092801739976387,0.05143216531134263,19.235294117647058,374.1089649461466,0.16073710450394962,0.0,
AKEUSD,hwpr_no_confirm,15,3,eaf32eb8c8d0,2002,58.0,ok,7.0,0.3356643356643356,20.854166666666668,0.0,0.0,10000.0,67.11763767332064,10067.11763767332,0.6711763767332064,1.636215370163191,11.806124112,16.941238214678897,84.05887588800033,287.54251412436287,-220.42487645104222,95.84750470812095,-55.106219112760556,99.21056882453756,-56.050096298073846,1.3044921188295546,0.42857142857142855,0.20328420859971374,-1.0868685260754536,1.464809030958065,0.24298317309836143,0.039698964498647814,30.714285714285715,403.9746702375299,0.124072617355928,0.0,
AKEUSD,st_flip_atr,15,3,b4dec0fbdf37,2002,62.0,ok,14.0,0.6713286713286712,20.854166666666668,0.0,5.0,10000.0,7.390173337629321,10005.99956635763,0.07390173337629322,2.316618042252416,31.688849054,8.042977608370997,14.042543965999357,485.41110911523515,-478.02093577760587,97.08222182304704,-53.11343730862288,99.48302487662438,-59.742746334671864,1.0154599365519579,0.35714285714285715,0.014600266199191652,-0.6596451125642913,0.8678688350340864,0.06598402584934263,0.05138375965015093,18.0,363.9295717496309,0.16031222892009925,0.0,
AKEUSD,flip_wide,15,3,581f1adf9d94,2002,12.0,ok,3.0,0.14385614385614384,20.854166666666668,0.0,0.0,10000.0,-44.537410888121705,9955.9853814946,-0.4453741088812171,0.5341719144598295,3.0015465399999997,6.5958643481219,-38.359720400001606,7.806628514852782,-52.34403940297449,7.806628514852782,-26.172019701487244,7.806628514852782,-47.44553801897419,0.14914073510362605,0.3333333333333333,-0.31450693462194707,-1.0110283416931085,0.16792782040209928,-0.2931252225676111,0.02138171205433596,66.66666666666667,745.3526638797473,0.06442671732462292,0.0,
AKEUSD,trend_wide_stop,15,3,aa80ac6cb6a1,2002,81.0,ok,6.0,0.2877122877122877,20.854166666666668,0.0,1.0,10000.0,-132.1226610493967,9864.55711897452,-1.321226610493967,1.3544288102547943,6.4100677600000004,11.7105932893964,-121.17884176000007,90.59966318087993,-222.72232423027663,90.59966318087993,-44.54446484605533,90.59966318087993,-53.20329549082602,0.40678303575535296,0.16666666666666666,-0.44233192276346617,-1.0565000759912198,0.5575704276213419,-0.4185233800981522,0.023808542665314042,42.666666666666664,746.2256696480007,0.07321649942779022,0.0,
AKEUSD,counter_trend,15,3,3125adf4a7a6,2002,21.0,ok,5.0,0.23976023976023975,20.854166666666668,0.0,2.0,10000.0,-256.7210493202624,9743.278950679736,-2.5672104932026243,2.5672104932026376,10.7344173,3.3306320202622004,-253.390417300001,0.0,-256.7210493202624,,-51.34420986405248,-49.346043999999914,-54.41384235964707,0.0,0.0,-1.0577864632232248,-1.0839393505769839,-1.0397311052355513,-1.013469383935306,0.044317079287918656,13.6,372.6763319398746,0.138544232026951,0.0,
AKEUSD,atr_pullback,15,3,a6e9ca369d7d,2002,9.0,ok,1.0,0.04795204795204795,20.854166666666668,0.0,0.0,10000.0,-51.044705640000075,9948.95529436,-0.5104470564000008,0.5104470564000075,2.26470564,0.0,-51.04470564000076,0.0,-51.044705640000075,,-51.044705640000075,-51.044705640000075,-51.044705640000075,0.0,0.0,-1.046426929889299,-1.046426929889299,-1.046426929889299,-0.9992100000000002,0.04721692988929882,3.0,334.62573778183935,0.14652272091587226,0.0,
AKEUSD,atr_banded,15,3,211009088ad3,2002,51.0,ok,14.0,0.6713286713286712,20.854166666666668,0.0,0.0,10000.0,-138.40337108161071,9861.596628918387,-1.3840337108161072,3.2114190490632586,30.348015714000002,9.4723553676097,-128.93101571400075,385.5620583888092,-523.96542947042,96.3905145972023,-52.39654294704199,97.91107397999993,-58.210881044039255,0.7358540023881018,0.2857142857142857,-0.20057807746872283,-0.8567102383813863,0.4596721773477583,-0.1511424038116722,0.04943567365705063,22.642857142857142,380.26993293225405,0.15466166365923187,0.0,
AKEUSD,atr_adx,15,3,202bf6ba8020,2002,62.0,ok,9.0,0.43156843156843155,20.854166666666668,0.0,3.0,10000.0,-185.1332858279744,9814.866714172027,-1.8513328582797437,2.2826589791182963,20.733605825999998,15.6826800019739,-169.45060582599945,184.33763768537418,-369.4709235133485,92.16881884268709,-52.78156050190693,92.80821210669446,-54.92153976165915,0.4989232601377204,0.2222222222222222,-0.4165931578633073,-1.0894460561449129,0.5658251594353598,-0.3646856618691591,0.05190749599414823,15.222222222222221,338.505587882147,0.16194993847666403,0.0,
AKEUSD,atr_adx_both,15,3,f332970c01aa,2002,40.0,ok,7.0,0.3356643356643356,20.854166666666668,0.0,3.0,10000.0,-370.21002007036765,9629.789979929634,-3.7021002007036765,3.7021002007036627,20.248460769999998,9.640559300368,-360.56946076999884,0.0,-370.21002007036765,,-52.88714572433823,-50.292894035721986,-54.92153976165915,0.0,0.0,-1.0880163280646928,-1.1139315552628763,-1.0614676162091046,-1.0276781540341149,0.06033817403057774,16.285714285714285,284.9383062911188,0.18988185510890127,0.0,
AKEUSD,atr_t3,15,3,1ff2ae982960,2002,180.0,ok,24.0,1.1508491508491507,20.854166666666668,0.0,13.0,10000.0,-733.8583554258995,9266.141644574098,-7.338583554258996,8.197216833212332,57.177935646,27.059419779899,-706.7989356460021,293.08217075780226,-1026.9405261837016,97.69405691926742,-48.901929818271505,137.53134920728002,-54.38121781745772,0.28539351918163075,0.125,-0.6382826428585889,-1.0186994565507932,-0.16475801921005218,-0.5858929552236096,0.05238968763497937,23.041666666666668,336.56566283199317,0.16430100144220405,0.0,
AKEUSD,atr_t4,15,3,6ba6750cd284,2002,180.0,ok,24.0,1.1508491508491507,20.854166666666668,0.0,11.0,10000.0,-642.0302813707825,9357.96971862922,-6.420302813707825,7.746412323992663,57.438004096,27.163277274782104,-614.8670040959987,388.99271824962614,-1031.0229996204087,129.66423941654205,-49.09633331525755,185.12011560728,-54.38121781745772,0.37728810937567975,0.125,-0.5549689761919224,-1.0186994565507932,0.03788220086767094,-0.5025792885569431,0.05238968763497937,23.208333333333332,336.56566283199317,0.16431137993218836,0.0,
AKEUSD,atr_banded_adx,15,3,aec9aca1a8a6,2002,12.0,ok,1.0,0.04795204795204795,20.854166666666668,0.0,0.0,10000.0,96.05257574294768,10096.052575742948,0.9605257574294769,0.009309644400000252,1.186224872,-0.4148006149476,95.6377751279997,96.05257574294768,0.0,96.05257574294768,,96.05257574294768,96.05257574294768,inf,1.0,1.984065433011404,1.984065433011404,1.984065433011404,2.022525502415684,0.038460069404280095,20.0,410.8156913061023,0.11672245079540716,0.0,
AKEUSD,hwpr_v2,30,6,a7adb2330d05,1000,5.0,ok,0.0,0.0,20.833333333333332,0.0,0.0,10000.0,0.0,10000.0,0.0,0.0,0.0,0.0,0.0,0.0,0.0,,,,,,,,,,,,0.0,,0.0,,
AKEUSD,atr_arm,30,6,c1286ae7a972,1000,51.0,ok,4.0,0.192,20.833333333333332,0.0,2.0,10000.0,-180.96344624593718,9819.036553754064,-1.8096344624593717,1.8216034287961331,7.770477920000001,11.442968325937,-169.5204779199994,0.0,-180.96344624593718,,-45.240861561484294,-28.284075326157215,-53.70756019138242,0.0,0.0,-0.9354430571280425,-1.0889392565135165,-0.6980693467460038,-0.8950653600034247,0.04037769712461776,30.0,386.40777803233107,0.125266896601124,0.0,
AKEUSD,flip,30,6,94fd69df3d90,1000,9.0,ok,0.0,0.0,20.833333333333332,0.0,0.0,10000.0,0.0,10000.0,0.0,0.0,0.0,0.0,0.0,0.0,0.0,,,,,,,,,,,,0.0,,0.0,,
AKEUSD,trend_pure,30,6,7a63259af4b4,1000,8.0,ok,1.0,0.048,20.833333333333332,0.0,0.0,10000.0,-51.05465539999997,9948.945344599999,-0.5105465539999997,0.5105465540000114,2.3346554,0.0,-51.05465540000114,0.0,-51.05465539999997,,-51.05465539999997,-51.05465539999997,-51.05465539999997,0.0,0.0,-1.0479198563218393,-1.0479198563218393,-1.0479198563218393,-1.00079,0.04712985632183911,3.0,335.2439670536099,0.1460727694909685,0.0,
AKEUSD,st_only,30,6,20804d399e9e,1000,36.0,ok,2.0,0.096,20.833333333333332,0.0,1.0,10000.0,-100.84119866422998,9899.15880133577,-1.0084119866422998,1.0084119866422951,3.8985986500000003,-0.7583999857700001,-101.59959865000019,0.0,-100.84119866422998,,-50.42059933211499,-50.229540864229875,-50.611657800000096,0.0,0.0,-1.0321395024282454,-1.0325538150807898,-1.031725189775701,-0.9922111534787921,0.039928348949453234,6.0,406.7709156733663,0.1243747466097479,0.0,
AKEUSD,adx_only,30,6,8814fa86b289,1000,14.0,ok,3.0,0.14400000000000002,20.833333333333332,0.0,0.0,10000.0,-165.12561489831594,9834.874385101682,-1.6512561489831594,1.651256148983175,5.84328003,11.3693348683158,-153.7562800300002,0.0,-165.12561489831594,,-55.04187163277198,-51.439959549999806,-58.05041384885298,0.0,0.0,-1.11614652115178,-1.1645485044305242,-1.0475503421240202,-1.076337329479147,0.03980919167263322,22.666666666666668,390.4119420123451,0.1255960705911924,0.0,
AKEUSD,wpr_only,30,6,7abf2369a8c0,1000,175.0,ok,8.0,0.384,20.833333333333332,0.0,9.0,10000.0,141.1257039584822,10141.125703958478,1.411257039584822,1.0638985007124204,13.851528212,-3.6172321704821018,137.50847178799813,353.91572267416575,-212.79001871568352,88.47893066854144,-53.19750467892088,104.02518488938692,-56.042671504051214,1.6632158068797644,0.5,0.36828822584591775,-0.6574528157469747,1.3105170097984142,0.40867284362336176,0.040384617777444155,20.125,408.2380944645754,0.12556611211198015,0.0,
AKEUSD,hwpr_no_confirm,30,6,492823a2fdc7,1000,17.0,ok,2.0,0.096,20.833333333333332,0.0,0.0,10000.0,-104.23031099752819,9895.769689002473,-1.042303109975282,1.0423031099752735,3.5055973500000004,2.5717136475282,48.80979677000141,0.0,-104.23031099752819,,-52.115155498764096,-50.80015215414812,-53.43015884338008,0.0,0.0,-1.0617842947551173,-1.06894523934419,-1.0546233501660445,-1.0251901619889234,0.0365941327661938,6.5,439.2754487085808,0.11432509514788289,50.0,
AKEUSD,st_flip_atr,30,6,cc14ebbc36cc,1000,24.0,ok,1.0,0.048,20.833333333333332,0.0,1.0,10000.0,-50.807988121163895,9949.192011878838,-0.5080798812116389,0.5080798812116154,2.49739382,-0.8234056988360001,-51.631393819998266,0.0,-50.807988121163895,,-50.807988121163895,-50.807988121163895,-50.807988121163895,0.0,0.0,-1.0340698522645013,-1.0340698522645013,-1.0340698522645013,-0.9840316310734726,0.05003822119102872,6.0,315.75862658428713,0.15640084120822473,0.0,
AKEUSD,flip_wide,30,6,9fa46d676fb3,1000,4.0,ok,0.0,0.0,20.833333333333332,0.0,0.0,10000.0,0.0,10000.0,0.0,0.0,0.0,0.0,0.0,0.0,0.0,,,,,,,,,,,,0.0,,0.0,,
AKEUSD,trend_wide_stop,30,6,d05acddffa50,1000,23.0,ok,1.0,0.048,20.833333333333332,0.0,0.0,10000.0,-35.95961505827021,9961.861876083587,-0.3595961505827021,0.3813812391641295,0.71874121,3.3518738482701993,-33.11757561000013,0.0,-35.95961505827021,,-35.95961505827021,-35.95961505827021,-35.95961505827021,0.0,0.0,-0.7845106586004796,-0.7845106586004796,-0.7845106586004796,-0.7682806801987518,0.01622997840172785,48.0,973.5071488645929,0.04725432473272272,0.0,
AKEUSD,counter_trend,30,6,78f4d84ac5aa,1000,5.0,ok,0.0,0.0,20.833333333333332,0.0,0.0,10000.0,0.0,10000.0,0.0,0.0,0.0,0.0,0.0,0.0,0.0,,,,,,,,,,,,0.0,,0.0,,
AKEUSD,atr_pullback,30,6,3494116be2ba,1000,3.0,ok,0.0,0.0,20.833333333333332,0.0,0.0,10000.0,0.0,10000.0,0.0,0.0,0.0,0.0,0.0,0.0,0.0,,,,,,,,,,,,0.0,,0.0,,
AKEUSD,atr_banded,30,6,ebf2b8df2b76,1000,13.0,ok,2.0,0.096,20.833333333333332,0.0,0.0,10000.0,-85.61201311147414,9914.387986888523,-0.8561201311147414,0.8561201311147669,3.8049338800000005,16.6210792314738,-68.99093388000074,0.0,-85.61201311147414,,-42.80600655573707,-28.284075326157215,-57.32793778531693,0.0,0.0,-0.8828644387469642,-1.1830926569530456,-0.5826362205408828,-0.8431140614730991,0.03975037727386503,48.0,409.43348347094314,0.12294776087585256,0.0,
AKEUSD,atr_adx,30,6,dc0355172875,1000,16.0,ok,2.0,0.096,20.833333333333332,0.0,0.0,10000.0,-104.5724945913824,9895.42750540862,-1.045724945913824,1.0457249459138074,3.67856548,4.2579291113824,-100.31456547999915,0.0,-104.5724945913824,,-52.2862472956912,-50.864934399999974,-53.70756019138242,0.0,0.0,-1.08243179854172,-1.120494871722073,-1.0443687253613667,-1.0436263514080615,0.03880544713365837,15.5,418.3737001333743,0.11982753381380443,0.0,
AKEUSD,atr_adx_both,30,6,b933a9bd20a9,1000,10.0,ok,1.0,0.048,20.833333333333332,0.0,0.0,10000.0,-53.70756019138242,9946.292439808618,-0.5370756019138242,0.5370756019138208,1.5176310800000001,4.2579291113824,-49.44963108000047,0.0,-53.70756019138242,,-53.70756019138242,-53.70756019138242,-53.70756019138242,0.0,0.0,-1.120494871722073,-1.120494871722073,-1.120494871722073,-1.088042702816123,0.03245216890595008,25.0,486.8703859452389,0.09898080173670655,0.0,
AKEUSD,atr_t3,30,6,bc1c0bc5dcc3,1000,51.0,ok,4.0,0.192,20.833333333333332,0.0,2.0,10000.0,-180.96344624593718,9819.036553754064,-1.8096344624593717,1.8216034287961331,7.770477920000001,11.442968325937,-169.5204779199994,0.0,-180.96344624593718,,-45.240861561484294,-28.284075326157215,-53.70756019138242,0.0,0.0,-0.9354430571280425,-1.0889392565135165,-0.6980693467460038,-0.8950653600034247,0.04037769712461776,30.0,386.40777803233107,0.125266896601124,0.0,
AKEUSD,atr_t4,30,6,ca3098ea3584,1000,51.0,ok,4.0,0.192,20.833333333333332,0.0,2.0,10000.0,-180.96344624593718,9819.036553754064,-1.8096344624593717,1.8216034287961331,7.770477920000001,11.442968325937,-169.5204779199994,0.0,-180.96344624593718,,-45.240861561484294,-28.284075326157215,-53.70756019138242,0.0,0.0,-0.9354430571280425,-1.0889392565135165,-0.6980693467460038,-0.8950653600034247,0.04037769712461776,30.0,386.40777803233107,0.125266896601124,0.0,
AKEUSD,atr_banded_adx,30,6,0e2bbea33141,1000,6.0,ok,0.0,0.0,20.833333333333332,0.0,0.0,10000.0,0.0,10000.0,0.0,0.0,0.0,0.0,0.0,0.0,0.0,,,,,,,,,,,,0.0,,0.0,,
AKEUSD,hwpr_v2,60,12,2c9d8833017f,500,0.0,ok,0.0,0.0,20.833333333333332,0.0,0.0,10000.0,0.0,10000.0,0.0,0.0,0.0,0.0,0.0,0.0,0.0,,,,,,,,,,,,0.0,,0.0,,
AKEUSD,atr_arm,60,12,5487f1778e24,500,14.0,ok,1.0,0.048,20.833333333333332,0.0,0.0,10000.0,-52.518251293379926,9947.48174870662,-0.5251825129337993,0.5251825129338067,1.67481975,0.9184315433800001,-51.59981975000119,0.0,-52.518251293379926,,-52.518251293379926,-52.518251293379926,-52.518251293379926,0.0,0.0,-1.0519429402780172,-1.0519429402780172,-1.0519429402780172,-1.017606225205408,0.034336715072608964,1.0,460.1488513560214,0.1090703182381882,0.0,
AKEUSD,flip,60,12,3e6d68488baa,500,3.0,ok,0.0,0.0,20.833333333333332,0.0,0.0,10000.0,0.0,10000.0,0.0,0.0,0.0,0.0,0.0,0.0,0.0,,,,,,,,,,,,0.0,,0.0,,
AKEUSD,trend_pure,60,12,dfece69b487b,500,0.0,ok,0.0,0.0,20.833333333333332,0.0,0.0,10000.0,0.0,10000.0,0.0,0.0,0.0,0.0,0.0,0.0,0.0,,,,,,,,,,,,0.0,,0.0,,
AKEUSD,st_only,60,12,96300d1f8933,500,8.0,ok,0.0,0.0,20.833333333333332,0.0,0.0,10000.0,0.0,10000.0,0.0,0.0,0.0,0.0,0.0,0.0,0.0,,,,,,,,,,,,0.0,,0.0,,
AKEUSD,adx_only,60,12,2491a9621e95,500,0.0,ok,0.0,0.0,20.833333333333332,0.0,0.0,10000.0,0.0,10000.0,0.0,0.0,0.0,0.0,0.0,0.0,0.0,,,,,,,,,,,,0.0,,0.0,,
AKEUSD,wpr_only,60,12,efb4c831fb11,500,44.0,ok,1.0,0.048,20.833333333333332,0.0,0.0,10000.0,-48.693008823776786,9951.067700145783,-0.4869300882377679,0.4951443415400809,1.8298770000000002,-1.8848681762231998,-51.376661799999056,0.0,-48.693008823776786,,-48.693008823776786,-48.693008823776786,-48.693008823776786,0.0,0.0,-0.9988719295925331,-0.9988719295925331,-0.9988719295925331,-0.9621244511318783,0.03674747846065481,8.0,429.9614738713819,0.11393237099461545,0.0,
AKEUSD,hwpr_no_confirm,60,12,eafc7d4fb783,500,0.0,ok,0.0,0.0,20.833333333333332,0.0,0.0,10000.0,0.0,10000.0,0.0,0.0,0.0,0.0,0.0,0.0,0.0,,,,,,,,,,,,0.0,,0.0,,
AKEUSD,st_flip_atr,60,12,6191e0bbf3d5,500,5.0,ok,0.0,0.0,20.833333333333332,0.0,0.0,10000.0,0.0,10000.0,0.0,0.0,0.0,0.0,0.0,0.0,0.0,,,,,,,,,,,,0.0,,0.0,,
AKEUSD,flip_wide,60,12,01b133b83b8b,500,2.0,ok,0.0,0.0,20.833333333333332,0.0,0.0,10000.0,0.0,10000.0,0.0,0.0,0.0,0.0,0.0,0.0,0.0,,,,,,,,,,,,0.0,,0.0,,
AKEUSD,trend_wide_stop,60,12,fc1b4bf036c0,500,0.0,ok,0.0,0.0,20.833333333333332,0.0,0.0,10000.0,0.0,10000.0,0.0,0.0,0.0,0.0,0.0,0.0,0.0,,,,,,,,,,,,0.0,,0.0,,
AKEUSD,counter_trend,60,12,f7c6b771ba0f,500,4.0,ok,0.0,0.0,20.833333333333332,0.0,0.0,10000.0,0.0,10000.0,0.0,0.0,0.0,0.0,0.0,0.0,0.0,,,,,,,,,,,,0.0,,0.0,,
AKEUSD,atr_pullback,60,12,65d4c9d56bc9,500,2.0,ok,0.0,0.0,20.833333333333332,0.0,0.0,10000.0,0.0,10000.0,0.0,0.0,0.0,0.0,0.0,0.0,0.0,,,,,,,,,,,,0.0,,0.0,,
AKEUSD,atr_banded,60,12,b87917a4e945,500,6.0,ok,0.0,0.0,20.833333333333332,0.0,0.0,10000.0,0.0,10000.0,0.0,0.0,0.0,0.0,0.0,0.0,0.0,,,,,,,,,,,,0.0,,0.0,,
AKEUSD,atr_adx,60,12,04beb4cff4c7,500,0.0,ok,0.0,0.0,20.833333333333332,0.0,0.0,10000.0,0.0,10000.0,0.0,0.0,0.0,0.0,0.0,0.0,0.0,,,,,,,,,,,,0.0,,0.0,,
AKEUSD,atr_adx_both,60,12,ff025b438234,500,0.0,ok,0.0,0.0,20.833333333333332,0.0,0.0,10000.0,0.0,10000.0,0.0,0.0,0.0,0.0,0.0,0.0,0.0,,,,,,,,,,,,0.0,,0.0,,
AKEUSD,atr_t3,60,12,2948f1986035,500,14.0,ok,1.0,0.048,20.833333333333332,0.0,0.0,10000.0,-52.518251293379926,9947.48174870662,-0.5251825129337993,0.5251825129338067,1.67481975,0.9184315433800001,-51.59981975000119,0.0,-52.518251293379926,,-52.518251293379926,-52.518251293379926,-52.518251293379926,0.0,0.0,-1.0519429402780172,-1.0519429402780172,-1.0519429402780172,-1.017606225205408,0.034336715072608964,1.0,460.1488513560214,0.1090703182381882,0.0,
AKEUSD,atr_t4,60,12,25b97146fc25,500,14.0,ok,1.0,0.048,20.833333333333332,0.0,0.0,10000.0,-52.518251293379926,9947.48174870662,-0.5251825129337993,0.5251825129338067,1.67481975,0.9184315433800001,-51.59981975000119,0.0,-52.518251293379926,,-52.518251293379926,-52.518251293379926,-52.518251293379926,0.0,0.0,-1.0519429402780172,-1.0519429402780172,-1.0519429402780172,-1.017606225205408,0.034336715072608964,1.0,460.1488513560214,0.1090703182381882,0.0,
AKEUSD,atr_banded_adx,60,12,74612893d7d7,500,0.0,ok,0.0,0.0,20.833333333333332,0.0,0.0,10000.0,0.0,10000.0,0.0,0.0,0.0,0.0,0.0,0.0,0.0,,,,,,,,,,,,0.0,,0.0,,
AKEUSD,hwpr_v2,240,48,615596c7402f,124,,too_short,,,,,,,,,,,,,,,,,,,,,,,,,,,,,,,
AKEUSD,atr_arm,240,48,c9fa0fb9e041,124,,too_short,,,,,,,,,,,,,,,,,,,,,,,,,,,,,,,
AKEUSD,flip,240,48,73f436a33410,124,,too_short,,,,,,,,,,,,,,,,,,,,,,,,,,,,,,,
AKEUSD,trend_pure,240,48,94d0fcfbb185,124,,too_short,,,,,,,,,,,,,,,,,,,,,,,,,,,,,,,
AKEUSD,st_only,240,48,ee4b57780b7d,124,,too_short,,,,,,,,,,,,,,,,,,,,,,,,,,,,,,,
AKEUSD,adx_only,240,48,ef6ce688dd83,124,,too_short,,,,,,,,,,,,,,,,,,,,,,,,,,,,,,,
AKEUSD,wpr_only,240,48,110eede40f13,124,,too_short,,,,,,,,,,,,,,,,,,,,,,,,,,,,,,,
AKEUSD,hwpr_no_confirm,240,48,13af052e1800,124,,too_short,,,,,,,,,,,,,,,,,,,,,,,,,,,,,,,
AKEUSD,st_flip_atr,240,48,5b6dddc13e0d,124,,too_short,,,,,,,,,,,,,,,,,,,,,,,,,,,,,,,
AKEUSD,flip_wide,240,48,051cc4ae8a12,124,,too_short,,,,,,,,,,,,,,,,,,,,,,,,,,,,,,,
AKEUSD,trend_wide_stop,240,48,07f486d17dce,124,,too_short,,,,,,,,,,,,,,,,,,,,,,,,,,,,,,,
AKEUSD,counter_trend,240,48,98719646ab0d,124,,too_short,,,,,,,,,,,,,,,,,,,,,,,,,,,,,,,
AKEUSD,atr_pullback,240,48,81c45fd8782e,124,,too_short,,,,,,,,,,,,,,,,,,,,,,,,,,,,,,,
AKEUSD,atr_banded,240,48,4fa35bae6bb2,124,,too_short,,,,,,,,,,,,,,,,,,,,,,,,,,,,,,,
AKEUSD,atr_adx,240,48,2a9f6ce5e0de,124,,too_short,,,,,,,,,,,,,,,,,,,,,,,,,,,,,,,
AKEUSD,atr_adx_both,240,48,65d8e682e631,124,,too_short,,,,,,,,,,,,,,,,,,,,,,,,,,,,,,,
AKEUSD,atr_t3,240,48,953e321b2f63,124,,too_short,,,,,,,,,,,,,,,,,,,,,,,,,,,,,,,
AKEUSD,atr_t4,240,48,1dad2d9ba5a5,124,,too_short,,,,,,,,,,,,,,,,,,,,,,,,,,,,,,,
AKEUSD,atr_banded_adx,240,48,319dc61de91e,124,,too_short,,,,,,,,,,,,,,,,,,,,,,,,,,,,,,,
BANKUSD,hwpr_v2,1,1,d0d990e07b5d,30046,1766.0,ok,181.0,8.674698795180722,20.865277777777777,123.0,185.0,10000.0,1852.1639543905658,11849.302610730556,18.521639543905657,5.041260236478641,589.0374302520001,-95.32938464256172,1753.973226088001,8041.983028347833,-6189.8190739572665,107.22644037797112,-58.39451956563459,136.54012283534726,-89.06225369803491,1.2992274785838682,0.4143646408839779,0.19434638189921996,-0.024047103196172728,0.4127244198255837,0.2625376584110975,0.0681912765118776,88.91160220994475,273.09384164222973,0.2149060593020179,0.0,
BANKUSD,atr_arm,1,1,56f6ae1069b6,30046,6780.0,ok,432.0,20.7042534780004,20.865277777777777,2727.0,994.0,10000.0,592.7138306663215,10592.713830666302,5.927138306663215,14.798577479911202,1834.980952224,168.99721710968015,761.711047775987,16583.494481770977,-15990.780651104653,103.00307131534768,-59.006570668282855,132.8217170900273,-103.23550932954791,1.0370659721747468,0.3726851851851852,0.032490240633964024,-0.10540735071730445,0.17831251053427805,0.1239444836911231,0.09145424305715905,23.34722222222222,177.72337001817453,0.2885191716521778,0.0,
BANKUSD,flip,1,1,5434cfafbbc2,30046,329.0,ok,173.0,8.291286693736271,20.865277777777777,0.0,35.0,10000.0,-1693.3253128076667,8304.497320792343,-16.933253128076668,20.467758078194276,757.270848316,-0.7775355083324875,-1696.2802147159946,4658.106914294087,-6351.432227101754,91.33542969204092,-52.060919894276665,154.94324977839617,-65.68511706707454,0.7333947285807134,0.2947976878612717,-0.20940678721256337,-0.4233667082740195,-0.0003137173178053395,-0.10458798966007166,0.10481879755249174,50.7514450867052,150.38594623369605,0.3313501675885088,0.0,
BANKUSD,trend_pure,1,1,8bb3583aafa1,30046,735.0,ok,177.0,8.482992744458498,20.865277777777777,98.0,55.0,10000.0,1661.8377811628707,11658.920279562844,16.618377811628708,6.076969834011837,614.8374539040001,-57.406235066870295,1601.5140444959743,7841.026614199751,-6179.18883303688,107.41132348218837,-59.41527724073923,134.27282831657817,-91.61127050631067,1.2689410901764153,0.4124293785310734,0.1805577993137096,-0.03530675389240415,0.40594788449761127,0.25358294869071585,0.07302514937700624,76.45762711864407,234.63687150837865,0.23021446642980695,0.0,
BANKUSD,st_only,1,1,7af527e08725,30046,2013.0,ok,322.0,15.432337083139187,20.865277777777777,767.0,200.0,10000.0,189.44425073451976,10189.444250734517,1.8944425073451974,13.696010613343287,1284.807046384,-64.79829711852639,124.64595361599277,11715.539379178499,-11526.09512844398,100.13281520665385,-56.22485428509258,149.05687324104815,-79.79827668078926,1.0164361172299377,0.36335403726708076,0.017525372690237188,-0.13781549509981605,0.1822420115402437,0.10635765073752042,0.08883227804728323,32.44409937888199,182.93700170428582,0.28026416037241364,0.0,
BANKUSD,adx_only,1,1,13bd4d06debd,30046,820.0,ok,213.0,10.208347200958531,20.865277777777777,268.0,83.0,10000.0,-232.25417707946963,9767.745822920533,-2.3225417707946963,8.318061646019347,784.792243334,127.7039337454654,-104.55024333400434,7126.528615993567,-7358.782793073036,93.77011336833641,-53.713743015131655,105.68168365529229,-95.49593654548649,0.9684385062570273,0.3568075117370892,-0.016411614766891142,-0.21131011136232905,0.1779372215126274,0.06960875880606965,0.08602037357296077,23.511737089201876,198.34509613044446,0.27128496889151377,0.0,
BANKUSD,wpr_only,1,1,101048028d83,30046,12703.0,ok,418.0,20.03328230047261,20.865277777777777,4343.0,1729.0,10000.0,-1224.684270273056,8775.315729726923,-12.246842702730559,21.40381168928482,1477.715351654,-47.68308138093401,-1272.3673516540093,12115.803546611809,-13340.487816884866,85.3225601874071,-48.33510078581473,131.12709293543003,-72.1798981405833,0.9081979394544335,0.3397129186602871,-0.05757063761786035,-0.1988608984397041,0.07741484611367279,0.03314510865666891,0.09071574627452927,31.138755980861244,179.10933561454277,0.2860440373340103,0.0,
BANKUSD,hwpr_no_confirm,1,1,c11a3456299c,30046,1766.0,ok,181.0,8.674698795180722,20.865277777777777,123.0,185.0,10000.0,1852.1639543905658,11849.302610730556,18.521639543905657,5.041260236478641,589.0374302520001,-95.32938464256172,1753.973226088001,8041.983028347833,-6189.8190739572665,107.22644037797112,-58.39451956563459,136.54012283534726,-89.06225369803491,1.2992274785838682,0.4143646408839779,0.19434638189921996,-0.024047103196172728,0.4127244198255837,0.2625376584110975,0.0681912765118776,88.91160220994475,273.09384164222973,0.2149060593020179,0.0,
BANKUSD,st_flip_atr,1,1,1c8d76effdaf,30046,2050.0,ok,315.0,15.096851494375292,20.865277777777777,937.0,204.0,10000.0,658.242125592275,10658.24212559229,6.582421255922751,10.277590666528189,1352.801769882,-20.5828954742843,637.6592301180099,12435.586762245717,-11777.34463665344,105.38632849360778,-59.78347531296163,162.8146598745313,-72.84009843877227,1.055890537799471,0.3746031746031746,0.04688797820780081,-0.11988852472182751,0.21731367002736846,0.13745690696758817,0.09056892875978732,25.644444444444446,177.64710754068443,0.28577691180800824,0.0,
BANKUSD,flip_wide,1,1,2d98145bd9e7,30046,326.0,ok,130.0,6.230446648472342,20.865277777777777,114.0,29.0,10000.0,-1009.4782111586608,8990.521788841344,-10.094782111586607,15.466030432560343,380.85627922,-11.4780680613388,-1020.956279219994,3522.3675033507266,-4531.845714509387,90.31711547053145,-49.80050235724601,97.12051350289218,-60.07070633695259,0.7772478864567998,0.3,-0.16009150736714084,-0.39631090855160106,0.08720848321262212,-0.08808535800652291,0.07200614936061793,61.315384615384616,238.55540774079554,0.2272200359224822,0.0,
BANKUSD,trend_wide_stop,1,1,0daed69b9ce8,30046,2380.0,ok,174.0,8.339213206416828,20.865277777777777,288.0,268.0,10000.0,1076.2386411649697,11076.238641164953,10.762386411649699,6.835529736944869,533.420938984,-75.0325801489685,1001.2060610159879,7072.926412960635,-5996.687771795668,104.01362372000935,-56.57252614901573,126.77378557778945,-70.07696721215716,1.17947218233153,0.39080459770114945,0.12429233148874701,-0.08984335848550801,0.35038488346781793,0.18998031079273853,0.06568797930399145,108.59770114942529,273.7793767259805,0.20710876962304653,0.0,
BANKUSD,counter_trend,1,1,bdfef65e469d,30046,676.0,ok,160.0,7.668242028889037,20.865277777777777,328.0,32.0,10000.0,-1126.35935933522,8873.64064066479,-11.2635935933522,18.432972660662504,617.432753028,31.6016063072175,-1094.757753027994,4865.41044202842,-5991.769801363638,97.3082088405684,-54.470634557851255,140.18123182022424,-69.23036703282949,0.8120155819272504,0.3125,-0.14421462625554882,-0.3595063309433563,0.07004251170166127,-0.05694976364281086,0.08726486261273798,22.9125,183.18020271713482,0.27564826910637946,0.0,
BANKUSD,atr_pullback,1,1,110100b16667,30046,357.0,ok,93.0,4.4571656792917524,20.865277777777777,179.0,15.0,10000.0,-537.1116456578915,9462.888354342116,-5.371116456578915,14.54672001827067,345.83638878799997,30.001256869894597,-507.110388787989,2909.160233433973,-3446.2718790918643,96.97200778113243,-54.7027282395534,104.84716387200015,-61.404522304070056,0.844147048027033,0.3225806451612903,-0.1132385934247976,-0.4058270505591784,0.18676354763428138,-0.029354460559433044,0.08388413286536452,19.43010752688172,188.98056960340574,0.26483285537740414,0.0,
BANKUSD,atr_banded,1,1,32baa03e1582,30046,1829.0,ok,223.0,10.687612327764095,20.865277777777777,808.0,79.0,10000.0,-992.7814857509566,9007.218514249056,-9.927814857509567,21.530704668110022,920.7573564859999,36.7521292649608,-956.0293564859821,7424.783254761248,-8417.564740512205,100.33490884812497,-56.49372309068594,109.58582761275626,-64.9010297238177,0.8820583486607616,0.33183856502242154,-0.08799393270358347,-0.2769400750671025,0.10127657341784853,0.0028243223666522756,0.09081825507023578,21.937219730941703,178.41601392515176,0.2867840002876428,0.0,
BANKUSD,atr_adx,1,1,5dbb5b8ed03c,30046,2380.0,ok,255.0,12.221260733541902,20.865277777777777,713.0,358.0,10000.0,1208.3631947283272,11208.363194728327,12.083631947283273,10.74132830491078,1013.937864168,115.5829411036772,1323.9461358320095,10482.846184038852,-9274.482989310527,104.82846184038851,-59.83537412458404,124.16489867931745,-115.58423629622789,1.1302890086834,0.39215686274509803,0.09553909044085013,-0.08594236160379845,0.2841632713345284,0.18082142347701152,0.08528233303616137,26.48235294117647,197.38465334320136,0.2689235107964714,0.0,
BANKUSD,atr_adx_both,1,1,050ea75f6207,30046,2380.0,ok,255.0,12.221260733541902,20.865277777777777,713.0,358.0,10000.0,1208.3631947283272,11208.363194728327,12.083631947283273,10.74132830491078,1013.937864168,115.5829411036772,1323.9461358320095,10482.846184038852,-9274.482989310527,104.82846184038851,-59.83537412458404,124.16489867931745,-115.58423629622789,1.1302890086834,0.39215686274509803,0.09553909044085013,-0.08594236160379845,0.2841632713345284,0.18082142347701152,0.08528233303616137,26.48235294117647,197.38465334320136,0.2689235107964714,0.0,
BANKUSD,atr_t3,1,1,eb3710a3d5b9,30046,6780.0,ok,326.0,15.624043133861413,20.865277777777777,2550.0,753.0,10000.0,2144.594876097291,12144.594876097279,21.44594876097291,8.886193831057001,1517.804254926,129.84886897671572,2274.443745073999,16602.37194036322,-14457.777064265929,167.70072667033557,-63.69064786020233,188.2595525354176,-111.5609536303179,1.148335035639601,0.30368098159509205,0.1284011886921405,-0.06079216974102115,0.34013202767819795,0.21845944612559534,0.09005825743345486,36.40184049079755,177.72337001817453,0.2841522804686925,0.0,
BANKUSD,atr_t4,1,1,85c7c16d5604,30046,6780.0,ok,246.0,11.789922119416895,20.865277777777777,2367.0,567.0,10000.0,66.70541325058102,10066.70541325055,0.6670541325058101,10.450660656248157,1013.0505996600001,266.2509870894225,332.95640033997734,10717.143912108166,-10650.438498857588,194.85716203833027,-55.76145810920203,212.81436746387473,-114.72327078007415,1.0062631612076567,0.22357723577235772,0.016212547800021633,-0.23044573292138154,0.28617707087547306,0.10479968483259224,0.08858713703257061,55.735772357723576,192.68112615093787,0.2794826310654022,0.0,
BANKUSD,atr_banded_adx,1,1,27bc3723bc0f,30046,424.0,ok,102.0,4.888504293416761,20.865277777777777,140.0,18.0,10000.0,323.29258491577394,10323.292584915782,3.2329258491577395,11.959472810179935,396.28255371,27.7458613742268,351.03844629000923,3974.5799737578573,-3651.287388842083,101.91230701943223,-57.956942680033066,113.23868853318147,-66.60992921838682,1.0885420813228013,0.38235294117647056,0.06868220283200074,-0.2121815967646903,0.3482100319776043,0.153086613567568,0.08440441073556722,24.264705882352942,208.03743820776322,0.2663899117837584,0.0,
BANKUSD,hwpr_v2,5,1,417a02375248,6009,68.0,ok,14.0,0.670993509735397,20.864583333333332,1.0,3.0,10000.0,-146.78717935244873,9853.212820647548,-1.4678717935244874,3.604722193833266,29.861349344000008,17.0738300084482,-129.71334934400147,404.4487709489252,-551.2359503013739,101.1121927372313,-55.123595030137395,113.74465778434558,-73.57458820587254,0.7337126156735665,0.2857142857142857,-0.2089538771088292,-0.9100622917788476,0.5730387179852016,-0.16119432329750571,0.047759553811323394,84.28571428571429,376.4821288143097,0.15067959379370194,0.0,
BANKUSD,atr_arm,5,1,5104b68fd7d7,6009,641.0,ok,103.0,4.9365951073389915,20.864583333333332,2.0,108.0,10000.0,-220.78020714861924,9779.21979285138,-2.207802071486192,7.915026120100767,314.71497475,-17.127767601381503,-237.90797475,3354.5741559185312,-3575.35436306715,95.84497588338661,-52.578740633340445,106.78997956176302,-73.64518174979662,0.9382494195738348,0.33980582524271846,-0.03850362216504251,-0.30938549231868256,0.24943641587657422,0.031970656633718904,0.0704742787987614,24.66990291262136,254.34279954941698,0.22237576839464873,0.0,
BANKUSD,flip,5,1,e315159de0f4,6009,45.0,ok,27.0,1.2940589116325512,20.864583333333332,0.0,0.0,10000.0,8.37149917143617,10008.371499171437,0.08371499171436171,3.8482960253751504,123.316655624,12.541845204564998,20.913344376001987,968.3883958892886,-960.0168967178525,96.83883958892886,-56.47158215987368,104.66381261076025,-72.16606818317028,1.0087201581556084,0.37037037037037035,0.011194560129682308,-0.5443928401434911,0.5914490201910001,0.11605907118998786,0.10486451106030557,9.148148148148149,150.34619188921633,0.331100751655935,0.0,
BANKUSD,trend_pure,5,1,05d1fff9562b,6009,112.0,ok,23.0,1.1023464802795806,20.864583333333332,3.0,5.0,10000.0,-307.2562673296144,9692.743732670391,-3.072562673296144,6.074091453317223,57.283791582,-0.49552425238499964,-307.75179158199535,602.9639193836124,-910.2201867132269,100.4939865639354,-53.542363924307466,110.93958363918046,-73.94063093326494,0.6624374279820072,0.2608695652173913,-0.2665013338008281,-0.806202391321984,0.343255939455317,-0.21090261310328362,0.055598720697544374,54.04347826086956,332.3391563698336,0.1755431839991303,0.0,
BANKUSD,st_only,5,1,fff8729f2034,6009,706.0,ok,72.0,3.45082376435347,20.864583333333332,7.0,66.0,10000.0,-485.32012994312925,9514.679870056867,-4.8532012994312925,6.972086002450852,192.89710664800003,-15.690976704871497,-501.01110664800035,2064.551275837754,-2549.8714057808834,93.843239810807,-50.997428115617666,107.94166749997665,-69.26960660627773,0.8096687821813889,0.3055555555555556,-0.13443291053896894,-0.4579080467931749,0.20056221072708,-0.07228396144578912,0.06214894909317984,37.541666666666664,286.5797652441462,0.19620336581939288,0.0,
BANKUSD,adx_only,5,1,b5acf63ba5bf,6009,162.0,ok,48.0,2.3005491762356467,20.864583333333332,2.0,24.0,10000.0,166.03259149786035,10166.03259149787,1.6603259149786036,7.026792121437589,136.24042575800001,-10.346017255860302,155.68657424200683,1779.7498314983056,-1613.7172400004447,98.87499063879476,-53.790574666681486,112.27580612277339,-72.63412762942465,1.1028882801659943,0.375,0.07382635450671804,-0.3522374979426157,0.5203727315284536,0.13964071723085483,0.06581436272413682,25.0,262.868122949042,0.20749894021582374,0.0,
BANKUSD,wpr_only,5,1,461613bee59c,6009,2081.0,ok,125.0,5.99101347978033,20.864583333333332,26.0,391.0,10000.0,-1180.4495538930776,8819.5504461069,-11.804495538930777,16.55457055960669,371.39656172800005,-12.792007834923805,-1193.2415617280203,3330.0796521867833,-4510.529206079861,92.50221256074398,-50.68010343909956,105.69683084974292,-65.88538354628028,0.7382902315981196,0.288,-0.196483089093483,-0.44208281418763024,0.05145095679807057,-0.12458690021886844,0.07189618887461455,22.096,264.35357290375947,0.22713298351956454,0.0,
BANKUSD,hwpr_no_confirm,5,1,7c2732655b5c,6009,305.0,ok,36.0,1.725411882176735,20.864583333333332,3.0,26.0,10000.0,-93.77468327645083,9906.22531672355,-0.9377468327645083,6.667425177589396,103.286919212,-21.4102359355516,-115.1849192120062,1193.8049060034941,-1287.579589279945,99.48374216695784,-53.649149553331036,110.50163222147978,-73.57458820587254,0.927169796681157,0.3333333333333333,-0.04522280065606806,-0.5164376453744028,0.4531109478845648,0.019329167024472058,0.06455196768054011,43.166666666666664,287.3104392555184,0.20385936203561622,0.0,
BANKUSD,st_flip_atr,5,1,97b43ab55233,6009,249.0,ok,73.0,3.4987518721917126,20.864583333333332,5.0,40.0,10000.0,-453.5644201397338,9546.435579860266,-4.535644201397338,7.299308384906102,221.848900572,16.5255195677374,-437.0389005719917,2139.75866804517,-2593.323088184904,93.0329855671813,-51.866461763698084,100.2758456550744,-72.01423347848005,0.8251030030904523,0.3150684931506849,-0.1225399413303378,-0.44981911871064606,0.19458361349664405,-0.050538453733046544,0.07200148759729119,20.08219178082192,229.79610061020998,0.22723048849090896,0.0,
BANKUSD,flip_wide,5,1,be791f3cc7c2,6009,39.0,ok,20.0,0.9585621567648528,20.864583333333332,0.0,1.0,10000.0,-286.5881383987958,9713.411861601204,-2.865881383987958,3.3122333336397345,36.728351824,2.9727865747974,-283.6153518239971,495.9363654626973,-782.5245038614931,99.18727309253947,-52.168300257432875,105.82772832438658,-64.5865357155626,0.6337646463662409,0.25,-0.2905735718295395,-0.8788001478736441,0.3333891615895405,-0.25024350192317574,0.04033006990636371,51.45,403.0075314370251,0.1272890891008432,0.0,
BANKUSD,trend_wide_stop,5,1,faec9158d314,6009,368.0,ok,34.0,1.6295556665002497,20.864583333333332,0.0,36.0,10000.0,-41.20252933559054,9958.797470664413,-0.41202529335590543,3.78091129120226,50.44455871,12.8319706255901,-28.37055870999575,1129.1110898943364,-1170.313619229927,94.09259082452803,-53.196073601360325,110.68489864997983,-83.04033193408169,0.9647936000585021,0.35294117647058826,-0.01744204058178429,-0.4788026846711679,0.49057010956685393,0.01579389666384984,0.033235937245634097,82.58823529411765,577.0269297021387,0.10446486285096318,0.0,
BANKUSD,counter_trend,5,1,1462fce8f022,6009,80.0,ok,27.0,1.2940589116325512,20.864583333333332,9.0,4.0,10000.0,213.24739813147823,10213.24739813148,2.1324739813147824,3.691840374662602,80.92078619600001,-1.6901843274753992,211.5572138040061,1077.549478823852,-864.3020806923737,97.95904352944109,-54.018880043273356,104.97623880025826,-58.21060647999933,1.2467278546415745,0.4074074074074074,0.16371259872728014,-0.3951311139957624,0.7311235913691752,0.23239560425106318,0.06868300552378304,15.88888888888889,233.12883435582663,0.21662151763441265,0.0,
BANKUSD,atr_pullback,5,1,f657e49360af,6009,21.0,ok,15.0,0.7189216175736396,20.864583333333332,3.0,1.0,10000.0,107.02061408168166,10107.020614081686,1.0702061408168166,3.206273410200907,45.42277725000001,-9.1863913316802,97.83422275000521,598.6610353487285,-491.6404212670468,99.77683922478809,-54.626713474116315,104.22533580454828,-58.053276374827384,1.2176806654869226,0.4,0.1525748365288593,-0.6518936245366307,0.9667465677733804,0.2204152055934923,0.06784036906463303,12.6,211.24382081120245,0.21406934699148972,0.0,
BANKUSD,atr_banded,5,1,ddd76a9fda2b,6009,133.0,ok,45.0,2.1567648527209187,20.864583333333332,1.0,3.0,10000.0,325.59068875638997,10325.590688756396,3.2559068875638997,4.265080487179438,129.96457013000006,-16.178258886387702,309.41242987000624,1789.2351062573866,-1463.6444175009965,99.40195034763259,-54.209052500036904,109.8105924804334,-70.97800903115215,1.222452041536358,0.4,0.149953705251274,-0.27201122974468306,0.6129513139575917,0.21628200544451787,0.06632830019324391,24.844444444444445,279.54101562500006,0.2093052993088383,0.0,
BANKUSD,atr_adx,5,1,46cfb055642f,6009,256.0,ok,53.0,2.54018971542686,20.864583333333332,0.0,43.0,10000.0,666.1651040130284,10666.165104013035,6.661651040130284,3.15090701127411,159.435280066,-15.098384079030001,651.0667199340023,2294.523647532748,-1628.358543519719,99.76189771881512,-54.278618117323965,113.38912126421,-60.257561320000576,1.4091022254675583,0.4339622641509434,0.2498074413415092,-0.1476946961229327,0.6650120114857405,0.31780716226493183,0.06799972092342266,26.660377358490567,269.2119432207547,0.2145774380234892,0.0,
BANKUSD,atr_adx_both,5,1,5af18381228a,6009,128.0,ok,38.0,1.8212680978532203,20.864583333333332,0.0,25.0,10000.0,-44.94215820447859,9955.057841795526,-0.44942158204478594,4.4399260351219665,115.98639331400001,-24.388235109521897,-69.33039331399596,1282.1635891175208,-1327.1057473219992,98.62796839365545,-53.08422989287997,116.39715716466324,-70.72833146571473,0.9661352094245931,0.34210526315789475,-0.020321529342503794,-0.45912439968371677,0.45388618278937304,0.04891028103606245,0.06923181037856631,23.157894736842106,263.3237688346328,0.21832065397210645,0.0,
BANKUSD,atr_t3,5,1,05f6295cd83b,6009,641.0,ok,80.0,3.834248627059411,20.864583333333332,1.0,93.0,10000.0,308.35006428378335,10308.350064283775,3.0835006428378335,5.270484031054235,243.92399652400002,-26.71906080778381,281.6310034759954,3347.6609559258213,-3039.3108916420388,145.55047634460092,-53.32124371301823,175.29359366916555,-75.73935753415103,1.101453939816335,0.2875,0.08327769628571226,-0.30718889335545446,0.47928600123543363,0.150527937132794,0.06725024084708178,39.7,282.5097018903757,0.2120579276838607,0.0,
BANKUSD,atr_t4,5,1,3e4a2f166d4d,6009,641.0,ok,66.0,3.163255117324014,20.864583333333332,1.0,70.0,10000.0,1080.430744200421,11080.430744200417,10.80430744200421,4.64300032961871,212.91701244,-57.447756640420394,1022.9829875600044,3644.1516689963196,-2563.720924795899,191.79745626296418,-54.54725371906168,241.66450122554986,-65.8706286690691,1.4214307157033619,0.2878787878787879,0.3237204026921958,-0.20928319551928432,0.8567304265396375,0.39078390709103095,0.06706350439883503,53.56060606060606,277.9699748343992,0.21131056514228067,0.0,
BANKUSD,atr_banded_adx,5,1,57994c89d5b6,6009,46.0,ok,17.0,0.8147778332501249,20.864583333333332,1.0,1.0,10000.0,141.80008249442398,10141.80008249442,1.4180008249442397,2.569033875355151,52.866718404000004,-1.0648008984216002,140.73528159600028,703.9277462019448,-562.1276637075208,100.56110660027784,-56.21276637075208,108.06756720296622,-69.69656052306716,1.2522560116667798,0.4117647058823529,0.17494918978284693,-0.5648351913539528,0.9237261514748031,0.24446613740250336,0.06951694761965636,35.8235294117647,233.6130641868896,0.21980769661278643,0.0,
BANKUSD,hwpr_v2,15,3,2d82254b0605,2002,12.0,ok,3.0,0.14385614385614384,20.854166666666668,0.0,0.0,10000.0,-3.1061339452534256,9996.893866054746,-0.031061339452534257,0.5382695241999863,5.97319618,-3.7290622347468,-6.835196179999912,101.76779067474702,-104.87392462000045,101.76779067474702,-52.436962310000226,101.76779067474702,-52.889238220000266,0.9703822093384206,0.3333333333333333,-0.014815265411137535,-1.0589284070796456,2.0501166533994244,0.028772413878239627,0.0435876792893771,6.333333333333333,418.2041820418188,0.13787134138059562,0.0,
BANKUSD,atr_arm,15,3,6f52cca22769,2002,167.0,ok,20.0,0.959040959040959,20.854166666666668,0.0,12.0,10000.0,140.7169131771218,10140.71691317713,1.407169131771218,2.779294182162039,38.877788806000005,16.120298016877708,156.83721119400798,797.3071278623396,-656.5902146852179,99.66339098279245,-54.71585122376816,114.21529769909678,-70.74486845751731,1.2143146669412126,0.4,0.1475389070048076,-0.49909713368868724,0.79124654815735,0.192469260623528,0.044930353618720394,20.8,409.65705707517884,0.14151923497692184,0.0,
BANKUSD,flip,15,3,aeb036eae4b4,2002,11.0,ok,2.0,0.0959040959040959,20.854166666666668,0.0,0.0,10000.0,191.6374397843765,10191.637439784377,1.916374397843765,0.04437837039622536,6.828899676,1.8226605396237001,193.46010032400045,191.6374397843765,0.0,95.81871989218826,,97.39205134800027,94.24538843637626,inf,1.0,1.914312835926114,1.897163444579493,1.931462227272735,2.0193657618137113,0.10505292588759714,3.5,150.40112831829578,0.3280858059031714,0.0,
BANKUSD,trend_pure,15,3,eb00d21eb365,2002,25.0,ok,7.0,0.3356643356643356,20.854166666666668,0.0,2.0,10000.0,79.85347675932222,10079.85347675932,0.7985347675932222,1.5611018598448754,13.395145558,-36.060622317322,43.792854442001044,280.2963138780635,-200.44283711874124,93.43210462602116,-50.11070927968531,114.95848355573017,-52.410602580000266,1.398385284838178,0.42857142857142855,0.23311655572498105,-0.693298784391912,1.2313270104745524,0.2759830065349278,0.042866450809946666,34.714285714285715,391.31600107209937,0.13540679761091584,0.0,
BANKUSD,st_only,15,3,0f4e7a10593d,2002,107.0,ok,15.0,0.7192807192807192,20.854166666666668,0.0,5.0,10000.0,2.183460479979999,10002.183460479979,0.02183460479979999,3.53943139445501,32.877184492,-35.641644971979304,-33.458184492003056,506.01831839083434,-503.83485791085434,101.20366367816686,-50.383485791085434,111.84593459753995,-54.68564269158102,1.0043336828440845,0.3333333333333333,0.004972206516793169,-0.6357841211127527,0.7982016567959915,0.05511714415418107,0.05014493763738794,18.333333333333332,418.44532279314757,0.15815023471077058,0.0,
BANKUSD,adx_only,15,3,678e9c750bae,2002,60.0,ok,14.0,0.6713286713286712,20.854166666666668,0.0,9.0,10000.0,199.26407363292816,10199.264073632923,1.9926407363292815,1.5504895424382479,27.264334041999998,-29.628407674928198,169.63566595799603,616.5142878817778,-417.2502142488496,102.75238131362964,-52.1562767811062,115.98168286307401,-56.96420014661034,1.4775649402401179,0.42857142857142855,0.2911136123322954,-0.4122669460586679,1.0151151324518672,0.337434513599702,0.04632090126740658,21.285714285714285,357.1589045151295,0.14589774332221705,0.0,
BANKUSD,wpr_only,15,3,db7a0979c7d6,2002,463.0,ok,24.0,1.1508491508491507,20.854166666666668,0.0,27.0,10000.0,-262.6287423738852,9735.26046294611,-2.6262874237388516,4.978738853990722,47.97672105,38.34402132388411,-226.39551573000244,659.1685324483118,-921.797274822197,94.16693320690169,-54.223369107188056,100.02611376499,-70.74486845751731,0.7150905632428313,0.2916666666666667,-0.21730402648152625,-0.7260714853425766,0.3928494857749346,-0.17323645542548408,0.04406757105604214,25.041666666666668,430.51216639250833,0.13895865977264452,0.0,
BANKUSD,hwpr_no_confirm,15,3,eaf32eb8c8d0,2002,55.0,ok,7.0,0.3356643356643356,20.854166666666668,0.0,1.0,10000.0,-92.02457254616982,9907.97542745383,-0.9202457254616982,1.5680409008950302,16.17414562,-16.5965730738301,-108.62114561999806,165.3378303223333,-257.3624028685031,82.66891516116665,-51.47248057370062,100.72223118151331,-52.29094367000026,0.6424319499643897,0.2857142857142857,-0.26027627066600173,-1.040527127647566,0.6238244867363052,-0.21185616563577914,0.048420105030222586,20.857142857142858,339.93696533093146,0.1533747729203117,0.0,
BANKUSD,st_flip_atr,15,3,b4dec0fbdf37,2002,41.0,ok,9.0,0.43156843156843155,20.854166666666668,0.0,3.0,10000.0,-150.74885230093975,9849.25114769906,-1.5074885230093975,2.481953562529397,18.831360818,-17.955508517059798,-168.70436081800108,196.33937862770694,-347.0882309286467,98.16968931385347,-49.584032989806666,100.49497097570713,-53.29898484204969,0.5656757018306097,0.2222222222222222,-0.3340699979219477,-1.0174043111197395,0.65167486512719,-0.28705725563496065,0.047012742286987,15.444444444444445,352.1681997371885,0.14864447590825192,0.0,
BANKUSD,flip_wide,15,3,581f1adf9d94,2002,3.0,ok,1.0,0.04795204795204795,20.854166666666668,0.0,0.0,10000.0,-50.99017044718986,9949.00982955281,-0.5099017044718986,0.509901704471904,1.12023738,1.6479330671898,-49.34223738000037,0.0,-50.99017044718986,,-50.99017044718986,-50.99017044718986,-50.99017044718986,0.0,0.0,-1.0574047208160133,-1.0574047208160133,-1.0574047208160133,-1.034963884683128,0.022440836132885375,29.0,704.0735873850207,0.06884102154221965,0.0,
BANKUSD,trend_wide_stop,15,3,aa80ac6cb6a1,2002,119.0,ok,8.0,0.3836163836163836,20.854166666666668,0.0,2.0,10000.0,173.81034699617408,10173.810346996175,1.7381034699617408,1.072613544094416,9.535189962,11.3184630418259,185.12881003800067,343.4387666942369,-169.62841969806283,68.68775333884739,-56.54280656602094,101.10342064005026,-61.378773047755274,2.024653459046279,0.625,0.4385954653244931,-0.42447706027115006,1.3063278382597034,0.46428108815884367,0.025685622834350563,62.0,735.482783327514,0.08086134962328329,0.0,
BANKUSD,counter_trend,15,3,3125adf4a7a6,2002,8.0,ok,4.0,0.1918081918081918,20.854166666666668,0.0,0.0,10000.0,-199.16829825188023,9800.831701748119,-1.9916829825188023,1.9916829825188145,7.455948900000001,-5.8916506481196,-205.05994889999965,0.0,-199.16829825188023,,-49.79207456297006,-44.33826553570396,-52.61872568236878,0.0,0.0,-1.0076644857530581,-1.051791617473576,-0.9385613551981067,-0.969556599565986,0.03810788618707228,14.0,416.1675641157542,0.12066874957826358,0.0,
BANKUSD,atr_pullback,15,3,a6e9ca369d7d,2002,4.0,ok,1.0,0.04795204795204795,20.854166666666668,0.0,0.0,10000.0,-52.61872568236878,9947.38127431763,-0.5261872568236878,0.5261872568237049,2.2635712,0.7751544823687001,-51.84357120000095,0.0,-52.61872568236878,,-52.61872568236878,-52.61872568236878,-52.61872568236878,0.0,0.0,-1.0612893441381341,-1.0612893441381341,-1.0612893441381341,-1.0164244187649998,0.04486492537313425,14.0,352.1681997371885,0.14152971130550895,0.0,
BANKUSD,atr_banded,15,3,211009088ad3,2002,35.0,ok,5.0,0.23976023976023975,20.854166666666668,0.0,0.0,10000.0,-108.73448967446893,9891.265510325527,-1.0873448967446893,1.5757417344400708,12.757530572,-3.9970408975308,-112.73153057200216,101.10403140586294,-209.83852108033187,101.10403140586294,-52.45963027008297,101.10403140586294,-53.330515836327606,0.48181826141996864,0.2,-0.43526048238101983,-1.0711386970781973,0.8146272042028748,-0.380486205649298,0.05477427673172167,13.2,352.1681997371885,0.17337723787159642,0.0,
BANKUSD,atr_adx,15,3,202bf6ba8020,2002,87.0,ok,10.0,0.4795204795204795,20.854166666666668,0.0,4.0,10000.0,210.33680314202562,10210.336803142025,2.1033680314202563,1.744934834248742,20.5850191,19.406177757973502,229.74298090000048,499.60299687824454,-289.266193736219,99.9205993756489,-57.8532387472438,113.29201007161194,-70.9939701070156,1.7271392499250398,0.5,0.4242087145721386,-0.5107391035285542,1.372200413002963,0.472963031150236,0.0487543165780974,27.7,352.4230708923696,0.15372852803253903,0.0,
BANKUSD,atr_adx_both,15,3,f332970c01aa,2002,43.0,ok,9.0,0.43156843156843155,20.854166666666668,0.0,2.0,10000.0,115.11322171322632,10115.113221713225,1.1511322171322633,1.760082954739789,17.727299748,13.764478538772806,128.87770025199825,402.6381765411366,-287.5249548279103,100.65954413528415,-57.50499096558205,112.08677592191395,-70.49576680801901,1.4003590637276129,0.4444444444444444,0.2667828531557154,-0.7649021588410743,1.3237989193423518,0.31346389293345545,0.04668103977773996,23.77777777777778,371.9256148770261,0.14699773183853976,0.0,
BANKUSD,atr_t3,15,3,1ff2ae982960,2002,167.0,ok,17.0,0.8151848151848151,20.854166666666668,0.0,12.0,10000.0,249.90702840100136,10249.907028401005,2.4990702840100134,2.8859174259048515,36.056428554,6.129543044997908,256.0365714460022,867.0926946952225,-617.185666294221,144.5154491158704,-56.107787844929184,153.82559665135048,-70.74486845751731,1.4049138566381858,0.35294117647058826,0.3047556264468289,-0.5970220304617262,1.2829551415254152,0.3511185150548158,0.04636288860798689,30.705882352941178,416.32316570486415,0.14593390086611932,0.0,
BANKUSD,atr_t4,15,3,6ba6750cd284,2002,167.0,ok,15.0,0.7192807192807192,20.854166666666668,0.0,7.0,10000.0,196.11323392888428,10196.113233928883,1.961132339288843,3.3695898195264378,32.31778103999999,-3.0970149688849924,193.01621896000142,694.7133166711507,-498.6000827422664,115.78555277852512,-55.400009193585156,199.20323410494308,-70.74486845751731,1.393327720385193,0.4,0.2743111800207995,-0.5658336710903291,1.1650271378114283,0.31797249483252477,0.0436613148117252,44.2,416.32316570486415,0.137451440220577,0.0,
BANKUSD,atr_banded_adx,15,3,aec9aca1a8a6,2002,19.0,ok,2.0,0.0959040959040959,20.854166666666668,0.0,0.0,10000.0,51.08053641850287,10051.080536418505,0.5108053641850286,0.5232062944766949,3.420662076,-5.0151984945027,46.06533792400114,102.32215226617454,-51.241615847671675,102.32215226617454,-51.241615847671675,102.32215226617454,-51.241615847671675,1.99685647248815,0.5,0.5160945014297309,-1.025447585504737,2.0576365883641987,0.5581581806615944,0.04206367923186352,10.5,375.9985374455616,0.13268537411238268,0.0,
BANKUSD,hwpr_v2,30,6,a7adb2330d05,1000,1.0,ok,1.0,0.048,20.833333333333332,0.0,0.0,10000.0,-51.46267850999991,9948.53732149,-0.5146267850999992,0.5146267851000084,1.64767851,0.0,-51.46267851000084,0.0,-51.46267850999991,,-51.46267850999991,-51.46267850999991,-51.46267850999991,0.0,0.0,-1.0330759512195122,-1.0330759512195122,-1.0330759512195122,-0.9992099999999999,0.03386595121951226,3.0,466.5452890304953,0.10732653107643803,0.0,
BANKUSD,atr_arm,30,6,c1286ae7a972,1000,46.0,ok,4.0,0.192,20.833333333333332,0.0,0.0,10000.0,-210.1974478059706,9789.802552194033,-2.101974478059706,2.101974478059674,7.119385200000001,4.934062605970501,-205.26338519999808,0.0,-210.1974478059706,,-52.54936195149265,-50.14025364230403,-57.793536043666556,0.0,0.0,-1.0606361536791216,-1.12794522910545,-1.0162194125915849,-1.0250939488169757,0.035542204862145876,9.5,435.03459205568623,0.11293985262938093,0.0,
BANKUSD,flip,30,6,94fd69df3d90,1000,8.0,ok,2.0,0.096,20.833333333333332,0.0,0.0,10000.0,40.61908265999959,10040.61908266,0.40619082659999595,0.5510216484579288,8.57891734,0.0,40.61908265999955,96.25161473999972,-55.63253208000013,96.25161473999972,-55.63253208000013,96.25161473999972,-55.63253208000013,1.7301318336830138,0.5,0.41540433889013584,-1.1031196874999998,1.9339283652802715,0.5199891826401353,0.10458484374999955,1.0,151.07981155804424,0.3293677300101305,0.0,
BANKUSD,trend_pure,30,6,7a63259af4b4,1000,2.0,ok,2.0,0.096,20.833333333333332,0.0,0.0,10000.0,-102.50244307060882,9897.497556929393,-1.0250244307060883,1.0250244307060712,3.8462500900000003,-0.808807019391,-103.3112500899988,0.0,-102.50244307060882,,-51.25122153530441,-51.2508979399999,-51.25154513060892,0.0,0.0,-1.0305440445156733,-1.0330759512195122,-1.0280121378118343,-0.9910984061840236,0.03944563833164966,5.5,408.7294551464766,0.12511996886379967,0.0,
BANKUSD,st_only,30,6,20804d399e9e,1000,31.0,ok,3.0,0.14400000000000002,20.833333333333332,0.0,0.0,10000.0,-155.2522880436114,9844.747711956386,-1.552522880436114,1.552522880436136,5.03010933,2.0871787136112,-153.16510933000245,0.0,-155.2522880436114,,-51.7507626812038,-51.03911736999991,-52.248548639440955,0.0,0.0,-1.0480558822123494,-1.0574811158764834,-1.0330759512195122,-1.0143673125847155,0.033688569627633766,5.333333333333333,466.5452890304953,0.10641562799638671,0.0,
BANKUSD,adx_only,30,6,8814fa86b289,1000,9.0,ok,2.0,0.096,20.833333333333332,0.0,0.0,10000.0,-105.63260445185603,9894.367395548144,-1.0563260445185603,1.0563260445185552,3.5632570800000005,2.449347371856,-103.18325707999975,0.0,-105.63260445185603,,-52.81630222592801,-51.51523319999984,-54.11737125185618,0.0,0.0,-1.0602944446782607,-1.0836478023999998,-1.0369410869565219,-1.0245229012,0.035771543478260864,8.0,443.0212822072582,0.11367884565802747,0.0,
BANKUSD,wpr_only,30,6,7abf2369a8c0,1000,120.0,ok,7.0,0.336,20.833333333333332,0.0,1.0,10000.0,-226.04671367663292,9773.95328632337,-2.260467136766329,3.056324325802616,12.898420060000001,-16.703706383367198,-242.7504200600015,78.2946124236284,-304.3413261002613,78.2946124236284,-50.72355435004355,78.2946124236284,-54.09376571880015,0.25725922084546365,0.14285714285714285,-0.6513850767182129,-1.0482762904282994,0.10826037330449095,-0.6139384588607364,0.03744661785747676,13.0,466.14100185528866,0.11863980408649065,0.0,
BANKUSD,hwpr_no_confirm,30,6,492823a2fdc7,1000,7.0,ok,2.0,0.096,20.833333333333332,0.0,0.0,10000.0,-100.58646872060244,9899.413531279399,-1.0058646872060244,1.0058646872060126,3.15992969,-0.5084609693975001,-101.09492968999803,0.0,-100.58646872060244,,-50.29323436030122,-49.33557078060254,-51.2508979399999,0.0,0.0,-1.0269939588544794,-1.0330759512195122,-1.0209119664894466,-0.9939491518944905,0.03304480695998892,4.5,478.4340984888166,0.1032307009615035,0.0,
BANKUSD,st_flip_atr,30,6,cc14ebbc36cc,1000,14.0,ok,2.0,0.096,20.833333333333332,0.0,0.0,10000.0,-98.96270354204738,9901.037296457953,-0.9896270354204737,1.0224975326600005,3.54763404,-4.1969304979524,-103.15963403999922,0.0,-98.96270354204738,,-49.48135177102369,-47.44747034204754,-51.51523319999984,0.0,0.0,-0.9935914112789458,-1.0369410869565219,-0.9502417356013697,-0.9571835390335616,0.036407872245384235,7.5,434.5460707593797,0.11561439864777517,0.0,
BANKUSD,flip_wide,30,6,9fa46d676fb3,1000,1.0,ok,0.0,0.0,20.833333333333332,0.0,0.0,10000.0,0.0,10000.0,0.0,0.0,0.0,0.0,0.0,0.0,0.0,,,,,,,,,,,,0.0,,0.0,,
BANKUSD,trend_wide_stop,30,6,d05acddffa50,1000,24.0,ok,2.0,0.096,20.833333333333332,0.0,0.0,10000.0,31.627932223949053,10031.62793222395,0.3162793222394905,0.22763571767911137,1.75580265,5.213265126050901,36.841197350000584,51.078518671731494,-19.45058644778244,51.078518671731494,-19.45058644778244,51.078518671731494,-19.45058644778244,2.6260657388844413,0.5,0.31922647007235716,-0.38969759672588644,1.0281505368706008,0.33743712011272453,0.018210650040367336,48.0,868.9312687722748,0.05716464502554428,0.0,
BANKUSD,counter_trend,30,6,78f4d84ac5aa,1000,3.0,ok,0.0,0.0,20.833333333333332,0.0,0.0,10000.0,0.0,10000.0,0.0,0.0,0.0,0.0,0.0,0.0,0.0,,,,,,,,,,,,0.0,,0.0,,
BANKUSD,atr_pullback,30,6,3494116be2ba,1000,0.0,ok,0.0,0.0,20.833333333333332,0.0,0.0,10000.0,0.0,10000.0,0.0,0.0,0.0,0.0,0.0,0.0,0.0,,,,,,,,,,,,0.0,,0.0,,
BANKUSD,atr_banded,30,6,ebf2b8df2b76,1000,6.0,ok,1.0,0.048,20.833333333333332,0.0,0.0,10000.0,-51.70603035999985,9948.29396964,-0.5170603035999985,0.517060303599992,1.8420303599999999,0.0,-51.706030359999204,0.0,-51.70603035999985,,-51.70603035999985,-51.70603035999985,-51.70603035999985,0.0,0.0,-1.0369410869565219,-1.0369410869565219,-1.0369410869565219,-0.99921,0.03773108695652186,3.0,418.7528447883465,0.1196963020628441,0.0,
BANKUSD,atr_adx,30,6,dc0355172875,1000,20.0,ok,3.0,0.14400000000000002,20.833333333333332,0.0,0.0,10000.0,-159.06742856597043,9840.93257143403,-1.5906742856597045,1.5906742856596976,5.221365960000001,4.934062605970501,-154.13336596000045,0.0,-159.06742856597043,,-53.02247618865681,-50.14025364230403,-57.793536043666556,0.0,0.0,-1.0679993543307829,-1.1582799431550925,-1.008777032880734,-1.033195265089301,0.03480408924148189,11.0,451.31633932302594,0.1105283485956861,0.0,
BANKUSD,atr_adx_both,30,6,b933a9bd20a9,1000,7.0,ok,3.0,0.14400000000000002,20.833333333333332,0.0,0.0,10000.0,-155.36765824110404,9844.632341758896,-1.5536765824110403,1.5536765824110443,5.15115234,1.2505059011040003,-154.11715234000076,0.0,-155.36765824110404,,-51.789219413701346,-50.14025364230403,-54.09376571880015,0.0,0.0,-1.0428921308286345,-1.0829582726486484,-1.008777032880734,-1.0085695013802793,0.03432262944835541,7.333333333333333,470.7379134860065,0.10899675593138551,0.0,
BANKUSD,atr_t3,30,6,bc1c0bc5dcc3,1000,46.0,ok,4.0,0.192,20.833333333333332,0.0,0.0,10000.0,-210.1974478059706,9789.802552194033,-2.101974478059706,2.101974478059674,7.119385200000001,4.934062605970501,-205.26338519999808,0.0,-210.1974478059706,,-52.54936195149265,-50.14025364230403,-57.793536043666556,0.0,0.0,-1.0606361536791216,-1.12794522910545,-1.0162194125915849,-1.0250939488169757,0.035542204862145876,9.5,435.03459205568623,0.11293985262938093,0.0,
BANKUSD,atr_t4,30,6,ca3098ea3584,1000,46.0,ok,4.0,0.192,20.833333333333332,0.0,0.0,10000.0,-210.1974478059706,9789.802552194033,-2.101974478059706,2.101974478059674,7.119385200000001,4.934062605970501,-205.26338519999808,0.0,-210.1974478059706,,-52.54936195149265,-50.14025364230403,-57.793536043666556,0.0,0.0,-1.0606361536791216,-1.12794522910545,-1.0162194125915849,-1.0250939488169757,0.035542204862145876,9.5,435.03459205568623,0.11293985262938093,0.0,
BANKUSD,atr_banded_adx,30,6,0e2bbea33141,1000,1.0,ok,1.0,0.048,20.833333333333332,0.0,0.0,10000.0,-51.70603035999985,9948.29396964,-0.5170603035999985,0.517060303599992,1.8420303599999999,0.0,-51.706030359999204,0.0,-51.70603035999985,,-51.70603035999985,-51.70603035999985,-51.70603035999985,0.0,0.0,-1.0369410869565219,-1.0369410869565219,-1.0369410869565219,-0.99921,0.03773108695652186,3.0,418.7528447883465,0.1196963020628441,0.0,
BANKUSD,hwpr_v2,60,12,2c9d8833017f,500,0.0,ok,0.0,0.0,20.833333333333332,0.0,0.0,10000.0,0.0,10000.0,0.0,0.0,0.0,0.0,0.0,0.0,0.0,,,,,,,,,,,,0.0,,0.0,,
BANKUSD,atr_arm,60,12,5487f1778e24,500,14.0,ok,0.0,0.0,20.833333333333332,0.0,0.0,10000.0,0.0,10000.0,0.0,0.0,0.0,0.0,0.0,0.0,0.0,,,,,,,,,,,,0.0,,0.0,,
BANKUSD,flip,60,12,3e6d68488baa,500,1.0,ok,0.0,0.0,20.833333333333332,0.0,0.0,10000.0,0.0,10000.0,0.0,0.0,0.0,0.0,0.0,0.0,0.0,,,,,,,,,,,,0.0,,0.0,,
BANKUSD,trend_pure,60,12,dfece69b487b,500,0.0,ok,0.0,0.0,20.833333333333332,0.0,0.0,10000.0,0.0,10000.0,0.0,0.0,0.0,0.0,0.0,0.0,0.0,,,,,,,,,,,,0.0,,0.0,,
BANKUSD,st_only,60,12,96300d1f8933,500,7.0,ok,2.0,0.096,20.833333333333332,0.0,0.0,10000.0,-117.13869970108453,9882.861300298917,-1.1713869970108455,1.1713869970108317,5.64996782,11.9067318810846,-105.23196781999832,0.0,-117.13869970108453,,-58.56934985054227,-52.95846822312189,-64.18023147796265,0.0,0.0,-1.1765468192756647,-1.2917166098692303,-1.061377028682099,-1.1189869969991757,0.05755982227648895,3.5,296.3819498588547,0.18300260320699974,0.0,
BANKUSD,adx_only,60,12,2491a9621e95,500,1.0,ok,0.0,0.0,20.833333333333332,0.0,0.0,10000.0,0.0,10000.0,0.0,0.0,0.0,0.0,0.0,0.0,0.0,,,,,,,,,,,,0.0,,0.0,,
BANKUSD,wpr_only,60,12,efb4c831fb11,500,33.0,ok,0.0,0.0,20.833333333333332,0.0,0.0,10000.0,0.0,10000.0,0.0,0.0,0.0,0.0,0.0,0.0,0.0,,,,,,,,,,,,0.0,,0.0,,
BANKUSD,hwpr_no_confirm,60,12,eafc7d4fb783,500,0.0,ok,0.0,0.0,20.833333333333332,0.0,0.0,10000.0,0.0,10000.0,0.0,0.0,0.0,0.0,0.0,0.0,0.0,,,,,,,,,,,,0.0,,0.0,,
BANKUSD,st_flip_atr,60,12,6191e0bbf3d5,500,1.0,ok,0.0,0.0,20.833333333333332,0.0,0.0,10000.0,0.0,10000.0,0.0,0.0,0.0,0.0,0.0,0.0,0.0,,,,,,,,,,,,0.0,,0.0,,
BANKUSD,flip_wide,60,12,01b133b83b8b,500,0.0,ok,0.0,0.0,20.833333333333332,0.0,0.0,10000.0,0.0,10000.0,0.0,0.0,0.0,0.0,0.0,0.0,0.0,,,,,,,,,,,,0.0,,0.0,,
BANKUSD,trend_wide_stop,60,12,fc1b4bf036c0,500,6.0,ok,0.0,0.0,20.833333333333332,0.0,0.0,10000.0,0.0,10000.0,0.0,0.0,0.0,0.0,0.0,0.0,0.0,,,,,,,,,,,,0.0,,0.0,,
BANKUSD,counter_trend,60,12,f7c6b771ba0f,500,0.0,ok,0.0,0.0,20.833333333333332,0.0,0.0,10000.0,0.0,10000.0,0.0,0.0,0.0,0.0,0.0,0.0,0.0,,,,,,,,,,,,0.0,,0.0,,
BANKUSD,atr_pullback,60,12,65d4c9d56bc9,500,0.0,ok,0.0,0.0,20.833333333333332,0.0,0.0,10000.0,0.0,10000.0,0.0,0.0,0.0,0.0,0.0,0.0,0.0,,,,,,,,,,,,0.0,,0.0,,
BANKUSD,atr_banded,60,12,b87917a4e945,500,0.0,ok,0.0,0.0,20.833333333333332,0.0,0.0,10000.0,0.0,10000.0,0.0,0.0,0.0,0.0,0.0,0.0,0.0,,,,,,,,,,,,0.0,,0.0,,
BANKUSD,atr_adx,60,12,04beb4cff4c7,500,4.0,ok,0.0,0.0,20.833333333333332,0.0,0.0,10000.0,0.0,10000.0,0.0,0.0,0.0,0.0,0.0,0.0,0.0,,,,,,,,,,,,0.0,,0.0,,
BANKUSD,atr_adx_both,60,12,ff025b438234,500,4.0,ok,0.0,0.0,20.833333333333332,0.0,0.0,10000.0,0.0,10000.0,0.0,0.0,0.0,0.0,0.0,0.0,0.0,,,,,,,,,,,,0.0,,0.0,,
BANKUSD,atr_t3,60,12,2948f1986035,500,14.0,ok,0.0,0.0,20.833333333333332,0.0,0.0,10000.0,0.0,10000.0,0.0,0.0,0.0,0.0,0.0,0.0,0.0,,,,,,,,,,,,0.0,,0.0,,
BANKUSD,atr_t4,60,12,25b97146fc25,500,14.0,ok,0.0,0.0,20.833333333333332,0.0,0.0,10000.0,0.0,10000.0,0.0,0.0,0.0,0.0,0.0,0.0,0.0,,,,,,,,,,,,0.0,,0.0,,
BANKUSD,atr_banded_adx,60,12,74612893d7d7,500,0.0,ok,0.0,0.0,20.833333333333332,0.0,0.0,10000.0,0.0,10000.0,0.0,0.0,0.0,0.0,0.0,0.0,0.0,,,,,,,,,,,,0.0,,0.0,,
BANKUSD,hwpr_v2,240,48,615596c7402f,124,,too_short,,,,,,,,,,,,,,,,,,,,,,,,,,,,,,,
BANKUSD,atr_arm,240,48,c9fa0fb9e041,124,,too_short,,,,,,,,,,,,,,,,,,,,,,,,,,,,,,,
BANKUSD,flip,240,48,73f436a33410,124,,too_short,,,,,,,,,,,,,,,,,,,,,,,,,,,,,,,
BANKUSD,trend_pure,240,48,94d0fcfbb185,124,,too_short,,,,,,,,,,,,,,,,,,,,,,,,,,,,,,,
BANKUSD,st_only,240,48,ee4b57780b7d,124,,too_short,,,,,,,,,,,,,,,,,,,,,,,,,,,,,,,
BANKUSD,adx_only,240,48,ef6ce688dd83,124,,too_short,,,,,,,,,,,,,,,,,,,,,,,,,,,,,,,
BANKUSD,wpr_only,240,48,110eede40f13,124,,too_short,,,,,,,,,,,,,,,,,,,,,,,,,,,,,,,
BANKUSD,hwpr_no_confirm,240,48,13af052e1800,124,,too_short,,,,,,,,,,,,,,,,,,,,,,,,,,,,,,,
BANKUSD,st_flip_atr,240,48,5b6dddc13e0d,124,,too_short,,,,,,,,,,,,,,,,,,,,,,,,,,,,,,,
BANKUSD,flip_wide,240,48,051cc4ae8a12,124,,too_short,,,,,,,,,,,,,,,,,,,,,,,,,,,,,,,
BANKUSD,trend_wide_stop,240,48,07f486d17dce,124,,too_short,,,,,,,,,,,,,,,,,,,,,,,,,,,,,,,
BANKUSD,counter_trend,240,48,98719646ab0d,124,,too_short,,,,,,,,,,,,,,,,,,,,,,,,,,,,,,,
BANKUSD,atr_pullback,240,48,81c45fd8782e,124,,too_short,,,,,,,,,,,,,,,,,,,,,,,,,,,,,,,
BANKUSD,atr_banded,240,48,4fa35bae6bb2,124,,too_short,,,,,,,,,,,,,,,,,,,,,,,,,,,,,,,
BANKUSD,atr_adx,240,48,2a9f6ce5e0de,124,,too_short,,,,,,,,,,,,,,,,,,,,,,,,,,,,,,,
BANKUSD,atr_adx_both,240,48,65d8e682e631,124,,too_short,,,,,,,,,,,,,,,,,,,,,,,,,,,,,,,
BANKUSD,atr_t3,240,48,953e321b2f63,124,,too_short,,,,,,,,,,,,,,,,,,,,,,,,,,,,,,,
BANKUSD,atr_t4,240,48,1dad2d9ba5a5,124,,too_short,,,,,,,,,,,,,,,,,,,,,,,,,,,,,,,
BANKUSD,atr_banded_adx,240,48,319dc61de91e,124,,too_short,,,,,,,,,,,,,,,,,,,,,,,,,,,,,,,
BEATUSD,hwpr_v2,1,1,d0d990e07b5d,314854,26031.0,ok,1848.0,8.45191739663463,218.6486111111111,2726.0,2264.0,10000.0,-6035.555271468321,3964.4447285316924,-60.3555527146832,66.44186204090327,4233.087203078,-96.64293160968329,-6132.198203078004,33691.14687933812,-39726.70215080645,55.78004450221543,-31.934648031194897,108.45804470409024,-64.65084741102511,0.8480730857407501,0.3268398268398268,-0.09468518433057693,-0.15959300355645306,-0.02933859129470914,-0.010507942173876838,0.08417724215670008,107.84848484848484,196.84334314316635,0.26488586025892746,0.0,
BEATUSD,atr_arm,1,1,56f6ae1069b6,314854,62478.0,ok,2309.0,10.560323197418485,218.6486111111111,34535.0,5435.0,10000.0,-6610.687735466142,3388.999095893842,-66.10687735466142,74.54934729918689,5776.273602878,189.0841325881493,-6330.558909714009,37186.35799848287,-43797.04573394901,47.858890602938054,-28.588149956885776,105.33976381472138,-62.806118087873585,0.8490608755754065,0.33650931139021223,-0.08897103029681878,-0.14628097516292352,-0.02999330458925262,0.019669527005094396,0.10864055730191319,22.705933304460807,137.86764705882263,0.3412752635518456,0.08661758336942399,
BEATUSD,flip,1,1,5434cfafbbc2,314854,4100.0,ok,1919.0,8.776639331245594,218.6486111111111,0.0,357.0,10000.0,-6641.971380584198,3358.0286194157848,-66.41971380584198,69.44754719188954,4922.469811606001,146.9345689781961,-6495.036811606027,33169.96071109643,-39811.93209168063,52.65073128745465,-30.885905424112206,114.29318695038668,-69.47571434125548,0.8331663139259661,0.3282959874934862,-0.10939728333687976,-0.17269892061747794,-0.04644144029118559,-0.0047004899484758686,0.1046967933884039,70.97967691505993,150.51845244731805,0.32990075689222154,0.0,
BEATUSD,trend_pure,1,1,8bb3583aafa1,314854,12470.0,ok,1634.0,7.473178044426941,218.6486111111111,3051.0,751.0,10000.0,-7046.145369310911,2953.854630689102,-70.4614536931091,72.6134322613665,4244.1991698500005,-70.0248005391015,-7116.170169850008,32221.946802243987,-39268.092171554905,63.42902913827557,-34.87397173317487,112.15374527414409,-79.67024700132193,0.8205630836729313,0.3108935128518972,-0.14605120071566208,-0.21443220340755628,-0.07872077592684266,-0.059134535581891946,0.08691666513377012,84.75397796817626,186.42660461879268,0.27330845525059233,0.0,
BEATUSD,st_only,1,1,7af527e08725,314854,25314.0,ok,1926.0,8.80865416986921,218.6486111111111,12641.0,1326.0,10000.0,-7551.739275149422,2448.0640669905783,-75.51739275149421,77.67174895141228,5238.210071898,-35.62279674859532,-7587.558729758011,35138.66457667435,-42690.40385182378,57.8890684953449,-32.36573453512038,111.90607356002216,-69.90362412823383,0.8231045248163702,0.31516095534787125,-0.14299564441756307,-0.20355044477916456,-0.08101198704650285,-0.04222644059920173,0.10076920381836132,38.34215991692627,152.50447733736212,0.3168407971400101,0.0,
BEATUSD,adx_only,1,1,13bd4d06debd,314854,11209.0,ok,1173.0,5.364772243643086,218.6486111111111,5411.0,603.0,10000.0,-6339.090650517334,3660.9093494826748,-63.39090650517334,65.06929016194427,3510.372276704,0.23237381332389617,-6338.858276704002,22392.513349498935,-28731.60400001627,62.0291228517976,-35.38374876849294,109.58677345959777,-67.82538071038043,0.7793687170923786,0.30775788576300084,-0.16792226533754753,-0.24501294601917356,-0.09188254920277464,-0.06527899638524594,0.10264326895230161,25.55157715260017,150.48543689320348,0.3229646221692371,0.0,
BEATUSD,wpr_only,1,1,101048028d83,314854,106410.0,ok,2431.0,11.118296099144365,218.6486111111111,56745.0,9774.0,10000.0,-5514.824849927949,4484.77584615206,-55.14824849927948,65.1401129586281,6087.40755629,142.11629363796243,-5312.847825099992,40455.2136041333,-45970.03845406124,48.21837139944374,-28.8756522952646,102.61631324342918,-62.716520490192636,0.8800343650911013,0.3451254627725216,-0.06118983589770999,-0.11732982329538837,-0.001574434177330325,0.047216505767463925,0.10840634166517393,24.849033319621554,138.54843866567248,0.34066572998956024,0.04113533525298231,
BEATUSD,hwpr_no_confirm,1,1,c11a3456299c,314854,26031.0,ok,1848.0,8.45191739663463,218.6486111111111,2726.0,2264.0,10000.0,-6035.555271468321,3964.4447285316924,-60.3555527146832,66.44186204090327,4233.087203078,-96.64293160968329,-6132.198203078004,33691.14687933812,-39726.70215080645,55.78004450221543,-31.934648031194897,108.45804470409024,-64.65084741102511,0.8480730857407501,0.3268398268398268,-0.09468518433057693,-0.15959300355645306,-0.02933859129470914,-0.010507942173876838,0.08417724215670008,107.84848484848484,196.84334314316635,0.26488586025892746,0.0,
BEATUSD,st_flip_atr,1,1,1c8d76effdaf,314854,25401.0,ok,1649.0,7.5417812700489755,218.6486111111111,15626.0,1203.0,10000.0,-7490.57157610687,2509.4284238930936,-74.9057157610687,77.58038446512438,5215.677231022,76.0493450848569,-7414.52223102205,32818.008135521755,-40308.57971162862,64.09767213969093,-35.45169719580353,123.86116900934701,-75.2920724480922,0.8141693001912963,0.31049120679199516,-0.16444206126896405,-0.2361943332890762,-0.09668328613810243,-0.05714003226899615,0.1073020289999679,23.43966040024257,141.41576772392997,0.33735067671277624,0.0,
BEATUSD,flip_wide,1,1,2d98145bd9e7,314854,4092.0,ok,1106.0,5.058344502531332,218.6486111111111,1409.0,226.0,10000.0,-2267.408399009777,7732.202169700208,-22.67408399009777,39.3736239848264,4182.822047382,-627.9886483722373,-2895.78647867203,34944.55989571552,-37211.9682947253,92.20200500188793,-51.185651024381436,148.33177146487566,-93.07520432423479,0.9390677649445601,0.3426763110307414,-0.04205389727543436,-0.12936343387611493,0.04257952925556503,0.04705317108133994,0.08910706835677432,94.77938517179024,176.19765156389664,0.28121489687344065,0.0,
BEATUSD,trend_wide_stop,1,1,0daed69b9ce8,314854,28809.0,ok,1894.0,8.662300621875536,218.6486111111111,7765.0,2913.0,10000.0,-7190.866706291248,2808.996466498737,-71.90866706291249,74.04184232792244,3827.89336571,-3.4716594187532905,-7120.0229591760135,26436.4029145206,-33627.26962081185,43.841464203185076,-26.047459040133113,104.21027283553147,-60.786564858396275,0.7861596618644043,0.3183738120380148,-0.12913290717815828,-0.19187724827153466,-0.0627523534715242,-0.03734369259464907,0.09178921458350921,75.08500527983105,169.2316262215731,0.2886218520114894,0.05279831045406547,
BEATUSD,counter_trend,1,1,bdfef65e469d,314854,7730.0,ok,988.0,4.5186657943046615,218.6486111111111,4827.0,224.0,10000.0,-5618.202986161381,4381.797013838645,-56.18202986161381,63.36736302842001,3753.4863346380002,-69.96134847663936,-5688.16433463799,24375.835515321698,-29994.038501483083,79.65959318732581,-43.979528594549976,125.37167107043659,-76.45905873332995,0.8126893453882982,0.3097165991902834,-0.16334894005956316,-0.25451446486556734,-0.07637461133162873,-0.05804787432331131,0.10530106573625182,22.66599190283401,146.38753220356676,0.3320516378223707,0.0,
BEATUSD,atr_pullback,1,1,110100b16667,314854,4587.0,ok,593.0,2.712114186257758,218.6486111111111,2816.0,83.0,10000.0,-5206.065997673645,4793.934002326356,-52.06065997673646,55.12502429983205,2167.823577114,3.1024205596317955,-5202.963577114018,12752.471445813304,-17958.537443486948,75.9075681298411,-42.25538221996929,112.72121630881124,-64.99685726298004,0.710106348356239,0.28330522765598654,-0.24492147934577113,-0.3522082538238905,-0.13564501742384086,-0.14007318000902835,0.10484829933674272,19.441821247892076,146.36696288551948,0.3306167701741452,0.0,
BEATUSD,atr_banded,1,1,32baa03e1582,314854,16555.0,ok,1187.0,5.428801920890318,218.6486111111111,9644.0,430.0,10000.0,-6567.104949661345,3432.5476280886564,-65.67104949661345,69.1444618438365,3511.821755972,1.1431936893259973,-6566.309178222014,21535.686253607833,-28102.79120326918,59.326959376330116,-34.10532913018104,113.48566755981217,-72.72831807476354,0.766318409365067,0.3058129738837405,-0.17703258234283376,-0.2575253511945986,-0.09886060649294175,-0.07146427844235459,0.1055683039004792,23.519797809604043,145.35768645357606,0.3320677305941363,0.0,
BEATUSD,atr_adx,1,1,5dbb5b8ed03c,314854,28809.0,ok,1565.0,7.157603206565583,218.6486111111111,13793.0,2557.0,10000.0,-5793.95407594005,4206.045924059925,-57.9395407594005,61.65454730162545,4773.898472582,61.1386033580418,-5663.425129122026,31780.635483425995,-37574.589559366046,61.70997181247766,-35.785323389872424,111.04885874717817,-71.60543413715881,0.8458012677214775,0.329073482428115,-0.10632585306817802,-0.1777426024710879,-0.036481598422201944,-0.0015047469995672406,0.10482110606861078,23.028753993610223,145.61027837259186,0.32989289616662254,0.06389776357827476,
BEATUSD,atr_adx_both,1,1,050ea75f6207,314854,28809.0,ok,1565.0,7.157603206565583,218.6486111111111,13793.0,2557.0,10000.0,-5793.95407594005,4206.045924059925,-57.9395407594005,61.65454730162545,4773.898472582,61.1386033580418,-5663.425129122026,31780.635483425995,-37574.589559366046,61.70997181247766,-35.785323389872424,111.04885874717817,-71.60543413715881,0.8458012677214775,0.329073482428115,-0.10632585306817802,-0.1777426024710879,-0.036481598422201944,-0.0015047469995672406,0.10482110606861078,23.028753993610223,145.61027837259186,0.32989289616662254,0.06389776357827476,
BEATUSD,atr_t3,1,1,eb3710a3d5b9,314854,62478.0,ok,1833.0,8.383314171012596,218.6486111111111,32283.0,4296.0,10000.0,-4595.301047610348,5404.199839869653,-45.953010476103486,58.882198235965014,5794.634092370001,185.10995524034882,-4410.690204889987,43252.78807344433,-47848.08912105468,90.67670455648707,-35.286201416706994,164.94233899503914,-81.53727492498653,0.9039606151045169,0.2602291325695581,-0.059772344988919396,-0.14057459888419985,0.019589065891675275,0.048319295046052695,0.1080916400349721,38.211674849972724,138.01756587201996,0.3401610228342597,0.0,
BEATUSD,atr_t4,1,1,85c7c16d5604,314854,62478.0,ok,1549.0,7.084426432568746,218.6486111111111,30414.0,3679.0,10000.0,-198.96823917915822,9800.111827940842,-1.989682391791582,37.9531909703243,6788.171598538,310.2556406411529,110.36746858201877,58562.29353202802,-58761.26177120719,169.74577835370442,-48.80503469369368,223.45880922476016,-89.59965288576092,0.996613955637068,0.22272433828276308,0.008460589766410164,-0.09624412779476163,0.11260203165220019,0.11678529179643427,0.10832470203002408,53.1078114912847,137.32129420616954,0.3415799428093571,0.0,
BEATUSD,atr_banded_adx,1,1,27bc3723bc0f,314854,6140.0,ok,660.0,3.018541927369511,218.6486111111111,2919.0,152.0,10000.0,-5364.95149795917,4635.048502040815,-53.64951497959171,57.79552426542352,2073.505592222,-33.88709426284629,-5398.838592222029,12414.735275212428,-17779.686773171597,65.68643002757898,-37.748804189323984,113.13755201515019,-68.16283328043349,0.6982538800371593,0.2863636363636364,-0.2302294476847354,-0.33386626214284815,-0.12695772583672146,-0.12970480147051033,0.10052464621422508,24.53030303030303,155.27723310096047,0.3166029020095523,0.0,
BEATUSD,hwpr_v2,5,1,417a02375248,62961,987.0,ok,150.0,0.6861390384523752,218.61458333333334,1.0,26.0,10000.0,-826.5724923240934,9173.427507675928,-8.265724923240935,15.540702931978977,323.296956342,15.277535982094687,-811.2949563419879,4196.326232154325,-5022.898724478419,85.63931086029235,-49.731670539390294,102.4662186132759,-80.48882628017915,0.8354391482559852,0.32666666666666666,-0.11056852124870317,-0.3162842909026926,0.10969526694579367,-0.05955760813922888,0.05101091310947433,56.626666666666665,355.23912353287193,0.1606160973376529,0.0,
BEATUSD,atr_arm,5,1,5104b68fd7d7,62961,7452.0,ok,876.0,4.007051984561872,218.61458333333334,118.0,944.0,10000.0,-1419.7565385209887,8580.243461479035,-14.197565385209888,29.793772581649524,2475.958927346,-25.028388825006786,-1444.784927345967,25030.369777114734,-26450.12631563572,82.33674268787742,-46.24147957278972,114.61219768902191,-66.6668893792597,0.9463232605554057,0.3470319634703196,-0.029525382024952206,-0.12316265866152194,0.07282366241095223,0.04458871081323414,0.07411409283818635,24.162100456621005,234.3635898078422,0.23351766866315551,0.0,
BEATUSD,flip,5,1,e315159de0f4,62961,743.0,ok,253.0,1.1572878448563395,218.61458333333334,0.0,9.0,10000.0,69.82502679155232,10069.825026791535,0.6982502679155231,11.978479774446907,1191.931200418,20.195772790441595,545.98607747598,9192.787773675122,-9122.962746883572,98.84718036209809,-57.01851716802232,119.0850495142359,-71.27954577697811,1.0076537665152039,0.3675889328063241,0.010727699833381165,-0.16056658837357107,0.19118182406150833,0.11565365743711871,0.10492595760373752,8.980237154150197,150.26979545739687,0.33109216702023614,1.185770750988142,
BEATUSD,trend_pure,5,1,05d1fff9562b,62961,2084.0,ok,223.0,1.0200600371658646,218.61458333333334,3.0,54.0,10000.0,-1635.4076855066442,8364.59231449338,-16.35407685506644,24.51604426604789,500.48705939399997,168.40462611264573,-1467.0030593939646,5687.93133968906,-7323.339025195704,83.64604911307441,-47.24734854964971,112.3995509991759,-75.65175739314915,0.7766855146429684,0.30493273542600896,-0.1559353899428353,-0.3300069290864528,0.024275804732747885,-0.0998163093688498,0.0561190805739855,47.38565022421525,314.82816630617555,0.1768458199894537,0.0,
BEATUSD,st_only,5,1,fff8729f2034,62961,10216.0,ok,706.0,3.229427740982513,218.61458333333334,69.0,567.0,10000.0,-2112.4216642155366,7887.57833578447,-21.124216642155368,32.363284299137995,1765.26498549,69.2396787255312,-2043.1819854899904,19381.66684862211,-21494.088512837647,81.77918501528316,-45.82961303376897,117.7008840287696,-72.57967526833566,0.9017208074232195,0.3356940509915014,-0.061784078759603844,-0.16297473239396348,0.042344929350668456,0.003515826460630768,0.06529990522023464,37.01699716713881,279.865980825549,0.20565512562600144,0.0,
BEATUSD,adx_only,5,1,b5acf63ba5bf,62961,2722.0,ok,419.0,1.9166150474103016,218.61458333333334,28.0,216.0,10000.0,-1728.4494152139955,8271.55058478599,-17.284494152139956,25.93488703214958,1094.679174222,2.1852409919971905,-1726.2641742220112,11216.441384555827,-12944.890799769824,81.87183492376516,-45.90386808429016,110.4547170729907,-60.06868603941527,0.8664763232112602,0.3269689737470167,-0.0850251014802507,-0.22341141179447355,0.05123274298669791,-0.01715706962548516,0.06786803185476557,24.474940334128878,251.99211973301084,0.21390283664208753,0.0,
BEATUSD,wpr_only,5,1,461613bee59c,62961,24919.0,ok,1109.0,5.072854624291228,218.61458333333334,271.0,2775.0,10000.0,-3239.023758151435,6760.97624184852,-32.39023758151435,47.523609204204725,2849.7984486960004,149.2393094554364,-3089.7844486960394,26650.41664068914,-29889.44039884058,71.64090494808909,-40.55555006626944,112.57898257079081,-64.92985457961564,0.8916331749631191,0.33543733092876465,-0.06581687996844046,-0.1509177108980402,0.019453503613518476,0.010333731098428462,0.0761506110668689,23.52028854824166,223.57229647630498,0.23981400115988394,0.0,
BEATUSD,hwpr_no_confirm,5,1,7c2732655b5c,62961,3906.0,ok,323.0,1.4774860628007813,218.61458333333334,9.0,152.0,10000.0,-2580.842536306015,7419.157463693959,-25.80842536306015,34.33436618003646,694.775485094,174.0930512120147,-2406.749485094022,7536.778122948057,-10117.620659254071,77.69874353554698,-44.768233005548986,108.0891142946189,-74.68434361574315,0.7449160604825158,0.30030959752321984,-0.18051649690294772,-0.3213764645825481,-0.02903296094968194,-0.12427586321986958,0.05624063368307815,51.54179566563467,329.67629806647705,0.17719259559818387,0.0,
BEATUSD,st_flip_atr,5,1,97b43ab55233,62961,4243.0,ok,644.0,2.945823605088864,218.61458333333334,64.0,277.0,10000.0,-51.22875388551307,9948.771246114527,-0.5122875388551307,12.97064046128735,2090.9049710120003,99.0507828735081,47.82202898803553,22013.967674652202,-22065.196428537718,95.29856136213074,-53.42662573495816,113.74378370649225,-70.29779638674017,0.997678300573873,0.358695652173913,0.003430755583977107,-0.10780676767193834,0.12226600390665718,0.07798654213907211,0.07455578655509498,22.976708074534162,226.30297184610217,0.23502529326600688,0.0,
BEATUSD,flip_wide,5,1,be791f3cc7c2,62961,717.0,ok,165.0,0.7547529422976128,218.61458333333334,0.0,18.0,10000.0,-565.8401295941928,9434.159870405814,-5.658401295941928,10.681824060772978,255.67709995800004,-17.361970363808204,-583.2020999580054,4696.647988820831,-5262.488118415026,80.97668946242813,-49.18213194780398,110.1410263322036,-64.40353562047002,0.8924766922296413,0.3515151515151515,-0.06683561396738216,-0.2719038920751859,0.14883363873338526,-0.03156649265957023,0.03526912130781195,96.32121212121213,514.3669985775251,0.11070570212054424,0.0,
BEATUSD,trend_wide_stop,5,1,faec9158d314,62961,5259.0,ok,341.0,1.5598227474150663,218.61458333333334,0.0,291.0,10000.0,-587.5062877403652,9412.493712259658,-5.875062877403652,13.205743661251997,556.7554137060001,163.7038740343712,-423.80241370598924,10095.754318998012,-10683.260606738375,82.0793034064879,-49.005782599717314,108.5300761136944,-72.65908661724721,0.9450068373910303,0.36070381231671556,-0.02990293631417251,-0.1749184696964671,0.1122965586983761,0.008318849095042631,0.03822178540921513,87.7683284457478,480.64720812182907,0.12010823463399152,0.0,
BEATUSD,counter_trend,5,1,1462fce8f022,62961,1400.0,ok,322.0,1.472911802544432,218.61458333333334,16.0,52.0,10000.0,-322.26287593967555,9677.737124060313,-3.2226287593967555,10.235739221334317,1024.64192562,-27.82104968033149,-350.08392562001245,10919.146163667021,-11241.409039606699,96.62961206784975,-53.78664612252009,116.74085099740157,-66.40478366776576,0.9713325193661886,0.35093167701863354,-0.015886000450214637,-0.1696000494566184,0.14082733107592227,0.05587872236178112,0.07176472281199577,24.180124223602483,244.83087765017444,0.22617325370104993,0.0,
BEATUSD,atr_pullback,5,1,f657e49360af,62961,432.0,ok,167.0,0.7639014628103111,218.61458333333334,6.0,11.0,10000.0,194.63970326904717,10194.63970326905,1.9463970326904718,6.460897457773152,535.2631689699999,29.830127760953793,224.46983103000275,5902.347607242763,-5707.7079039737155,95.19915495552843,-54.35912289498776,107.94293609859479,-68.02441253771126,1.0341012025393834,0.3712574850299401,0.02761632870294004,-0.18967696843586346,0.24429953061286547,0.10052953130023876,0.07291320259729869,19.017964071856287,229.70561998215823,0.22956441464800084,0.0,
BEATUSD,atr_banded,5,1,ddd76a9fda2b,62961,1965.0,ok,448.0,2.0492685948444276,218.61458333333334,40.0,87.0,10000.0,-1601.7038808050356,8398.296119194967,-16.01703880805036,21.53320373540733,1359.2757103640001,-82.69482955897251,-1684.3987103640047,13063.771346159916,-14665.47522696495,87.67631775946252,-49.04841213031756,113.09520788165396,-63.13930440507329,0.890784045111608,0.3325892857142857,-0.07373891438164366,-0.20688683826456902,0.057114529259738936,0.0010322839787789229,0.07477119836042258,23.265625,227.14240922481397,0.2355840976097266,0.0,
BEATUSD,atr_adx,5,1,46cfb055642f,62961,3043.0,ok,485.0,2.218516224329347,218.61458333333334,25.0,365.0,10000.0,-898.9256406661577,9101.074359333852,-8.989256406661578,17.100744132975016,1395.114209364,77.4644313021644,-821.4612093639898,14990.88967333853,-15889.815314004689,88.70348919135225,-50.284225677230026,112.42941780733929,-66.0832323583948,0.9434275589173223,0.34845360824742266,-0.03304855941575825,-0.1566448033777317,0.10440545477038814,0.03636780424316786,0.06941636365892612,25.709278350515465,255.54918502743791,0.21872069014055934,0.0,
BEATUSD,atr_adx_both,5,1,5af18381228a,62961,1762.0,ok,336.0,1.5369514461333205,218.61458333333334,12.0,178.0,10000.0,-841.6135056734727,9158.386494326502,-8.416135056734726,18.143509348957497,902.23930931,34.98519636347561,-806.628309310021,9886.108851184197,-10727.722356857666,85.96616392334084,-48.541730121527905,111.66925341870363,-62.579027182459164,0.9215477920030741,0.34226190476190477,-0.046395627468227466,-0.19419911101188106,0.10800119529896551,0.020360412536761564,0.06675604000498903,26.071428571428573,265.1198695549025,0.21028267515960758,0.0,
BEATUSD,atr_t3,5,1,05f6295cd83b,62961,7452.0,ok,702.0,3.211130699957116,218.61458333333334,111.0,694.0,10000.0,3166.639580601871,13166.639580601875,31.66639580601871,18.69959425950569,2360.467538908,-20.48511950987323,3146.15446109203,29962.421672104636,-26795.78209150277,144.74599841596444,-54.13289311414701,200.75945407834485,-74.42638602680393,1.118176792518627,0.2948717948717949,0.08744702008555426,-0.04359050268728996,0.22136424355511222,0.16166298069772486,0.07421596061217063,36.212250712250714,234.21154743637408,0.23394263928141765,0.0,
BEATUSD,atr_t4,5,1,3e4a2f166d4d,62961,7452.0,ok,611.0,2.794873016629342,218.61458333333334,82.0,610.0,10000.0,1224.5972670702922,11224.597267070256,12.245972670702923,18.034273720159746,2130.6396976080005,-126.73096467829342,1097.866302391978,26933.301584823574,-25708.70431775328,188.34476632743758,-54.933128884088205,228.84839137287003,-87.99266658084672,1.047633566123542,0.23404255319148937,0.04885440898035242,-0.12099154976314173,0.2231879071739359,0.1228301014876693,0.07397569250731689,46.55973813420622,235.29411764705924,0.233273155124042,0.0,
BEATUSD,atr_banded_adx,5,1,57994c89d5b6,62961,632.0,ok,182.0,0.8325153666555486,218.61458333333334,6.0,26.0,10000.0,-862.0988282473675,9137.901171752623,-8.620988282473675,13.917442654796272,538.956789152,-75.9039609046356,-938.0027891520131,5398.999269849456,-6261.098098096823,91.50846220083824,-50.903236569892876,110.63968762012712,-63.523421309530086,0.8623086853551427,0.3241758241758242,-0.09635037647351652,-0.29989156340182826,0.10571558012803697,-0.026785407879002562,0.06956496859451398,22.384615384615383,249.80085421274384,0.21916894383112745,0.0,
BEATUSD,hwpr_v2,15,3,2d82254b0605,20970,143.0,ok,13.0,0.05951359084406295,218.4375,0.0,2.0,10000.0,358.7367388346114,10358.73673883461,3.587367388346114,2.666082013934619,22.145513952,-0.02025278661099983,358.71648604800066,678.0511420583709,-319.31440322375965,96.86444886548156,-53.219067203959945,109.00623939642735,-55.350387368358284,2.1234593091099194,0.5384615384615384,0.5477759902763709,-0.17429323366184962,1.2694199082463598,0.5892355538301927,0.04145956355382174,30.923076923076923,395.37869062901075,0.13028650409310824,0.0,
BEATUSD,atr_arm,15,3,6f52cca22769,20970,2313.0,ok,195.0,0.8927038626609443,218.4375,0.0,129.0,10000.0,-1309.344749717502,8690.655250282507,-13.09344749717502,20.709162127666445,385.849613364,64.730136353506,-1244.614613363985,5138.324937646325,-6447.669687363828,84.23483504338239,-48.1169379654017,106.16506742399129,-77.40410968819171,0.7969274461618959,0.3128205128205128,-0.139572277379543,-0.3261107470221767,0.050145261683316886,-0.09063091470152244,0.04894136267802056,21.620512820512822,374.4524024754882,0.15400126194516173,0.0,
BEATUSD,flip,15,3,aeb036eae4b4,20970,197.0,ok,36.0,0.1648068669527897,218.4375,0.0,0.0,10000.0,-189.9944547433211,9810.00554525667,-1.8999445474332113,6.10147790938503,161.29638889800003,15.4820658453206,-174.51238889800516,1113.7132823378204,-1303.7077370811412,92.80944019481836,-54.32115571171422,99.50276399745884,-63.60329889409497,0.854266067969576,0.3333333333333333,-0.10126969380055331,-0.5362523904332501,0.40275782537520377,0.0036737781309919746,0.10494347193154532,4.027777777777778,150.2838386518593,0.33117123097676227,0.0,
BEATUSD,trend_pure,15,3,eb00d21eb365,20970,274.0,ok,24.0,0.10987124463519313,218.4375,0.0,5.0,10000.0,214.81202824546338,10214.812028245466,2.148120282454634,3.2059888512417665,42.16169646,18.102275294536497,232.9143035399975,898.5226950579631,-683.7106668124999,89.85226950579631,-48.83647620089285,106.94951789838154,-62.17303732647901,1.314185573916712,0.4166666666666667,0.18217235046056676,-0.3853455770863212,0.7253700746574111,0.22207449338107496,0.03990214292050822,36.583333333333336,406.2981152952288,0.1254293733444327,0.0,
BEATUSD,st_only,15,3,0f4e7a10593d,20970,2372.0,ok,161.0,0.7370529327610873,218.4375,4.0,71.0,10000.0,203.53519691218213,10203.535196912178,2.0353519691218214,12.375143745277358,348.49964448599997,-54.722841398181416,148.81235551399732,5528.775148154084,-5325.239951241902,93.7080533585438,-52.20823481609708,117.22456645833631,-68.53641784913505,1.0382208499101933,0.36645962732919257,0.030587181389951187,-0.17760403528865357,0.24683297942741664,0.07973336447475585,0.049146183084804694,20.22360248447205,371.0060067639185,0.1546560707167635,0.0,
BEATUSD,adx_only,15,3,678e9c750bae,20970,604.0,ok,56.0,0.2563662374821173,218.4375,0.0,10.0,10000.0,456.10192724393244,10456.101927243926,4.561019272439324,3.5815391948305497,115.16949720000001,-2.4664244439333007,453.6355027999998,2130.931855156862,-1674.8299279129294,92.64921109377661,-50.75242205796756,108.62375827687356,-58.44605975935977,1.2723273089658118,0.4107142857142857,0.16503268317305966,-0.21385525734506242,0.529789333514004,0.21170754826861946,0.046674865095559806,23.357142857142858,361.3365150693205,0.14671346955000525,0.0,
BEATUSD,wpr_only,15,3,db7a0979c7d6,20970,7426.0,ok,234.0,1.071244635193133,218.4375,0.0,338.0,10000.0,-537.4696930574901,9462.530306942517,-5.374696930574901,16.204407530030753,433.208811578,-15.118118520506988,-414.4927025780071,6611.582796029854,-7149.052489087344,82.64478495037318,-46.42241876030743,100.26430788933698,-69.84494198397807,0.9248194507065224,0.3418803418803419,-0.041265792401484244,-0.2227889440855974,0.1521321786904031,0.00473643761812582,0.04600223001961006,25.5,402.7374101161837,0.1446644502635998,0.4273504273504274,
BEATUSD,hwpr_no_confirm,15,3,eaf32eb8c8d0,20970,562.0,ok,34.0,0.15565092989985693,218.4375,0.0,9.0,10000.0,90.81318198044474,10090.813181980451,0.9081318198044475,4.597944004294434,60.49048928600001,41.7533287335566,132.56651071400847,1160.7460332013807,-1069.9328512209358,89.2881564001062,-50.949183391473134,107.21758070945258,-62.17303732647901,1.0848774592506576,0.38235294117647056,0.05890056388721449,-0.41528060760835134,0.515739653182892,0.09945048756506247,0.04054992367784799,31.941176470588236,398.6798183264297,0.1276091401355386,0.0,
BEATUSD,st_flip_atr,15,3,b4dec0fbdf37,20970,1023.0,ok,121.0,0.5539341917024321,218.4375,0.0,35.0,10000.0,-1625.7532177415815,8374.246782258419,-16.257532177415815,20.043997588442057,243.497341818,-49.58512407641658,-1675.3383418179983,2665.562938229669,-4291.316155971251,88.85209794098895,-47.15732039528847,107.89511794860837,-60.409940214070375,0.6211527748941569,0.24793388429752067,-0.2917440211628354,-0.5122789687472313,-0.04758513148646925,-0.2424853815794995,0.04925863958333581,17.40495867768595,357.4643660915227,0.15498743973172432,0.0,
BEATUSD,flip_wide,15,3,581f1adf9d94,20970,148.0,ok,24.0,0.10987124463519313,218.4375,0.0,2.0,10000.0,-464.07791361364485,9535.922086386348,-4.640779136136448,6.075406160550849,26.216405378,-3.702491764355103,-467.7804053780055,385.8344540365659,-849.9123676502109,77.16689080731318,-44.73222987632689,93.87641499517693,-53.16120711890559,0.4539696899614474,0.20833333333333334,-0.3980724780646643,-0.7928649102886337,0.049242510461607894,-0.374052937049183,0.024019541015481222,40.791666666666664,707.8611382966176,0.07527197214844433,0.0,
BEATUSD,trend_wide_stop,15,3,aa80ac6cb6a1,20970,1147.0,ok,71.0,0.325035765379113,218.4375,0.0,19.0,10000.0,-183.89371996680245,9816.106280033197,-1.8389371996680244,8.10723628244288,72.050755284,41.1909646828034,-142.7027552839936,1788.6567654417233,-1972.5504854085261,68.79449097852782,-43.83445523130058,98.4411486082017,-65.17144261675439,0.9067736307247328,0.36619718309859156,-0.04987728129445289,-0.3232055861889738,0.23892782227614381,-0.026881892134160923,0.022995389160291944,52.140845070422536,775.0998288648033,0.07198369635644505,0.0,
BEATUSD,counter_trend,15,3,3125adf4a7a6,20970,324.0,ok,52.0,0.2380543633762518,218.4375,0.0,3.0,10000.0,-671.0597478028775,9328.940252197133,-6.710597478028775,10.226695048366171,110.502157524,65.5675902788781,-605.4921575239914,1287.0964643835148,-1958.1562121863926,91.93546174167963,-51.530426636484016,98.30896138799986,-73.05620368439085,0.657300197182123,0.2692307692307692,-0.2641985773147357,-0.6182038226590877,0.13155838537470432,-0.21450442816530962,0.04969414914942616,16.78846153846154,353.93056914830834,0.156310666011454,0.0,
BEATUSD,atr_pullback,15,3,a6e9ca369d7d,20970,104.0,ok,32.0,0.1464949928469242,218.4375,0.0,0.0,10000.0,-497.5482096636964,9502.451790336305,-4.975482096636965,6.926123704804381,65.688978734,31.870230929697307,-465.6779787339983,747.6324518285797,-1245.1806614922762,93.45405647857247,-51.882527562178176,98.30896138799986,-73.85901910949406,0.6004208665854046,0.25,-0.3134307891554013,-0.73593408207555,0.16615864831186533,-0.2671394871337333,0.04629130202166794,13.65625,380.6703753709179,0.1459995022759792,0.0,
BEATUSD,atr_banded,15,3,211009088ad3,20970,564.0,ok,96.0,0.4394849785407725,218.4375,0.0,12.0,10000.0,-1389.3015664561044,8610.698433543886,-13.893015664561045,16.374943021428965,192.03739324600002,82.2551732101069,-1307.0463932459952,2095.766509305102,-3485.0680757612067,83.83066037220408,-49.08546585579165,101.088185254107,-78.59037956847051,0.6013559746167499,0.2604166666666667,-0.3100616091143578,-0.5723330059204494,-0.051522475849694854,-0.2621526574894044,0.047908951624953434,20.65625,374.33112802668825,0.15089691089684173,0.0,
BEATUSD,atr_adx,15,3,202bf6ba8020,20970,730.0,ok,71.0,0.325035765379113,218.4375,0.0,23.0,10000.0,-466.7202613172134,9533.279738682771,-4.667202613172134,10.288736517212978,138.58322824200002,-20.70996692478449,-487.4302282420067,1995.4182742507583,-2462.1385355679718,90.70083064776173,-50.247725215672894,103.16204162265633,-58.82838577477027,0.8104411045215417,0.30985915492957744,-0.12936256673640092,-0.43367542112832674,0.19215069060354933,-0.08445304599044216,0.04490952074595885,20.211267605633804,387.54991443240084,0.14114488127272426,0.0,
BEATUSD,atr_adx_both,15,3,f332970c01aa,20970,415.0,ok,42.0,0.192274678111588,218.4375,0.0,10.0,10000.0,264.08159040734216,10264.081590407337,2.6408159040734214,6.668665588848984,83.65860300599999,0.457806586659002,264.539396993996,1579.8798745335491,-1315.798284126207,92.93411026667935,-52.631931365048274,106.71935340274793,-57.95878160174396,1.2007006648307899,0.40476190476190477,0.13255269774509024,-0.2867374883180757,0.5857045914077694,0.17877830900518094,0.0462256112600907,19.357142857142858,363.60365989088496,0.14518809043135952,0.0,
BEATUSD,atr_t3,15,3,1ff2ae982960,20970,2313.0,ok,181.0,0.8286123032904149,218.4375,0.0,121.0,10000.0,-1612.6366619632984,8387.363338036695,-16.126366619632986,26.7950825040013,360.770709708,52.25895225530069,-1560.3777097080056,4746.495624902281,-6359.132286865578,110.38361918377397,-46.08066874540274,152.58817955599991,-76.21783980791292,0.7464061778846611,0.23756906077348067,-0.18691369470464586,-0.4228579635579073,0.05536324917616109,-0.13719211220508648,0.049721582499559415,24.933701657458563,372.6267226592532,0.15647401073400866,0.0,
BEATUSD,atr_t4,15,3,6ba6750cd284,20970,2313.0,ok,175.0,0.8011444921316166,218.4375,0.0,108.0,10000.0,-1305.1356967994282,8694.864303200588,-13.051356967994282,23.94715908361448,355.144764,69.29293279943082,-1235.84276399999,4966.352725138501,-6271.488421937931,130.69349276680268,-45.77728775137176,201.30935195057558,-72.36246269700682,0.7918937883654524,0.21714285714285714,-0.15011628689560058,-0.43238248288860853,0.11775878179250372,-0.10009655639651259,0.050019730499088005,27.94857142857143,368.23248407643456,0.1573196287865487,0.0,
BEATUSD,atr_banded_adx,15,3,aec9aca1a8a6,20970,138.0,ok,22.0,0.10071530758226037,218.4375,0.0,0.0,10000.0,-77.79312284155279,9922.20687715845,-0.7779312284155279,3.478064149905688,44.06832753399999,-20.8602046924473,-98.65332753399343,689.8479316319332,-767.6410544734861,98.5497045188476,-51.1760702982324,106.3623514412778,-54.84847662000036,0.8986595070857563,0.3181818181818182,-0.06620003385043449,-0.6160197901907891,0.4984064435238774,-0.021209175146722957,0.04499085870371158,19.136363636363637,392.55402547033094,0.14158234581396867,0.0,
BEATUSD,hwpr_v2,30,6,a7adb2330d05,10481,28.0,ok,1.0,0.004579715675985116,218.35416666666666,0.0,0.0,10000.0,50.53234601277661,10050.532346012777,0.5053234601277661,0.030357669717323007,1.7764903800000003,0.9051636072234,51.43750962000013,50.53234601277661,0.0,50.53234601277661,,50.53234601277661,50.53234601277661,inf,1.0,1.0144612947236946,1.0144612947236946,1.0144612947236946,1.0492812441334753,0.03481994940978084,48.0,453.76286490415816,0.10922346819126437,0.0,
BEATUSD,atr_arm,30,6,c1286ae7a972,10481,863.0,ok,49.0,0.22440606812327069,218.35416666666666,0.0,14.0,10000.0,340.9153745830857,10340.915374583088,3.409153745830857,6.647871283051465,81.35129936399998,12.101326052915002,353.0167006360007,1769.1410762364674,-1428.2257016533817,84.2448131541175,-51.00806077333506,104.79657342716095,-62.363654971328984,1.2386985293629893,0.42857142857142855,0.14533872692939057,-0.2385262884153825,0.5500479549790108,0.1837187233377918,0.03837999640840121,17.836734693877553,441.0869444905633,0.12046448050741343,0.0,
BEATUSD,flip,30,6,94fd69df3d90,10481,93.0,ok,5.0,0.02289857837992558,218.35416666666666,0.0,0.0,10000.0,12.60630285147797,10012.606302851478,0.1260630285147797,1.1269459961999746,22.523353901999997,13.9773432465216,26.583646098000827,177.8865564614781,-165.28025361000013,88.94327823073905,-55.093417870000046,95.50732127999969,-55.23139860000005,1.076272286471826,0.4,0.054593594972585625,-1.1054348985024955,1.2720224100107296,0.15937554319976802,0.10478194822718234,2.6,150.6591337099817,0.33052619320010057,0.0,
BEATUSD,trend_pure,30,6,7a63259af4b4,10481,55.0,ok,2.0,0.009159431351970232,218.35416666666666,0.0,0.0,10000.0,-25.000694597342815,9974.999305402654,-0.25000694597342815,0.5565894993567417,4.10956736,1.0991272373427008,-23.901567360000627,26.981032122657147,-51.98172671999996,26.981032122657147,-51.98172671999996,26.981032122657147,-51.98172671999996,0.519048400758034,0.5,-0.24472879956688937,-1.039967323943662,0.5505097248098832,-0.20304890970744122,0.0416798898594481,25.5,379.26551337326225,0.13104687868848514,0.0,
BEATUSD,st_only,30,6,20804d399e9e,10481,722.0,ok,35.0,0.16029004865947907,218.35416666666666,0.0,5.0,10000.0,144.009877510947,10144.009877510949,1.44009877510947,3.2209574684019535,78.048144826,56.0159776630548,200.02585517400075,1261.33468215872,-1117.3248046477731,90.09533443990857,-53.20594307846539,107.96690209761924,-71.08934074541727,1.1288881056895042,0.4,0.08647142337142959,-0.38826155321706923,0.561098024174223,0.1397081606704624,0.05323673729903284,12.657142857142857,360.39250669045487,0.16728070352798635,0.0,
BEATUSD,adx_only,30,6,8814fa86b289,10481,182.0,ok,10.0,0.04579715675985116,218.35416666666666,0.0,2.0,10000.0,159.3342473738029,10159.3342473738,1.593342473738029,1.6396132396704848,17.738316368,7.6354362581967985,166.9696836319963,424.1556015548116,-264.8213541810087,84.83112031096232,-52.96427083620174,104.59620930433142,-59.54564839676805,1.6016669156706145,0.5,0.3265287468857679,-0.5764259135258435,1.1371813581360841,0.3689887377421162,0.04245999085634834,17.1,414.96501016703724,0.13298499075210857,0.0,
BEATUSD,wpr_only,30,6,7abf2369a8c0,10481,2691.0,ok,74.0,0.3388989600228986,218.35416666666666,0.0,78.0,10000.0,-73.28490467102561,9926.71509532897,-0.7328490467102562,8.348964988843418,124.03775143800002,-72.27784676697271,-145.56275143799758,2269.737499631726,-2343.0224043027524,84.06435183821208,-49.85154051707984,106.00761675756848,-58.89080591227139,0.9687220640586086,0.36486486486486486,-0.01472215759587577,-0.3151543965831346,0.29915925936703425,0.023195220948753974,0.037917378544629725,17.60810810810811,452.2048793207448,0.11913286427725978,0.0,
BEATUSD,hwpr_no_confirm,30,6,492823a2fdc7,10481,151.0,ok,10.0,0.04579715675985116,218.35416666666666,0.0,0.0,10000.0,-0.03049323812034288,9999.969506761878,-0.0003049323812034288,1.7667432304190802,18.8445764,31.0289168381205,30.998423599998205,324.54775479541917,-324.57824803353947,81.13693869885479,-54.09637467225658,101.39801584717715,-61.40041210729795,0.9999060527367282,0.4,0.005994703423486314,-0.806904081551167,0.8642310871004224,0.04812890577154962,0.042134202348063345,19.8,421.489116000286,0.13294144223846835,0.0,
BEATUSD,st_flip_atr,30,6,cc14ebbc36cc,10481,296.0,ok,15.0,0.06869573513977674,218.35416666666666,0.0,1.0,10000.0,-139.8795550174059,9860.12044498259,-1.398795550174059,2.3935339783892515,26.336807516000004,33.8197475014057,-106.0598075160051,383.62040907225486,-523.4999640896608,76.72408181445097,-52.34999640896608,102.89403692745837,-59.54564839676805,0.732799303509697,0.3333333333333333,-0.185774015787044,-0.8121411724755256,0.5454754493875188,-0.146610188893633,0.039163826893411004,16.6,437.84707390004314,0.12282888602592164,0.0,
BEATUSD,flip_wide,30,6,9fa46d676fb3,10481,46.0,ok,3.0,0.013739147027955348,218.35416666666666,0.0,0.0,10000.0,41.91736288538251,10041.917362885382,0.41917362885382514,0.48761191367494927,2.621556086,7.386081028617499,49.30344391399922,91.12288027317302,-49.205517387790515,45.56144013658651,-49.205517387790515,90.06802209023145,-49.205517387790515,1.851883388503574,0.6666666666666666,0.27743535000203673,-1.0196766700056035,1.8307252752191463,0.29697634930636624,0.019540999304329506,30.333333333333332,861.5659422447147,0.06046990861996752,0.0,
BEATUSD,trend_wide_stop,30,6,d05acddffa50,10481,354.0,ok,15.0,0.06869573513977674,218.35416666666666,0.0,1.0,10000.0,75.26701248782493,10075.267012487824,0.7526701248782494,2.2572080738027087,13.004073292000001,12.3189142201749,87.58592670799953,460.9377904521907,-385.67077796436587,76.82296507536512,-42.852308662707316,98.194080266977,-50.89798138373515,1.195158712529626,0.4,0.10418672208438741,-0.4648279183203821,0.7931749211184225,0.12327193657909158,0.019085214494704173,28.066666666666666,902.9625687422379,0.05919513313107745,0.0,
BEATUSD,counter_trend,30,6,78f4d84ac5aa,10481,110.0,ok,9.0,0.04121744108386605,218.35416666666666,0.0,1.0,10000.0,-195.8059379169954,9804.194062083003,-1.9580593791699539,2.7743618099349754,18.428838212000002,28.784099704995402,-167.02183821200197,185.83973280503605,-381.64567072203147,92.91986640251802,-54.520810103147355,98.3629702792484,-60.78248861660627,0.48694311782300004,0.2222222222222222,-0.4388698405853886,-1.1205010835498006,0.5246247734635461,-0.39491965432685516,0.043950186258533384,15.333333333333334,431.0806787734446,0.13873782652956373,0.0,
BEATUSD,atr_pullback,30,6,3494116be2ba,10481,43.0,ok,4.0,0.018318862703940463,218.35416666666666,0.0,0.0,10000.0,-63.519004279803234,9936.480995720194,-0.6351900427980324,1.6121787511392205,6.498523912,7.828480367803001,-55.69052391200057,99.29976047238411,-162.81876475218735,99.29976047238411,-54.27292158406245,99.29976047238411,-60.78248861660627,0.6098790923977335,0.25,-0.3217403640673154,-1.167167241724708,1.2412534966116988,-0.2857160873575133,0.036024276709802135,17.75,453.59950134432995,0.11274352622222081,0.0,
BEATUSD,atr_banded,30,6,ebf2b8df2b76,10481,217.0,ok,19.0,0.0870145978437172,218.35416666666666,0.0,2.0,10000.0,-306.4630861245729,9693.536913875429,-3.064630861245729,5.450167181682634,35.865525478,50.6215606465733,-255.84152547800113,382.03459413385394,-688.4976802584267,63.67243235564232,-52.96136001987898,100.23655066551981,-59.33528650668708,0.5548814543434013,0.3157894736842105,-0.3263496991255819,-0.842813641206509,0.27282322027498035,-0.28494965796217203,0.04140004116340985,14.947368421052632,429.24306535025624,0.1302460127962087,0.0,
BEATUSD,atr_adx,30,6,dc0355172875,10481,236.0,ok,15.0,0.06869573513977674,218.35416666666666,0.0,4.0,10000.0,306.30225138497497,10306.30225138497,3.0630225138497496,2.0783288853600865,24.138724514000003,12.700024101025003,319.0022754859983,672.1947956351876,-365.8925442502126,84.02434945439845,-52.270363464316084,104.49911901505028,-54.577172348320055,1.8371371764698017,0.5333333333333333,0.4100503313666565,-0.29307718148748124,1.1336089423547007,0.447841618492211,0.03779128712555467,14.533333333333333,445.44271379990613,0.11842756368708311,0.0,
BEATUSD,atr_adx_both,30,6,b933a9bd20a9,10481,138.0,ok,7.0,0.03205800973189581,218.35416666666666,0.0,0.0,10000.0,270.36513975880507,10270.365139758807,2.7036513975880507,1.1203206180884329,11.37394032,11.926919921195102,282.29205968000133,381.27529511549204,-110.91015535668697,76.25505902309841,-55.455077678343486,104.59620930433142,-59.33528650668708,3.437695077509458,0.7142857142857143,0.7859973180001855,-0.20241587858265375,1.6364901600131385,0.8256866586446193,0.03968934064443387,24.857142857142858,445.44271379990613,0.12321777999109353,0.0,
BEATUSD,atr_t3,30,6,bc1c0bc5dcc3,10481,863.0,ok,46.0,0.21066692109531535,218.35416666666666,0.0,17.0,10000.0,74.89263740689992,10074.892637406892,0.7489263740689992,7.071306142256516,79.554191928,8.265170665100486,83.15780807199008,1522.3832141531284,-1447.4905767462285,89.55195377371344,-49.913468163663055,156.37220332426216,-65.38714579700238,1.051739637279884,0.3695652173913043,0.04141236714373147,-0.40442249416705656,0.5017628380511073,0.07929560742205526,0.03788324027832375,23.065217391304348,440.1410482881124,0.1189500403612277,0.0,
BEATUSD,atr_t4,30,6,ca3098ea3584,10481,863.0,ok,46.0,0.21066692109531535,218.35416666666666,0.0,14.0,10000.0,227.0046423357356,10227.004642335729,2.270046423357356,7.7593807055893524,80.75535472600001,1.5330029382648904,228.53764527399107,1676.8907183239053,-1449.8860759881698,98.64063048964148,-49.99607158579896,195.20991882919125,-65.38714579700238,1.1565672269671399,0.3695652173913043,0.11014262762358762,-0.38159851605601447,0.6229101303381976,0.14802586790191125,0.03788324027832375,23.847826086956523,440.1410482881124,0.11881170566911332,0.0,
BEATUSD,atr_banded_adx,30,6,0e2bbea33141,10481,47.0,ok,4.0,0.018318862703940463,218.35416666666666,0.0,0.0,10000.0,-210.3176521355108,9789.682347864486,-2.103176521355108,2.11490707141786,7.59510661,6.1115455255105005,-204.20610661000137,0.0,-210.3176521355108,,-52.5794130338777,-49.62797378624796,-59.33528650668708,0.0,0.0,-1.0700095530879739,-1.1671670234594889,-1.0042987323236643,-1.0317851791823345,0.03822437390563905,19.0,467.3576953631807,0.12059182802978383,0.0,
BEATUSD,hwpr_v2,60,12,2c9d8833017f,5237,6.0,ok,0.0,0.0,218.20833333333334,0.0,0.0,10000.0,0.0,10000.0,0.0,0.0,0.0,0.0,0.0,0.0,0.0,,,,,,,,,,,,0.0,,0.0,,
BEATUSD,atr_arm,60,12,5487f1778e24,5237,184.0,ok,3.0,0.01374832919610464,218.20833333333334,0.0,2.0,10000.0,-6.390178756350835,9993.609821243648,-0.06390178756350835,1.0356980345235207,4.893325354,0.33185340235079996,-6.058325354000772,95.74983070528005,-102.14000946163088,95.74983070528005,-51.07000473081544,95.74983070528005,-51.46595176163085,0.9374370651615093,0.3333333333333333,-0.035183247820745,-1.038275164938737,1.965348851685788,0.0017849997785120604,0.036968247599257036,6.666666666666667,421.50007945336125,0.11550609391515486,0.0,
BEATUSD,flip,60,12,3e6d68488baa,5237,50.0,ok,1.0,0.004582776398701547,218.20833333333334,0.0,0.0,10000.0,-54.95967440999974,9945.04032559,-0.5495967440999975,0.5495967440999994,5.18467441,0.0,-54.959674409999934,0.0,-54.95967440999974,,-54.95967440999974,-54.95967440999974,-54.95967440999974,0.0,0.0,-1.1041622181818187,-1.1041622181818187,-1.1041622181818187,-0.9992099999999999,0.10495221818181873,1.0,150.54469808945015,0.33245988872386484,0.0,
BEATUSD,trend_pure,60,12,dfece69b487b,5237,12.0,ok,0.0,0.0,218.20833333333334,0.0,0.0,10000.0,0.0,10000.0,0.0,0.0,0.0,0.0,0.0,0.0,0.0,,,,,,,,,,,,0.0,,0.0,,
BEATUSD,st_only,60,12,96300d1f8933,5237,163.0,ok,11.0,0.05041054038571701,218.20833333333334,0.0,3.0,10000.0,-55.70363028261433,9944.29636971739,-0.5570363028261432,3.1019442651146356,20.808254767999998,-2.388624485385499,-58.0922547680002,261.4298501353117,-317.133480417926,65.35746253382793,-45.30478291684658,100.83140245580395,-60.44492372588716,0.8243527293012181,0.36363636363636365,-0.09469336652216978,-0.7499978239164957,0.6344771444061469,-0.05420127329230711,0.04049209322986262,11.090909090909092,437.9736261113426,0.12709420384024428,0.0,
BEATUSD,adx_only,60,12,2491a9621e95,5237,44.0,ok,1.0,0.004582776398701547,218.20833333333334,0.0,0.0,10000.0,98.19425174133973,10098.194251741339,0.9819425174133972,0.014060988076798822,1.217780172,-0.6280319133396002,97.56621982800061,98.19425174133973,0.0,98.19425174133973,,98.19425174133973,98.19425174133973,inf,1.0,1.9880598425117386,1.9880598425117386,1.9880598425117386,2.025301356117181,0.0372415136054422,7.0,424.2577293553156,0.11528774065712244,0.0,
BEATUSD,wpr_only,60,12,efb4c831fb11,5237,551.0,ok,10.0,0.04582776398701546,218.20833333333334,0.0,3.0,10000.0,-50.37254910278088,9949.627450897222,-0.5037254910278088,1.946766617299163,16.121691406,-6.753142303218901,-57.125691405995894,295.8806691767781,-346.25321827955906,98.6268897255927,-49.46474546850844,100.03960486018079,-56.57177842681246,0.854521065961296,0.3,-0.09792128657520287,-0.8956647964531174,0.8234305357124782,-0.061580555116776556,0.03634073145842634,9.9,448.5989416962711,0.11416483479724646,0.0,
BEATUSD,hwpr_no_confirm,60,12,eafc7d4fb783,5237,30.0,ok,3.0,0.01374832919610464,218.20833333333334,0.0,0.0,10000.0,141.75745447840427,10141.757454478406,1.4175745447840427,0.5232071339918488,4.456291092000001,3.8182544295958,145.5757089079998,193.40267687840426,-51.6452224,96.70133843920213,-51.6452224,100.35092945650338,-51.6452224,3.7448319106939167,0.6666666666666666,0.9447618087246782,-1.032904448,2.0031724979340346,0.9843187674639521,0.03955695873927392,2.6666666666666665,393.5071323167736,0.12399140318682711,0.0,
BEATUSD,st_flip_atr,60,12,6191e0bbf3d5,5237,69.0,ok,3.0,0.01374832919610464,218.20833333333334,0.0,1.0,10000.0,-150.9515329078285,9849.04846709217,-1.509515329078285,1.5095153290782946,5.4434112599999995,-1.9338783521716003,-152.88541126000018,0.0,-150.9515329078285,,-50.31717763594283,-48.8115234461976,-51.46595176163085,0.0,0.0,-1.023738908209966,-1.038275164938737,-1.0003181294818755,-0.9876031346078614,0.03613577360210465,5.0,441.88548432083513,0.11353822889399869,0.0,
BEATUSD,flip_wide,60,12,01b133b83b8b,5237,11.0,ok,0.0,0.0,218.20833333333334,0.0,0.0,10000.0,0.0,10000.0,0.0,0.0,0.0,0.0,0.0,0.0,0.0,,,,,,,,,,,,0.0,,0.0,,
BEATUSD,trend_wide_stop,60,12,fc1b4bf036c0,5237,71.0,ok,2.0,0.009165552797403094,218.20833333333334,0.0,0.0,10000.0,50.91083750188758,10050.910837501886,0.5091083750188758,0.500002142803503,1.676605,-4.583442501887601,46.32739499999843,98.16710094629995,-47.256263444412376,98.16710094629995,-47.256263444412376,98.16710094629995,-47.256263444412376,2.0773352311651574,0.5,0.5301209089024431,-0.9688425341235936,2.02908435192848,0.5499689672607613,0.019848058358318113,16.0,799.7899176994589,0.06105302016648113,0.0,
BEATUSD,counter_trend,60,12,f7c6b771ba0f,5237,26.0,ok,0.0,0.0,218.20833333333334,0.0,0.0,10000.0,0.0,10000.0,0.0,0.0,0.0,0.0,0.0,0.0,0.0,,,,,,,,,,,,0.0,,0.0,,
BEATUSD,atr_pullback,60,12,65d4c9d56bc9,5237,12.0,ok,0.0,0.0,218.20833333333334,0.0,0.0,10000.0,0.0,10000.0,0.0,0.0,0.0,0.0,0.0,0.0,0.0,,,,,,,,,,,,0.0,,0.0,,
BEATUSD,atr_banded,60,12,b87917a4e945,5237,50.0,ok,2.0,0.009165552797403094,218.20833333333334,0.0,0.0,10000.0,-102.14000946163088,9897.859990538367,-1.0214000946163089,1.0214000946163289,3.66011898,-0.16610951836920004,-102.30611898000097,0.0,-102.14000946163088,,-51.07000473081544,-50.67405770000004,-51.46595176163085,0.0,0.0,-1.0354492975740115,-1.038275164938737,-1.0326234302092858,-0.9991235722475,0.03632572532651135,6.5,435.3970230386192,0.114244779640986,0.0,
BEATUSD,atr_adx,60,12,04beb4cff4c7,5237,47.0,ok,0.0,0.0,218.20833333333334,0.0,0.0,10000.0,0.0,10000.0,0.0,0.0,0.0,0.0,0.0,0.0,0.0,,,,,,,,,,,,0.0,,0.0,,
BEATUSD,atr_adx_both,60,12,ff025b438234,5237,29.0,ok,0.0,0.0,218.20833333333334,0.0,0.0,10000.0,0.0,10000.0,0.0,0.0,0.0,0.0,0.0,0.0,0.0,,,,,,,,,,,,0.0,,0.0,,
BEATUSD,atr_t3,60,12,2948f1986035,5237,184.0,ok,3.0,0.01374832919610464,218.20833333333334,0.0,2.0,10000.0,43.458271534502444,10043.4582715345,0.43458271534502446,1.0356980345235207,4.904823038,-0.8090945725026002,42.64917696199882,145.59828099613333,-102.14000946163088,145.59828099613333,-51.07000473081544,145.59828099613333,-51.46595176163085,1.425477457497472,0.3333333333333333,0.3058777365375356,-1.038275164938737,2.9885318047606297,0.34284598413679274,0.036968247599257036,7.0,421.50007945336125,0.11531082422664894,0.0,
BEATUSD,atr_t4,60,12,25b97146fc25,5237,184.0,ok,3.0,0.01374832919610464,218.20833333333334,0.0,2.0,10000.0,95.80309846491414,10095.80309846491,0.9580309846491414,1.0356980345235207,4.916320722,-4.446419186914199,91.35667927799841,197.94310792654503,-102.14000946163088,197.94310792654503,-51.07000473081544,197.94310792654503,-51.46595176163085,1.9379585822429632,0.3333333333333333,0.6640188240695156,-1.038275164938737,4.06295506735657,0.7009870716687727,0.036968247599257036,11.333333333333334,421.50007945336125,0.11510785113918336,0.0,
BEATUSD,atr_banded_adx,60,12,74612893d7d7,5237,4.0,ok,0.0,0.0,218.20833333333334,0.0,0.0,10000.0,0.0,10000.0,0.0,0.0,0.0,0.0,0.0,0.0,0.0,,,,,,,,,,,,0.0,,0.0,,
BEATUSD,hwpr_v2,240,48,615596c7402f,1308,0.0,ok,0.0,0.0,218.0,0.0,0.0,10000.0,0.0,10000.0,0.0,0.0,0.0,0.0,0.0,0.0,0.0,,,,,,,,,,,,0.0,,0.0,,
BEATUSD,atr_arm,240,48,c9fa0fb9e041,1308,0.0,ok,0.0,0.0,218.0,0.0,0.0,10000.0,0.0,10000.0,0.0,0.0,0.0,0.0,0.0,0.0,0.0,,,,,,,,,,,,0.0,,0.0,,
BEATUSD,flip,240,48,73f436a33410,1308,8.0,ok,0.0,0.0,218.0,0.0,0.0,10000.0,0.0,10000.0,0.0,0.0,0.0,0.0,0.0,0.0,0.0,,,,,,,,,,,,0.0,,0.0,,
BEATUSD,trend_pure,240,48,94d0fcfbb185,1308,0.0,ok,0.0,0.0,218.0,0.0,0.0,10000.0,0.0,10000.0,0.0,0.0,0.0,0.0,0.0,0.0,0.0,,,,,,,,,,,,0.0,,0.0,,
BEATUSD,st_only,240,48,ee4b57780b7d,1308,0.0,ok,0.0,0.0,218.0,0.0,0.0,10000.0,0.0,10000.0,0.0,0.0,0.0,0.0,0.0,0.0,0.0,,,,,,,,,,,,0.0,,0.0,,
BEATUSD,adx_only,240,48,ef6ce688dd83,1308,0.0,ok,0.0,0.0,218.0,0.0,0.0,10000.0,0.0,10000.0,0.0,0.0,0.0,0.0,0.0,0.0,0.0,,,,,,,,,,,,0.0,,0.0,,
BEATUSD,wpr_only,240,48,110eede40f13,1308,0.0,ok,0.0,0.0,218.0,0.0,0.0,10000.0,0.0,10000.0,0.0,0.0,0.0,0.0,0.0,0.0,0.0,,,,,,,,,,,,0.0,,0.0,,
BEATUSD,hwpr_no_confirm,240,48,13af052e1800,1308,0.0,ok,0.0,0.0,218.0,0.0,0.0,10000.0,0.0,10000.0,0.0,0.0,0.0,0.0,0.0,0.0,0.0,,,,,,,,,,,,0.0,,0.0,,
BEATUSD,st_flip_atr,240,48,5b6dddc13e0d,1308,0.0,ok,0.0,0.0,218.0,0.0,0.0,10000.0,0.0,10000.0,0.0,0.0,0.0,0.0,0.0,0.0,0.0,,,,,,,,,,,,0.0,,0.0,,
BEATUSD,flip_wide,240,48,051cc4ae8a12,1308,0.0,ok,0.0,0.0,218.0,0.0,0.0,10000.0,0.0,10000.0,0.0,0.0,0.0,0.0,0.0,0.0,0.0,,,,,,,,,,,,0.0,,0.0,,
BEATUSD,trend_wide_stop,240,48,07f486d17dce,1308,0.0,ok,0.0,0.0,218.0,0.0,0.0,10000.0,0.0,10000.0,0.0,0.0,0.0,0.0,0.0,0.0,0.0,,,,,,,,,,,,0.0,,0.0,,
BEATUSD,counter_trend,240,48,98719646ab0d,1308,0.0,ok,0.0,0.0,218.0,0.0,0.0,10000.0,0.0,10000.0,0.0,0.0,0.0,0.0,0.0,0.0,0.0,,,,,,,,,,,,0.0,,0.0,,
BEATUSD,atr_pullback,240,48,81c45fd8782e,1308,0.0,ok,0.0,0.0,218.0,0.0,0.0,10000.0,0.0,10000.0,0.0,0.0,0.0,0.0,0.0,0.0,0.0,,,,,,,,,,,,0.0,,0.0,,
BEATUSD,atr_banded,240,48,4fa35bae6bb2,1308,0.0,ok,0.0,0.0,218.0,0.0,0.0,10000.0,0.0,10000.0,0.0,0.0,0.0,0.0,0.0,0.0,0.0,,,,,,,,,,,,0.0,,0.0,,
BEATUSD,atr_adx,240,48,2a9f6ce5e0de,1308,0.0,ok,0.0,0.0,218.0,0.0,0.0,10000.0,0.0,10000.0,0.0,0.0,0.0,0.0,0.0,0.0,0.0,,,,,,,,,,,,0.0,,0.0,,
BEATUSD,atr_adx_both,240,48,65d8e682e631,1308,0.0,ok,0.0,0.0,218.0,0.0,0.0,10000.0,0.0,10000.0,0.0,0.0,0.0,0.0,0.0,0.0,0.0,,,,,,,,,,,,0.0,,0.0,,
BEATUSD,atr_t3,240,48,953e321b2f63,1308,0.0,ok,0.0,0.0,218.0,0.0,0.0,10000.0,0.0,10000.0,0.0,0.0,0.0,0.0,0.0,0.0,0.0,,,,,,,,,,,,0.0,,0.0,,
BEATUSD,atr_t4,240,48,1dad2d9ba5a5,1308,0.0,ok,0.0,0.0,218.0,0.0,0.0,10000.0,0.0,10000.0,0.0,0.0,0.0,0.0,0.0,0.0,0.0,,,,,,,,,,,,0.0,,0.0,,
BEATUSD,atr_banded_adx,240,48,319dc61de91e,1308,0.0,ok,0.0,0.0,218.0,0.0,0.0,10000.0,0.0,10000.0,0.0,0.0,0.0,0.0,0.0,0.0,0.0,,,,,,,,,,,,0.0,,0.0,,
BTCUSD,hwpr_v2,1,1,d0d990e07b5d,847204,83889.0,ok,546.0,0.9280409440937484,588.3361111111111,47908.0,952.0,10000.0,-2210.4725309175883,7789.5274690823835,-22.104725309175883,27.311253846391896,2736.841567673,20.849463244588208,-2189.623067673001,13535.066455561155,-15745.538986478743,65.70420609495706,-46.31040878376101,98.85463870899999,-59.9022800060564,0.8596127745886756,0.3772893772893773,-0.08912841534829051,-0.19076537639985713,0.021770768668256134,0.03247570578268907,0.12160412113097958,642.6776556776557,120.14210815400895,0.3802165496690832,0.0,
BTCUSD,atr_arm,1,1,56f6ae1069b6,847204,197476.0,ok,31.0,0.05269096935330806,588.3361111111111,196651.0,61.0,10000.0,58.37224222142959,10058.372242221425,0.5837224222142958,2.462137120611078,175.313463991,2.8982937875704002,61.270536008994895,1127.562857149,-1069.1906149275706,93.96357142908333,-56.27319025934582,96.625435275,-59.87608240222,1.054594794797543,0.3870967741935484,0.044945161511252475,-0.4474930754970667,0.5387898425416957,0.17732545370763003,0.1323802921963776,87.25806451612904,115.67730215310856,0.4146180860028207,0.0,
BTCUSD,flip,1,1,5434cfafbbc2,847204,8402.0,ok,805.0,1.368265494497193,588.3361111111111,0.0,121.0,10000.0,-1036.8405602635285,8959.109316627502,-10.368405602635285,19.83811767093891,3887.127943208,58.51161705552909,-980.6413482579992,19414.205465207153,-20451.04602547068,55.31112668150186,-45.04635688429666,104.2130810876568,-60.5854620819414,0.9493013433654103,0.4360248447204969,-0.024271484165592643,-0.10350990801369901,0.05765518944109862,0.08104148374786961,0.10531296791346227,923.0385093167702,150.02768139536158,0.328805758069054,0.0,
BTCUSD,trend_pure,1,1,8bb3583aafa1,847204,28716.0,ok,197.0,0.3348426116968286,588.3361111111111,25401.0,74.0,10000.0,-1245.4092720806161,8754.590727919387,-12.45409272080616,18.67449870073228,955.462766393,-7.684494312383701,-1253.093766392998,4806.180010006221,-6051.589282086838,69.65478275371335,-47.27804126630342,97.268107652,-57.4251865,0.7942012892766661,0.350253807106599,-0.13335549246496484,-0.30532483475729966,0.039520103329876294,-0.01641503442201077,0.11694045804295405,527.5888324873097,128.30069345621285,0.3653655724437027,0.0,
BTCUSD,st_only,1,1,7af527e08725,847204,56743.0,ok,42.0,0.07138776493028834,588.3361111111111,56156.0,14.0,10000.0,-990.5567832801958,9009.443216719805,-9.905567832801959,10.805580255417444,217.772272869,-9.77998958880435,-1000.3367728690027,643.167462302475,-1633.7242455826708,64.3167462302475,-51.053882674458464,88.60954336,-56.88497563000001,0.39368177588200515,0.23809523809523808,-0.49595895458116807,-0.8061848310892642,-0.11811642200880759,-0.37626230511360026,0.1196966494675678,226.92857142857142,119.01833409803238,0.3761857617211926,0.0,
BTCUSD,adx_only,1,1,13bd4d06debd,847204,28727.0,ok,9.0,0.0152973781993475,588.3361111111111,28552.0,5.0,10000.0,-47.40549158866261,9952.594508411337,-0.4740549158866261,1.8174053907725312,44.591823389999995,1.0641681986626002,-46.34132339000098,280.80723486500005,-328.2127264536626,93.60241162166669,-54.70212107561043,94.66442125,-56.007613965,0.855564736624083,0.3333333333333333,-0.10341344529195388,-0.7840837337215686,0.9047962303552762,0.011255703629548986,0.11466914892150284,453.3333333333333,140.43281198057292,0.3573914752015409,0.0,
BTCUSD,wpr_only,1,1,101048028d83,847204,365205.0,ok,37.0,0.06288922148620639,588.3361111111111,362051.0,143.0,10000.0,-473.5813377697716,9526.418662230224,-4.735813377697716,6.41100115904512,204.76776760900003,-4.005929839228401,-477.5872676090057,937.4537260735235,-1411.0350638432953,85.22306600668395,-54.27057937858828,95.102103075,-56.454591979236,0.6643730904320276,0.2972972972972973,-0.26446640898312046,-0.7096517029448941,0.18581076433090524,-0.13667422781124655,0.12779218117187394,170.2972972972973,115.67730215310856,0.400509805497118,0.0,
BTCUSD,hwpr_no_confirm,1,1,c11a3456299c,847204,83889.0,ok,546.0,0.9280409440937484,588.3361111111111,47908.0,952.0,10000.0,-2210.4725309175883,7789.5274690823835,-22.104725309175883,27.311253846391896,2736.841567673,20.849463244588208,-2189.623067673001,13535.066455561155,-15745.538986478743,65.70420609495706,-46.31040878376101,98.85463870899999,-59.9022800060564,0.8596127745886756,0.3772893772893773,-0.08912841534829051,-0.19076537639985713,0.021770768668256134,0.03247570578268907,0.12160412113097958,642.6776556776557,120.14210815400895,0.3802165496690832,0.0,
BTCUSD,st_flip_atr,1,1,1c8d76effdaf,847204,56750.0,ok,14.0,0.023795921643429446,588.3361111111111,56482.0,9.0,10000.0,-324.39823098613124,9675.601769013865,-3.2439823098613125,4.177163139781351,72.06212289300002,-3.7913919068687,-328.1896228930018,217.470501708166,-541.8687326942973,54.3676254270415,-54.186873269429725,92.32468372000001,-56.007613965,0.4013342874146883,0.2857142857142857,-0.46996327548447575,-1.005373593379123,0.17392076256640593,-0.3570082294741815,0.11295504601029435,303.57142857142856,138.56031542113107,0.35293293960497313,0.0,
BTCUSD,flip_wide,1,1,2d98145bd9e7,847204,8402.0,ok,62.0,0.10538193870661612,588.3361111111111,8211.0,9.0,10000.0,-463.220242567453,9536.779757432549,-4.63220242567453,8.59603840668456,327.71564879100004,1.2200937764530009,-462.00014879100127,1751.7979270314277,-2215.018169598881,83.41894890625846,-54.02483340485075,98.13767068599999,-57.64682846,0.790872937782114,0.3387096774193548,-0.15069686563984094,-0.4731504519412247,0.1896842889302541,-0.02980589027978594,0.12089097536005503,255.5,124.01411172498078,0.3786746389328901,0.0,
BTCUSD,trend_wide_stop,1,1,0daed69b9ce8,847204,83936.0,ok,192.0,0.3263440682527467,588.3361111111111,77618.0,357.0,10000.0,-542.3900973778398,9457.60990262215,-5.423900973778398,8.762160729291429,1047.082792736,-11.691195358160096,-554.0812927360021,6016.63004708784,-6559.020144465679,87.19753691431652,-53.32536702817625,97.030810733184,-61.3173049674894,0.9173062308955564,0.359375,-0.05160780647266327,-0.24815364557125727,0.15891454385067605,0.07471259853115673,0.12632040500382,323.8645833333333,116.40517180354522,0.39567739452766143,0.0,
BTCUSD,counter_trend,1,1,bdfef65e469d,847204,19304.0,ok,4.0,0.006798834755265556,588.3361111111111,19249.0,1.0,10000.0,0.9319540214855948,10000.931954021486,0.009319540214855948,1.1229402148147898,20.40824276,-4.1301967814856,-3.19824275999963,111.7155184804743,-110.7835644589887,55.85775924023715,-55.39178222949435,94.56030192,-56.279509680000004,1.0084123852309392,0.5,0.011883656856056954,-1.117961226449523,1.1755426620518137,0.12429816282552453,0.11241450596946756,668.25,144.60714298161082,0.3502079311732045,0.0,
BTCUSD,atr_pullback,1,1,110100b16667,847204,9265.0,ok,0.0,0.0,588.3361111111111,9262.0,0.0,10000.0,0.0,10000.0,0.0,0.0,0.0,0.0,0.0,0.0,0.0,,,,,,,,,,,,0.0,,0.0,,
BTCUSD,atr_banded,1,1,32baa03e1582,847204,56343.0,ok,5.0,0.008498543444081946,588.3361111111111,56207.0,2.0,10000.0,22.528803220642203,10022.528803220643,0.22528803220642205,1.6795368284760315,24.366763870000007,0.3509329093578,22.87973613000031,189.287655315,-166.7588520943578,94.6438276575,-55.5862840314526,95.09432088300001,-56.119214760000006,1.135098094869918,0.4,0.10042131203054457,-1.1171757808401064,1.3189592607152811,0.21375394626741465,0.11333263423687016,260.4,140.43281198057292,0.35534527902986107,0.0,
BTCUSD,atr_adx,1,1,5dbb5b8ed03c,847204,83936.0,ok,29.0,0.04929155197567528,588.3361111111111,83479.0,51.0,10000.0,174.469737412034,10174.469737412031,1.7446973741203398,2.4514518537831496,162.23156399,2.9391985979660005,177.40893600999698,1136.430628835,-961.9608914229661,94.70255240291668,-56.58593478958625,97.37454916799999,-60.731455007966005,1.181368846662729,0.41379310344827586,0.1268730749969521,-0.400081261898305,0.654781923261769,0.25851277909494014,0.13163970409798803,88.93103448275862,115.82149055728352,0.41233960572729417,0.0,
BTCUSD,atr_adx_both,1,1,050ea75f6207,847204,83936.0,ok,29.0,0.04929155197567528,588.3361111111111,83479.0,51.0,10000.0,174.469737412034,10174.469737412031,1.7446973741203398,2.4514518537831496,162.23156399,2.9391985979660005,177.40893600999698,1136.430628835,-961.9608914229661,94.70255240291668,-56.58593478958625,97.37454916799999,-60.731455007966005,1.181368846662729,0.41379310344827586,0.1268730749969521,-0.400081261898305,0.654781923261769,0.25851277909494014,0.13163970409798803,88.93103448275862,115.82149055728352,0.41233960572729417,0.0,
BTCUSD,atr_t3,1,1,eb3710a3d5b9,847204,197476.0,ok,26.0,0.04419242590922611,588.3361111111111,196249.0,55.0,10000.0,330.49930579883517,10330.49930579883,3.3049930579883515,3.3373666249000236,152.06825087500002,2.2949433261648,332.794249124996,1296.9175393028975,-966.4182335040625,144.10194881143306,-56.848131382591916,148.16453277600002,-61.586827613712,1.3419837233415004,0.34615384615384615,0.26555667325914095,-0.5091083818771135,1.044035295593339,0.3985281612389832,0.13297148797984232,167.1153846153846,115.8018384057157,0.41514619265664127,0.0,
BTCUSD,atr_t4,1,1,85c7c16d5604,847204,197476.0,ok,25.0,0.042492717220409724,588.3361111111111,194956.0,49.0,10000.0,-64.60809569207524,9935.39190430792,-0.6460809569207524,3.444072052055224,151.35356416900004,5.648531523075199,-58.95956416900299,996.6555390191668,-1061.263634711242,166.10925650319447,-55.8559807742759,191.19357276813082,-59.020709796474,0.939121540040657,0.24,-0.03847131003050167,-0.7337732397297044,0.7704787909970795,0.09385837745802462,0.1323296874885263,391.48,115.82149055728352,0.41497020012134817,0.0,
BTCUSD,atr_banded_adx,1,1,27bc3723bc0f,847204,18049.0,ok,4.0,0.006798834755265556,588.3361111111111,18004.0,0.0,10000.0,78.64801798064221,10078.648017980642,0.786480179806422,1.1235814103390223,18.329549110000002,0.3509329093578,78.99895088999983,189.287655315,-110.6396373343578,94.6438276575,-55.3198186671789,95.09432088300001,-55.831073715,1.710848479582091,0.5,0.40566328973268173,-1.1127894322696303,1.9241160117349938,0.5173899328342684,0.11172664310158667,324.0,142.70602370937922,0.348098500368083,0.0,
BTCUSD,hwpr_v2,5,1,417a02375248,169474,5512.0,ok,445.0,0.7562221933747949,588.4513888888889,1878.0,326.0,10000.0,-882.0112195812906,9114.12469429409,-8.820112195812905,15.557900023771559,1996.3191161720001,22.569603409290735,-861.6432276720006,10272.17111965856,-11154.182339239853,57.70882651493573,-41.77596381737773,97.07599406498251,-57.26787914,0.920925515402557,0.4,-0.0375055602770566,-0.14601453753590354,0.07293925626284442,0.06740269481859955,0.10490825509565616,181.08988764044943,144.1227748962939,0.32756067577526027,0.0,
BTCUSD,atr_arm,5,1,5104b68fd7d7,169474,25212.0,ok,110.0,0.1869313286993875,588.4513888888889,23971.0,157.0,10000.0,-366.660173243314,9633.339826756692,-3.66660173243314,5.829069306789083,596.860400033,-10.86922678968605,-377.52940003300137,3436.712557181354,-3803.3727304246677,85.91781392953385,-54.33389614892383,100.6963769693312,-60.284411952562,0.9035960450811841,0.36363636363636365,-0.06344967577891185,-0.3331828156256206,0.20345435509201448,0.06298524420523559,0.1264349199841474,60.1,117.78673588139486,0.39636442226007323,0.0,
BTCUSD,flip,5,1,e315159de0f4,169474,1115.0,ok,491.0,0.8343934762854479,588.4513888888889,0.0,54.0,10000.0,-1511.246150895955,8484.240371888376,-15.112461508959548,19.361683775689382,2112.078062081,36.024588814954896,-1477.456247721031,10001.131490402942,-11512.377641298897,51.287853796938165,-38.89316770709087,94.82729056203534,-54.12224545,0.8687285808385411,0.3971486761710794,-0.06434070560659881,-0.16485071875021354,0.03957465285890308,0.0409721898386123,0.10531289544521111,185.4826883910387,150.028409635016,0.32830380898571815,0.0,
BTCUSD,trend_pure,5,1,05d1fff9562b,169474,6594.0,ok,475.0,0.8072034648382642,588.4513888888889,2473.0,334.0,10000.0,-1791.7131869792274,8204.507642600352,-17.917131869792275,21.6786001898207,2187.3321986150004,-1.137511635772448,-1795.0051779249989,10539.478078609227,-12331.191265588455,58.87976580228619,-41.65942995131235,98.48827195717381,-59.652580174600004,0.8547007220641204,0.37684210526315787,-0.08083714355699005,-0.18896547858768267,0.028390714669715832,0.025745895790335087,0.10658303934732515,174.25473684210527,138.97579738238912,0.33305426670693544,0.0,
BTCUSD,st_only,5,1,fff8729f2034,169474,29291.0,ok,542.0,0.9210616377733457,588.4513888888889,12978.0,751.0,10000.0,-2605.160352675853,7391.0573176937305,-26.051603526758534,28.315832969557892,2268.565167606,8.284685069853248,-2599.033306125998,10530.254786253481,-13135.415138929337,51.117741680842144,-39.09349743728969,94.97657748,-57.451879575,0.8016689746671988,0.3800738007380074,-0.10959309904376542,-0.20803593816297225,-0.007362417977581886,-0.0013540616228904726,0.10823903742087494,164.8671586715867,135.909988402046,0.33759682292713533,0.0,
BTCUSD,adx_only,5,1,b5acf63ba5bf,169474,6539.0,ok,81.0,0.13764943295136717,588.4513888888889,6261.0,59.0,10000.0,535.9794723066841,10535.97947230668,5.359794723066841,3.8118266795147577,447.7445840600001,-8.200056366684048,527.77941594,3117.8364124775608,-2581.856940170876,89.08104035650173,-56.12732478632339,101.23170257271036,-60.938624847309754,1.2075945665181633,0.43209876543209874,0.13549970262324407,-0.15028769472326708,0.4439564070008435,0.25919381812219255,0.12369411549894854,62.148148148148145,124.344993626965,0.38715751304534113,0.0,
BTCUSD,wpr_only,5,1,461613bee59c,169474,73998.0,ok,142.0,0.24131135159375477,588.4513888888889,69455.0,582.0,10000.0,-880.257173898201,9119.7428261018,-8.80257173898201,9.886559374529668,766.9218400889999,-4.477166190799048,-884.7343400889895,4150.344451108373,-5030.601625006573,84.70090716547699,-54.092490591468525,95.72121815490794,-59.2765134796022,0.8250195027325284,0.34507042253521125,-0.1246529599684954,-0.3526162975586601,0.11006394151112041,0.002241206118114317,0.1268941660866098,60.96478873239437,116.89681090004856,0.3977179302001113,0.0,
BTCUSD,hwpr_no_confirm,5,1,7c2732655b5c,169474,16637.0,ok,549.0,0.9329572677814886,588.4513888888889,4578.0,834.0,10000.0,-2044.5869776898705,7951.278346807919,-20.445869776898707,25.624644568210424,2315.5115290010003,24.65694868887091,-2022.2888793360125,10975.250784848984,-13019.837762538853,49.43806659841885,-39.81601762244298,96.53952539655,-57.45811521,0.8429637131445195,0.40437158469945356,-0.08089834454222468,-0.17629059452760307,0.01762304817451217,0.025024571713237968,0.10592291625546266,177.39162112932604,138.69460793370106,0.3301134679025615,0.0,
BTCUSD,st_flip_atr,5,1,97b43ab55233,169474,8821.0,ok,77.0,0.13085193008957124,588.4513888888889,8575.0,37.0,10000.0,-147.39336930141383,9852.606630698592,-1.4739336930141382,3.9876667802804313,413.2792193149999,-15.909850013586299,-163.30321931499748,2489.93354211627,-2637.3269114176837,92.2197608191211,-52.74653822835367,97.5999381848936,-59.7650571880085,0.9441125904174757,0.35064935064935066,-0.03438066776366974,-0.3553038106020993,0.2932302449952883,0.08895965948776778,0.12334032725143752,45.02597402597402,124.19124904046495,0.3862160370589195,0.0,
BTCUSD,flip_wide,5,1,be791f3cc7c2,169474,1115.0,ok,156.0,0.26510261161004045,588.4513888888889,836.0,20.0,10000.0,-1456.3368770032303,8543.663122996762,-14.563368770032303,15.613115606196878,726.946236626,1.9496403772300956,-1454.3872366260075,3421.501888365615,-4877.838765368846,67.0882723208944,-46.4556072892271,92.20890734400001,-56.561613799999996,0.7014380861985897,0.3269230769230769,-0.20015357691649185,-0.39054113516694966,0.0006759655424597528,-0.08633211698299413,0.1138214599334977,128.74358974358975,133.80739902034918,0.3558200364714089,0.0,
BTCUSD,trend_wide_stop,5,1,faec9158d314,169474,13531.0,ok,432.0,0.7341303090739583,588.4513888888889,7393.0,520.0,10000.0,-1734.549880096847,8265.45011990314,-17.34549880096847,23.600036058255803,2161.6576645370005,6.687715559846797,-1727.862164536995,10554.43572036871,-12288.985600465556,64.35631536810189,-45.85442388233416,100.93472790000001,-60.36607715,0.8588532905408293,0.37962962962962965,-0.08480164805387119,-0.19844887192074034,0.03490541187913806,0.032590923832930205,0.1173925718868014,143.52777777777777,125.89272341810266,0.3673786648774367,0.0,
BTCUSD,counter_trend,5,1,1462fce8f022,169474,2844.0,ok,24.0,0.040785017170775456,588.4513888888889,2804.0,7.0,10000.0,-280.77191287054774,9719.22808712945,-2.8077191287054775,4.8613559460403275,127.85485732900001,1.8520555415478,-278.91985732899957,654.9594519150244,-935.731364785572,93.56563598786063,-55.043021457974824,95.178247056,-57.50257866730875,0.6999438904830468,0.2916666666666667,-0.2352670233716747,-0.7449182378114775,0.3978882830022556,-0.11360676397120027,0.12166025940047442,28.708333333333332,124.60912411316784,0.38205139666743854,0.0,
BTCUSD,atr_pullback,5,1,f657e49360af,169474,863.0,ok,6.0,0.010196254292693864,588.4513888888889,856.0,0.0,10000.0,-30.995861510549595,9969.004138489452,-0.30995861510549594,1.0941183322926313,31.614914106999997,-1.6655525964504,-32.66141410699856,191.9096337144504,-222.90549522499998,95.9548168572252,-55.726373806249995,96.8993019084504,-57.2876032,0.8609461759600746,0.3333333333333333,-0.10055875521010764,-1.1303320999126474,0.9341202994563487,0.01893393264208217,0.11949268785218985,32.666666666666664,131.27433897498565,0.37490017213114063,0.0,
BTCUSD,atr_banded,5,1,ddd76a9fda2b,169474,6778.0,ok,24.0,0.040785017170775456,588.4513888888889,6669.0,7.0,10000.0,24.246143016454482,10024.246143016457,0.2424614301645448,2.1653618303030577,128.132382926,-11.3550259424545,12.891117074001158,860.6085385395945,-836.3623955231401,95.62317094884384,-55.757493034876006,100.6963769693312,-57.8703541,1.0289899966165845,0.375,0.02714820686508553,-0.500289473627231,0.6603060400077108,0.15051398735431964,0.12336578048923415,56.875,124.98010697722648,0.3874061976781116,0.0,
BTCUSD,atr_adx,5,1,46cfb055642f,169474,9955.0,ok,92.0,0.15634256582130593,588.4513888888889,9401.0,90.0,10000.0,-62.936464383891035,9937.063535616107,-0.6293646438389103,5.984578037092464,504.40412991700003,-15.559665533108898,-78.49612991700087,3101.592835826514,-3164.529300210405,91.22331870077983,-54.56085000362767,102.269757859477,-58.4476623602928,0.980111903410183,0.3695652173913043,-0.009499450839223867,-0.3147734542132057,0.2823413030862182,0.11658058511549449,0.1260800359547183,57.90217391304348,117.84738950446825,0.3948919224081509,0.0,
BTCUSD,atr_adx_both,5,1,5af18381228a,169474,5652.0,ok,75.0,0.1274531786586733,588.4513888888889,5362.0,51.0,10000.0,688.5168754725515,10688.516875472547,6.885168754725515,3.5208218822876116,432.1770355509999,-19.79091102355155,668.7259644490023,3179.974662235201,-2491.457786762649,96.36286855258184,-59.32042349434879,108.56328142006019,-63.0863657222208,1.2763510098909592,0.44,0.18645509602390303,-0.15962586618694233,0.5237093354040325,0.31399589250221893,0.12754079647831587,53.56,117.70415213528986,0.39975485323752324,0.0,
BTCUSD,atr_t3,5,1,05f6295cd83b,169474,25212.0,ok,100.0,0.16993757154489775,588.4513888888889,23630.0,158.0,10000.0,-191.25175128676986,9808.748248713235,-1.9125175128676988,7.644043690340496,588.7735549700001,-13.9653036832302,-205.21705496999675,3596.6853939177736,-3787.9371452045434,112.39641855993042,-55.70495801771387,152.7237305998395,-62.8680296076718,0.9495103155212353,0.32,-0.03159622115640257,-0.34750965692371266,0.3021617676215556,0.09553082898403703,0.12712705014043965,89.74,116.96987430839656,0.39819265206224286,0.0,
BTCUSD,atr_t4,5,1,3e4a2f166d4d,169474,25212.0,ok,91.0,0.15464319010585695,588.4513888888889,23611.0,131.0,10000.0,-264.3816331565072,9735.618366843486,-2.643816331565072,7.628883159016461,534.1931674090001,-11.777034252492804,-276.1586674090104,3260.239044504923,-3524.62067766143,125.39380940403551,-54.22493350248354,201.98999491689298,-62.0068237226352,0.92499004649433,0.2857142857142857,-0.04952184931281512,-0.4113370864463593,0.3525639382685577,0.07825735416375414,0.12777920347656926,102.3076923076923,116.46167362178782,0.39971606006654964,0.0,
BTCUSD,atr_banded_adx,5,1,57994c89d5b6,169474,1942.0,ok,19.0,0.03228813859353057,588.4513888888889,1896.0,1.0,10000.0,6.47629403408245,10006.476294034086,0.0647629403408245,2.172272242902124,99.63627393699998,-11.83806797108245,-5.361773936998361,670.5131284572225,-664.0368344231401,95.78758977960321,-55.33640286859501,99.1229960791854,-57.723552125000005,1.009752913842059,0.3684210526315789,0.012073679270503051,-0.6357688318010899,0.6789072983552925,0.13302261660308404,0.12094893733258107,66.52631578947368,127.6909224850618,0.3797569209242412,0.0,
BTCUSD,hwpr_v2,15,3,2d82254b0605,56491,1949.0,ok,343.0,0.5828893098015614,588.4479166666666,318.0,202.0,10000.0,-980.2705103970786,9016.132407485,-9.802705103970787,13.130518936066792,1410.240232111,26.283278286078552,-956.0352680060078,6875.561799050939,-7855.832309448018,48.08085174161496,-39.27916154724009,98.645062318374,-58.05913728365625,0.8752174853302136,0.41690962099125367,-0.059247401848144594,-0.16772278632046,0.05331507985980964,0.03204751825087474,0.09129492009901935,68.38775510204081,178.21680768858718,0.2845958735313124,0.0,
BTCUSD,atr_arm,15,3,6f52cca22769,56491,8215.0,ok,242.0,0.41125134977253014,588.4479166666666,6425.0,345.0,10000.0,-1481.8138242880086,8518.186175711991,-14.818138242880085,18.55263329924587,1260.5196049699998,-23.9892806819913,-1505.8031049700094,6219.324118643081,-7701.137942931091,74.03957284098907,-48.74137938563982,97.5927912093027,-57.83429452,0.8075850821957847,0.34710743801652894,-0.12923538926151026,-0.29028697060141284,0.03283015978727987,-0.004784860006883091,0.12445052925462718,36.6198347107438,121.0503895022593,0.3892625715193988,0.0,
BTCUSD,flip,15,3,aeb036eae4b4,56491,315.0,ok,244.0,0.41465012125825357,588.4479166666666,0.0,22.0,10000.0,-2126.874046718266,7872.613197859636,-21.268740467182663,22.57399784421774,1058.856397165,7.019149553265891,-2121.916698809994,4045.10713797543,-6171.9811846936955,45.96712656790261,-39.56398195316471,92.709134165991,-54.222660525,0.655398488253198,0.36065573770491804,-0.196545458753781,-0.33634728421683713,-0.06019066621936773,-0.09123269691643363,0.1053127618373474,60.459016393442624,150.03015392939596,0.32834689634953534,0.0,
BTCUSD,trend_pure,15,3,eb00d21eb365,56491,2139.0,ok,368.0,0.6253739533731038,588.4479166666666,422.0,186.0,10000.0,934.5259882404969,10934.525988240479,9.345259882404969,6.553445530563183,1727.985067591,57.34894416850306,991.8749324089786,9636.967899773892,-8702.441911533395,55.38487298720628,-44.85794799759482,113.22705141106749,-68.43788536544301,1.1073866390308178,0.47282608695652173,0.05128655662237574,-0.059156438477151116,0.15450082874705232,0.14463943497396317,0.09335287835158745,69.45652173913044,174.26994849529575,0.29110122824954404,0.0,
BTCUSD,st_only,15,3,0f4e7a10593d,56491,8424.0,ok,511.0,0.8683861146023261,588.4479166666666,2480.0,649.0,10000.0,-1152.255093159168,8847.74490684081,-11.52255093159168,16.049967897829255,2182.245434804,11.47915835516806,-1140.7759348040036,10725.88002007977,-11878.135113238939,51.075619143237,-39.46224290112605,96.78803315200001,-59.909064254644505,0.9029936027689307,0.410958904109589,-0.04627621793492435,-0.14592108346900023,0.049687467958208324,0.054157867665309854,0.10043408560023422,64.75146771037183,146.36931954796825,0.3132131899194232,0.0,
BTCUSD,adx_only,15,3,678e9c750bae,56491,2276.0,ok,164.0,0.278699261829318,588.4479166666666,1739.0,112.0,10000.0,158.7131627167024,10158.713162716727,1.5871316271670242,7.756349689660315,872.153314013,-21.397476729702497,137.3156859870105,5566.908045757913,-5408.19488304121,86.98293821496739,-54.0819488304121,100.7209702015272,-60.8389311936042,1.0293467905926226,0.3902439024390244,0.024620638812535442,-0.18935399487605184,0.24189400115450088,0.14650967225004632,0.12188903343751087,33.823170731707314,124.2382495306875,0.3817309326228881,0.0,
BTCUSD,wpr_only,15,3,db7a0979c7d6,56491,25194.0,ok,292.0,0.4962206369156149,588.4479166666666,19463.0,1188.0,10000.0,-1284.775459912243,8715.224540087756,-12.84775459912243,15.788234171619148,1501.2741170630002,-28.5771571507575,-1313.352617063003,7940.7085894640795,-9225.484049376322,74.2122298080755,-49.86748134798012,97.4452372414762,-58.125889465840906,0.860736254809405,0.3664383561643836,-0.09007073072344647,-0.24330139352926144,0.06762077710473915,0.034128315820663765,0.12419904654411024,33.99315068493151,118.74519271198503,0.3889963773078499,0.0,
BTCUSD,hwpr_no_confirm,15,3,eaf32eb8c8d0,56491,6176.0,ok,435.0,0.7392327981448373,588.4479166666666,949.0,588.0,10000.0,-78.87640724974602,9917.175575791618,-0.7887640724974603,9.856128085805084,1872.384780974,2.9626262757458477,-78.16162524898027,9803.090953053368,-9881.967360303115,52.14410081411366,-40.0079650214701,102.8230603385304,-61.267865342987406,0.9920181473613643,0.432183908045977,-0.0002427978939477841,-0.09896394091381804,0.10257446349951042,0.09242520965045209,0.09266800754439988,69.05287356321838,168.4463054404698,0.2889153730396889,0.0,
BTCUSD,st_flip_atr,15,3,b4dec0fbdf37,56491,2557.0,ok,152.0,0.25830663291497763,588.4479166666666,2159.0,69.0,10000.0,-1327.2862129350074,8672.71378706501,-13.272862129350074,19.225760789822996,815.4957462780001,-5.120033342992799,-1332.4062462779857,3949.2168935130917,-5276.503106448098,80.59626313292024,-51.2281854994961,100.08752129864101,-59.262449667327004,0.748453438544742,0.3223684210526316,-0.1844847134704069,-0.3998524438555777,0.02445505849547394,-0.06234548243168497,0.12213923103872204,34.13815789473684,123.8518548091649,0.38277758889463825,0.0,
BTCUSD,flip_wide,15,3,581f1adf9d94,56491,315.0,ok,163.0,0.27699987608645626,588.4479166666666,105.0,16.0,10000.0,-839.5103740748959,9160.489625925075,-8.39510374074896,9.967140115474503,714.0534088060001,-7.742534731104103,-847.2529088060146,3341.603511733602,-4181.113885808498,49.874679279606,-43.55326964383852,92.77741657662419,-56.128431600000006,0.7992137030937246,0.4110429447852761,-0.10642181424607303,-0.2803254671565334,0.06446464344906057,-0.007227384507100548,0.09919442973897247,60.07361963190184,164.60461786013997,0.30931916943488325,0.0,
BTCUSD,trend_wide_stop,15,3,aa80ac6cb6a1,56491,5045.0,ok,439.0,0.7460303411162841,588.4479166666666,1056.0,534.0,10000.0,-900.5654195865682,9099.43458041344,-9.00565419586568,16.358707840291846,1947.5990312430004,48.50338834356814,-852.062031242991,9818.617388049788,-10719.182807636356,52.7882655271494,-42.36831149263382,97.851416085,-58.9356410857724,0.9159856272863446,0.42369020501138954,-0.04149594045506118,-0.15270193399859958,0.06722370635562808,0.06068664907640268,0.10218258953146388,64.10250569476082,150.0245941957698,0.31877985005738424,0.0,
BTCUSD,counter_trend,15,3,3125adf4a7a6,56491,897.0,ok,60.0,0.10196314457170169,588.4479166666666,786.0,13.0,10000.0,-37.890848824630886,9962.109151175373,-0.37890848824630885,5.250101027061294,319.285059027,-8.724710202369153,-46.61555902699729,1934.4144218538768,-1972.305270678508,80.6006009105782,-54.78625751884744,100.2770199111252,-59.3561005702566,0.980788547600648,0.4,-0.006960534631228924,-0.341776481945751,0.3414332149328117,0.10956777669995346,0.11652831133118238,36.61666666666667,131.21306625364826,0.3653608686752278,0.0,
BTCUSD,atr_pullback,15,3,a6e9ca369d7d,56491,247.0,ok,19.0,0.032288329114372204,588.4479166666666,220.0,0.0,10000.0,-307.5479703540108,9692.452029645994,-3.075479703540108,5.615467678495677,107.64073567800001,11.719734676010752,-295.8282356779964,443.285985211428,-750.8339555654388,88.6571970422856,-53.63099682610277,97.828403726,-57.7374494,0.5903914999123844,0.2631578947368421,-0.32788611741292045,-0.9025535309022044,0.26100968829759863,-0.20386637646348854,0.1240197409494319,29.0,133.67889148419397,0.3875405984589179,0.0,
BTCUSD,atr_banded,15,3,211009088ad3,56491,2155.0,ok,80.0,0.1359508594289356,588.4479166666666,1891.0,13.0,10000.0,-299.6076054105416,9700.392394589468,-2.996076054105416,7.006377684538774,431.114171609,-19.808066198458352,-319.41567160899285,2443.0855102952455,-2742.6931157057875,84.24432794121536,-53.77829638638799,99.0207547095525,-59.591827980000005,0.8907615278957511,0.3625,-0.06973782433158134,-0.37431594790235895,0.2283345037560596,0.05024316436102623,0.11998098869260758,35.7125,129.65686341824158,0.37596091891039357,0.0,
BTCUSD,atr_adx,15,3,202bf6ba8020,56491,3729.0,ok,175.0,0.2973925050007966,588.4479166666666,2796.0,189.0,10000.0,-1850.230252001978,8149.769747998026,-18.502302520019782,19.67573587144571,867.8544068159999,-15.466654814021553,-1865.6969068160033,3848.4982379130424,-5698.728489915021,69.97269523478259,-47.48940408262517,95.89755907559154,-57.453331618764004,0.6753257756925407,0.3142857142857143,-0.23207272890396188,-0.4210423709644721,-0.04008842887398265,-0.11035251086944645,0.12172021803451541,37.245714285714286,123.27683324303638,0.38102656060066337,0.0,
BTCUSD,atr_adx_both,15,3,f332970c01aa,56491,2077.0,ok,141.0,0.23961338974349897,588.4479166666666,1570.0,101.0,10000.0,-1160.332636910511,8839.667363089491,-11.603326369105108,15.13032199799946,710.5328802930001,-15.038243382489101,-1175.3708802930123,3434.1155769718407,-4594.448213882351,73.06628887174129,-48.87710865832289,94.95874958400002,-57.453331618764004,0.7474489682124377,0.3333333333333333,-0.1734988969917164,-0.3821474354108625,0.034175073554304984,-0.051910103904190166,0.12158879308752626,37.198581560283685,124.79964627203891,0.38057162971303443,0.0,
BTCUSD,atr_t3,15,3,1ff2ae982960,56491,8215.0,ok,226.0,0.38406117788674304,588.4479166666666,6329.0,315.0,10000.0,-511.43192917956867,9488.568070820442,-5.114319291795686,16.105137072696728,1292.623071679,-18.005642499431357,-529.4375716790018,7069.404240393749,-7580.83616957332,91.8104446804383,-50.87809509780752,154.7221298491763,-60.91625424471451,0.9325362113440375,0.3407079646017699,-0.039691433460406995,-0.2344405620794741,0.16209195055312947,0.08537637601383889,0.12506780947424587,43.424778761061944,120.82051123525545,0.39148582670944393,0.0,
BTCUSD,atr_t4,15,3,6ba6750cd284,56491,8215.0,ok,204.0,0.3466746915437858,588.4479166666666,6339.0,283.0,10000.0,-1331.2535350880237,8668.746464911976,-13.312535350880236,21.21837472746101,1164.4605256979999,-3.9149906099764507,-1335.1685256979981,5397.343898095531,-6728.597433183553,83.03605997070048,-48.40717577829894,203.24241748386183,-60.520269600000006,0.8021499207958773,0.31862745098039214,-0.13640393835372072,-0.3361021290171104,0.06642812163306751,-0.010039762898901048,0.1263641754548197,49.22549019607843,120.55559034649961,0.39539387930255837,0.0,
BTCUSD,atr_banded_adx,15,3,aec9aca1a8a6,56491,694.0,ok,57.0,0.0968649873431166,588.4479166666666,565.0,4.0,10000.0,-16.749484687365253,9983.250515312646,-0.16749484687365254,3.831670971191613,302.51334328300004,-2.35685859563485,-19.106343282992384,1945.252823907264,-1962.002308594629,92.63108685272685,-54.50006412762858,98.96838352347,-58.9566467143535,0.9914630657599162,0.3684210526315789,0.00026836721742132984,-0.3833458368737548,0.3922837970461697,0.12049896778731935,0.120230600569898,30.82456140350877,128.6095439259609,0.3763418477338867,0.0,
BTCUSD,hwpr_v2,30,6,a7adb2330d05,28245,1016.0,ok,252.0,0.42825278810408923,588.4375,94.0,148.0,10000.0,-280.4162822872936,9719.58371771272,-2.8041628228729363,6.622699748936372,957.093300921,4.9029813662938,-275.51330092099124,4552.55576545519,-4832.972047742485,38.91073303807855,-35.79979294624063,101.718224978688,-59.1007205804283,0.9419785011133512,0.4642857142857143,-0.022280478535051638,-0.13899886703947092,0.09773818788403307,0.05773363277739744,0.08001411131244907,38.72222222222222,214.68886571947542,0.24877807246892958,0.0,
BTCUSD,atr_arm,30,6,c1286ae7a972,28245,3990.0,ok,306.0,0.5200212426978226,588.4375,2328.0,443.0,10000.0,-1519.9564743606918,8480.043525639332,-15.199564743606919,21.917368882129633,1496.2615738660002,-10.46509950530825,-1530.4215738659786,7416.6298529713895,-8936.586327332081,66.21990940153026,-46.064877975938565,98.19423295856889,-58.1488022214144,0.8299175525544934,0.3660130718954248,-0.10514436849406468,-0.25425702615474416,0.0412910918963238,0.014606592924207434,0.11975096141827211,22.99673202614379,127.08343359130343,0.37425977895239315,0.0,
BTCUSD,flip,30,6,94fd69df3d90,28245,169.0,ok,151.0,0.25661178969729154,588.4375,0.0,12.0,10000.0,-1173.5770397289784,8826.422960271024,-11.735770397289784,16.40916841299698,721.4365373219999,13.500002406978306,-1160.0770373219966,3012.6905116110906,-4186.267551340069,50.21150852685151,-46.002940124616146,97.91348491608751,-56.86824927,0.7196602879925093,0.3973509933774834,-0.1643708954331164,-0.3403571623087596,0.025205972487177594,-0.05905718002007073,0.10531371541304571,29.721854304635762,150.02775153268962,0.32865936579408794,0.0,
BTCUSD,trend_pure,30,6,7a63259af4b4,28245,1049.0,ok,274.0,0.46563993627190653,588.4375,154.0,119.0,10000.0,341.07216128850064,10341.072161288499,3.4107216128850064,5.711490239791528,1075.1930105420001,14.56732816949931,355.6394894579935,5629.895831450998,-5288.823670162498,40.21354165322142,-39.46883335942163,102.9027607441119,-64.45931792546881,1.0644892290912813,0.5109489051094891,0.027125095755980683,-0.08604687158784113,0.14071119623412742,0.10993336110946614,0.08280826535348546,37.558394160583944,202.39666375325726,0.25774034913142646,0.0,
BTCUSD,st_only,30,6,20804d399e9e,28245,3850.0,ok,450.0,0.7647371216144451,588.4375,883.0,550.0,10000.0,-1738.684774733189,8261.315225266822,-17.386847747331892,21.91406910466069,1732.229078892,-30.956804158811654,-1769.6415788919985,7765.23745264918,-9503.922227382369,42.66613984972077,-35.46239637082974,95.60173808399999,-57.294540960000006,0.8170560813593623,0.40444444444444444,-0.08387278277021856,-0.1755966077848117,0.01761404385564957,0.01128947101439484,0.0951622537846134,34.35111111111111,160.4052933143616,0.2961518969440818,0.0,
BTCUSD,adx_only,30,6,8814fa86b289,28245,1199.0,ok,190.0,0.3228890069038768,588.4375,663.0,122.0,10000.0,-417.1910939822882,9582.808906017697,-4.171910939822881,9.476324335186249,951.139586356,5.811507626288249,-411.3795863560208,5172.321714415508,-5589.512808397796,67.17300927812347,-49.46471511856457,98.7733344529872,-61.6778409214635,0.9253618144759429,0.4052631578947368,-0.041630403773223135,-0.22456736912570904,0.1478224501964181,0.07268531699139306,0.11431572076461623,24.86315789473684,129.8902734068128,0.3571901880396362,0.0,
BTCUSD,wpr_only,30,6,7abf2369a8c0,28245,12346.0,ok,387.0,0.6576739245884228,588.4375,6195.0,1655.0,10000.0,-880.5961002643461,9119.403899735647,-8.805961002643462,18.819533950282242,1886.162955645,-55.961355380654,-936.5574556450065,9866.581172558897,-10747.177272823243,65.34159716926422,-45.53888674925103,95.85588924,-56.75849928,0.918062568625239,0.39018087855297157,-0.044183967291335655,-0.17057013647672828,0.08698192843750714,0.07564031430393625,0.11982428159527188,24.9328165374677,125.19701586634443,0.37460132169694726,0.0,
BTCUSD,hwpr_no_confirm,30,6,492823a2fdc7,28245,3083.0,ok,345.0,0.5862984599044079,588.4375,247.0,469.0,10000.0,-921.7518895164305,9078.248110483566,-9.217518895164305,13.883283677152825,1212.555929027,-1.4605395105697023,-923.2124290269985,5758.085497392925,-6679.837386909356,39.43894176296524,-33.56702204477063,94.87022390399999,-55.2920168413664,0.8620098310592395,0.42318840579710143,-0.054541112591035106,-0.1558622553507994,0.0503844614403368,0.02816320677655856,0.08270431936759363,37.76231884057971,202.43046832109727,0.2568527571136373,0.0,
BTCUSD,st_flip_atr,30,6,cc14ebbc36cc,28245,1198.0,ok,201.0,0.34158258098778543,588.4375,767.0,99.0,10000.0,-1099.3521034833068,8900.6478965167,-10.993521034833067,15.789059258851946,1037.673130659,0.4209728243068982,-1098.9311306589898,5048.090644147038,-6147.442747630345,68.21744113712214,-48.40506100496335,99.57545061648,-60.40995256724641,0.8211692001674884,0.3681592039800995,-0.11387636206221553,-0.29000642605809385,0.06233835764073149,0.0020953187024923825,0.11597168076470794,24.243781094527364,128.31408622040027,0.3630717506436441,0.0,
BTCUSD,flip_wide,30,6,9fa46d676fb3,28245,169.0,ok,137.0,0.23281996813595326,588.4375,16.0,10.0,10000.0,-898.4879041071257,9101.512095892878,-8.984879041071258,12.50497325595,540.8882404340001,15.052163673125852,-883.4357404339917,2257.2126495087077,-3155.700553615834,35.828772214423935,-42.64460207588965,98.4408300277028,-57.536014,0.7152810005760434,0.45985401459854014,-0.13555905590722683,-0.28800937196760173,0.03377274070810173,-0.05040346948196357,0.08515558642526326,34.160583941605836,190.67514807251447,0.26546255797127083,0.0,
BTCUSD,trend_wide_stop,30,6,d05acddffa50,28245,2631.0,ok,365.0,0.6202867764206054,588.4375,167.0,397.0,10000.0,-459.2008225675413,9540.799177432453,-4.592008225675413,9.2962507111008,1475.657326423,23.8529961445413,-435.3478264229925,7428.579679856278,-7887.78050242382,47.61910051189922,-37.740576566621144,96.05686656297601,-58.3041198828027,0.9417832655933522,0.4273972602739726,-0.02349157485674587,-0.12775133943978553,0.08578615161609078,0.06562987036693793,0.08912144522368379,36.64109589041096,177.8907242693774,0.2775583945467561,0.0,
BTCUSD,counter_trend,30,6,78f4d84ac5aa,28245,465.0,ok,92.0,0.15634625597450877,588.4375,303.0,15.0,10000.0,-281.3602838385739,9718.639716161415,-2.8136028383857385,6.6624919569308165,483.52842960900006,14.272354229573855,-267.0879296089952,2525.8945700557574,-2807.2548538943315,66.4709097383094,-51.986200998043174,100.3257210890528,-61.6463503333275,0.8997738721697247,0.41304347826086957,-0.05813773136894793,-0.3195746022923287,0.20697986102677532,0.05705449132201244,0.11519222269096036,25.641304347826086,137.30808356420295,0.36026081073959126,0.0,
BTCUSD,atr_pullback,30,6,3494116be2ba,28245,110.0,ok,25.0,0.04248539564524695,588.4375,82.0,2.0,10000.0,479.22759240965416,10479.227592409656,4.792275924096542,1.8079275890292874,129.047963633,1.6699439573459023,480.8975363670015,1043.3393437789962,-564.1117513693422,80.25687259838432,-47.00931261411185,102.605851113804,-59.89792025,1.8495259870874206,0.52,0.38725531287440873,-0.1346616271537817,0.9059280528704353,0.5035511569695427,0.11629584409513391,27.32,131.4208041207612,0.3636900848077696,0.0,
BTCUSD,atr_banded,30,6,ebf2b8df2b76,28245,1111.0,ok,109.0,0.1852363250132767,588.4375,759.0,28.0,10000.0,252.36198849112418,10252.361988491126,2.5236198849112417,6.372821600822505,589.0547948860001,0.6007166228758551,252.96270511400144,3590.4439767227527,-3338.081988231628,83.49869713308728,-50.57699982169134,105.72286953471301,-64.13873868948521,1.0756008957781216,0.3944954128440367,0.05130689168160325,-0.19553659091098963,0.3009509242891414,0.16837395232071048,0.11706706063910725,24.495412844036696,128.1889693725487,0.3664723460389946,0.0,
BTCUSD,atr_adx,30,6,dc0355172875,28245,1944.0,ok,208.0,0.3534784917684546,588.4375,1034.0,201.0,10000.0,-2226.0962793787467,7773.903720621249,-22.260962793787467,24.557222505063315,953.911590207,-4.117310828253502,-2230.2135902069977,4036.6763026479166,-6262.772582026662,61.16176216133207,-44.1040322677934,96.7926405603152,-56.790353814400504,0.6445509955499021,0.3173076923076923,-0.242268549395172,-0.3967433250155631,-0.07407840816023586,-0.12511953805646853,0.11714901133870347,23.509615384615383,128.86880275887452,0.3660549635978679,0.0,
BTCUSD,atr_adx_both,30,6,b933a9bd20a9,28245,1145.0,ok,166.0,0.28210302708443974,588.4375,626.0,109.0,10000.0,-1808.75595971413,8191.244040285861,-18.0875595971413,19.557669349416003,788.538958204,13.489001510129903,-1795.2669582040053,3405.299509094131,-5214.055468808261,63.06110202026168,-46.554066685788044,96.7926405603152,-56.790353814400504,0.6530999774485436,0.3253012048192771,-0.23836264268206084,-0.4185819445822921,-0.05678274968393117,-0.12301047640363112,0.11535216627842972,24.77710843373494,131.96392961426707,0.36088785829632986,0.0,
BTCUSD,atr_t3,30,6,bc1c0bc5dcc3,28245,3990.0,ok,277.0,0.4707381837493362,588.4375,2341.0,399.0,10000.0,-352.3070019100113,9647.69299808998,-3.5230700191001127,16.138460074661545,1457.5157096480002,-20.321707737988802,-372.6287096480082,8055.9554598907725,-8408.262461800783,83.0510872153688,-46.71256923222657,147.917505695232,-58.639137642043195,0.9580999042893152,0.35018050541516244,-0.02087532951049709,-0.1868690069122656,0.15408288423682995,0.09937591991666365,0.1202512494271608,26.85198555956679,126.70065212353934,0.3761159646184874,0.0,
BTCUSD,atr_t4,30,6,ca3098ea3584,28245,3990.0,ok,267.0,0.4537440254912374,588.4375,2333.0,378.0,10000.0,272.93686128727154,10272.936861287246,2.7293686128727157,16.018616113967408,1470.5562662820003,-15.627627569271048,257.309233717986,8414.454152059092,-8141.51729077182,89.51546970275629,-47.06079358827641,198.03708917404143,-61.8968675110456,1.0335240780728474,0.352059925093633,0.02549680799190693,-0.15541051089769162,0.22549800513527038,0.14607228119238705,0.1205754732004801,28.89887640449438,125.90821586039868,0.3767351144582941,0.0,
BTCUSD,atr_banded_adx,30,6,0e2bbea33141,28245,396.0,ok,61.0,0.10366436537440255,588.4375,235.0,8.0,10000.0,-47.17676491904788,9952.823235080947,-0.4717676491904788,4.819069128083672,305.468479181,-3.5982142619521973,-50.77497918099834,1811.0223036314992,-1858.199068550547,86.23915731578568,-46.45497671376368,100.758937322878,-60.438426842014906,0.9746115657264605,0.3442622950819672,-0.00813955582873044,-0.3369991307265965,0.321102844796189,0.10333790723163212,0.11147746306036259,25.327868852459016,135.90866437284956,0.3487872466590655,0.0,
BTCUSD,hwpr_v2,60,12,2c9d8833017f,14122,449.0,ok,152.0,0.25832035122503894,588.4166666666666,19.0,89.0,10000.0,633.463513265005,10633.463513264978,6.3346351326500505,4.276749383658899,529.039646229,-7.9531594940049475,625.5103537709929,3188.372014985694,-2554.9085017206894,39.362617468959186,-35.984626784798444,108.12429466844691,-63.5035814731006,1.247939804043228,0.5328947368421053,0.08374161725908624,-0.06570891172720779,0.23482277778840968,0.15429796832629344,0.07055635106720723,20.230263157894736,256.2804522238969,0.2185707922108146,0.0,
BTCUSD,atr_arm,60,12,5487f1778e24,14122,2003.0,ok,329.0,0.5591276023226173,588.4166666666666,575.0,491.0,10000.0,-2065.9501868226134,7934.049813177389,-20.659501868226133,24.02646854946468,1509.9652186839999,4.22346813861329,-2061.72671868398,6520.337366722335,-8586.28755354495,53.445388251822415,-41.47965001712536,99.2276234613202,-57.4949541852384,0.7593895878819406,0.3708206686930091,-0.13956230399133113,-0.26280488649831785,-0.011260407423713344,-0.02954168339398228,0.11002062059734881,14.975683890577507,138.33982978527112,0.34353003725458214,0.0,
BTCUSD,flip,60,12,3e6d68488baa,14122,90.0,ok,82.0,0.13935703158192891,588.4166666666666,0.0,5.0,10000.0,-310.53308133218076,9689.466918667822,-3.1053308133218076,4.73058302161938,397.65131540500005,16.509765927180602,-294.0233154050038,1654.443946501891,-1964.9770278340716,47.269827042911174,-41.80802186881003,96.40308773699999,-57.9536585408304,0.841966050018167,0.4268292682926829,-0.07422339855977149,-0.2974495593207869,0.15686820041863042,0.031090742398336087,0.10531414095810751,17.01219512195122,150.02373870625098,0.3294594407424271,0.0,
BTCUSD,trend_pure,60,12,dfece69b487b,14122,489.0,ok,187.0,0.317802011046594,588.4166666666666,32.0,103.0,10000.0,146.05835953255166,10146.058359532515,1.4605835953255166,4.790942045196578,650.495775752,-17.227635284551752,128.8307242479841,3608.411674491728,-3462.3533149591763,40.543951398783456,-35.33013586693037,102.78586511050479,-62.041462886042645,1.0421847068297458,0.47593582887700536,0.016162232879531252,-0.11788694032163378,0.14815701839476553,0.08878724250379873,0.07262500962426749,20.02673796791444,238.1030396365106,0.2251516552185319,0.0,
BTCUSD,st_only,60,12,96300d1f8933,14122,1672.0,ok,364.0,0.6186092621441722,588.4166666666666,181.0,435.0,10000.0,-1771.653050763241,8228.346949236748,-17.71653050763241,19.035242838642493,1319.2351731590002,57.99337760424085,-1713.6596731590143,5876.152397757808,-7647.805448521049,42.27447768171085,-33.99024643787133,95.50904102700001,-55.916915610000004,0.7683449111397248,0.38186813186813184,-0.1074009276779005,-0.2026607277176343,-0.014601031233364781,-0.024064882284772545,0.08333604539312797,18.236263736263737,198.9100336088108,0.25914783560896476,0.0,
BTCUSD,adx_only,60,12,2491a9621e95,14122,624.0,ok,197.0,0.3347967709956097,588.4166666666666,149.0,133.0,10000.0,720.840309341838,10720.840309341835,7.208403093418379,4.39777626465275,1031.579382656,-10.453191997837896,710.387117344002,6026.805947678612,-5305.965638336774,69.27363158251278,-48.23605125760703,108.9733692276396,-66.7146067624272,1.1358546885666971,0.4416243654822335,0.07700659610372941,-0.08644219510589432,0.24902570803517377,0.1858101365897939,0.10880354048606453,15.040609137055837,140.10092396078457,0.3401192713311719,0.0,
BTCUSD,wpr_only,60,12,efb4c831fb11,14122,6192.0,ok,395.0,0.671293017986121,588.4166666666666,1550.0,1714.0,10000.0,-1583.1528683433419,8416.847131656632,-15.831528683433419,21.835035387866338,1878.2938415960002,4.846026747341702,-1578.3068415960079,8653.745662374724,-10236.898530718066,53.090464186348,-44.12456263240546,97.636029312,-59.63612535,0.8453483871513677,0.41265822784810124,-0.08592812866232279,-0.2005897974479727,0.03344713532938143,0.025123062619289965,0.11105119128161274,15.043037974683545,136.7996641397939,0.3467507300821197,0.0,
BTCUSD,hwpr_no_confirm,60,12,eafc7d4fb783,14122,1418.0,ok,241.0,0.4095737147712789,588.4166666666666,44.0,320.0,10000.0,-127.48187420554757,9872.518125794455,-1.2748187420554757,8.06750660826279,856.043391939,-7.947017733452447,-135.42889193899282,4471.965013275368,-4599.446887480916,40.28797309257088,-35.380360672930124,104.4437016445452,-64.03831131064496,0.9722832163683557,0.4605809128630705,-0.009069098197847436,-0.11908086121491077,0.1073962399162673,0.0644420256581379,0.07351112385598532,20.095435684647303,229.9322257772876,0.22815659704633742,0.0,
BTCUSD,st_flip_atr,60,12,6191e0bbf3d5,14122,578.0,ok,209.0,0.35519048293442856,588.4166666666666,179.0,132.0,10000.0,-1532.5310118365173,8467.468988163479,-15.325310118365174,16.433177800315423,947.687103577,9.788408259517404,-1522.7426035770022,3766.934164860513,-5299.465176697031,49.56492322184886,-39.8456028323085,94.30964092800001,-55.66915745,0.710814023540449,0.36363636363636365,-0.1587171173638929,-0.3065923616719135,-0.0054000502743308,-0.051415657947063986,0.10730145941682892,15.985645933014354,141.1286222674123,0.3347849761286838,0.0,
BTCUSD,flip_wide,60,12,01b133b83b8b,14122,90.0,ok,79.0,0.1342586035972242,588.4166666666666,2.0,6.0,10000.0,-186.76103577484736,9813.238964225158,-1.8676103577484737,3.863811849862025,233.86697602200002,4.507059752847448,-182.25397602199337,1055.8824778692197,-1242.6435136440673,25.753231167541944,-32.70114509589651,99.08683494853112,-59.16163852464481,0.8497066666954478,0.5189873417721519,-0.04739516801647335,-0.20813994006684966,0.1160030216279929,0.013631022932555527,0.06102619094902888,22.075949367088608,283.67243231421384,0.18897027003225583,0.0,
BTCUSD,trend_wide_stop,60,12,fc1b4bf036c0,14122,1400.0,ok,263.0,0.44696218665911347,588.4166666666666,16.0,350.0,10000.0,-167.56970213873242,9832.430297861232,-1.6756970213873241,6.764196984675555,847.15109672,2.511605418732458,-165.05809672000942,4297.854129907651,-4465.423832046383,34.66011395086816,-32.12535130968621,101.97927394961,-58.401213569999996,0.9624739535503535,0.4714828897338403,-0.01241332132833024,-0.10888385772117623,0.09042101322231559,0.05591182854056917,0.06832514986889941,21.00380228136882,245.84589368428792,0.21187174383245116,0.0,
BTCUSD,counter_trend,60,12,f7c6b771ba0f,14122,195.0,ok,86.0,0.1461549355615352,588.4166666666666,62.0,9.0,10000.0,241.73408961868194,10241.734089618689,2.4173408961868192,4.852455183957235,403.152780526,-2.3328701446819964,239.4012194740062,2189.364905856104,-1947.6308162374219,53.39914404527083,-43.28068480527604,99.87125644164249,-60.405497694701495,1.1241169977407126,0.47674418604651164,0.0611401463163464,-0.180044622454957,0.29379108562426626,0.16110386376878252,0.09996371745243618,16.77906976744186,150.06979848289,0.31204031720633274,0.0,
BTCUSD,atr_pullback,60,12,65d4c9d56bc9,14122,54.0,ok,28.0,0.04758532785724402,588.4166666666666,24.0,0.0,10000.0,-378.5821812552757,9621.417818744723,-3.7858218125527574,4.554716417386989,133.81349407399998,0.8251871812756493,-377.75699407400134,454.8484459791219,-833.4306272343977,50.53871621990243,-43.86476985444198,96.08685742015021,-56.73722544000001,0.5457544168834563,0.32142857142857145,-0.2740199466702588,-0.6368517943364596,0.1468414522748236,-0.17242387393992073,0.10159607273033802,14.321428571428571,148.28458490168174,0.31719350755049325,0.0,
BTCUSD,atr_banded,60,12,b87917a4e945,14122,505.0,ok,131.0,0.22263135533210596,588.4166666666666,183.0,39.0,10000.0,-680.4568717488276,9319.543128251169,-6.804568717488276,7.33963946042115,626.765678724,-6.489306975172405,-686.9461787240016,2657.2279747722164,-3337.684846521044,52.10250930925915,-41.72106058151305,97.05750621239662,-56.2971426397126,0.7961290825710865,0.3893129770992366,-0.10628353519240269,-0.295811589316385,0.08889747930271251,-0.00037460202965531507,0.10590893316274735,15.67175572519084,144.84379823179756,0.3309870296177861,0.0,
BTCUSD,atr_adx,60,12,04beb4cff4c7,14122,1041.0,ok,224.0,0.3806826228579522,588.4166666666666,224.0,236.0,10000.0,-1563.8264454542675,8436.173554545743,-15.638264454542675,18.8065868082645,1046.342260368,12.502185086267644,-1551.3242603679992,4709.668380952293,-6273.4948264065615,58.87085476190366,-43.56593629449001,98.3476288542297,-57.477309952709504,0.7507248369964746,0.35714285714285715,-0.15007914485625357,-0.29829567868303536,-0.0007238266209276999,-0.04284129536338851,0.10723784949286504,14.758928571428571,141.46921138754044,0.33482717126690165,0.0,
BTCUSD,atr_adx_both,60,12,ff025b438234,14122,614.0,ok,177.0,0.3008072510975783,588.4166666666666,117.0,132.0,10000.0,-1178.583166961491,8821.416833038524,-11.785831669614911,15.528730808857235,829.258291567,-14.081124605508752,-1192.6642915670018,3794.2873042283572,-4972.87047118985,58.37365083428242,-44.40062920705223,97.69148356221761,-58.4033623112322,0.7629974129047654,0.3672316384180791,-0.13995385582894052,-0.3105374747860387,0.027836599751210302,-0.034772378363404105,0.10518147746553637,14.966101694915254,143.74938039060177,0.32841003605361024,0.0,
BTCUSD,atr_t3,60,12,2948f1986035,14122,2003.0,ok,310.0,0.5268375584194873,588.4166666666666,579.0,462.0,10000.0,-2267.1989425148554,7732.801057485141,-22.671989425148553,27.67476775136746,1437.5164648270002,0.8204776878550497,-2266.3784648270057,5718.881576333401,-7986.080518848258,50.609571471977006,-40.53847979110791,146.366190243,-56.87606003,0.7161061753429667,0.36451612903225805,-0.16353838126006462,-0.2958565278247409,-0.01996275954729878,-0.051921548197645905,0.11161683306241874,16.635483870967743,137.50217097655337,0.3485467058275645,0.0,
BTCUSD,atr_t4,60,12,25b97146fc25,14122,2003.0,ok,308.0,0.5234386064296842,588.4166666666666,578.0,463.0,10000.0,-2052.5712245388117,7947.428775461158,-20.525712245388117,25.579250681198456,1463.5938478510002,-7.452623312188555,-2060.023847851019,6018.205625661833,-8070.776850200646,54.21806869965616,-40.96841040710988,194.66541372260158,-56.87606003,0.745678605339239,0.36038961038961037,-0.146579612049573,-0.29322965875066875,-0.003098230755694974,-0.03462490326236763,0.11195470878720538,16.801948051948052,137.2381417020962,0.34963586956253156,0.0,
BTCUSD,atr_banded_adx,60,12,74612893d7d7,14122,220.0,ok,78.0,0.13255912760232264,588.4166666666666,49.0,17.0,10000.0,-423.08810095404226,9576.911899045952,-4.230881009540423,5.092428654276046,360.05812233100005,4.193478623042204,-418.89462233100494,1566.499132239758,-1989.5872331937999,52.216637741325265,-41.44973402487083,97.4323483637992,-56.829240414455604,0.7873488058752385,0.38461538461538464,-0.10721088728150832,-0.34383201958963855,0.14470170809222432,-0.006066045240314322,0.10114484204119402,15.782051282051283,148.9916017557262,0.31553148629102035,0.0,
BTCUSD,hwpr_v2,240,48,615596c7402f,3530,78.0,ok,35.0,0.05949008498583569,588.3333333333334,0.0,8.0,10000.0,-184.3882365960991,9815.611763403887,-1.8438823659609909,3.5427711377195283,80.208325635,-24.719089038900904,-209.1073256350046,633.2855015290248,-817.6737381251238,42.21903343526832,-40.88368690625619,98.89863699578851,-55.823197320000006,0.7744965650738765,0.42857142857142855,-0.10976236932835444,-0.41023092453493226,0.22921738540367298,-0.06051422603081562,0.04924814329753879,16.057142857142857,359.9858317331892,0.15111206115542397,0.0,
BTCUSD,atr_arm,240,48,c9fa0fb9e041,3530,494.0,ok,122.0,0.2073654390934844,588.3333333333334,1.0,173.0,10000.0,298.23575943769913,10289.59447151583,2.9823575943769915,3.997177524817957,385.04376829200004,-11.215027729699244,284.0756282979946,3567.5982805115586,-3269.3625210738596,66.06663482428813,-48.07886060402735,111.27473055275,-63.1884399588075,1.091221379554978,0.4426229508196721,0.054269893635548704,-0.16467205470177196,0.2740502006523107,0.12371167817013959,0.06944178453459086,11.598360655737705,240.9934598551485,0.21537596422471533,0.0,
BTCUSD,flip,240,48,73f436a33410,3530,24.0,ok,22.0,0.037393767705382434,588.3333333333334,0.0,0.0,10000.0,-272.95647499952304,9727.043525000481,-2.7295647499952302,4.870092837143548,102.58877593700001,-1.4078009374769511,-274.36427593700137,508.3530608869485,-781.3095358864716,84.72551014782475,-48.831845992904476,101.74419004276591,-59.7887083004464,0.650642335128001,0.2727272727272727,-0.24967182503727356,-0.7375642964762275,0.32699664407355883,-0.14435727819555436,0.10531454684171919,9.863636363636363,150.02405200256018,0.328761868169729,0.0,
BTCUSD,trend_pure,240,48,94d0fcfbb185,3530,79.0,ok,40.0,0.06798866855524079,588.3333333333334,0.0,12.0,10000.0,-174.53346624963405,9825.466533750361,-1.7453346624963406,3.434878398337734,94.57937703799999,-19.810910788365952,-194.34437703800177,781.3571149121515,-955.8905811617857,43.40872860623064,-43.44957187099026,97.903786053003,-64.481275128144,0.8174127147089294,0.45,-0.09055903695435577,-0.41309016940370696,0.25962438233672963,-0.039951314002971784,0.05060772295138401,16.55,346.71707528305626,0.15602514804047707,0.0,
BTCUSD,st_only,240,48,ee4b57780b7d,3530,295.0,ok,93.0,0.15807365439093482,588.3333333333334,3.0,81.0,10000.0,-524.2103680092137,9475.789631990792,-5.242103680092137,5.687457822456159,245.46731862699997,-4.339450617786346,-528.5498186270052,1778.273210561315,-2302.483578570529,49.39647807114764,-40.39444874685139,105.09451505830802,-57.80236001394675,0.7723282924194994,0.3870967741935484,-0.11412654059625973,-0.3177932365115782,0.10058077146772179,-0.05631262493263786,0.05781391566362185,14.225806451612904,299.87804348978796,0.1785212116368733,0.0,
BTCUSD,adx_only,240,48,ef6ce688dd83,3530,162.0,ok,73.0,0.12407932011331443,588.3333333333334,0.0,41.0,10000.0,362.2328900054571,10362.232890005458,3.622328900054571,3.5815975034384064,212.17745154899998,-10.14734155445706,352.0855484509939,2367.398173675946,-2005.165283670489,78.91327245586487,-46.63175078303463,110.28369845019449,-66.50760906950835,1.180649891036605,0.410958904109589,0.10378195386963567,-0.19040059000605983,0.39877485525645245,0.16849485912487058,0.06471290525523488,12.794520547945206,245.83067385410675,0.20033179924773423,0.0,
BTCUSD,wpr_only,240,48,110eede40f13,3530,1522.0,ok,137.0,0.2328611898016997,588.3333333333334,1.0,591.0,10000.0,465.35147332900556,10465.351473328976,4.653514733290056,4.759714836646557,427.74309484800006,-45.16556817700555,420.1859051520023,3849.276143080342,-3383.9246697513363,61.099621318735586,-45.72871175339644,113.38811554891095,-63.45602487075076,1.137518272049242,0.45985401459854014,0.07189334101282684,-0.126695593954487,0.26460990121445477,0.13953159463197337,0.06763825361914655,13.321167883211679,239.03255463096107,0.20943078363526713,0.0,
BTCUSD,hwpr_no_confirm,240,48,13af052e1800,3530,212.0,ok,52.0,0.08838526912181302,588.3333333333334,0.0,48.0,10000.0,-527.2210660886084,9472.778933911386,-5.272210660886084,5.501753883836137,113.22913501999999,-31.711068931391704,-558.9321350200062,717.033686324536,-1244.2547524131442,34.14446125354933,-40.13725007784336,91.896328612083,-53.2989319519675,0.5762756259792456,0.40384615384615385,-0.21311780629228907,-0.4401616763816618,0.04941081676857607,-0.1656211328182633,0.04749667347402574,15.923076923076923,363.2168756543633,0.14602226183607747,0.0,
BTCUSD,st_flip_atr,240,48,5b6dddc13e0d,3530,149.0,ok,74.0,0.12577903682719546,588.3333333333334,0.0,44.0,10000.0,-777.9012704191533,9214.351367995736,-7.779012704191533,8.4704336250377,225.24399479000002,48.04177562915335,-732.499932329989,1484.3098594448516,-2262.2111298640048,61.84624414353548,-45.24422259728009,94.93355560548825,-59.908580724996,0.6561323299360137,0.32432432432432434,-0.22098914650843068,-0.4704455058809698,0.032180859699188664,-0.15389352352943242,0.06709562297899829,13.513513513513514,240.09227951184374,0.2078286712281759,0.0,
BTCUSD,flip_wide,240,48,051cc4ae8a12,3530,22.0,ok,20.0,0.03399433427762039,588.3333333333334,0.0,1.0,10000.0,91.00869084632266,10091.008690846333,0.9100869084632266,1.4510499519752922,31.339823542,-1.2420143883226489,89.76667645800808,335.7314878790621,-244.72279703273938,37.30349865322913,-22.24752700297631,93.945661009716,-52.051876427900694,1.3718848098738732,0.45,0.10108130044915717,-0.23774324486623433,0.4765774470254257,0.13511964595167247,0.03403834550251531,19.0,480.1845590236875,0.10330923880606313,0.0,
BTCUSD,trend_wide_stop,240,48,07f486d17dce,3530,312.0,ok,67.0,0.11388101983002832,588.3333333333334,0.0,73.0,10000.0,-256.87971629482934,9743.120283705164,-2.5687971629482935,3.352946011804212,103.945866642,-11.9631503471706,-268.842866641995,854.1844398403658,-1111.0641561351954,29.454635856564337,-29.238530424610406,90.69670844498356,-51.449962245,0.7687984848792366,0.43283582089552236,-0.07317780401124596,-0.25703617335695084,0.11493874802057673,-0.03987339533809351,0.033304408673152444,18.149253731343283,491.6613477082135,0.1011107240723408,0.0,
BTCUSD,counter_trend,240,48,98719646ab0d,3530,54.0,ok,30.0,0.05099150141643059,588.3333333333334,0.0,3.0,10000.0,-319.53246617997326,9680.467533820036,-3.1953246617997326,4.1410973547265755,94.19250254200001,-2.4545363620266993,-321.98700254199866,529.8929392155279,-849.4254053955012,52.98929392155279,-42.47127026977506,93.901145571432,-57.42816606998295,0.6238251597487884,0.3333333333333333,-0.21950757486886605,-0.5827711451539593,0.16809392249987817,-0.15201360907375136,0.06749396579511471,15.266666666666667,237.34175886597592,0.20918764270369816,0.0,
BTCUSD,atr_pullback,240,48,81c45fd8782e,3530,24.0,ok,14.0,0.023796033994334276,588.3333333333334,0.0,1.0,10000.0,5.19672099649317,10005.196720996491,0.0519672099649317,2.2830708594273528,46.917294725000005,11.374984278506803,16.571705275002387,311.2181778808251,-306.02145688433194,51.869696313470854,-38.25268211054149,89.68976118072865,-54.908899772175005,1.0169815575986145,0.42857142857142855,0.01429909012280509,-0.5152116184868188,0.5697958832392459,0.08647741639157262,0.07217832626876759,16.0,234.93337502024002,0.22328343298276873,0.0,
BTCUSD,atr_banded,240,48,4fa35bae6bb2,3530,134.0,ok,58.0,0.09858356940509914,588.3333333333334,0.0,12.0,10000.0,-210.23178373862663,9789.768216261387,-2.1023178373862663,4.743638245314584,184.53069992500002,-26.460916186373357,-236.6926999249954,1482.2900113870912,-1692.521795125718,64.44739179943875,-48.357765575020515,100.159538979801,-58.33161097531615,0.8757878425293714,0.39655172413793105,-0.07008301253138573,-0.3608349742290477,0.23837070909450425,-0.0006951758603920622,0.06938783667099364,12.517241379310345,233.3780308942429,0.21467164900530075,0.0,
BTCUSD,atr_adx,240,48,2a9f6ce5e0de,3530,240.0,ok,71.0,0.1206798866855524,588.3333333333334,0.0,60.0,10000.0,465.7501968665041,10465.750196866507,4.657501968665041,2.0951371319273786,211.825987636,-13.309184502503946,452.44101236400456,2300.8155731400193,-1835.065376273515,67.6710462688241,-49.596361520905816,109.061353304079,-65.3455462066852,1.2538057787414134,0.4788732394366197,0.138133949220652,-0.1671258433639698,0.4310288695419563,0.20304292839718963,0.06490897917653761,12.183098591549296,248.19635645248007,0.20106720347741394,0.0,
BTCUSD,atr_adx_both,240,48,65d8e682e631,3530,154.0,ok,58.0,0.09858356940509914,588.3333333333334,0.0,37.0,10000.0,537.5970576341804,10537.59705763419,5.375970576341803,2.592331019018949,169.09292411700002,-29.451981751180252,508.1450758830033,1930.110771481604,-1392.5137138474236,68.93252755291442,-46.41712379491412,106.5000427755601,-58.95896637793491,1.386062307529335,0.4827586206896552,0.18861897311794332,-0.13195576732531966,0.5167325561179005,0.25313194766596986,0.06451297454802653,12.724137931034482,248.02702083389812,0.19926008642697715,0.0,
BTCUSD,atr_t3,240,48,953e321b2f63,3530,494.0,ok,116.0,0.1971671388101983,588.3333333333334,1.0,164.0,10000.0,65.85766825195842,10057.365368052897,0.6585766825195841,5.64673174312305,389.130511576,-12.840679827958537,50.122662659001435,3284.0658409968664,-3218.208172744908,67.02175185707891,-48.032957802162805,150.21019762472736,-61.92467115963136,1.0204640796110422,0.4224137931034483,0.018101353181679165,-0.2282928055003775,0.25796064939289665,0.08786014734163194,0.06975879415995276,13.120689655172415,238.32000292695716,0.21630030679917328,0.0,
BTCUSD,atr_t4,240,48,1dad2d9ba5a5,3530,494.0,ok,113.0,0.19206798866855523,588.3333333333334,1.0,163.0,10000.0,-135.29131191210564,9856.36537561161,-1.3529131191210564,5.212918942563841,381.634532224,-0.8022203118942866,-138.93708034400152,3019.4864901990786,-3154.777802111183,64.24439340849104,-47.79966366835126,192.18196591933682,-60.6609023604552,0.9571154228923612,0.415929203539823,-0.018480001346341837,-0.23999520517641137,0.23000537628073323,0.0518338687701081,0.07031387011644992,13.743362831858407,237.54740085321535,0.2181243830046133,0.0,
BTCUSD,atr_banded_adx,240,48,319dc61de91e,3530,54.0,ok,24.0,0.040793201133144476,588.3333333333334,0.0,4.0,10000.0,-124.36874984674577,9875.631250153257,-1.2436874984674577,3.3965091801665195,69.950524972,-19.244275125254198,-143.6130249719954,541.4256435208551,-665.7943933676011,60.15840483565057,-44.386292891173404,96.9098865836892,-55.60148810471545,0.8132024674799583,0.375,-0.10352508543966887,-0.5286149330959623,0.33144052828375986,-0.03917457876900917,0.06435050667065974,13.5,246.58557215989043,0.19970068509192118,0.0,
DOGEUSD,hwpr_v2,1,1,d0d990e07b5d,1435,107.0,ok,0.0,0.0,0.9965277777777778,57.0,0.0,10000.0,0.0,9998.561141129023,0.0,0.017871743399991827,0.0,0.0,-1.7871743399991828,0.0,0.0,,,,,,,,,,,,0.0,,0.0,,
DOGEUSD,atr_arm,1,1,56f6ae1069b6,1435,295.0,ok,0.0,0.0,0.9965277777777778,183.0,0.0,10000.0,0.0,9997.589142085268,0.0,0.029875769699992817,0.0,0.0,-2.9875769699992816,0.0,0.0,,,,,,,,,,,,0.0,,0.0,,
DOGEUSD,flip,1,1,5434cfafbbc2,1435,17.0,ok,2.0,2.0069686411149825,0.9965277777777778,0.0,0.0,10000.0,-111.39356179899814,9886.008856581002,-1.1139356179899813,1.1399114341899803,10.570405399999999,1.1851563989985998,-112.80598701999952,0.0,-111.39356179899814,,-55.69678089949907,-54.946416557999484,-56.44714524099865,0.0,0.0,-1.1179487277962465,-1.129806076662542,-1.1060913789299514,-1.0126506255078738,0.10529810228837275,249.0,150.0501877235071,0.3348253567259275,0.0,
DOGEUSD,trend_pure,1,1,8bb3583aafa1,1435,46.0,ok,0.0,0.0,0.9965277777777778,45.0,0.0,10000.0,0.0,10000.0,0.0,0.0,0.0,0.0,0.0,0.0,0.0,,,,,,,,,,,,0.0,,0.0,,
DOGEUSD,st_only,1,1,7af527e08725,1435,122.0,ok,0.0,0.0,0.9965277777777778,122.0,0.0,10000.0,0.0,10000.0,0.0,0.0,0.0,0.0,0.0,0.0,0.0,,,,,,,,,,,,0.0,,0.0,,
DOGEUSD,adx_only,1,1,13bd4d06debd,1435,48.0,ok,0.0,0.0,0.9965277777777778,41.0,0.0,10000.0,0.0,10000.0,0.0,0.0,0.0,0.0,0.0,0.0,0.0,,,,,,,,,,,,0.0,,0.0,,
DOGEUSD,wpr_only,1,1,101048028d83,1435,547.0,ok,1.0,1.0034843205574913,0.9965277777777778,412.0,4.0,10000.0,-56.231183002297485,9943.768816997703,-0.5623118300229748,0.5623118300229726,5.809194216,0.5595887862978,-55.671594215998994,0.0,-56.231183002297485,,-56.231183002297485,-56.231183002297485,-56.231183002297485,0.0,0.0,-1.1277271652046,-1.1277271652046,-1.1277271652046,-1.012012660487618,0.11571450471698189,253.0,136.54295145318326,0.36724244772844294,0.0,
DOGEUSD,hwpr_no_confirm,1,1,c11a3456299c,1435,107.0,ok,0.0,0.0,0.9965277777777778,57.0,0.0,10000.0,0.0,9998.561141129023,0.0,0.017871743399991827,0.0,0.0,-1.7871743399991828,0.0,0.0,,,,,,,,,,,,0.0,,0.0,,
DOGEUSD,st_flip_atr,1,1,1c8d76effdaf,1435,138.0,ok,0.0,0.0,0.9965277777777778,122.0,0.0,10000.0,0.0,10000.0,0.0,0.0,0.0,0.0,0.0,0.0,0.0,,,,,,,,,,,,0.0,,0.0,,
DOGEUSD,flip_wide,1,1,2d98145bd9e7,1435,17.0,ok,0.0,0.0,0.9965277777777778,17.0,0.0,10000.0,0.0,10000.0,0.0,0.0,0.0,0.0,0.0,0.0,0.0,,,,,,,,,,,,0.0,,0.0,,
DOGEUSD,trend_wide_stop,1,1,0daed69b9ce8,1435,107.0,ok,1.0,1.0034843205574913,0.9965277777777778,57.0,3.0,10000.0,95.31776635200002,10092.93741431761,0.9531776635200002,0.03496220839999296,4.564233648,0.0,92.36640535200058,95.31776635200002,0.0,95.31776635200002,,95.31776635200002,95.31776635200002,inf,1.0,1.908607483870977,1.908607483870977,1.908607483870977,2.048621534050189,0.14001405017921212,5.0,112.84581782882975,0.4383810497526532,0.0,
DOGEUSD,counter_trend,1,1,bdfef65e469d,1435,23.0,ok,0.0,0.0,0.9965277777777778,23.0,0.0,10000.0,0.0,10000.0,0.0,0.0,0.0,0.0,0.0,0.0,0.0,,,,,,,,,,,,0.0,,0.0,,
DOGEUSD,atr_pullback,1,1,110100b16667,1435,9.0,ok,0.0,0.0,0.9965277777777778,9.0,0.0,10000.0,0.0,10000.0,0.0,0.0,0.0,0.0,0.0,0.0,0.0,,,,,,,,,,,,0.0,,0.0,,
DOGEUSD,atr_banded,1,1,32baa03e1582,1435,69.0,ok,0.0,0.0,0.9965277777777778,69.0,0.0,10000.0,0.0,10000.0,0.0,0.0,0.0,0.0,0.0,0.0,0.0,,,,,,,,,,,,0.0,,0.0,,
DOGEUSD,atr_adx,1,1,5dbb5b8ed03c,1435,107.0,ok,0.0,0.0,0.9965277777777778,59.0,0.0,10000.0,0.0,9997.589142085268,0.0,0.029875769699992817,0.0,0.0,-2.9875769699992816,0.0,0.0,,,,,,,,,,,,0.0,,0.0,,
DOGEUSD,atr_adx_both,1,1,050ea75f6207,1435,107.0,ok,0.0,0.0,0.9965277777777778,59.0,0.0,10000.0,0.0,9997.589142085268,0.0,0.029875769699992817,0.0,0.0,-2.9875769699992816,0.0,0.0,,,,,,,,,,,,0.0,,0.0,,
DOGEUSD,atr_t3,1,1,eb3710a3d5b9,1435,295.0,ok,0.0,0.0,0.9965277777777778,183.0,0.0,10000.0,0.0,9997.589142085268,0.0,0.029875769699992817,0.0,0.0,-2.9875769699992816,0.0,0.0,,,,,,,,,,,,0.0,,0.0,,
DOGEUSD,atr_t4,1,1,85c7c16d5604,1435,295.0,ok,0.0,0.0,0.9965277777777778,183.0,0.0,10000.0,0.0,9997.589142085268,0.0,0.029875769699992817,0.0,0.0,-2.9875769699992816,0.0,0.0,,,,,,,,,,,,0.0,,0.0,,
DOGEUSD,atr_banded_adx,1,1,27bc3723bc0f,1435,18.0,ok,0.0,0.0,0.9965277777777778,18.0,0.0,10000.0,0.0,10000.0,0.0,0.0,0.0,0.0,0.0,0.0,0.0,,,,,,,,,,,,0.0,,0.0,,
DOGEUSD,hwpr_v2,5,1,417a02375248,287,,too_short,,,,,,,,,,,,,,,,,,,,,,,,,,,,,,,
DOGEUSD,atr_arm,5,1,5104b68fd7d7,287,,too_short,,,,,,,,,,,,,,,,,,,,,,,,,,,,,,,
DOGEUSD,flip,5,1,e315159de0f4,287,,too_short,,,,,,,,,,,,,,,,,,,,,,,,,,,,,,,
DOGEUSD,trend_pure,5,1,05d1fff9562b,287,,too_short,,,,,,,,,,,,,,,,,,,,,,,,,,,,,,,
DOGEUSD,st_only,5,1,fff8729f2034,287,,too_short,,,,,,,,,,,,,,,,,,,,,,,,,,,,,,,
DOGEUSD,adx_only,5,1,b5acf63ba5bf,287,,too_short,,,,,,,,,,,,,,,,,,,,,,,,,,,,,,,
DOGEUSD,wpr_only,5,1,461613bee59c,287,,too_short,,,,,,,,,,,,,,,,,,,,,,,,,,,,,,,
DOGEUSD,hwpr_no_confirm,5,1,7c2732655b5c,287,,too_short,,,,,,,,,,,,,,,,,,,,,,,,,,,,,,,
DOGEUSD,st_flip_atr,5,1,97b43ab55233,287,,too_short,,,,,,,,,,,,,,,,,,,,,,,,,,,,,,,
DOGEUSD,flip_wide,5,1,be791f3cc7c2,287,,too_short,,,,,,,,,,,,,,,,,,,,,,,,,,,,,,,
DOGEUSD,trend_wide_stop,5,1,faec9158d314,287,,too_short,,,,,,,,,,,,,,,,,,,,,,,,,,,,,,,
DOGEUSD,counter_trend,5,1,1462fce8f022,287,,too_short,,,,,,,,,,,,,,,,,,,,,,,,,,,,,,,
DOGEUSD,atr_pullback,5,1,f657e49360af,287,,too_short,,,,,,,,,,,,,,,,,,,,,,,,,,,,,,,
DOGEUSD,atr_banded,5,1,ddd76a9fda2b,287,,too_short,,,,,,,,,,,,,,,,,,,,,,,,,,,,,,,
DOGEUSD,atr_adx,5,1,46cfb055642f,287,,too_short,,,,,,,,,,,,,,,,,,,,,,,,,,,,,,,
DOGEUSD,atr_adx_both,5,1,5af18381228a,287,,too_short,,,,,,,,,,,,,,,,,,,,,,,,,,,,,,,
DOGEUSD,atr_t3,5,1,05f6295cd83b,287,,too_short,,,,,,,,,,,,,,,,,,,,,,,,,,,,,,,
DOGEUSD,atr_t4,5,1,3e4a2f166d4d,287,,too_short,,,,,,,,,,,,,,,,,,,,,,,,,,,,,,,
DOGEUSD,atr_banded_adx,5,1,57994c89d5b6,287,,too_short,,,,,,,,,,,,,,,,,,,,,,,,,,,,,,,
DOGEUSD,hwpr_v2,15,3,2d82254b0605,95,,too_short,,,,,,,,,,,,,,,,,,,,,,,,,,,,,,,
DOGEUSD,atr_arm,15,3,6f52cca22769,95,,too_short,,,,,,,,,,,,,,,,,,,,,,,,,,,,,,,
DOGEUSD,flip,15,3,aeb036eae4b4,95,,too_short,,,,,,,,,,,,,,,,,,,,,,,,,,,,,,,
DOGEUSD,trend_pure,15,3,eb00d21eb365,95,,too_short,,,,,,,,,,,,,,,,,,,,,,,,,,,,,,,
DOGEUSD,st_only,15,3,0f4e7a10593d,95,,too_short,,,,,,,,,,,,,,,,,,,,,,,,,,,,,,,
DOGEUSD,adx_only,15,3,678e9c750bae,95,,too_short,,,,,,,,,,,,,,,,,,,,,,,,,,,,,,,
DOGEUSD,wpr_only,15,3,db7a0979c7d6,95,,too_short,,,,,,,,,,,,,,,,,,,,,,,,,,,,,,,
DOGEUSD,hwpr_no_confirm,15,3,eaf32eb8c8d0,95,,too_short,,,,,,,,,,,,,,,,,,,,,,,,,,,,,,,
DOGEUSD,st_flip_atr,15,3,b4dec0fbdf37,95,,too_short,,,,,,,,,,,,,,,,,,,,,,,,,,,,,,,
DOGEUSD,flip_wide,15,3,581f1adf9d94,95,,too_short,,,,,,,,,,,,,,,,,,,,,,,,,,,,,,,
DOGEUSD,trend_wide_stop,15,3,aa80ac6cb6a1,95,,too_short,,,,,,,,,,,,,,,,,,,,,,,,,,,,,,,
DOGEUSD,counter_trend,15,3,3125adf4a7a6,95,,too_short,,,,,,,,,,,,,,,,,,,,,,,,,,,,,,,
DOGEUSD,atr_pullback,15,3,a6e9ca369d7d,95,,too_short,,,,,,,,,,,,,,,,,,,,,,,,,,,,,,,
DOGEUSD,atr_banded,15,3,211009088ad3,95,,too_short,,,,,,,,,,,,,,,,,,,,,,,,,,,,,,,
DOGEUSD,atr_adx,15,3,202bf6ba8020,95,,too_short,,,,,,,,,,,,,,,,,,,,,,,,,,,,,,,
DOGEUSD,atr_adx_both,15,3,f332970c01aa,95,,too_short,,,,,,,,,,,,,,,,,,,,,,,,,,,,,,,
DOGEUSD,atr_t3,15,3,1ff2ae982960,95,,too_short,,,,,,,,,,,,,,,,,,,,,,,,,,,,,,,
DOGEUSD,atr_t4,15,3,6ba6750cd284,95,,too_short,,,,,,,,,,,,,,,,,,,,,,,,,,,,,,,
DOGEUSD,atr_banded_adx,15,3,aec9aca1a8a6,95,,too_short,,,,,,,,,,,,,,,,,,,,,,,,,,,,,,,
DOGEUSD,hwpr_v2,30,6,a7adb2330d05,47,,too_short,,,,,,,,,,,,,,,,,,,,,,,,,,,,,,,
DOGEUSD,atr_arm,30,6,c1286ae7a972,47,,too_short,,,,,,,,,,,,,,,,,,,,,,,,,,,,,,,
DOGEUSD,flip,30,6,94fd69df3d90,47,,too_short,,,,,,,,,,,,,,,,,,,,,,,,,,,,,,,
DOGEUSD,trend_pure,30,6,7a63259af4b4,47,,too_short,,,,,,,,,,,,,,,,,,,,,,,,,,,,,,,
DOGEUSD,st_only,30,6,20804d399e9e,47,,too_short,,,,,,,,,,,,,,,,,,,,,,,,,,,,,,,
DOGEUSD,adx_only,30,6,8814fa86b289,47,,too_short,,,,,,,,,,,,,,,,,,,,,,,,,,,,,,,
DOGEUSD,wpr_only,30,6,7abf2369a8c0,47,,too_short,,,,,,,,,,,,,,,,,,,,,,,,,,,,,,,
DOGEUSD,hwpr_no_confirm,30,6,492823a2fdc7,47,,too_short,,,,,,,,,,,,,,,,,,,,,,,,,,,,,,,
DOGEUSD,st_flip_atr,30,6,cc14ebbc36cc,47,,too_short,,,,,,,,,,,,,,,,,,,,,,,,,,,,,,,
DOGEUSD,flip_wide,30,6,9fa46d676fb3,47,,too_short,,,,,,,,,,,,,,,,,,,,,,,,,,,,,,,
DOGEUSD,trend_wide_stop,30,6,d05acddffa50,47,,too_short,,,,,,,,,,,,,,,,,,,,,,,,,,,,,,,
DOGEUSD,counter_trend,30,6,78f4d84ac5aa,47,,too_short,,,,,,,,,,,,,,,,,,,,,,,,,,,,,,,
DOGEUSD,atr_pullback,30,6,3494116be2ba,47,,too_short,,,,,,,,,,,,,,,,,,,,,,,,,,,,,,,
DOGEUSD,atr_banded,30,6,ebf2b8df2b76,47,,too_short,,,,,,,,,,,,,,,,,,,,,,,,,,,,,,,
DOGEUSD,atr_adx,30,6,dc0355172875,47,,too_short,,,,,,,,,,,,,,,,,,,,,,,,,,,,,,,
DOGEUSD,atr_adx_both,30,6,b933a9bd20a9,47,,too_short,,,,,,,,,,,,,,,,,,,,,,,,,,,,,,,
DOGEUSD,atr_t3,30,6,bc1c0bc5dcc3,47,,too_short,,,,,,,,,,,,,,,,,,,,,,,,,,,,,,,
DOGEUSD,atr_t4,30,6,ca3098ea3584,47,,too_short,,,,,,,,,,,,,,,,,,,,,,,,,,,,,,,
DOGEUSD,atr_banded_adx,30,6,0e2bbea33141,47,,too_short,,,,,,,,,,,,,,,,,,,,,,,,,,,,,,,
DOGEUSD,hwpr_v2,60,12,2c9d8833017f,24,,too_short,,,,,,,,,,,,,,,,,,,,,,,,,,,,,,,
DOGEUSD,atr_arm,60,12,5487f1778e24,24,,too_short,,,,,,,,,,,,,,,,,,,,,,,,,,,,,,,
DOGEUSD,flip,60,12,3e6d68488baa,24,,too_short,,,,,,,,,,,,,,,,,,,,,,,,,,,,,,,
DOGEUSD,trend_pure,60,12,dfece69b487b,24,,too_short,,,,,,,,,,,,,,,,,,,,,,,,,,,,,,,
DOGEUSD,st_only,60,12,96300d1f8933,24,,too_short,,,,,,,,,,,,,,,,,,,,,,,,,,,,,,,
DOGEUSD,adx_only,60,12,2491a9621e95,24,,too_short,,,,,,,,,,,,,,,,,,,,,,,,,,,,,,,
DOGEUSD,wpr_only,60,12,efb4c831fb11,24,,too_short,,,,,,,,,,,,,,,,,,,,,,,,,,,,,,,
DOGEUSD,hwpr_no_confirm,60,12,eafc7d4fb783,24,,too_short,,,,,,,,,,,,,,,,,,,,,,,,,,,,,,,
DOGEUSD,st_flip_atr,60,12,6191e0bbf3d5,24,,too_short,,,,,,,,,,,,,,,,,,,,,,,,,,,,,,,
DOGEUSD,flip_wide,60,12,01b133b83b8b,24,,too_short,,,,,,,,,,,,,,,,,,,,,,,,,,,,,,,
DOGEUSD,trend_wide_stop,60,12,fc1b4bf036c0,24,,too_short,,,,,,,,,,,,,,,,,,,,,,,,,,,,,,,
DOGEUSD,counter_trend,60,12,f7c6b771ba0f,24,,too_short,,,,,,,,,,,,,,,,,,,,,,,,,,,,,,,
DOGEUSD,atr_pullback,60,12,65d4c9d56bc9,24,,too_short,,,,,,,,,,,,,,,,,,,,,,,,,,,,,,,
DOGEUSD,atr_banded,60,12,b87917a4e945,24,,too_short,,,,,,,,,,,,,,,,,,,,,,,,,,,,,,,
DOGEUSD,atr_adx,60,12,04beb4cff4c7,24,,too_short,,,,,,,,,,,,,,,,,,,,,,,,,,,,,,,
DOGEUSD,atr_adx_both,60,12,ff025b438234,24,,too_short,,,,,,,,,,,,,,,,,,,,,,,,,,,,,,,
DOGEUSD,atr_t3,60,12,2948f1986035,24,,too_short,,,,,,,,,,,,,,,,,,,,,,,,,,,,,,,
DOGEUSD,atr_t4,60,12,25b97146fc25,24,,too_short,,,,,,,,,,,,,,,,,,,,,,,,,,,,,,,
DOGEUSD,atr_banded_adx,60,12,74612893d7d7,24,,too_short,,,,,,,,,,,,,,,,,,,,,,,,,,,,,,,
DOGEUSD,hwpr_v2,240,48,615596c7402f,6,,too_short,,,,,,,,,,,,,,,,,,,,,,,,,,,,,,,
DOGEUSD,atr_arm,240,48,c9fa0fb9e041,6,,too_short,,,,,,,,,,,,,,,,,,,,,,,,,,,,,,,
DOGEUSD,flip,240,48,73f436a33410,6,,too_short,,,,,,,,,,,,,,,,,,,,,,,,,,,,,,,
DOGEUSD,trend_pure,240,48,94d0fcfbb185,6,,too_short,,,,,,,,,,,,,,,,,,,,,,,,,,,,,,,
DOGEUSD,st_only,240,48,ee4b57780b7d,6,,too_short,,,,,,,,,,,,,,,,,,,,,,,,,,,,,,,
DOGEUSD,adx_only,240,48,ef6ce688dd83,6,,too_short,,,,,,,,,,,,,,,,,,,,,,,,,,,,,,,
DOGEUSD,wpr_only,240,48,110eede40f13,6,,too_short,,,,,,,,,,,,,,,,,,,,,,,,,,,,,,,
DOGEUSD,hwpr_no_confirm,240,48,13af052e1800,6,,too_short,,,,,,,,,,,,,,,,,,,,,,,,,,,,,,,
DOGEUSD,st_flip_atr,240,48,5b6dddc13e0d,6,,too_short,,,,,,,,,,,,,,,,,,,,,,,,,,,,,,,
DOGEUSD,flip_wide,240,48,051cc4ae8a12,6,,too_short,,,,,,,,,,,,,,,,,,,,,,,,,,,,,,,
DOGEUSD,trend_wide_stop,240,48,07f486d17dce,6,,too_short,,,,,,,,,,,,,,,,,,,,,,,,,,,,,,,
DOGEUSD,counter_trend,240,48,98719646ab0d,6,,too_short,,,,,,,,,,,,,,,,,,,,,,,,,,,,,,,
DOGEUSD,atr_pullback,240,48,81c45fd8782e,6,,too_short,,,,,,,,,,,,,,,,,,,,,,,,,,,,,,,
DOGEUSD,atr_banded,240,48,4fa35bae6bb2,6,,too_short,,,,,,,,,,,,,,,,,,,,,,,,,,,,,,,
DOGEUSD,atr_adx,240,48,2a9f6ce5e0de,6,,too_short,,,,,,,,,,,,,,,,,,,,,,,,,,,,,,,
DOGEUSD,atr_adx_both,240,48,65d8e682e631,6,,too_short,,,,,,,,,,,,,,,,,,,,,,,,,,,,,,,
DOGEUSD,atr_t3,240,48,953e321b2f63,6,,too_short,,,,,,,,,,,,,,,,,,,,,,,,,,,,,,,
DOGEUSD,atr_t4,240,48,1dad2d9ba5a5,6,,too_short,,,,,,,,,,,,,,,,,,,,,,,,,,,,,,,
DOGEUSD,atr_banded_adx,240,48,319dc61de91e,6,,too_short,,,,,,,,,,,,,,,,,,,,,,,,,,,,,,,
ETHUSD,hwpr_v2,1,1,d0d990e07b5d,847218,82717.0,ok,1095.0,1.8611502588471918,588.3458333333333,27846.0,1995.0,10000.0,-3092.8275711122515,6907.17242888779,-30.928275711122517,34.1118089510003,4868.328383808001,14.81018730423431,-3078.017383807992,29347.86198184355,-32440.6895529558,72.46385674529272,-47.01549210573304,98.38692280799991,-57.83432303000013,0.9046620890698531,0.3698630136986301,-0.063182214304075,-0.1445156436406539,0.018183266461796566,0.049566785371323335,0.11274899967539834,474.31689497716894,130.46708946068,0.35543220448820145,0.0,
ETHUSD,atr_arm,1,1,56f6ae1069b6,847218,199330.0,ok,136.0,0.2311565618294229,588.3458333333333,195855.0,288.0,10000.0,420.24229612385335,10420.242296123863,4.2024229612385335,6.384835621347959,760.7255361460001,-1.4873322698617002,418.75496385399856,5214.189860163483,-4793.94756403963,98.38094075780157,-57.75840438601964,106.81786024426023,-63.529971120000155,1.0876610122472292,0.3897058823529412,0.0661096173302289,-0.1714299162429011,0.307604125907097,0.19184446674161224,0.1257348494113833,93.69117647058823,120.17867391636179,0.39667351477858004,0.0,
ETHUSD,flip,1,1,5434cfafbbc2,847218,6552.0,ok,1154.0,1.9614314143467209,588.3458333333333,0.0,134.0,10000.0,-3535.032260038379,6463.278302841632,-35.35032260038379,42.1572887322949,3981.002781137,-39.90502109860865,-3576.6267182569827,23948.54605001624,-27483.57831005462,55.180981682065074,-38.17163654174253,94.92624292800008,-55.40221825926833,0.8713765645740125,0.37608318890814557,-0.07189083663153678,-0.1463368337949406,0.0032772927535366244,0.03337243490708056,0.10526327153861732,587.1975736568457,150.09056507388777,0.3313786275365086,0.0,
ETHUSD,trend_pure,1,1,8bb3583aafa1,847218,25508.0,ok,559.0,0.9501214563429956,588.3458333333333,18857.0,178.0,10000.0,-1658.5609630740812,8341.439036925909,-16.585609630740812,21.589204086060228,2676.0470620620004,14.668901012084493,-1510.1956751120197,16615.122048891273,-18273.683011965353,82.2530794499568,-51.186787148362335,99.9911003910001,-59.44128822000027,0.9092377293625988,0.3613595706618962,-0.059933498011623,-0.1768440799278843,0.0576619171730643,0.054671969281523417,0.11460546729314644,365.3810375670841,130.87320317528426,0.3614229435341198,0.17889087656529518,
ETHUSD,st_only,1,1,7af527e08725,847218,49018.0,ok,148.0,0.2515527290496661,588.3458333333333,47411.0,75.0,10000.0,-757.649911714871,9242.35008828513,-7.57649911714871,9.291687176565162,769.672396032,-1.4899843171185503,-759.1398960319948,4494.327946461059,-5251.977858175928,89.88655892922117,-53.59161079771356,97.11402249068882,-57.88087852,0.8557400788475505,0.33783783783783783,-0.1020947047206206,-0.32504419003701973,0.12458307452643655,0.018838872469689554,0.12093357719031013,174.63513513513513,125.53653397465862,0.38160586965752624,0.0,
ETHUSD,adx_only,1,1,13bd4d06debd,847218,26814.0,ok,54.0,0.09178275249109438,588.3458333333333,26570.0,15.0,10000.0,160.14992372974777,10160.14992372974,1.601499237297478,5.0195798313777775,276.155641305,-5.5765650347468,154.5733586949973,1977.056306544507,-1816.9063828147594,94.14553840688129,-55.05776917620483,99.08721703300014,-58.60718807499931,1.0881442903412792,0.3888888888888889,0.06473045015684765,-0.3318686778978567,0.4608941844050528,0.1852721288608744,0.12054167870402671,77.14814814814815,125.53402797383077,0.3800084139429756,0.0,
ETHUSD,wpr_only,1,1,101048028d83,847218,378818.0,ok,169.0,0.28724602168509167,588.3458333333333,370477.0,678.0,10000.0,-1323.3576722725206,8676.642327727483,-13.233576722725207,14.052532267086837,902.6070575230001,-10.974885250484201,-1334.3325575230047,4834.999455622715,-6158.357127895234,89.5370269559762,-53.55093154691508,95.66860186800012,-57.38102928000001,0.7851118983863139,0.31952662721893493,-0.16379944529124438,-0.3745618824815797,0.05697866271146334,-0.03800219948129421,0.12579724580995016,95.37869822485207,119.19349448590893,0.39711095689516057,0.0,
ETHUSD,hwpr_no_confirm,1,1,c11a3456299c,847218,82717.0,ok,1095.0,1.8611502588471918,588.3458333333333,27846.0,1995.0,10000.0,-3092.8275711122515,6907.17242888779,-30.928275711122517,34.1118089510003,4868.328383808001,14.81018730423431,-3078.017383807992,29347.86198184355,-32440.6895529558,72.46385674529272,-47.01549210573304,98.38692280799991,-57.83432303000013,0.9046620890698531,0.3698630136986301,-0.063182214304075,-0.1445156436406539,0.018183266461796566,0.049566785371323335,0.11274899967539834,474.31689497716894,130.46708946068,0.35543220448820145,0.0,
ETHUSD,st_flip_atr,1,1,1c8d76effdaf,847218,49030.0,ok,74.0,0.12577636452483304,588.3458333333333,48424.0,39.0,10000.0,-506.0070329472164,9493.992967052784,-5.060070329472164,8.62395392291659,395.8757291990001,-7.872696251772401,-513.8797291989886,2204.5554426842264,-2710.5624756314423,91.85647677850943,-54.21124951262885,96.42369991400015,-57.419424496722186,0.813320284075231,0.32432432432432434,-0.13597660832518768,-0.4582344472643725,0.1940861664389036,-0.01052083078258449,0.12545577754260318,116.87837837837837,119.7751300006507,0.3960140174177139,0.0,
ETHUSD,flip_wide,1,1,2d98145bd9e7,847218,6551.0,ok,222.0,0.3773290935744991,588.3458333333333,5960.0,29.0,10000.0,-243.3521677408097,9756.647832259232,-2.433521677408097,13.547323899604184,1178.8862631830002,-21.850595442172896,-265.2027631829551,7794.10293256547,-8037.455100306281,95.05003576299353,-57.41039357361629,105.98522528758195,-62.66569715999944,0.9697227337877711,0.36936936936936937,-0.017123096095559186,-0.21269775610660965,0.16400365425026842,0.10014795789859744,0.11727105399415662,236.67117117117118,127.73912980197268,0.3698254923916346,0.0,
ETHUSD,trend_wide_stop,1,1,0daed69b9ce8,847218,82964.0,ok,729.0,1.2390671586297741,588.3458333333333,61794.0,1376.0,10000.0,-1940.1535566916555,8059.846443308343,-19.401535566916557,21.700117210854714,3610.958038972,-6.176482280363149,-1946.3300389720343,21860.189381792796,-23800.342938484453,84.7294162084992,-50.531513669818374,98.65968333515875,-58.76540884499987,0.918482117601991,0.35390946502057613,-0.05436913279137271,-0.15736418670478006,0.04938375510702429,0.0678619619870491,0.12223109477842177,260.77229080932784,120.8360038142286,0.3855441858680496,0.0,
ETHUSD,counter_trend,1,1,bdfef65e469d,847218,15170.0,ok,25.0,0.04249201504217333,588.3458333333333,15075.0,4.0,10000.0,-30.28797687948004,9969.71202312052,-0.30287976879480044,4.986568802576876,133.336070989,-12.1340941095168,-42.42207098899598,840.7029474468969,-870.990924326377,93.41143860521078,-54.43693277039856,97.50007589857992,-57.2263904450006,0.9652258410121727,0.36,-0.019655143727584524,-0.5128512801456665,0.5879779424098334,0.10599481668957324,0.12564996041715779,134.8,125.76834212476528,0.3964156146279275,0.0,
ETHUSD,atr_pullback,1,1,110100b16667,847218,6628.0,ok,7.0,0.011897764211808532,588.3458333333333,6613.0,1.0,10000.0,61.53656647060896,10061.53656647061,0.6153656647060896,1.7326025266233593,39.76187883000001,-3.9009453006069,57.635621170002196,286.4496567329434,-224.9130902623345,95.48321891098114,-56.22827256558362,97.99500014171991,-56.772978517334984,1.2736015338139448,0.42857142857142855,0.18225424839656015,-0.7038737410975512,1.0701296588197668,0.3179569216972859,0.13570267330072563,64.71428571428571,113.97149176701726,0.4282973193835505,0.0,
ETHUSD,atr_banded,1,1,32baa03e1582,847218,55274.0,ok,31.0,0.052690098652294924,588.3458333333333,54939.0,6.0,10000.0,72.47618721167672,10072.47618721168,0.7247618721167671,2.260233931049988,173.82695509,-4.886642301672451,67.58954491000623,1149.909040766892,-1077.4328535552152,95.825753397241,-56.706992292379745,98.98484862799991,-58.25589718500019,1.0672674746946194,0.3870967741935484,0.05235622391921576,-0.4423564858523544,0.5532058081666279,0.18115091083361506,0.1287946869143992,87.19354838709677,116.02655581063502,0.4065498260306927,0.0,
ETHUSD,atr_adx,1,1,5dbb5b8ed03c,847218,82964.0,ok,122.0,0.20736103340580583,588.3458333333333,81253.0,228.0,10000.0,457.50170306778534,10457.501703067785,4.575017030677853,4.357714719656735,666.328987184,-1.2391902517939994,456.26251281598707,4691.965371850062,-4234.463668782277,97.74927858020963,-57.222482010571305,104.79287711166762,-61.85392180000015,1.108042420210291,0.39344262295081966,0.07973396078019003,-0.17401373751142005,0.3512570027115141,0.2036861711600099,0.12395221037981988,102.31147540983606,122.45187388552614,0.3908495905197019,0.0,
ETHUSD,atr_adx_both,1,1,050ea75f6207,847218,82964.0,ok,122.0,0.20736103340580583,588.3458333333333,81253.0,228.0,10000.0,457.50170306778534,10457.501703067785,4.575017030677853,4.357714719656735,666.328987184,-1.2391902517939994,456.26251281598707,4691.965371850062,-4234.463668782277,97.74927858020963,-57.222482010571305,104.79287711166762,-61.85392180000015,1.108042420210291,0.39344262295081966,0.07973396078019003,-0.17401373751142005,0.3512570027115141,0.2036861711600099,0.12395221037981988,102.31147540983606,122.45187388552614,0.3908495905197019,0.0,
ETHUSD,atr_t3,1,1,eb3710a3d5b9,847218,199330.0,ok,124.0,0.2107603946091797,588.3458333333333,194260.0,261.0,10000.0,1316.9075882342204,11316.907588234231,13.169075882342204,7.654385954180618,728.9593560390001,-5.587944273229802,1311.319643961002,6137.345224762952,-4820.43763652873,146.12726725626075,-58.78582483571622,169.85333448989232,-67.126786235,1.2731925371785429,0.3387096774193548,0.20997945499946769,-0.10676485305594093,0.5635713697432343,0.3357316046155643,0.12575214961609663,160.24193548387098,119.63255340627825,0.39646919587400714,0.0,
ETHUSD,atr_t4,1,1,85c7c16d5604,847218,199330.0,ok,121.0,0.2056613528041189,588.3458333333333,193637.0,256.0,10000.0,1301.0505710691896,11301.0505710692,13.010505710691897,7.651025996231367,731.0707606550001,-0.5838317241958497,1300.4667393449981,6356.547108392602,-5055.496537323412,181.61563166836007,-58.784843457248975,230.53556360961542,-67.99107962000001,1.2573536667395326,0.2892561983471074,0.21398424145193523,-0.15193943137657162,0.5861437373677509,0.34032862973762457,0.12634438828568942,186.48760330578511,120.03763506130927,0.3981371706024595,0.0,
ETHUSD,atr_banded_adx,1,1,27bc3723bc0f,847218,16542.0,ok,23.0,0.03909265383879946,588.3458333333333,16421.0,3.0,10000.0,225.49000247710413,10225.490002477107,2.2549000247710413,1.7084275748754552,123.51411861000001,-4.89962108710125,220.59038139000586,961.9308505120314,-736.4408480349274,96.19308505120314,-56.649296002686725,99.4797728711399,-58.799342789999315,1.306188885473677,0.43478260869565216,0.20137385659429372,-0.338471380752824,0.864779737056911,0.3266670539979385,0.12529319740364467,105.56521739130434,122.70280511317452,0.3949959345024547,0.0,
ETHUSD,hwpr_v2,5,1,417a02375248,169475,5657.0,ok,668.0,1.1351762796872695,588.4548611111111,988.0,463.0,10000.0,-1924.2691124677954,8075.730887532195,-19.242691124677954,23.489752548392783,2632.9054564730004,13.600155994807764,-1910.6689564730032,16543.082693094257,-18467.35180556205,66.17233077237702,-44.180267477421175,101.10417093900004,-59.32152605499977,0.8958015673969975,0.37425149700598803,-0.060336274064773314,-0.15432595417838363,0.034495442862707046,0.03349278246802491,0.09382905653279822,141.44461077844312,163.6933916175924,0.2956140439730589,0.0,
ETHUSD,atr_arm,5,1,5104b68fd7d7,169475,23918.0,ok,424.0,0.7205310517775484,588.4548611111111,20542.0,571.0,10000.0,-1729.413395795295,8270.586604204686,-17.29413395795295,22.050180630362973,2231.176034301,-5.375638505740852,-1734.7890343010513,13054.097718932182,-14783.51111472748,88.20336296575799,-53.56344606785319,100.28377671300014,-59.98373595000059,0.8830174116030908,0.3490566037735849,-0.08473768072498003,-0.21936466560498236,0.05146814765763949,0.039169636342125475,0.12390731706710555,41.9622641509434,122.27484391739489,0.39095436469405026,0.0,
ETHUSD,flip,5,1,e315159de0f4,169475,823.0,ok,496.0,0.8428853813246792,588.4548611111111,0.0,47.0,10000.0,-2304.3550051094426,7695.644994890572,-23.043550051094424,28.879676893814732,2165.730241458,54.384263651428206,-2249.970741458016,12129.798073293772,-14434.153078403213,65.92281561572702,-46.26331114872825,101.52610580699965,-59.237273539999734,0.8403539859531294,0.3709677419354839,-0.10187364457933994,-0.21325100754138235,0.006417134887621968,0.003386815858228327,0.10526046043756826,129.96975806451613,150.09601761093825,0.33182939288498653,0.0,
ETHUSD,trend_pure,5,1,05d1fff9562b,169475,6575.0,ok,727.0,1.2354388552883906,588.4548611111111,1349.0,454.0,10000.0,-3469.7868353510544,6528.191503298945,-34.69786835351054,38.39979488419674,2547.7091528850005,44.2141824660581,-3427.5943142349897,14996.667054102643,-18466.453889453696,57.67948866962555,-39.542727814676006,99.16246292400008,-57.80165808970994,0.8121032410379196,0.3576341127922971,-0.11398657310929357,-0.2054167204131985,-0.0226092280007024,-0.019083312092770425,0.09490326101652312,139.19532324621733,161.44753641493165,0.29888072982098196,0.0,
ETHUSD,st_only,5,1,fff8729f2034,169475,26082.0,ok,880.0,1.4954418055760437,588.4548611111111,6924.0,1001.0,10000.0,-3599.080590746609,6398.943008978402,-35.99080590746609,40.74818114180618,3492.3849226130005,42.31266813361644,-3558.744322888,21331.0868518261,-24930.16744257271,67.71773603754318,-44.124190163845505,103.58789772177005,-59.43301622,0.8556335171419452,0.35795454545454547,-0.09783229553746607,-0.1888136336197524,-0.016921920490588344,0.002316323511211808,0.10014861904867788,128.43295454545455,149.52425525985183,0.31556170613139345,0.0,
ETHUSD,adx_only,5,1,b5acf63ba5bf,169475,6843.0,ok,305.0,0.5183065348871515,588.4548611111111,5815.0,238.0,10000.0,-1015.183036162922,8984.816963837053,-10.15183036162922,16.45829174329659,1533.0135547300001,-26.257018567095756,-1041.4400547300374,9341.287828641656,-10356.470864804578,87.30175540786594,-52.30540840810393,95.78247806399959,-58.2224216600004,0.901975967545767,0.35081967213114756,-0.06513152493715516,-0.2332834719880919,0.10317116066461293,0.0576468439992048,0.12277836893635993,42.34098360655738,124.55701480091771,0.3872883898608526,0.0,
ETHUSD,wpr_only,5,1,461613bee59c,169475,75623.0,ok,517.0,0.8785720607759256,588.4548611111111,62123.0,2058.0,10000.0,-2506.6473286067817,7493.352671393211,-25.066473286067815,26.556914889354076,2394.550284723,12.258543883777197,-2494.388784723008,13611.188096727245,-16117.835425334028,77.77821769558426,-47.12817375828663,97.10693376999986,-57.81788400000068,0.8444799030106218,0.33849129593810445,-0.10708724275918699,-0.221774633745351,0.018788085869112067,0.01653747234612818,0.12362471510531518,48.63056092843327,120.12325690708727,0.38989855323049366,0.0,
ETHUSD,hwpr_no_confirm,5,1,7c2732655b5c,169475,17814.0,ok,830.0,1.410473521168314,588.4548611111111,2588.0,1271.0,10000.0,-2282.996028627116,7714.724399117888,-22.829960286271163,25.03534989792205,3330.40332204,22.8777065871134,-2262.3978942950125,21328.34303572063,-23611.339064347743,66.65107198662697,-46.29674326342695,98.38750922000015,-58.351377939999836,0.9033093369924812,0.3855421686746988,-0.05872257343602788,-0.13937514058816408,0.03259029228257261,0.03724576936202101,0.09596834279804888,137.48674698795182,161.32209494095747,0.30236968494108846,0.0,
ETHUSD,st_flip_atr,5,1,97b43ab55233,169475,7850.0,ok,260.0,0.44183507892019475,588.4548611111111,6898.0,145.0,10000.0,-867.8967661649788,9132.103233835007,-8.678967661649788,16.419111844560994,1372.808444792,-1.5381786270163993,-869.4349447920031,8406.157166227513,-9274.05393239249,92.37535347502761,-54.87605877155319,102.20492103599949,-61.44296570999966,0.9064166789958402,0.35,-0.064596559029056,-0.2258478845595277,0.11357757768834048,0.05599846105788995,0.12059502008694595,53.35769230769231,125.33900032992113,0.38048121067268686,0.0,
ETHUSD,flip_wide,5,1,be791f3cc7c2,169475,823.0,ok,280.0,0.47582239268328663,588.4548611111111,383.0,30.0,10000.0,-371.3646698179121,9628.635330182082,-3.713646698179121,15.57760106876379,1267.2655618590002,-20.219392041094046,-391.58406185901185,7974.915333917546,-8346.280003735457,72.49923030834132,-49.09576472785563,101.12268096000001,-60.0954073199999,0.9555053665043944,0.39285714285714285,-0.023030643170833486,-0.1714799527910027,0.1339164286180597,0.08157253790774645,0.10460318107857991,122.82857142857142,145.73896880794402,0.32959308354102523,0.0,
ETHUSD,trend_wide_stop,5,1,faec9158d314,169475,14372.0,ok,870.0,1.4784481486944978,588.4548611111111,3374.0,1157.0,10000.0,-3343.8345173423295,6656.165482657636,-33.43834517342329,41.306391931867466,3726.206913797,26.99360354532605,-3316.840913797021,22640.55549040429,-25984.390007746617,71.8747793346168,-46.81872073467859,109.47552420000011,-65.02725428361055,0.8713137188771627,0.3620689655172414,-0.08929457783170983,-0.17264187776932552,0.0007566775791594184,0.01638662795538736,0.10568120578709721,116.55977011494252,144.33447736165766,0.3331741018810947,0.0,
ETHUSD,counter_trend,5,1,1462fce8f022,169475,2311.0,ok,81.0,0.1376486207405222,588.4548611111111,2143.0,17.0,10000.0,-608.3827410961469,9391.617258903849,-6.083827410961469,7.715617383781121,411.15566984500003,-9.745928748853302,-618.1286698450003,2315.2332684607572,-2923.616009556904,92.60933073843029,-52.20742874208757,96.00176046499965,-57.11392352999966,0.7919074395859695,0.30864197530864196,-0.15084998567214147,-0.4385464543888284,0.15518966848161944,-0.03285543477983131,0.11799455089231016,51.69135802469136,128.6889923964883,0.3724132551283378,0.0,
ETHUSD,atr_pullback,5,1,f657e49360af,169475,673.0,ok,20.0,0.0339873137630919,588.4548611111111,646.0,1.0,10000.0,305.46555802073414,10305.46555802073,3.0546555802073416,1.7018070320943661,100.79945041000002,-6.228508430736101,299.2370495899977,871.7129633481144,-566.2474053273802,96.85699592756826,-51.47703684794365,101.4994685416912,-59.57581773499986,1.539455995995473,0.45,0.3075352609689161,-0.30881712077516266,0.9174423692423419,0.4267573186354344,0.11922205766651825,42.6,126.58970676481003,0.3754242431289715,0.0,
ETHUSD,atr_banded,5,1,ddd76a9fda2b,169475,6103.0,ok,112.0,0.19032895707331465,588.4548611111111,5682.0,21.0,10000.0,-679.3119113279756,9320.68808867202,-6.793119113279757,10.477808095875464,579.653217924,-19.520806596017994,-698.8327179240059,3360.7287475725493,-4040.0406589005247,93.3535763214597,-53.158429722375324,97.45202246800034,-58.06195778850145,0.8318551795187016,0.32142857142857145,-0.12034774272313783,-0.3732600231748513,0.14084692530168702,-0.0011418137042490592,0.11920592901888874,56.419642857142854,127.31227283070035,0.37635739947692615,0.0,
ETHUSD,atr_adx,5,1,46cfb055642f,169475,10531.0,ok,338.0,0.5743856025962532,588.4548611111111,8682.0,356.0,10000.0,-1624.645241616487,8375.354758383484,-16.24645241616487,18.18059007337046,1737.0906434460003,-11.185901829536853,-1635.8311434460393,10119.600065294044,-11744.245306910529,87.23793159736245,-52.90200588698436,97.33339861847409,-57.93266871500075,0.8616645685474132,0.3431952662721893,-0.10006897159434103,-0.25691917542670084,0.05561406184167635,0.02253190898795212,0.12260088058229317,43.87278106508876,123.19628306940879,0.3868680938197682,0.0,
ETHUSD,atr_adx_both,5,1,5af18381228a,169475,6009.0,ok,286.0,0.4860185868122142,588.4548611111111,4951.0,253.0,10000.0,-1487.041594444286,8512.958405555702,-14.870415944442858,18.73346935309927,1490.126496499,-19.103902054724447,-1506.1454964990353,8605.433465651991,-10092.475060096276,88.71580892424733,-53.39933894230834,99.23706473646408,-58.55532054999968,0.8526583830438419,0.33916083916083917,-0.1076057877463579,-0.27416029669626385,0.0568054371478198,0.014953376838146414,0.12255916458450433,45.95804195804196,123.02637571788225,0.38676888777663526,0.0,
ETHUSD,atr_t3,5,1,05f6295cd83b,169475,23918.0,ok,375.0,0.6372621330579732,588.4548611111111,19895.0,504.0,10000.0,-2033.5729915444908,7966.427008455513,-20.335729915444908,25.403333149031265,1986.6935642889998,-7.116572744541699,-2040.6895642890277,11978.656643791273,-14012.229635335763,117.43781023324777,-51.32684848108338,151.96976805000025,-59.88360843500019,0.8548715625944164,0.272,-0.11471596647527867,-0.2833152736904334,0.05531654325503005,0.010130128978659987,0.12484609545393865,61.83733333333333,120.78985000152213,0.39395128012413233,0.0,
ETHUSD,atr_t4,5,1,3e4a2f166d4d,169475,23918.0,ok,337.0,0.5726862369080986,588.4548611111111,19606.0,472.0,10000.0,-2457.913922536306,7542.086077463713,-24.57913922536306,26.582757960936792,1789.392888079,-3.363965542718449,-2461.2778880790192,10228.34390016084,-12686.257822697145,126.27585061926963,-49.555694619910724,195.9851961759995,-57.93266871500075,0.8062538254473419,0.2403560830860534,-0.15943498896672612,-0.3538487067005603,0.03430761943187752,-0.03303084764273022,0.12640414132399594,76.48071216617211,119.0498266174657,0.39893696111875504,0.0,
ETHUSD,atr_banded_adx,5,1,57994c89d5b6,169475,1993.0,ok,79.0,0.134249889364213,588.4548611111111,1819.0,10.0,10000.0,-1112.692922586789,8887.307077413216,-11.126929225867892,13.181382040151707,401.37076716900003,-16.089844582205803,-1128.7827671689956,1883.9503894674317,-2996.643312054221,89.71192330797294,-51.666264000934845,96.66611906100033,-57.341944800000164,0.6286868984003204,0.26582278481012656,-0.2947576170162327,-0.5746465216618195,0.010419767458443564,-0.1763773214732012,0.11838029554303146,52.77215189873418,124.98421916424664,0.37405798032700965,0.0,
ETHUSD,hwpr_v2,15,3,2d82254b0605,56491,1999.0,ok,422.0,0.7171407834876352,588.4479166666666,137.0,264.0,10000.0,-521.7085891537338,9478.291410846283,-5.217085891537337,12.486964929648334,1551.45217713,29.735412023732795,-491.9731771300012,11052.708825358808,-11574.417414512543,64.63572412490531,-46.113216790886625,103.13276796999983,-62.487854903034446,0.9549257150083776,0.4052132701421801,-0.02168999152189159,-0.1290053018792344,0.09444026715655895,0.05691541132766682,0.07860540284955843,59.93364928909953,215.11056673372255,0.24747627644744896,0.0,
ETHUSD,atr_arm,15,3,6f52cca22769,56491,7866.0,ok,661.0,1.1232939760315803,588.4479166666666,3747.0,997.0,10000.0,-1321.1881925626633,8678.811807437336,-13.211881925626635,30.460940651864117,3635.687968935,-1.073776372347547,-1322.2619689350067,23104.612407749697,-24425.80060031236,94.69103445799057,-58.57506139163635,115.18171571200031,-68.44920686999946,0.9459101376375861,0.3691376701966717,-0.037998751271550044,-0.14269054445274557,0.07130000841597806,0.07847522102949785,0.11647397230104788,29.158850226928895,129.50310559006155,0.36744786673459057,0.0,
ETHUSD,flip,15,3,aeb036eae4b4,56491,284.0,ok,242.0,0.41125134977253014,588.4479166666666,0.0,15.0,10000.0,-1049.2284655594833,8950.771534440504,-10.492284655594833,11.62753420966899,1097.850718145,25.40124741448465,-1023.827218145032,6631.921508811464,-7681.149974370948,73.68801676457183,-50.533881410335184,96.03358305200055,-58.21658375742192,0.8634021638608337,0.371900826446281,-0.08762377494071343,-0.2582137070804333,0.09099677826249812,0.017636388015063478,0.1052601629557769,40.603305785123965,150.09553672315778,0.3318362839934035,0.0,
ETHUSD,trend_pure,15,3,eb00d21eb365,56491,2177.0,ok,501.0,0.8513922571737091,588.4479166666666,179.0,246.0,10000.0,-1772.836297824153,8227.163702175847,-17.72836297824153,22.22931690497406,1734.4933911020003,8.345906722150147,-1764.490391102012,11309.877634216482,-13082.713932040635,56.268047931425286,-43.60904644013545,101.90209088187505,-58.2915301898192,0.8644901732902428,0.40119760479041916,-0.07492064475586062,-0.17397784978860636,0.026623368964671417,0.006395663697053662,0.0813163084529143,55.71656686626746,205.4240032382112,0.2559933046462289,0.0,
ETHUSD,st_only,15,3,0f4e7a10593d,56491,7370.0,ok,689.0,1.1708767768317079,588.4479166666666,1167.0,763.0,10000.0,-793.2568479348247,9206.74315206515,-7.932568479348247,11.38789901654416,2721.889572635,-38.634224700171394,-831.8910726350241,17795.268196395198,-18588.52504433002,64.011756102141,-45.22755485238448,97.4976526783946,-58.89923897427746,0.9573254550297531,0.4034833091436865,-0.020091158394580904,-0.10885750764543838,0.07896905954329221,0.07223208805357499,0.0923232464481559,53.341074020319304,165.8137154554748,0.2908310678076911,0.0,
ETHUSD,adx_only,15,3,678e9c750bae,56491,2601.0,ok,478.0,0.8123063850878901,588.4479166666666,1157.0,318.0,10000.0,-2560.2192592132624,7439.780740786715,-25.60219259213262,29.443894347325873,2167.804396404,-2.4931371907559505,-2562.712396404023,12726.945892761789,-15287.165151975052,78.0794226549803,-48.53068302214302,100.62292205499986,-59.19174095999988,0.8325249165714357,0.3410041841004184,-0.1194484194745036,-0.24584750036357533,0.012181168689108615,-0.006150415806463043,0.11329800366804055,30.5836820083682,134.33138613480372,0.35727932782269234,0.0,
ETHUSD,wpr_only,15,3,db7a0979c7d6,56491,25640.0,ok,784.0,1.332318422403569,588.4479166666666,10571.0,3293.0,10000.0,-2696.595909053163,7303.404090946851,-26.965959090531626,41.46859605075225,4145.413785118,2.2041239351768462,-2694.391785117963,25177.673512761445,-27874.269421814606,89.92026254557659,-55.30609012264803,120.12749752821337,-71.37788525999977,0.9032585978040815,0.35714285714285715,-0.07567728150887335,-0.17457151708963847,0.016287289614565242,0.04041174853613721,0.11608903004501055,31.684948979591837,129.18590207679856,0.3662407091950511,0.0,
ETHUSD,hwpr_no_confirm,15,3,eaf32eb8c8d0,56491,6183.0,ok,558.0,0.9482572445168258,588.4479166666666,341.0,743.0,10000.0,-488.13530974127605,9508.574168828673,-4.88135309741276,15.859005956130403,2071.537408828,60.47890091327865,-430.946930258011,14179.947576564442,-14668.082886305718,60.08452362951035,-45.55305244194322,103.60934272000021,-61.50369159671256,0.9667212604724913,0.4229390681003584,-0.014535968043952085,-0.10831380487532229,0.08621318298026026,0.06691381816127563,0.08144978620522772,58.18279569892473,206.89471772995557,0.2564331559969662,0.0,
ETHUSD,st_flip_atr,15,3,b4dec0fbdf37,56491,2307.0,ok,445.0,0.7562266555734543,588.4479166666666,1243.0,245.0,10000.0,-388.65301012708596,9611.346989872902,-3.8865301012708597,22.652594056316723,2484.574842663,-29.776832535916743,-418.4298426630103,15893.054128374453,-16281.707138501542,95.74128992996658,-58.35737325627793,114.2922212165899,-68.59066618104917,0.9761294680698416,0.37303370786516854,-0.012647048148267443,-0.14484049398488552,0.12141680464103004,0.10382476792052608,0.11647181606879353,30.498876404494382,129.36021034180627,0.3673616246035845,0.0,
ETHUSD,flip_wide,15,3,581f1adf9d94,56491,283.0,ok,213.0,0.36196916322954104,588.4479166666666,16.0,12.0,10000.0,-225.00348955324915,9774.996510446776,-2.2500348955324916,8.029186883004503,758.8693881859999,12.14810136725065,-212.85538818598616,5261.591340850372,-5486.594830403622,55.97437596649332,-46.10583891095481,99.66222913500006,-61.68861396493571,0.95899032159138,0.4413145539906103,-0.017538409713418815,-0.16670835696784383,0.1405126564505455,0.059298309928464486,0.07683671964188331,60.53521126760563,217.64032073310264,0.24173270128521893,0.0,
ETHUSD,trend_wide_stop,15,3,aa80ac6cb6a1,56491,5452.0,ok,578.0,0.9822449593740596,588.4479166666666,204.0,734.0,10000.0,-833.4328303078672,9166.56716969218,-8.334328303078673,13.765079113894437,2090.831859364,80.97147094386945,-752.4613593639897,14124.398057753815,-14957.830888061682,57.65060431736251,-44.91841107526031,101.36116755899964,-60.887623034021836,0.9442811704086682,0.42387543252595156,-0.02648470047232374,-0.124811689247493,0.06908123504839435,0.05448046873363033,0.08096516920595406,59.548442906574394,202.36638263073064,0.2548237772538978,0.0,
ETHUSD,counter_trend,15,3,3125adf4a7a6,56491,775.0,ok,190.0,0.32288329114372205,588.4479166666666,421.0,29.0,10000.0,-1229.118418216722,8770.881581783302,-12.29118418216722,14.38028370134074,910.25548981,-29.3130715932746,-1258.4314898099874,5292.105325610079,-6521.223743826801,82.68914571265748,-51.755743998625405,95.61526249800012,-56.86164457999911,0.8115202810852418,0.3368421052631579,-0.13430084069431433,-0.31805987423510335,0.06446512963320916,-0.020540734086245075,0.11376010660806929,31.589473684210525,133.20585243753328,0.3588109329346445,0.0,
ETHUSD,atr_pullback,15,3,a6e9ca369d7d,56491,197.0,ok,62.0,0.10536191605742508,588.4479166666666,117.0,2.0,10000.0,-574.1640425762344,9425.835957423773,-5.741640425762343,10.606240346494312,314.75335260200006,-0.4598100257673998,-574.6238526019915,1712.9332047978796,-2287.097247374114,85.64666023989398,-54.454696366050335,98.0294422799998,-58.712562924999844,0.7489551250015933,0.3225806451612903,-0.18811397598592336,-0.5100908992896414,0.148008868743584,-0.07245572055356406,0.1156582554323594,24.741935483870968,132.68314673964238,0.36476496564192645,0.0,
ETHUSD,atr_banded,15,3,211009088ad3,56491,2009.0,ok,266.0,0.45203660760121084,588.4479166666666,1187.0,56.0,10000.0,-799.5344598949575,9200.465540105048,-7.995344598949575,23.229498678355807,1464.9475906740001,-6.063130779042604,-805.5975906739932,9113.237765364864,-9912.772225259821,95.92881858278804,-57.96942821789369,112.96160150399974,-67.5938649599998,0.9193430009561224,0.35714285714285715,-0.057796929417430455,-0.2248036460623979,0.11673222254197156,0.058620863660437214,0.1164177930778677,30.80827067669173,129.441714116392,0.36734239203368024,0.0,
ETHUSD,atr_adx,15,3,202bf6ba8020,56491,3966.0,ok,489.0,0.8309996282593688,588.4479166666666,1663.0,530.0,10000.0,-547.2319171311171,9452.768082868888,-5.472319171311171,16.160836422305387,2407.7025734950003,-7.400156363895352,-554.6320734950277,15849.787507725638,-16397.019424856757,85.67452706878723,-53.93756389755512,102.40658106260382,-61.03338694999988,0.9666261347290013,0.3783231083844581,-0.018017491660259937,-0.1440685352390227,0.1094519901195636,0.09464371167285986,0.11266120333311982,29.79754601226994,135.29614233895498,0.3552283814234482,0.0,
ETHUSD,atr_adx_both,15,3,f332970c01aa,56491,2409.0,ok,415.0,0.7052450832876034,588.4479166666666,1004.0,339.0,10000.0,-1262.3400889688633,8737.659911031129,-12.623400889688632,24.55279636487287,1968.800542296,23.05304667285205,-1239.2870422960004,12360.598053107045,-13622.938142075907,81.85826525236453,-51.602038416954194,106.15841594065809,-63.13450747813037,0.9073371635543152,0.363855421686747,-0.06027718850573125,-0.19416154245681996,0.07132392407025617,0.052660603414212845,0.11293779191994409,29.253012048192772,134.888079765252,0.35608322335474774,0.0,
ETHUSD,atr_t3,15,3,1ff2ae982960,56491,7866.0,ok,580.0,0.9856437308597831,588.4479166666666,3623.0,857.0,10000.0,830.0658051703026,10830.065805170305,8.300658051703026,21.68771240633209,3540.658213271,-5.611018441314202,824.4547867289875,24994.76698062252,-24164.70117545222,129.50656466643792,-62.44108830866207,187.26922294800002,-74.74635540000016,1.0343503442953197,0.33275862068965517,0.03464694295533926,-0.1020519302383411,0.1758809772850793,0.1514480139671969,0.11680107101185763,37.13103448275862,129.4316579659339,0.368354908549817,0.0,
ETHUSD,atr_t4,15,3,6ba6750cd284,56491,7866.0,ok,537.0,0.9125701439167302,588.4479166666666,3597.0,796.0,10000.0,685.3846543672951,10685.384654367272,6.853846543672951,21.67183983884954,3128.986859956,30.302485676701302,715.6871400439904,21958.29925192139,-21272.914597554096,132.27891115615296,-57.339392446237454,227.35463572799998,-66.2159540000004,1.0322186530305584,0.3091247672253259,0.03340391509004566,-0.12539853649728183,0.19836193760565304,0.15075684512539828,0.11735293003535265,41.95344506517691,129.19358199624781,0.3700714378848296,0.0,
ETHUSD,atr_banded_adx,15,3,aec9aca1a8a6,56491,772.0,ok,166.0,0.28209803331504135,588.4479166666666,393.0,28.0,10000.0,-314.1483242754973,9685.851675724498,-3.141483242754973,17.94807748826517,882.179987106,-2.3211628305033507,-316.4694871060019,5836.936717473607,-6151.085041749104,97.28227862456012,-58.02910416744437,110.50591675199978,-66.3421267199998,0.9489279822757635,0.3614457831325301,-0.03372377561207498,-0.2639798131748347,0.1771559665412861,0.07857299154538437,0.1122967671574594,31.072289156626507,132.9702688601604,0.35431964916439285,0.0,
ETHUSD,hwpr_v2,30,6,a7adb2330d05,28245,906.0,ok,277.0,0.4707381837493362,588.4375,27.0,156.0,10000.0,-205.8117139977059,9792.231645602287,-2.058117139977059,8.161808687958628,875.715259634,26.00945436371245,-181.758900033974,6685.564049904151,-6891.375763901857,56.65732245681484,-43.341985936489664,100.56843278999993,-61.61149734173715,0.970134887278128,0.4259927797833935,-0.011874508128404364,-0.13909580698774748,0.12513739567892843,0.057264274589920165,0.06913878271832452,31.68231046931408,257.32467040376196,0.21741639472381644,0.0,
ETHUSD,atr_arm,30,6,c1286ae7a972,28245,3862.0,ok,604.0,1.0264471587891661,588.4375,839.0,873.0,10000.0,-1880.1895107094592,8119.810489290567,-18.801895107094595,21.620341936709835,2591.274263915,56.891246794461196,-1823.2982639149968,16451.099025054587,-18331.288535764048,74.4393621043194,-47.8623721560419,98.40885093926957,-57.21487379999967,0.8974327687308373,0.3658940397350993,-0.06467877779995278,-0.172166295571586,0.04390503022362924,0.040310051199324806,0.10498882899927758,20.60927152317881,147.58022991775246,0.33087348729669497,0.0,
ETHUSD,flip,30,6,94fd69df3d90,28245,157.0,ok,143.0,0.24301646309081254,588.4375,0.0,9.0,10000.0,-1421.4847897946656,8578.515210205316,-14.214847897946656,15.997536384812387,651.797589793,4.177700001662646,-1417.3070897930065,3307.8101840282106,-4729.294973822876,75.17750418245933,-47.770656301241175,97.04608343584114,-56.11846190770178,0.699429873234229,0.3076923076923077,-0.21144001803099194,-0.3977578923394636,0.00446164842921263,-0.10617480934935393,0.10526520868163802,20.776223776223777,150.08765480970504,0.3320004587062709,0.0,
ETHUSD,trend_pure,30,6,7a63259af4b4,28245,1016.0,ok,332.0,0.5642060541688795,588.4375,60.0,168.0,10000.0,-490.9229266388642,9507.180637281159,-4.909229266388642,9.719229043013925,1096.9766900250002,18.79923661386709,-474.0201261049824,7828.39375244708,-8319.316679085945,57.561718767993234,-42.44549326064258,98.33357872799992,-60.2662681421359,0.9409899940612907,0.40963855421686746,-0.02735597184622462,-0.14891878334181738,0.09998384005797456,0.04671928136178253,0.07407525320800715,30.876506024096386,232.94071019411217,0.23313930763198534,0.0,
ETHUSD,st_only,30,6,20804d399e9e,28245,3223.0,ok,557.0,0.946574614976102,588.4375,254.0,622.0,10000.0,-3382.0849480035104,6616.783627272656,-33.8208494800351,35.773833117529016,1816.377207215,-23.413259211496104,-3407.8405137650116,10251.011392701934,-13633.096340705444,52.03559082589814,-37.86971205751512,98.94374903500999,-56.274276239999224,0.7519209970001206,0.35368043087971274,-0.14623116099029101,-0.2406502862455362,-0.04991537814038163,-0.06199098455037056,0.08424017643992043,28.65709156193896,192.97315046348825,0.26521289118130625,0.0,
ETHUSD,adx_only,30,6,8814fa86b289,28245,1338.0,ok,410.0,0.69676048858205,588.4375,260.0,282.0,10000.0,-1937.6247887497025,8062.3752112502825,-19.376247887497026,25.922235345282797,1675.118513008,43.32127574171281,-1894.3035130079988,10143.193896748471,-12080.818685498176,69.95306135688601,-45.587995039615755,98.18344151999999,-58.40542335999931,0.8396114668060012,0.35365853658536583,-0.10157186039393061,-0.23287388191879727,0.028484055808747286,0.0012982841266066874,0.10287014452053728,20.63170731707317,149.2267543318172,0.32408733647630095,0.0,
ETHUSD,wpr_only,30,6,7abf2369a8c0,28245,12577.0,ok,697.0,1.1844928305894848,588.4375,2188.0,2993.0,10000.0,-4705.104529652497,5294.895470347523,-47.051045296524975,47.66963823812233,2210.1567082270003,33.654821425497055,-4671.449708226975,11879.307315717495,-16584.41184536999,50.55024389667019,-35.89699533629867,94.54597318799954,-57.21487379999967,0.7162935548440291,0.33715925394548063,-0.17965983518535128,-0.2755319845230204,-0.09000516686871116,-0.07714222636746944,0.10251760881788183,22.30416068866571,153.3520251681595,0.32263816392061634,0.0,
ETHUSD,hwpr_no_confirm,30,6,492823a2fdc7,28245,2801.0,ok,396.0,0.6729686670207117,588.4375,88.0,508.0,10000.0,-850.817826843173,9147.751917799938,-8.50817826843173,13.480693136553834,1313.916713977,12.827112866169749,-840.9480687070045,8670.1329966336,-9520.950823476773,52.54626058565818,-41.21623733106828,100.404854667,-60.06147382192678,0.9106373047589716,0.4166666666666667,-0.04208782660038348,-0.14919416595536944,0.06918251110286475,0.031507195482959535,0.07359502208334301,31.803030303030305,230.47134903626483,0.23160465717957945,0.0,
ETHUSD,st_flip_atr,30,6,cc14ebbc36cc,28245,1142.0,ok,406.0,0.6899628252788104,588.4375,290.0,220.0,10000.0,-2569.329946196681,7430.670053803335,-25.693299461966806,28.71502954475703,1724.784124299,-15.759178102312102,-2585.089124298989,9722.875267489359,-12292.205213686037,70.45561788035766,-45.866437364500136,98.30608148400036,-58.44662264999949,0.7909789251373701,0.3399014778325123,-0.14282830111249925,-0.26641196168219,-0.011672374981627475,-0.03791532026064383,0.1049129808518554,21.68472906403941,143.47182364770876,0.330635578791234,0.0,
ETHUSD,flip_wide,30,6,9fa46d676fb3,28245,156.0,ok,133.0,0.22602230483271377,588.4375,2.0,5.0,10000.0,-235.9281963411117,9764.004984368246,-2.359281963411117,6.427777463680447,350.634918609,12.257277732109003,-225.82560410900078,2431.76849247307,-2667.6966888141824,43.42443736559054,-34.64541154304133,96.94922318668642,-55.58859209727051,0.9115610866368827,0.42105263157894735,-0.034602301145922665,-0.1960419427262752,0.13527594493658893,0.022026490840871455,0.05662879198679411,36.34586466165413,282.54308246519395,0.17775452010382412,0.0,
ETHUSD,trend_wide_stop,30,6,d05acddffa50,28245,2837.0,ok,410.0,0.69676048858205,588.4375,14.0,475.0,10000.0,-313.13049886812814,9686.797743647001,-3.1313049886812814,8.477918851837439,1175.213323815,64.4631750531299,-250.956539204999,8665.700953364843,-8978.831452232973,48.14278307424913,-39.03839761840423,98.30140343748013,-59.66036528851881,0.9651256958620984,0.43902439024390244,-0.01304112381952204,-0.11402621403491031,0.09471221618630712,0.049278637454267554,0.06231976127378959,36.334146341463416,274.25538933670964,0.1959097035591295,0.0,
ETHUSD,counter_trend,30,6,78f4d84ac5aa,28245,400.0,ok,184.0,0.31269251194901754,588.4375,83.0,21.0,10000.0,1025.3556822197706,11025.355682219755,10.253556822197707,6.251792547999163,883.10027266,3.827045120222742,1029.1827273399795,6533.476492783431,-5508.120810563661,82.70223408586622,-52.45829343393962,107.86654147275635,-66.17377330854254,1.1861534482419682,0.42934782608695654,0.11091625258895126,-0.08773283861887442,0.3045758611385356,0.21385272219540574,0.1029364696064545,24.032608695652176,149.24035501245652,0.3243818336140726,0.0,
ETHUSD,atr_pullback,30,6,3494116be2ba,28245,118.0,ok,68.0,0.1155602761550717,588.4375,33.0,0.0,10000.0,244.12333836056052,10244.123338360578,2.441233383605605,3.8953468116869114,301.647298098,3.80686354143615,247.9302019020015,2108.618447661536,-1864.495109300975,78.09697954301984,-45.47549047075549,99.65665920131775,-63.3578680613705,1.1309326783120852,0.39705882352941174,0.07577537273770328,-0.23231179564228852,0.3879834296094583,0.17515615190448494,0.09938077916678166,27.029411764705884,161.9551522959448,0.3129406855152641,0.0,
ETHUSD,atr_banded,30,6,ebf2b8df2b76,28245,1068.0,ok,260.0,0.44184811471056823,588.4375,284.0,65.0,10000.0,-1376.8930876777717,8623.106912322231,-13.768930876777718,19.712960561698356,1129.950577358,-22.241489680226856,-1399.1345773579924,6265.56654757543,-7642.459635253203,66.65496327207904,-46.03891346538074,97.54560035792605,-58.38579535499919,0.8198363938585389,0.36153846153846153,-0.11036387741769947,-0.26220055171130996,0.04709303519281605,-0.005986992989145059,0.10437688442855438,23.588461538461537,150.45112539153345,0.3289551980864679,0.0,
ETHUSD,atr_adx,30,6,dc0355172875,28245,2079.0,ok,429.0,0.7290493892724376,588.4375,354.0,444.0,10000.0,-2479.138786205867,7520.861213794132,-24.79138786205867,28.096185151471804,1675.595052483,46.33673372287585,-2432.8020524829817,10182.562545554782,-12661.70133176065,70.22456927968815,-44.583455393523415,96.36522964,-57.581403164812144,0.8042017639456406,0.337995337995338,-0.12901560100466003,-0.2522789780478105,-0.006942304938910697,-0.027565386836169,0.10145021416849101,20.184149184149184,153.6203754112731,0.31971030065792033,0.0,
ETHUSD,atr_adx_both,30,6,b933a9bd20a9,28245,1287.0,ok,351.0,0.5964949548592672,588.4375,198.0,290.0,10000.0,-230.90965578327757,9769.090344216733,-2.309096557832776,12.91465822477302,1545.414226242,62.0224295412815,-168.88722624198454,10861.942309775193,-11092.85196555847,79.86722286599407,-51.59466030492312,99.81340679800002,-60.7296346816574,0.9791839234400482,0.38746438746438744,-0.008637385662784844,-0.1525244523062766,0.13666268770361933,0.09181669741118287,0.10045408307396768,20.635327635327634,155.4579249746533,0.31665963483667503,0.0,
ETHUSD,atr_t3,30,6,bc1c0bc5dcc3,28245,3862.0,ok,549.0,0.932979288369623,588.4375,819.0,810.0,10000.0,-291.48124002234835,9708.518759977655,-2.9148124002234836,17.323883874055575,2685.0710968900003,106.42864313235597,-185.0525968899783,18215.220018885382,-18506.70125890773,94.87093759836137,-51.839499324671515,155.8897280854704,-63.106011690939646,0.9842499624355231,0.34972677595628415,-0.004849890858583309,-0.13886741691631743,0.12810805972781628,0.10112920662831085,0.10597909748689416,24.783242258652095,145.7110548704962,0.3340471111761173,0.0,
ETHUSD,atr_t4,30,6,ca3098ea3584,28245,3862.0,ok,525.0,0.8921933085501859,588.4375,825.0,768.0,10000.0,387.0699673838873,10387.069967383904,3.8706996738388724,13.196122477635324,2783.9759732969997,113.76155931912076,500.83152670301934,19138.504274922372,-18751.434307538482,107.51968693776614,-54.038715583684386,215.99725239387172,-67.39545284236466,1.0206421525434073,0.33904761904761904,0.021810732211631975,-0.12493283972104775,0.17156180433247864,0.1280975904274452,0.10628685821581323,26.721904761904764,145.11490461993208,0.33501963245016525,0.0,
ETHUSD,atr_banded_adx,30,6,0e2bbea33141,28245,444.0,ok,145.0,0.2464152947424323,588.4375,103.0,19.0,10000.0,-1674.8709239063587,8325.129076093617,-16.748709239063587,18.50117277870746,636.8969586640001,-14.4265347576371,-1689.297458664014,2986.8156119816026,-4661.686535887961,66.37368026625784,-46.616865358879615,96.75789434500001,-57.74064844499918,0.6407156699592783,0.3103448275862069,-0.25013329390911965,-0.4556690183348302,-0.04650151284962997,-0.14743636981975503,0.10269692408936466,22.28965517241379,152.50198570293844,0.32392122769927834,0.0,
ETHUSD,hwpr_v2,60,12,2c9d8833017f,14123,355.0,ok,148.0,0.25150463782482474,588.4583333333334,1.0,70.0,10000.0,-1220.9330601219226,8779.066939878076,-12.209330601219225,12.542645438665623,364.01177891300006,12.678281208923,-1208.2547789130003,2120.573244214667,-3341.5063043365894,39.2698748928642,-35.54793940783606,94.51366596101737,-51.4950199400001,0.6346159639030452,0.36486486486486486,-0.1750845772532334,-0.3319008157723715,-0.019153111343648582,-0.1184814250457822,0.05660315220745121,18.31756756756757,307.2782060867687,0.17793842394272835,0.0,
ETHUSD,atr_arm,60,12,5487f1778e24,14123,1901.0,ok,446.0,0.7579126247964313,588.4583333333334,97.0,647.0,10000.0,-906.7090569181508,9093.290943081873,-9.06709056918151,12.001955105795066,1683.392727806,27.332329112158096,-879.3767278059804,11441.58605769969,-12348.29511461784,64.27857335786342,-46.07572803961881,98.44623078000015,-57.80145862999991,0.9265721260706837,0.3991031390134529,-0.03899584666053556,-0.15480350420519629,0.07445180542487013,0.046866312636841524,0.08586215929737706,13.457399103139014,190.05267963736532,0.27037956943916647,0.0,
ETHUSD,flip,60,12,3e6d68488baa,14123,70.0,ok,65.0,0.11045811796360545,588.4583333333334,0.0,3.0,10000.0,-414.74490165633074,9585.255098343669,-4.147449016563307,6.123513541174998,305.6151520970001,-10.077750440667801,-424.8226520970038,1599.2868087145287,-2014.0317103708594,66.63695036310536,-49.122724643191695,95.5356382040001,-56.67169472671053,0.7940723080373147,0.36923076923076925,-0.12637212100437276,-0.42692794992060545,0.1884773734922737,-0.02110524266954836,0.10526687833482438,12.261538461538462,150.07355012362765,0.33204391669886557,0.0,
ETHUSD,trend_pure,60,12,dfece69b487b,14123,397.0,ok,186.0,0.3160801529420095,588.4583333333334,2.0,79.0,10000.0,-947.7491074750985,9052.250892524904,-9.477491074750985,9.83847167080554,493.450074454,17.974033021097355,-929.7750744540062,2953.4255297210366,-3901.174637196135,38.35617571066281,-35.7905930017994,93.1339765979999,-53.67599662999982,0.7570605790269703,0.41397849462365593,-0.10478672022901633,-0.23937974067383502,0.03681602382703641,-0.045674182185822206,0.05911253804319411,18.440860215053764,291.5121375340202,0.18579391223692285,0.0,
ETHUSD,st_only,60,12,96300d1f8933,14123,1387.0,ok,368.0,0.6253628832401048,588.4583333333334,47.0,397.0,10000.0,-62.23188728041143,9937.768112719594,-0.6223188728041144,8.554236165287357,1218.575058798,20.710328482415704,-41.52155879801103,8326.16986977349,-8388.401757053904,52.36584823756912,-40.13589357442059,101.2339244475704,-60.593938802732666,0.9925811985306877,0.4320652173913043,-0.0005384601398419704,-0.11005488018548579,0.11256106720263884,0.07172846469884067,0.07226692483868263,16.96195652173913,242.03968235880342,0.2273787801156989,0.0,
ETHUSD,adx_only,60,12,2491a9621e95,14123,665.0,ok,273.0,0.4639240954471429,588.4583333333334,19.0,196.0,10000.0,-554.8744977465437,9445.125502253457,-5.548744977465438,9.538969067599007,994.521654261,52.443343485540055,-502.4311542610085,7204.465306213429,-7759.339803959973,68.61395529727075,-46.1865464521427,100.15727807190574,-60.58114111352956,0.9284894705264275,0.38461538461538464,-0.037889570708160736,-0.17799398292286553,0.10699007085067877,0.04351818425810102,0.08140775496626176,14.49084249084249,200.60180541624874,0.25635300356462265,0.0,
ETHUSD,wpr_only,60,12,efb4c831fb11,14123,6210.0,ok,522.0,0.8870636550308008,588.4583333333334,258.0,2257.0,10000.0,-2279.669648296926,7720.330351703066,-22.79669648296926,23.113087399169334,1758.564781168,-14.039632871070404,-2293.709281167982,11026.673011420378,-13306.342659717304,54.31858626315457,-41.712672914474304,95.748490845,-54.978396270000545,0.8286779691012889,0.3888888888888889,-0.0956235744638003,-0.19961097826957444,0.0013450187418907315,-0.009870807487769032,0.08575276697603126,14.31992337164751,189.03276739210662,0.26999164756224253,0.0,
ETHUSD,hwpr_no_confirm,60,12,eafc7d4fb783,14123,1051.0,ok,226.0,0.3840543793811513,588.4583333333334,14.0,241.0,10000.0,-665.3430655486346,9334.656934451357,-6.653430655486346,8.649761694338649,602.1982331930001,23.970332355632305,-641.3727331930386,3984.7402299947835,-4650.083295543417,39.84740229994784,-36.90542298050331,95.46346502091022,-57.092900777855924,0.8569180328046403,0.4424778761061947,-0.05833721004648955,-0.1846506728359177,0.0780106843940406,0.0004016897692539938,0.058738899815743525,18.513274336283185,297.5798596493362,0.18452409842921236,0.0,
ETHUSD,st_flip_atr,60,12,6191e0bbf3d5,14123,579.0,ok,294.0,0.4996105643276924,588.4583333333334,32.0,165.0,10000.0,-1159.934368842722,8839.95724136645,-11.59934368842722,13.030295707079484,1068.634141227,28.42622761572349,-1134.7973295319935,6448.569698309951,-7608.504067152673,53.293964448842566,-43.97979229568019,96.28335486599987,-56.79837503999979,0.8475476442405577,0.41156462585034015,-0.08116260150586461,-0.21314405133579595,0.045488033266322093,0.0020522737069497976,0.08321487521281444,15.258503401360544,202.11984375024156,0.26206168558452586,0.0,
ETHUSD,flip_wide,60,12,01b133b83b8b,14123,68.0,ok,61.0,0.10366069531969127,588.4583333333334,0.0,2.0,10000.0,-10.74717276317795,9989.252827236822,-0.1074717276317795,3.34596170161777,122.82616574900001,-1.61749298582095,-12.364665749004416,791.9007707108784,-802.6479434740564,23.291199138555246,-29.727701610150238,98.23576999909979,-53.36683332611033,0.9866103528320752,0.5573770491803278,-0.002123776244193171,-0.18034196197804858,0.170331556584111,0.03907756059342626,0.04120133683761943,21.934426229508198,407.4211179583223,0.12908775695885277,0.0,
ETHUSD,trend_wide_stop,60,12,fc1b4bf036c0,14123,1380.0,ok,277.0,0.4707215180910571,588.4583333333334,2.0,345.0,10000.0,-518.0715184701946,9481.928481529803,-5.180715184701946,8.05513799909249,552.724853688,12.494164782193703,-505.57735368800786,3917.924388777915,-4435.995907248109,34.3677577962975,-27.21469881747306,96.56088359226403,-52.42457863201444,0.883211903414135,0.41155234657039713,-0.03736061371963893,-0.13502164545609388,0.05903858634306961,0.005955400318992964,0.043316014038631896,21.444043321299638,386.42586838137987,0.13572573110865133,0.0,
ETHUSD,counter_trend,60,12,f7c6b771ba0f,14123,186.0,ok,107.0,0.18183105572470437,588.4583333333334,4.0,15.0,10000.0,-546.857666091326,9453.14233390869,-5.468576660913261,8.692312595082676,377.82813577900004,-18.8029696876753,-565.6606357789915,2229.8120130877082,-2776.6696791790346,53.090762216374,-42.717995064292836,96.28335486599987,-56.3001436799998,0.8030526748673205,0.3925233644859813,-0.10167192307142554,-0.3098243131661607,0.11083739123593835,-0.021914199231300953,0.07975772384012458,15.30841121495327,202.4975744108174,0.2511905857649326,0.0,
ETHUSD,atr_pullback,60,12,65d4c9d56bc9,14123,44.0,ok,40.0,0.06797422643914182,588.4583333333334,1.0,1.0,10000.0,-437.28956644589573,9562.7104335541,-4.372895664458958,5.817005711336228,151.014385798,2.4316806478937503,-434.85788579800646,701.3820993163138,-1138.6716657622096,43.83638120726961,-47.44465274009207,96.29416436700018,-55.12887911855755,0.6159651815405621,0.4,-0.22328461806277738,-0.5380927407019149,0.10918366928806701,-0.14206790156498875,0.08121671649778864,15.8,198.00114738169023,0.25551885115703776,0.0,
ETHUSD,atr_banded,60,12,b87917a4e945,14123,536.0,ok,202.0,0.3432698435176662,588.4583333333334,43.0,69.0,10000.0,-919.0777680929762,9080.922231907029,-9.190777680929761,12.740606222058904,735.101215005,-8.134446912021954,-927.2122150050018,4339.126855676646,-5258.204623769622,51.656272091388644,-44.56105613364087,96.26172974884861,-57.590195,0.8252107261215547,0.4158415841584158,-0.09264007261268005,-0.249049968584759,0.06640904265651777,-0.007938884916677732,0.08470118769600235,14.757425742574258,190.3955681908805,0.26669976247962596,0.0,
ETHUSD,atr_adx,60,12,04beb4cff4c7,14123,1036.0,ok,284.0,0.48261700771790694,588.4583333333334,26.0,315.0,10000.0,-1126.3998553376273,8873.600144662369,-11.263998553376272,14.996553983129127,986.731463352,32.74939198562801,-1093.6504633519944,6565.969307203115,-7692.369162540742,61.9431066717275,-43.215557092925515,99.10809183299993,-55.25532651014235,0.853569188953799,0.3732394366197183,-0.08145091851340226,-0.2230985957648936,0.05589157889943513,-0.00011540125735090751,0.08133551725605134,14.288732394366198,199.40697896955243,0.2559738991748228,0.0,
ETHUSD,atr_adx_both,60,12,ff025b438234,14123,674.0,ok,234.0,0.3976492246689797,588.4583333333334,12.0,199.0,10000.0,-958.3193152645488,9041.680684735473,-9.583193152645487,11.154546451354205,817.5649952890001,42.076319975548415,-916.2429952889943,5549.675629503854,-6507.994944768405,63.78937505176844,-44.27207445420684,98.49215195999994,-57.585370399124244,0.8527473786630831,0.3717948717948718,-0.08244694711540296,-0.23938863163823593,0.07831338262602751,-0.001814789540451995,0.08063215757495099,14.247863247863247,199.41661570283583,0.2539002435950017,0.0,
ETHUSD,atr_t3,60,12,2948f1986035,14123,1901.0,ok,423.0,0.7188274445939248,588.4583333333334,105.0,594.0,10000.0,-1136.361760864989,8863.638239135016,-11.36361760864989,16.06152409501323,1700.1670773760002,40.30218348899465,-1096.059577375985,11273.53107588275,-12409.892836747742,72.26622484540225,-46.47899938856832,149.69111397640552,-58.92381704999991,0.9084309771394612,0.36879432624113473,-0.0524253537289756,-0.183246087975963,0.08523763726577911,0.03440950246775558,0.08683485619673123,15.14420803782506,186.59929953493713,0.2735341459287309,0.0,
ETHUSD,atr_t4,60,12,25b97146fc25,14123,1901.0,ok,414.0,0.7035332436451178,588.4583333333334,105.0,580.0,10000.0,-667.7734760242716,9332.226523975702,-6.677734760242717,14.679803324880602,1754.7182529680001,58.001223056278455,-609.772252968005,11831.799237533838,-12499.572713558107,77.33202116035189,-47.89108319370922,204.38756725800056,-64.47146569630235,0.9465762957400979,0.3695652173913043,-0.027911917919969068,-0.16409393976251335,0.11619746298242495,0.059011683167406584,0.08692360108737568,15.98792270531401,186.49510489321779,0.27387820872044466,0.0,
ETHUSD,atr_banded_adx,60,12,74612893d7d7,14123,244.0,ok,106.0,0.18013170006372584,588.4583333333334,10.0,24.0,10000.0,-1277.2676469035564,8722.732353096459,-12.772676469035563,13.947908166558154,362.227999829,-3.1473529254407504,-1280.4149998289977,1698.5332239658414,-2975.8008708693974,43.55213394784209,-44.41493837118504,94.37424485181235,-53.82642872999938,0.570781882817853,0.36792452830188677,-0.2561773229670092,-0.45866244648997745,-0.04030538955598198,-0.17756798306636698,0.07860933990064226,15.084905660377359,205.44779640057612,0.24749922973120886,0.0,
ETHUSD,hwpr_v2,240,48,615596c7402f,3530,24.0,ok,15.0,0.025495750708215296,588.3333333333334,0.0,0.0,10000.0,-50.57605180006972,9949.423948199918,-0.5057605180006972,1.2899311893775318,28.364474809,-14.2859230089298,-64.86197480900773,311.2018479727564,-361.7778997728262,62.24036959455128,-36.177789977282615,96.2939049340001,-54.00730434120154,0.8602013781609426,0.3333333333333333,-0.06373184976900911,-0.5690170583599445,0.5257472069742073,-0.023468049699369005,0.040263800069640136,14.533333333333333,408.54272654494696,0.12570911461173007,0.0,
ETHUSD,atr_arm,240,48,c9fa0fb9e041,3530,371.0,ok,101.0,0.17167138810198299,588.3333333333334,0.0,121.0,10000.0,-466.498297236428,9533.501702763562,-4.66498297236428,8.384850845593196,210.881640406,-5.358843169571006,-471.85714040601124,2411.7970417827078,-2878.295339019136,65.18370383196508,-44.973364672174,100.52296112899984,-59.05788879961607,0.8379254932902747,0.36633663366336633,-0.09046843883724895,-0.32309294529027466,0.1390830559203153,-0.04391280814368097,0.046555630693567995,12.663366336633663,381.03529096631536,0.1461373572050617,0.0,
ETHUSD,flip,240,48,73f436a33410,3530,25.0,ok,19.0,0.03229461756373937,588.3333333333334,0.0,0.0,10000.0,-30.837322133075673,9969.162677866934,-0.30837322133075673,2.7207443186500133,86.265129295,37.5476928380748,6.710370705000969,650.2905053246827,-681.1278274577584,92.89864361781181,-56.76065228814653,98.18835939288307,-68.99917925411351,0.9547260868078568,0.3684210526315789,-0.02573155218396851,-0.6760522577029596,0.6334509554735307,0.07953198402402827,0.10526353620799679,6.052631578947368,150.09421734252751,0.3317146961020389,0.0,
ETHUSD,trend_pure,240,48,94d0fcfbb185,3530,27.0,ok,17.0,0.028895184135977334,588.3333333333334,0.0,3.0,10000.0,100.26586773131896,10100.265867731314,1.0026586773131896,1.6391893191265088,31.645262814000002,3.27886945468105,103.54473718599729,505.9546549093966,-405.68878717807763,63.244331863674574,-45.07653190867529,100.66267244250547,-59.31294630081564,1.2471497140178713,0.47058823529411764,0.12722059444436645,-0.43737363422375863,0.7306705852907562,0.16707673710189927,0.039856142657532866,14.470588235294118,433.8386531576144,0.12444460521101484,0.0,
ETHUSD,st_only,240,48,ee4b57780b7d,3530,186.0,ok,72.0,0.12237960339943342,588.3333333333334,0.0,52.0,10000.0,-134.04447279084349,9865.955527209164,-1.3404447279084348,4.823856212177273,152.057108367,9.6838644238439,-124.36060836700199,1865.739091942987,-1999.7835647338306,66.63353899796383,-45.449626471223425,103.22963168487031,-60.85709364122341,0.9329705098318053,0.3888888888888889,-0.03244702972580958,-0.30400930843277435,0.2517650277252715,0.01361214010856393,0.046059169834373456,12.652777777777779,381.5211317986602,0.14447798395219558,0.0,
ETHUSD,adx_only,240,48,ef6ce688dd83,3530,114.0,ok,50.0,0.08498583569405099,588.3333333333334,0.0,29.0,10000.0,159.2915528013485,10159.291552801367,1.592915528013485,2.7182513181873267,99.489986395,24.10796080365205,183.3995136050071,1469.9293882603195,-1310.637835458971,66.81497219365089,-46.80849412353468,103.9181272054134,-59.977666329292724,1.1215374289462399,0.44,0.06873072363981836,-0.24495238131839195,0.4256085827262804,0.11227807201424862,0.043547348374430285,12.6,378.5448740337009,0.13634240314358045,0.0,
ETHUSD,wpr_only,240,48,110eede40f13,3530,1220.0,ok,119.0,0.20226628895184134,588.3333333333334,0.0,450.0,10000.0,526.5542543180109,10526.554254318036,5.265542543180109,5.8718958798129055,246.229798792,47.19344688998906,573.747701208018,3141.9058251532947,-2615.3515708352843,57.12556045733263,-40.86486829430132,108.14823385141524,-56.0817335941127,1.2013321115944045,0.46218487394957986,0.09026432240161963,-0.10584646389436991,0.2893382164876957,0.1354652875360048,0.04520096513438522,12.789915966386555,382.8992135646165,0.14158411483223088,0.0,
ETHUSD,hwpr_no_confirm,240,48,13af052e1800,3530,71.0,ok,31.0,0.052691218130311614,588.3333333333334,0.0,7.0,10000.0,327.72749586036707,10327.727495860368,3.277274958603671,1.6467877731903164,60.383695215,-21.220191075366397,306.5073047850001,944.1214694901814,-616.3939736298144,59.00759184313634,-41.092931575320954,105.88040196761443,-59.59246449169312,1.5316851070597735,0.5161290322580645,0.21165251888317171,-0.16922050690318927,0.6235837373402682,0.252993827225185,0.041341308342013355,14.096774193548388,433.8386531576144,0.12939960088215433,0.0,
ETHUSD,st_flip_atr,240,48,5b6dddc13e0d,3530,108.0,ok,59.0,0.10028328611898016,588.3333333333334,0.0,34.0,10000.0,430.7160816754592,10430.71608167546,4.307160816754592,3.7809785551244506,129.51251479299998,35.35190353154181,466.06798520700613,1937.1091818887114,-1506.3931002132524,71.74478451439671,-47.07478438166414,117.09830906289594,-63.30755188475869,1.2859254212027955,0.4576271186440678,0.1476628313905704,-0.18791430566554088,0.4821184164142672,0.19524017753003067,0.04757734613946024,12.796610169491526,369.7822141560801,0.14925619018183156,0.0,
ETHUSD,flip_wide,240,48,051cc4ae8a12,3530,15.0,ok,14.0,0.023796033994334276,588.3333333333334,0.0,0.0,10000.0,-66.43358101091185,9933.56641898909,-0.6643358101091185,1.3935803189344265,14.860673516,13.770907494911702,-52.66267351600436,147.1379392267378,-213.57152023764965,24.52298987112297,-26.696440029706206,99.34613998400002,-52.16888271103219,0.6889398879729446,0.42857142857142855,-0.09739639494846722,-0.47280711530342523,0.32123932995300525,-0.07547615667122883,0.021920238277238355,17.857142857142858,728.5438253163995,0.06849878771130248,0.0,
ETHUSD,trend_wide_stop,240,48,07f486d17dce,3530,226.0,ok,56.0,0.0951841359773371,588.3333333333334,0.0,51.0,10000.0,85.63541106711648,10085.6354110671,0.8563541106711647,2.560516746145088,57.445611068000005,2.4564778648838494,88.09188893199098,931.3345151898743,-845.6991041227578,37.25338060759497,-27.280616262024445,98.95619284099998,-53.30550050630004,1.1012599051478786,0.44642857142857145,0.03241724349208159,-0.18529695330179335,0.27958800153398766,0.054106047493282815,0.02168880400120124,18.178571428571427,770.6538197583991,0.067073067824469,0.0,
ETHUSD,counter_trend,240,48,98719646ab0d,3530,30.0,ok,22.0,0.037393767705382434,588.3333333333334,0.0,1.0,10000.0,103.12832418261755,10103.128324182619,1.0312832418261755,1.6681110258440872,43.103487912,17.37618790538265,120.50451208800223,608.9952756263325,-505.8669514437148,60.89952756263325,-42.155579286976234,103.29741780401845,-58.731513618312135,1.203864521863497,0.45454545454545453,0.09918923751686642,-0.37098578476481975,0.5903632256081133,0.14133997999190362,0.04215074247503719,14.318181818181818,397.5763785234775,0.13225805359710752,0.0,
ETHUSD,atr_pullback,240,48,81c45fd8782e,3530,7.0,ok,7.0,0.011898016997167138,588.3333333333334,0.0,0.0,10000.0,46.40178094676553,10046.401780946771,0.4640178094676553,0.547613677121889,12.65012469,-6.625905636765551,39.77587531000063,204.78967465232273,-158.3878937055572,68.26322488410757,-39.5969734263893,101.74865988871372,-55.31840134279979,1.2929629270342238,0.42857142857142855,0.1429096950557543,-0.751145148320505,1.046557959139306,0.18363762232473327,0.0407279272689789,11.285714285714286,401.7897192069607,0.12685293217117558,0.0,
ETHUSD,atr_banded,240,48,4fa35bae6bb2,3530,108.0,ok,48.0,0.08158640226628895,588.3333333333334,0.0,8.0,10000.0,-128.56895868780856,9871.431041312171,-1.2856895868780855,4.457304515127801,97.755182327,20.2802763608099,-108.28868232701097,1174.6171653127872,-1303.1861240005956,58.730858265639355,-46.54236157144984,101.65858234206489,-61.59483339151614,0.9013425969476102,0.4166666666666667,-0.048016119236003386,-0.3596310177198834,0.293139296947514,-0.002697886900431009,0.045318232335572355,13.125,377.5891198579417,0.14194529044630766,0.0,
ETHUSD,atr_adx,240,48,2a9f6ce5e0de,3530,178.0,ok,58.0,0.09858356940509914,588.3333333333334,0.0,46.0,10000.0,325.9837909922291,10325.98379099221,3.259837909922291,1.5865464997557592,111.80027397200001,5.620435035772548,331.604226028001,1693.8104223229218,-1367.8266313306926,62.7337193452934,-44.123439720344926,105.49264428428329,-55.94911056921596,1.238322447834705,0.46551724137931033,0.11559400944584951,-0.182918463685528,0.44128512425317407,0.15755308918145097,0.04195907973560145,13.10344827586207,406.68029142790215,0.13131194305964,0.0,
ETHUSD,atr_adx_both,240,48,65d8e682e631,3530,116.0,ok,45.0,0.07648725212464588,588.3333333333334,0.0,30.0,10000.0,525.1305353734272,10525.130535373426,5.2513053537342715,2.281613803066232,86.60072349000002,-7.973258863426105,517.1572765100063,1643.1949631195273,-1118.0644277461001,82.15974815597636,-44.722577109844,107.0671613631532,-58.054552982876935,1.4696782424533754,0.4444444444444444,0.23539406378481895,-0.14001171092251327,0.6165600696221748,0.27808446251066077,0.04269039872584187,11.6,382.7178234420637,0.13340112601482088,0.0,
ETHUSD,atr_t3,240,48,953e321b2f63,3530,371.0,ok,100.0,0.16997167138810199,588.3333333333334,0.0,109.0,10000.0,162.20926335486885,10162.209263354884,1.6220926335486885,7.795922438099194,220.825918941,-3.646682295868745,158.56258105900451,3078.435834795132,-2916.226571440264,85.512106522087,-45.56604017875412,162.68730200814417,-62.43262530245127,1.0556229975213334,0.36,0.038318698798880224,-0.23697249945873292,0.32618394255183375,0.08442389511538809,0.04610519631650786,13.64,379.71260482162234,0.14450094002811206,0.0,
ETHUSD,atr_t4,240,48,1dad2d9ba5a5,3530,371.0,ok,98.0,0.16657223796033993,588.3333333333334,0.0,105.0,10000.0,608.6302206295285,10608.630220629511,6.086302206295285,7.33891927509809,227.857237281,0.7685420894716479,609.3987627189981,3431.3590291583423,-2822.7288085288137,87.98356485021391,-47.84286116150532,210.3738221119235,-64.96367767957766,1.215617674213182,0.3979591836734694,0.13080771500187016,-0.17061090275289256,0.448680686411837,0.17738782478954554,0.04658010978767541,14.091836734693878,372.4989320562066,0.14601519613682942,0.0,
ETHUSD,atr_banded_adx,240,48,319dc61de91e,3530,52.0,ok,24.0,0.040793201133144476,588.3333333333334,0.0,3.0,10000.0,58.198489362975295,10058.198489362967,0.581984893629753,1.7334599244292825,44.253266224,-17.763255586974402,40.43523377599922,571.7228587316407,-513.5243693686654,47.64357156097006,-42.79369744738878,102.34361012654351,-59.296101939187125,1.1133315044708112,0.5,0.05482883617802981,-0.37841703979814606,0.49578811153154795,0.09506816706214512,0.04023933088411526,15.416666666666666,431.6856036261331,0.12584765571412496,0.0,
SOLUSD,hwpr_v2,1,1,d0d990e07b5d,847348,77048.0,ok,1318.0,2.239835345100242,588.4361111111111,23060.0,2324.0,10000.0,-5431.714120289507,4568.285879710502,-54.31714120289507,59.20608179806959,4824.6368192462005,27.09610104329837,-5404.618019246221,29016.452929717994,-34448.1670500075,63.9128919156784,-39.87056371528646,99.41838494359982,-58.98044072200007,0.8423221150662551,0.34446130500758726,-0.11693378357308891,-0.1881142820747873,-0.04295522097596116,-0.003910984260139504,0.11302279931294942,413.6805766312595,130.8438345857362,0.3480558161038525,0.0,
SOLUSD,atr_arm,1,1,56f6ae1069b6,847348,201341.0,ok,188.0,0.31949092934662027,588.4361111111111,198729.0,415.0,10000.0,-1465.1998231388864,8534.800176861121,-14.651998231388863,19.006130817684326,980.8217899824001,-3.4283668435170993,-1468.628189982397,5391.391426783353,-6856.5912499222395,91.37951570819243,-53.15187015443597,99.38953601280025,-58.978558116000215,0.7863078358133857,0.31382978723404253,-0.1680907352772052,-0.35904610687442007,0.030228633106192285,-0.044531435325871296,0.12355929995133391,43.58510638297872,119.20067399427766,0.3833478044916222,0.0,
SOLUSD,flip,1,1,5434cfafbbc2,847348,8244.0,ok,1414.0,2.4029796494474525,588.4361111111111,0.0,233.0,10000.0,-5036.585921487246,4962.100528270353,-50.365859214872465,52.29916473981202,4608.249414300801,2.43810718645282,-5035.408604530807,29360.30687003521,-34396.892791522456,58.95643949806267,-37.551193003845476,96.42805441593136,-56.220080402159994,0.8535743925472077,0.3521923620933522,-0.09762846166481101,-0.17067962902213948,-0.0314705363126064,0.007702258384179378,0.1053307200489904,472.26096181046677,150.00335422876117,0.3235502977613687,0.0,
SOLUSD,trend_pure,1,1,8bb3583aafa1,847348,25519.0,ok,786.0,1.3357439918427847,588.4361111111111,18085.0,299.0,10000.0,-3001.641072099402,6998.358927900607,-30.016410720994024,34.33944584425508,3393.4315844496,7.249687649805878,-2994.3913844495946,21603.97478407675,-24605.61585617615,80.31217391850092,-47.59306742006993,99.41838494359982,-58.261253161812355,0.8780099189695358,0.3422391857506361,-0.08720038871957475,-0.18591314088972877,0.00805557563001031,0.02512075567982331,0.11232114439939803,290.56997455470736,134.59173799369563,0.34720632926287565,0.0,
SOLUSD,st_only,1,1,7af527e08725,847348,54852.0,ok,277.0,0.47073929483517984,588.4361111111111,52837.0,136.0,10000.0,-2317.8627407828817,7682.13725921711,-23.178627407828817,26.92992087116727,1262.7974907854,11.6321499974912,-2306.230590785398,6906.25372025115,-9224.116461034031,82.21730619346607,-47.79334953903643,99.13610395920027,-58.86250162200048,0.7487170992935354,0.30324909747292417,-0.1951364199344808,-0.3515295714118201,-0.029034525244896463,-0.07569680984777019,0.1194396100867106,102.67870036101083,124.98069027196215,0.3695507415733706,0.0,
SOLUSD,adx_only,1,1,13bd4d06debd,847348,26151.0,ok,76.0,0.1291559076082082,588.4361111111111,25826.0,33.0,10000.0,96.71953082261696,10096.719530822635,0.9671953082261696,6.395929739131716,378.5832535244,-0.8160843470149002,95.90344647562051,2652.4325918583672,-2555.71306103575,91.46319282270233,-54.37687363905851,99.10462695200012,-58.41622552200014,1.037844440480114,0.3815789473684211,0.03268357415851607,-0.2903989924169448,0.36183139442846163,0.14984816610044174,0.1171645919419257,79.15789473684211,124.53161347135745,0.36225491525305753,0.0,
SOLUSD,wpr_only,1,1,101048028d83,847348,370162.0,ok,215.0,0.3653752649442732,588.4361111111111,363224.0,846.0,10000.0,-2918.129679065092,7081.8703209349105,-29.181296790650922,29.836164779357798,988.5614833112002,-4.7961042461024,-2922.925783311194,4385.740292002009,-7303.869971067101,78.31679092860729,-45.93628912620818,95.23780279919995,-56.48091077900022,0.6004680134470204,0.26046511627906976,-0.32550252467706287,-0.494839888201712,-0.1463840534120013,-0.20231236490389862,0.12319015977316417,60.0046511627907,120.19691461425415,0.38030905839980395,0.0,
SOLUSD,hwpr_no_confirm,1,1,c11a3456299c,847348,77048.0,ok,1318.0,2.239835345100242,588.4361111111111,23060.0,2324.0,10000.0,-5431.714120289507,4568.285879710502,-54.31714120289507,59.20608179806959,4824.6368192462005,27.09610104329837,-5404.618019246221,29016.452929717994,-34448.1670500075,63.9128919156784,-39.87056371528646,99.41838494359982,-58.98044072200007,0.8423221150662551,0.34446130500758726,-0.11693378357308891,-0.1881142820747873,-0.04295522097596116,-0.003910984260139504,0.11302279931294942,413.6805766312595,130.8438345857362,0.3480558161038525,0.0,
SOLUSD,st_flip_atr,1,1,1c8d76effdaf,847348,54862.0,ok,118.0,0.20053154076011273,588.4361111111111,54113.0,72.0,10000.0,-2272.85847618654,7727.141523813459,-22.7285847618654,26.341253147327492,550.6806965882,-1.5726204016551997,-2274.431096588197,2067.879465994618,-4340.737942181159,79.53382561517762,-47.181934154143036,95.41403504199987,-57.59060962600043,0.47638892131680677,0.22033898305084745,-0.4435962105065988,-0.6652895328700118,-0.21327345119080213,-0.3235935238953564,0.12000268661124236,84.78813559322033,122.8278943432479,0.3707107144581301,0.0,
SOLUSD,flip_wide,1,1,2d98145bd9e7,847348,8243.0,ok,329.0,0.5591091263565855,588.4361111111111,7378.0,46.0,10000.0,-1435.3341855317994,8564.665814468195,-14.353341855317995,18.85284369080467,1491.1370160212,-0.8179304893954211,-1436.1521160211996,9381.4766277741,-10816.810813305896,83.76318417655446,-49.84705443919768,92.47381335302427,-56.39126788800034,0.8673052334643615,0.3404255319148936,-0.09244271708103671,-0.24149949779123456,0.06348191534702721,0.022119923530971742,0.11456264061200844,193.2127659574468,132.833498373179,0.35442390845937116,0.0,
SOLUSD,trend_wide_stop,1,1,0daed69b9ce8,847348,77300.0,ok,840.0,1.4275126630380905,588.4361111111111,59434.0,1489.0,10000.0,-3441.5120990132555,6558.487900986762,-34.41512099013255,41.59255315681241,3798.187545989,5.905953024264364,-3435.6061459889715,22559.023784275414,-26000.535883288667,78.87770553942453,-46.93237524059326,102.2965440757937,-61.91037692621985,0.867636878160453,0.3404761904761905,-0.09717971856356455,-0.19497611021130332,-0.0047355066838526555,0.024776366899830628,0.12195608546339515,201.11666666666667,120.21749699962959,0.3780451075427484,0.0,
SOLUSD,counter_trend,1,1,bdfef65e469d,847348,19386.0,ok,48.0,0.08157215217360518,588.4361111111111,19280.0,17.0,10000.0,-1209.287472640136,8790.712527359861,-12.09287472640136,13.996733857222004,243.7092189718,-7.0881463316621005,-1216.3756189718006,771.5669979208465,-1980.8544705609825,85.7296664356496,-50.79114027079442,92.87122647680008,-56.502845643999784,0.38951220767991956,0.1875,-0.5460462857542442,-0.8649826005709831,-0.16955522433487608,-0.4259621789765516,0.1200841067776927,42.041666666666664,122.41474031468762,0.37194304959553676,0.0,
SOLUSD,atr_pullback,1,1,110100b16667,847348,9340.0,ok,19.0,0.03228897690205205,588.4361111111111,9303.0,6.0,10000.0,-580.1534667218109,9419.84653327819,-5.801534667218109,6.64442245776651,108.259330971,-5.4045642491884,-585.5580309709985,271.1320047999998,-851.2854715218107,90.37733493333326,-53.20534197011317,90.97784952239986,-55.885642710000184,0.31849715973104464,0.15789473684210525,-0.6399366100580315,-1.1146703607948172,-0.14771535926513005,-0.5120785308452498,0.1278580792127817,24.894736842105264,118.01261034047869,0.39579166333898247,0.0,
SOLUSD,atr_banded,1,1,32baa03e1582,847348,57521.0,ok,61.0,0.10366461005395658,588.4361111111111,57147.0,26.0,10000.0,-923.875340845282,9076.124659154722,-9.23875340845282,12.09923154012583,319.1807545134001,-6.404113668117201,-930.2794545133966,1454.7619931727875,-2378.63733401807,90.92262457329922,-52.85860742262378,96.03334500479977,-56.331829635000034,0.6115947027180294,0.26229508196721313,-0.32145813604450163,-0.6658137370822251,0.025764070782825655,-0.1998573342901785,0.12160080175432307,47.950819672131146,121.51538409949478,0.3777722350621326,0.0,
SOLUSD,atr_adx,1,1,5dbb5b8ed03c,847348,77300.0,ok,147.0,0.24981471603166586,588.4361111111111,76041.0,226.0,10000.0,-1555.8476200526827,8444.15237994732,-15.558476200526828,17.896039096494903,744.1275094350001,4.180710617682502,-1551.666909435,3840.2082642027353,-5396.055884255419,89.30716893494733,-51.88515273322518,96.13576510587666,-58.14447670399951,0.7116694761089619,0.2925170068027211,-0.23226204353295088,-0.4604537404777234,-0.0031344090186176173,-0.11070547028845852,0.12155657324449232,52.46258503401361,121.33517455659735,0.37696273382129397,0.0,
SOLUSD,atr_adx_both,1,1,050ea75f6207,847348,77300.0,ok,147.0,0.24981471603166586,588.4361111111111,76041.0,226.0,10000.0,-1555.8476200526827,8444.15237994732,-15.558476200526828,17.896039096494903,744.1275094350001,4.180710617682502,-1551.666909435,3840.2082642027353,-5396.055884255419,89.30716893494733,-51.88515273322518,96.13576510587666,-58.14447670399951,0.7116694761089619,0.2925170068027211,-0.23226204353295088,-0.4604537404777234,-0.0031344090186176173,-0.11070547028845852,0.12155657324449232,52.46258503401361,121.33517455659735,0.37696273382129397,0.0,
SOLUSD,atr_t3,1,1,eb3710a3d5b9,847348,201341.0,ok,167.0,0.283803112770668,588.4361111111111,197554.0,371.0,10000.0,-1008.5406773303982,8991.459322669618,-10.085406773303983,16.320051698961198,924.9533440026,-9.774166672208,-1018.314844002598,5851.827497104057,-6860.368174434457,139.32922612152518,-54.88294539547565,153.62784652799982,-60.36942469014299,0.8529902985252625,0.25149700598802394,-0.12130143883087045,-0.37074127150440933,0.14263909327186813,0.0025758671894183694,0.1238773060202888,80.32934131736526,119.21873148425807,0.38399462288846337,0.0,
SOLUSD,atr_t4,1,1,85c7c16d5604,847348,201341.0,ok,156.0,0.26510949456421684,588.4361111111111,196866.0,338.0,10000.0,-1216.8479901170936,8783.152009882902,-12.168479901170935,19.397396695898987,865.487998352,-6.929108234909401,-1223.7770983520095,5490.848100162465,-6707.696090279557,177.1241322633053,-53.66156872223646,202.2088943340001,-59.07146657400025,0.8185892780860354,0.1987179487179487,-0.16030875039379638,-0.4644258588383279,0.14316185321370714,-0.03606326044930387,0.12424548994449253,106.07692307692308,118.67154284004997,0.3851689410392653,0.0,
SOLUSD,atr_banded_adx,1,1,27bc3723bc0f,847348,15980.0,ok,37.0,0.06287853396715398,588.4361111111111,15859.0,7.0,10000.0,-237.19030928143462,9762.80969071856,-2.3719030928143465,5.565602073925015,188.21018175299997,-2.0014724715642,-239.19178175300294,1116.9433515773603,-1354.1336608587949,93.07861263144669,-54.1653464343518,95.30388150839991,-56.51388982200028,0.82483981002953,0.32432432432432434,-0.1307467770368182,-0.5474924315645793,0.3645175733482149,-0.013322720929070386,0.1174240561077478,60.24324324324324,124.91908735555003,0.3629623787881111,0.0,
SOLUSD,hwpr_v2,5,1,417a02375248,169475,4978.0,ok,726.0,1.233739489600236,588.4548611111111,616.0,422.0,10000.0,-2172.559897384521,7824.7318986073515,-21.72559897384521,24.12622608229936,2495.462356876,43.65434050851324,-2131.7318553459945,16550.227434191584,-18722.787331576103,59.533192209322245,-41.79193600798237,97.712620641252,-56.641127339999684,0.8839617275510852,0.38292011019283745,-0.06583273830616228,-0.1571142746396616,0.02401730358111429,0.023880320184645358,0.08971305849080764,138.74931129476585,179.44292924607507,0.27587870081225296,0.0,
SOLUSD,atr_arm,5,1,5104b68fd7d7,169475,24820.0,ok,594.0,1.0094232187638295,588.4548611111111,20011.0,838.0,10000.0,-1699.7338707897875,8300.2661292102,-16.997338707897875,22.14616700783328,2994.5961039236,3.415166866167822,-1696.318703923631,18542.77236429727,-20242.506235087058,88.72139887223574,-52.577938272953396,101.0407056453882,-59.55131641500003,0.9160314512911658,0.35185185185185186,-0.05789693347725255,-0.1727305754979975,0.057749766199760404,0.06433713479097014,0.1222340682682227,37.294612794612796,122.53153904736402,0.379060615309438,0.0,
SOLUSD,flip,5,1,e315159de0f4,169475,1047.0,ok,638.0,1.0841953090426317,588.4548611111111,0.0,87.0,10000.0,-4298.645691681337,5699.909200360469,-42.98645691681337,44.87495446465942,2494.6723521176,-37.42396043626462,-4337.516110517615,14271.559637741464,-18570.205329422803,68.2849743432606,-43.287191910076466,97.97491611600046,-56.752541009999945,0.768519215839228,0.3275862068965517,-0.174546657586994,-0.2729989917617939,-0.07567713486257499,-0.06921589861118267,0.10533075897581137,104.24294670846395,150.0032795809421,0.3252416726694283,0.0,
SOLUSD,trend_pure,5,1,05d1fff9562b,169475,6053.0,ok,787.0,1.3374007965776664,588.4548611111111,831.0,521.0,10000.0,-2686.0374461354327,7311.427213942075,-26.860374461354326,31.84389491729891,2629.6113554709996,40.81609066443737,-2647.8672519109796,17463.31684771286,-20149.354293848293,58.60173438829819,-41.205223504802234,102.79461513147538,-57.8211096802305,0.8666936216931034,0.3786531130876747,-0.07685340436125078,-0.1705187695267089,0.014212707598669843,0.015042860005726515,0.0918962643669773,134.1130876747141,173.89009442261346,0.28220950273413997,0.0,
SOLUSD,st_only,5,1,fff8729f2034,169475,28168.0,ok,1090.0,1.8523086000885087,588.4548611111111,5012.0,1396.0,10000.0,-4754.1656893140935,5244.048048467776,-47.54165689314093,49.61616192451801,3632.0855202850003,27.398369029093992,-4728.631474594986,22761.012977841838,-27515.17866715593,59.11951422816062,-39.02862222291621,98.90416622240008,-57.80772456911815,0.8272166157151288,0.3532110091743119,-0.11753744364542838,-0.19449015140533737,-0.0388628354494918,-0.018172135132614318,0.09936530851281405,112.80091743119266,154.82473919874496,0.305538294825795,0.0,
SOLUSD,adx_only,5,1,b5acf63ba5bf,169475,6115.0,ok,376.0,0.6389614987461277,588.4548611111111,4976.0,249.0,10000.0,-2629.5160658264476,7370.483934173538,-26.29516065826448,32.935761898885154,1753.3092415044,8.162824322041802,-2621.353241504411,9938.75835693596,-12568.274422762406,84.22676573674542,-48.714241948691495,102.05913870640008,-60.459744757999914,0.7907814567555806,0.31382978723404253,-0.16111714235630584,-0.30935383896431423,-0.024570746636583374,-0.04129790270769307,0.11981923964861278,40.329787234042556,125.26014878620907,0.37086129835571163,0.0,
SOLUSD,wpr_only,5,1,461613bee59c,169475,73308.0,ok,718.0,1.2201445640949993,588.4548611111111,56370.0,2873.0,10000.0,-4157.9548986856025,5842.045101314413,-41.579548986856025,46.662343698609035,3137.8851297346,-6.090631049007739,-4164.045529734603,17830.075990269477,-21988.03088895508,77.18647614835271,-45.149960757607964,101.84314765440062,-60.90126541500023,0.8108991696580613,0.32172701949860727,-0.1471481326056686,-0.24958672910599197,-0.04787616435754152,-0.0246845031044305,0.12246362950123808,39.7075208913649,120.86305179360403,0.3791206479554215,0.0,
SOLUSD,hwpr_no_confirm,5,1,7c2732655b5c,169475,16353.0,ok,875.0,1.4869449771352707,588.4548611111111,1363.0,1315.0,10000.0,-2267.0420544306417,7730.249741561239,-22.670420544306417,26.724826569228235,3263.7036032668,44.0140511638415,-2225.8543017367956,22028.40720873725,-24295.449263167895,64.41054739396857,-45.58245640369211,100.97456823239969,-57.90212273999973,0.9066886135805071,0.39085714285714285,-0.05555893274003731,-0.1366351578334748,0.025980131886218755,0.03579292561975325,0.09135185835979055,136.31657142857142,175.24506381433733,0.2815133306822491,0.0,
SOLUSD,st_flip_atr,5,1,97b43ab55233,169475,8479.0,ok,395.0,0.6712494468210651,588.4548611111111,7211.0,218.0,10000.0,-3079.0252601878146,6920.974739812186,-30.790252601878148,33.46931195875928,1763.3099025182,-0.31874233038566047,-3079.3440025181962,9728.945568744202,-12807.970828932019,79.74545548150985,-46.91564406202205,93.742110308028,-57.37861948800049,0.7596008531474335,0.30886075949367087,-0.1855379765821466,-0.31905646755244066,-0.04099160564078547,-0.06662698644049013,0.11891099014165646,33.91645569620253,127.02201622247873,0.3673272083725711,0.0,
SOLUSD,flip_wide,5,1,be791f3cc7c2,169475,1047.0,ok,442.0,0.751119634164331,588.4548611111111,342.0,58.0,10000.0,-2550.394043627328,7449.605956372675,-25.503940436273275,28.519016665906012,1646.560395559,-29.64805193166829,-2580.042095558998,10108.002320687827,-12658.396364315155,66.50001526768307,-43.6496426355695,94.43474492800024,-55.54391545800029,0.7985215527918643,0.3438914027149321,-0.13145603056457109,-0.2516924891611376,-0.0073860875836858145,-0.029222570300751604,0.10223346026381948,102.49095022624434,151.15517779078928,0.3145539426656089,0.0,
SOLUSD,trend_wide_stop,5,1,faec9158d314,169475,13731.0,ok,977.0,1.6602802773270395,588.4548611111111,2422.0,1237.0,10000.0,-2216.183614456687,7783.816385543286,-22.16183614456687,25.976039563507143,4020.6836326674,38.73518178927265,-2177.4484326674547,27047.20104224917,-29263.384656705857,73.89945639958789,-47.89424657398667,97.4380210672002,-56.71473314499978,0.9242676935544146,0.37461617195496416,-0.0471890907248442,-0.13430765126876854,0.03523148285059666,0.05583422927851201,0.10302332000335622,107.89252814738997,151.06741021906456,0.31800284226652403,0.0,
SOLUSD,counter_trend,5,1,1462fce8f022,169475,2784.0,ok,171.0,0.29059153267443577,588.4548611111111,2462.0,27.0,10000.0,-775.3217640311382,9224.678235968877,-7.753217640311381,16.23698899583494,898.5761336346,-12.291069603455439,-787.6128336345901,5480.760779718387,-6256.082543749525,94.495875512386,-55.36356233406659,105.43296778998749,-62.62031439360055,0.876069128147012,0.3391812865497076,-0.09010480766196789,-0.293672573057761,0.14193377333531393,0.028631013566831818,0.1187358212287997,36.43859649122807,127.50210509210534,0.3684531960196422,0.0,
SOLUSD,atr_pullback,5,1,f657e49360af,169475,782.0,ok,41.0,0.0696739932143384,588.4548611111111,726.0,1.0,10000.0,-1020.0705056193855,8979.92949438061,-10.200705056193856,10.80230974428934,216.67042793600004,-0.970422316615,-1021.0409279360047,730.1332804236058,-1750.2037860429912,91.26666005295073,-53.03647836493913,94.99348069120025,-57.168263138999805,0.41717043823471145,0.1951219512195122,-0.5253738358130802,-0.8270117999059019,-0.15397665552575193,-0.40574396151053993,0.11962987430254003,25.024390243902438,127.50210509210534,0.3718520321119876,0.0,
SOLUSD,atr_banded,5,1,ddd76a9fda2b,169475,6545.0,ok,197.0,0.33477504056645524,588.4548611111111,5851.0,40.0,10000.0,-1037.6206690253346,8962.379330974662,-10.376206690253346,17.872780091114194,975.9432142802,-6.877945254862897,-1044.4986142802045,5937.8259002323775,-6975.446569257712,91.35116769588274,-52.844292191346305,99.30408288242747,-59.14140803840052,0.8512467038887014,0.3299492385786802,-0.10913512960334822,-0.3117614479004861,0.09769802032415337,0.008506619901299629,0.11764174950464786,37.32994923857868,129.5993028741418,0.36457808490935883,0.0,
SOLUSD,atr_adx,5,1,46cfb055642f,169475,10002.0,ok,409.0,0.6950405664552294,588.4548611111111,7901.0,401.0,10000.0,-1297.1352709745206,8702.86472902547,-12.971352709745206,22.130613310779406,2065.8899639188,12.041607055710502,-1285.0936639188276,12833.211448720838,-14130.346719695357,90.37472851211858,-52.922646890244785,105.87675082830572,-62.8315975350003,0.9082021625720954,0.3471882640586797,-0.06495326142105211,-0.20313601777353768,0.07717388776937509,0.05607656105873436,0.1210298224797865,41.479217603911984,122.9355449751698,0.3751058029242121,0.0,
SOLUSD,atr_adx_both,5,1,5af18381228a,169475,5293.0,ok,332.0,0.5641894084673256,588.4548611111111,4249.0,236.0,10000.0,-1226.8089315457628,8773.191068454242,-12.268089315457628,17.672417960155094,1657.9154975482002,13.248133997557538,-1213.5607975482053,10126.658808506627,-11353.467740052387,88.83034042549673,-52.08012724794673,99.46110064920008,-59.065776637999704,0.8919441214231081,0.3433734939759036,-0.07599523018379246,-0.23234365549259658,0.08992050416096121,0.04560092628404782,0.12159615646784026,40.25903614457831,122.056721362211,0.377327234836207,0.0,
SOLUSD,atr_t3,5,1,05f6295cd83b,169475,24820.0,ok,504.0,0.8564803068299159,588.4548611111111,19106.0,706.0,10000.0,-1760.8051733349575,8239.194826665025,-17.608051733349576,21.9360792323634,2619.6812484622,9.463024872734099,-1751.3421484622431,17110.442273788933,-18871.24744712389,122.21744481277808,-51.8440863931975,151.36252511760011,-58.22795382800003,0.9066937584137653,0.2777777777777778,-0.07098613773398182,-0.2174856912277172,0.07613860357324473,0.05161826845573787,0.12260440618971967,59.29960317460318,122.56699971853908,0.3804383618493242,0.0,
SOLUSD,atr_t4,5,1,3e4a2f166d4d,169475,24820.0,ok,450.0,0.7647145596695678,588.4548611111111,18583.0,647.0,10000.0,152.33167077886856,10152.331670778867,1.5233167077886856,26.452221502307477,2857.6030487446005,5.612980476513649,157.94465125537135,20525.427955595573,-20373.096284816704,175.43100816748353,-61.180469323773885,255.57526611170206,-76.48074887699983,1.007477099634207,0.26,0.016201285399682075,-0.1637571676574954,0.1973562866513722,0.13934613211422137,0.12314484671453932,75.96222222222222,122.0191037647221,0.3830217158965523,0.0,
SOLUSD,atr_banded_adx,5,1,57994c89d5b6,169475,1905.0,ok,102.0,0.1733353001917687,588.4548611111111,1682.0,7.0,10000.0,84.56121274486385,10084.561212744858,0.8456121274486386,8.08869803603166,499.52583638040005,-1.4244491252601006,83.13676361959915,3526.435567148178,-3441.8743544033146,92.80093597758363,-53.77928678755179,97.2866383565857,-58.465280334999406,1.0245683613164673,0.37254901960784315,0.025764013366704565,-0.2572672970477566,0.32233458112201163,0.14131849434241037,0.11555448097570582,42.03921568627451,131.89764933108842,0.3581360397712731,0.0,
SOLUSD,hwpr_v2,15,3,2d82254b0605,56491,1768.0,ok,436.0,0.740932183887699,588.4479166666666,60.0,209.0,10000.0,-1027.5838216156808,8972.416178384323,-10.275838216156806,16.74471825971841,1345.6495451288001,18.39837648687708,-1009.1854451288073,10205.568820322045,-11233.152641937726,57.658580905774265,-43.37124572176728,100.90403955640406,-58.115493969273025,0.90852222395881,0.4059633027522936,-0.04719702821131038,-0.15815675004266902,0.06762456828521499,0.025792900243004502,0.07298992845431487,57.26146788990825,242.64886341608636,0.22346240506771883,0.0,
SOLUSD,atr_arm,15,3,6f52cca22769,56491,8224.0,ok,851.0,1.4461772671753024,588.4479166666666,2860.0,1242.0,10000.0,205.0511510457667,10205.051151045756,2.0505115104576666,17.023436318013577,4316.082120965801,29.885827988428332,234.9369790341807,29523.70245048749,-29318.65129944172,91.40465154949688,-55.52774867318508,108.65701107239968,-63.15608914804804,1.0069938807536374,0.3795534665099882,0.010388183092466868,-0.08446492832150211,0.10286219670222474,0.12407297435988138,0.1136847912674145,26.847238542890718,132.07789628625846,0.35247733329772285,0.0,
SOLUSD,flip,15,3,aeb036eae4b4,56491,384.0,ok,320.0,0.5438034377157424,588.4479166666666,0.0,32.0,10000.0,-3068.2015240871365,6931.798475912838,-30.682015240871362,30.682015240871625,1264.448839825,-14.035615737869831,-3082.2371398250243,6717.348263365471,-9785.549787452608,67.85200266025728,-44.27850582557741,91.81305053439993,-54.67973795013594,0.6864558874329884,0.309375,-0.23007742420772476,-0.36912259173712325,-0.08441899766388423,-0.12474681773099656,0.1053306064767282,32.775,150.0033865934096,0.3255064676358449,0.0,
SOLUSD,trend_pure,15,3,eb00d21eb365,56491,1960.0,ok,497.0,0.8445947142022624,588.4479166666666,105.0,246.0,10000.0,-399.3423889871575,9597.486762918861,-3.993423889871575,12.385252181174982,1636.2001264918,30.164762495361547,-372.48669159179553,12670.713198546135,-13070.055587533292,63.038374122120075,-44.15559320112599,98.95423993414413,-58.109852331811474,0.9694460068426897,0.4044265593561368,-0.016269724520775727,-0.12057863223340909,0.09560221917292624,0.06042432253568158,0.07669404705645731,55.66398390342052,231.35127896076153,0.23520500853361734,0.0,
SOLUSD,st_only,15,3,0f4e7a10593d,56491,7732.0,ok,784.0,1.332318422403569,588.4479166666666,794.0,911.0,10000.0,-2041.3376127470249,7956.010405210722,-20.413376127470247,28.528056426946446,3049.0805424036002,35.01147034342821,-2009.0937241235897,21126.070820110894,-23167.408432857927,70.42023606703631,-47.866546348880014,106.17448026640011,-62.030507384696456,0.9118875286088607,0.3826530612244898,-0.056067851651408686,-0.14360581161368505,0.033747749552978684,0.03289514384307161,0.08896299549448031,47.07142857142857,175.44318522667473,0.27443943064123416,0.0,
SOLUSD,adx_only,15,3,678e9c750bae,56491,2358.0,ok,536.0,0.9108707581738684,588.4479166666666,824.0,361.0,10000.0,-1213.4953880518553,8786.504611948134,-12.134953880518554,22.87468203882064,2549.3089518126,19.063636239259203,-1037.2497665234077,16837.163526959383,-18050.658915011238,85.90389554571114,-53.09017327944482,103.28658600960009,-62.09086383999999,0.9327727927403974,0.3656716417910448,-0.04503332531858958,-0.16167013929936908,0.07529121825583615,0.06580429464664433,0.11083761996523393,27.89365671641791,136.40156226888126,0.3438253946884415,0.18656716417910446,
SOLUSD,wpr_only,15,3,db7a0979c7d6,56491,24534.0,ok,968.0,1.6450053990901206,588.4479166666666,7440.0,3956.0,10000.0,-1439.7019459368557,8560.298054063165,-14.397019459368558,35.498386902817984,4652.9010733268005,36.00737261006221,-1255.5918347919578,31003.378180866104,-32443.08012680296,86.36038490491951,-53.272709567820954,111.89299393674254,-66.39401706000028,0.9556237588937359,0.37086776859504134,-0.027256159651906413,-0.11526544296687613,0.05868502964206911,0.08563269748969314,0.11288885714159953,28.15909090909091,133.63149927502792,0.35006590822743966,0.10330578512396695,
SOLUSD,hwpr_no_confirm,15,3,eaf32eb8c8d0,56491,5775.0,ok,582.0,0.9890425023455064,588.4479166666666,181.0,689.0,10000.0,-641.5187793569098,9356.10904372848,-6.415187793569098,17.251488902811666,1884.0142211234001,33.2320582335116,-610.7619325334217,14514.177054190419,-15155.695833547326,62.831935299525625,-43.17862060839694,99.53037384099828,-58.109852331811474,0.9576714400709404,0.39690721649484534,-0.01775918572659789,-0.11286026051273353,0.08255245887939767,0.058027801133900714,0.0757869868604986,55.013745704467354,232.60767465765184,0.23246845175157635,0.0,
SOLUSD,st_flip_atr,15,3,b4dec0fbdf37,56491,2558.0,ok,596.0,1.0128339027455702,588.4479166666666,1072.0,328.0,10000.0,-2225.5774798190096,7774.422520180953,-22.255774798190096,33.4104548567444,2756.9537241486,-25.798844329590327,-2251.376324148614,17503.062632642817,-19728.640112461828,84.55585812870926,-50.71629848961909,106.25686693298823,-64.01428642000022,0.8871905277235405,0.34731543624161076,-0.08147093597128556,-0.19335307377566766,0.033198576789243345,0.03164985458652892,0.11312079055781447,26.261744966442954,133.37606933643073,0.3502866794722836,0.0,
SOLUSD,flip_wide,15,3,581f1adf9d94,56491,384.0,ok,281.0,0.4775273937441363,588.4479166666666,6.0,28.0,10000.0,-2027.978009578907,7972.021990421096,-20.279780095789068,20.677661085011632,856.8926299084001,-16.22622032948989,-2044.2042299083896,5596.441231312536,-7624.419240891442,55.96441231312536,-42.12386320934498,92.7328815532,-53.40158608499991,0.7340154121244523,0.35587188612099646,-0.1606159979091341,-0.3027722873813658,-0.023879291190179657,-0.08468741968089331,0.0759285782282408,53.02491103202847,220.10421167149866,0.23276750563194035,0.0,
SOLUSD,trend_wide_stop,15,3,aa80ac6cb6a1,56491,5410.0,ok,589.0,1.0009382025455382,588.4479166666666,90.0,689.0,10000.0,-555.4611343433519,9444.538865656656,-5.5546113434335185,13.517213892163438,1938.3599135232002,64.94912082014343,-490.5120135231937,15052.646917887967,-15608.108052231322,63.24641562137801,-44.46754430835134,102.55810972799999,-59.94852265952498,0.9644120137761382,0.40407470288624786,-0.016863275574082508,-0.11196938152078885,0.08312701782243047,0.056427303112152896,0.0732905786862354,60.68590831918506,233.23932926829312,0.2250416404176429,0.0,
SOLUSD,counter_trend,15,3,3125adf4a7a6,56491,981.0,ok,297.0,0.5047175656299234,588.4479166666666,408.0,52.0,10000.0,-1875.941368939457,8124.058631060544,-18.75941368939457,19.852571175973825,1320.272699048,-8.24263010854676,-1884.1839990480157,7833.282080551346,-9709.2234494908,79.93144980154435,-48.79006758538091,93.7552612735999,-55.88776896000014,0.8067877025697829,0.32996632996632996,-0.13827824234181565,-0.28985572822045397,0.01194963459626452,-0.026849553546444086,0.11142868879537154,26.996632996632997,135.29100783390263,0.3449094594264343,0.0,
SOLUSD,atr_pullback,15,3,a6e9ca369d7d,56491,308.0,ok,118.0,0.20052751765768,588.4479166666666,142.0,10.0,10000.0,-421.99668988283474,9578.00331011717,-4.219966898828347,9.590293851275158,560.4189519944001,-8.2869621115711,-430.2836519943994,3480.2205535136345,-3902.2172433964697,82.86239413127701,-51.344963728900915,97.20754310399985,-57.345849787962024,0.8918572023131313,0.3559322033898305,-0.06910026615181994,-0.3204250606310029,0.18924937448592621,0.04179395801602045,0.1108942241678404,28.110169491525422,137.895520379942,0.34371346093415245,0.0,
SOLUSD,atr_banded,15,3,211009088ad3,56491,2212.0,ok,395.0,0.6712573684303694,588.4479166666666,988.0,57.0,10000.0,-1634.2675962575338,8365.732403742457,-16.34267596257534,18.174521753840725,1857.9639325908001,-6.2408363332726005,-1640.5084325908101,11524.279221107812,-13158.546817365346,84.11882643144388,-51.0021194471525,94.84586316801197,-57.345849787962024,0.87580181771282,0.3468354430379747,-0.08612987934948217,-0.22216721890254026,0.05771261579713948,0.02855050981214295,0.11468038916162508,26.8,131.80915825121,0.35517934525483,0.0,
SOLUSD,atr_adx,15,3,202bf6ba8020,56491,3981.0,ok,594.0,1.0094351312598469,588.4479166666666,1219.0,614.0,10000.0,-279.71627313217016,9720.283726867827,-2.7971627313217016,14.54929587026142,2877.5836918218,19.197181310356502,-260.5190918218141,19752.616075662507,-20032.33234879468,88.97574808856984,-53.850355776329785,102.49180583759981,-61.206391394999926,0.9860367595613996,0.37373737373737376,-0.005322283511592827,-0.11558811574146705,0.10353466445291509,0.10559988637720802,0.11092216988880084,28.346801346801346,134.75535060263098,0.3435413468091418,0.0,
SOLUSD,atr_adx_both,15,3,f332970c01aa,56491,2195.0,ok,455.0,0.7732205130020712,588.4479166666666,705.0,357.0,10000.0,-1958.7428324537716,8041.257167546246,-19.58742832453772,22.813470640871596,1930.5857117872,10.98532066655919,-1811.077524579211,12224.758712091032,-14183.501544544804,77.86470517255434,-47.595642766928876,96.14726898008037,-57.19404128044847,0.8618999105191246,0.34505494505494505,-0.09351708900953097,-0.21655354412708183,0.035899442903311984,0.016203807618094812,0.10972089662762578,28.314285714285713,138.9417010179181,0.3394808661365946,0.21978021978021978,
SOLUSD,atr_t3,15,3,1ff2ae982960,56491,8224.0,ok,726.0,1.2337540493175905,588.4479166666666,2665.0,1072.0,10000.0,-213.6237602556373,9786.376239744373,-2.136237602556373,21.057139096463374,3605.7121266100003,48.55963364562872,36.984793503583205,25175.23047561648,-25388.854235872117,108.51392446386414,-51.39444177302048,155.23221069720023,-60.36962817599944,0.9915859235603549,0.31955922865013775,0.0013239436911686804,-0.1223657575123677,0.12490388599288359,0.11495388760152857,0.11362994391035988,36.17906336088154,131.7506106843585,0.3523753621813859,0.13774104683195593,
SOLUSD,atr_t4,15,3,6ba6750cd284,56491,8224.0,ok,668.0,1.1351896762316123,588.4479166666666,2606.0,984.0,10000.0,1474.0755477270295,11474.07554772702,14.740755477270294,19.91170096755298,3741.1909834396,73.70726883336044,1547.7828165603878,27067.338755909725,-25593.26320818269,131.39484832965886,-55.396673610785044,224.84194190506489,-65.87590210674473,1.0575962328733346,0.3083832335329341,0.051308524972069273,-0.08885180038947997,0.19201829098648765,0.16577519743339483,0.11446667246132555,41.278443113772454,130.60141937273343,0.35542409766602057,0.0,
SOLUSD,atr_banded_adx,15,3,aec9aca1a8a6,56491,804.0,ok,216.0,0.3670673204581261,588.4479166666666,313.0,18.0,10000.0,-1307.8318769149569,8692.16812308504,-13.078318769149568,13.259772648205054,981.32156677,-12.471089855041923,-1320.3029667700084,5805.466776966576,-7113.298653881532,81.76713770375459,-49.057232095734705,92.31184439400003,-54.7207429305643,0.8161427010798558,0.3287037037037037,-0.12861082055516299,-0.300691708005781,0.05884836983934164,-0.01602532435852143,0.11258549619664153,27.39814814814815,133.62526355406976,0.34881394986339154,0.0,
SOLUSD,hwpr_v2,30,6,a7adb2330d05,28245,767.0,ok,255.0,0.43335103558151883,588.4375,16.0,118.0,10000.0,-875.4352508421215,9124.564749157886,-8.754352508421215,12.616676810574823,696.3441878031999,12.376563038919668,-863.0586878032118,5165.45870352832,-6040.893954370442,47.38952939016808,-41.37598598883864,99.49280239236958,-56.37858059600018,0.8550818376461045,0.42745098039215684,-0.07373428783543878,-0.20985687131834513,0.060206445300403186,-0.01186780011284608,0.0618664877225927,33.70196078431373,301.3995034467476,0.18844141377893267,0.0,
SOLUSD,atr_arm,30,6,c1286ae7a972,28245,4077.0,ok,690.0,1.1725969198088158,588.4375,479.0,1009.0,10000.0,-2123.631626370864,7876.368373629108,-21.23631626370864,30.76620779127249,2711.6032457622005,41.24248060866035,-2082.3891457622267,18299.392582845154,-20423.02420921602,72.04485268836675,-46.84179864499087,98.57473751215998,-57.519670278000255,0.8960177687390409,0.3681159420289855,-0.0658294676198835,-0.1624996979797501,0.03578475749736798,0.03348971682351997,0.09931918444340346,19.805797101449276,158.78431507559623,0.30633098151723936,0.0,
SOLUSD,flip,30,6,94fd69df3d90,28245,188.0,ok,165.0,0.28040361125862984,588.4375,0.0,14.0,10000.0,-742.3699772280146,9255.339403634773,-7.423699772280146,15.036107477768414,711.8537400998,8.2731371282119,-736.4879488997922,4347.5695930494,-5089.939570277415,72.45949321749,-48.475614955023005,94.75045059187458,-54.94098122862242,0.854149549915471,0.36363636363636365,-0.09480687044345727,-0.29393031091091454,0.10458932160611649,0.010523860300972517,0.1053307307444298,18.072727272727274,150.0033605640867,0.32607223737489005,0.0,
SOLUSD,trend_pure,30,6,7a63259af4b4,28245,950.0,ok,309.0,0.5251194901752523,588.4375,31.0,159.0,10000.0,-604.470561387561,9395.529438612426,-6.04470561387561,8.132296384781382,903.8548626910001,12.008198696554624,-592.4623626910197,6606.745141392897,-7211.215702780458,49.67477549919471,-40.97281649307078,96.588941196,-56.333192797332735,0.9161763305520741,0.43042071197411,-0.03703916440502089,-0.15674777228984327,0.08972551911817485,0.02906058466596572,0.0660997490709866,33.45631067961165,280.3184454166246,0.20215981358971175,0.0,
SOLUSD,st_only,30,6,20804d399e9e,28245,3362.0,ok,570.0,0.9686670207116304,588.4375,151.0,633.0,10000.0,-1771.993619219761,8228.006380780233,-17.71993619219761,22.098342797614162,1761.6621521378001,9.093867081964207,-1762.899752137797,12123.502957243785,-13895.496576463547,53.64381839488401,-40.393885396696355,99.46883731967031,-56.39633831000017,0.8724771288691332,0.39649122807017545,-0.06533862239540407,-0.16390457474863035,0.031875130958733816,0.013713584767654103,0.07905220716305815,28.178947368421053,204.09323802964957,0.24239118738586468,0.0,
SOLUSD,adx_only,30,6,8814fa86b289,28245,1293.0,ok,433.0,0.7358470525756771,588.4375,128.0,302.0,10000.0,138.02480919947652,10138.024809199478,1.380248091994765,13.793561982321826,1889.30078543,19.806505370516447,157.83131456998854,14156.425035511453,-14018.400226311976,82.78611131878043,-53.505344375236554,106.9591565863149,-62.76267095899948,1.0098459743602133,0.394919168591224,0.0098514926394972,-0.120037789334864,0.1378670333457719,0.10564894737688264,0.09579745473738543,20.20092378752887,165.1792923796345,0.2962881244179629,0.0,
SOLUSD,wpr_only,30,6,7abf2369a8c0,28245,12020.0,ok,775.0,1.3170472650026552,588.4375,1206.0,3033.0,10000.0,-2935.7159246583697,7064.284075341651,-29.3571592465837,36.33220462766688,2967.5733320942004,29.052492564177697,-2906.663432094191,20157.60240631763,-23093.318330975995,72.24947099038577,-46.559109538258056,105.21759555015299,-60.84090616672921,0.8728759599385693,0.36,-0.08749719748451881,-0.18458642919127655,0.006592503773100491,0.009602803721478356,0.09710000120599716,20.63741935483871,162.88467850858478,0.2994390176509963,0.0,
SOLUSD,hwpr_no_confirm,30,6,492823a2fdc7,28245,2622.0,ok,379.0,0.6440785979819437,588.4375,36.0,429.0,10000.0,-254.29937613280913,9742.923874599828,-2.5429937613280913,13.220676490432574,1113.6248600590002,29.95331607380806,-227.12021931902564,8745.775973438871,-9000.075349571678,53.327902277066286,-41.86081557940315,104.74277862473659,-61.66706198062112,0.971744750320906,0.43271767810026385,-0.012495200183949997,-0.12383032457684992,0.10455398825144845,0.052468183599539885,0.06496338378348987,33.37730870712401,286.6485393571779,0.1986843857450921,0.0,
SOLUSD,st_flip_atr,30,6,cc14ebbc36cc,28245,1206.0,ok,468.0,0.7953266064790229,588.4375,176.0,280.0,10000.0,-1325.2058233378316,8674.794176662157,-13.252058233378317,19.097552347831417,1969.6863086148,-15.68558527696575,-1198.0866959851974,13230.131526571831,-14555.337349909663,75.60075158041046,-49.676919282968136,102.5094320423999,-59.991330870655304,0.9089539602222921,0.37393162393162394,-0.058741822815341654,-0.17691610935084312,0.05979273884513724,0.03898664095907214,0.09772846377441378,20.555555555555557,158.43343896896346,0.3020314975439867,0.2136752136752137,
SOLUSD,flip_wide,30,6,9fa46d676fb3,28245,187.0,ok,154.0,0.2617100371747212,588.4375,0.0,11.0,10000.0,-698.389604849685,9299.49157244841,-6.98389604849685,9.591090736773003,348.18142124220003,8.17138360748609,-692.4299968821779,2389.6443874211955,-3088.0339922708804,34.63252735393037,-36.32981167377506,90.1167263008001,-51.643175412674694,0.7738400527333241,0.44805194805194803,-0.09547283686735443,-0.24165297980676706,0.05071482127913644,-0.04364544040236144,0.05182739646499299,35.57142857142857,330.00677178313015,0.15609485380672228,0.0,
SOLUSD,trend_wide_stop,30,6,d05acddffa50,28245,2890.0,ok,391.0,0.6644715878916623,588.4375,1.0,446.0,10000.0,538.7128056332655,10535.631858683386,5.387128056332655,6.225553829025147,1041.9313833968,49.75711096993636,585.3918411831983,8739.723669919224,-8201.010864285958,46.98776166623239,-40.004931045297354,105.52792760593192,-61.81237522331996,1.065688585779013,0.47570332480818417,0.031101429966410316,-0.0731755866200016,0.13680729810403097,0.08638932032311,0.0552878903566997,38.16112531969309,305.7161726207155,0.16827995895981399,0.0,
SOLUSD,counter_trend,30,6,78f4d84ac5aa,28245,456.0,ok,235.0,0.3993627190653213,588.4375,55.0,31.0,10000.0,-960.7079966594225,9039.292003340575,-9.607079966594226,15.516865880256828,909.0310153536001,-6.633718694178271,-967.3417153536211,5956.3707529016465,-6917.078749561069,68.46403164254767,-46.73701857811533,96.10231585616343,-56.526759912492054,0.8611107330937376,0.3702127659574468,-0.08488609031730474,-0.2579075311896116,0.0776456899175244,0.01052490591851392,0.09541099623581868,21.812765957446807,164.22433944318092,0.2944411789372307,0.0,
SOLUSD,atr_pullback,30,6,3494116be2ba,28245,148.0,ok,91.0,0.1546468401486989,588.4375,22.0,3.0,10000.0,253.3599925250977,10253.359992525096,2.5335999252509773,6.790692921732683,371.56223904240005,-10.28393156750318,243.0760609575973,2902.341942665359,-2648.9819501402612,76.37741954382524,-49.9807915120804,98.44929998257626,-58.76947652200029,1.0956442879921031,0.4175824175824176,0.062148255061250685,-0.21312662514792444,0.33515210479606666,0.15689995590150851,0.09475170084025786,22.978021978021978,173.8106527580202,0.29220718785550115,0.0,
SOLUSD,atr_banded,30,6,ebf2b8df2b76,28245,1141.0,ok,338.0,0.5744025491237387,588.4375,178.0,72.0,10000.0,-478.31950042181154,9521.680499578177,-4.783195004218115,12.812558630803977,1364.9191232556,-2.6905228337947387,-348.4056472424072,9368.98734207016,-9847.306842491971,72.62780885325706,-47.11630068177977,94.42522248600037,-56.226538368000426,0.9514263637690439,0.3816568047337278,-0.02545874768841065,-0.16875141300998964,0.12068316844449528,0.07331178814837176,0.09877053583678243,21.22189349112426,157.10390866554468,0.30462395294065087,0.2958579881656805,
SOLUSD,atr_adx,30,6,dc0355172875,28245,2126.0,ok,453.0,0.7698353690918747,588.4375,183.0,452.0,10000.0,-255.27856871411484,9744.721431285881,-2.552785687141148,15.386918344051889,1928.2663288186,47.29963989550828,-207.9789288186039,14300.765125147693,-14556.043693861806,80.79528319292481,-52.73928874587611,102.22637774465022,-60.97766730006272,0.9824623658678792,0.39072847682119205,-0.006107926389422908,-0.12374495923372061,0.12195758074933037,0.08931537408154326,0.09542330047096614,20.52317880794702,164.0382259928462,0.29483323326517985,0.0,
SOLUSD,atr_adx_both,30,6,b933a9bd20a9,28245,1186.0,ok,358.0,0.6083908656399363,588.4375,91.0,279.0,10000.0,-46.397462976739575,9953.602537023238,-0.4639746297673958,10.97832957013324,1561.959471318,34.036391658733805,-12.361071318004178,11737.48950696554,-11783.88696994228,83.24460643237971,-54.30362658959576,105.91997563799981,-64.13168457420389,0.9960626350969686,0.39385474860335196,0.005228121739578579,-0.13109201514262123,0.14748189552107266,0.09986213078426748,0.0946340090446889,20.039106145251395,171.1888112641335,0.29240072403310385,0.0,
SOLUSD,atr_t3,30,6,bc1c0bc5dcc3,28245,4077.0,ok,622.0,1.057036643653744,588.4375,472.0,895.0,10000.0,-1677.9938964682879,8322.006103531707,-16.779938964682877,29.954197753532124,2606.5850905566,47.301405911686906,-1630.6924905565902,17944.5718264479,-19622.565722916188,87.10957197304806,-47.16962914162545,158.73987942600027,-59.474412840040785,0.9144865192369495,0.3311897106109325,-0.056420349620195424,-0.17363152625701192,0.06541798018277444,0.04369493963707393,0.10011528925726934,24.072347266881028,157.54161474570986,0.30927056652829255,0.0,
SOLUSD,atr_t4,30,6,ca3098ea3584,28245,4077.0,ok,597.0,1.014551248008497,588.4375,476.0,842.0,10000.0,-3030.2263188914358,6969.773681108561,-30.30226318891436,33.84518685809959,2425.846599931,49.83041896043497,-2980.3958999310207,15177.725637829335,-18207.951956720775,82.93839146354829,-43.98056028193424,198.69739471707166,-56.61603923775687,0.8335767621699514,0.3065326633165829,-0.11650666777655319,-0.23079028429394188,0.017034748755135568,-0.01630030272540507,0.10020636505114812,25.830820770519264,157.46190603145837,0.3087254662114768,0.0,
SOLUSD,atr_banded_adx,30,6,0e2bbea33141,28245,473.0,ok,176.0,0.2990971853425385,588.4375,58.0,20.0,10000.0,-323.4480987198327,9676.551901280141,-3.234480987198327,9.89967872509474,721.6667510056001,-8.36395228576825,-331.812051005616,5093.621209230231,-5417.069307950063,77.17607892773077,-49.246084617727846,100.58847724119994,-58.54879352600046,0.9402909432513368,0.375,-0.029904792969232843,-0.22060084054450474,0.1695611855514188,0.06328970405574014,0.093194497024973,22.335227272727273,170.65585535546137,0.2875070571016058,0.0,
SOLUSD,hwpr_v2,60,12,2c9d8833017f,14123,303.0,ok,123.0,0.2090207463003611,588.4583333333334,0.0,53.0,10000.0,-560.7379021821513,9439.262097817846,-5.607379021821513,8.77133247403287,290.2405696892,14.96643249295364,-545.771469689209,1968.6338774189292,-2529.37177960108,37.14403542299866,-36.133882565729714,95.47230608542803,-52.309068144002886,0.7783094178940402,0.43089430894308944,-0.09996744468066036,-0.26792568708564946,0.06826575307347242,-0.046112090813269516,0.053855353867390814,18.390243902439025,320.415840068758,0.1633507669454621,0.0,
SOLUSD,atr_arm,60,12,5487f1778e24,14123,2017.0,ok,455.0,0.7732068257452382,588.4583333333334,35.0,652.0,10000.0,-2180.31550278339,7816.785928491664,-21.803155027833903,26.543083132946997,1461.4451717304,27.88813105299034,-2155.3232462903998,10292.004180585336,-12472.319683368727,60.18715895079144,-43.91661860341101,99.36309853360008,-56.48459104399952,0.8251876508833603,0.3758241758241758,-0.10917539676206879,-0.22010419059748207,0.003052219738520572,-0.03197810114249152,0.07719729561957726,13.94945054945055,212.91503703087398,0.23701420620595556,0.0,
SOLUSD,flip,60,12,3e6d68488baa,14123,81.0,ok,71.0,0.12065425192947674,588.4583333333334,0.0,4.0,10000.0,-709.800035345326,9290.199964654666,-7.09800035345326,9.660303102812868,318.22809433440005,-5.100958989073139,-569.4437667264028,1741.0812749744216,-2450.881310319747,79.1400579533828,-50.0179859248928,94.21110110460046,-54.24720529199991,0.7103898779771087,0.30985915492957744,-0.2063870455786534,-0.5015136331887555,0.12984148767631742,-0.10105633791906574,0.10533070765958767,8.43661971830986,150.0029292870108,0.3263528167711299,1.4084507042253522,
SOLUSD,trend_pure,60,12,dfece69b487b,14123,338.0,ok,156.0,0.2650994831126531,588.4583333333334,2.0,66.0,10000.0,-1107.2431368769926,8892.756863123022,-11.072431368769927,13.936245894776537,395.5999267812,10.85001009579922,-1096.393126781184,2368.4470637123336,-3475.6902005893257,38.20075909213441,-36.97542766584389,96.55547225966602,-53.047784888999814,0.6814321550611007,0.3974358974358974,-0.15191095437087568,-0.30130970179373284,-0.0022417026918656324,-0.09342845920647803,0.05848249516439763,18.096153846153847,305.02046696253615,0.1780884814909158,0.0,
SOLUSD,st_only,60,12,96300d1f8933,14123,1393.0,ok,350.0,0.5947744813424909,588.4583333333334,22.0,358.0,10000.0,-885.3922599002417,9114.607740099762,-8.853922599002416,10.333034424081335,1002.1175744322,14.41298546804545,-870.9792744321912,7226.472405999926,-8111.864665900168,48.17648270666618,-40.55932332950084,95.82853018799966,-56.51129094000053,0.8908521904190335,0.42857142857142855,-0.049749341315464525,-0.16680471955397613,0.05630445262449178,0.015839701851590466,0.06558904316705498,17.46857142857143,262.2635777427937,0.20056916317622836,0.0,
SOLUSD,adx_only,60,12,2491a9621e95,14123,621.0,ok,260.0,0.4418324718544218,588.4583333333334,11.0,166.0,10000.0,-123.09260977956194,9876.907390220438,-1.2309260977956193,7.199165612960548,833.9140262262,17.604783553363873,-105.48782622620274,6764.282198994767,-6887.374808774328,63.81398300938459,-44.72321304398914,98.68662417335663,-57.06920573191301,0.9821277898768128,0.4076923076923077,-0.005356494529200945,-0.14872987900657086,0.14751324295632545,0.06786158095859574,0.07321807548779669,13.865384615384615,225.70003735151118,0.2248357154419037,0.0,
SOLUSD,wpr_only,60,12,efb4c831fb11,14123,5948.0,ok,518.0,0.8802662323868866,588.4583333333334,102.0,2007.0,10000.0,-1710.168813525091,8287.001280680566,-17.10168813525091,22.899002584906174,1712.5108185748,21.109394950296622,-1691.7761140247803,12466.13272189015,-14176.301535415241,62.02056080542363,-44.720194118029156,101.99077619520003,-58.38080526199986,0.8793642467851895,0.38803088803088803,-0.07157508817879552,-0.17511165984785482,0.03238991722621313,0.005355363740445091,0.07693045191924062,14.295366795366796,214.1129702403627,0.23653307951885905,0.0,
SOLUSD,hwpr_no_confirm,60,12,eafc7d4fb783,14123,927.0,ok,207.0,0.3517666218225589,588.4583333333334,2.0,211.0,10000.0,-850.7368599785513,9145.941863357433,-8.507368599785513,11.635566523924108,508.4776620706,7.321097907952481,-846.733951670607,3502.2750922144273,-4353.011952192978,38.48653947488382,-37.52596510511188,96.55547225966602,-52.3803404939079,0.8045636287421717,0.4396135265700483,-0.08724359468153368,-0.21436149601175708,0.048613865740423,-0.030537327605665823,0.05670626707586785,17.942028985507246,314.83005780346815,0.17265958203817525,0.0,
SOLUSD,st_flip_atr,60,12,6191e0bbf3d5,14123,597.0,ok,291.0,0.4945124973447568,588.4583333333334,14.0,165.0,10000.0,-688.2629398908192,9308.85895338074,-6.882629398908192,10.755582765030255,975.5066352312,11.734704659619421,-679.5321312311971,6870.984118962216,-7559.247058853036,56.784992718695996,-44.46615916972374,97.43112007199959,-56.41982656199979,0.9089508605113311,0.41580756013745707,-0.04673147611128777,-0.17519193239432596,0.08849081809972872,0.02941762595750009,0.07614910206878783,15.457044673539519,219.92227539876328,0.23381398639611867,0.0,
SOLUSD,flip_wide,60,12,01b133b83b8b,14123,78.0,ok,65.0,0.11045811796360545,588.4583333333334,0.0,3.0,10000.0,-223.0760304129988,9776.923969586998,-2.230760304129988,4.304445208898524,107.832765952,-3.2839355390011993,-226.35996595199504,721.4412094907199,-944.5172399037186,22.545037796584996,-28.621734542536927,89.90312670075612,-51.3762500970002,0.7638200543213605,0.49230769230769234,-0.07235914067304304,-0.23281194725087972,0.10339846317696083,-0.03605082449767901,0.036308316175364015,21.092307692307692,477.1590561117957,0.10744688126709251,0.0,
SOLUSD,trend_wide_stop,60,12,fc1b4bf036c0,14123,1345.0,ok,257.0,0.4367344048714862,588.4583333333334,0.0,295.0,10000.0,-60.510710649969184,9937.677683896945,-0.6051071064996918,6.226273031473103,452.6334952374,27.75281541256886,-34.56781683740337,4133.5275737701795,-4194.038284420147,36.57989003336442,-29.125265864028798,100.8048216957469,-54.27989043451153,0.9855722083237175,0.4396887159533074,-0.010178959092559725,-0.11128963481854082,0.09812204104999547,0.02792203820973124,0.03810099730229097,21.237354085603112,438.04958357544115,0.11350402687447754,0.0,
SOLUSD,counter_trend,60,12,f7c6b771ba0f,14123,176.0,ok,104.0,0.17673298874176874,588.4583333333334,2.0,20.0,10000.0,-956.5347775159273,9043.465222484076,-9.565347775159273,11.325923433656584,334.3413185982,-8.74184108227398,-965.2766185982073,1953.2222126845447,-2909.756990200472,50.082620838065246,-44.76549215693034,95.97480546560001,-53.153732560696604,0.6712664388341153,0.375,-0.19911543224634817,-0.4039907295552538,0.02124337564210602,-0.12568294088812532,0.07343249135822286,14.115384615384615,220.80841606907867,0.2253634240375884,0.0,
SOLUSD,atr_pullback,60,12,65d4c9d56bc9,14123,52.0,ok,41.0,0.06967358210012037,588.4583333333334,0.0,2.0,10000.0,-566.2438349499284,9433.756165050065,-5.6624383494992845,5.972624317384415,139.567344077,-1.881809127072679,-568.1256440770067,658.1470438808136,-1224.390878830742,41.13419024255085,-48.975635153229675,95.1713368319998,-53.98583007299997,0.5375301754202262,0.3902439024390244,-0.29650284687494927,-0.6061133816635236,0.041854957000611315,-0.22172473810149246,0.07477810877345685,13.609756097560975,213.64962041098102,0.23048626556578664,0.0,
SOLUSD,atr_banded,60,12,b87917a4e945,14123,535.0,ok,203.0,0.3449691991786447,588.4583333333334,11.0,53.0,10000.0,-378.45697130684727,9621.543028693159,-3.7845697130684726,7.973123087058934,686.742405853,4.58606545384706,-373.8709058529894,4909.861563534804,-5288.318534841651,55.79388140380459,-45.98537856384044,96.77140460920018,-57.86574077134358,0.9284352920851091,0.43349753694581283,-0.033039540696082066,-0.19634016530543727,0.13000601105475101,0.04381207044612394,0.07685161114220594,14.29064039408867,213.64962041098102,0.23612765942792963,0.0,
SOLUSD,atr_adx,60,12,04beb4cff4c7,14123,1038.0,ok,275.0,0.46732280676910004,588.4583333333334,8.0,289.0,10000.0,-701.613835540103,9294.944114099015,-7.01613835540103,11.585757032566855,873.1776401939999,31.030795346101232,-674.021891233986,6613.78515056871,-7315.398986108814,61.238751394154725,-43.80478434795697,97.66952980385014,-55.62943317697994,0.9040908312899412,0.3927272727272727,-0.05199968316781848,-0.20237132593684717,0.0892031336059541,0.022083558175422468,0.07408324134324096,13.770909090909091,224.21551415568553,0.22739797903830822,0.0,
SOLUSD,atr_adx_both,60,12,ff025b438234,14123,625.0,ok,218.0,0.37045953409332294,588.4583333333334,5.0,166.0,10000.0,-453.2062639401733,9546.793736059793,-4.532062639401733,8.887937309319812,704.5293856344,20.31597830576999,-432.89028563440297,5232.173863400678,-5685.38012734085,60.139929464375605,-43.39984830031183,97.66952980385014,-55.389370615660404,0.9202856706518682,0.39908256880733944,-0.04008457970572874,-0.19864682986777335,0.1222847057957861,0.03377767562507333,0.0738622553308021,14.509174311926605,227.35666251030068,0.22695511103803168,0.0,
SOLUSD,atr_t3,60,12,2948f1986035,14123,2017.0,ok,433.0,0.7358210012037102,588.4583333333334,37.0,615.0,10000.0,-2375.04709992952,7622.114718193984,-23.7504709992952,27.22604645263053,1371.4209287132,34.25757121631749,-2343.6250725532045,9070.183437555694,-11445.230537485211,57.771869029017154,-41.468226585091344,146.25746372115583,-54.85928544000018,0.7924858663046754,0.3625866050808314,-0.12786638243673876,-0.24895727937112966,-0.003531104542898863,-0.0507091466793012,0.07715723575743753,15.387990762124712,212.91503703087398,0.23652007987590826,0.0,
SOLUSD,atr_t4,60,12,25b97146fc25,14123,2017.0,ok,424.0,0.7205268002549033,588.4583333333334,37.0,604.0,10000.0,-1455.5917558144638,8541.26812806687,-14.555917558144637,20.457335631157743,1488.8135041174,45.20905169706052,-1413.5199015573944,10451.498314712877,-11907.090070527342,66.57005295995462,-44.59584296077656,195.92983622691895,-58.50189786699951,0.8777541996245268,0.37028301886792453,-0.07460067745862647,-0.20217797678593982,0.05749713052509309,0.0029271055073896786,0.07752778296601615,16.037735849056602,210.7303921362112,0.2385192918990156,0.0,
SOLUSD,atr_banded_adx,60,12,74612893d7d7,14123,214.0,ok,97.0,0.1648374991149189,588.4583333333334,3.0,16.0,10000.0,-823.6511436836411,9176.348856316356,-8.23651143683641,8.81105804799101,314.314426884,0.44801679964026103,-823.2031268840001,1907.8237456595514,-2731.4748893431924,50.2058880436724,-46.29618456513885,94.30997128899995,-53.637934943999625,0.6984591925420572,0.3917525773195876,-0.1822453976031474,-0.39419286228009026,0.04528838594044747,-0.10851913101940946,0.07372626658373797,13.948453608247423,225.94975942379824,0.22611949549493468,0.0,
SOLUSD,hwpr_v2,240,48,615596c7402f,3530,12.0,ok,7.0,0.011898016997167138,588.3333333333334,0.0,1.0,10000.0,70.97919414343342,10070.979194143432,0.7097919414343342,1.0057789110625548,11.8544646992,-0.6134588426336997,70.3657353007984,270.62784234328865,-199.6486481998552,90.20928078109621,-49.9121620499638,98.11739181146062,-52.28657405039218,1.3555205346162966,0.42857142857142855,0.22459525733926933,-0.6480504285545349,1.1185994218372293,0.26411838832228984,0.039523130983020564,14.857142857142858,429.0752058335695,0.11901935032708462,0.0,
SOLUSD,atr_arm,240,48,c9fa0fb9e041,3530,324.0,ok,89.0,0.15127478753541077,588.3333333333334,0.0,83.0,10000.0,-295.5511668051125,9704.448833194865,-2.9555116680511246,5.30077848151977,157.90993183900002,12.27163496611243,-283.279531839009,2156.3334709565734,-2451.884637761686,63.42157267519333,-44.57972068657611,95.76415398368017,-51.98074678799997,0.8794595951810685,0.38202247191011235,-0.05777785998643393,-0.31129709821070645,0.19546588043719768,-0.01671212744591151,0.04106573254052241,12.584269662921349,420.28259850983414,0.1222088913308978,0.0,
SOLUSD,flip,240,48,73f436a33410,3530,25.0,ok,15.0,0.025495750708215296,588.3333333333334,0.0,0.0,10000.0,90.28070286854663,10090.280702868546,0.9028070286854663,4.283369247134979,64.97648975419999,-1.7109926227452013,88.5697102457998,565.5073216719768,-475.2266188034301,94.2512202786628,-52.80295764482557,98.5498969184445,-54.831298335999925,1.189974002499826,0.4,0.111765271463307,-0.5080311778226673,0.9248226038634523,0.2170966103913017,0.10533133892799482,3.1333333333333333,150.00125713423733,0.32665290081918547,0.0,
SOLUSD,trend_pure,240,48,94d0fcfbb185,3530,26.0,ok,19.0,0.03229461756373937,588.3333333333334,0.0,2.0,10000.0,-147.33523919391038,9852.664760806078,-1.4733523919391038,2.775756846692366,30.3720292142,-0.013890020289528904,-147.3491292142062,429.87060642513575,-577.2058456190462,85.97412128502715,-41.22898897278901,98.11739181146062,-51.038175028308096,0.7447440279543683,0.2631578947368421,-0.17788940457367047,-0.6922524808766054,0.4004010744307486,-0.14079360043534822,0.03709580413832227,14.157894736842104,441.4042536462625,0.10890670316770909,0.0,
SOLUSD,st_only,240,48,ee4b57780b7d,3530,158.0,ok,59.0,0.10028328611898016,588.3333333333334,0.0,31.0,10000.0,-304.2776097796067,9693.962228758857,-3.0427760977960667,4.189938303510862,118.570778438,1.3649313416065,-162.33665408200613,1373.8290775253045,-1678.106687304911,62.446776251150204,-45.35423479202462,96.20725648130718,-53.59245842253703,0.8186780303770284,0.3728813559322034,-0.10571740211837176,-0.402201043602337,0.21063087515213896,-0.05948497772262461,0.046232424395747186,12.745762711864407,409.6427126228849,0.13971518404090627,1.694915254237288,
SOLUSD,adx_only,240,48,ef6ce688dd83,3530,112.0,ok,46.0,0.07818696883852691,588.3333333333334,0.0,30.0,10000.0,61.13890548854129,10061.138905488535,0.611389054885413,2.8598634881793545,81.75999973420002,5.71409477725954,66.85300026580262,1292.327164401002,-1231.1882589124607,64.6163582200501,-47.35339457355618,97.60422056315635,-54.170914865633236,1.0496584539740061,0.43478260869565216,0.05439483560162202,-0.30509811849463325,0.42653645222772374,0.09463427893092162,0.04023944332929961,11.847826086956522,406.82863698411995,0.12068732210507785,0.0,
SOLUSD,wpr_only,240,48,110eede40f13,3530,996.0,ok,100.0,0.16997167138810199,588.3333333333334,0.0,282.0,10000.0,-359.1619285975624,9640.838071402432,-3.5916192859756237,8.194165583384626,190.9543350526,15.611193544962642,-343.550735052595,2179.6249269671853,-2538.7868555647474,54.49062317417963,-42.31311425941246,99.32673530725002,-53.963282182042754,0.8585300976289846,0.4,-0.07259086640927662,-0.2939229894917842,0.14859682521893483,-0.030045013316089827,0.04254585309318682,13.11,396.3553499597747,0.1278028117398753,0.0,
SOLUSD,hwpr_no_confirm,240,48,13af052e1800,3530,71.0,ok,28.0,0.04759206798866855,588.3333333333334,0.0,8.0,10000.0,-176.81755268941558,9823.182447310584,-1.7681755268941557,3.271523559985596,51.62317203039999,-2.5224193409844893,-179.33997203040053,608.7845996937058,-785.6021523831213,60.87845996937058,-43.644564021284516,94.55213012997261,-52.953816396978546,0.77492735711958,0.35714285714285715,-0.12287699308677784,-0.5228689094756525,0.34543511187144704,-0.08089557747744648,0.04198141560933137,11.928571428571429,430.6825019419054,0.12492245331659775,0.0,
SOLUSD,st_flip_atr,240,48,5b6dddc13e0d,3530,105.0,ok,58.0,0.09858356940509914,588.3333333333334,0.0,17.0,10000.0,423.53861183793066,10421.452494550214,4.2353861183793065,3.416882476337561,110.4200290046,16.564559157469994,438.18980363539595,1812.1902047261376,-1388.651592888207,64.7210787402192,-46.2883864296069,102.6964880672953,-56.55203432099998,1.3049999107098043,0.4827586206896552,0.1506425197637084,-0.16421763996450778,0.46078146924120444,0.19247188041373134,0.04182936065002291,12.931034482758621,414.7870598206962,0.12653743581481933,0.0,
SOLUSD,flip_wide,240,48,051cc4ae8a12,3530,13.0,ok,9.0,0.015297450424929178,588.3333333333334,0.0,0.0,10000.0,100.10370643256469,10100.103706432568,1.001037064325647,0.33454658245962327,7.556870452,0.4066231154353002,100.51032954799848,132.70860691256476,-32.60490048000004,18.95837241608068,-16.30245024000002,30.185073458404947,-18.00650717999999,4.0702043238552035,0.7777777777777778,0.24743977391371186,-0.03610142746718945,0.4893387632649805,0.2666443498296063,0.01920457591589439,20.0,834.588836349802,0.05265560094449427,0.0,
SOLUSD,trend_wide_stop,240,48,07f486d17dce,3530,197.0,ok,49.0,0.08328611898016997,588.3333333333334,0.0,49.0,10000.0,-84.21292246912276,9915.787077530878,-0.8421292246912275,1.9716225697332086,41.0008176676,8.9053048015233,-75.30761766760043,601.8520930343818,-686.0650155035045,27.356913319744628,-25.409815389018686,90.81833997036303,-51.07631032799998,0.8772522711898979,0.4489795918367347,-0.028832993759409113,-0.2366743416985174,0.1891830828655855,-0.009428011832496953,0.01940498192691214,18.612244897959183,845.5378672457014,0.053882842070099725,0.0,
SOLUSD,counter_trend,240,48,98719646ab0d,3530,32.0,ok,16.0,0.027195467422096317,588.3333333333334,0.0,2.0,10000.0,151.53082749031626,10151.530827490311,1.5153082749031626,1.9639374622547259,27.0254856094,-0.16321309971623033,151.36761439059592,479.45408033548364,-327.92325284516744,53.27267559283152,-46.84617897788106,96.23160980438776,-49.69966026243826,1.4620923529380307,0.5625,0.17871955713514592,-0.38756365351255523,0.7644872545089961,0.2182444004590172,0.03952484332387125,14.25,415.97446272704497,0.11698577220186075,0.0,
SOLUSD,atr_pullback,240,48,81c45fd8782e,3530,8.0,ok,7.0,0.011898016997167138,588.3333333333334,0.0,0.0,10000.0,194.44036437994723,10194.440364379941,1.9444036437994723,0.9779658607945619,12.1610184112,-0.7944827911471001,193.64588158879997,291.87396256794716,-97.43359818799996,58.37479251358943,-48.71679909399998,89.39127395694777,-52.14103694799987,2.9956192524551013,0.7142857142857143,0.598419305820377,-0.26826563282342303,1.4560850812767503,0.6395140497310362,0.04109474391065933,13.857142857142858,373.06505517424205,0.12141551942101593,0.0,
SOLUSD,atr_banded,240,48,4fa35bae6bb2,3530,94.0,ok,42.0,0.07138810198300283,588.3333333333334,0.0,5.0,10000.0,-207.05737678053524,9790.986888262194,-2.0705737678053526,3.234204013226531,73.7994627356,-3.0993859550634406,-211.95054463560518,1010.2256920220325,-1217.2830688025676,67.3483794681355,-45.0845581037988,93.33343361512057,-53.084465401444064,0.8299020317564952,0.35714285714285715,-0.08365798331522971,-0.4505389330492784,0.299716979971863,-0.04279306831818223,0.04086491499704749,11.714285714285714,422.09728091541785,0.1215172222537104,0.0,
SOLUSD,atr_adx,240,48,2a9f6ce5e0de,3530,148.0,ok,52.0,0.08838526912181302,588.3333333333334,0.0,39.0,10000.0,-370.4519773780048,9629.548022621988,-3.7045197737800484,5.082718723897993,91.3845213846,10.02135599340532,-360.430621384603,1177.2396198824486,-1547.6915972604534,69.24938940484992,-44.21975992172724,97.45940525524998,-51.98074678799997,0.7606422506694897,0.3269230769230769,-0.14049042403737103,-0.4614937251358013,0.20521927467891896,-0.09996183941823378,0.040528584619137255,10.5,411.4487642318179,0.12040417266556656,0.0,
SOLUSD,atr_adx_both,240,48,65d8e682e631,3530,101.0,ok,44.0,0.07478753541076487,588.3333333333334,0.0,17.0,10000.0,-486.42883301276606,9513.571166987233,-4.8642883301276605,5.020054069261847,76.8852894962,13.1078435165667,-473.32098949620195,830.4547823257343,-1316.8836153385002,59.31819873755245,-43.89612051128334,92.19060115356483,-51.81565769756223,0.6306212429503641,0.3181818181818182,-0.23267947733804978,-0.5596846075820362,0.11204534960331604,-0.19255043828750784,0.04012903905054196,11.431818181818182,411.4859107608903,0.11977419665385308,0.0,
SOLUSD,atr_t3,240,48,953e321b2f63,3530,324.0,ok,87.0,0.1478753541076487,588.3333333333334,0.0,85.0,10000.0,-83.8058165888276,9916.194183411162,-0.8380581658882759,4.872801802384375,159.86100586860005,11.696310720227528,-72.10950586860417,2300.751042853669,-2384.5568594424963,69.7197285713233,-44.15846036004623,145.16102221180793,-52.814462899154556,0.9648547627384231,0.3793103448275862,-0.008757297154321018,-0.2842652375143037,0.27865274359508907,0.03222438672723394,0.04098168388155495,13.367816091954023,424.83956844612527,0.12212325345674803,0.0,
SOLUSD,atr_t4,240,48,1dad2d9ba5a5,3530,324.0,ok,87.0,0.1478753541076487,588.3333333333334,0.0,86.0,10000.0,-2.0843033920640464,9997.915696607924,-0.020843033920640464,4.931681046182746,164.6050394586,14.436163933463568,12.351860541391943,2392.7572644957722,-2394.8415678878355,72.50779589381128,-44.3489179238488,193.9169861875979,-53.48074552799986,0.999129669611547,0.3793103448275862,0.014603016515867621,-0.2737671805327918,0.31512972101289166,0.0554427306074259,0.040839714091558274,13.735632183908047,424.83956844612527,0.12156168127768723,0.0,
SOLUSD,atr_banded_adx,240,48,319dc61de91e,3530,45.0,ok,24.0,0.040793201133144476,588.3333333333334,0.0,0.0,10000.0,-222.26855348516423,9777.731446514821,-2.2226855348516423,2.4028853326840363,41.83106026680001,3.385793218365121,-218.8827602668007,522.6088288267008,-744.877382311865,65.3261036033376,-46.55483639449156,92.19060115356483,-51.76458730452793,0.7016038360631752,0.3333333333333333,-0.18826783637319336,-0.6422413021817945,0.2923836520572304,-0.14834644193942856,0.03992139443376476,10.791666666666666,424.43575602396515,0.11853721609360786,0.0,
XRPUSD,hwpr_v2,1,1,d0d990e07b5d,847359,76219.0,ok,1179.0,2.0035899778016164,588.44375,28263.0,1949.0,10000.0,-4027.5160098442393,5966.908865634437,-40.27516009844239,44.683688422370395,4603.662712889601,70.97669695463898,-3958.778271639607,28092.08517959345,-32119.601189437686,68.51728092583768,-41.76801194985395,102.88610792499995,-59.63636872499995,0.8746087790414827,0.3477523324851569,-0.08267133318463463,-0.1583982738381903,-0.0029683850259068054,0.031150010291406766,0.1138213434760414,403.04325699745544,128.42079350100474,0.3602348111482881,0.0,
XRPUSD,atr_arm,1,1,56f6ae1069b6,847359,202377.0,ok,223.0,0.37896570402863483,588.44375,190521.0,477.0,10000.0,-1470.0708651638038,8529.929134836191,-14.700708651638037,17.504407243017827,1110.4192701618001,-6.02740499800133,-1476.0982701618086,6398.7602476106995,-7868.831112774505,88.87167010570415,-52.11146432300996,97.96018708080015,-58.070511729000025,0.8131779874170578,0.32286995515695066,-0.13753279404709923,-0.31626546824812873,0.05300046184345939,-0.016788532616617145,0.12074426143048206,32.04932735426009,122.10443659206872,0.382283915293957,0.0,
XRPUSD,flip,1,1,5434cfafbbc2,847359,8566.0,ok,1346.0,2.2873894063791145,588.44375,0.0,227.0,10000.0,-6688.5151167641425,3311.157921332193,-66.88515116764142,68.93932839035106,4431.169244328799,-22.427127564649805,-6711.811621553796,26148.56438445746,-32837.0795012216,57.85080616030411,-36.73051398346935,101.39248910293718,-58.40994690700051,0.7963121197634122,0.33580980683506684,-0.1599068803125796,-0.22916613462061636,-0.0909640168175645,-0.05475120463500145,0.10515567567757816,513.3447251114413,150.23445622746019,0.33289214387424926,0.0,
XRPUSD,trend_pure,1,1,8bb3583aafa1,847359,25607.0,ok,694.0,1.1793820564837336,588.44375,18671.0,249.0,10000.0,-4083.5309801425888,5916.469019857438,-40.83530980142589,41.9563019519399,2517.5187097614,6.794370381191436,-4076.7366097613794,14819.462969831036,-18902.99394997363,64.9976446045221,-40.56436469951422,97.24417334999991,-56.87871741000057,0.783974380410343,0.3285302593659942,-0.1464832692602192,-0.24715807975879034,-0.0379240766862702,-0.0349311699125428,0.11155209934767639,276.21181556195967,133.99143283385638,0.3531553847361115,0.0,
XRPUSD,st_only,1,1,7af527e08725,847359,55650.0,ok,281.0,0.47753077503159813,588.44375,51241.0,169.0,10000.0,-3164.210794878771,6835.789205121239,-31.64210794878771,32.49398988299009,1236.4512252284,7.928269650378579,-3156.2825252283874,6194.58575640511,-9358.796551283884,78.4124779291786,-46.33067599645487,96.94987107600028,-57.315777749999775,0.6618998203946754,0.28113879003558717,-0.266050664906187,-0.42378186047165234,-0.10027006492115532,-0.14886620230646902,0.11718446259971795,102.25622775800711,129.30281320985432,0.3712922297775447,0.0,
XRPUSD,adx_only,1,1,13bd4d06debd,847359,26127.0,ok,96.0,0.16314218648766343,588.44375,24975.0,36.0,10000.0,-516.8356732987718,9483.164326701228,-5.168356732987718,8.100437698343669,482.60546260760003,4.9620106911742,-511.8736626075988,2934.3489063323004,-3451.184579631072,91.69840332288439,-53.9247590567355,96.74542522616471,-57.15476012800004,0.8502439781548801,0.3333333333333333,-0.1054097014840975,-0.39107325799676773,0.17759727216353446,0.012910680539389785,0.11832038202348731,43.322916666666664,128.80673147656708,0.37455376052516015,0.0,
XRPUSD,wpr_only,1,1,101048028d83,847359,369818.0,ok,238.0,0.40445667066733226,588.44375,342866.0,921.0,10000.0,-1068.0872356755783,8931.912764324434,-10.680872356755783,13.939013283084936,1241.4748146752,-11.70757899962369,-1079.7948146751914,7461.509521642422,-8529.596757318002,90.9940185566149,-54.67690229050002,100.55724166640667,-59.094279614999465,0.8747786951640815,0.3445378151260504,-0.08979968138920315,-0.2691338604493541,0.09601137599663188,0.03147821684876212,0.1212778982379653,80.0,120.06983168526492,0.3839103356064758,0.0,
XRPUSD,hwpr_no_confirm,1,1,c11a3456299c,847359,76219.0,ok,1179.0,2.0035899778016164,588.44375,28263.0,1949.0,10000.0,-4027.5160098442393,5966.908865634437,-40.27516009844239,44.683688422370395,4603.662712889601,70.97669695463898,-3958.778271639607,28092.08517959345,-32119.601189437686,68.51728092583768,-41.76801194985395,102.88610792499995,-59.63636872499995,0.8746087790414827,0.3477523324851569,-0.08267133318463463,-0.1583982738381903,-0.0029683850259068054,0.031150010291406766,0.1138213434760414,403.04325699745544,128.42079350100474,0.3602348111482881,0.0,
XRPUSD,st_flip_atr,1,1,1c8d76effdaf,847359,55665.0,ok,143.0,0.243013881955582,588.44375,51226.0,83.0,10000.0,-1784.7557483799883,8215.244251620008,-17.847557483799882,18.388892065748863,678.6431735564,4.037174823596579,-1780.7185735563908,3314.634120791961,-5099.389869171949,82.86585301979902,-49.50863950652377,95.80861438572227,-57.36124408800005,0.6500060214713882,0.27972027972027974,-0.2703195001438318,-0.4870451016086631,-0.0450721962820782,-0.15169513057946665,0.11862436956436512,96.26573426573427,122.86148358544123,0.3758045524583491,0.0,
XRPUSD,flip_wide,1,1,2d98145bd9e7,847359,8566.0,ok,351.0,0.5964886193455194,588.44375,7528.0,65.0,10000.0,-2062.364236470832,7937.63576352916,-20.62364236470832,26.90193774763614,1677.3723958354,-12.478359364550311,-2074.8425958353864,10359.363262580731,-12421.727499051563,89.30485571190286,-52.85841488958112,103.5792698763421,-60.55570448200035,0.8339712220680819,0.33048433048433046,-0.12665023958069468,-0.2726046884250349,0.025493658291964337,-0.01465391100643518,0.11199632857425947,209.75498575498577,132.2766088072783,0.35461834920744806,0.0,
XRPUSD,trend_wide_stop,1,1,0daed69b9ce8,847359,76469.0,ok,800.0,1.3595182207305285,588.44375,61491.0,1292.0,10000.0,-4885.121689796588,5114.8783102034195,-48.85121689796588,53.87058299856204,3101.1408586360003,-4.35026883941768,-4889.471958635993,17692.607691136654,-22577.72938093324,69.38277525935943,-41.42702638703347,105.51217238520005,-61.9298625519998,0.7836309574193921,0.31875,-0.16269463122758945,-0.258447744244947,-0.06951232114004711,-0.04381929251518201,0.11887533871240745,169.00625,123.93934855733505,0.37637826230890964,0.0,
XRPUSD,counter_trend,1,1,bdfef65e469d,847359,19530.0,ok,66.0,0.11216025321026861,588.44375,18420.0,14.0,10000.0,-890.150633494617,9109.849366505388,-8.90150633494617,10.159348405558966,341.0342078812,0.4595256134200897,-889.69110788119,1642.2278763456363,-2532.378509840253,91.23488201920202,-52.75788562167194,95.69793825999999,-57.019818504000526,0.6484922652614166,0.2727272727272727,-0.2779044742796286,-0.5999816778112211,0.046809643259147486,-0.15826896339406232,0.11963551088556626,87.10606060606061,123.67457589510394,0.37904504408321693,0.0,
XRPUSD,atr_pullback,1,1,110100b16667,847359,9394.0,ok,28.0,0.0475831377255685,588.44375,8807.0,0.0,10000.0,-200.07639609875815,9799.923603901241,-2.0007639609875816,2.391006153778944,148.7098623246,-4.67836622583999,-204.75476232459732,853.4466285001221,-1053.52302459888,94.82740316668023,-55.44858024204632,95.751393912,-57.85567290775339,0.8100882549055486,0.32142857142857145,-0.13929718464835314,-0.673611230693586,0.4066045597206738,-0.01863749034488949,0.12065969430346365,43.892857142857146,119.9474167867784,0.3820369498644939,0.0,
XRPUSD,atr_banded,1,1,32baa03e1582,847359,57868.0,ok,75.0,0.12745483319348705,588.44375,54486.0,17.0,10000.0,-542.2781915786042,9457.721808421406,-5.422781915786041,6.780344537090774,385.94797285659996,-4.90728127799034,-547.185472856585,2243.3934546976784,-2785.671646276283,93.47472727906994,-54.62101267208398,96.01628419843601,-57.661682254999555,0.805333054129517,0.32,-0.14365013447072258,-0.4661999039629702,0.18214022937606472,-0.024932917275259227,0.11871721719546334,44.08,128.0141089184177,0.37585934541282134,0.0,
XRPUSD,atr_adx,1,1,5dbb5b8ed03c,847359,76469.0,ok,179.0,0.30419220188845575,588.44375,73264.0,296.0,10000.0,-1565.0476461567655,8434.952353843235,-15.650476461567656,18.45349422232264,896.7325323722002,-5.621386215439119,-1570.669032372205,4887.872208285579,-6452.919854442344,88.87040378701053,-52.039676245502775,97.04037311760014,-57.68752605200014,0.7574667466109394,0.30726256983240224,-0.18515726130279828,-0.3906513020211105,0.020569737501884847,-0.06456240102174221,0.12059486028105608,30.76536312849162,123.82648106183125,0.38195227461831577,0.0,
XRPUSD,atr_adx_both,1,1,050ea75f6207,847359,76469.0,ok,179.0,0.30419220188845575,588.44375,73264.0,296.0,10000.0,-1565.0476461567655,8434.952353843235,-15.650476461567656,18.45349422232264,896.7325323722002,-5.621386215439119,-1570.669032372205,4887.872208285579,-6452.919854442344,88.87040378701053,-52.039676245502775,97.04037311760014,-57.68752605200014,0.7574667466109394,0.30726256983240224,-0.18515726130279828,-0.3906513020211105,0.020569737501884847,-0.06456240102174221,0.12059486028105608,30.76536312849162,123.82648106183125,0.38195227461831577,0.0,
XRPUSD,atr_t3,1,1,eb3710a3d5b9,847359,202377.0,ok,194.0,0.3296831685271532,588.44375,189781.0,410.0,10000.0,-926.6404646233432,9073.359535376654,-9.266404646233433,15.804644379409599,1003.2408296034,-6.54356498006219,-933.1840296034043,6596.6945822830085,-7523.3350469063525,131.93389164566017,-52.245382270183,148.8125830824002,-58.43883666399992,0.876831158143836,0.25773195876288657,-0.09251473138370181,-0.3326458817192472,0.14959089195814282,0.02926255866698616,0.121777290050688,55.43298969072165,121.1909040656831,0.38556759821761194,0.0,
XRPUSD,atr_t4,1,1,85c7c16d5604,847359,202377.0,ok,180.0,0.3058915996643689,588.44375,188365.0,384.0,10000.0,348.67193570587995,10348.671935705865,3.4867193570587993,12.8949642610054,1014.4314405786001,-9.11197628448385,339.5599594213836,7926.673671447012,-7578.001735741132,180.15167435106844,-55.72060099809656,201.74061835708957,-59.86531702799962,1.0460110656957746,0.24444444444444444,0.04909202558811085,-0.25368599862664143,0.37216654695114626,0.17252645535879263,0.12343442977068174,93.86111111111111,119.12328943792735,0.3905246724912582,0.0,
XRPUSD,atr_banded_adx,1,1,27bc3723bc0f,847359,15929.0,ok,47.0,0.07987169546791856,588.44375,15293.0,8.0,10000.0,-345.03735730569804,9654.962642694298,-3.4503735730569804,4.747105871436434,237.945146792,-3.660689486299599,-348.69804679200206,1397.4627678326417,-1742.5001251383396,93.16418452217611,-54.45312891057311,95.31100570680024,-57.23735371200004,0.8019871836288649,0.3191489361702128,-0.14436362543639786,-0.5355515389641482,0.2536597147943249,-0.027520306137491006,0.11684331929890687,40.0,128.3409866949242,0.3699346789980813,0.0,
XRPUSD,hwpr_v2,5,1,417a02375248,169475,4941.0,ok,685.0,1.1640654963858976,588.4548611111111,697.0,387.0,10000.0,-1106.8699319302823,8893.130068069715,-11.068699319302823,16.368321943155518,2780.9789956642,58.921336266076025,-1047.9485956642056,18666.425833098227,-19773.295765028506,70.4393427664084,-47.07927563102025,101.41275415920009,-61.33731909553465,0.9440219807014714,0.38686131386861317,-0.03009385995987052,-0.12398631031848405,0.06532599438685516,0.06422998106610692,0.09432384102597743,136.36642335766425,163.43160593297858,0.2984570673503124,0.0,
XRPUSD,atr_arm,5,1,5104b68fd7d7,169475,24588.0,ok,530.0,0.9006638147219355,588.4548611111111,20068.0,705.0,10000.0,-3154.2712488883744,6845.7287511116365,-31.542712488883744,35.004714645927365,2340.246294761,1.6671541273641495,-3152.6040947609963,13497.81423543307,-16652.085484321447,78.4756641594946,-46.51420526346773,97.19733139380024,-58.243532952000585,0.8105780052679744,0.32452830188679244,-0.137991621348037,-0.26288074776116616,-0.016432671280445035,-0.01736652848444888,0.12062509286358815,34.11698113207547,123.9952113753913,0.38187177410528045,0.0,
XRPUSD,flip,5,1,e315159de0f4,169475,1100.0,ok,610.0,1.036613069774303,588.4548611111111,0.0,71.0,10000.0,-3510.017833322115,6489.982166677903,-35.10017833322115,35.25198362324724,2282.9730641408,-86.7328308186739,-3596.7506641407736,12708.47172866795,-16218.489561990064,60.229723832549524,-40.64784351375956,95.66154211030874,-55.62623374954241,0.7835792402303446,0.34590163934426227,-0.13753287520996504,-0.24427329619034996,-0.03312950570878502,-0.03237754293806825,0.10515533227189679,119.94754098360656,150.2261717933196,0.33287353897798205,0.0,
XRPUSD,trend_pure,5,1,05d1fff9562b,169475,6073.0,ok,744.0,1.2643280719870187,588.4548611111111,1032.0,470.0,10000.0,-1119.4123028294398,8876.0365173252,-11.194123028294397,14.203647269650155,2882.1308771682,65.26042566122858,-1055.9696778332163,19700.707901671445,-20820.120204500883,68.16853945215033,-45.758505943957985,96.03703715200012,-61.07613682628211,0.9462341095135731,0.38844086021505375,-0.027697661724963914,-0.11608066168468509,0.06758941821026247,0.06637603598615972,0.09407369771112363,132.59408602150538,165.80833704249352,0.2976417530476513,0.0,
XRPUSD,st_only,5,1,fff8729f2034,169475,28686.0,ok,956.0,1.624593597875793,588.4548611111111,6585.0,1299.0,10000.0,-4285.527782344761,5714.47221765524,-42.855277823447615,44.68175823570888,3146.2015342304003,27.718448114353,-4257.8093342303955,18725.026968531776,-23010.554750876538,54.91210254701401,-37.415536180287056,99.63753740340003,-57.37405932000046,0.8137581719023305,0.35669456066945604,-0.112888835387326,-0.19852072037935384,-0.025807810429454903,-0.011806693757358742,0.10108214162996725,119.51150627615063,149.1173353312489,0.31994838722188546,0.0,
XRPUSD,adx_only,5,1,b5acf63ba5bf,169475,6062.0,ok,360.0,0.6117716477356543,588.4548611111111,4946.0,242.0,10000.0,-2941.8574046601593,7058.142595339826,-29.41857404660159,30.799373800428864,1633.8114859774,-13.0555813172354,-2954.912985977401,9210.959196198366,-12152.816600858525,83.73599269271241,-48.6112664034341,96.74552044065591,-57.92453431599931,0.7579279354505906,0.3055555555555556,-0.18870599307858393,-0.3364544205552224,-0.04268501807193032,-0.07182502197086046,0.11688097110772347,33.419444444444444,127.7316240048343,0.3701219386983638,0.0,
XRPUSD,wpr_only,5,1,461613bee59c,169475,74364.0,ok,665.0,1.1300781826228057,588.4548611111111,56727.0,2636.0,10000.0,-4026.5238635833357,5973.476136416653,-40.265238635833356,46.430213130683754,2825.6803162598,-19.885452676467494,-4046.4093162598065,16196.292321590307,-20222.816185173644,75.33159219344329,-44.9395915226081,106.95832385280013,-63.03409054000029,0.8008920307283719,0.3233082706766917,-0.14999599679411155,-0.2602791034995202,-0.04525900282223209,-0.029790892236951548,0.12020510455715999,37.61954887218045,123.55658198614411,0.380569990729613,0.0,
XRPUSD,hwpr_no_confirm,5,1,7c2732655b5c,169475,15695.0,ok,829.0,1.4087741554801594,588.4548611111111,1967.0,1198.0,10000.0,-2159.55535417749,7836.425943972315,-21.595553541774898,26.56877279052136,2952.1078822420004,31.787771935478645,-2129.372704241995,19427.052498301862,-21586.607852479356,62.46640674695133,-41.67298813219953,94.90260231373603,-55.174136130000264,0.8999585590781252,0.3751507840772014,-0.054553712092249074,-0.13957036453998078,0.033536135698313964,0.04004767854915059,0.09460139064139968,135.8335343787696,165.2474108170323,0.2993460150237136,0.0,
XRPUSD,st_flip_atr,5,1,97b43ab55233,169475,8690.0,ok,383.0,0.65085705856321,588.4548611111111,7202.0,207.0,10000.0,-3460.609783784705,6539.390216215305,-34.60609783784705,34.88345010359465,1697.20198959,-12.004705805284988,-3472.6144895899706,9270.888547811777,-12731.498331596482,81.32358375273489,-47.32899008028432,96.4100311691998,-57.66945100800081,0.7281851912750668,0.29765013054830286,-0.21695636345638059,-0.3505053431209902,-0.07645265403465135,-0.10018959972798995,0.11676676372839064,38.177545691906005,128.84109598162104,0.3698250702669967,0.0,
XRPUSD,flip_wide,5,1,be791f3cc7c2,169475,1099.0,ok,361.0,0.6134710134238088,588.4548611111111,467.0,47.0,10000.0,-2396.728604469126,7603.2713955308855,-23.967286044691257,29.825496690090386,1315.9461629087998,-61.86965843967011,-2458.5982629087957,7932.963225510878,-10329.691829980005,63.46370580408703,-43.7698806355085,97.11750699316092,-56.15060357000011,0.7679767563333236,0.3462603878116344,-0.14750765054976453,-0.2865518202317571,-0.016294469233929937,-0.0492499109193833,0.09825773963038123,114.65927977839335,156.77286270914408,0.31109643290699046,0.0,
XRPUSD,trend_wide_stop,5,1,faec9158d314,169475,13141.0,ok,852.0,1.4478595663077152,588.4548611111111,3423.0,1025.0,10000.0,-294.56949147786565,9705.430508522117,-2.9456949147786564,26.950798939819983,4004.8209056607993,37.28478581705262,-257.28470566082433,28019.52561453698,-28314.095106014844,85.16573135117622,-54.137849151080005,114.55169179800005,-66.948602129115,0.9895963656837725,0.38615023474178406,-0.0023000539676368507,-0.09052197221427065,0.09266245524721202,0.10113789838584006,0.10343795235347691,107.09976525821597,145.90997346814117,0.3272314437055156,0.0,
XRPUSD,counter_trend,5,1,1462fce8f022,169475,2941.0,ok,173.0,0.29399026405074496,588.4548611111111,2546.0,35.0,10000.0,-960.1116121714196,9039.888387828581,-9.601116121714195,14.609327581876489,856.2907918843999,-17.834679712977334,-977.9462918843928,5287.63642536238,-6247.748037533799,92.76555132214702,-53.85989687529137,98.80983006419984,-58.30208418900018,0.8463267714377277,0.32947976878612717,-0.11164775363516338,-0.306467292491515,0.09777762828738858,0.0044425289610973,0.1160902825962607,37.68208092485549,129.3548562421873,0.36749687423016986,0.0,
XRPUSD,atr_pullback,5,1,f657e49360af,169475,805.0,ok,48.0,0.08156955303142056,588.4548611111111,725.0,2.0,10000.0,-539.4791139651257,9460.520886034868,-5.394791139651257,5.394791139651316,239.6674067808,-3.024792815675,-542.5039067808084,1299.8914830656158,-1839.3705970307417,92.84939164754398,-54.09913520678652,96.53658601122137,-56.70206213999958,0.7067045027054385,0.2916666666666667,-0.22635052958461296,-0.6085874620823468,0.15490399415282122,-0.11169263333955343,0.1146578962450595,27.625,132.5461891038912,0.3631477932163775,0.0,
XRPUSD,atr_banded,5,1,ddd76a9fda2b,169475,6502.0,ok,208.0,0.3534680631361558,588.4548611111111,5626.0,36.0,10000.0,-1485.5030370136606,8514.496962986363,-14.855030370136605,16.40557141283129,970.0028552026,-14.20881818893714,-1499.711855202584,5666.671400918938,-7152.174437932599,85.85865758968089,-50.367425619243654,93.81728228599968,-56.42796779100011,0.7923005024688605,0.3173076923076923,-0.14967186121434922,-0.3529180885113455,0.040647366213663,-0.03287278289681861,0.11679907831753057,33.69711538461539,130.22305638565462,0.3697696988478901,0.0,
XRPUSD,atr_adx,5,1,46cfb055642f,169475,9534.0,ok,377.0,0.6406608644342824,588.4548611111111,7633.0,316.0,10000.0,-1971.2277430604172,8028.772256939577,-19.71227743060417,29.370883833823374,1769.8084420136001,-13.843598953187715,-1985.071342013609,10710.714967607682,-12681.942710668098,85.00567434609272,-50.52566816999242,103.20898492199991,-59.642176968000605,0.8445642132256116,0.33421750663129973,-0.11142878855570532,-0.24985112658032435,0.033998881569372995,0.0064563425482417666,0.11788513110394713,35.684350132625994,125.97110288245261,0.3731484764047309,0.0,
XRPUSD,atr_adx_both,5,1,5af18381228a,169475,5167.0,ok,294.0,0.499613512317451,588.4548611111111,4215.0,194.0,10000.0,-2200.158547141844,7799.8414528581525,-22.001585471418437,26.412273164864196,1384.6799105638001,-3.873763421964201,-2204.032310563811,7918.249166873154,-10118.407714014997,85.14246415992638,-50.34033688564675,100.95168026999993,-57.26381631599958,0.7825588166313554,0.3163265306122449,-0.16409991855709435,-0.32455459124551755,-0.004805354181525943,-0.04646381749648326,0.11763610106061108,33.295918367346935,127.53595356622043,0.3724734123232222,0.0,
XRPUSD,atr_t3,5,1,05f6295cd83b,169475,24588.0,ok,464.0,0.7885056793037322,588.4548611111111,19366.0,636.0,10000.0,-3155.4446921656154,6844.5553078344,-31.554446921656155,34.67883696994801,2178.9729107604,-4.9693185947953165,-3160.4140107604026,13335.332519423551,-16490.777211589168,113.97720102071412,-47.52385363570365,148.72004502652797,-58.11032876000059,0.8086539735708712,0.2521551724137931,-0.156355546923302,-0.3021555127420836,-0.000871002643373877,-0.035321683710261696,0.12103386321304027,51.55603448275862,122.8435228996241,0.3831872042440096,0.0,
XRPUSD,atr_t4,5,1,3e4a2f166d4d,169475,24588.0,ok,414.0,0.7035373948960024,588.4548611111111,19146.0,558.0,10000.0,-2548.66512215656,7451.334877843433,-25.486651221565598,35.57646188959897,2292.7642642710002,16.159857885544433,-2532.5052642710234,14726.781494592542,-17275.4466167491,156.6678882403462,-53.98577067734094,218.62766180772417,-64.50412997600066,0.8524689301123164,0.22705314009661837,-0.1330694090261812,-0.31448389332074783,0.048373860460596135,-0.010856182505899785,0.12221322652028142,63.40096618357488,122.071817317849,0.38695823659167106,0.0,
XRPUSD,atr_banded_adx,5,1,57994c89d5b6,169475,1822.0,ok,114.0,0.19372768844962385,588.4548611111111,1567.0,7.0,10000.0,-1122.316226382265,8877.683773617748,-11.223162263822651,17.724343500932175,514.8403957216001,-8.719269339328388,-1131.0354957215877,2877.104719248575,-3999.4209456308395,84.62072703672278,-49.992761820385496,93.383624304,-56.38607541599958,0.719380319891474,0.2982456140350877,-0.2040403409042348,-0.46646294211910144,0.05983685696419879,-0.09058617859006439,0.11345416231417045,36.98245614035088,136.58572674865783,0.3592335165905518,0.0,
XRPUSD,hwpr_v2,15,3,2d82254b0605,56491,1668.0,ok,397.0,0.6746561399160929,588.4479166666666,92.0,162.0,10000.0,3316.9935757338176,13316.993575733832,33.16993575733817,4.442437180456911,1656.4585621124002,101.09116215377676,3418.0847378876206,14227.093838837618,-10910.100263103799,74.48740229757915,-52.961651762639804,135.730649210403,-84.1282258899409,1.3040296143703973,0.4811083123425693,0.1481102061480827,0.027543521660733067,0.2664122204588591,0.22544833780547188,0.0773381316573892,60.304785894206546,216.0070532915373,0.24446126692118408,0.0,
XRPUSD,atr_arm,15,3,6f52cca22769,56491,8023.0,ok,651.0,1.1063001186029633,588.4479166666666,3426.0,935.0,10000.0,-1279.5563022470837,8720.443697752879,-12.795563022470837,17.449940710301682,2926.9977077129997,32.949694534082695,-1246.6066077130272,19110.3228076515,-20389.879109898582,79.29594525996474,-49.731412463167274,97.15060387819112,-57.46504790100003,0.9372455179674949,0.37019969278033793,-0.037210599361525855,-0.14305808904009068,0.0731736366876129,0.07391778306745454,0.1111283824289804,28.580645161290324,135.13093721847682,0.3516020098083569,0.0,
XRPUSD,flip,15,3,aeb036eae4b4,56491,307.0,ok,259.0,0.440140907401179,588.4479166666666,0.0,14.0,10000.0,507.938153043645,10498.614349111893,5.07938153043645,9.179535299719827,1295.8323084122,-37.20716145584289,467.98191293179116,8826.975013258583,-8319.03686021494,80.981422139987,-55.46024573476626,111.2234911096766,-65.05354995981551,1.0610573268971573,0.42084942084942084,0.042809363330062765,-0.1238604674054394,0.20639522574642705,0.14795057626660513,0.10514121293654233,41.58301158301158,150.24011983962453,0.33256913106539276,0.0,
XRPUSD,trend_pure,15,3,eb00d21eb365,56491,1954.0,ok,466.0,0.7919137561735499,588.4479166666666,119.0,220.0,10000.0,2378.1283413069837,12378.12834130698,23.781283413069836,8.869851973903717,2041.49119085,78.50706784300489,2456.6354091499743,16747.655525873804,-14369.527184566821,80.90654843417296,-55.48079994041244,128.32537557311318,-79.73938695287923,1.165498023056816,0.44420600858369097,0.09561888691476178,-0.0174701928872985,0.20204593549158173,0.17695691205988623,0.08133802514512443,57.223175965665234,201.9805415697225,0.25719202386459766,0.0,
XRPUSD,st_only,15,3,0f4e7a10593d,56491,8056.0,ok,721.0,1.225257120603282,588.4479166666666,841.0,848.0,10000.0,1641.0752154330237,11638.171800693206,16.41075215433024,13.206288068607321,3248.3051268888003,88.9010576781646,1728.1884922092086,23197.549896726377,-21556.47468129335,73.64301554516311,-53.094765224860474,119.00344359203449,-70.54503980999996,1.076129109221052,0.4368932038834951,0.046209663996087634,-0.04942685375475099,0.13938124942347324,0.13722247914924648,0.09101281515315884,52.36615811373093,173.3382298934987,0.2878903535037699,0.0,
XRPUSD,adx_only,15,3,678e9c750bae,56491,2272.0,ok,435.0,0.7392327981448373,588.4479166666666,984.0,282.0,10000.0,-722.8765173300185,9277.12348266996,-7.228765173300185,15.162752741870895,2093.8941561016004,13.242061228408069,-709.6344561016122,14093.186839117252,-14816.063356447272,88.08241774448283,-53.876594023444625,104.35486262519998,-62.65466787109126,0.9512099469380673,0.367816091954023,-0.02964198340183848,-0.15683304131313566,0.09296303632694103,0.07871697467968555,0.10835895808152403,27.960919540229884,140.70022904688457,0.3428018714154385,0.0,
XRPUSD,wpr_only,15,3,db7a0979c7d6,56491,25275.0,ok,763.0,1.2966313218034733,588.4479166666666,9251.0,3105.0,10000.0,-2592.6716741772266,7398.077364109265,-25.926716741772264,34.11634108019902,3163.8795053842005,-8.62853120696246,-2463.6003922541886,20093.893420905737,-22686.565095082962,74.97721425711096,-45.83144463653124,101.50328283159988,-59.28292472800011,0.8857177513073958,0.35124508519003933,-0.07384176697507938,-0.1710060253094768,0.02948864473135203,0.03689092404536802,0.11073269102044742,30.613368283093052,135.4076634975506,0.35041938974263354,0.1310615989515072,
XRPUSD,hwpr_no_confirm,15,3,eaf32eb8c8d0,56491,5577.0,ok,534.0,0.9074719866881451,588.4479166666666,255.0,589.0,10000.0,1317.6520088862976,11315.044275965549,13.176520088862976,9.120469325739226,2062.945440366,79.2865507476939,1395.3315195140003,16263.122164115312,-14945.470155229017,73.58878807291997,-47.74910592724925,113.32375539289959,-71.95028973292314,1.0881639717720946,0.41385767790262173,0.0503017789854129,-0.053165782790346006,0.162216977403123,0.13149400264497216,0.08119222365955925,57.68726591760299,205.52274615000547,0.2567727589200207,0.0,
XRPUSD,st_flip_atr,15,3,b4dec0fbdf37,56491,2525.0,ok,467.0,0.7936131419164115,588.4479166666666,1221.0,257.0,10000.0,-3655.5084644903304,6336.567920883663,-36.5550846449033,36.63432079116337,1832.510932083,-20.50966759266204,-3678.354371669985,10125.014152749996,-13780.522617240327,67.95311511912749,-43.334976783774614,93.9359000897954,-56.20749196800034,0.7347336841988088,0.31905781584582443,-0.19035289307926057,-0.3148887935326203,-0.06511666552742892,-0.08113436431871167,0.1092185287605489,29.9186295503212,139.0734343165918,0.34585803884469535,0.0,
XRPUSD,flip_wide,15,3,581f1adf9d94,56491,306.0,ok,234.0,0.3976562638296366,588.4479166666666,13.0,16.0,10000.0,-271.34512307618695,9722.579296352555,-2.7134512307618692,9.541350319489835,859.6271915444001,-25.28676846821405,-298.42324719639873,5746.2161663684155,-6017.561289444602,51.30550148543228,-49.32427286430002,101.22949028999952,-60.44102390910382,0.9549077923722766,0.47863247863247865,-0.020275739685950943,-0.17390440195629767,0.11986432111606621,0.057411683954401625,0.07768742364035257,60.27350427350427,213.3620565201865,0.24583047779918882,0.0,
XRPUSD,trend_wide_stop,15,3,aa80ac6cb6a1,56491,4899.0,ok,553.0,0.9397603158025173,588.4479166666666,170.0,585.0,10000.0,1753.4944602568482,11753.49446025684,17.534944602568483,6.775448114026659,2233.6768367534005,103.18490298973192,1856.6793632465633,17539.820111990375,-15786.32565173353,72.47859550409245,-50.75988955541328,117.71911813632599,-72.25194437043051,1.1110767951289722,0.4376130198915009,0.062327500006576796,-0.04576311321137862,0.16421030721221141,0.14283580319359804,0.08050830318702122,59.65641952983725,204.99679692504859,0.25459840952057383,0.0,
XRPUSD,counter_trend,15,3,3125adf4a7a6,56491,803.0,ok,196.0,0.3330796056008922,588.4479166666666,401.0,23.0,10000.0,-327.01982741193416,9660.899155803825,-3.2701982741193416,9.684157431639177,908.269847023,-38.097519611063234,-368.6793766010087,6079.953746548848,-6406.973573960783,83.28703762395682,-52.08921604846165,101.30664347346715,-60.45633720989981,0.9489587675621125,0.37244897959183676,-0.029058508755395812,-0.22135929998233256,0.18065661591825305,0.07808594148806572,0.10714445024346154,34.224489795918366,141.40141821639253,0.3390876214395285,0.0,
XRPUSD,atr_pullback,15,3,a6e9ca369d7d,56491,209.0,ok,56.0,0.09516560160025492,588.4479166666666,125.0,2.0,10000.0,384.1281629333062,10384.128162933308,3.841281629333062,3.9105521069030855,264.6097205106,-17.602083443908022,366.5260794893984,2168.401728057964,-1784.273565124658,86.73606912231857,-57.55721177821478,103.58802493208896,-61.26684780562593,1.21528546431526,0.44642857142857145,0.1398727570045734,-0.2259538746346108,0.5028425234196958,0.24325124619555089,0.10337848919097752,29.214285714285715,147.43396618505935,0.32691698220153864,0.0,
XRPUSD,atr_banded,15,3,211009088ad3,56491,2095.0,ok,284.0,0.48262555097272136,588.4479166666666,1024.0,54.0,10000.0,131.75942898677465,10131.759428986774,1.3175942898677466,11.585307540653696,1317.8363743562,-3.2164033429667924,128.54302564380305,9222.108994414224,-9090.349565427448,83.08206301274076,-52.545373210563284,102.72292794072102,-62.69414501953346,1.0144944292888236,0.3908450704225352,0.014248857388878515,-0.15134511846972265,0.17513180835614192,0.12347293128380116,0.10922407389492264,32.95070422535211,136.73427361057816,0.3455361654688049,0.0,
XRPUSD,atr_adx,15,3,202bf6ba8020,56491,3579.0,ok,447.0,0.7596254270591776,588.4479166666666,1474.0,428.0,10000.0,-1506.651054195201,8493.348945804793,-15.066510541952008,20.738182478920212,1867.3805946308,7.858359564393002,-1498.7926946308107,12065.422507942236,-13572.073562137437,75.88316042730966,-47.12525542408832,98.6181636700001,-57.07002521199958,0.8889888824064167,0.35570469798657717,-0.06831219858472275,-0.19635979585640476,0.06500159420365915,0.0403774937119781,0.10868969229670083,28.74496644295302,138.4194431031716,0.3438964195676357,0.0,
XRPUSD,atr_adx_both,15,3,f332970c01aa,56491,1991.0,ok,353.0,0.5998831672301783,588.4479166666666,817.0,264.0,10000.0,-1102.970551256093,8897.029448743931,-11.029705512560929,15.685784815491083,1514.1938858632,22.119265392895123,-1080.8512858631893,10063.295222519895,-11166.265773775987,79.86742240095155,-49.19059812236118,97.52021605800013,-57.15994798799966,0.9012229716181015,0.35694050991501414,-0.06135360193792655,-0.21659616219466937,0.0850796012289333,0.04636925893263649,0.10772286087056303,28.254957507082153,141.53486700215808,0.3408450033588583,0.0,
XRPUSD,atr_t3,15,3,1ff2ae982960,56491,8023.0,ok,575.0,0.9771468021454746,588.4479166666666,3280.0,850.0,10000.0,-908.7262251140012,9091.273774886029,-9.087262251140011,16.83610841605984,2820.266462867,32.81206224700314,-875.914162866984,18921.326805158868,-19830.053030272866,102.27744219004794,-50.84628982121247,152.47323494701294,-62.67997934503336,0.9541742917315086,0.3217391304347826,-0.026565562987754587,-0.15554879244829015,0.09865787156420712,0.0847955963342001,0.11136115932195467,36.79304347826087,134.44792755137496,0.35232221807850783,0.0,
XRPUSD,atr_t4,15,3,6ba6750cd284,56491,8023.0,ok,523.0,0.8887787435166664,588.4479166666666,3303.0,777.0,10000.0,311.9910155632469,10311.991015563224,3.1199101556324687,15.40108908686109,2769.3686712762,29.31361316055164,341.30462872376665,19417.540162275032,-19105.54914671179,118.39963513582337,-53.218799851564874,213.51845873033017,-69.76966938926572,1.0163298638090672,0.3135755258126195,0.019832726040130713,-0.13603838632133516,0.17372560805858597,0.13147154116937945,0.11163881512924878,41.619502868068835,134.44792755137496,0.3530979790670657,0.0,
XRPUSD,atr_banded_adx,15,3,aec9aca1a8a6,56491,689.0,ok,149.0,0.25320847568639254,588.4479166666666,318.0,15.0,10000.0,-311.8185590505611,9688.18144094945,-3.1181855905056106,8.168958391789966,673.8058373686001,0.6577216819664411,-311.16083736859946,4674.973089521544,-4986.791648572103,84.99951071857353,-53.05097498480961,96.63176495059666,-60.692602644450254,0.9374711074725082,0.3691275167785235,-0.03755464605698338,-0.2635583305560724,0.19871929040955105,0.06884781811806533,0.10640246417504867,30.348993288590606,138.87652452595086,0.3367112445531142,0.0,
XRPUSD,hwpr_v2,30,6,a7adb2330d05,28245,734.0,ok,227.0,0.3857673924588423,588.4375,12.0,85.0,10000.0,1056.6519798093927,11056.651979809376,10.566519798093928,3.4040639442267824,735.2965003572,24.470119833408173,1081.1220996428074,6148.070536788314,-5091.4185569789215,60.87198551275558,-40.408083785547,111.46237161824149,-64.12034704754876,1.2075358700103365,0.44493392070484583,0.09163250654158953,-0.03904018644230645,0.23300177496246396,0.15592803399920688,0.06429552745761735,35.07929515418502,271.8132673167285,0.20329709279262526,0.0,
XRPUSD,atr_arm,30,6,c1286ae7a972,28245,3963.0,ok,587.0,0.9975570897503983,588.4375,707.0,781.0,10000.0,529.9145445363613,10529.914544536348,5.299145445363613,17.364503470717366,2759.2702796838003,95.54937577982363,625.4639203161732,19849.804270416917,-19319.88972588056,89.41353274962574,-52.93120472843989,108.9037688708089,-64.89225145003512,1.0274284456099403,0.3781942078364566,0.022325298139661973,-0.08542221856231265,0.13268781893553322,0.12474851768006197,0.10242321954039997,20.879045996592843,148.66575997749044,0.32397469977193555,0.0,
XRPUSD,flip,30,6,94fd69df3d90,28245,153.0,ok,133.0,0.22602230483271377,588.4375,0.0,2.0,10000.0,-3.7095664889103404,9996.290433511098,-0.0370956648891034,7.702854940929808,632.8830651804001,-1.1304986914895685,-4.840065180396778,4025.2296895643744,-4028.939256053284,73.1859943557159,-51.65306738529851,100.90127779199943,-58.393625592810594,0.9990792696903196,0.41353383458646614,0.003896321576991209,-0.21781540596403884,0.2286095233576067,0.10903998213962644,0.10514366056263523,20.338345864661655,150.25098358431768,0.33264120241666334,0.0,
XRPUSD,trend_pure,30,6,7a63259af4b4,28245,870.0,ok,275.0,0.46733935209771643,588.4375,24.0,104.0,10000.0,2630.904512939446,12630.904512939456,26.30904512939446,3.827732511381309,1009.6229875658001,41.199199494757295,2672.1037124342074,9035.340784050066,-6404.436271110619,68.44955139431868,-44.78626763014419,123.1952528412143,-72.49109716891819,1.4107940810976658,0.48,0.17336229247027343,0.04026480077930494,0.3072430992871443,0.2421637736288391,0.06880148115856571,34.269090909090906,257.11996503751266,0.21747568212556698,0.0,
XRPUSD,st_only,30,6,20804d399e9e,28245,3586.0,ok,534.0,0.9074880509824748,588.4375,235.0,566.0,10000.0,1981.738859572316,11981.738859572326,19.81738859572316,11.01091352092821,2108.8456768568003,-13.436736429117794,1968.302123143203,16530.006992578004,-14548.268133005691,71.55847182934201,-48.01408624754354,119.4077291074541,-67.90451134681135,1.1362181973451766,0.43258426966292135,0.07148454786922848,-0.02070306676816908,0.17078388326722257,0.15210204154801907,0.0806174936787906,30.45692883895131,213.17373910518066,0.254889093821684,0.0,
XRPUSD,adx_only,30,6,8814fa86b289,28245,1129.0,ok,343.0,0.5828996282527881,588.4375,194.0,212.0,10000.0,1366.9654707807854,11366.965470780788,13.669654707807855,6.831699050662854,1541.3271082882002,49.74032093100945,1416.7057917117781,11926.594250795093,-10559.628780014307,86.4245960202543,-51.51038429275272,113.72438526534391,-67.462283220162,1.1294520384436217,0.40233236151603496,0.07932349153693918,-0.06894848839263643,0.22822868511889707,0.1761063714261531,0.09678287988921397,21.784256559766764,163.2089388280344,0.3060366804972607,0.0,
XRPUSD,wpr_only,30,6,7abf2369a8c0,28245,12471.0,ok,679.0,1.153903345724907,588.4375,1817.0,2666.0,10000.0,-1694.5484024291807,8296.629652361467,-16.945484024291808,21.12486888502186,2744.0973657758004,24.399336653374444,-1672.74939509479,17926.28497769651,-19620.83338012569,69.48172471975391,-46.60530494091613,99.66287944399993,-57.15697523000014,0.9136352483301948,0.3799705449189985,-0.05032405439675991,-0.147492464142876,0.05194308676183523,0.05010726445322769,0.10043131884998761,21.658321060382917,155.14018691588655,0.31778126921524047,0.0,
XRPUSD,hwpr_no_confirm,30,6,492823a2fdc7,28245,2415.0,ok,337.0,0.5727031332979289,588.4375,37.0,336.0,10000.0,2187.431325100822,12184.719488624825,21.87431325100822,5.587639144331109,1193.6865888348,75.02158606438257,2259.741074689211,10051.090248775736,-7863.658923674913,63.61449524541605,-43.931055439524656,120.40524350053214,-71.85923619428117,1.27816965948449,0.4688427299703264,0.1206167512199989,0.0018522810805150025,0.24456240262505127,0.18724290499818175,0.06662615377818286,34.84272997032641,265.9911336288793,0.2106630671689228,0.0,
XRPUSD,st_flip_atr,30,6,cc14ebbc36cc,28245,1185.0,ok,394.0,0.6695698353690919,588.4375,243.0,220.0,10000.0,-2103.607355970223,7890.399794181019,-21.03607355970223,26.463147812294423,1586.1226570919998,38.680898878220674,-2067.313921148,9684.512451991837,-11788.119807962063,69.17508894279884,-46.409920503787646,99.94128731532045,-57.835431655906035,0.8215485259532751,0.3553299492385787,-0.11562138406636212,-0.2426769827972132,0.01336807383710099,-0.015834101376352893,0.09978728269000929,22.45431472081218,154.35405659071407,0.3158560853097079,0.0,
XRPUSD,flip_wide,30,6,9fa46d676fb3,28245,152.0,ok,123.0,0.20902814657461496,588.4375,0.0,4.0,10000.0,179.52983208940805,10179.529832089407,1.7952983208940805,5.082030395075824,345.3114707909999,8.93879711959245,188.46862920899912,2616.404162824731,-2436.874330735322,42.8918715217169,-39.30442468927939,103.71195114673208,-59.62190885318772,1.0736721749763913,0.4959349593495935,0.03142927016327734,-0.1392998510958459,0.2132514715686609,0.0882070339418153,0.05677776377853796,36.08943089430894,291.1538779218634,0.17957766933500427,0.0,
XRPUSD,trend_wide_stop,30,6,d05acddffa50,28245,2458.0,ok,343.0,0.5828996282527881,588.4375,4.0,372.0,10000.0,1913.6754618749062,11910.459003497912,19.136754618749062,5.698231118385239,1100.2280061842,60.20083194089838,1970.6598354388043,9430.503164837966,-7516.827702963062,57.855847637042736,-41.76015390535034,120.267723154149,-71.69285916914122,1.2545855163236683,0.4752186588921283,0.10492977913681864,-0.009854396843523265,0.21660779553248993,0.16497938427827968,0.060049605141461036,37.66180758017493,285.6727484189859,0.18982219226110575,0.0,
XRPUSD,counter_trend,30,6,78f4d84ac5aa,28245,394.0,ok,157.0,0.26680828465215084,588.4375,76.0,27.0,10000.0,491.8443248315176,10491.844324831496,4.918443248315176,6.4240648214930225,683.9688344726001,-22.484159304114478,469.36016552739056,4992.899490440593,-4501.055165609075,75.64999227940292,-49.4621446770228,105.08071237231749,-62.619415516333326,1.1092731163549208,0.42038216560509556,0.06552567018350064,-0.1402968925949834,0.2571940244400703,0.1620263941730561,0.09650072398955543,23.630573248407643,166.20498614958373,0.30516177617099866,0.0,
XRPUSD,atr_pullback,30,6,3494116be2ba,28245,103.0,ok,56.0,0.09516728624535316,588.4375,23.0,3.0,10000.0,-11.738548336382905,9988.261451663626,-0.11738548336382906,4.531116514906311,245.3288722202,-19.20232388381667,-30.940872220191523,1615.791002607461,-1627.5295509438438,73.44504557306641,-47.8685162042307,98.6868826212959,-57.673989865000436,0.9927875052532378,0.39285714285714285,-0.00018016445797918088,-0.3255141024991915,0.3196951288045813,0.09507208645552533,0.0952522509135045,25.071428571428573,166.70026862807288,0.30123718019868545,0.0,
XRPUSD,atr_banded,30,6,ebf2b8df2b76,28245,1074.0,ok,272.0,0.4622411046202868,588.4375,226.0,41.0,10000.0,-1453.4655979164263,8546.534402083564,-14.534655979164263,19.62621184755747,1087.0195246206001,10.40497329582885,-1443.0606246206044,6498.285036725756,-7951.7506346421815,69.13069188006124,-44.672756374394275,96.70238893039983,-56.525165136000375,0.8172143890448057,0.34558823529411764,-0.11140592940151584,-0.2738739665915111,0.04351492700657948,-0.012662978666506178,0.09874295073500969,23.452205882352942,161.20498123796727,0.31252846128394207,0.0,
XRPUSD,atr_adx,30,6,dc0355172875,28245,1787.0,ok,354.0,0.6015932023366968,588.4375,237.0,324.0,10000.0,722.669253820176,10722.669253820171,7.2266925382017595,7.722169646816546,1627.7009145588,54.55203162102048,777.2212854412064,12245.138074212608,-11522.46882039243,89.38056988476356,-53.098934656186316,110.60965767206308,-68.51801516868137,1.062718265077116,0.3870056497175141,0.044153404408351235,-0.09976718479680333,0.19164987303900466,0.1420971480900497,0.09794374368169845,21.680790960451976,160.9772058131898,0.30977330779542567,0.0,
XRPUSD,atr_adx_both,30,6,b933a9bd20a9,28245,1035.0,ok,291.0,0.4945300053106745,588.4375,145.0,204.0,10000.0,656.1420599396697,10656.142059939673,6.561420599396698,6.175226165429857,1365.46688013,47.01925993033171,703.1613198700215,10283.030935483197,-9626.888875543526,89.41766030854954,-54.698232247406395,113.44839796918785,-69.17954076861305,1.0681572279915432,0.3951890034364261,0.04834177322943532,-0.11351533915524634,0.20722125415561174,0.1462328565201412,0.09789108329070582,21.621993127147768,157.04490157044972,0.309590649117842,0.0,
XRPUSD,atr_t3,30,6,bc1c0bc5dcc3,28245,3963.0,ok,539.0,0.9159851301115242,588.4375,690.0,730.0,10000.0,1257.4272086140363,11257.427208614032,12.574272086140365,15.334162153969569,2898.3084382524003,123.80405313354922,1381.231261747571,21644.79140864138,-20387.364200027343,119.58448292067061,-56.947944692813806,182.9090305996535,-77.20472000925372,1.0616767913829857,0.3358070500927644,0.050513762668090025,-0.08137758650506677,0.19332821572952055,0.153457136363242,0.10294337369515197,24.350649350649352,148.66575997749044,0.32556649507836843,0.0,
XRPUSD,atr_t4,30,6,ca3098ea3584,28245,3963.0,ok,516.0,0.876898566117897,588.4375,674.0,693.0,10000.0,1963.5196869380893,11963.519686938109,19.635196869380895,11.402854984207748,2928.7334520268,124.76486103510251,2088.2845479732096,21979.405018389785,-20015.885331451696,130.05565099638926,-57.682666661244085,236.34040137503658,-75.63146279236535,1.0980980683303945,0.32751937984496127,0.07738984948929853,-0.07248603053785599,0.23417973023558544,0.1814049726279946,0.10401512313869611,26.56201550387597,146.85551386637917,0.328901255808846,0.0,
XRPUSD,atr_banded_adx,30,6,0e2bbea33141,28245,372.0,ok,138.0,0.23451938396176314,588.4375,50.0,6.0,10000.0,-1002.9739562349398,8997.026043765069,-10.029739562349398,13.944642559276144,524.1831821412,-8.98642590625468,-1011.9603821411765,3025.6074686730353,-4028.5814249079754,64.37462699304331,-44.27012554843929,93.96485013753443,-55.405616240999585,0.7510354513294091,0.34057971014492755,-0.14952420288652146,-0.35309091506237694,0.05626422085133883,-0.05925461690844322,0.09026958597807822,23.72463768115942,176.61571920391552,0.28568959246475034,0.0,
XRPUSD,hwpr_v2,60,12,2c9d8833017f,14123,290.0,ok,118.0,0.20052396799546837,588.4583333333334,1.0,30.0,10000.0,69.70938177160045,10069.709381771605,0.6970938177160044,4.009256915798505,319.14359641619996,-4.112878187800212,65.59650358380532,2233.4520462186206,-2163.7426644470193,43.7931773768357,-32.2946666335376,100.12858593695961,-56.68862801586238,1.0322170389838927,0.4322033898305085,0.013961834925359204,-0.15652034257979555,0.18327853043288886,0.07030335848425955,0.05634152355890031,20.076271186440678,327.29853799556156,0.17815410703326465,0.0,
XRPUSD,atr_arm,60,12,5487f1778e24,14123,1898.0,ok,411.0,0.6984351766621822,588.4583333333334,51.0,535.0,10000.0,-131.51344497244366,9864.983324675559,-1.3151344497244366,10.330288959873727,1530.4263531860001,71.34989178643852,-63.66678353801399,10815.419697017805,-10946.933141990248,63.2480684036129,-45.612221424959365,97.21364049838051,-57.846864928577894,0.9879862749441682,0.41605839416058393,-0.0027141100653029,-0.11771574489791307,0.11996229700115085,0.08182207445818229,0.0845361845234852,14.795620437956204,188.4118094447917,0.26739985823833984,0.0,
XRPUSD,flip,60,12,3e6d68488baa,14123,75.0,ok,61.0,0.10366069531969127,588.4583333333334,0.0,1.0,10000.0,-603.0642086707919,9396.935791329211,-6.030642086707919,8.546203754133112,278.9919395842001,-0.2572309134095496,-603.3214395841987,1431.2902344304043,-2034.3544431011958,71.56451172152022,-49.618401051248675,94.61549652524096,-55.86299648140861,0.7035599127202865,0.32786885245901637,-0.19986892402489245,-0.5121994666924976,0.11612468790593813,-0.09472877456088752,0.10514014946400492,10.852459016393443,150.27196459850632,0.33295773293454345,0.0,
XRPUSD,trend_pure,60,12,dfece69b487b,14123,333.0,ok,151.0,0.2566027048077604,588.4583333333334,5.0,38.0,10000.0,42.91605725623984,10042.916057256232,0.4291605725623984,4.113655336810125,434.20125595080003,8.640886792956746,51.556944049199956,3151.9761002953633,-3109.0600430391232,47.757213640838835,-36.577176976930865,100.74953840788646,-58.592316752632485,1.0138035472657805,0.4370860927152318,0.008177391333556777,-0.13962478691411817,0.17228018528161917,0.06809391110705883,0.05991651977350206,19.258278145695364,302.70270270270134,0.18952247793367427,0.0,
XRPUSD,st_only,60,12,96300d1f8933,14123,1468.0,ok,346.0,0.5879770586985767,588.4583333333334,41.0,343.0,10000.0,-1392.520949492635,8605.093648509375,-13.92520949492635,20.001586843554204,1073.4676846618001,4.331364830835554,-1390.5749866598017,6888.428993904856,-8280.949943397492,49.20306424217754,-40.19878613299753,102.66032749675851,-59.76824508378315,0.8318404338861013,0.4046242774566474,-0.08389995135179203,-0.19820675041972002,0.022181992018921563,-0.014881768404722703,0.06901818294706935,17.326589595375722,253.12758944896837,0.21843027671767248,0.0,
XRPUSD,adx_only,60,12,2491a9621e95,14123,581.0,ok,238.0,0.4044466473128938,588.4583333333334,10.0,132.0,10000.0,848.4686932646794,10848.4686932647,8.484686932646794,4.453123898911956,916.8248527958001,64.7743539395169,913.2430472042015,7095.308478272621,-6246.839785007941,67.57436645973925,-46.96872018802963,109.35189563482754,-69.17849804351317,1.135823668041072,0.4411764705882353,0.0721962368764501,-0.08937568407723848,0.22346367610925147,0.15129584174958127,0.07909960487313117,15.142857142857142,209.69848341350004,0.25015825026983063,0.0,
XRPUSD,wpr_only,60,12,efb4c831fb11,14123,6057.0,ok,491.0,0.8343836295404659,588.4583333333334,96.0,1774.0,10000.0,-1494.31435522016,8500.883563740876,-14.9431435522016,22.036817446886065,1839.5454875586001,21.707167661557186,-1475.5638568846007,12006.323377304863,-13500.637732525025,61.256751925024815,-45.76487366957635,104.63791233512315,-61.30053170068264,0.8893152764465239,0.39918533604887985,-0.062369955908854344,-0.1678648819652195,0.04035718327016853,0.02120342867497497,0.08357338458382933,14.9979633401222,198.10697776799438,0.26444071792170715,0.0,
XRPUSD,hwpr_no_confirm,60,12,eafc7d4fb783,14123,962.0,ok,201.0,0.34157048785668764,588.4583333333334,5.0,153.0,10000.0,-1142.4146959427692,8857.585304057213,-11.424146959427691,12.548440443736162,486.48066010020005,13.76273584256738,-1128.6519601002128,3060.557189694965,-4202.971885637736,40.27048933809164,-33.62377508510188,97.97568531960003,-54.05758196199995,0.7281888323244334,0.3781094527363184,-0.11870068967348398,-0.24563278160933635,0.013525588872601902,-0.06488188789789752,0.05381880177558645,19.761194029850746,333.3830548926012,0.17030745410628342,0.0,
XRPUSD,st_flip_atr,60,12,6191e0bbf3d5,14123,536.0,ok,255.0,0.4333356935495291,588.4583333333334,30.0,124.0,10000.0,-465.0918657309794,9534.908134269002,-4.650918657309794,10.881912939800646,927.3318149424,-2.36664921141756,-467.4585149424038,6126.1669094347635,-6591.258775165743,57.79402744749777,-44.23663607493787,97.83950523600001,-57.71315293611218,0.9294380813140986,0.41568627450980394,-0.03390306033460193,-0.17960235743432626,0.11391242621611714,0.0485168271453217,0.08241988747992365,15.596078431372549,198.11389721470798,0.26076019106991183,0.0,
XRPUSD,flip_wide,60,12,01b133b83b8b,14123,71.0,ok,57.0,0.0968632726757771,588.4583333333334,0.0,3.0,10000.0,-415.21531703626266,9584.784682963733,-4.152153170362627,4.479253286660024,102.297858163,-9.136641126738239,-424.35195816300256,523.3108849186449,-938.5262019549076,21.804620204943536,-28.440187938027503,65.69236302960097,-52.27803711354098,0.5575879328979969,0.42105263157894735,-0.14794349826346168,-0.30768846540868877,0.004896202034907538,-0.11091463615199808,0.03702886211146359,22.07017543859649,482.8585224529217,0.11718566875264876,0.0,
XRPUSD,trend_wide_stop,60,12,fc1b4bf036c0,14123,1252.0,ok,244.0,0.4146427812787651,588.4583333333334,0.0,253.0,10000.0,-613.3264870452443,9386.673512954763,-6.133264870452444,9.728670551468607,483.2265421198,39.642444925444906,-573.6840421198049,3761.9915906747324,-4375.318077719977,37.99991505732053,-30.174607432551564,101.48565785685398,-56.60552945529547,0.8598212801559664,0.4057377049180328,-0.05006646816921407,-0.15565913510368598,0.0612860912468847,-0.008143592283474796,0.041922875885739244,21.454918032786885,401.70605186529406,0.13260376772440324,0.0,
XRPUSD,counter_trend,60,12,f7c6b771ba0f,14123,154.0,ok,86.0,0.1461445868441549,588.4583333333334,4.0,9.0,10000.0,-156.4121211111301,9843.58787888888,-1.564121211111301,5.690317174849863,308.2240840578,-11.650362946669393,-168.06248405780025,2010.4627239911524,-2166.8748451022825,54.336830378139254,-44.221935614332295,98.61057973680003,-57.23223698099982,0.9278167257953714,0.43023255813953487,-0.033503453856133895,-0.2657527692690182,0.2100811410444371,0.04310777534207908,0.07661122919821296,16.267441860465116,211.72752380888656,0.2424298575081852,0.0,
XRPUSD,atr_pullback,60,12,65d4c9d56bc9,14123,36.0,ok,22.0,0.037385824541528,588.4583333333334,1.0,2.0,10000.0,-251.69687844822096,9748.303121551782,-2.5169687844822097,3.6333478576964997,70.96358513580002,-3.079006687578329,-254.77588513580122,430.0209713325967,-681.7178497808176,53.752621416574584,-48.69413212720126,96.98340919703756,-54.456043983232334,0.6307902477115053,0.36363636363636365,-0.2288765523100467,-0.6624818839421809,0.23127903306627692,-0.16140725529751754,0.06746929701252914,14.5,244.81506134379447,0.21363830580721285,0.0,
XRPUSD,atr_banded,60,12,b87917a4e945,14123,520.0,ok,186.0,0.3160801529420095,588.4583333333334,25.0,51.0,10000.0,-103.2195596486772,9896.780440351302,-1.0321955964867722,7.126173239393655,685.4824396088,-28.295879960120214,-131.51543960880917,4756.594320570831,-4859.813880219509,60.98197846885681,-44.998276668699155,97.80303287559998,-56.668084841308584,0.9787605940900733,0.41935483870967744,-0.007614162260653389,-0.17656649408261013,0.16385852147312757,0.07407858118144174,0.08169274344209511,15.510752688172044,198.49046505767637,0.2584104125509764,0.0,
XRPUSD,atr_adx,60,12,04beb4cff4c7,14123,898.0,ok,247.0,0.41974084826170077,588.4583333333334,14.0,203.0,10000.0,835.3947405613067,10835.394740561303,8.353947405613066,7.150404600601269,963.1166629766001,65.46109646209464,900.8558370234095,7504.738855993675,-6669.344115432368,68.22489869085159,-48.68134390826546,109.44525111971281,-64.84141685710784,1.1252589049391326,0.44534412955465585,0.06875387156665397,-0.07740862421183939,0.22521594027621405,0.14851652551432645,0.0797626539476725,14.635627530364372,207.6400443704931,0.25222538381258647,0.0,
XRPUSD,atr_adx_both,60,12,ff025b438234,14123,535.0,ok,194.0,0.3296749982298378,588.4583333333334,6.0,103.0,10000.0,359.1584740281504,10359.158474028169,3.5915847402815038,4.9664860341777235,719.8317220368001,38.31120393504974,397.46967796321405,5490.877460994106,-5131.718986965956,66.1551501324591,-46.23170258527888,105.46843628725188,-63.7631904554509,1.0699879465224762,0.42783505154639173,0.04008325871652563,-0.13033713379402403,0.20780593682269916,0.11899772422779137,0.07891446551126574,14.618556701030927,211.8397782057571,0.24957885352927311,0.0,
XRPUSD,atr_t3,60,12,2948f1986035,14123,1898.0,ok,392.0,0.6661474191035899,588.4583333333334,50.0,521.0,10000.0,-320.31637485936136,9676.247577810627,-3.2031637485936133,11.829517786059109,1543.4494342812002,79.98564057815882,-243.76678161120435,10322.736721952671,-10643.053096812033,66.17138924328636,-45.09768261361031,147.67129333319997,-58.66775170361758,0.9699037135354227,0.3979591836734694,-0.012248908631611299,-0.14127681347172805,0.11924295511660639,0.07254386436662935,0.0847927729982406,16.385204081632654,187.80625300276185,0.26821817811139664,0.0,
XRPUSD,atr_t4,60,12,25b97146fc25,14123,1898.0,ok,387.0,0.6576506407986972,588.4583333333334,50.0,513.0,10000.0,48.35143721201206,10044.784261574021,0.48351437212012055,12.924088313960242,1637.2223883466,97.15707444138647,141.9413360154158,11010.663170088901,-10962.311732876886,71.03653658121871,-47.25134367619347,207.52950185519995,-63.02871269601591,1.0044106971586118,0.4005167958656331,0.0074721762944018584,-0.13074047826296972,0.14633893085404018,0.09269326396250797,0.08522108766810614,16.958656330749353,186.24377650746814,0.26958110420154724,0.0,
XRPUSD,atr_banded_adx,60,12,74612893d7d7,14123,181.0,ok,87.0,0.14784394250513347,588.4583333333334,2.0,8.0,10000.0,-719.2243028289868,9280.77569717101,-7.192243028289867,9.497092308960946,301.40362757560007,-10.842024746611735,-730.0663275756033,1684.0677863518424,-2403.29208918083,54.32476730167234,-42.91593016394339,97.40888004105922,-56.00734025699963,0.7007337118668179,0.3563218390804598,-0.16864329359104674,-0.3876775197646713,0.06235007989031193,-0.09336892918138955,0.07527436440965717,15.770114942528735,215.86003181095205,0.23834312222192464,0.0,
XRPUSD,hwpr_v2,240,48,615596c7402f,3530,29.0,ok,15.0,0.025495750708215296,588.3333333333334,0.0,4.0,10000.0,-80.80489687851085,9919.195103121481,-0.8080489687851085,2.1670212905451343,29.206716724600003,7.675280153910661,-73.1296167246037,295.39354044581256,-376.1984373243234,49.23225674096876,-41.79982636936926,98.82765542008681,-52.5521776811614,0.7852067184190658,0.4,-0.10558839115277534,-0.6041150429724806,0.45190332691164115,-0.06439223346513918,0.041196157687636195,13.666666666666666,402.94348789026066,0.13031483203841793,0.0,
XRPUSD,atr_arm,240,48,c9fa0fb9e041,3530,366.0,ok,82.0,0.13937677053824363,588.3333333333334,0.0,91.0,10000.0,-224.41666490303018,9778.920147945802,-2.244166649030302,4.661452865348702,170.41166384180002,7.366701061231459,-218.77577872379516,2010.7991579440743,-2235.215822847104,67.0266385981358,-42.98491967013661,101.06254628765194,-57.99056546627179,0.8995995542760703,0.36585365853658536,-0.0519458734528815,-0.3028212228572998,0.21055533070928106,-0.006685713366878478,0.045260160086003025,12.329268292682928,363.16245842404487,0.14315411676809678,0.0,
XRPUSD,flip,240,48,73f436a33410,3530,12.0,ok,4.0,0.006798866855524079,588.3333333333334,0.0,0.0,10000.0,235.17802255263246,10235.178022552633,2.3517802255263245,0.58484078124,15.478377816600002,0.49739963076784993,235.67542218340168,291.0481338246324,-55.87011127199991,97.01604460821079,-55.87011127199991,97.31448045600011,-55.87011127199991,5.209370935520138,0.75,1.17037807387534,-0.3536266059252654,1.9419677412563288,1.2755505012685324,0.10517242739319246,3.75,150.2037475196091,0.3308080622176638,0.0,
XRPUSD,trend_pure,240,48,94d0fcfbb185,3530,32.0,ok,17.0,0.028895184135977334,588.3333333333334,0.0,3.0,10000.0,-341.7391247166233,9658.260875283378,-3.4173912471662327,3.4173912471662153,32.5775471996,-8.650422482976657,-350.38954719960384,207.34103275635442,-549.0801574729776,51.835258189088606,-42.23693519022905,96.81639793439996,-52.24545290870327,0.377615235106285,0.23529411764705882,-0.40686919242529873,-0.8093730197792208,0.09006131295878152,-0.3669505171129943,0.03991867531230438,13.823529411764707,414.08980908846377,0.12648664726249384,0.0,
XRPUSD,st_only,240,48,ee4b57780b7d,3530,180.0,ok,59.0,0.10028328611898016,588.3333333333334,1.0,32.0,10000.0,132.17861242619878,10132.178612426196,1.3217861242619877,3.2730505484375567,123.89377373880001,23.748713835001322,155.92732626119323,1646.667563827587,-1514.4889514013885,65.86670255310348,-44.543792688276135,101.11274820744266,-63.315948176375706,1.0872760493260059,0.423728813559322,0.04819261655472362,-0.2491068123040732,0.357208920015217,0.09350010736351846,0.04530749080879475,13.372881355932204,391.6342939741621,0.14323368964248429,0.0,
XRPUSD,adx_only,240,48,ef6ce688dd83,3530,98.0,ok,36.0,0.06118980169971671,588.3333333333334,0.0,10.0,10000.0,-14.869236841416722,9985.130763158588,-0.14869236841416722,3.6903530409281737,68.440144203,-3.985607361582979,-18.8548442029969,974.589248355591,-989.4584851970077,69.61351773968508,-44.975385690773074,103.19810409955254,-54.116020064891075,0.9849723489526131,0.3888888888888889,-0.004503746003712573,-0.40325595533945785,0.43030545663735464,0.03758713206047816,0.04209087806419079,11.86111111111111,387.8806346256231,0.13306962432171218,0.0,
XRPUSD,wpr_only,240,48,110eede40f13,3530,1144.0,ok,105.0,0.17847025495750707,588.3333333333334,0.0,243.0,10000.0,374.83877125383106,10374.838771253826,3.7483877125383107,6.469789045934958,223.6008831312,18.53614561496748,393.3749168687955,3076.8802927997344,-2702.0415215459034,64.10167276666114,-47.40423722010357,110.33349472803665,-59.888641515051816,1.138724282460092,0.45714285714285713,0.0738055216551992,-0.13658869443726873,0.29990752536721516,0.11811803139111449,0.0443125097359153,12.876190476190477,362.9954268292685,0.1400495449204815,0.0,
XRPUSD,hwpr_no_confirm,240,48,13af052e1800,3530,91.0,ok,23.0,0.039093484419263455,588.3333333333334,0.0,15.0,10000.0,-33.01403891993427,9966.985961080072,-0.3301403891993427,1.8472759099108615,46.723608426,-4.600369506066068,-37.61440842600314,470.3070921317642,-503.3211310516985,52.25634357019602,-35.95150936083561,98.84765319307837,-53.285894039178224,0.9344076040460474,0.391304347826087,-0.026377976079582886,-0.43628960714092785,0.3994861338062619,0.01646143212804982,0.0428394082076327,15.043478260869565,402.94348789026066,0.13543537423063584,0.0,
XRPUSD,st_flip_atr,240,48,5b6dddc13e0d,3530,110.0,ok,48.0,0.08158640226628895,588.3333333333334,0.0,29.0,10000.0,-447.3764374231945,9552.623562576826,-4.473764374231945,7.443500905823007,98.117946641,18.220290782194304,-429.15614664099303,929.4631435306667,-1376.8395809538613,61.96420956871111,-41.7224115440564,99.36115253748424,-54.51506219432631,0.6750700345836539,0.3125,-0.1876674330342988,-0.47280005660461616,0.1412584527031518,-0.14356157526692367,0.044105857767375106,12.958333333333334,365.9427928454147,0.13961340056265345,0.0,
XRPUSD,flip_wide,240,48,051cc4ae8a12,3530,7.0,ok,3.0,0.0050991501416430595,588.3333333333334,0.0,0.0,10000.0,91.92127205607517,10091.92127205607,0.9192127205607517,0.011450688081502338,3.2516303620000007,0.7860975819247998,92.70736963800118,91.92127205607517,0.0,30.64042401869172,,40.7830424389881,20.289004746489542,inf,1.0,0.6120158859365966,0.40514806395002884,0.8175510267536158,0.6333692387439221,0.021353352807325532,20.0,734.4322344322348,0.06725636936616088,0.0,
XRPUSD,trend_wide_stop,240,48,07f486d17dce,3530,162.0,ok,42.0,0.07138810198300283,588.3333333333334,0.0,24.0,10000.0,-17.71237924288769,9982.287620757103,-0.17712379242887688,1.6160454264726591,44.1937742914,-2.4580950485123916,-20.17047429140257,642.4378300091292,-660.1502092520168,42.82918866727528,-24.450007750074697,100.95831857045734,-52.74085181631798,0.9731691681761996,0.35714285714285715,-0.006599826389440171,-0.25734318199373024,0.25789731572809277,0.015231406704528608,0.021831233093968755,18.047619047619047,737.5394604370352,0.06897961599625349,0.0,
XRPUSD,counter_trend,240,48,98719646ab0d,3530,28.0,ok,10.0,0.016997167138810197,588.3333333333334,0.0,3.0,10000.0,-55.993077498610255,9944.006922501385,-0.5599307749861026,1.5792888819622022,22.253338542200005,3.33343895641021,-52.65963854220354,237.59043919477446,-293.58351669338475,59.397609798693615,-48.930586115564125,97.85053024327792,-52.397087679,0.8092771756082995,0.4,-0.108823585934791,-0.7826092311867127,0.7065737645170688,-0.06043982412342565,0.04838376181136534,9.7,316.99033787599404,0.15313381559932626,0.0,
XRPUSD,atr_pullback,240,48,81c45fd8782e,3530,5.0,ok,5.0,0.008498583569405098,588.3333333333334,0.0,0.0,10000.0,-14.837228724416086,9985.162771275584,-0.14837228724416085,1.0225168344950342,10.9758467982,-1.51371807378403,-16.350946798198493,140.36184613483022,-155.1990748592463,70.18092306741511,-51.7330249530821,98.66324228848784,-52.04432993882975,0.9043987295808797,0.4,-0.05508409009256972,-1.0328774351828465,1.1460056404287535,-0.007755757659132922,0.04732833243343674,7.8,324.3148891604111,0.1497321218222699,0.0,
XRPUSD,atr_banded,240,48,4fa35bae6bb2,3530,94.0,ok,33.0,0.05609065155807365,588.3333333333334,0.0,10.0,10000.0,288.2906417051828,10288.290641705184,2.882906417051828,1.927958437807077,68.03802664599999,-29.302068351182506,258.9885733539959,1000.419033338311,-712.128391633128,66.69460222255407,-39.562688424062664,103.51750692621837,-53.168785635164944,1.4048295856370008,0.45454545454545453,0.17595565189596818,-0.2175791204373208,0.5846287481535561,0.22082737615884707,0.04487172426287891,12.93939393939394,356.367709864874,0.14176566239773114,0.0,
XRPUSD,atr_adx,240,48,2a9f6ce5e0de,3530,133.0,ok,41.0,0.06968838526912181,588.3333333333334,0.0,22.0,10000.0,244.40250196081746,10244.402501960822,2.4440250196081745,1.787535245355083,80.8599464676,17.62305157158239,262.0255535323995,1413.8326955967598,-1169.4301936359425,78.54626086648665,-50.84479102764967,103.95607779548428,-57.274888179467155,1.208992809738332,0.43902439024390244,0.12244570893534237,-0.27792528663216637,0.5564329742897719,0.16641027979431497,0.04396457085897257,11.195121951219512,351.4424878231543,0.1388907352278657,0.0,
XRPUSD,atr_adx_both,240,48,65d8e682e631,3530,91.0,ok,33.0,0.05609065155807365,588.3333333333334,0.0,15.0,10000.0,101.24585541848973,10101.245855418496,1.0124585541848972,3.6269783904735737,64.5947775452,18.996667036310193,120.24252245479329,1053.4823393631766,-952.2364839446869,70.2321559575451,-52.90202688581594,101.41730468736833,-55.45384922994202,1.1063242767165082,0.45454545454545453,0.06554241749383956,-0.3979427491110841,0.5566390176074754,0.10907866757057696,0.043536250076737434,10.727272727272727,368.04248453885356,0.13761251309562228,0.0,
XRPUSD,atr_t3,240,48,953e321b2f63,3530,366.0,ok,81.0,0.1376770538243626,588.3333333333334,0.0,88.0,10000.0,62.77663883062129,10066.21196114966,0.6277663883062129,4.17346299209721,177.43164546219998,9.68891570718077,70.68879010680212,2342.649853365248,-2279.8732145346257,80.78102942638786,-43.843715664127416,153.1154972068332,-59.54072270073069,1.0275351446871734,0.35802469135802467,0.020055296617593227,-0.2746813385436546,0.3417857239752419,0.06580440641043693,0.04574910979284371,12.962962962962964,356.367709864874,0.1446468664299322,0.0,
XRPUSD,atr_t4,240,48,1dad2d9ba5a5,3530,366.0,ok,81.0,0.1376770538243626,588.3333333333334,0.0,85.0,10000.0,195.8886588660117,10199.36932681422,1.9588865886601168,4.5080616262736655,181.56243407419998,4.973207059790087,199.06164852780603,2493.925161369956,-2298.0365025039446,85.99741935758469,-44.193009663537396,205.44916721104596,-60.43634127324469,1.0852417525363809,0.35802469135802467,0.05336033489961515,-0.2520930440030378,0.4060762611457394,0.09914808932783586,0.04578775442822071,13.271604938271604,356.367709864874,0.1447425928881828,0.0,
XRPUSD,atr_banded_adx,240,48,319dc61de91e,3530,24.0,ok,8.0,0.013597733711048159,588.3333333333334,0.0,1.0,10000.0,-9.384835304161712,9990.615164695842,-0.09384835304161712,0.5630102249951675,16.257186114,1.3676491901613985,-8.017186114000651,143.30798936252955,-152.69282466669125,28.66159787250591,-50.89760822223042,58.73408252858983,-52.964201327707194,0.9385378106361737,0.625,-0.021554443921768238,-0.5903908607396935,0.5835836250020786,0.019276265750840446,0.0408307096726087,18.25,446.1364649258672,0.12908052157274758,0.0,
