symbol,family,timeframe_min,confirm_min,spec_hash,bars,signals,status,trades,trades_per_day,days,rej_cost,rej_cooldown,initial_capital,total_pnl,final_equity,return_pct,max_dd_pct,total_fees,total_funding,optimistic_pnl,gross_win,gross_loss,avg_win,avg_loss,best_trade,worst_trade,profit_factor,win_rate,net_r,net_r_lo,net_r_hi,gross_r,cost_r,bars_held,median_r_bps,avg_leverage,ambiguous_pct,model,target_r,stop_mult,rt_bps
BEATUSD,atr_arm,5,1,ae190a209e26,62961,7452,ok,1165,5.3290131986467815,218.61458333333334,156,1339,10000.0,-1600.1555618131745,8399.844438186847,-16.001555618131743,22.62239600931979,3262.5657700439997,-78.70320823081819,-1678.8587700439784,25779.884059622793,-27380.039621435964,42.89498179637736,-48.54616954155313,63.37234633651731,-64.9047933725798,0.9415575877925172,0.5158798283261803,-0.02745759204287938,-0.08499343021053414,0.03235696172991404,0.0476970615312932,0.07515465357417257,11.944206008583691,225.88085580211546,0.23686037059633705,0.0,taker/taker (current backtest),1.0,2.0,15.8
BEATUSD,atr_arm,5,1,fba2f87a03ea,62961,5618,ok,522,2.387763853814266,218.61458333333334,1,311,10000.0,-1904.6433988634712,8095.3566011365365,-19.04643398863471,26.171197769014544,915.9287542000002,50.9116446634748,-1853.7317541999828,10815.115776550218,-12719.759175413687,43.26046310620087,-46.763820497844435,59.606367003917995,-67.87396852290473,0.8502610487669454,0.4789272030651341,-0.07902217488240844,-0.16173539296856665,0.0079838875413976,-0.031794094539316815,0.04722808034309162,40.17624521072797,385.1539146583092,0.1486221229983874,0.0,taker/taker (current backtest),1.0,4.0,15.8
BEATUSD,atr_arm,5,1,5104b68fd7d7,62961,7452,ok,876,4.007051984561872,218.61458333333334,118,944,10000.0,-1419.7565385209887,8580.243461479035,-14.197565385209888,29.793772581649524,2475.958927346,-25.028388825006786,-1444.784927345967,25030.369777114734,-26450.12631563572,82.33674268787742,-46.24147957278972,114.61219768902191,-66.6668893792597,0.9463232605554057,0.3470319634703196,-0.029525382024952206,-0.12316265866152194,0.07282366241095223,0.04458871081323414,0.07411409283818635,24.162100456621005,234.3635898078422,0.23351766866315551,0.0,taker/taker (current backtest),2.0,2.0,15.8
BEATUSD,atr_arm,5,1,1245719458bf,62961,5618,ok,383,1.7519416781817314,218.61458333333334,1,178,10000.0,-1669.573562290029,8330.426437709988,-16.69573562290029,24.386117332124233,728.9714082380001,-139.9428459479706,-1809.5164082379724,10349.926206991182,-12019.49976928121,84.14574152025351,-46.228845266466195,115.0030155728078,-73.55391719476839,0.8610945884322878,0.32114882506527415,-0.09066827213017674,-0.21905484363509004,0.05174052641103254,-0.043288914079893055,0.04737935805028366,68.44647519582246,389.9939199166155,0.14915770830101352,0.0,taker/taker (current backtest),2.0,4.0,15.8
BEATUSD,wpr_only,5,1,5536e003be2a,62961,24919,ok,1534,7.016915233239624,218.61458333333334,356,4146,10000.0,-4691.242734189236,5308.757265810754,-46.91242734189236,51.93446617574398,3488.885954002,-55.035219812769995,-4746.277954002023,24676.751658051908,-29367.994392241144,32.7712505419016,-37.603065803125666,62.01998042301595,-63.22311870017489,0.8402600234958968,0.4908735332464146,-0.08062440231570077,-0.13301233185074654,-0.03225827580316978,-0.002958964740005099,0.07766543757569569,12.069752281616688,217.867528921555,0.24451656592244886,0.0,taker/taker (current backtest),1.0,2.0,15.8
BEATUSD,wpr_only,5,1,d4527a09260f,62961,19978,ok,662,3.0281602897031497,218.61458333333334,3,859,10000.0,-407.7175126178197,9592.282487382183,-4.077175126178196,12.70666236797223,1310.0640357800003,63.21347683782304,-344.50403577998077,16257.214978335995,-16664.932490953815,47.67511723852198,-51.915677541912196,60.4611686392831,-62.983296687242344,0.9755344035843445,0.5151057401812689,-0.010083332726121767,-0.08839864116779225,0.06796990129728932,0.038365219517614874,0.048448552243736634,39.57552870090635,385.3984458284075,0.15266383227228214,0.0,taker/taker (current backtest),1.0,4.0,15.8
BEATUSD,wpr_only,5,1,461613bee59c,62961,24919,ok,1109,5.072854624291228,218.61458333333334,271,2775,10000.0,-3239.023758151435,6760.97624184852,-32.39023758151435,47.523609204204725,2849.7984486960004,149.2393094554364,-3089.7844486960394,26650.41664068914,-29889.44039884058,71.64090494808909,-40.55555006626944,112.57898257079081,-64.92985457961564,0.8916331749631191,0.33543733092876465,-0.06581687996844046,-0.1509177108980402,0.019453503613518476,0.010333731098428462,0.0761506110668689,23.52028854824166,223.57229647630498,0.23981400115988394,0.0,taker/taker (current backtest),2.0,2.0,15.8
BEATUSD,wpr_only,5,1,247ec2c731ff,62961,19978,ok,458,2.0950111974079193,218.61458333333334,2,518,10000.0,680.1178181907981,10680.11781819078,6.801178181907981,9.61750048289747,972.561572582,220.09360922720123,900.2114274179785,15985.163626621663,-15305.045808430863,94.58676702142996,-52.958636015331706,117.53018762670419,-75.58965899985212,1.04443748987776,0.36899563318777295,0.034024415412071345,-0.09544638762776278,0.16482994272474355,0.08132392422426762,0.04729950881219626,71.05458515283843,397.9489360370342,0.14900791001957261,0.0,taker/taker (current backtest),2.0,4.0,15.8
BEATUSD,adx_only,5,1,8822505d8858,62961,2722,ok,501,2.2917043884309334,218.61458333333334,35,257,10000.0,-1929.1910127209985,8070.80898727901,-19.291910127209984,23.75325386519607,1245.220580722,-3.6355680010001024,-1932.826580721995,10019.647895146682,-11948.838907867681,41.064130717814265,-46.49353660648903,54.89730670427988,-59.68881017987404,0.8385457342260486,0.4870259481037924,-0.08243237942249679,-0.16863459140239126,0.006616951723012712,-0.013981906617606467,0.06845047280489032,12.131736526946108,249.39467312348745,0.21562015294786796,0.0,taker/taker (current backtest),1.0,2.0,15.8
BEATUSD,adx_only,5,1,88d2c6a947a0,62961,2128,ok,239,1.0932482012674511,218.61458333333334,0,53,10000.0,-1663.532907700782,8336.467092299219,-16.63532907700782,18.91647398388695,448.37663739000004,-1.9357296892179008,-1665.468637389993,4599.35318281391,-6262.886090514692,43.39012436616896,-47.089369101614224,55.97636682508201,-58.544547247616215,0.734382378402148,0.4435146443514644,-0.14979908337954173,-0.2733742132083224,-0.023992703434240297,-0.10101805229050699,0.048781031089034727,35.47280334728033,375.42057729768015,0.1536332739493796,0.0,taker/taker (current backtest),1.0,4.0,15.8
BEATUSD,adx_only,5,1,b5acf63ba5bf,62961,2722,ok,419,1.9166150474103016,218.61458333333334,28,216,10000.0,-1728.4494152139955,8271.55058478599,-17.284494152139956,25.93488703214958,1094.679174222,2.1852409919971905,-1726.2641742220112,11216.441384555827,-12944.890799769824,81.87183492376516,-45.90386808429016,110.4547170729907,-60.06868603941527,0.8664763232112602,0.3269689737470167,-0.0850251014802507,-0.22341141179447355,0.05123274298669791,-0.01715706962548516,0.06786803185476557,24.474940334128878,251.99211973301084,0.21390283664208753,0.0,taker/taker (current backtest),2.0,2.0,15.8
BEATUSD,adx_only,5,1,8f0add012268,62961,2128,ok,201,0.9194263115261828,218.61458333333334,0,43,10000.0,-809.3294092013439,9190.670590798652,-8.093294092013439,16.755676865962105,415.775480188,135.0969290133435,-674.2324801880077,5883.02961004696,-6692.359019248304,89.13681227343879,-49.573029772209665,105.63549092175681,-91.66242979495368,0.8790666479676924,0.3283582089552239,-0.07926626237541264,-0.2623164611898172,0.12151603114299923,-0.030130129742661844,0.04913613263275083,62.2636815920398,383.09225061486467,0.15481594812616406,0.0,taker/taker (current backtest),2.0,4.0,15.8
BEATUSD,atr_arm,5,1,ae190a209e26,62961,7452,ok,1235,5.649211416591223,218.61458333333334,13,1388,10000.0,-626.8727213075713,9373.12727869241,-6.268727213075713,17.772188652433414,2249.4292178,-70.46749649242348,-697.3402177999851,29277.745231505713,-29904.617952813285,46.106685403946,-49.84102992135548,66.42520573869162,-73.5007785890278,0.9790375947187582,0.5141700404858299,-0.007789358085124769,-0.062381671999219575,0.04755312751556883,0.04501511769738447,0.05280447578250924,11.613765182186235,217.15575620767612,0.2564032726819541,0.0,maker/taker (YOUR execution),1.0,2.0,10.26
BEATUSD,atr_arm,5,1,fba2f87a03ea,62961,5618,ok,523,2.3923381140706153,218.61458333333334,0,311,10000.0,-1528.2766076984244,8471.723392301588,-15.282766076984245,23.71387384282896,543.33435178,61.465255918428305,-1466.8113517799793,11278.7330334687,-12807.009641167126,44.93519136840119,-47.08459426899679,61.038220368545396,-66.87673388359254,0.8806687391890531,0.47992351816443596,-0.06083964415815337,-0.1505519417351851,0.024923308776293448,-0.030024988677605443,0.030814655480547935,40.11663479923518,384.94197565808093,0.14934004868732031,0.0,maker/taker (YOUR execution),1.0,4.0,10.26
BEATUSD,atr_arm,5,1,5104b68fd7d7,62961,7452,ok,921,4.212893696097584,218.61458333333334,14,975,10000.0,-594.55798045913,9405.44201954088,-5.9455798045913,25.71199018650464,1800.302002248,-49.7530217888664,-644.3110022479814,28533.051713247383,-29127.609693706516,89.44530317632409,-48.38473371047594,117.04446542988171,-74.40078812277099,0.9795878210841449,0.3463626492942454,-0.007639690854795712,-0.10127595721611979,0.08162741087278377,0.044202321197834814,0.05184201205263051,23.526601520086864,227.93248037845387,0.25162370692909364,0.0,maker/taker (YOUR execution),2.0,2.0,10.26
BEATUSD,atr_arm,5,1,1245719458bf,62961,5618,ok,384,1.7565159384380806,218.61458333333334,0,178,10000.0,-1322.2590110146193,8677.740988985362,-13.222590110146193,22.051370616684903,454.346299922,-134.47828890737918,-1456.737299922017,10733.32635845054,-12055.585369465163,85.86661086760432,-46.546661658166656,117.8527176181868,-72.49890402606958,0.890319800284133,0.3255208333333333,-0.06921153221077445,-0.20396015836627,0.06611395991245549,-0.03824594224339397,0.030965589967380483,68.390625,389.66170401021793,0.15012025408479115,0.0,maker/taker (YOUR execution),2.0,4.0,10.26
BEATUSD,wpr_only,5,1,5536e003be2a,62961,24919,ok,1662,7.6024205460523175,218.61458333333334,23,4316,10000.0,-4179.653397296132,5820.346602703875,-41.79653397296133,50.560465709244426,2518.414475982,-26.9510786858731,-4206.604475982009,28389.182733928472,-32568.83613122461,34.962047701882355,-38.31627780144072,63.909861849880954,-59.59414942657165,0.8716670936457261,0.48856799037304455,-0.06289898619842492,-0.110845613533612,-0.014955030009432413,-0.006904020976567616,0.05599496522185729,11.533694344163658,205.3462895986168,0.2716671101911942,0.0,maker/taker (YOUR execution),1.0,2.0,10.26
BEATUSD,wpr_only,5,1,d4527a09260f,62961,19978,ok,665,3.041883070472197,218.61458333333334,0,859,10000.0,173.7856644393459,10173.785664439323,1.737856644393459,9.760840272677436,785.020778406,67.25355715465591,241.0392215939737,17131.530921403253,-16957.745256963906,49.946154289805406,-52.66380514585064,64.39530211441559,-66.22447115092015,1.010248158691261,0.5157894736842106,0.008040694937396713,-0.06366510309783759,0.08579580871213356,0.03983571999057348,0.03179502505317678,39.49774436090225,385.1476014760146,0.15433368586247992,0.0,maker/taker (YOUR execution),1.0,4.0,10.26
BEATUSD,wpr_only,5,1,461613bee59c,62961,24919,ok,1200,5.489112307619002,218.61458333333334,19,2897,10000.0,-3539.374037747329,6460.625962252653,-35.39374037747329,51.97108446741257,2039.362971172,233.59606657532788,-3305.777971172013,27724.09679175883,-31263.47082950616,70.36572789786506,-38.788425346781835,114.81509963087802,-69.4931282421711,0.8867888323388936,0.3283333333333333,-0.0674419207693826,-0.14253079146518757,0.010965904600562631,-0.01234699946261867,0.055094921306763925,22.429166666666667,209.97330165926184,0.26740336094148054,0.0,maker/taker (YOUR execution),2.0,2.0,10.26
BEATUSD,wpr_only,5,1,247ec2c731ff,62961,19978,ok,460,2.1041597179206173,218.61458333333334,0,518,10000.0,1125.6039300735038,11125.603930073476,11.256039300735038,8.730010511459314,606.9887328320001,226.6133370944952,1352.2172671679746,16567.717281638543,-15442.113351565042,96.88723556513767,-53.432918171505335,121.41183979239617,-76.20036518963173,1.072891831865709,0.3717391304347826,0.0521481944533254,-0.07922462690802735,0.18099634343613047,0.08317762459053164,0.031029430137206274,70.88478260869566,397.31079391246965,0.15057555864928449,0.0,maker/taker (YOUR execution),2.0,4.0,10.26
BEATUSD,adx_only,5,1,8822505d8858,62961,2722,ok,527,2.4106351550960117,218.61458333333334,2,262,10000.0,-1730.4970032144186,8269.502996785575,-17.304970032144183,22.661904671834478,846.4009846280001,-48.0849814135826,-1778.58198462799,10951.39666254853,-12681.893665762947,43.115734891923346,-46.45382295151263,57.07407277235988,-59.88342990553205,0.8635458513671184,0.4819734345351044,-0.06955427410552899,-0.1577114789000102,0.018461741362567743,-0.021288855537345393,0.048265418568183595,11.734345351043643,243.79659947138074,0.23426824212641373,0.0,maker/taker (YOUR execution),1.0,2.0,10.26
BEATUSD,adx_only,5,1,88d2c6a947a0,62961,2128,ok,239,1.0932482012674511,218.61458333333334,0,53,10000.0,-1490.6781726909194,8509.321827309059,-14.906781726909193,17.28571227060445,266.291624484,-1.8254517930805,-1492.5036244840103,4726.866950063378,-6217.545122754296,44.59308443456017,-46.74845956958117,57.12214181311281,-58.09646476887041,0.7602465051302166,0.4435146443514644,-0.13269484842807003,-0.2560709007847896,-0.006476420282458412,-0.10101805229050699,0.03167679613756306,35.47280334728033,375.42057729768015,0.15364572586791986,0.0,maker/taker (YOUR execution),1.0,4.0,10.26
BEATUSD,adx_only,5,1,b5acf63ba5bf,62961,2722,ok,442,2.0218230333063323,218.61458333333334,2,217,10000.0,-1861.9791719491027,8138.020828050873,-18.619791719491026,25.827718074829427,770.0962253280001,-14.189053378898592,-1876.168225328015,11675.756612802124,-13537.735784751227,82.80678448795832,-44.97586639452235,113.914903913165,-59.65828947705327,0.8624600744500851,0.3190045248868778,-0.08745045637167488,-0.21528496977258937,0.048417645911275106,-0.03937317405950382,0.04807728231217107,23.710407239819006,244.1220471418414,0.23336201184126887,0.0,maker/taker (YOUR execution),2.0,2.0,10.26
BEATUSD,adx_only,5,1,8f0add012268,62961,2128,ok,201,0.9194263115261828,218.61458333333334,0,43,10000.0,-650.5905149700461,9349.409485029952,-6.505905149700461,15.804295831734475,254.144466288,136.28904868204557,-514.3014662880014,5986.0673865917115,-6636.657901561757,90.69799070593503,-49.16042890045746,107.03210032273022,-91.04458955915229,0.9019701595863564,0.3283582089552239,-0.06203751713582787,-0.24574713194871975,0.13861584981693373,-0.0301301297426618,0.031907387393166044,62.2636815920398,383.09225061486467,0.15478962492757664,0.0,maker/taker (YOUR execution),2.0,4.0,10.26
BEATUSD,atr_arm,5,1,ae190a209e26,62961,7452,ok,1245,5.694954019154714,218.61458333333334,0,1390,10000.0,95.76280990488897,10095.7628099049,0.9576280990488897,14.581739538029248,1523.691579708,-85.0133896128838,10.749420292020659,30671.35888918768,-30575.596079282794,47.998996696694334,-50.45477900871748,67.45306192033482,-75.23891463757258,1.0031320014058458,0.5132530120481927,0.00414858583256562,-0.050073220849539725,0.06302975320564548,0.02891446771498678,0.024765881882421157,11.544578313253012,216.31878557874697,0.2614824871456486,0.0,maker/maker (floor),1.0,2.0,4.72
BEATUSD,atr_arm,5,1,fba2f87a03ea,62961,5618,ok,523,2.3923381140706153,218.61458333333334,0,311,10000.0,-1328.0782489817468,8671.92175101821,-13.280782489817469,22.265386212996617,343.63645176,62.593797221750805,-1265.4844517600413,11413.46148115951,-12741.539730141256,45.47195809226896,-46.84389606669579,61.611349198297006,-65.71874590959254,0.895767836767792,0.47992351816443596,-0.05235984607731231,-0.1412576726717786,0.03265429245002622,-0.038183903205169366,0.014175942872142909,40.11663479923518,384.94197565808093,0.1493412746526386,0.0,maker/maker (floor),1.0,4.0,4.72
BEATUSD,atr_arm,5,1,5104b68fd7d7,62961,7452,ok,932,4.263210558917425,218.61458333333334,0,980,10000.0,70.81857855192561,10070.818578551924,0.7081857855192562,23.23713317469328,1103.807446964,-53.14702551591952,17.671553036005207,30112.437315932715,-30041.61873738079,93.5168860743252,-49.248555307181626,117.31077820674149,-75.81325749740138,1.0023573489554944,0.34549356223175964,0.0074984148777517785,-0.0842741902257241,0.09966152225362947,0.031986467053483104,0.024488052175731335,23.2725321888412,226.9863557975307,0.2584625133559051,0.0,maker/maker (floor),2.0,2.0,4.72
BEATUSD,atr_arm,5,1,1245719458bf,62961,5618,ok,384,1.7565159384380806,218.61458333333334,0,178,10000.0,-1133.5212703288985,8866.478729671118,-11.335212703288985,20.79111795061602,253.442116428,-136.03984609910052,-1269.5611164279799,10856.39032783573,-11989.911598164628,86.85112262268584,-46.2930949736086,119.29434107528999,-71.46781756337079,0.9054604146954334,0.3255208333333333,-0.05764981249694597,-0.1914800722405185,0.07689326069198449,-0.04340443387647464,0.014245378620471335,68.390625,389.66170401021793,0.15012042010287663,0.0,maker/maker (floor),2.0,4.0,4.72
BEATUSD,wpr_only,5,1,5536e003be2a,62961,24919,ok,1674,7.657311669128508,218.61458333333334,0,4327,10000.0,-3193.036323094811,6806.96367690519,-31.93036323094811,42.88813329478794,1706.1139404879998,-34.5536173931935,-3227.5899404880047,30601.602879209728,-33794.63920230454,37.273572325468606,-39.618568818645414,64.07084386965396,-58.13931493586365,0.9055164843163329,0.490442054958184,-0.04377412705798675,-0.09094817043829992,0.004586149404743867,-0.017553094330007395,0.02622103272797935,11.497610513739547,204.6445067993332,0.27665014307610425,0.0,maker/maker (floor),1.0,2.0,4.72
BEATUSD,wpr_only,5,1,d4527a09260f,62961,19978,ok,665,3.041883070472197,218.61458333333334,0,859,10000.0,474.93504536439457,10474.93504536436,4.749350453643945,8.845854554407596,504.78232717599997,68.14062745960781,543.0756728239867,17387.575917409507,-16912.640872045115,50.6926411586283,-52.52372941628918,65.9853095740308,-67.05174877769318,1.028081660868789,0.5157894736842106,0.016476133252872543,-0.05446341001200956,0.09342369492231119,0.031103084349460693,0.014626951096588152,39.49774436090225,385.1476014760146,0.1543350200496554,0.0,maker/maker (floor),1.0,4.0,4.72
BEATUSD,wpr_only,5,1,461613bee59c,62961,24919,ok,1210,5.534854910182494,218.61458333333334,0,2894,10000.0,-2424.7983893457285,7575.201610654304,-24.247983893457288,44.3231860117595,1244.525513548,249.51787579772554,-2175.2805135479803,30417.90773185715,-32842.70612120288,76.04476932964288,-40.546550766917136,115.04519001089983,-65.8313454021956,0.926169348518443,0.3305785123966942,-0.04061882863521774,-0.11794754901637748,0.03978446985232418,-0.014744330025949784,0.02587449860926797,22.355371900826448,209.07855928762422,0.2731015201038985,0.0,maker/maker (floor),2.0,2.0,4.72
BEATUSD,wpr_only,5,1,247ec2c731ff,62961,19978,ok,460,2.1041597179206173,218.61458333333334,0,518,10000.0,1415.0690631084237,11415.069063108445,14.150690631084236,8.24662862794458,346.126894624,229.50604226757514,1644.575105375996,16800.72603438471,-15385.656971276283,98.24985985020297,-53.23756737465842,123.06595205114816,-76.41559852681813,1.0919732622240468,0.3717391304347826,0.06323980972204561,-0.06761654097003694,0.1914839164569217,0.0775145573095323,0.014274747587486706,70.88478260869566,397.31079391246965,0.15055765880176747,0.0,maker/maker (floor),2.0,4.0,4.72
BEATUSD,adx_only,5,1,8822505d8858,62961,2722,ok,528,2.415209415352361,218.61458333333334,0,263,10000.0,-1480.416023544541,8519.583976455468,-14.80416023544541,20.618226115513956,533.941940364,-47.37291681945889,-1527.7889403640056,11161.179001822602,-12641.595025367144,43.94164961347481,-46.137208121777896,57.632527496159874,-59.634089732926846,0.8828932566995005,0.4810606060606061,-0.05767189981194482,-0.14334910773087958,0.030440621360072764,-0.03537133503990214,0.022300564772042696,11.704545454545455,243.53875364769547,0.23530869435458812,0.0,maker/maker (floor),1.0,2.0,4.72
BEATUSD,adx_only,5,1,88d2c6a947a0,62961,2128,ok,239,1.0932482012674511,218.61458333333334,0,53,10000.0,-1392.89021687377,8607.109783126225,-13.9289021687377,16.357018703866633,160.22524272000004,-1.603025846229304,-1394.4932427200001,4752.140314092249,-6145.03053096602,44.831512397096695,-46.20323707493248,57.12214181311281,-57.477857842870414,0.7733306271051508,0.4435146443514644,-0.12291158749020555,-0.2451233444063654,0.002631866207828011,-0.10833902630411417,0.014572561186091388,35.47280334728033,375.42057729768015,0.1536593892705515,0.0,maker/maker (floor),1.0,4.0,4.72
BEATUSD,adx_only,5,1,b5acf63ba5bf,62961,2722,ok,443,2.0263972935626815,218.61458333333334,0,218,10000.0,-1594.3232888261098,8405.676711173894,-15.943232888261097,23.32688065039537,433.434654012,-1.1503651858893917,-1595.4736540119866,11943.178713044377,-13537.502001870489,84.7033951279743,-44.82616556910758,114.69361907663388,-59.08411846778177,0.8822291373544526,0.3182844243792325,-0.07210580564369397,-0.1979298785599786,0.0581522756346819,-0.04987306233847994,0.022232743305214017,23.641083521444695,243.81562555614764,0.2345930817081472,0.0,maker/maker (floor),2.0,2.0,4.72
BEATUSD,adx_only,5,1,8f0add012268,62961,2128,ok,201,0.9194263115261828,218.61458333333334,0,43,10000.0,-540.9159040655611,9459.084095934417,-5.409159040655611,15.17167043545781,141.880912688,137.2369913775607,-403.6789126880194,6019.495488996287,-6560.411393061848,91.20447710600435,-48.59563994860628,107.24237949821693,-90.44129736335088,0.9175484780363589,0.3283582089552239,-0.050268204522975,-0.23286826057431706,0.14915503344610484,-0.03558956236939376,0.01467864215358126,62.2636815920398,383.09225061486467,0.1547982707023816,0.0,maker/maker (floor),2.0,4.0,4.72
AKEUSD,atr_arm,5,1,ae190a209e26,6009,761,ok,151,7.237144283574638,20.864583333333332,22,215,10000.0,-636.9293782392404,9363.070621760768,-6.369293782392403,7.680777900532389,424.559477722,-34.7360994827627,-671.6654777219956,3408.715456830243,-4045.6448350694836,46.69473228534579,-51.86724147524979,69.0573413801878,-57.23989057456265,0.842564188354339,0.48344370860927155,-0.08630929337016305,-0.24029313372309646,0.06398125647777135,-0.015914084142651174,0.0703952092275119,13.112582781456954,269.8992474199008,0.22092016698480496,0.0,taker/taker (current backtest),1.0,2.0,15.8
AKEUSD,atr_arm,5,1,fba2f87a03ea,6009,455,ok,56,2.683974038941588,20.864583333333332,3,44,10000.0,-702.6459306319405,9294.91717853216,-7.0264593063194045,9.654479971368175,123.22800104199999,-4.457070410059302,-707.8705745220068,995.7379246397181,-1698.3838552716586,45.260814756350825,-49.95246633151937,58.0619120201559,-54.891591873475136,0.5862855570305976,0.39285714285714285,-0.2596598217202793,-0.5099969189956632,-0.010169110366886398,-0.20438299915996264,0.055276822560316644,33.839285714285715,341.5223249066353,0.17297701131373208,0.0,taker/taker (current backtest),1.0,4.0,15.8
AKEUSD,atr_arm,5,1,5104b68fd7d7,6009,761,ok,123,5.895157264103845,20.864583333333332,18,167,10000.0,-1182.4050828830457,8817.594917116956,-11.824050828830456,15.129362985911174,353.89342315600004,-24.6483402729595,-1057.7501787359997,3340.2398940447533,-4522.644976927799,95.43542554413581,-51.39369291963408,119.93373874406394,-56.94091922559632,0.7385589430709096,0.2845528455284553,-0.20270218375615612,-0.42858673320171065,0.045307886598542194,-0.1359708415847533,0.06673134217140274,20.252032520325205,274.50689970130014,0.2094730356506469,0.8130081300813009,taker/taker (current backtest),2.0,2.0,15.8
AKEUSD,atr_arm,5,1,1245719458bf,6009,455,ok,41,1.965052421367948,20.864583333333332,3,25,10000.0,-436.7064746099293,9560.750682778693,-4.367064746099293,7.090620502755239,94.404645488,-1.3431708780703002,-438.85059172801084,1025.1330647645052,-1461.839539374434,93.19391497859138,-48.727984645814466,106.31752100815586,-61.03990291244541,0.7012623732993233,0.2682926829268293,-0.21388582485450744,-0.6016739805179868,0.20233917876844987,-0.16057137342273003,0.05331445143177744,58.58536585365854,372.19674602675946,0.16692361884572052,0.0,taker/taker (current backtest),2.0,4.0,15.8
AKEUSD,wpr_only,5,1,5536e003be2a,6009,2337,ok,189,9.058412381427859,20.864583333333332,71,643,10000.0,-1350.5061832478677,8649.49381675214,-13.505061832478676,18.021737056315974,487.17128989599996,-45.61610664813,-1102.7271046339883,3715.7799174957445,-5066.286100743613,43.715057852891114,-48.71428943022705,64.49472524930401,-57.93115633346002,0.7334327046690778,0.4497354497354497,-0.15256939433722166,-0.2896927291627563,-0.00746091410969687,-0.08396527534380623,0.06860411899341544,13.83068783068783,267.8974564792059,0.21503709404357746,1.5873015873015872,taker/taker (current backtest),1.0,2.0,15.8
AKEUSD,wpr_only,5,1,d4527a09260f,6009,1492,ok,65,3.1153270094857715,20.864583333333332,0,131,10000.0,125.63740750085185,10125.637407500846,1.2563740750085186,4.602918983286269,129.677476702,-17.5978842028517,108.03952329799904,1689.0068167261732,-1563.3694092253218,48.257337620747805,-52.11231364084406,60.25891957178393,-57.00951107842956,1.0803632249418946,0.5384615384615384,0.042072494125926035,-0.2037541549373544,0.27969028719525096,0.09171334841153676,0.04964085428561069,42.01538461538462,376.54060640142603,0.15520931707154875,0.0,taker/taker (current backtest),1.0,4.0,15.8
AKEUSD,wpr_only,5,1,461613bee59c,6009,2337,ok,139,6.662006989515727,20.864583333333332,36,465,10000.0,-1395.2467378889287,8604.753262111048,-13.952467378889285,19.749275370588002,367.32684001999996,-20.090102131071607,-1415.336840020018,3402.4048302770075,-4797.6515681659375,87.24114949428224,-47.97651568165938,107.69926917755201,-57.93115633346002,0.709181311300956,0.2805755395683453,-0.2148153009688833,-0.43114157435130596,0.016416577706819823,-0.14793133774943015,0.06688396321945313,24.489208633093526,284.97342815331973,0.209578047157423,0.0,taker/taker (current backtest),2.0,2.0,15.8
AKEUSD,wpr_only,5,1,247ec2c731ff,6009,1492,ok,41,1.965052421367948,20.864583333333332,0,55,10000.0,-152.37599787563687,9848.642214526673,-1.5237599787563687,5.946281239134443,95.355272466,6.4177254096372955,-146.8271144659975,1237.3281430501625,-1389.7041409257993,95.17908792693558,-49.63229074734998,109.75123662778397,-56.64121632000006,0.8903536419096181,0.3170731707317073,-0.07409893529572044,-0.4958215065109717,0.3648960066218974,-0.020899043995834303,0.0531998912998862,69.39024390243902,458.4864373890431,0.16630604860526052,0.0,taker/taker (current backtest),2.0,4.0,15.8
AKEUSD,adx_only,5,1,8822505d8858,6009,215,ok,74,3.546679980029955,20.864583333333332,4,42,10000.0,204.87717982751252,10204.877179827512,2.048771798275125,4.634609372683573,208.35705639999998,-25.663236227514,279.64583685199796,2000.2226446940806,-1795.345464866568,48.78591816327026,-54.40440802625963,74.06061603057577,-65.75394671811418,1.1141157419765668,0.5540540540540541,0.05946895441009606,-0.16923229808726084,0.30182853690568073,0.12739379907695128,0.06792484466685526,13.85135135135135,300.50054044507806,0.21313644209912527,1.3513513513513513,taker/taker (current backtest),1.0,2.0,15.8
AKEUSD,adx_only,5,1,88d2c6a947a0,6009,134,ok,26,1.2461308037943086,20.864583333333332,0,9,10000.0,-335.03565893912383,9662.30985867404,-3.350356589391238,5.194496818187308,56.650506922000005,-0.6968479828755987,-336.57251392199396,471.45856250962464,-806.4942214487485,47.14585625096247,-50.40588884054678,57.74419656440396,-55.034966184108946,0.5845777315833938,0.38461538461538464,-0.2648251266579872,-0.6497352676055319,0.12976068959162423,-0.21126310478824667,0.05356202186974053,45.19230769230769,319.29378924870156,0.1673431322721251,0.0,taker/taker (current backtest),1.0,4.0,15.8
AKEUSD,adx_only,5,1,b5acf63ba5bf,6009,215,ok,57,2.7319021467798303,20.864583333333332,4,28,10000.0,296.52288824531087,10296.522888245312,2.965228882453109,4.593184594380702,162.856289428,20.2498223266871,467.232477931997,2178.1153362208024,-1881.592447975491,99.00524255549102,-53.75978422787117,116.80179484101453,-62.78597131884424,1.1575914532205722,0.38596491228070173,0.1094861394787572,-0.26539007717911595,0.48674603983051035,0.17428236619269177,0.06479622671393462,32.35087719298246,302.5031410070554,0.20304969349324206,1.7543859649122806,taker/taker (current backtest),2.0,2.0,15.8
AKEUSD,adx_only,5,1,8f0add012268,6009,134,ok,24,1.1502745881178233,20.864583333333332,0,4,10000.0,-346.01087210710074,9651.334645506056,-3.4601087210710078,4.331109992061501,56.880794056,2.8290780511013995,-344.02180105599655,574.3021239555072,-920.3129960626079,95.7170206592512,-51.128499781256,106.24974655240396,-55.034966184108946,0.624029136187965,0.25,-0.28945524547591045,-0.795393521770005,0.2424716344268799,-0.23539661235608209,0.05405863311982834,55.791666666666664,316.04003647327886,0.16918808753413514,0.0,taker/taker (current backtest),2.0,4.0,15.8
AKEUSD,atr_arm,5,1,ae190a209e26,6009,761,ok,165,7.908137793310035,20.864583333333332,5,219,10000.0,-995.8413343148882,9004.158665685114,-9.958413343148882,11.79827056790329,314.20912579599997,-35.563791481113796,-1031.405125796,3585.1716264769066,-4581.012960791794,47.80228835302542,-50.90014400879772,71.36105010406379,-55.76919632353298,0.7826154732941939,0.45454545454545453,-0.12600146130748982,-0.27709447336860554,0.03415150348650628,-0.07391668011569007,0.05208478119179973,12.16969696969697,239.37042299704746,0.25197048234189523,0.0,maker/taker (YOUR execution),1.0,2.0,10.26
AKEUSD,atr_arm,5,1,fba2f87a03ea,6009,455,ok,58,2.779830254618073,20.864583333333332,0,44,10000.0,-655.1474961168625,9342.953886095234,-6.551474961168625,9.23716810916221,79.190158272,-4.392662155136901,-659.7694587040078,1065.9027064644345,-1721.050202581297,46.34359593323628,-49.172862930894205,58.6468241121559,-53.93219794147514,0.6193327218844359,0.39655172413793105,-0.23448411543266207,-0.4816458540136932,0.02484377693860892,-0.19642492980186244,0.03805918563079968,33.172413793103445,336.4643096521002,0.18342185500737862,0.0,maker/taker (YOUR execution),1.0,4.0,10.26
AKEUSD,atr_arm,5,1,5104b68fd7d7,6009,761,ok,136,6.518222666000999,20.864583333333332,5,172,10000.0,-1550.0125443122624,8449.987455687731,-15.500125443122625,18.98525276936339,279.82971725,-17.113172937743098,-1417.822472830012,3461.06241678865,-5011.074961100912,96.14062268857361,-50.110749611009126,121.14129919206395,-56.154784915596316,0.6906826267129457,0.2647058823529412,-0.2476670606076358,-0.4699699067816911,-0.030267471153045428,-0.19705866552126633,0.05060839508636953,18.389705882352942,253.37154884287267,0.24490199499115076,0.7352941176470588,maker/taker (YOUR execution),2.0,2.0,10.26
AKEUSD,atr_arm,5,1,1245719458bf,6009,455,ok,42,2.0129805292061906,20.864583333333332,0,26,10000.0,-454.9548509609518,9543.063982651678,-4.549548509609518,7.323699563655661,64.389526404,-1.8076754430480997,-457.0017964200051,1036.223311548505,-1491.178162509457,94.20211923168227,-48.10252137127281,106.90243310015587,-59.95078599674721,0.6949024185042231,0.2619047619047619,-0.21742138691955043,-0.6017975904052204,0.17565498855387005,-0.18032841923114798,0.03709296768840244,58.54761904761905,364.9403465329104,0.1791574391744113,0.0,maker/taker (YOUR execution),2.0,4.0,10.26
AKEUSD,wpr_only,5,1,5536e003be2a,6009,2337,ok,203,9.729405891163255,20.864583333333332,8,672,10000.0,-1236.4472887206566,8763.552711279348,-12.364472887206567,16.62488127899281,350.12838336799996,-36.94009464734209,-977.5775105279936,4127.059421603141,-5363.506710323798,44.85934153916458,-48.319880273187366,65.50714252130402,-56.804929733460014,0.7694703567088459,0.45320197044334976,-0.12800832954676578,-0.27389383790756494,0.007070613924675185,-0.0765994065458387,0.05140892300092708,13.182266009852217,260.4696994580392,0.2486044667737443,1.477832512315271,maker/taker (YOUR execution),1.0,2.0,10.26
AKEUSD,wpr_only,5,1,d4527a09260f,6009,1492,ok,65,3.1153270094857715,20.864583333333332,0,131,10000.0,182.53022473605736,10182.530224736056,1.8253022473605736,4.50387115021404,74.029464962,-17.5806896980572,164.94953503800025,1722.386437771344,-1539.8562130352864,49.21104107918126,-51.32854043450955,60.89433319578393,-57.21380823839466,1.118537187557443,0.5384615384615384,0.059478211388095885,-0.18646967595240274,0.2967195214008942,0.09171334841153678,0.032235137023440864,42.01538461538462,376.54060640142603,0.1552063172675692,0.0,maker/taker (YOUR execution),1.0,4.0,10.26
AKEUSD,wpr_only,5,1,461613bee59c,6009,2337,ok,144,6.90164752870694,20.864583333333332,2,479,10000.0,-979.0039392950064,9020.996060704989,-9.790039392950064,17.62511992886252,246.18574523999996,-17.038805944995904,-996.0427452400108,3814.95646150975,-4793.960400804757,88.71991770952907,-47.464954463413434,108.67418951355202,-56.804929733460014,0.795783891095416,0.2986111111111111,-0.13982240225717021,-0.35708354236355627,0.0877240838249132,-0.09291724570220494,0.046905156554965285,24.70138888888889,282.34506852694346,0.226547215024085,0.0,maker/taker (YOUR execution),2.0,2.0,10.26
AKEUSD,wpr_only,5,1,247ec2c731ff,6009,1492,ok,41,1.965052421367948,20.864583333333332,0,55,10000.0,-117.36838326766537,9884.259118334643,-1.1736838326766537,5.889425517727244,57.742737724,6.4196455436658955,-111.20829052399858,1249.9091417861625,-1367.277525053828,96.14685706047405,-48.831340180493854,110.38665025178396,-54.5381199378077,0.9141590634549158,0.3170731707317073,-0.05544530252348189,-0.4776125766981763,0.3839506507730967,-0.02089904399583429,0.034546258527647616,69.39024390243902,458.4864373890431,0.16621486079542047,0.0,maker/taker (YOUR execution),2.0,4.0,10.26
AKEUSD,adx_only,5,1,8822505d8858,6009,215,ok,78,3.7383924113829257,20.864583333333332,0,42,10000.0,280.61093015013364,10280.610930150127,2.8061093015013365,4.857674091663995,136.196581662,-25.512511812133894,355.5303115899969,2147.9188428847006,-1867.3079127345668,49.951600997318614,-53.35165464955905,75.48208917457578,-63.50103480611418,1.1502756606108924,0.5512820512820513,0.07486295232007444,-0.14318102690268558,0.3039638373685046,0.12264303960413628,0.04778008728406185,13.346153846153847,291.76053864501864,0.23071196704675623,1.282051282051282,maker/taker (YOUR execution),1.0,2.0,10.26
AKEUSD,adx_only,5,1,88d2c6a947a0,6009,134,ok,26,1.2461308037943086,20.864583333333332,0,9,10000.0,-313.65208119512374,9684.282504618037,-3.136520811951237,5.015216746427341,33.43992917799999,-0.6968479828755987,-314.59986797799684,481.18652329362465,-794.8386044887484,48.11865232936246,-49.677412780546774,58.28758081640396,-54.357429170108944,0.6053889690009845,0.38461538461538464,-0.24604451898973642,-0.6317892572681324,0.1490603915568501,-0.21126310478824667,0.03478141420148973,45.19230769230769,319.29378924870156,0.16748108974129336,0.0,maker/taker (YOUR execution),1.0,4.0,10.26
AKEUSD,adx_only,5,1,b5acf63ba5bf,6009,215,ok,60,2.8756864702945584,20.864583333333332,0,29,10000.0,662.3229232751905,10662.322923275186,6.623229232751905,4.943270668545206,107.98811570800001,19.5249610168089,832.3076516519923,2510.172732416611,-1847.84980914142,100.40690929666444,-52.795708832612,117.42105327101453,-61.32451679962275,1.3584289805365355,0.4166666666666667,0.2225607195806606,-0.14053775456971082,0.5997226222957889,0.26914959046046827,0.046588870879807606,31.916666666666668,297.3752823183138,0.224764959611196,1.6666666666666667,maker/taker (YOUR execution),2.0,2.0,10.26
AKEUSD,adx_only,5,1,8f0add012268,6009,134,ok,24,1.1502745881178233,20.864583333333332,0,4,10000.0,-324.0967517111007,9673.837834102058,-3.240967517111007,4.1467398502014845,34.96667366,2.8290780511013995,-321.518612459995,579.8570503775071,-903.9538020886077,96.64284172958452,-50.21965567158932,106.79313080440396,-54.357429170108944,0.6414675717251622,0.25,-0.27050050955921107,-0.7779180039227427,0.2602295579457112,-0.23539661235608203,0.035103897203129036,55.791666666666664,316.04003647327886,0.16898706581530853,0.0,maker/taker (YOUR execution),2.0,4.0,10.26
AKEUSD,atr_arm,5,1,ae190a209e26,6009,761,ok,169,8.099850224663006,20.864583333333332,0,220,10000.0,-897.5145482941432,9102.485451705856,-8.975145482941432,11.18486618276518,206.84560901999998,-35.684060725856696,-933.1986090199989,3682.9115028625874,-4580.42605115673,47.83001951769594,-49.787239686486195,71.36105010406379,-55.01137695353298,0.8040543525274279,0.4556213017751479,-0.10969071707619144,-0.2614617569931547,0.043416132956322954,-0.08430919315651368,0.025381523919677733,12.112426035502958,230.59877760732587,0.26707341492373887,0.0,maker/maker (floor),1.0,2.0,4.72
AKEUSD,atr_arm,5,1,fba2f87a03ea,6009,455,ok,58,2.779830254618073,20.864583333333332,0,44,10000.0,-623.6152722027679,9374.486110009335,-6.236152722027679,8.9424938074812,47.818523196,-4.314250993231501,-628.1588236280022,1068.9330017720445,-1692.5482739748124,46.475347903132366,-48.35852211356607,58.6468241121559,-52.99865254147514,0.6315524456278827,0.39655172413793105,-0.22296898584454403,-0.46773303643563074,0.03367842872395285,-0.20546027666546274,0.01750870917908133,33.172413793103445,336.4643096521002,0.18360836618249107,0.0,maker/maker (floor),1.0,4.0,4.72
AKEUSD,atr_arm,5,1,5104b68fd7d7,6009,761,ok,140,6.709935097353969,20.864583333333332,0,173,10000.0,-1370.3425288780068,8629.657471121982,-13.70342528878007,18.14917148089773,163.549889888,-16.895361009996996,-1238.5029996080139,3633.9894995829814,-5004.332028460987,95.63130262060477,-49.062078710401835,121.14129919206395,-55.340704075596314,0.7261687431840058,0.2714285714285714,-0.20843881425623406,-0.42325888728781885,0.020234919698069943,-0.18342283474707594,0.02501597950915812,18.185714285714287,248.8483567274643,0.2631736726761865,0.7142857142857143,maker/maker (floor),2.0,2.0,4.72
AKEUSD,atr_arm,5,1,1245719458bf,6009,455,ok,42,2.0129805292061906,20.864583333333332,0,26,10000.0,-423.9709955643487,9574.047838048287,-4.239709955643487,7.039982126605595,34.470474352,-1.8394787876512013,-426.04974436799966,1038.3087266911082,-1462.2797222554566,94.39170242646438,-47.17031362114376,106.90243310015587,-58.13466541274721,0.7100616324553793,0.2619047619047619,-0.20259384732782965,-0.5841956317335629,0.1872999764321064,-0.1855296360715665,0.01706421125626311,58.54761904761905,364.9403465329104,0.17903969428336433,0.0,maker/maker (floor),2.0,4.0,4.72
AKEUSD,wpr_only,5,1,5536e003be2a,6009,2337,ok,206,9.873190214677983,20.864583333333332,0,673,10000.0,-1237.7294611810385,8762.270538818953,-12.377294611810385,15.992403713455856,227.200753452,-37.274292270958995,-981.5521212200074,4154.5145773797285,-5392.244038560768,45.15776714543183,-47.30038630316463,65.50714252130402,-55.70629233346001,0.7704611563701781,0.44660194174757284,-0.12731636724300144,-0.25970085779758845,0.009556976326355743,-0.10284891665880129,0.02446745058420016,13.058252427184467,259.3464979580652,0.2574066964435908,1.4563106796116505,maker/maker (floor),1.0,2.0,4.72
AKEUSD,wpr_only,5,1,d4527a09260f,6009,1492,ok,65,3.1153270094857715,20.864583333333332,0,131,10000.0,210.581208473756,10210.581208473754,2.10581208473756,4.431554386253994,47.81267252,-17.5918809937558,192.9893274799997,1724.7821296490713,-1514.200921175315,49.27948941854489,-50.47336403917716,60.89433319578393,-56.17880106239466,1.1390708495344886,0.5384615384615384,0.06762058566429079,-0.1764271374877706,0.302383908311075,0.08245000542556181,0.014829419761271043,42.01538461538462,376.54060640142603,0.15518151524470922,0.0,maker/maker (floor),1.0,4.0,4.72
AKEUSD,wpr_only,5,1,461613bee59c,6009,2337,ok,145,6.949575636545182,20.864583333333332,0,480,10000.0,-776.1598546734592,9223.840145326532,-7.761598546734592,16.170045541079322,143.329435376,-16.997580702543303,-793.1574353760116,3931.087625784334,-4707.247480457793,89.34290058600759,-46.606410697601916,108.67418951355202,-55.70629233346001,0.8351138626350753,0.30344827586206896,-0.1090683751268656,-0.3237070464044905,0.11263787439662114,-0.08704330581381585,0.022025069313049764,24.49655172413793,282.13371825995574,0.23117857230395486,0.0,maker/maker (floor),2.0,2.0,4.72
AKEUSD,wpr_only,5,1,247ec2c731ff,6009,1492,ok,41,1.965052421367948,20.864583333333332,0,55,10000.0,-90.65959580566607,9910.96790579665,-0.9065959580566607,5.819038784729712,32.266766768,6.504829037666596,-84.41431956799352,1253.0153932198984,-1343.6749890255642,96.38579947845372,-47.98839246519872,110.38665025178396,-54.30738969378203,0.9325286274239485,0.3170731707317073,-0.042822965674568766,-0.4628395706888944,0.39464223882475286,-0.026930339919159704,0.01589262575540904,69.39024390243902,458.4864373890431,0.16638754245994916,0.0,maker/maker (floor),2.0,4.0,4.72
AKEUSD,adx_only,5,1,8822505d8858,6009,215,ok,78,3.7383924113829257,20.864583333333332,0,42,10000.0,329.6645886260726,10329.664588626072,3.296645886260726,4.649518865285622,87.33807500399999,-25.387663630072897,404.01138210800127,2153.046147487679,-1823.381558861606,50.070840639248345,-52.096615967474456,75.48208917457578,-61.90799584947619,1.1807984659183965,0.5512820512820513,0.08725492963849331,-0.12823889968550653,0.31222315125118105,0.10923563256059585,0.021980702922102524,13.346153846153847,291.76053864501864,0.23087717173998634,1.282051282051282,maker/maker (floor),1.0,2.0,4.72
AKEUSD,adx_only,5,1,88d2c6a947a0,6009,134,ok,26,1.2461308037943086,20.864583333333332,0,9,10000.0,-298.5358189730347,9699.398766840126,-2.9853581897303467,4.86405412420645,19.888817636,-0.7759986629646987,-299.56275643599656,482.7315389257137,-781.2673578987483,48.27315389257137,-48.82920986867177,58.28758081640396,-53.65250184210894,0.6178826416401687,0.38461538461538464,-0.23519694806689376,-0.6184339299128915,0.1573433217460975,-0.21919614153365477,0.016000806533238942,45.19230769230769,319.29378924870156,0.16747297898016247,0.0,maker/maker (floor),1.0,4.0,4.72
AKEUSD,adx_only,5,1,b5acf63ba5bf,6009,215,ok,60,2.8756864702945584,20.864583333333332,0,29,10000.0,706.1810630851992,10706.181063085201,7.0618106308519915,4.770550903756123,65.77200584,19.530931074800197,875.6446017119961,2514.8035605614014,-1808.6224974762017,100.59214242245605,-51.674928499320046,117.42105327101453,-59.20154669562275,1.3904524377367984,0.4166666666666667,0.23644754132246817,-0.12392035322746554,0.6092098896513103,0.2578802382574284,0.02143269693496023,31.916666666666668,297.3752823183138,0.22474781677537342,1.6666666666666667,maker/maker (floor),2.0,2.0,4.72
AKEUSD,adx_only,5,1,8f0add012268,6009,134,ok,24,1.1502745881178233,20.864583333333332,0,4,10000.0,-301.6943741068133,9696.240211706341,-3.0169437410681335,3.9720703784138096,18.73019428,2.770179826814001,-299.1751330799998,586.9539974537945,-888.6483715606078,97.82566624229908,-49.36935397558932,106.79313080440396,-53.65250184210894,0.6605019670750198,0.25,-0.25644462106966265,-0.7604061790823994,0.26998594107851814,-0.240295459783233,0.016149161286429733,55.791666666666664,316.04003647327886,0.1694811364769856,0.0,maker/maker (floor),2.0,4.0,4.72
BANKUSD,atr_arm,5,1,ae190a209e26,6009,641,ok,139,6.662006989515727,20.864583333333332,5,167,10000.0,-537.5940079267327,9462.405992073263,-5.375940079267327,7.717323215044882,393.820768894,-11.351760967267994,-548.9457688939983,3196.312537457544,-3733.906545384276,47.00459613908153,-52.59023303358135,56.42916961554169,-71.89237167423208,0.8560237109867447,0.4892086330935252,-0.07674671037002895,-0.245494880234986,0.09161887427858734,-0.007725923295156208,0.06902078707487276,13.510791366906474,259.50853028642865,0.21782565756914118,0.0,taker/taker (current backtest),1.0,2.0,15.8
BANKUSD,atr_arm,5,1,fba2f87a03ea,6009,415,ok,51,2.4443334997503747,20.864583333333332,0,39,10000.0,84.71692154808093,10084.716921548088,0.8471692154808093,3.5697718616755534,95.91448216,-30.881403708083496,53.835517840005195,1339.6176209262198,-1254.900699378139,49.61546744171184,-52.287529140755794,59.806938548294205,-61.78346521043189,1.0675088647173931,0.5294117647058824,0.034917196212749614,-0.232067893387909,0.3207665277968571,0.07982765441656059,0.04491045820381095,41.64705882352941,405.7136340309051,0.14160782892525128,0.0,taker/taker (current backtest),1.0,4.0,15.8
BANKUSD,atr_arm,5,1,5104b68fd7d7,6009,641,ok,103,4.9365951073389915,20.864583333333332,2,108,10000.0,-220.78020714861924,9779.21979285138,-2.207802071486192,7.915026120100767,314.71497475,-17.127767601381503,-237.90797475,3354.5741559185312,-3575.35436306715,95.84497588338661,-52.578740633340445,106.78997956176302,-73.64518174979662,0.9382494195738348,0.33980582524271846,-0.03850362216504251,-0.30938549231868256,0.24943641587657422,0.031970656633718904,0.0704742787987614,24.66990291262136,254.34279954941698,0.22237576839464873,0.0,taker/taker (current backtest),2.0,2.0,15.8
BANKUSD,atr_arm,5,1,1245719458bf,6009,415,ok,33,1.581627558662007,20.864583333333332,0,16,10000.0,571.4646996405227,10571.464699640517,5.714646996405227,4.060062525524263,55.910717034,-51.502416674523104,519.9622829659984,1492.3555536459626,-920.8908540054401,99.49037024306418,-51.16060300030223,120.58017568847028,-56.77242826421116,1.6205563853250589,0.45454545454545453,0.3447852667759667,-0.17423394211984816,0.8346424472960575,0.3843536282544409,0.03956836147847414,86.36363636363636,424.9942568343682,0.12437507597318576,0.0,taker/taker (current backtest),2.0,4.0,15.8
BANKUSD,wpr_only,5,1,5536e003be2a,6009,2081,ok,171,8.19570644033949,20.864583333333332,31,555,10000.0,-1222.3542912314365,8777.645708768561,-12.223542912314365,13.671399792667238,475.230045612,35.5592456194328,-1186.7950456120034,3456.4609734107366,-4678.815264642171,44.31360222321457,-50.30984155529217,52.810508310273,-65.38954408560808,0.7387470498207588,0.45614035087719296,-0.1508477189215032,-0.29774293173199573,0.00623620881839622,-0.0789539226989193,0.0718937962225839,12.32748538011696,256.64115263394916,0.2269386702111658,0.0,taker/taker (current backtest),1.0,2.0,15.8
BANKUSD,wpr_only,5,1,d4527a09260f,6009,1398,ok,64,3.067398901647529,20.864583333333332,0,121,10000.0,-297.0130785842723,9702.986921415726,-2.970130785842723,5.636593698980958,130.99900323,-33.6439246457294,-330.6570032300042,1480.9997598690095,-1778.0128384532816,49.36665866230032,-52.29449524862593,60.0268169988394,-62.42153786018052,0.8329522306246968,0.46875,-0.09168794774022117,-0.34482171794259536,0.16439440058233462,-0.04269300302015825,0.048994944720062904,37.21875,398.84989272060295,0.15456461211856432,0.0,taker/taker (current backtest),1.0,4.0,15.8
BANKUSD,wpr_only,5,1,461613bee59c,6009,2081,ok,125,5.99101347978033,20.864583333333332,26,391,10000.0,-1180.4495538930776,8819.5504461069,-11.804495538930777,16.55457055960669,371.39656172800005,-12.792007834923805,-1193.2415617280203,3330.0796521867833,-4510.529206079861,92.50221256074398,-50.68010343909956,105.69683084974292,-65.88538354628028,0.7382902315981196,0.288,-0.196483089093483,-0.44208281418763024,0.05145095679807057,-0.12458690021886844,0.07189618887461455,22.096,264.35357290375947,0.22713298351956454,0.0,taker/taker (current backtest),2.0,2.0,15.8
BANKUSD,wpr_only,5,1,247ec2c731ff,6009,1398,ok,41,1.965052421367948,20.864583333333332,0,51,10000.0,71.43498134175215,10071.434981341758,0.7143498134175215,5.180904392927025,90.479381802,-3.9903631437523894,67.44461819800199,1489.5327936343044,-1418.0978122925521,99.30218624228696,-54.54222354971354,115.69627696427976,-68.67176964788396,1.050373804065227,0.36585365853658536,0.04330901486579728,-0.40317146456517006,0.5057620602956757,0.09135243085313643,0.04804341598733912,69.53658536585365,444.14075845575644,0.15164699711164897,0.0,taker/taker (current backtest),2.0,4.0,15.8
BANKUSD,adx_only,5,1,8822505d8858,6009,162,ok,55,2.6360459311033453,20.864583333333332,3,33,10000.0,-118.09831286556818,9881.901687134441,-1.1809831286556818,3.8124646872832875,148.16262284799996,13.882690017567601,-104.21562284798893,1344.3328223731141,-1462.4311352386828,48.01188651332551,-54.16411611995122,55.93743649952546,-73.03542115223915,0.9192452143421482,0.509090909090909,-0.039674642259147214,-0.32938997447908996,0.22359991361025425,0.02600223857330934,0.06567688083245656,13.545454545454545,274.0341419586685,0.2071321836052414,0.0,taker/taker (current backtest),1.0,2.0,15.8
BANKUSD,adx_only,5,1,88d2c6a947a0,6009,104,ok,23,1.1023464802795806,20.864583333333332,0,8,10000.0,12.569527163009262,10012.56952716301,0.12569527163009261,2.63461845899703,48.329415088000005,-13.000942251009,-0.4314150879981753,592.6756666455847,-580.1061394825754,49.38963888713206,-52.736921771143216,56.02540225364844,-64.76334300047914,1.0216676333993304,0.5217391304347826,0.01432495178423681,-0.4147957342757732,0.44392052779331537,0.06313843490280928,0.048813483118572434,44.30434782608695,389.1366031617345,0.1541924223805075,0.0,taker/taker (current backtest),1.0,4.0,15.8
BANKUSD,adx_only,5,1,b5acf63ba5bf,6009,162,ok,48,2.3005491762356467,20.864583333333332,2,24,10000.0,166.03259149786035,10166.03259149787,1.6603259149786036,7.026792121437589,136.24042575800001,-10.346017255860302,155.68657424200683,1779.7498314983056,-1613.7172400004447,98.87499063879476,-53.790574666681486,112.27580612277339,-72.63412762942465,1.1028882801659943,0.375,0.07382635450671804,-0.3522374979426157,0.5203727315284536,0.13964071723085483,0.06581436272413682,25.0,262.868122949042,0.20749894021582374,0.0,taker/taker (current backtest),2.0,2.0,15.8
BANKUSD,adx_only,5,1,8f0add012268,6009,104,ok,20,0.9585621567648528,20.864583333333332,0,6,10000.0,239.96043749654956,10239.960437496546,2.3996043749654956,2.2167570293641963,47.634167954,-13.3396054505492,226.6208320459973,840.0250988766988,-600.0646613801493,93.33612209741098,-54.55133285274085,104.66124233699504,-66.01119161320513,1.3998909666578936,0.45,0.2420659308761443,-0.36844154033688203,0.8799110639577358,0.29421522712436526,0.05214929624822097,77.3,316.684571958206,0.1646458691329116,0.0,taker/taker (current backtest),2.0,4.0,15.8
BANKUSD,atr_arm,5,1,ae190a209e26,6009,641,ok,140,6.709935097353969,20.864583333333332,0,171,10000.0,-223.01598436628058,9776.984015633714,-2.230159843662806,5.772709876291988,235.81949756199998,-20.367513195724303,-243.3834975620066,3395.1891275814232,-3618.2051119477032,48.50270182259176,-51.688644456395764,58.70517516719528,-71.57720384128407,0.9383628131998771,0.5,-0.029639429476351432,-0.20206861278018612,0.13000846717605585,0.015925545493074737,0.04556497496942619,13.564285714285715,258.54648036931593,0.2214262984103573,0.0,maker/taker (YOUR execution),1.0,2.0,10.26
BANKUSD,atr_arm,5,1,fba2f87a03ea,6009,415,ok,51,2.4443334997503747,20.864583333333332,0,39,10000.0,124.77533859531863,10124.775338595322,1.2477533859531864,3.396186600752876,55.58381096000001,-31.005149555321204,93.77018904000215,1360.8033079745662,-1236.0279693792477,50.40012251757653,-51.50116539080199,61.2851504388394,-60.78270223932629,1.100948636832209,0.5294117647058824,0.05066428092471882,-0.21689593558372786,0.3353618541321788,0.0798276544165606,0.029163373491841792,41.64705882352941,405.7136340309051,0.14154041520213642,0.0,maker/taker (YOUR execution),1.0,4.0,10.26
BANKUSD,atr_arm,5,1,5104b68fd7d7,6009,641,ok,104,4.9845232151772345,20.864583333333332,0,109,10000.0,174.07199815276647,10174.07199815276,1.7407199815276646,5.02773264904101,193.85477976,-34.646777912769906,139.42522023998936,3630.822990275738,-3456.750992122971,98.13035108853346,-51.59329838989509,109.75576590433423,-73.29962357518902,1.050357112372118,0.3557692307692308,0.03769804681022137,-0.22868614688433733,0.33275989186997834,0.08420238733152297,0.04650434052130162,25.153846153846153,253.13361111130723,0.2258416367207015,0.0,maker/taker (YOUR execution),2.0,2.0,10.26
BANKUSD,atr_arm,5,1,1245719458bf,6009,415,ok,33,1.581627558662007,20.864583333333332,0,16,10000.0,594.8571094429423,10594.857109442946,5.948571094429422,3.998523065201059,32.87998082,-51.6620902629429,543.1950191800024,1503.8848792760791,-909.0277698331364,100.25899195173861,-50.501542768507576,121.66338055644948,-56.14621547221116,1.6543882697358478,0.45454545454545453,0.35865923656019116,-0.16020441511672384,0.8490368014735549,0.3843536282544409,0.025694391694249658,86.36363636363636,424.9942568343682,0.12433743576318555,0.0,maker/taker (YOUR execution),2.0,4.0,10.26
BANKUSD,wpr_only,5,1,5536e003be2a,6009,2081,ok,185,8.866699950074889,20.864583333333332,1,571,10000.0,-1705.403554640257,8294.596445359748,-17.054035546402567,17.741867943314784,351.186598646,29.411955994251997,-1675.991598646,3568.6201614040942,-5274.023716044352,45.75154053082172,-49.289941271442544,53.5632949319386,-65.32981697234408,0.6766409014331561,0.42162162162162165,-0.20000825807043843,-0.35147229992450524,-0.057314561959672425,-0.14735991365497028,0.052648344415468167,11.68108108108108,237.2933724702617,0.2562600417418246,0.0,maker/taker (YOUR execution),1.0,2.0,10.26
BANKUSD,wpr_only,5,1,d4527a09260f,6009,1398,ok,64,3.067398901647529,20.864583333333332,0,121,10000.0,-243.70929545097783,9756.290704549016,-2.437092954509778,5.464191195280242,76.37693491,-33.69463945902391,-277.4039349100058,1508.7995691812598,-1752.5088646322372,50.29331897270866,-51.54437837153639,61.5096381693846,-60.945093469375024,0.8609369114363256,0.46875,-0.0745087076295156,-0.3278006333507742,0.18262430790210438,-0.04269300302015827,0.0318157046093573,37.21875,398.84989272060295,0.1545308002765332,0.0,maker/taker (YOUR execution),1.0,4.0,10.26
BANKUSD,wpr_only,5,1,461613bee59c,6009,2081,ok,138,6.614078881677484,20.864583333333332,1,407,10000.0,-1397.0139233533705,8602.986076646612,-13.970139233533704,18.08434784419235,286.35093866000005,-25.363015306632988,-1422.3769386600125,3570.4019603745774,-4967.415883727947,93.95794632564677,-49.67415883727947,106.41891215400128,-65.74920747077888,0.7187644529765165,0.2753623188405797,-0.21331667870255241,-0.4399424751994092,0.019718277049006236,-0.1600799788152301,0.05323669988732228,20.971014492753625,232.33184312591754,0.25915684609124096,0.0,maker/taker (YOUR execution),2.0,2.0,10.26
BANKUSD,wpr_only,5,1,247ec2c731ff,6009,1398,ok,41,1.965052421367948,20.864583333333332,0,51,10000.0,105.74471742539825,10105.744717425396,1.0574471742539826,5.037634389377589,55.118003996,-3.916721421398398,101.82799600400358,1501.6813374324265,-1395.9366200070285,100.11208916216177,-53.689870000270325,116.88181480427977,-67.01788608277835,1.0757518041362548,0.36585365853658536,0.06015461768667442,-0.38638221600467126,0.5210577142676891,0.09135243085313643,0.031197813166461988,69.53658536585365,444.14075845575644,0.15162373241232793,0.0,maker/taker (YOUR execution),2.0,4.0,10.26
BANKUSD,adx_only,5,1,8822505d8858,6009,162,ok,57,2.7319021467798303,20.864583333333332,1,33,10000.0,-166.1038315826245,9833.896168417377,-1.6610383158262452,3.8631860403452145,96.66523413,13.949597452623197,-152.15423412999735,1377.9106807973503,-1544.014512379975,49.21109574276251,-53.24187973724052,56.91091256305256,-72.43307468023914,0.8924208093571679,0.49122807017543857,-0.054986276159641995,-0.3120371375839834,0.2081704547067046,-0.010025559271368193,0.044960716888273806,13.228070175438596,268.1026581118234,0.21859014607603655,0.0,maker/taker (YOUR execution),1.0,2.0,10.26
BANKUSD,adx_only,5,1,88d2c6a947a0,6009,104,ok,23,1.1023464802795806,20.864583333333332,0,8,10000.0,32.19977876278911,10032.199778762793,0.32199778762789105,2.561905738735638,28.560402424,-13.018181186788798,19.181597576003696,601.0070494942845,-568.8072707314955,50.08392079119037,-51.7097518846814,56.58284203964844,-63.54825812447913,1.0566092953090764,0.5217391304347826,0.03144056548530587,-0.39681942404476644,0.45945346374276297,0.06313843490280925,0.03169786941750337,44.30434782608695,389.1366031617345,0.15415712853116298,0.0,maker/taker (YOUR execution),1.0,4.0,10.26
BANKUSD,adx_only,5,1,b5acf63ba5bf,6009,162,ok,49,2.3484772840738892,20.864583333333332,1,24,10000.0,163.78188677374942,10163.78188677375,1.6378188677374943,6.810819652926317,86.791260796,-10.154147569749501,153.62773920400105,1802.930881339082,-1639.1489945653327,100.1628267410601,-52.87577401823654,113.39292440877338,-72.43307468023914,1.0999188525977657,0.3673469387755102,0.07242766175659905,-0.32020906568248414,0.4922707677150964,0.11636662096083741,0.04393895920423837,24.53061224489796,257.63358778626065,0.2135385192522457,0.0,maker/taker (YOUR execution),2.0,2.0,10.26
BANKUSD,adx_only,5,1,8f0add012268,6009,104,ok,20,0.9585621567648528,20.864583333333332,0,6,10000.0,258.4113474666225,10258.41134746662,2.584113474666225,2.1330754925908866,29.039118803999997,-13.379466270622201,245.03188119599872,846.780594343692,-588.3692468770694,94.08673270485467,-53.48811335246085,105.35301105699504,-64.77269469720513,1.439199276369748,0.45,0.260351190446723,-0.34947450326692525,0.8981059306837337,0.2942152271243653,0.03386403667764222,77.3,316.684571958206,0.16460489528302505,0.0,maker/taker (YOUR execution),2.0,4.0,10.26
BANKUSD,atr_arm,5,1,ae190a209e26,6009,641,ok,140,6.709935097353969,20.864583333333332,0,171,10000.0,-132.35385503209866,9867.646144967888,-1.3235385503209867,5.567123302636627,144.66946815600002,-20.4966131239061,-152.8504681560171,3407.7468642724994,-3540.100719304598,48.6820980610357,-50.57286741863712,59.05513150202207,-71.04539135465208,0.9626129690857785,0.5,-0.016317372899138254,-0.18611305447361348,0.14080436081620615,0.004644291999077287,0.020961664898215555,13.564285714285715,258.54648036931593,0.22142936616324246,0.0,maker/maker (floor),1.0,2.0,4.72
BANKUSD,atr_arm,5,1,fba2f87a03ea,6009,415,ok,51,2.4443334997503747,20.864583333333332,0,39,10000.0,145.21186044221378,10145.211860442212,1.452118604422138,3.277534166952193,34.583343712,-31.0212041542164,114.19065628799581,1361.5417019542917,-1216.329841512078,50.42747044275155,-50.68041006300325,61.2851504388394,-59.695336147773496,1.1193852649883964,0.5294117647058824,0.05881908045900886,-0.20772028156592717,0.3409247222350587,0.07223536923888152,0.013416288779872637,41.64705882352941,405.7136340309051,0.14153750144309335,0.0,maker/maker (floor),1.0,4.0,4.72
BANKUSD,atr_arm,5,1,5104b68fd7d7,6009,641,ok,104,4.9845232151772345,20.864583333333332,0,109,10000.0,261.4507850689023,10261.450785068895,2.614507850689023,4.678888887803131,110.329866188,-35.03365125690571,226.41713381199224,3647.0012856689636,-3385.550500600061,98.5676023153774,-50.53060448656807,110.45752911344121,-72.92037222858141,1.0772254866741946,0.3557692307692308,0.05400548769303275,-0.20998834593862967,0.34675784579525976,0.07539929736754966,0.021393809674516925,25.153846153846153,253.13361111130723,0.2259118166334409,0.0,maker/maker (floor),2.0,2.0,4.72
BANKUSD,atr_arm,5,1,1245719458bf,6009,415,ok,33,1.581627558662007,20.864583333333332,0,16,10000.0,609.9786058679113,10609.978605867915,6.099786058679112,3.9433845836876875,19.650565015999998,-51.6911708839119,558.2874349839985,1506.9748316177715,-896.9962257498601,100.4649887745181,-49.833123652770006,121.99854138442868,-55.547863340211165,1.6800236036199472,0.45454545454545453,0.36661343028005844,-0.15063962574941858,0.8544908246596923,0.3784338521900836,0.011820421910025185,86.36363636363636,424.9942568343682,0.12439413735845031,0.0,maker/maker (floor),2.0,4.0,4.72
BANKUSD,wpr_only,5,1,5536e003be2a,6009,2081,ok,186,8.91462805791313,20.864583333333332,0,571,10000.0,-1619.686993224153,8380.313006775847,-16.19686993224153,16.943591921601858,210.389765216,29.60322800814719,-1590.083765215999,3586.762127505373,-5206.449120729524,45.984129839812475,-48.20786222897708,54.03068843047209,-64.87519607571207,0.688907553753795,0.41935483870967744,-0.187593560213782,-0.3294574474383279,-0.04754591637776211,-0.16305870773028572,0.024534852483496284,11.629032258064516,237.17372881280588,0.25964374952792835,0.0,maker/maker (floor),1.0,2.0,4.72
BANKUSD,wpr_only,5,1,d4527a09260f,6009,1398,ok,64,3.067398901647529,20.864583333333332,0,121,10000.0,-214.312232902069,9785.687767097927,-2.14312232902069,5.321925322048816,46.783126296,-33.7168933939327,-248.02912629600542,1510.8429634632037,-1725.1551963652728,50.361432115440124,-50.73985871662567,61.62188203465719,-59.33137677110653,0.8757722010439389,0.46875,-0.06524553267996483,-0.31605282945124125,0.19013444330243623,-0.05060906818131316,0.014636464498651703,37.21875,398.84989272060295,0.15455644623730047,0.0,maker/maker (floor),1.0,4.0,4.72
BANKUSD,wpr_only,5,1,461613bee59c,6009,2081,ok,139,6.662006989515727,20.864583333333332,0,407,10000.0,-1319.2052484525852,8680.794751547412,-13.19205248452585,17.393137989431473,160.675264748,-25.801016295419007,-1345.0062647479972,3589.296210940013,-4908.501459392598,94.45516344578982,-48.599024350421764,108.2537209842427,-65.1662443507789,0.7312407341902207,0.2733812949640288,-0.19925701869803597,-0.40190750397947456,0.039390210314538494,-0.17434708448370603,0.024909934214329868,20.834532374100718,231.4160088452329,0.26356886561539317,0.0,maker/maker (floor),2.0,2.0,4.72
BANKUSD,wpr_only,5,1,247ec2c731ff,6009,1398,ok,41,1.965052421367948,20.864583333333332,0,51,10000.0,130.15492856178687,10130.154928561782,1.3015492856178688,4.910014801087306,30.167625592,-3.988554153787103,126.1663744080015,1503.075212537623,-1372.9202839758357,100.20501416917486,-52.80462630676291,117.11099483330776,-65.38411548767276,1.0948015191274414,0.36585365853658536,0.07195759300327054,-0.3717343344307841,0.5290732532751214,0.08630980334885535,0.014352210345584851,69.53658536585365,444.14075845575644,0.15161781110417188,0.0,maker/maker (floor),2.0,4.0,4.72
BANKUSD,adx_only,5,1,8822505d8858,6009,162,ok,58,2.779830254618073,20.864583333333332,0,33,10000.0,-181.72103404679157,9818.278965953203,-1.8172103404679156,4.222127152692645,62.634486848,13.984547198789096,-167.736486848009,1379.1012678348122,-1560.8223018816036,49.253616708386154,-52.02741006272012,56.81653294022826,-71.80279885223915,0.8835735279873161,0.4827586206896552,-0.059449609795287045,-0.3166186846282993,0.2071687284730447,-0.03769618502308944,0.021753424772197594,13.03448275862069,267.7133116239494,0.2299347539533227,0.0,maker/maker (floor),1.0,2.0,4.72
BANKUSD,adx_only,5,1,88d2c6a947a0,6009,104,ok,23,1.1023464802795806,20.864583333333332,0,8,10000.0,44.2236169283779,10044.223616928386,0.442236169283779,2.5062303354161197,16.846518508,-13.045135436377599,31.17848149200654,601.3573355958733,-557.1337186674954,50.11311129965611,-50.64851987886322,56.58284203964844,-62.36135079647913,1.079377024665009,0.5217391304347826,0.041544169340742856,-0.38128491650589774,0.46479830944259287,0.05612642505717714,0.014582255716434296,44.30434782608695,389.1366031617345,0.15412686179267274,0.0,maker/maker (floor),1.0,4.0,4.72
BANKUSD,adx_only,5,1,b5acf63ba5bf,6009,162,ok,50,2.3964053919121318,20.864583333333332,0,24,10000.0,146.83232251165117,10146.832322511662,1.4683232251165117,6.616573977145992,53.492122259999995,-10.175444771652508,136.65687774000799,1805.275458755221,-1658.4431362435703,100.29308104195673,-51.82634800761157,113.84740506772638,-71.80279885223915,1.088536241793753,0.36,0.0644294712533216,-0.30823464528762023,0.4941965146814224,0.08589340736750176,0.021463936114180147,24.08,252.8116376719035,0.2268312180882308,0.0,maker/maker (floor),2.0,2.0,4.72
BANKUSD,adx_only,5,1,8f0add012268,6009,104,ok,20,0.9585621567648528,20.864583333333332,0,6,10000.0,271.6485580133975,10271.648558013396,2.716485580133975,2.0572298706166006,15.863318908,-13.438876921397203,258.2096810919993,848.2376418031871,-576.5890837897896,94.24862686702079,-52.41718943543542,105.35301105699504,-63.562918249205126,1.4711302479539032,0.45,0.2732570096543637,-0.33384638969082836,0.9065749848255612,0.28883578676142707,0.015578777107063475,77.3,316.684571958206,0.16459054365785925,0.0,maker/maker (floor),2.0,4.0,4.72
ETHUSD,atr_arm,5,1,ae190a209e26,169475,23918,ok,511,0.8683758666469982,588.4548611111111,21530,693,10000.0,-3048.7489130422346,6951.251086957776,-30.487489130422347,31.399992401676734,2224.039583534,-3.4341704917910496,-3052.1830835340097,9527.744814857571,-12576.493727899804,38.730669979095815,-47.45846689773511,45.87470260799939,-57.320366150000794,0.7575835539695089,0.48140900195694714,-0.14033638043874988,-0.22932231591042,-0.05033681323182115,-0.016525814472719832,0.12381056596603006,18.031311154598825,121.96657612117376,0.3905753953502326,0.0,taker/taker (current backtest),1.0,2.0,15.8
ETHUSD,atr_arm,5,1,fba2f87a03ea,169475,23895,ok,1437,2.4419884938781533,588.4548611111111,7293,1953,10000.0,-3871.2410965248628,6128.758903475122,-38.71241096524863,42.3995341667756,5620.618157965,-4.492061440127256,-3875.7331579650127,29718.165213884,-33589.40631040887,40.934111864853996,-47.24248426217844,50.564242587119466,-60.071386547421,0.8847481536068343,0.5052192066805845,-0.06585517260082996,-0.11713515510929173,-0.014056998731013872,0.04166048530056884,0.1075156579013988,65.86360473208073,141.19452615424038,0.3388535941412697,0.0,taker/taker (current backtest),1.0,4.0,15.8
ETHUSD,atr_arm,5,1,5104b68fd7d7,169475,23918,ok,424,0.7205310517775484,588.4548611111111,20542,571,10000.0,-1729.413395795295,8270.586604204686,-17.29413395795295,22.050180630362973,2231.176034301,-5.375638505740852,-1734.7890343010513,13054.097718932182,-14783.51111472748,88.20336296575799,-53.56344606785319,100.28377671300014,-59.98373595000059,0.8830174116030908,0.3490566037735849,-0.08473768072498003,-0.21936466560498236,0.05146814765763949,0.039169636342125475,0.12390731706710555,41.9622641509434,122.27484391739489,0.39095436469405026,0.0,taker/taker (current backtest),2.0,2.0,15.8
ETHUSD,atr_arm,5,1,1245719458bf,169475,23895,ok,1007,1.7112612479716773,588.4548611111111,5707,1358,10000.0,-3452.1475086452742,6547.852491354759,-34.52147508645274,40.53154736719375,4324.123449627001,34.4030590182856,-3417.7444496269654,26727.136271826817,-30179.28378047209,72.23550343736977,-47.377211586298415,104.02196090399987,-60.99889679999918,0.8856120134010923,0.36742800397219466,-0.08012438057415903,-0.16123552010678371,0.002758511870581354,0.02789573762190124,0.10802011819606029,112.15392254220457,138.87891195555875,0.3404357236674097,0.0,taker/taker (current backtest),2.0,4.0,15.8
ETHUSD,wpr_only,5,1,5536e003be2a,169475,75623,ok,666,1.1317775483109604,588.4548611111111,66406,2688,10000.0,-1445.3198927002884,8554.680107299708,-14.453198927002884,16.426040523134088,3018.623324902,15.68006779827135,-1340.9712523330163,14454.779596318433,-15900.09948901872,41.064714762268274,-50.6372595191679,47.58874436205233,-57.320366150000794,0.909099946594769,0.5285285285285285,-0.04430676322575191,-0.12053501585489113,0.035521296991499425,0.0797430650334924,0.1240498282592443,20.683183183183182,120.11616446462396,0.3912231496687113,0.15015015015015015,taker/taker (current backtest),1.0,2.0,15.8
ETHUSD,wpr_only,5,1,d4527a09260f,169475,75530,ok,1514,2.5728396518660572,588.4548611111111,19072,6037,10000.0,-4544.8376757842225,5455.162324215771,-45.448376757842226,48.386906051411124,5267.310373109,-0.9641973247637488,-4545.801873108983,27543.445576623435,-32088.28325240766,36.38500076172184,-42.388749342678544,49.84783593900014,-60.03883295999974,0.8583645737593888,0.5,-0.07804304681688334,-0.12649691402054547,-0.02695556946429488,0.027567853381255853,0.10561090019813921,72.61030383091149,146.86757774953946,0.3326394250531109,0.0,taker/taker (current backtest),1.0,4.0,15.8
ETHUSD,wpr_only,5,1,461613bee59c,169475,75623,ok,517,0.8785720607759256,588.4548611111111,62123,2058,10000.0,-2506.6473286067817,7493.352671393211,-25.066473286067815,26.556914889354076,2394.550284723,12.258543883777197,-2494.388784723008,13611.188096727245,-16117.835425334028,77.77821769558426,-47.12817375828663,97.10693376999986,-57.81788400000068,0.8444799030106218,0.33849129593810445,-0.10708724275918699,-0.221774633745351,0.018788085869112067,0.01653747234612818,0.12362471510531518,48.63056092843327,120.12325690708727,0.38989855323049366,0.0,taker/taker (current backtest),2.0,2.0,15.8
ETHUSD,wpr_only,5,1,247ec2c731ff,169475,75530,ok,1030,1.750346658799233,588.4548611111111,15783,4056,10000.0,-2698.9355867815348,7301.064413218455,-26.989355867815345,35.06040056313201,4169.300878656,21.306208125531,-2677.6293786560273,25885.57554964185,-28584.51113642339,66.37327064010731,-44.663298650661545,104.25075243979664,-60.582223459999426,0.9055804881916465,0.3786407766990291,-0.056898140392735407,-0.13544378233733073,0.0258189995349867,0.04852670168426955,0.10542484207700495,119.35533980582524,144.9404353620829,0.332097620139259,0.0,taker/taker (current backtest),2.0,4.0,15.8
ETHUSD,adx_only,5,1,8822505d8858,169475,6843,ok,357,0.6066735506711904,588.4548611111111,6018,239,10000.0,-906.6751056877899,9093.324894312198,-9.0667510568779,15.904212092579126,1768.269813571,-9.102707883224848,-915.7778135710323,8626.08596472775,-9532.76107041554,46.12880195041578,-56.07506512009141,50.52745962000012,-60.45606220499987,0.9048885103706615,0.5238095238095238,-0.05077119799314078,-0.15439412743978317,0.052256366502223754,0.07049874100242699,0.12126993899556779,18.515406162464988,126.58850738740468,0.38262826973900615,0.0,taker/taker (current backtest),1.0,2.0,15.8
ETHUSD,adx_only,5,1,88d2c6a947a0,169475,6829,ok,1113,1.8913940109160643,588.4548611111111,2181,779,10000.0,-2516.464080022939,7483.535919977096,-25.16464080022939,28.36124236485615,4380.571832452,16.590747570940653,-2499.873332451968,23798.03472676075,-26314.49880678369,41.82431410678515,-48.37224045364649,49.53568105400004,-58.05237004999975,0.9043696747370992,0.5112309074573226,-0.04971192620870317,-0.10917768226257339,0.0103015390378156,0.055121684381994815,0.10483361059069798,69.38903863432165,146.99921636447309,0.33039069943501054,0.0,taker/taker (current backtest),1.0,4.0,15.8
ETHUSD,adx_only,5,1,b5acf63ba5bf,169475,6843,ok,305,0.5183065348871515,588.4548611111111,5815,238,10000.0,-1015.183036162922,8984.816963837053,-10.15183036162922,16.45829174329659,1533.0135547300001,-26.257018567095756,-1041.4400547300374,9341.287828641656,-10356.470864804578,87.30175540786594,-52.30540840810393,95.78247806399959,-58.2224216600004,0.901975967545767,0.35081967213114756,-0.06513152493715516,-0.2332834719880919,0.10317116066461293,0.0576468439992048,0.12277836893635993,42.34098360655738,124.55701480091771,0.3872883898608526,0.0,taker/taker (current backtest),2.0,2.0,15.8
ETHUSD,adx_only,5,1,8f0add012268,169475,6829,ok,806,1.3696887446526036,588.4548611111111,1912,539,10000.0,-2565.9123547654845,7434.087645234522,-25.659123547654843,30.837980694028378,3313.270803177,11.311551588485454,-2554.6008031769816,20510.56456072125,-23076.47691548673,68.3685485357375,-45.605685603728716,100.79669692799993,-58.470012999999746,0.888808314884345,0.37220843672456577,-0.06954011117602937,-0.16106065424652327,0.026896493026083,0.03523684500889347,0.10477695618492285,118.3970223325062,146.8140396951796,0.33009100919314627,0.0,taker/taker (current backtest),2.0,4.0,15.8
ETHUSD,atr_arm,5,1,ae190a209e26,169475,23918,ok,1707,2.9008172296798937,588.4548611111111,16461,2379,10000.0,-4857.834915267891,5142.165084732093,-48.57834915267891,52.04460351462031,5617.938295342001,1.2706199258923485,-4692.487561492019,31929.558733019512,-36787.3936482874,37.0842726283618,-43.48391684194728,51.1551707379999,-60.35964115499883,0.8679483803144059,0.5043936731107206,-0.07543892051717019,-0.12778856573524836,-0.026413333106575978,0.04103705661311849,0.11647597713028869,15.648506151142355,83.65543898398725,0.5660317971186067,0.11716461628588166,maker/taker (YOUR execution),1.0,2.0,10.26
ETHUSD,atr_arm,5,1,fba2f87a03ea,169475,23895,ok,2036,3.459908541082756,588.4548611111111,2079,2781,10000.0,-2083.0304797660206,7916.9695202339635,-20.830304797660208,27.553688713207023,6153.1595207420005,-4.895040975976663,-1981.8013499900198,47293.56357135471,-49376.59405112073,44.6165694069384,-50.5907725933614,52.36647618799959,-61.58010526799932,0.9578134028926861,0.5206286836935167,-0.020309661334385033,-0.0636650714346833,0.023076466013008102,0.06808058064015383,0.08839024197453889,59.6090373280943,119.27367808744134,0.4293777002987825,0.04911591355599214,maker/taker (YOUR execution),1.0,4.0,10.26
ETHUSD,atr_arm,5,1,5104b68fd7d7,169475,23918,ok,1341,2.278849387815312,588.4548611111111,14772,1874,10000.0,-3028.7922816443065,6971.207718355731,-30.287922816443064,38.58307141482864,5479.270205558,12.68557608629755,-2905.611106411995,38938.133724482446,-41966.926006126756,82.84709303081371,-48.182463841706955,104.79977473200017,-60.36780281999902,0.9278290651737958,0.3504847129008203,-0.048756794044195424,-0.1275825327109467,0.03001424813425003,0.067816122450982,0.11657291649517744,33.17225950782998,83.10135065470705,0.5666191424119094,0.07457121551081282,maker/taker (YOUR execution),2.0,2.0,10.26
ETHUSD,atr_arm,5,1,1245719458bf,169475,23895,ok,1301,2.210874760289128,588.4548611111111,1739,1791,10000.0,-3308.659376319658,6691.34062368037,-33.08659376319658,42.44960518015512,3922.3246095140003,17.372766805666952,-3291.2866095139843,32914.85402045872,-36223.51339677838,70.63273394948223,-43.38145316979446,107.08766940408316,-61.313857875000345,0.9086598988872813,0.35818601076095313,-0.0574410495344299,-0.1325731292995953,0.015971420575540938,0.03029654072824026,0.08773759026267017,103.9108378170638,120.01582626280471,0.42605986824180675,0.0,maker/taker (YOUR execution),2.0,4.0,10.26
ETHUSD,wpr_only,5,1,5536e003be2a,169475,75623,ok,2063,3.5057914146629297,588.4548611111111,49176,8469,10000.0,-5224.167794824943,4775.832205175077,-52.24167794824942,54.943439235651596,5887.2162590749995,-3.699964250064702,-4955.907163409984,33378.226665808346,-38602.394460633295,31.879872651201858,-37.99448273684379,48.060987399999995,-57.521172659999294,0.8646672604687112,0.5075133301017936,-0.06928616695122045,-0.11687779240171113,-0.02311647840987636,0.04702047924631698,0.11630664619753744,18.219098400387786,83.62346663195854,0.5649355860192713,0.19389238972370335,maker/taker (YOUR execution),1.0,2.0,10.26
ETHUSD,wpr_only,5,1,d4527a09260f,169475,75530,ok,2047,3.478601563652456,588.4548611111111,4904,8221,10000.0,-4577.811044551467,5421.318555942566,-45.77811044551467,51.591857018482045,4809.219913696001,-3.0498691445078947,-4581.731313201928,36285.49892685007,-40863.30997140154,35.331547153700164,-40.06206859941327,52.75573903799994,-62.05876014615596,0.8879725835289584,0.5017098192476795,-0.05753413425817653,-0.10250921800681316,-0.0150004719263352,0.028082310771807593,0.08561644502998411,66.21446018563752,125.54753531988344,0.4155300475765037,0.0,maker/taker (YOUR execution),1.0,4.0,10.26
ETHUSD,wpr_only,5,1,461613bee59c,169475,75623,ok,1533,2.605127599940994,588.4548611111111,42290,6237,10000.0,-1869.7719692668236,8130.228030733199,-18.697719692668237,41.76948561950397,5929.680457708,55.14901155883565,-1814.6229577079657,43206.92684852567,-45076.69881779249,78.13187495212598,-45.99663144672703,105.07289777999894,-62.25642908999963,0.9585202107007714,0.3607305936073059,-0.02162897937652461,-0.09645845897780561,0.05712481224629052,0.09455190293648402,0.11618088231300865,38.40965427266797,83.49985726519994,0.5646147700422742,0.0,maker/taker (YOUR execution),2.0,2.0,10.26
ETHUSD,wpr_only,5,1,247ec2c731ff,169475,75530,ok,1325,2.2516595368048384,588.4548611111111,4170,5303,10000.0,-1739.4962297318402,8259.17336687811,-17.394962297318404,31.025314469011644,4428.232653241,136.7995764908623,-1604.0270566310282,39270.88304017522,-41010.37926990707,78.0733261236088,-49.89097234781882,113.766602759113,-64.2348327869992,0.9575840004238081,0.379622641509434,-0.024212573339074926,-0.09622281752231118,0.04938515310888188,0.06024698397609125,0.08445955731516619,109.64754716981132,127.84565057747574,0.41025287015620926,0.0,maker/taker (YOUR execution),2.0,4.0,10.26
ETHUSD,adx_only,5,1,8822505d8858,169475,6843,ok,1135,1.9287800560554655,588.4548611111111,4293,771,10000.0,-2819.7694804608645,7180.230519539137,-28.19769480460865,29.911526983874314,4024.2036068760003,27.620373584852196,-2792.1491068760142,23885.535508104476,-26705.30498856534,41.04043901736164,-48.29169075689935,49.5374416319998,-57.94555401700121,0.8944116353785051,0.5127753303964758,-0.05573945122841939,-0.11645926790519782,0.0017939340294777478,0.05719846169680813,0.11293791292522751,17.122466960352423,87.03038404767747,0.549061011718345,0.0,maker/taker (YOUR execution),1.0,2.0,10.26
ETHUSD,adx_only,5,1,88d2c6a947a0,169475,6829,ok,1574,2.674801593155333,588.4548611111111,605,1133,10000.0,-2063.0675298378437,7936.932470162235,-20.63067529837844,30.716355166211468,4576.636422935,-8.497393097179241,-2071.564922934982,35654.73048561826,-37717.798015456094,44.0181857847139,-49.36884556996871,52.993462521999675,-60.95467781899895,0.9453025457903872,0.5146124523506989,-0.026952435955894583,-0.07955326842756982,0.025392199916776395,0.05954308576498959,0.08649552172088419,61.406607369758575,121.23446534515325,0.42020747401570946,0.0,maker/taker (YOUR execution),1.0,4.0,10.26
ETHUSD,adx_only,5,1,b5acf63ba5bf,169475,6843,ok,945,1.6059005753060924,588.4548611111111,4015,674,10000.0,-966.465426562159,9033.534573437799,-9.664654265621591,18.561305107257915,3999.5301037400004,24.490822822148303,-941.9746037400564,30126.438886717027,-31092.904313279185,88.60717319622655,-51.39323026988295,97.62856940800013,-60.845425054922266,0.9689168494256936,0.35978835978835977,-0.016150748206832433,-0.1101291274095041,0.07725830641449943,0.09766581014311966,0.11381655834995208,34.076190476190476,85.68118063178409,0.553296387530153,0.0,maker/taker (YOUR execution),2.0,2.0,10.26
ETHUSD,adx_only,5,1,8f0add012268,169475,6829,ok,1137,1.9321787874317746,588.4548611111111,504,749,10000.0,-2948.96289719384,7051.0371028061745,-29.4896289719384,33.8483310276701,3551.0058776970004,46.7820194968282,-2902.1808776970165,30182.910294408422,-33131.873191602266,73.25949100584569,-45.69913543669278,101.12606922599959,-58.34141823000029,0.9109931732461991,0.3623570800351803,-0.05725187935773489,-0.13490528058607837,0.027598596994410085,0.02909733349085156,0.08634921284858647,101.8117854001759,121.18826930123383,0.4194015666586016,0.0,maker/taker (YOUR execution),2.0,4.0,10.26
ETHUSD,atr_arm,5,1,ae190a209e26,169475,23918,ok,4911,8.345584894527217,588.4548611111111,3922,7049,10000.0,-8153.645784087522,1846.3542159125097,-81.53645784087522,82.36116949425409,13222.926146408001,-0.7933623204699947,-7862.77299586801,70342.33938647689,-78495.98517056441,28.00252364111341,-32.72029394354498,49.797068859999904,-59.022716940000464,0.8961265883042245,0.5115047851761352,-0.06657534546683927,-0.09417737522077134,-0.03795720171528688,0.023790166277002638,0.09036551174384191,13.225208715129302,52.780782573016864,0.9549845130211485,0.08144980655670943,maker/maker (floor),1.0,2.0,4.72
ETHUSD,atr_arm,5,1,fba2f87a03ea,169475,23895,ok,2314,3.932332202389733,588.4548611111111,132,3152,10000.0,-1391.412023560938,8608.587976438996,-13.914120235609381,26.17300647045467,5615.492274086,-107.00775052502588,-1389.305029082021,57677.205982994186,-59068.618006555116,48.184800319961724,-52.88148433890342,58.507519343702555,-64.39328758138548,0.9764441412289937,0.517286084701815,-0.010438571996139649,-0.050660458333612365,0.03155784306629293,0.03712694458690655,0.0475655165830462,56.39930855661193,110.22414278066972,0.5026144164274172,0.043215211754537596,maker/maker (floor),1.0,4.0,4.72
ETHUSD,atr_arm,5,1,5104b68fd7d7,169475,23918,ok,3501,5.949479274229238,588.4548611111111,3026,5072,10000.0,-5366.95836211192,4633.041637888126,-53.6695836211192,66.3010706363662,13556.59415629,-67.82329417803633,-5192.339886053929,102947.5994284054,-108314.55779051734,83.90187402478028,-47.63173165809909,130.16444607,-77.30221637599924,0.9504502582885327,0.350471293916024,-0.03889044634738417,-0.08956822422284029,0.006966515690350568,0.05056715444740216,0.08945760079478632,26.489860039988574,53.731913210687125,0.9463721612081202,0.057126535275635534,maker/maker (floor),2.0,2.0,4.72
ETHUSD,atr_arm,5,1,1245719458bf,169475,23895,ok,1485,2.523558046909574,588.4548611111111,122,2013,10000.0,-1085.9987127364798,8914.001287263533,-10.859987127364798,35.519726537739174,3424.669193158,-18.07698042151612,-972.77868656602,45250.290495577196,-46336.289208313676,83.18068105804632,-49.24154007259689,117.96376082793532,-64.17843939218399,0.9765626740662342,0.36632996632996634,-0.01078720707099662,-0.07917475383913926,0.06175647627513754,0.03742665492382563,0.04821386199482224,96.86868686868686,110.19466617986383,0.5093696237785365,0.06734006734006734,maker/maker (floor),2.0,4.0,4.72
ETHUSD,wpr_only,5,1,5536e003be2a,169475,75623,ok,5642,9.587821212568226,588.4548611111111,9785,23943,10000.0,-9031.64312011245,968.0144278395562,-90.3164312011245,91.21871789669466,11836.385627685999,19.96499242648855,-8750.709802363968,63661.82083856409,-72693.46395867656,22.368875909544656,-25.999092975206207,51.24668590487553,-60.33296637,0.8757571502542979,0.5044310528181496,-0.08063277125103073,-0.10721240750221972,-0.05456424242795714,0.00872276877876314,0.08935554002979389,15.141616448068062,54.30243091506385,0.9429382213548081,0.07089684509039348,maker/maker (floor),1.0,2.0,4.72
ETHUSD,wpr_only,5,1,d4527a09260f,169475,75530,ok,2256,3.8337689924767666,588.4548611111111,214,9152,10000.0,-3309.745444421839,6689.181213182124,-33.097454444218386,39.80226013773983,4148.526148680001,10.306295741850505,-3200.5220943799895,44088.237561585556,-47397.9830060074,38.74186077467975,-42.39533363685814,53.360210823796635,-56.57020786112401,0.9301711753430023,0.5044326241134752,-0.03323906748280413,-0.07358874313605264,0.0068116385414998945,0.011780849089680825,0.04501991657248494,63.60150709219858,117.70698184967799,0.4753830776105877,0.044326241134751775,maker/maker (floor),1.0,4.0,4.72
ETHUSD,wpr_only,5,1,461613bee59c,169475,75623,ok,3667,6.2315739784629,588.4548611111111,6598,15440,10000.0,-6654.250159961849,3344.518572814135,-66.54250159961849,73.47750708521023,9776.337710794,44.5719491678948,-6520.588167217973,75029.67414788071,-81683.92430784256,59.21836949319709,-34.03496846160107,107.33307816,-63.12598542599912,0.9185366004835425,0.345514044177802,-0.05477584384068802,-0.09893715063529658,-0.007681090795293585,0.03190890412176481,0.08668474796245283,31.172893373329696,56.17423869123849,0.9162346905704527,0.02727024815925825,maker/maker (floor),2.0,2.0,4.72
ETHUSD,wpr_only,5,1,247ec2c731ff,169475,75530,ok,1432,2.4334916654373804,588.4548611111111,155,5760,10000.0,-469.61864994750505,9528.766742128475,-4.696186499475051,27.085172340700204,2988.084642662,63.358507285515344,-407.8747505860283,41852.120167146815,-42321.73881709433,76.79288104063636,-47.71334703167343,107.93241800223544,-58.49049770488834,0.9889036069151812,0.38058659217877094,-0.0021143515678172567,-0.07027008746249845,0.06749822756456061,0.04238845817003379,0.04450280973785104,106.75139664804469,121.19462754130689,0.47002558074177425,0.0,maker/maker (floor),2.0,4.0,4.72
ETHUSD,adx_only,5,1,8822505d8858,169475,6843,ok,2809,4.773518218026258,588.4548611111111,728,1963,10000.0,-5565.44163084319,4434.558369156807,-55.6544163084319,59.7608309696269,9195.018455252,-6.453824408814196,-5438.325677964027,52705.54225547363,-58270.983886316826,36.49968300240556,-42.68936548448119,51.67655644800012,-61.04809000799906,0.9044903439128291,0.514061943752225,-0.05547865308052412,-0.09182473361054647,-0.01852028917820368,0.028959086552668083,0.08443773963319219,14.53186187255251,57.13221138918101,0.8930990726547668,0.0711997152011392,maker/maker (floor),1.0,2.0,4.72
ETHUSD,adx_only,5,1,88d2c6a947a0,169475,6829,ok,1774,3.014674730786252,588.4548611111111,38,1279,10000.0,-2538.5120731124875,7461.487926887546,-25.38512073112488,35.60928398424047,3864.846338968,24.178734144483148,-2514.3333389679883,40440.98166891745,-42979.49374202994,45.18545437867871,-48.8958973174402,54.74049974799966,-59.5893303,0.9409366688135262,0.5045095828635852,-0.030635776173046733,-0.07997532444265004,0.01615368027469126,0.015660132860465643,0.04629590903351237,57.67812852311161,112.62367134649975,0.4891893557257309,0.0,maker/maker (floor),1.0,4.0,4.72
ETHUSD,adx_only,5,1,b5acf63ba5bf,169475,6843,ok,2236,3.799781678713675,588.4548611111111,624,1593,10000.0,-3480.7662717643793,6519.233728235688,-34.807662717643794,39.294828510164095,7816.249994375999,-18.032722611633297,-3498.7989943759603,62268.92797727462,-65749.69424903899,79.22255467846644,-45.34461672347517,101.36577488400019,-59.87858636799908,0.9470603428423511,0.35152057245080504,-0.03318274351934583,-0.09016115380393985,0.024430546147624754,0.051240469953047256,0.08442321347239307,28.107781753130592,57.13709301524965,0.89296895199526,0.0,maker/maker (floor),2.0,2.0,4.72
ETHUSD,adx_only,5,1,8f0add012268,169475,6829,ok,1267,2.153096326891872,588.4548611111111,34,828,10000.0,-1081.1288465517964,8918.87115344822,-10.811288465517963,24.64090345313899,2766.29326114,18.813585411796588,-1062.3152611399746,37761.497492180344,-38842.62633873214,81.55830991831608,-48.31172430190564,106.14817393199976,-59.65367532400065,0.9721664328996791,0.3654301499605367,-0.013577962124443484,-0.0907141324833599,0.06440003200289358,0.03238557184314751,0.04596353396759099,95.69376479873718,113.81418092909469,0.48548210301089645,0.0,maker/maker (floor),2.0,4.0,4.72
SOLUSD,atr_arm,5,1,ae190a209e26,169475,24820,ok,722,1.2269420268476177,588.4548611111111,21322,1013,10000.0,-2275.7586438379362,7724.241356162078,-22.757586438379363,25.05828100365191,3236.955385576,-4.5998417380937,-2280.358485576019,15485.833535770686,-17761.59217960862,41.74079120153824,-50.602826722531674,47.718641663999854,-57.49563603099965,0.8718719233712257,0.5138504155124654,-0.07056995200723873,-0.1439063772501354,0.002001364239623063,0.05032348667053454,0.12089343867777326,15.12742382271468,123.98156469649953,0.37459890984341154,0.0,taker/taker (current backtest),1.0,2.0,15.8
SOLUSD,atr_arm,5,1,fba2f87a03ea,169475,24744,ok,1739,2.955196931700841,588.4548611111111,5790,2384,10000.0,-5180.001935174001,4819.998064826029,-51.80001935174001,54.42249271046889,5735.6148216868005,16.601913487187574,-5085.309449683994,30862.688224660793,-36042.69015983479,35.433625975500334,-41.52383658967142,51.03468505360001,-59.73507670374005,0.8562814842010189,0.5008625646923519,-0.08311383716590257,-0.13105153617868107,-0.03690270065315982,0.02179459109788672,0.10490842826378927,58.441633122484184,145.78127800444923,0.32305654907559905,0.05750431282346176,taker/taker (current backtest),1.0,4.0,15.8
SOLUSD,atr_arm,5,1,5104b68fd7d7,169475,24820,ok,594,1.0094232187638295,588.4548611111111,20011,838,10000.0,-1699.7338707897875,8300.2661292102,-16.997338707897875,22.14616700783328,2994.5961039236,3.415166866167822,-1696.318703923631,18542.77236429727,-20242.506235087058,88.72139887223574,-52.577938272953396,101.0407056453882,-59.55131641500003,0.9160314512911658,0.35185185185185186,-0.05789693347725255,-0.1727305754979975,0.057749766199760404,0.06433713479097014,0.1222340682682227,37.294612794612796,122.53153904736402,0.379060615309438,0.0,taker/taker (current backtest),2.0,2.0,15.8
SOLUSD,atr_arm,5,1,1245719458bf,169475,24744,ok,1151,1.955969907065939,588.4548611111111,4777,1565,10000.0,-2248.169112135188,7751.830887864831,-22.481691121351876,27.305956078955756,5012.516344469201,36.01346766597288,-2212.155644469194,33699.36710754095,-35947.53621967614,78.37062118032779,-49.85788657375332,100.02355049162458,-59.879807567999705,0.9374597163378157,0.3735881841876629,-0.03846431565937672,-0.11710519726373879,0.04220293754769128,0.06577012640724042,0.10423444206661713,102.92354474370113,147.37288428922557,0.3224169829117386,0.0,taker/taker (current backtest),2.0,4.0,15.8
SOLUSD,wpr_only,5,1,5536e003be2a,169475,73308,ok,920,1.5634164331022276,588.4548611111111,60634,3708,10000.0,-2512.426070159576,7487.573929840455,-25.12426070159576,34.13360229882006,4262.4425711431995,9.516799016368502,-2417.861687967178,20491.853953392158,-23004.280023551735,42.95986153750977,-51.928397344360576,52.85244348960002,-64.35445468200037,0.8907844076151324,0.5184782608695652,-0.06157976410834942,-0.1298719795402537,0.006716055122214797,0.06046891108488426,0.12204867519323369,17.464130434782607,121.93035860532993,0.3785339634545925,0.10869565217391304,taker/taker (current backtest),1.0,2.0,15.8
SOLUSD,wpr_only,5,1,d4527a09260f,169475,73048,ok,1845,3.135329694645228,588.4548611111111,14215,7039,10000.0,-3793.2674991208964,6206.73250087916,-37.93267499120896,42.48949522708635,6286.2317804350005,23.24451868591436,-3770.0229804349183,35289.64658364398,-39082.91408276488,37.14699640383577,-43.668060427670255,49.46026968640009,-59.56076871736431,0.9029430740223722,0.5149051490514905,-0.051295953416563865,-0.09731914981739362,-0.004068831969265213,0.05213204980790702,0.10342800322447088,62.28021680216802,150.23400370052366,0.3187291599042907,0.0,taker/taker (current backtest),1.0,4.0,15.8
SOLUSD,wpr_only,5,1,461613bee59c,169475,73308,ok,718,1.2201445640949993,588.4548611111111,56370,2873,10000.0,-4157.9548986856025,5842.045101314413,-41.579548986856025,46.662343698609035,3137.8851297346,-6.090631049007739,-4164.045529734603,17830.075990269477,-21988.03088895508,77.18647614835271,-45.149960757607964,101.84314765440062,-60.90126541500023,0.8108991696580613,0.32172701949860727,-0.1471481326056686,-0.24958672910599197,-0.04787616435754152,-0.0246845031044305,0.12246362950123808,39.7075208913649,120.86305179360403,0.3791206479554215,0.0,taker/taker (current backtest),2.0,2.0,15.8
SOLUSD,wpr_only,5,1,247ec2c731ff,169475,73048,ok,1219,2.0715267738604517,588.4548611111111,11489,4610,10000.0,-3779.293366611464,6220.706633388537,-37.79293366611464,47.924883799797335,4700.840637223,43.697129388480334,-3735.5962372229824,31256.836655946267,-35036.13002255773,71.03826512715061,-44.97577666567103,105.5800005391994,-61.56927176399961,0.8921315406645027,0.3609515996718622,-0.07654602843574888,-0.15500366669581164,0.005712523284023931,0.026018488673163566,0.10256451710891247,105.43560295324036,151.55891195757678,0.3162955309830041,0.0,taker/taker (current backtest),2.0,4.0,15.8
SOLUSD,adx_only,5,1,8822505d8858,169475,6115,ok,424,0.7205310517775484,588.4548611111111,5139,294,10000.0,-2047.0756487890476,7952.924351210941,-20.470756487890476,30.5764694492623,1977.7887198172002,0.593828971838001,-2046.4818198172106,9206.74216534465,-11253.8178141337,43.841629358784054,-52.58793371090514,53.02512294640004,-64.10876015999969,0.8180994501067788,0.49528301886792453,-0.10836072286208516,-0.2032039488754271,-0.013114995988353086,0.011060005240232235,0.11942072810231742,18.07547169811321,125.26014878620907,0.37034910800486065,0.0,taker/taker (current backtest),1.0,2.0,15.8
SOLUSD,adx_only,5,1,88d2c6a947a0,169475,6092,ok,1276,2.1683906180852635,588.4548611111111,1392,820,10000.0,-2398.883403436044,7601.11659656394,-23.988834034360437,29.25215870048863,4572.9896557898,20.542247646227736,-2378.341155789837,25624.116047208296,-28022.99945064434,38.47464871953198,-45.939343361712034,49.07178260997126,-57.9980920356801,0.9143959087013119,0.5219435736677116,-0.040987061937071106,-0.09266834934783044,0.013583617819289575,0.06249490634302982,0.10348196828010091,63.13479623824451,149.96059983591584,0.3192484605729881,0.0,taker/taker (current backtest),1.0,4.0,15.8
SOLUSD,adx_only,5,1,b5acf63ba5bf,169475,6115,ok,376,0.6389614987461277,588.4548611111111,4976,249,10000.0,-2629.5160658264476,7370.483934173538,-26.29516065826448,32.935761898885154,1753.3092415044,8.162824322041802,-2621.353241504411,9938.75835693596,-12568.274422762406,84.22676573674542,-48.714241948691495,102.05913870640008,-60.459744757999914,0.7907814567555806,0.31382978723404253,-0.16111714235630584,-0.30935383896431423,-0.024570746636583374,-0.04129790270769307,0.11981923964861278,40.329787234042556,125.26014878620907,0.37086129835571163,0.0,taker/taker (current backtest),2.0,2.0,15.8
SOLUSD,adx_only,5,1,8f0add012268,169475,6092,ok,901,1.5311284850272902,588.4548611111111,1182,538,10000.0,-1553.9393245245992,8446.06067547542,-15.539393245245991,26.295649249411213,3542.8423878656004,18.45203665900055,-1535.4872878655988,23705.930464945748,-25259.86978947035,68.9125885608888,-45.34985599545844,99.37665528959995,-60.364870056000264,0.9384818948998555,0.38179800221975585,-0.034832976797635994,-0.12625659446382403,0.05332893977083604,0.06797915347641462,0.10281213027405062,110.95227524972253,150.8675748641503,0.31730814143238456,0.0,taker/taker (current backtest),2.0,4.0,15.8
SOLUSD,atr_arm,5,1,ae190a209e26,169475,24820,ok,2263,3.8456645522938486,588.4548611111111,15182,3245,10000.0,-5811.7835402223245,4188.216459777723,-58.11783540222325,60.57966876494737,6782.048755674399,-7.915115452111707,-5819.698655674398,39235.76609975326,-45047.54963997559,34.387174495839844,-40.14933122992476,50.2858569011996,-60.58043024000027,0.8709855788678703,0.5041979673000442,-0.07499228752876115,-0.11824914221280462,-0.030610134513055495,0.03980723469005377,0.11479952221881493,13.490057445868317,84.57598268004325,0.5495245878072408,0.0,maker/taker (YOUR execution),1.0,2.0,10.26
SOLUSD,atr_arm,5,1,fba2f87a03ea,169475,24744,ok,2295,3.9000442543147957,588.4548611111111,1331,3194,10000.0,-4546.506053597471,5453.493946402524,-45.46506053597471,52.7333573197174,5573.7672113786,35.912042218842714,-4316.233478935228,44717.0369147833,-49263.54296838077,38.582430470045985,-43.36579486653237,55.39959937279977,-64.078953774369,0.9077105344104952,0.5050108932461873,-0.05069241598116677,-0.0936003458933667,-0.007965219039953137,0.03272086926616316,0.08341328524732992,53.835729847494555,127.13669794572674,0.3981091319218017,0.08714596949891067,maker/taker (YOUR execution),1.0,4.0,10.26
SOLUSD,atr_arm,5,1,5104b68fd7d7,169475,24820,ok,1750,2.9738899542705415,588.4548611111111,13577,2486,10000.0,-4361.315677843789,5638.684322156207,-43.61315677843789,53.45838852884257,6948.2386616738,9.966116169958877,-4351.349561673829,50016.5401224041,-54377.85580024788,82.80884126225844,-47.45013595135068,114.25247509392075,-68.40996685792588,0.9197961079255371,0.34514285714285714,-0.060363772545890974,-0.1313602737502855,0.009431655867195817,0.05450701747572024,0.11487079002161123,28.388571428571428,84.59408807741747,0.5513667835804075,0.0,maker/taker (YOUR execution),2.0,2.0,10.26
SOLUSD,atr_arm,5,1,1245719458bf,169475,24744,ok,1434,2.4368903968136895,588.4548611111111,1048,2026,10000.0,215.6112002168959,10215.611200216896,2.156112002168959,19.474651713871026,4936.1265559928,79.87504379030636,295.4862440072138,47639.668728075,-47424.0575278581,87.41223619830275,-53.34539654427233,110.28842949323118,-64.67233861199962,1.0045464519793617,0.3800557880055788,0.009030937334854201,-0.06577253273287278,0.07827807140219617,0.09143063571694149,0.08239969838208729,97.03138075313808,129.7462127358161,0.39475230983623943,0.0,maker/taker (YOUR execution),2.0,4.0,10.26
SOLUSD,wpr_only,5,1,5536e003be2a,169475,73308,ok,2792,4.744629001327629,588.4548611111111,41465,11358,10000.0,-5953.265385026003,4046.7346149739724,-59.53265385026003,66.27398436295918,8584.314142108,-13.712557082032479,-5966.977942108055,50341.102326247244,-56294.36771127325,35.35189770101633,-41.15085359011202,57.46938279599988,-67.16638862500017,0.8942475841356003,0.5100286532951289,-0.06314452481183629,-0.10285385136824456,-0.025847260680277054,0.05221398265496348,0.11535850746679976,14.539756446991404,84.14298980893277,0.552480826190258,0.0,maker/taker (YOUR execution),1.0,2.0,10.26
SOLUSD,wpr_only,5,1,d4527a09260f,169475,73048,ok,2365,4.018999852485617,588.4548611111111,2966,9119,10000.0,-3730.369589850338,6269.63041014966,-37.30369589850338,40.39716473487486,5704.552232266,25.906357584363555,-3607.5225070269544,47487.512359038315,-51217.88194888865,39.40872394940939,-44.15334650766263,50.02689836160013,-58.597644914999314,0.9271666564897598,0.5095137420718816,-0.03850019798891805,-0.07954930286494576,0.004503658233469684,0.04237928638294087,0.08087948437185892,57.20211416490486,132.0417713530448,0.38598393938541437,0.042283298097251586,maker/taker (YOUR execution),1.0,4.0,10.26
SOLUSD,wpr_only,5,1,461613bee59c,169475,73308,ok,2026,3.4429148842012096,588.4548611111111,36096,8222,10000.0,-5346.743701648889,4653.256298351086,-53.467437016488894,61.338429241287116,6825.1519785166,-18.71447686770849,-5365.458178516625,48319.01200891305,-53665.75571056195,69.92621130088719,-40.19906794798648,113.08219891760035,-65.27898956700011,0.9003695442120345,0.34106614017769005,-0.07288421065621219,-0.13425226361347256,-0.0072206102740126205,0.04220581283454148,0.11509002349075366,30.558242843040475,83.83376347315333,0.5510524990660141,0.0,maker/taker (YOUR execution),2.0,2.0,10.26
SOLUSD,wpr_only,5,1,247ec2c731ff,169475,73048,ok,1483,2.5201593155332644,588.4548611111111,2357,5626,10000.0,-5225.613733919043,4774.386266080988,-52.256137339190424,57.55337446481177,3800.3124272602,53.016706658871655,-5172.597027260186,34631.309000845205,-39856.92273476425,68.30632939022723,-40.83701099873387,107.39733140480028,-63.87329259200036,0.8688906876054149,0.3418745785569791,-0.09850297295133086,-0.1678563777390895,-0.03155088619123706,-0.019187376369429406,0.07931559658190145,99.04922454484154,136.7281192682116,0.3778226209284994,0.0,maker/taker (YOUR execution),2.0,4.0,10.26
SOLUSD,adx_only,5,1,8822505d8858,169475,6115,ok,1304,2.215972857353592,588.4548611111111,3356,832,10000.0,-1894.9731713436317,8105.0268286563805,-18.949731713436318,25.861705423808136,4799.1860556832,-2.7995843395946087,-1897.772755683216,29765.76342627233,-31660.73659761596,43.453669235434056,-51.14820128855567,51.575448960000244,-61.82835167600042,0.9401475336652048,0.5253067484662577,-0.029578420470423743,-0.08739908061269049,0.028246802753396427,0.08220148278962502,0.11177990326004876,15.32898773006135,87.64108430718255,0.5370177634301821,0.0,maker/taker (YOUR execution),1.0,2.0,10.26
SOLUSD,adx_only,5,1,88d2c6a947a0,169475,6092,ok,1611,2.737678123617053,588.4548611111111,366,1055,10000.0,-1302.2750523546742,8697.7249476453,-13.022750523546742,24.906668529427947,4348.356954571,25.46979778365757,-1276.8052545710325,37152.72710179057,-38455.002154145244,44.1243789807489,-50.00650475181436,51.87516342000023,-61.34643149999991,0.9661350935013719,0.5226567349472377,-0.01489613279945861,-0.06356766427233115,0.03255434772275122,0.06502942921858137,0.07992556201803998,57.183116076970826,131.7991273847209,0.38197430654113834,0.0,maker/taker (YOUR execution),1.0,4.0,10.26
SOLUSD,adx_only,5,1,b5acf63ba5bf,169475,6115,ok,1092,1.8557073314648178,588.4548611111111,3081,709,10000.0,-2875.572263396826,7124.4277366031565,-28.75572263396826,38.313363451061825,4058.9252231416003,11.839640255188813,-2863.732623141641,29438.978005293808,-32314.550268690633,78.08747481510294,-45.19517520096592,99.17949905439974,-57.767149206000184,0.9110130811202114,0.34523809523809523,-0.0577651238109223,-0.1405168651464647,0.029512729995956385,0.05439753293697026,0.11216265674789258,33.265567765567766,86.77749098285176,0.5378876620102877,0.0,maker/taker (YOUR execution),2.0,2.0,10.26
SOLUSD,adx_only,5,1,8f0add012268,169475,6092,ok,1115,1.8947927422923736,588.4548611111111,288,718,10000.0,-1909.8475112748122,8090.152488725201,-19.098475112748122,31.303905131712806,3117.6600905072,38.21962076761022,-1871.6278905072122,29294.49146760669,-31204.338978881508,71.27613495768051,-44.324345140456685,99.0465193917094,-57.85117986000014,0.9387954504478572,0.368609865470852,-0.03537226265341385,-0.1171883589067562,0.044821827386237814,0.044470629112673604,0.07984289176608744,100.96412556053812,132.34663602531268,0.38089910324943566,0.0,maker/taker (YOUR execution),2.0,4.0,10.26
SOLUSD,atr_arm,5,1,ae190a209e26,169475,24820,ok,5678,9.64899837734179,588.4548611111111,2331,8433,10000.0,-9253.936584935458,746.0634150645278,-92.53936584935458,92.6898147503906,11279.63446267,13.396022265453325,-8932.385322396422,65436.21793002436,-74690.15451495981,23.196107029430827,-26.1428612232971,47.21052072360005,-56.4332907457726,0.8761023237261885,0.4968298696724199,-0.09118901115283633,-0.11663174233481664,-0.06470981352044111,-0.006334016727002959,0.08485499442583337,11.648291651990137,57.149045489698075,0.8801387808259142,0.12328284607256076,maker/maker (floor),1.0,2.0,4.72
SOLUSD,atr_arm,5,1,fba2f87a03ea,169475,24744,ok,2472,4.200831981118159,588.4548611111111,15,3471,10000.0,-3430.936423081978,6567.722009902059,-34.309364230819774,47.57548447881457,4399.5603213304,55.682901751547114,-3181.93263952881,50437.299507964795,-53868.23593104677,40.285382993582104,-44.15429174675965,55.568715226127864,-61.89357779299326,0.9363087288123989,0.5064724919093851,-0.031853152876044066,-0.07077357845573727,0.007833855725473763,0.01084220045911726,0.04269535333516132,52.51092233009709,121.70938852920774,0.44424905849038704,0.08090614886731393,maker/maker (floor),1.0,4.0,4.72
SOLUSD,atr_arm,5,1,5104b68fd7d7,169475,24820,ok,4021,6.833149432069627,588.4548611111111,1764,5989,10000.0,-8067.777742714092,1932.222257285895,-80.67777742714092,82.1189450956701,10627.7677421376,46.10220057647618,-7382.651487414016,85919.33994265152,-93987.11768536562,63.643955513075205,-35.18798865045512,103.19778878719997,-57.51588849280102,0.9141608132965408,0.3357373787615021,-0.07783943866385988,-0.11864487445319936,-0.0360794489246774,0.005875896843946406,0.08371533550780628,23.663765232529222,58.49447209620012,0.8755385238358357,0.14921661278288983,maker/maker (floor),2.0,2.0,4.72
SOLUSD,atr_arm,5,1,1245719458bf,169475,24744,ok,1552,2.6374155480159316,588.4548611111111,10,2166,10000.0,2331.6589394916505,12329.138969015645,23.316589394916505,20.730847095612255,3840.460915038,97.12704547035521,2426.266014486002,58977.056958015484,-56645.39801852383,99.6234070236748,-59.00562293596233,132.3461153918774,-74.70990133799958,1.0411623718969927,0.38144329896907214,0.0331111911081115,-0.04042150564924848,0.10233556239186377,0.07574723741463465,0.04263604630652316,93.13273195876289,124.00115271333965,0.4456730664163063,0.0,maker/maker (floor),2.0,4.0,4.72
SOLUSD,wpr_only,5,1,5536e003be2a,169475,73308,ok,6510,11.062870629886415,588.4548611111111,5957,26552,10000.0,-9167.641525839332,832.0685604326101,-91.67641525839332,92.58347554536228,12879.214571836,12.065754003328053,-9005.122069455272,76096.61310266441,-85264.25462850374,23.19311584963865,-26.40577721539292,53.479449609600024,-61.579292961599634,0.8924796614269047,0.5039938556067588,-0.07591170311125517,-0.10090179726705249,-0.050809255791848175,0.008050654592214887,0.08396235770347003,12.603072196620584,58.251011538406175,0.8716248784774434,0.030721966205837174,maker/maker (floor),1.0,2.0,4.72
SOLUSD,wpr_only,5,1,d4527a09260f,169475,73048,ok,2541,4.318088213600826,588.4548611111111,46,9846,10000.0,-3254.5057470093157,6744.116427406702,-32.545057470093155,37.02076641346711,4446.7385988992,34.01474811014025,-3124.4518203231746,52469.55923882166,-55724.06498583098,40.86414270936267,-44.330998397638005,50.48252821440009,-56.70817808352493,0.9415960456611189,0.5053128689492326,-0.028990268337941657,-0.0689198532852541,0.009879428421441629,0.012337974171508346,0.041328242509450004,55.209366391184574,127.13669794572674,0.430198868507743,0.03935458480913026,maker/maker (floor),1.0,4.0,4.72
SOLUSD,wpr_only,5,1,461613bee59c,169475,73308,ok,4222,7.174721935388701,588.4548611111111,4012,17298,10000.0,-5636.616557536334,4361.825156175641,-56.36616557536334,69.10505183747007,15900.372924077199,-1.2896665408592352,-5307.154054145587,133429.01556635156,-139065.6321238879,90.33785752630438,-50.66143246771872,133.6425987208004,-71.81575842573642,0.9594679399111716,0.3498342018000947,-0.03444368605026789,-0.08031633507802322,0.008380109593729437,0.0475167934297782,0.08196047948004609,26.63713879677878,59.76003702593876,0.8610332508449653,0.047370914258645196,maker/maker (floor),2.0,2.0,4.72
SOLUSD,wpr_only,5,1,247ec2c731ff,169475,73048,ok,1566,2.661206667650096,588.4548611111111,61,5980,10000.0,-4376.751710106484,5622.5386311552265,-43.76751710106484,54.66015402947528,2619.807598226,65.73001188049895,-4311.846938778027,39999.9750398188,-44376.72674992529,74.48784923616164,-43.126070699635854,119.39675699999987,-64.7031465807995,0.9013728133944926,0.342911877394636,-0.0717322453164266,-0.1390570325141952,-0.006126946397872514,-0.03141170306477985,0.04032054225164676,96.52171136653895,132.09566278711662,0.4195828724026382,0.0,maker/maker (floor),2.0,4.0,4.72
SOLUSD,adx_only,5,1,8822505d8858,169475,6115,ok,2782,4.7276353444460835,588.4548611111111,383,1846,10000.0,-4430.164677169944,5569.835322830007,-44.301646771699446,48.44210826685121,8811.3583743988,28.534402771069168,-4253.526035250124,54767.60993062871,-59197.77460779865,37.90146015960464,-44.27657038728396,51.51226346880004,-60.28850990800143,0.9251633240181579,0.5194104960460101,-0.03987675742422093,-0.07605267286761823,-0.003706035779640463,0.03847203024808954,0.07834878767231047,13.13551401869159,62.63344421803919,0.8217552496103617,0.07189072609633358,maker/maker (floor),1.0,2.0,4.72
SOLUSD,adx_only,5,1,88d2c6a947a0,169475,6092,ok,1739,2.955196931700841,588.4548611111111,6,1135,10000.0,418.91825388642064,10418.918253886412,4.189182538864206,16.57957856667677,3663.61215729,48.07948882357442,466.99774271000206,44236.23100610573,-43817.31275221931,48.45151260252544,-53.04759413101611,53.63602693599962,-63.49934131839904,1.0095605647077297,0.5250143760782059,0.007375896378973848,-0.041337857019128114,0.05426876144275501,0.04819005020030712,0.04081415382133327,55.31167337550316,125.98899856830691,0.4256884007900127,0.0,maker/maker (floor),1.0,4.0,4.72
SOLUSD,adx_only,5,1,b5acf63ba5bf,169475,6115,ok,2208,3.752199439445346,588.4548611111111,328,1497,10000.0,-272.6817522421367,9727.318247757858,-2.7268175224213675,28.771546700875533,8133.944280891999,34.76867135009495,-99.05185987606274,71467.26288086435,-71739.9446331065,89.67034238502428,-50.84333425450496,114.4201301976955,-66.86918861182806,0.9961990247743192,0.36096014492753625,0.0027050006947429953,-0.05684982807247926,0.06326880516454743,0.08041128868998561,0.07770628799524264,26.911684782608695,63.182935362597746,0.8156435115823344,0.04528985507246377,maker/maker (floor),2.0,2.0,4.72
SOLUSD,adx_only,5,1,8f0add012268,169475,6092,ok,1202,2.0426375571618234,588.4548611111111,2,772,10000.0,-476.37868236823016,9522.185233963415,-4.7637868236823016,24.039712778218433,2299.3992244135998,47.632457954641716,-430.4159843575526,35130.84863584954,-35607.227318217774,79.30214139017956,-46.91334297525398,100.93301406240037,-59.225347191199106,0.9866212924103612,0.3685524126455907,-0.004735994045776113,-0.08152808983693417,0.07306758450467118,0.03646274954812182,0.04119874359389795,96.82529118136439,125.61533111693933,0.4289488001960269,0.0,maker/maker (floor),2.0,4.0,4.72
BTCUSD,atr_arm,5,1,ae190a209e26,169474,25212,ok,134,0.22771634587016296,588.4513888888889,24447,180,10000.0,39.50636269044557,10039.50636269046,0.3950636269044557,3.8069317569497905,678.625368536,-5.1517312264456,34.3546314640098,3359.9520717648056,-3320.44570907436,45.40475772655143,-55.340761817906,51.744184709477,-60.682656266933996,1.0118979095434326,0.5522388059701493,0.008692737022392885,-0.15987898961628336,0.1839840910137493,0.13548135109809234,0.12678861407569944,23.559701492537314,117.21910762533591,0.3971127108116397,0.0,taker/taker (current backtest),1.0,2.0,15.8
BTCUSD,atr_arm,5,1,fba2f87a03ea,169474,25207,ok,661,1.123287347911774,588.4513888888889,15363,923,10000.0,-2571.924360148699,7428.075639851322,-25.71924360148699,30.194277097902116,2718.417655337,-29.29779518830116,-2601.22215533698,12383.298313039457,-14955.222673188156,37.985577647360294,-44.64245574086017,46.860616475,-57.0897919200555,0.8280250039499802,0.49319213313161875,-0.08850221183954102,-0.16142096433458178,-0.014547161251274834,0.02761685241393599,0.11611906425347703,84.38275340393344,130.6015037593985,0.362993196944175,0.0,taker/taker (current backtest),1.0,4.0,15.8
BTCUSD,atr_arm,5,1,5104b68fd7d7,169474,25212,ok,110,0.1869313286993875,588.4513888888889,23971,157,10000.0,-366.660173243314,9633.339826756692,-3.66660173243314,5.829069306789083,596.860400033,-10.86922678968605,-377.52940003300137,3436.712557181354,-3803.3727304246677,85.91781392953385,-54.33389614892383,100.6963769693312,-60.284411952562,0.9035960450811841,0.36363636363636365,-0.06344967577891185,-0.3331828156256206,0.20345435509201448,0.06298524420523559,0.1264349199841474,60.1,117.78673588139486,0.39636442226007323,0.0,taker/taker (current backtest),2.0,2.0,15.8
BTCUSD,atr_arm,5,1,1245719458bf,169474,25207,ok,484,0.822497846277305,588.4513888888889,14019,695,10000.0,-2774.7974703326845,7225.202529667325,-27.747974703326843,31.000189058051248,2143.4718354650004,-0.8273651323155491,-2775.6248354650043,9939.545956221464,-12714.343426554147,54.91461854266002,-41.961529460574745,96.210684768,-56.27642086,0.7817584929680705,0.3739669421487603,-0.13302958445212415,-0.24644126251870332,-0.019490411794937084,-0.015395807736287999,0.11763377671583614,140.94628099173553,126.96175285222463,0.3674525014602548,0.0,taker/taker (current backtest),2.0,4.0,15.8
BTCUSD,wpr_only,5,1,5536e003be2a,169474,73998,ok,172,0.2922926230572241,588.4513888888889,71127,668,10000.0,-528.4829672418412,9471.517032758165,-5.284829672418412,9.441569920973919,874.585877461,-7.602410219158949,-536.085377460995,3969.4057361457417,-4497.888703387582,44.10450817939713,-54.85230126082417,47.386284720000006,-58.99490636,0.882504214289737,0.5232558139534884,-0.060327011241528575,-0.21450843223499044,0.08858929849035944,0.06777853495401197,0.12810554619554054,26.563953488372093,116.32349710406979,0.4012835086085299,0.0,taker/taker (current backtest),1.0,2.0,15.8
BTCUSD,wpr_only,5,1,d4527a09260f,169474,73970,ok,787,1.3374086880583451,588.4513888888889,40423,3054,10000.0,-3091.2486276298764,6908.751372370122,-30.91248627629876,33.79579200497917,3262.203147135,-5.520519505124102,-3096.769147134997,14579.049743984746,-17670.298371614623,38.16505168582394,-43.630366349665735,49.53784893784189,-59.20143994015,0.8250596247658373,0.48538754764930114,-0.09302510595654241,-0.16194054375003572,-0.024790761438730925,0.023930597800500077,0.11695570375704248,85.89199491740787,127.60739799851689,0.36526294622784844,0.0,taker/taker (current backtest),1.0,4.0,15.8
BTCUSD,wpr_only,5,1,461613bee59c,169474,73998,ok,142,0.24131135159375477,588.4513888888889,69455,582,10000.0,-880.257173898201,9119.7428261018,-8.80257173898201,9.886559374529668,766.9218400889999,-4.477166190799048,-884.7343400889895,4150.344451108373,-5030.601625006573,84.70090716547699,-54.092490591468525,95.72121815490794,-59.2765134796022,0.8250195027325284,0.34507042253521125,-0.1246529599684954,-0.3526162975586601,0.11006394151112041,0.002241206118114317,0.1268941660866098,60.96478873239437,116.89681090004856,0.3977179302001113,0.0,taker/taker (current backtest),2.0,2.0,15.8
BTCUSD,wpr_only,5,1,247ec2c731ff,169474,73970,ok,581,0.9873372906758558,588.4513888888889,36510,2311,10000.0,-3080.9942939601938,6919.0057060398185,-30.809942939601935,31.263487466602285,2658.7890889669998,-20.715295006806446,-3101.709588967009,12755.494664948192,-15836.488958908387,60.74045078546758,-42.68595406713851,96.37766625292291,-57.196702800000004,0.8054496610988343,0.3614457831325301,-0.12568220909619207,-0.2261757742265597,-0.02594702489895032,-0.007237153566707528,0.11844505552948453,136.0327022375215,125.43761565992685,0.36985497178279003,0.0,taker/taker (current backtest),2.0,4.0,15.8
BTCUSD,adx_only,5,1,8822505d8858,169474,6539,ok,89,0.151244438674959,588.4513888888889,6312,65,10000.0,-351.66948821374484,9648.330511786251,-3.5166948821374486,5.284204290979272,434.016647535,-2.811659321255201,-354.4811475350016,2003.285122702911,-2354.9546109166554,44.517447171175796,-53.52169570265126,48.458187504001806,-56.56728675,0.85066825212531,0.5056179775280899,-0.07852174321102863,-0.2951020727066291,0.118802411607363,0.04369071993926917,0.12221246315029778,28.191011235955056,124.8333273271109,0.38279191187445055,0.0,taker/taker (current backtest),1.0,2.0,15.8
BTCUSD,adx_only,5,1,88d2c6a947a0,169474,6536,ok,491,0.8343934762854479,588.4513888888889,4386,321,10000.0,-1710.1258658102774,8289.874134189735,-17.101258658102775,22.521851442737454,2099.108471909,-11.68260609872236,-1721.808471908982,9944.881712427947,-11655.007578238225,40.10032948559656,-47.9629941491285,47.783255616000005,-57.6359905,0.8532711493896101,0.505091649694501,-0.07411545590929254,-0.16334391975198717,0.00983662896778029,0.039052260783043496,0.11316771669233605,86.16496945010184,132.0848705614969,0.3537487381460168,0.0,taker/taker (current backtest),1.0,4.0,15.8
BTCUSD,adx_only,5,1,b5acf63ba5bf,169474,6539,ok,81,0.13764943295136717,588.4513888888889,6261,59,10000.0,535.9794723066841,10535.97947230668,5.359794723066841,3.8118266795147577,447.7445840600001,-8.200056366684048,527.77941594,3117.8364124775608,-2581.856940170876,89.08104035650173,-56.12732478632339,101.23170257271036,-60.938624847309754,1.2075945665181633,0.43209876543209874,0.13549970262324407,-0.15028769472326708,0.4439564070008435,0.25919381812219255,0.12369411549894854,62.148148148148145,124.344993626965,0.38715751304534113,0.0,taker/taker (current backtest),2.0,2.0,15.8
BTCUSD,adx_only,5,1,8f0add012268,169474,6536,ok,391,0.6644559047405502,588.4513888888889,3980,232,10000.0,-1202.2969417837714,8797.703058216217,-12.022969417837714,19.24452138148263,1920.696811188,9.554630595771096,-1192.7423111880144,10278.24279728871,-11480.539739072483,70.39892326910076,-46.859345873765236,99.41259772800001,-59.0949211909056,0.8952752249363403,0.3734015345268542,-0.06250244281572495,-0.19012617700318782,0.06832732503682269,0.051177358262233574,0.11367980107795857,138.693094629156,131.34344247569746,0.35531515976535905,0.0,taker/taker (current backtest),2.0,4.0,15.8
BTCUSD,atr_arm,5,1,ae190a209e26,169474,25212,ok,582,0.9890366663913048,588.4513888888889,22233,842,10000.0,-1255.4451765561234,8744.55482344387,-12.554451765561234,19.079509489128352,2408.686390156,-47.52271359987659,-1302.9678901560092,13459.874094232424,-14715.319270788548,44.42202671363836,-52.74307982361487,50.02239113604,-58.826037864,0.9146844758544713,0.520618556701031,-0.0439321936251173,-0.13296014565884645,0.03791925190565679,0.07804441160662175,0.12197660523173906,19.671821305841924,80.24634701576834,0.5902643788149426,0.0,maker/taker (YOUR execution),1.0,2.0,10.26
BTCUSD,atr_arm,5,1,fba2f87a03ea,169474,25207,ok,1348,2.2907584644252217,588.4513888888889,8420,1882,10000.0,-3455.5184514351686,6544.481548564817,-34.55518451435168,35.382530526090605,4165.1658018670005,-12.644350431830896,-3468.162801867007,25160.766273505535,-28616.284724940702,37.1650905073937,-42.64722015639449,47.845601438922905,-58.072237564215996,0.8792464331184303,0.5022255192878339,-0.06075219419902341,-0.11588937194442321,-0.004638205664095483,0.04408925170395717,0.10484144590298058,67.98071216617211,94.56296135376063,0.5056503790383522,0.0,maker/taker (YOUR execution),1.0,4.0,10.26
BTCUSD,atr_arm,5,1,5104b68fd7d7,169474,25212,ok,479,0.8140009677000601,588.4513888888889,20845,701,10000.0,-692.6454218434919,9307.354578156483,-6.926454218434919,23.74866797973006,2511.8130798390002,-51.94565799550804,-744.5910798390232,17053.683849767578,-17746.329271611074,98.00967729751481,-58.18468613642975,115.352467584,-67.69124166099999,0.9609696511744812,0.36325678496868474,-0.02482981124915789,-0.15264743780130732,0.1073131382960783,0.09748352970787034,0.12231334095702828,46.54279749478079,80.49899580360204,0.5922121138708452,0.0,maker/taker (YOUR execution),2.0,2.0,10.26
BTCUSD,atr_arm,5,1,1245719458bf,169474,25207,ok,910,1.5464319010585694,588.4513888888889,6948,1293,10000.0,-666.973216860724,9333.02678313928,-6.669732168607241,17.015138591695646,3866.47564991,73.08606695072385,-593.8871499099805,27073.319368342934,-27740.292585203657,76.04864991107566,-50.07273029820155,105.37122788706151,-64.2046690480248,0.9759565183095265,0.3912087912087912,-0.010705426064318362,-0.10091133769933348,0.07785061856266798,0.0950831955188219,0.10578862158314026,119.0032967032967,92.79576201362289,0.510902733501132,0.0,maker/taker (YOUR execution),2.0,4.0,10.26
BTCUSD,wpr_only,5,1,5536e003be2a,169474,73998,ok,708,1.203158006537876,588.4513888888889,63731,2888,10000.0,-3921.146063018642,6078.853936981377,-39.21146063018642,40.93749237950386,2584.911869207,34.40819381164206,-3700.07168700698,12779.741278983882,-16700.887342002523,37.92208094653971,-45.01586884636799,49.08178368000001,-58.248114864,0.7652133097648646,0.4759887005649718,-0.13890220681800863,-0.2163942308752917,-0.06489727954768548,-0.016475998280025952,0.12242620853798267,22.01412429378531,78.72924059209599,0.591784533387251,0.2824858757062147,maker/taker (YOUR execution),1.0,2.0,10.26
BTCUSD,wpr_only,5,1,d4527a09260f,169474,73970,ok,1443,2.4521991573928745,588.4513888888889,20283,5580,10000.0,-4304.757416734425,5695.242583265578,-43.047574167344244,48.320171597150335,3991.259555144,1.0538615904244955,-4303.70355514401,23629.385582676125,-27934.14299941055,33.048091724022555,-38.37107554864087,49.89516114,-58.65747065629605,0.845896206057753,0.4954954954954955,-0.07659887155155166,-0.1271868594982568,-0.02476728638330678,0.026733433118901435,0.10333230467045311,73.83575883575884,96.19569462888772,0.4976037248822535,0.0,maker/taker (YOUR execution),1.0,4.0,10.26
BTCUSD,wpr_only,5,1,461613bee59c,169474,73998,ok,565,0.9601472792286722,588.4513888888889,59591,2339,10000.0,-3535.647092089791,6464.3529079102045,-35.356470920897905,36.04936435764766,2370.998409568,71.9751825217907,-3463.671909568002,13977.779631385234,-17513.426723475022,76.80098698563316,-45.726962724477865,97.40476907200001,-57.765737050000006,0.798117915590408,0.32212389380530976,-0.1505655120266557,-0.2634533335017003,-0.03011895300507304,-0.0280734803618975,0.12249203166475824,47.446017699115046,78.75261880718044,0.5924865958721851,0.0,maker/taker (YOUR execution),2.0,2.0,10.26
BTCUSD,wpr_only,5,1,247ec2c731ff,169474,73970,ok,975,1.6568913225627528,588.4513888888889,16655,3821,10000.0,-3719.7020814228226,6280.297918577197,-37.197020814228225,41.16007354457481,3349.523125373,34.800956049822304,-3684.901125372985,21082.07120334515,-24801.773284767965,59.38611606576098,-40.002860136722525,97.84980269692291,-57.557826768,0.8500227367328096,0.3641025641025641,-0.09257434231621281,-0.17347567725655963,-0.008898377457714175,0.011208572270716621,0.1037829145869294,123.54051282051282,95.48436324328908,0.5002726708816703,0.0,maker/taker (YOUR execution),2.0,4.0,10.26
BTCUSD,adx_only,5,1,8822505d8858,169474,6539,ok,361,0.6134746332770808,588.4513888888889,5738,251,10000.0,-1042.3033701256202,8957.696629874377,-10.423033701256202,15.460524871050337,1426.37704173,0.6078283956200989,-1041.6955417299978,8020.846985048198,-9063.150355173819,43.5915597013489,-51.20423929476734,47.739797792,-56.652132474,0.884995467439133,0.5096952908587258,-0.05902903788675702,-0.1644402037723714,0.0505743278740082,0.05904574244347346,0.11807478033023047,20.969529085872576,82.65851795263559,0.5711065201148133,0.0,maker/taker (YOUR execution),1.0,2.0,10.26
BTCUSD,adx_only,5,1,88d2c6a947a0,169474,6536,ok,1026,1.7435594840506508,588.4513888888889,2444,710,10000.0,-2841.871845754895,7158.128154245121,-28.418718457548948,30.313543275817008,3279.023573113,-41.51422735810565,-2883.386073112987,20140.5416457951,-22982.413491549996,39.03205745309128,-45.06355586578431,48.134383206,-57.133899989898744,0.8763458047258712,0.5029239766081871,-0.06312689680023333,-0.12460447132761793,-0.004030444305517379,0.0398811298544414,0.1030080266546747,70.19688109161794,95.58068736337397,0.4971637662030402,0.0,maker/taker (YOUR execution),1.0,4.0,10.26
BTCUSD,adx_only,5,1,b5acf63ba5bf,169474,6539,ok,310,0.5268064717891829,588.4513888888889,5564,212,10000.0,245.4705100046989,10245.4705100047,2.454705100046989,9.803163194556694,1486.253213423,-17.416723427698695,228.05378657698748,10932.73073015082,-10687.26022014612,93.44214299274206,-55.37440528573119,105.12323211327559,-63.4976744121149,1.0229685162472206,0.3774193548387097,0.021435173763245285,-0.13422043967239597,0.18679172098521,0.13915580388415444,0.11772063012090912,47.18387096774194,82.83948584150909,0.5695147346112687,0.0,maker/taker (YOUR execution),2.0,2.0,10.26
BTCUSD,adx_only,5,1,8f0add012268,169474,6536,ok,761,1.2932249194566718,588.4513888888889,2061,493,10000.0,-1935.4528467079358,8064.5471532920465,-19.35452846707936,20.725288114298998,2987.657469803,30.29237690493584,-1905.1604698030196,20126.755086193072,-22062.20793290101,71.88126816497525,-45.86737615987736,99.59415858015039,-59.66815685561825,0.9122729305881653,0.3679369250985545,-0.05201574817140456,-0.14499741686957696,0.04863372526348354,0.051436693617915426,0.10345244178931998,114.72667542706965,94.89426735699581,0.4992355216222387,0.0,maker/taker (YOUR execution),2.0,4.0,10.26
BTCUSD,atr_arm,5,1,ae190a209e26,169474,25212,ok,3026,5.142310914948605,588.4513888888889,12120,4487,10000.0,-7474.543408324928,2525.456591675075,-74.74543408324928,75.40395196683647,8799.85700743,-21.94209910507095,-7420.916345961999,38341.1521010116,-45815.695509336525,24.96168756576276,-30.748788932440622,47.371942348000005,-57.482574459999995,0.8368562710828709,0.5076007931262393,-0.08912700189676845,-0.1245527010691832,-0.05546376611266433,0.01601940539509796,0.10514640729186638,14.234633179114342,43.377565625585035,1.105486988159166,0.033046926635822864,maker/maker (floor),1.0,2.0,4.72
BTCUSD,atr_arm,5,1,fba2f87a03ea,169474,25207,ok,2183,3.7097371868251177,588.4513888888889,1062,3025,10000.0,-5931.1235724230755,4068.8764275769504,-59.31123572423076,60.92430781743347,5316.810458028,-37.259885604924705,-5924.903199107959,33541.339775278895,-39472.46334770197,31.23029774234534,-35.59284341542107,47.845601438922905,-57.508453374,0.8497402221853384,0.49198350893266146,-0.08036588194306442,-0.11936859285744147,-0.03860591566621878,-0.00891597153373931,0.07144991040932511,58.60696289509849,71.61909253009918,0.7505466264982641,0.04580852038479157,maker/maker (floor),1.0,4.0,4.72
BTCUSD,atr_arm,5,1,5104b68fd7d7,169474,25212,ok,2248,3.8201966083293013,588.4513888888889,9946,3320,10000.0,-5159.045875428955,4840.954124571034,-51.59045875428955,61.41879162666341,9314.161115686,-59.63874025704434,-5140.546179366011,58665.775148740766,-63824.82102416972,74.4489532344426,-43.715630838472414,117.8571478524978,-70.35520707600001,0.919168658953618,0.3505338078291815,-0.0598512902846744,-0.11881087962518516,-0.0010832718765800397,0.04443202421600855,0.10428331450068293,30.816725978647685,43.98234196589017,1.0993643473545571,0.04448398576512455,maker/maker (floor),2.0,2.0,4.72
BTCUSD,atr_arm,5,1,1245719458bf,169474,25207,ok,1424,2.419911018799344,588.4513888888889,902,1960,10000.0,-452.58658303925574,9547.413416960755,-4.525865830392557,20.680327282624795,5340.312224798,-0.6561417587446634,-453.2427247979649,47777.32951260338,-48229.916095642635,88.8054451907126,-54.435571214043605,116.1840620249484,-72.5180773763084,0.9906160611571093,0.37780898876404495,-0.0016156858790786553,-0.07268827792439728,0.06818214834718543,0.06978215138284538,0.07139783726192403,98.97050561797752,72.96512228990632,0.7519553854410372,0.0,maker/maker (floor),2.0,4.0,4.72
BTCUSD,wpr_only,5,1,5536e003be2a,169474,73998,ok,3597,6.112654448469971,588.4513888888889,33024,14911,10000.0,-9102.257569432053,897.7424305680095,-91.02257569432052,91.82876749616682,7533.63546648,13.060102952052603,-8930.027339571945,31575.88380773326,-40678.1413771653,18.074346770310967,-21.98818452819746,47.120982696752996,-57.71163168,0.7762371322466173,0.485682513205449,-0.1339322862395897,-0.165525375558279,-0.103960923246643,-0.02815472524902254,0.10577756099056719,15.153739227133723,43.02534127552016,1.1038157384310612,0.11120378092855157,maker/maker (floor),1.0,2.0,4.72
BTCUSD,wpr_only,5,1,d4527a09260f,169474,73970,ok,2172,3.6910440539551788,588.4513888888889,2523,8595,10000.0,-6697.860966810874,3301.1566135691473,-66.97860966810873,70.77042144846818,4406.25528877,34.8601780408743,-6663.983208389993,27873.502347020407,-34571.36331383128,26.64770778873844,-30.702809337327956,48.231989102,-58.4393440013928,0.8062598542611943,0.48158379373848986,-0.10099161116427148,-0.14063864818338395,-0.05885314294818015,-0.03221716848800859,0.0687744426762629,64.06813996316758,76.51357775344661,0.7205844056073986,0.0,maker/maker (floor),1.0,4.0,4.72
BTCUSD,wpr_only,5,1,461613bee59c,169474,73998,ok,2471,4.199157392874423,588.4513888888889,25509,10210,10000.0,-7071.423733310172,2928.5762666898677,-70.71423733310172,73.24754679813378,7313.877796786,51.5434365241726,-6746.071833655947,44230.25705247899,-51301.68078578917,52.780736339473734,-31.415603665516944,98.69926349343201,-58.301430644,0.86215999895136,0.339133953864832,-0.09524121506895653,-0.14955268627948665,-0.04007410567731753,0.008834297305935948,0.10407551237489246,33.85795224605423,43.709591944886064,1.0946426668369351,0.12140833670578711,maker/maker (floor),2.0,2.0,4.72
BTCUSD,wpr_only,5,1,247ec2c731ff,169474,73970,ok,1431,2.4318066488074868,588.4513888888889,2133,5754,10000.0,-6222.0676652377915,3776.8286918542253,-62.22067665237792,63.468837290237886,3012.322363514,36.79980172379145,-6186.371506421987,23789.34020837392,-30011.407873611715,49.05018599664726,-31.72453263595319,97.84980269692291,-57.30554576400001,0.7926765818037912,0.3389238294898672,-0.13311988254394388,-0.2047827228012107,-0.06942012521929772,-0.06476059622039392,0.06835928632354994,103.764500349406,77.57061569798533,0.7170571513147989,0.0,maker/maker (floor),2.0,4.0,4.72
BTCUSD,adx_only,5,1,8822505d8858,169474,6539,ok,1724,2.929723733434037,588.4513888888889,2855,1228,10000.0,-5488.003094810305,4511.996905189668,-54.880030948103055,55.10411523294564,5926.191612287999,32.654482522305194,-5455.3486122880295,26498.70610743065,-31986.709202240956,30.388424435126893,-37.54308591812319,46.07515702399999,-56.934514826000004,0.8284286432808218,0.505800464037123,-0.09052864500976286,-0.13981379480937006,-0.04497103494558435,0.011152782761370272,0.10168142777113312,15.089327146171694,45.27589501464662,1.0710442462068859,0.0,maker/maker (floor),1.0,2.0,4.72
BTCUSD,adx_only,5,1,88d2c6a947a0,169474,6536,ok,1637,2.781878046189976,588.4513888888889,370,1133,10000.0,-4085.657654659621,5912.49725320836,-40.856576546596216,41.41326741424643,4440.925794244,-26.04713958437865,-4113.549886376009,29356.272136070205,-33441.929790729824,35.71322644290779,-41.03304268801205,48.205873309888005,-57.140873484000004,0.8778282927980977,0.5021380574221136,-0.06181308009983654,-0.10809649610948262,-0.012212742442141026,0.007542712435446974,0.06935579253528351,59.97739767868051,73.63647275554882,0.7294134286010817,0.0,maker/maker (floor),1.0,4.0,4.72
BTCUSD,adx_only,5,1,b5acf63ba5bf,169474,6539,ok,1413,2.401217885929405,588.4513888888889,2529,984,10000.0,-39.3494480928282,9960.650551907129,-0.393494480928282,22.049604179464623,7507.205955454,-37.05900736117175,-76.40845545403499,50806.57017148995,-50845.91961958278,96.59043758838394,-57.32347194992422,114.220364549412,-69.26246374858086,0.9992261041124394,0.3722576079263977,0.004915463120839062,-0.07059588713582175,0.07784971552868054,0.10705569923558496,0.1021402361147459,32.24416135881104,44.965342596951444,1.0780631050982397,0.0,maker/maker (floor),2.0,2.0,4.72
BTCUSD,adx_only,5,1,8f0add012268,169474,6536,ok,1161,1.9729752056362626,588.4513888888889,301,763,10000.0,-1235.929491718984,8761.333117494994,-12.35929491718984,27.184828998640352,3575.881124822,21.12186689698409,-1217.5450156080096,32187.278989540435,-33423.20848125942,74.85413718497776,-45.72258342169551,104.4157361000468,-59.368660248000005,0.9630218178361908,0.37037037037037035,-0.01762781872370268,-0.09775092903748765,0.06174962699032889,0.05164735975244359,0.06927517847614628,97.32472006890612,73.90091711347347,0.7289347030792643,0.0,maker/maker (floor),2.0,4.0,4.72
XRPUSD,atr_arm,5,1,ae190a209e26,169475,24588,ok,679,1.1538693022569702,588.4548611111111,20918,898,10000.0,-4033.6034404580914,5966.396559541899,-40.336034404580914,42.610555200386926,2578.039918253,-0.388277794915989,-4033.991718253026,11368.32385349879,-15401.927293956882,35.30535358229438,-43.14265348447306,47.96922754919992,-57.46262445699997,0.7381104738729211,0.4742268041237113,-0.14953326704837394,-0.22529146165579728,-0.07171000783862533,-0.030201662648305382,0.11933160440006858,14.622974963181148,124.84299470939726,0.3777935541876484,0.0,taker/taker (current backtest),1.0,2.0,15.8
XRPUSD,atr_arm,5,1,fba2f87a03ea,169475,24512,ok,1453,2.469178344888627,588.4548611111111,7357,1931,10000.0,-4308.271547567313,5691.7284524327415,-43.082715475673126,49.8840203206494,4613.0451753474,36.90317221990459,-4271.36837534737,24982.95358990798,-29291.22513747529,34.129718018999974,-40.625832368204286,51.51460404520005,-60.58007154179983,0.8529159662203649,0.503785271851342,-0.07505835585752547,-0.12844184695809693,-0.021833527943522578,0.029309869126485866,0.10436822498401135,63.432209222298695,147.25130890052333,0.330279412941517,0.0,taker/taker (current backtest),1.0,4.0,15.8
XRPUSD,atr_arm,5,1,5104b68fd7d7,169475,24588,ok,530,0.9006638147219355,588.4548611111111,20068,705,10000.0,-3154.2712488883744,6845.7287511116365,-31.542712488883744,35.004714645927365,2340.246294761,1.6671541273641495,-3152.6040947609963,13497.81423543307,-16652.085484321447,78.4756641594946,-46.51420526346773,97.19733139380024,-58.243532952000585,0.8105780052679744,0.32452830188679244,-0.137991621348037,-0.26288074776116616,-0.016432671280445035,-0.01736652848444888,0.12062509286358815,34.11698113207547,123.9952113753913,0.38187177410528045,0.0,taker/taker (current backtest),2.0,2.0,15.8
XRPUSD,atr_arm,5,1,1245719458bf,169475,24512,ok,1019,1.7316536362295325,588.4548611111111,6146,1368,10000.0,-3485.616681471454,6509.44067187829,-34.85616681471454,40.46915779677897,4115.1246400956,43.64864137584325,-3443.9335360006226,26863.157864285116,-30348.77454575657,73.79988424254152,-46.33400694008636,104.66623512300008,-60.70677023000006,0.8851480254592745,0.3572129538763494,-0.07951551192532327,-0.16214860031721465,0.005791224367477619,0.02524747493156942,0.10476298685689271,105.4170755642787,144.30686155851473,0.3315256831949035,0.0,taker/taker (current backtest),2.0,4.0,15.8
XRPUSD,wpr_only,5,1,5536e003be2a,169475,74364,ok,858,1.4580557604366426,588.4548611111111,60280,3448,10000.0,-3579.9707208865857,6420.029279113424,-35.799707208865854,41.302276093811265,3453.0314569176,-21.11533603100894,-3601.0860569175766,16079.877764016517,-19659.8484849031,37.56980785985168,-45.720577871867675,47.8958670972001,-58.21177648799957,0.8179044602690778,0.4988344988344988,-0.10070353950189725,-0.17229912692173252,-0.03134125162271158,0.019401481018178852,0.12010502052007611,17.166666666666668,124.44284710312508,0.3801527218671564,0.0,taker/taker (current backtest),1.0,2.0,15.8
XRPUSD,wpr_only,5,1,d4527a09260f,169475,74077,ok,1529,2.598330137188376,588.4548611111111,19229,5899,10000.0,-4584.179667571754,5415.820332428239,-45.841796675717546,49.911367998973965,5120.1870245764,41.34124299535518,-4542.838424576406,28153.61988249216,-32737.799550063915,36.610689053955994,-43.07605203955778,50.90882744000013,-60.06957659200018,0.859972883621532,0.5029431000654022,-0.07767745347898072,-0.12776130875249722,-0.02751161677279332,0.02525263853866478,0.10293009201764548,67.82275997383911,148.8195615514348,0.3257612632746648,0.0,taker/taker (current backtest),1.0,4.0,15.8
XRPUSD,wpr_only,5,1,461613bee59c,169475,74364,ok,665,1.1300781826228057,588.4548611111111,56727,2636,10000.0,-4026.5238635833357,5973.476136416653,-40.265238635833356,46.430213130683754,2825.6803162598,-19.885452676467494,-4046.4093162598065,16196.292321590307,-20222.816185173644,75.33159219344329,-44.9395915226081,106.95832385280013,-63.03409054000029,0.8008920307283719,0.3233082706766917,-0.14999599679411155,-0.2602791034995202,-0.04525900282223209,-0.029790892236951548,0.12020510455715999,37.61954887218045,123.55658198614411,0.380569990729613,0.0,taker/taker (current backtest),2.0,2.0,15.8
XRPUSD,wpr_only,5,1,247ec2c731ff,169475,74077,ok,1029,1.7486472931110784,588.4548611111111,15561,3993,10000.0,-3360.818586435079,6639.181413564918,-33.60818586435079,44.49564911445496,4229.6952839448,79.96940249028185,-3280.8491839448034,27224.733540044654,-30585.552126479735,73.1847675807652,-46.55335179068453,114.52614748438992,-65.43556649000097,0.8901174458928462,0.36151603498542273,-0.07509015219931811,-0.15598556016024856,0.007200003380343264,0.02894460036403289,0.10403475256335103,114.88532555879495,147.28112987517824,0.32927448385848274,0.0,taker/taker (current backtest),2.0,4.0,15.8
XRPUSD,adx_only,5,1,8822505d8858,169475,6062,ok,411,0.6984392978315386,588.4548611111111,5052,260,10000.0,-2759.073477842835,7240.926522157195,-27.59073477842835,29.65811923929843,1688.4824762656,-3.62079842275684,-2762.69427626556,7675.020622075879,-10434.094099918715,39.76694622837243,-47.8628169721042,49.14811556473825,-58.75248257999931,0.7355713441510624,0.46958637469586373,-0.15451140866220547,-0.24984108837482988,-0.057839905796288525,-0.039224824144531364,0.1152865845176741,17.856447688564476,129.47199238049978,0.36497910242132814,0.0,taker/taker (current backtest),1.0,2.0,15.8
XRPUSD,adx_only,5,1,88d2c6a947a0,169475,6019,ok,1075,1.8268181147661897,588.4548611111111,1951,671,10000.0,-2624.8399711441584,7375.160028855858,-26.248399711441582,32.00409900396973,3789.4623203264,61.0920508177597,-2563.74792032637,21212.185158410426,-23837.025129554582,38.427871663787,-45.57748590737014,48.313134765000065,-57.060309804960006,0.8898839113992576,0.5134883720930232,-0.0541335054139641,-0.11443341818621673,0.008068774941948412,0.04852987259746327,0.10266337801142734,63.96372093023256,148.27929622662393,0.3248453344182623,0.0,taker/taker (current backtest),1.0,4.0,15.8
XRPUSD,adx_only,5,1,b5acf63ba5bf,169475,6062,ok,360,0.6117716477356543,588.4548611111111,4946,242,10000.0,-2941.8574046601593,7058.142595339826,-29.41857404660159,30.799373800428864,1633.8114859774,-13.0555813172354,-2954.912985977401,9210.959196198366,-12152.816600858525,83.73599269271241,-48.6112664034341,96.74552044065591,-57.92453431599931,0.7579279354505906,0.3055555555555556,-0.18870599307858393,-0.3364544205552224,-0.04268501807193032,-0.07182502197086046,0.11688097110772347,33.419444444444444,127.7316240048343,0.3701219386983638,0.0,taker/taker (current backtest),2.0,2.0,15.8
XRPUSD,adx_only,5,1,8f0add012268,169475,6019,ok,786,1.3357014308895119,588.4548611111111,1696,474,10000.0,1434.706427678978,11434.706427678955,14.347064276789778,23.773626736540567,3911.7802679522,74.17260436883141,1508.879032047811,28740.274920148568,-27305.56849246959,91.82196460111363,-57.72847461410061,121.32293449920037,-70.2263191559999,1.0525426316641109,0.3982188295165394,0.038934302886366554,-0.04837987030997267,0.13753250945062556,0.14146647396160678,0.10253217107524025,108.9910941475827,148.32757114703614,0.32428872926295793,0.0,taker/taker (current backtest),2.0,4.0,15.8
XRPUSD,atr_arm,5,1,ae190a209e26,169475,24588,ok,1912,3.249187195751586,588.4548611111111,15940,2634,10000.0,-5835.476549332767,4164.523450667223,-58.35476549332766,59.21232431787694,5180.3846140172,-15.0637646844352,-5850.5403140172075,30075.247224296425,-35910.72377362919,31.72494432942661,-37.25178814691825,48.07284158360025,-57.36835174500028,0.837500447328271,0.49581589958158995,-0.08898420207204288,-0.13650214427930896,-0.04074514693689654,0.023519752273542426,0.11250395434558527,13.648012552301255,86.59994570783755,0.5483350652876817,0.0,maker/taker (YOUR execution),1.0,2.0,10.26
XRPUSD,atr_arm,5,1,fba2f87a03ea,169475,24512,ok,2086,3.5448768254904857,588.4548611111111,2382,2814,10000.0,-3824.21030393796,6175.789696062023,-38.2421030393796,48.45625738646364,4859.1505392702,37.53256466776231,-3786.6777392702043,37632.869131601605,-41457.07943553956,35.33602735361653,-40.6043873021935,54.65967597360006,-61.90090142759985,0.9077549514821922,0.5105465004793864,-0.04362850124162158,-0.0870746964817288,0.0028840277930658165,0.043687374510600965,0.08731587575222252,56.37248322147651,120.82798914499074,0.4254716428736649,0.0,maker/taker (YOUR execution),1.0,4.0,10.26
XRPUSD,atr_arm,5,1,5104b68fd7d7,169475,24588,ok,1444,2.4538840536952353,588.4548611111111,14369,1971,10000.0,-3411.7787746586087,6588.221225341404,-34.11778774658609,48.79456874846964,5116.9515199794005,24.369354679200864,-3387.409419979398,37477.442120760476,-40889.22089541908,74.65625920470214,-43.40681623717524,104.1284368339999,-60.22828647500029,0.9165604357347676,0.3476454293628809,-0.052542436509995225,-0.12815740732769085,0.024624880378442154,0.0605031365364103,0.11304557304640553,30.309556786703602,85.71811258658286,0.5509297963002125,0.0,maker/taker (YOUR execution),2.0,2.0,10.26
XRPUSD,atr_arm,5,1,1245719458bf,169475,24512,ok,1352,2.2975424103850126,588.4548611111111,1823,1833,10000.0,-1480.915781241792,8514.42330710378,-14.80915781241792,33.928412913488884,4588.8380203618,37.724260879999804,-1443.9593277178155,42191.90954127693,-43672.82532251872,84.04762856828074,-51.37979449708085,116.60357114327435,-69.16285610961823,0.9660906806393815,0.371301775147929,-0.018899997665876068,-0.09346514528244478,0.05635789244320121,0.06696618492520677,0.08586618259108283,98.51701183431953,123.81378537852694,0.41834219990196697,0.0,maker/taker (YOUR execution),2.0,4.0,10.26
XRPUSD,wpr_only,5,1,5536e003be2a,169475,74364,ok,2319,3.940829030830506,588.4548611111111,44527,9519,10000.0,-6996.247016137115,3003.752983862891,-69.96247016137114,71.11819418037109,5748.6069325864,4.773683550719981,-6891.334124792787,32849.1207099393,-39845.367726076416,28.86565967481485,-33.73866869269806,49.47002238639985,-58.957085879999774,0.8244150470831647,0.49072876239758517,-0.10107433642297417,-0.1419185839570637,-0.057231464349206805,0.011845279927235206,0.11291961635020938,15.051746442432083,85.93726276153234,0.5504150751843063,0.086244070720138,maker/taker (YOUR execution),1.0,2.0,10.26
XRPUSD,wpr_only,5,1,d4527a09260f,169475,74077,ok,2152,3.657034960908689,588.4548611111111,5517,8294,10000.0,-5841.007053409901,4158.9929465901405,-58.41007053409901,61.70012123548434,4636.208484013,74.97706939691945,-5766.029984012946,34860.682232517225,-40701.689285927125,32.79462110302655,-37.37528860048405,52.192814584427765,-59.69697912840024,0.8564922695867204,0.49395910780669144,-0.07896127227646013,-0.12086578863860575,-0.038423275328462174,0.007773194871244399,0.08673446714770452,60.578066914498145,122.67526209769966,0.4227593196919287,0.0,maker/taker (YOUR execution),1.0,4.0,10.26
XRPUSD,wpr_only,5,1,461613bee59c,169475,74364,ok,1698,2.8855229384865027,588.4548611111111,38883,6895,10000.0,-6754.79287583608,3245.2071241639096,-67.54792875836081,71.30238402133307,4532.4798326452,11.427043190880303,-6681.924133328021,31003.206615165123,-37757.9994910012,56.472143197022085,-32.861618355962754,108.15591249600014,-62.05421717759981,0.8211029989169332,0.32332155477031804,-0.12748685227532403,-0.1946382678341093,-0.062298617323521564,-0.015416881189491211,0.11206997108583285,32.542402826855124,86.77144896355864,0.5463169095312111,0.058892815076560655,maker/taker (YOUR execution),2.0,2.0,10.26
XRPUSD,wpr_only,5,1,247ec2c731ff,169475,74077,ok,1339,2.275450656439003,588.4548611111111,4124,5178,10000.0,-1943.2027450415803,8051.576782389655,-19.432027450415802,32.77396139453679,4194.0988182592,113.25682678238817,-1830.5225127275708,37442.40554107558,-39385.60828611717,75.1855532953325,-46.831876677903885,112.0460500160303,-64.2223609700909,0.950662111629071,0.3719193427931292,-0.027585812682577444,-0.10073283024695187,0.04635974011581637,0.05767329321221979,0.08525910589479725,106.80059746079164,125.00522597098556,0.41546941570595874,0.0,maker/taker (YOUR execution),2.0,4.0,10.26
XRPUSD,adx_only,5,1,8822505d8858,169475,6062,ok,1068,1.8149225549491077,588.4548611111111,3685,702,10000.0,-3927.0097078423505,6072.990292157637,-39.270097078423504,41.52671258563583,3163.3938850194,-3.8151771770644993,-3930.8248850194304,18805.87624705312,-22732.885954895468,35.68477466233988,-42.02012191293063,48.93186669857645,-57.91369098240055,0.8272542379513993,0.4934456928838951,-0.09075563171915445,-0.15390599286107293,-0.029618096967266336,0.017849686362746624,0.10860531808190109,15.113295880149813,90.88118641806433,0.5293469274787936,0.0,maker/taker (YOUR execution),1.0,2.0,10.26
XRPUSD,adx_only,5,1,88d2c6a947a0,169475,6019,ok,1526,2.593232040123912,588.4548611111111,600,976,10000.0,-2482.446380278586,7517.553619721405,-24.82446380278586,34.649362968091694,3714.6316345814002,100.68604569720074,-2381.760334581394,29363.671081075347,-31846.117461353933,37.54945151032653,-42.803921319024106,49.25787471600008,-57.27941242759894,0.9220486960995764,0.5124508519003932,-0.0348502574038978,-0.08453326527199137,0.015282836094184446,0.05060113704698888,0.0854513944508867,55.84600262123198,123.70883904134618,0.4163756525478812,0.0,maker/taker (YOUR execution),1.0,4.0,10.26
XRPUSD,adx_only,5,1,b5acf63ba5bf,169475,6062,ok,901,1.5311284850272902,588.4548611111111,3466,596,10000.0,-3905.429807020093,6094.570192979891,-39.05429807020093,41.4413613591649,3005.5079694528004,19.64173756729457,-3885.788069452821,21319.457055004626,-25224.886862024723,71.78268368688427,-41.76305771858398,98.14897323840007,-57.62924259840055,0.845175527312291,0.32963374028856823,-0.10481651677226411,-0.19275654376488813,-0.010812722398152792,0.004009809527765561,0.10882632630002964,31.088790233074363,90.80781824933453,0.5304875640104836,0.0,maker/taker (YOUR execution),2.0,2.0,10.26
XRPUSD,adx_only,5,1,8f0add012268,169475,6019,ok,1077,1.830216846142499,588.4548611111111,452,671,10000.0,5775.862039179521,15764.453159861347,57.75862039179521,9.5908372657399,4752.9993129596005,238.0710478609,6012.042159861601,48594.82539475823,-42818.9633555787,111.71224228680052,-66.69620460370514,164.16940412943023,-95.51771200748425,1.134890281934558,0.403899721448468,0.08971083602898028,0.0035126118705308533,0.17027343346188276,0.17478515670511244,0.08507432067613215,97.16713091922006,123.83382838974124,0.4142779351420824,0.0,maker/taker (YOUR execution),2.0,4.0,10.26
XRPUSD,atr_arm,5,1,ae190a209e26,169475,24588,ok,5190,8.81970792152235,588.4548611111111,3560,7512,10000.0,-9621.839574870068,378.16042512993965,-96.21839574870069,96.23589100740313,7216.334154066,-4.081679195917998,-9565.446588127577,40110.63354819016,-49732.47312306023,16.050673688751566,-18.481037949855157,46.676115236000854,-53.03062346399931,0.8065280294615279,0.4815028901734104,-0.12373328106430531,-0.15004886034997839,-0.09546267299324798,-0.035312889505702404,0.08842039155860291,11.897880539499036,54.36752797048221,0.9368034085445149,0.03853564547206166,maker/maker (floor),1.0,2.0,4.72
XRPUSD,atr_arm,5,1,fba2f87a03ea,169475,24512,ok,2413,4.100569405517038,588.4548611111111,20,3273,10000.0,-3738.2167715823884,6254.700393547152,-37.38216771582388,48.784371613571665,4375.8710951584,46.056076424003464,-3614.841243774401,44153.35708966726,-47891.57386124965,36.10249966448672,-40.24502005147029,56.18506227984006,-59.68069718799985,0.9219441653261874,0.5068379610443431,-0.03632993010960036,-0.07710656557540456,0.003859425900212966,0.012117324717390458,0.04844725482699082,53.680066307501036,109.86526810742275,0.5132216923270366,0.04144218814753419,maker/maker (floor),1.0,4.0,4.72
XRPUSD,atr_arm,5,1,5104b68fd7d7,169475,24588,ok,3698,6.284254314795692,588.4548611111111,2862,5268,10000.0,-9077.356194897373,922.6438051026389,-90.77356194897372,91.03503409556076,5911.1455872691995,1.2873076281593732,-9027.065254856403,45073.205527376194,-54150.56172227356,37.87664330031613,-21.59113306310748,97.5884761299999,-56.56304880719787,0.8323681988479982,0.32179556517036234,-0.123988057568182,-0.17112443926264806,-0.07859853418907016,-0.03643300722598256,0.08755505034219943,24.3085451595457,54.80906229574988,0.9278046373064569,0.027041644131963225,maker/maker (floor),2.0,2.0,4.72
XRPUSD,atr_arm,5,1,1245719458bf,169475,24512,ok,1557,2.6459123764567045,588.4548611111111,16,2102,10000.0,-3036.2932248881207,6959.896848257318,-30.362932248881208,43.750276425668346,3492.1936585812,62.75466630692189,-2974.1661804032337,46630.164056781105,-49666.45728166922,85.09154024960056,-49.22344626528169,120.40405729371355,-68.82645264439859,0.9388663216369825,0.3519588953114965,-0.04185421755183429,-0.11150971386291234,0.029340895624840796,0.005814007930770772,0.04766822548260504,92.13294797687861,113.83235598482207,0.5050269142972537,0.0,maker/maker (floor),2.0,4.0,4.72
XRPUSD,wpr_only,5,1,5536e003be2a,169475,74364,ok,5981,10.163906180852633,588.4548611111111,9141,24389,10000.0,-9600.51690410785,399.34126683056024,-96.0051690410785,96.20784434143647,8421.797956136399,7.265247971498372,-9577.703783301937,48152.923432875934,-57753.44033698379,16.412039343175167,-18.954197681976957,49.38985638640063,-58.26203371999901,0.8337671860223376,0.49055341916067546,-0.10519129935668105,-0.12983694909316712,-0.07935348134321357,-0.01730251580289682,0.08788878355378422,13.073231901019897,54.9927641099859,0.9310589080479333,0.016719612104999164,maker/maker (floor),1.0,2.0,4.72
XRPUSD,wpr_only,5,1,d4527a09260f,169475,74077,ok,2420,4.11246496533412,588.4548611111111,48,9279,10000.0,-4832.081285425959,5162.07378318156,-48.32081285425959,54.514889910446776,4067.1297245135997,91.43156091235583,-4741.622844978402,42441.56720579901,-47273.64849122497,35.22121759817345,-38.908352667674876,53.351046253430326,-57.74356355680035,0.8977848877832456,0.49793388429752067,-0.0520775106562396,-0.09174865163874944,-0.013065006079480213,-0.005454587108391128,0.046622923547848485,58.24917355371901,113.73237661747233,0.4939646800264778,0.0,maker/maker (floor),1.0,4.0,4.72
XRPUSD,wpr_only,5,1,461613bee59c,169475,74364,ok,3960,6.729488125092197,588.4548611111111,6546,16107,10000.0,-8934.12898184689,1065.4924046275382,-89.34128981846891,90.27274106059305,7246.4683216312005,21.80606021571766,-8912.701535156755,57011.6063372834,-65945.73531913028,44.058428390481765,-24.735834703349692,101.56401715200012,-55.94089465159988,0.8645230212596452,0.32676767676767676,-0.10814900794298841,-0.1514294550320078,-0.06395574821906722,-0.02215895544312953,0.08599005249985889,27.199494949494948,56.84090863764139,0.9112412073208334,0.0,maker/maker (floor),2.0,2.0,4.72
XRPUSD,wpr_only,5,1,247ec2c731ff,169475,74077,ok,1477,2.509963121404337,588.4548611111111,32,5669,10000.0,-1915.2475057906101,8079.51491234913,-19.152475057906102,39.139032760876596,2805.4123095256,98.81919626499804,-1817.0067936931919,38934.0255244874,-40849.27303027801,72.9101601582161,-43.31842314981761,113.45543429296151,-61.33504878332371,0.9531142817554915,0.36154366960054163,-0.024232307883492062,-0.09086217629590271,0.042687671611481307,0.020973131332514983,0.04520543921600705,102.77928232904536,118.22660098522073,0.47887250031294976,0.0,maker/maker (floor),2.0,4.0,4.72
XRPUSD,adx_only,5,1,8822505d8858,169475,6062,ok,2593,4.406455229384865,588.4548611111111,643,1709,10000.0,-6892.941542535444,3107.058457464569,-68.92941542535443,71.61198304825851,5888.260484794,-0.9546422585483061,-6737.7899860323705,34098.286847703814,-40991.22839023926,26.473825192316625,-31.41090298102625,48.59481203039994,-55.541400227199595,0.8318434988843424,0.4967219436945623,-0.08765428553990987,-0.12674577486164687,-0.04793793712067989,-0.004868540437494471,0.08278574510241539,12.861164674122637,59.176747019405774,0.8772014824901733,0.11569610489780179,maker/maker (floor),1.0,2.0,4.72
XRPUSD,adx_only,5,1,88d2c6a947a0,169475,6019,ok,1742,2.9602950287653047,588.4548611111111,7,1109,10000.0,-1787.2598087538865,8210.998563732546,-17.872598087538865,30.765967911805518,3343.7775959071996,104.6860128467078,-1684.3154234207377,35115.30212945657,-36902.56193821046,39.32284672951464,-43.46591512156709,49.25787471600008,-55.06949675792897,0.9515681374169502,0.5126291618828932,-0.020152667451941417,-0.06869225688764381,0.030475611152021666,0.02614146517594578,0.04629413262788721,53.70723306544202,113.92027030495424,0.49035194039904473,0.0,maker/maker (floor),1.0,4.0,4.72
XRPUSD,adx_only,5,1,b5acf63ba5bf,169475,6062,ok,2091,3.5533736539312586,588.4548611111111,553,1396,10000.0,-4433.362095194767,5566.6379048052795,-44.333620951947665,51.32041650297114,6323.813563707199,45.43773148757269,-4387.924363707159,51176.74467709444,-55610.106772289204,71.07881205152005,-40.56171172304099,98.14897323840007,-55.99514120360247,0.9202777632967263,0.34433285509325684,-0.050982793075918346,-0.11236489429097418,0.00989880518235394,0.031449817598355634,0.08243261067427397,25.392156862745097,59.3824228028506,0.8733496873463381,0.0,maker/maker (floor),2.0,2.0,4.72
XRPUSD,adx_only,5,1,8f0add012268,169475,6019,ok,1221,2.074925505236761,588.4548611111111,3,759,10000.0,5494.614515026128,15483.40815163352,54.94614515026128,9.728922499658065,3694.9069320507997,264.86205292310774,5757.619206106438,54590.67737652759,-49096.06286150145,114.92774184532124,-65.81241670442553,161.1086823781893,-108.00010674480735,1.1119155833437455,0.389025389025389,0.07664271973802435,-0.004082864163399741,0.15531005616337992,0.12259660561893533,0.04595388588091097,91.72399672399672,115.55398978333763,0.48652061439172806,0.0,maker/maker (floor),2.0,4.0,4.72
