symbol,family,timeframe_min,confirm_min,spec_hash,bars,signals,status,trades,trades_per_day,days,rej_cost,rej_cooldown,initial_capital,total_pnl,final_equity,return_pct,max_dd_pct,total_fees,total_funding,optimistic_pnl,gross_win,gross_loss,avg_win,avg_loss,best_trade,worst_trade,profit_factor,win_rate,net_r,net_r_lo,net_r_hi,gross_r,cost_r,bars_held,median_r_bps,avg_leverage,ambiguous_pct,stop_mult,hold_hours
AKEUSD,atr_arm,15,5,10d320454352,2002,202.0,ok,28.0,1.3426573426573425,20.854166666666668,0.0,21.0,10000.0,-411.52636827243396,9588.473631727564,-4.11526368272434,4.5550761628456895,60.988457264,6.332911008433502,-257.0225233120036,658.4992936464046,-1070.0256619188383,94.07132766377208,-50.95360294851611,96.16633225199993,-56.67901575340664,0.6154051412800153,0.25,-0.30003838718829073,-0.742216397868179,0.23985318055070803,-0.249846335217964,0.05019205197032672,19.678571428571427,368.3419882308987,0.15698308649831486,3.571428571428571,2.0,24
AKEUSD,atr_arm,15,5,10d320454352,2002,202.0,ok,28.0,1.3426573426573425,20.854166666666668,0.0,21.0,10000.0,-411.52636827243396,9588.473631727564,-4.11526368272434,4.5550761628456895,60.988457264,6.332911008433502,-257.0225233120036,658.4992936464046,-1070.0256619188383,94.07132766377208,-50.95360294851611,96.16633225199993,-56.67901575340664,0.6154051412800153,0.25,-0.30003838718829073,-0.742216397868179,0.23985318055070803,-0.249846335217964,0.05019205197032672,19.678571428571427,368.3419882308987,0.15698308649831486,3.571428571428571,2.0,168
AKEUSD,atr_arm,15,5,10d320454352,2002,202.0,ok,28.0,1.3426573426573425,20.854166666666668,0.0,21.0,10000.0,-411.52636827243396,9588.473631727564,-4.11526368272434,4.5550761628456895,60.988457264,6.332911008433502,-257.0225233120036,658.4992936464046,-1070.0256619188383,94.07132766377208,-50.95360294851611,96.16633225199993,-56.67901575340664,0.6154051412800153,0.25,-0.30003838718829073,-0.742216397868179,0.23985318055070803,-0.249846335217964,0.05019205197032672,19.678571428571427,368.3419882308987,0.15698308649831486,3.571428571428571,2.0,720
AKEUSD,atr_arm,15,5,ef3fa61dd9e9,2002,96.0,ok,8.0,0.3836163836163836,20.854166666666668,0.0,1.0,10000.0,-192.12499986637476,9807.875000133621,-1.9212499986637477,2.3771143254150044,13.81516907,1.0828307963742003,-191.04216907000227,115.71042282418489,-307.83542269055965,57.855211412092444,-51.305903781759945,95.83300979471379,-52.661567311514744,0.37588404158574884,0.25,-0.4939303432891065,-1.0634626747459843,0.2672952308633648,-0.4563361118504372,0.03759423143866927,41.625,416.23911307831804,0.11737365860682505,0.0,4.0,24
AKEUSD,atr_arm,15,5,ef3fa61dd9e9,2002,96.0,ok,7.0,0.3356643356643356,20.854166666666668,0.0,1.0,10000.0,-201.02274082473207,9798.977259175264,-2.0102274082473204,2.4660917349985723,11.94801197,-6.482271145268501,-207.50501197000085,95.83300979471379,-296.85575061944587,95.83300979471379,-49.47595843657431,95.83300979471379,-52.661567311514744,0.32282685982919324,0.14285714285714285,-0.5879693584736769,-1.063041587326454,0.28148697205028744,-0.550754392193232,0.03721496628044501,61.0,417.54523611043,0.11636619347822243,0.0,4.0,168
AKEUSD,atr_arm,15,5,ef3fa61dd9e9,2002,96.0,ok,7.0,0.3356643356643356,20.854166666666668,0.0,1.0,10000.0,-201.02274082473207,9798.977259175264,-2.0102274082473204,2.4660917349985723,11.94801197,-6.482271145268501,-207.50501197000085,95.83300979471379,-296.85575061944587,95.83300979471379,-49.47595843657431,95.83300979471379,-52.661567311514744,0.32282685982919324,0.14285714285714285,-0.5879693584736769,-1.063041587326454,0.28148697205028744,-0.550754392193232,0.03721496628044501,61.0,417.54523611043,0.11636619347822243,0.0,4.0,720
AKEUSD,atr_arm,15,5,fb6e4c240971,2002,5.0,ok,0.0,0.0,20.854166666666668,0.0,0.0,10000.0,0.0,10000.0,0.0,0.0,0.0,0.0,0.0,0.0,0.0,,,,,,,,,,,,0.0,,0.0,,8.0,24
AKEUSD,atr_arm,15,5,fb6e4c240971,2002,5.0,ok,0.0,0.0,20.854166666666668,0.0,0.0,10000.0,0.0,10000.0,0.0,0.0,0.0,0.0,0.0,0.0,0.0,,,,,,,,,,,,0.0,,0.0,,8.0,168
AKEUSD,atr_arm,15,5,fb6e4c240971,2002,5.0,ok,0.0,0.0,20.854166666666668,0.0,0.0,10000.0,0.0,10000.0,0.0,0.0,0.0,0.0,0.0,0.0,0.0,,,,,,,,,,,,0.0,,0.0,,8.0,720
AKEUSD,atr_arm,15,5,e0caa36aed80,2002,0.0,ok,0.0,0.0,20.854166666666668,0.0,0.0,10000.0,0.0,10000.0,0.0,0.0,0.0,0.0,0.0,0.0,0.0,,,,,,,,,,,,0.0,,0.0,,12.0,24
AKEUSD,atr_arm,15,5,e0caa36aed80,2002,0.0,ok,0.0,0.0,20.854166666666668,0.0,0.0,10000.0,0.0,10000.0,0.0,0.0,0.0,0.0,0.0,0.0,0.0,,,,,,,,,,,,0.0,,0.0,,12.0,168
AKEUSD,atr_arm,15,5,e0caa36aed80,2002,0.0,ok,0.0,0.0,20.854166666666668,0.0,0.0,10000.0,0.0,10000.0,0.0,0.0,0.0,0.0,0.0,0.0,0.0,,,,,,,,,,,,0.0,,0.0,,12.0,720
AKEUSD,atr_arm,15,5,119b3b7d34b5,2002,0.0,ok,0.0,0.0,20.854166666666668,0.0,0.0,10000.0,0.0,10000.0,0.0,0.0,0.0,0.0,0.0,0.0,0.0,,,,,,,,,,,,0.0,,0.0,,16.0,24
AKEUSD,atr_arm,15,5,119b3b7d34b5,2002,0.0,ok,0.0,0.0,20.854166666666668,0.0,0.0,10000.0,0.0,10000.0,0.0,0.0,0.0,0.0,0.0,0.0,0.0,,,,,,,,,,,,0.0,,0.0,,16.0,168
AKEUSD,atr_arm,15,5,119b3b7d34b5,2002,0.0,ok,0.0,0.0,20.854166666666668,0.0,0.0,10000.0,0.0,10000.0,0.0,0.0,0.0,0.0,0.0,0.0,0.0,,,,,,,,,,,,0.0,,0.0,,16.0,720
AKEUSD,atr_arm,15,5,0715650d5a70,2002,0.0,ok,0.0,0.0,20.854166666666668,0.0,0.0,10000.0,0.0,10000.0,0.0,0.0,0.0,0.0,0.0,0.0,0.0,,,,,,,,,,,,0.0,,0.0,,24.0,24
AKEUSD,atr_arm,15,5,0715650d5a70,2002,0.0,ok,0.0,0.0,20.854166666666668,0.0,0.0,10000.0,0.0,10000.0,0.0,0.0,0.0,0.0,0.0,0.0,0.0,,,,,,,,,,,,0.0,,0.0,,24.0,168
AKEUSD,atr_arm,15,5,0715650d5a70,2002,0.0,ok,0.0,0.0,20.854166666666668,0.0,0.0,10000.0,0.0,10000.0,0.0,0.0,0.0,0.0,0.0,0.0,0.0,,,,,,,,,,,,0.0,,0.0,,24.0,720
AKEUSD,atr_arm,60,5,ce9d73014263,500,10.0,ok,1.0,0.048,20.833333333333332,0.0,0.0,10000.0,-52.518251293379926,9947.48174870662,-0.5251825129337993,0.5251825129338067,1.67481975,0.9184315433800001,-51.59981975000119,0.0,-52.518251293379926,,-52.518251293379926,-52.518251293379926,-52.518251293379926,0.0,0.0,-1.0519429402780172,-1.0519429402780172,-1.0519429402780172,-1.017606225205408,0.034336715072608964,1.0,460.1488513560214,0.1090703182381882,0.0,2.0,24
AKEUSD,atr_arm,60,5,ce9d73014263,500,10.0,ok,1.0,0.048,20.833333333333332,0.0,0.0,10000.0,-52.518251293379926,9947.48174870662,-0.5251825129337993,0.5251825129338067,1.67481975,0.9184315433800001,-51.59981975000119,0.0,-52.518251293379926,,-52.518251293379926,-52.518251293379926,-52.518251293379926,0.0,0.0,-1.0519429402780172,-1.0519429402780172,-1.0519429402780172,-1.017606225205408,0.034336715072608964,1.0,460.1488513560214,0.1090703182381882,0.0,2.0,168
AKEUSD,atr_arm,60,5,ce9d73014263,500,10.0,ok,1.0,0.048,20.833333333333332,0.0,0.0,10000.0,-52.518251293379926,9947.48174870662,-0.5251825129337993,0.5251825129338067,1.67481975,0.9184315433800001,-51.59981975000119,0.0,-52.518251293379926,,-52.518251293379926,-52.518251293379926,-52.518251293379926,0.0,0.0,-1.0519429402780172,-1.0519429402780172,-1.0519429402780172,-1.017606225205408,0.034336715072608964,1.0,460.1488513560214,0.1090703182381882,0.0,2.0,720
AKEUSD,atr_arm,60,5,ff218c1c7aa1,500,0.0,ok,0.0,0.0,20.833333333333332,0.0,0.0,10000.0,0.0,10000.0,0.0,0.0,0.0,0.0,0.0,0.0,0.0,,,,,,,,,,,,0.0,,0.0,,4.0,24
AKEUSD,atr_arm,60,5,ff218c1c7aa1,500,0.0,ok,0.0,0.0,20.833333333333332,0.0,0.0,10000.0,0.0,10000.0,0.0,0.0,0.0,0.0,0.0,0.0,0.0,,,,,,,,,,,,0.0,,0.0,,4.0,168
AKEUSD,atr_arm,60,5,ff218c1c7aa1,500,0.0,ok,0.0,0.0,20.833333333333332,0.0,0.0,10000.0,0.0,10000.0,0.0,0.0,0.0,0.0,0.0,0.0,0.0,,,,,,,,,,,,0.0,,0.0,,4.0,720
AKEUSD,atr_arm,60,5,a6a43d305a6b,500,0.0,ok,0.0,0.0,20.833333333333332,0.0,0.0,10000.0,0.0,10000.0,0.0,0.0,0.0,0.0,0.0,0.0,0.0,,,,,,,,,,,,0.0,,0.0,,8.0,24
AKEUSD,atr_arm,60,5,a6a43d305a6b,500,0.0,ok,0.0,0.0,20.833333333333332,0.0,0.0,10000.0,0.0,10000.0,0.0,0.0,0.0,0.0,0.0,0.0,0.0,,,,,,,,,,,,0.0,,0.0,,8.0,168
AKEUSD,atr_arm,60,5,a6a43d305a6b,500,0.0,ok,0.0,0.0,20.833333333333332,0.0,0.0,10000.0,0.0,10000.0,0.0,0.0,0.0,0.0,0.0,0.0,0.0,,,,,,,,,,,,0.0,,0.0,,8.0,720
AKEUSD,atr_arm,60,5,fc1f26f46863,500,0.0,ok,0.0,0.0,20.833333333333332,0.0,0.0,10000.0,0.0,10000.0,0.0,0.0,0.0,0.0,0.0,0.0,0.0,,,,,,,,,,,,0.0,,0.0,,12.0,24
AKEUSD,atr_arm,60,5,fc1f26f46863,500,0.0,ok,0.0,0.0,20.833333333333332,0.0,0.0,10000.0,0.0,10000.0,0.0,0.0,0.0,0.0,0.0,0.0,0.0,,,,,,,,,,,,0.0,,0.0,,12.0,168
AKEUSD,atr_arm,60,5,fc1f26f46863,500,0.0,ok,0.0,0.0,20.833333333333332,0.0,0.0,10000.0,0.0,10000.0,0.0,0.0,0.0,0.0,0.0,0.0,0.0,,,,,,,,,,,,0.0,,0.0,,12.0,720
AKEUSD,atr_arm,60,5,6a9f6844330e,500,0.0,ok,0.0,0.0,20.833333333333332,0.0,0.0,10000.0,0.0,10000.0,0.0,0.0,0.0,0.0,0.0,0.0,0.0,,,,,,,,,,,,0.0,,0.0,,16.0,24
AKEUSD,atr_arm,60,5,6a9f6844330e,500,0.0,ok,0.0,0.0,20.833333333333332,0.0,0.0,10000.0,0.0,10000.0,0.0,0.0,0.0,0.0,0.0,0.0,0.0,,,,,,,,,,,,0.0,,0.0,,16.0,168
AKEUSD,atr_arm,60,5,6a9f6844330e,500,0.0,ok,0.0,0.0,20.833333333333332,0.0,0.0,10000.0,0.0,10000.0,0.0,0.0,0.0,0.0,0.0,0.0,0.0,,,,,,,,,,,,0.0,,0.0,,16.0,720
AKEUSD,atr_arm,60,5,cc7f9f4b9bfd,500,0.0,ok,0.0,0.0,20.833333333333332,0.0,0.0,10000.0,0.0,10000.0,0.0,0.0,0.0,0.0,0.0,0.0,0.0,,,,,,,,,,,,0.0,,0.0,,24.0,24
AKEUSD,atr_arm,60,5,cc7f9f4b9bfd,500,0.0,ok,0.0,0.0,20.833333333333332,0.0,0.0,10000.0,0.0,10000.0,0.0,0.0,0.0,0.0,0.0,0.0,0.0,,,,,,,,,,,,0.0,,0.0,,24.0,168
AKEUSD,atr_arm,60,5,cc7f9f4b9bfd,500,0.0,ok,0.0,0.0,20.833333333333332,0.0,0.0,10000.0,0.0,10000.0,0.0,0.0,0.0,0.0,0.0,0.0,0.0,,,,,,,,,,,,0.0,,0.0,,24.0,720
BANKUSD,atr_arm,15,5,10d320454352,2002,170.0,ok,19.0,0.911088911088911,20.854166666666668,0.0,18.0,10000.0,-14.664231721193076,9985.335768278806,-0.14664231721193077,3.844022978153097,35.326359214,6.610872507192301,-8.053359213998192,622.8779927464159,-637.5422244676089,88.98257039234512,-53.12851870563407,100.22338090490878,-62.913834008576146,0.9769988070461707,0.3684210526315789,-0.008787320255840333,-0.5940333519032391,0.627257348167961,0.033233929546826836,0.04202124980266719,24.05263157894737,422.66139657444,0.13218604675522977,0.0,2.0,24
BANKUSD,atr_arm,15,5,10d320454352,2002,170.0,ok,19.0,0.911088911088911,20.854166666666668,0.0,18.0,10000.0,57.794486927293775,10057.794486927294,0.5779448692729378,3.844022978153097,34.691053718,1.945459354705502,59.739946282003075,695.3367113949027,-637.5422244676089,99.33381591355753,-53.12851870563407,108.76339035804902,-62.913834008576146,1.0906520144223486,0.3684210526315789,0.06802113820366676,-0.5754338588346362,0.724186245090433,0.11004238800633394,0.04202124980266719,26.68421052631579,422.66139657444,0.13214235599804428,0.0,2.0,168
BANKUSD,atr_arm,15,5,10d320454352,2002,170.0,ok,19.0,0.911088911088911,20.854166666666668,0.0,18.0,10000.0,57.794486927293775,10057.794486927294,0.5779448692729378,3.844022978153097,34.691053718,1.945459354705502,59.739946282003075,695.3367113949027,-637.5422244676089,99.33381591355753,-53.12851870563407,108.76339035804902,-62.913834008576146,1.0906520144223486,0.3684210526315789,0.06802113820366676,-0.5754338588346362,0.724186245090433,0.11004238800633394,0.04202124980266719,26.68421052631579,422.66139657444,0.13214235599804428,0.0,2.0,720
BANKUSD,atr_arm,15,5,ef3fa61dd9e9,2002,68.0,ok,3.0,0.14385614385614384,20.854166666666668,0.0,0.0,10000.0,-157.4168666013533,9842.583133398646,-1.574168666013533,1.574168666013538,4.956367570000001,3.353499031353,-154.063367570001,0.0,-157.4168666013533,,-52.47228886711776,-51.31237597429117,-54.2113774394761,0.0,0.0,-1.0556544847378067,-1.0855736601280785,-1.0377877189202127,-1.0226767219551423,0.032977762782664406,14.666666666666666,480.2043422733095,0.10484977887058278,0.0,4.0,24
BANKUSD,atr_arm,15,5,ef3fa61dd9e9,2002,68.0,ok,3.0,0.14385614385614384,20.854166666666668,0.0,0.0,10000.0,-157.4168666013533,9842.583133398646,-1.574168666013533,1.574168666013538,4.956367570000001,3.353499031353,-154.063367570001,0.0,-157.4168666013533,,-52.47228886711776,-51.31237597429117,-54.2113774394761,0.0,0.0,-1.0556544847378067,-1.0855736601280785,-1.0377877189202127,-1.0226767219551423,0.032977762782664406,14.666666666666666,480.2043422733095,0.10484977887058278,0.0,4.0,168
BANKUSD,atr_arm,15,5,ef3fa61dd9e9,2002,68.0,ok,3.0,0.14385614385614384,20.854166666666668,0.0,0.0,10000.0,-157.4168666013533,9842.583133398646,-1.574168666013533,1.574168666013538,4.956367570000001,3.353499031353,-154.063367570001,0.0,-157.4168666013533,,-52.47228886711776,-51.31237597429117,-54.2113774394761,0.0,0.0,-1.0556544847378067,-1.0855736601280785,-1.0377877189202127,-1.0226767219551423,0.032977762782664406,14.666666666666666,480.2043422733095,0.10484977887058278,0.0,4.0,720
BANKUSD,atr_arm,15,5,fb6e4c240971,2002,2.0,ok,0.0,0.0,20.854166666666668,0.0,0.0,10000.0,0.0,10000.0,0.0,0.0,0.0,0.0,0.0,0.0,0.0,,,,,,,,,,,,0.0,,0.0,,8.0,24
BANKUSD,atr_arm,15,5,fb6e4c240971,2002,2.0,ok,0.0,0.0,20.854166666666668,0.0,0.0,10000.0,0.0,10000.0,0.0,0.0,0.0,0.0,0.0,0.0,0.0,,,,,,,,,,,,0.0,,0.0,,8.0,168
BANKUSD,atr_arm,15,5,fb6e4c240971,2002,2.0,ok,0.0,0.0,20.854166666666668,0.0,0.0,10000.0,0.0,10000.0,0.0,0.0,0.0,0.0,0.0,0.0,0.0,,,,,,,,,,,,0.0,,0.0,,8.0,720
BANKUSD,atr_arm,15,5,e0caa36aed80,2002,0.0,ok,0.0,0.0,20.854166666666668,0.0,0.0,10000.0,0.0,10000.0,0.0,0.0,0.0,0.0,0.0,0.0,0.0,,,,,,,,,,,,0.0,,0.0,,12.0,24
BANKUSD,atr_arm,15,5,e0caa36aed80,2002,0.0,ok,0.0,0.0,20.854166666666668,0.0,0.0,10000.0,0.0,10000.0,0.0,0.0,0.0,0.0,0.0,0.0,0.0,,,,,,,,,,,,0.0,,0.0,,12.0,168
BANKUSD,atr_arm,15,5,e0caa36aed80,2002,0.0,ok,0.0,0.0,20.854166666666668,0.0,0.0,10000.0,0.0,10000.0,0.0,0.0,0.0,0.0,0.0,0.0,0.0,,,,,,,,,,,,0.0,,0.0,,12.0,720
BANKUSD,atr_arm,15,5,119b3b7d34b5,2002,0.0,ok,0.0,0.0,20.854166666666668,0.0,0.0,10000.0,0.0,10000.0,0.0,0.0,0.0,0.0,0.0,0.0,0.0,,,,,,,,,,,,0.0,,0.0,,16.0,24
BANKUSD,atr_arm,15,5,119b3b7d34b5,2002,0.0,ok,0.0,0.0,20.854166666666668,0.0,0.0,10000.0,0.0,10000.0,0.0,0.0,0.0,0.0,0.0,0.0,0.0,,,,,,,,,,,,0.0,,0.0,,16.0,168
BANKUSD,atr_arm,15,5,119b3b7d34b5,2002,0.0,ok,0.0,0.0,20.854166666666668,0.0,0.0,10000.0,0.0,10000.0,0.0,0.0,0.0,0.0,0.0,0.0,0.0,,,,,,,,,,,,0.0,,0.0,,16.0,720
BANKUSD,atr_arm,15,5,0715650d5a70,2002,0.0,ok,0.0,0.0,20.854166666666668,0.0,0.0,10000.0,0.0,10000.0,0.0,0.0,0.0,0.0,0.0,0.0,0.0,,,,,,,,,,,,0.0,,0.0,,24.0,24
BANKUSD,atr_arm,15,5,0715650d5a70,2002,0.0,ok,0.0,0.0,20.854166666666668,0.0,0.0,10000.0,0.0,10000.0,0.0,0.0,0.0,0.0,0.0,0.0,0.0,,,,,,,,,,,,0.0,,0.0,,24.0,168
BANKUSD,atr_arm,15,5,0715650d5a70,2002,0.0,ok,0.0,0.0,20.854166666666668,0.0,0.0,10000.0,0.0,10000.0,0.0,0.0,0.0,0.0,0.0,0.0,0.0,,,,,,,,,,,,0.0,,0.0,,24.0,720
BANKUSD,atr_arm,60,5,ce9d73014263,500,11.0,ok,0.0,0.0,20.833333333333332,0.0,0.0,10000.0,0.0,10000.0,0.0,0.0,0.0,0.0,0.0,0.0,0.0,,,,,,,,,,,,0.0,,0.0,,2.0,24
BANKUSD,atr_arm,60,5,ce9d73014263,500,11.0,ok,0.0,0.0,20.833333333333332,0.0,0.0,10000.0,0.0,10000.0,0.0,0.0,0.0,0.0,0.0,0.0,0.0,,,,,,,,,,,,0.0,,0.0,,2.0,168
BANKUSD,atr_arm,60,5,ce9d73014263,500,11.0,ok,0.0,0.0,20.833333333333332,0.0,0.0,10000.0,0.0,10000.0,0.0,0.0,0.0,0.0,0.0,0.0,0.0,,,,,,,,,,,,0.0,,0.0,,2.0,720
BANKUSD,atr_arm,60,5,ff218c1c7aa1,500,0.0,ok,0.0,0.0,20.833333333333332,0.0,0.0,10000.0,0.0,10000.0,0.0,0.0,0.0,0.0,0.0,0.0,0.0,,,,,,,,,,,,0.0,,0.0,,4.0,24
BANKUSD,atr_arm,60,5,ff218c1c7aa1,500,0.0,ok,0.0,0.0,20.833333333333332,0.0,0.0,10000.0,0.0,10000.0,0.0,0.0,0.0,0.0,0.0,0.0,0.0,,,,,,,,,,,,0.0,,0.0,,4.0,168
BANKUSD,atr_arm,60,5,ff218c1c7aa1,500,0.0,ok,0.0,0.0,20.833333333333332,0.0,0.0,10000.0,0.0,10000.0,0.0,0.0,0.0,0.0,0.0,0.0,0.0,,,,,,,,,,,,0.0,,0.0,,4.0,720
BANKUSD,atr_arm,60,5,a6a43d305a6b,500,0.0,ok,0.0,0.0,20.833333333333332,0.0,0.0,10000.0,0.0,10000.0,0.0,0.0,0.0,0.0,0.0,0.0,0.0,,,,,,,,,,,,0.0,,0.0,,8.0,24
BANKUSD,atr_arm,60,5,a6a43d305a6b,500,0.0,ok,0.0,0.0,20.833333333333332,0.0,0.0,10000.0,0.0,10000.0,0.0,0.0,0.0,0.0,0.0,0.0,0.0,,,,,,,,,,,,0.0,,0.0,,8.0,168
BANKUSD,atr_arm,60,5,a6a43d305a6b,500,0.0,ok,0.0,0.0,20.833333333333332,0.0,0.0,10000.0,0.0,10000.0,0.0,0.0,0.0,0.0,0.0,0.0,0.0,,,,,,,,,,,,0.0,,0.0,,8.0,720
BANKUSD,atr_arm,60,5,fc1f26f46863,500,0.0,ok,0.0,0.0,20.833333333333332,0.0,0.0,10000.0,0.0,10000.0,0.0,0.0,0.0,0.0,0.0,0.0,0.0,,,,,,,,,,,,0.0,,0.0,,12.0,24
BANKUSD,atr_arm,60,5,fc1f26f46863,500,0.0,ok,0.0,0.0,20.833333333333332,0.0,0.0,10000.0,0.0,10000.0,0.0,0.0,0.0,0.0,0.0,0.0,0.0,,,,,,,,,,,,0.0,,0.0,,12.0,168
BANKUSD,atr_arm,60,5,fc1f26f46863,500,0.0,ok,0.0,0.0,20.833333333333332,0.0,0.0,10000.0,0.0,10000.0,0.0,0.0,0.0,0.0,0.0,0.0,0.0,,,,,,,,,,,,0.0,,0.0,,12.0,720
BANKUSD,atr_arm,60,5,6a9f6844330e,500,0.0,ok,0.0,0.0,20.833333333333332,0.0,0.0,10000.0,0.0,10000.0,0.0,0.0,0.0,0.0,0.0,0.0,0.0,,,,,,,,,,,,0.0,,0.0,,16.0,24
BANKUSD,atr_arm,60,5,6a9f6844330e,500,0.0,ok,0.0,0.0,20.833333333333332,0.0,0.0,10000.0,0.0,10000.0,0.0,0.0,0.0,0.0,0.0,0.0,0.0,,,,,,,,,,,,0.0,,0.0,,16.0,168
BANKUSD,atr_arm,60,5,6a9f6844330e,500,0.0,ok,0.0,0.0,20.833333333333332,0.0,0.0,10000.0,0.0,10000.0,0.0,0.0,0.0,0.0,0.0,0.0,0.0,,,,,,,,,,,,0.0,,0.0,,16.0,720
BANKUSD,atr_arm,60,5,cc7f9f4b9bfd,500,0.0,ok,0.0,0.0,20.833333333333332,0.0,0.0,10000.0,0.0,10000.0,0.0,0.0,0.0,0.0,0.0,0.0,0.0,,,,,,,,,,,,0.0,,0.0,,24.0,24
BANKUSD,atr_arm,60,5,cc7f9f4b9bfd,500,0.0,ok,0.0,0.0,20.833333333333332,0.0,0.0,10000.0,0.0,10000.0,0.0,0.0,0.0,0.0,0.0,0.0,0.0,,,,,,,,,,,,0.0,,0.0,,24.0,168
BANKUSD,atr_arm,60,5,cc7f9f4b9bfd,500,0.0,ok,0.0,0.0,20.833333333333332,0.0,0.0,10000.0,0.0,10000.0,0.0,0.0,0.0,0.0,0.0,0.0,0.0,,,,,,,,,,,,0.0,,0.0,,24.0,720
BEATUSD,atr_arm,15,5,10d320454352,20970,2560.0,ok,204.0,0.9339055793991416,218.4375,0.0,134.0,10000.0,-1301.9371311877762,8698.06286881224,-13.019371311877762,21.196494066170164,388.48923086400004,91.9529003237782,-1209.984230863969,5415.596094147963,-6717.533225335739,84.61868897106193,-47.982380180969564,106.54558737891601,-69.56626096545169,0.8061882111312214,0.3137254901960784,-0.13193249698936355,-0.31367889143701233,0.07032214356660642,-0.08432730379508861,0.047605193194274927,19.730392156862745,375.80275285193267,0.1497783901846206,0.0,2.0,24
BEATUSD,atr_arm,15,5,10d320454352,20970,2560.0,ok,201.0,0.9201716738197425,218.4375,0.0,129.0,10000.0,-1360.3754343914513,8639.624565608563,-13.603754343914511,21.930828143190386,378.735926964,82.80450742745312,-1277.5709269639847,5323.428139961127,-6683.80357435258,87.26931376985455,-47.741454102518425,111.18809137550997,-69.56626096545169,0.796466874099719,0.3034825870646766,-0.14086536266651892,-0.32347377473399963,0.05736835532216466,-0.0936208131362366,0.04724454953028231,20.3681592039801,377.29226989558595,0.14865618898722696,0.0,2.0,168
BEATUSD,atr_arm,15,5,10d320454352,20970,2560.0,ok,201.0,0.9201716738197425,218.4375,0.0,129.0,10000.0,-1360.3754343914513,8639.624565608563,-13.603754343914511,21.930828143190386,378.735926964,82.80450742745312,-1277.5709269639847,5323.428139961127,-6683.80357435258,87.26931376985455,-47.741454102518425,111.18809137550997,-69.56626096545169,0.796466874099719,0.3034825870646766,-0.14086536266651892,-0.32347377473399963,0.05736835532216466,-0.0936208131362366,0.04724454953028231,20.3681592039801,377.29226989558595,0.14865618898722696,0.0,2.0,720
BEATUSD,atr_arm,15,5,ef3fa61dd9e9,20970,1117.0,ok,42.0,0.192274678111588,218.4375,0.0,11.0,10000.0,-277.6907085905895,9722.309291409416,-2.7769070859058953,7.618797173290195,69.227953932,5.276754658590208,-272.4139539319913,1156.7224443267705,-1434.41315291736,82.62303173762646,-51.229041175620004,105.21763827590249,-66.73375425144988,0.8064081411789815,0.3333333333333333,-0.13005074917975204,-0.5463319190338167,0.2924291051662024,-0.09255724618362329,0.03749350299612867,39.285714285714285,441.30174292783573,0.11768073582090885,0.0,4.0,24
BEATUSD,atr_arm,15,5,ef3fa61dd9e9,20970,1117.0,ok,40.0,0.18311874105865522,218.4375,0.0,10.0,10000.0,-235.79938574680043,9764.200614253205,-2.357993857468004,7.485499815786954,64.21722396000001,-33.980838213199384,-269.7802239599896,1161.8596878399217,-1397.6590735867223,96.82164065332681,-49.91639548524008,112.31525199158034,-66.73375425144988,0.8312897685830609,0.3,-0.11494516498875311,-0.5467411819292896,0.33992246337257165,-0.0780498400908991,0.03689532489785403,45.5,442.3816282347578,0.11592198391235273,0.0,4.0,168
BEATUSD,atr_arm,15,5,ef3fa61dd9e9,20970,1117.0,ok,40.0,0.18311874105865522,218.4375,0.0,10.0,10000.0,-235.79938574680043,9764.200614253205,-2.357993857468004,7.485499815786954,64.21722396000001,-33.980838213199384,-269.7802239599896,1161.8596878399217,-1397.6590735867223,96.82164065332681,-49.91639548524008,112.31525199158034,-66.73375425144988,0.8312897685830609,0.3,-0.11494516498875311,-0.5467411819292896,0.33992246337257165,-0.0780498400908991,0.03689532489785403,45.5,442.3816282347578,0.11592198391235273,0.0,4.0,720
BEATUSD,atr_arm,15,5,fb6e4c240971,20970,159.0,ok,1.0,0.004577968526466381,218.4375,0.0,0.0,10000.0,-37.63611297016616,9962.363887029833,-0.3763611297016616,0.37636112970167235,1.5573033,14.5328096701662,-23.103303300000334,0.0,-37.63611297016616,,-37.63611297016616,-37.63611297016616,-37.63611297016616,0.0,0.0,-0.7639368523965056,-0.7639368523965056,-0.7639368523965056,-0.7319812513734876,0.03195560102301797,96.0,494.43601416287197,0.10001722596152506,0.0,8.0,24
BEATUSD,atr_arm,15,5,fb6e4c240971,20970,159.0,ok,1.0,0.004577968526466381,218.4375,0.0,0.0,10000.0,-80.54498621630148,9919.455013783698,-0.8054498621630148,0.8054498621630228,1.5354045,29.7435817163016,-50.80140449999999,0.0,-80.54498621630148,,-80.54498621630148,-80.54498621630148,-80.54498621630148,0.0,0.0,-1.6349000571652186,-1.6349000571652186,-1.6349000571652186,-1.6029444561422006,0.03195560102301797,215.0,494.43601416287197,0.10044987336657399,0.0,8.0,168
BEATUSD,atr_arm,15,5,fb6e4c240971,20970,159.0,ok,1.0,0.004577968526466381,218.4375,0.0,0.0,10000.0,-80.54498621630148,9919.455013783698,-0.8054498621630148,0.8054498621630228,1.5354045,29.7435817163016,-50.80140449999999,0.0,-80.54498621630148,,-80.54498621630148,-80.54498621630148,-80.54498621630148,0.0,0.0,-1.6349000571652186,-1.6349000571652186,-1.6349000571652186,-1.6029444561422006,0.03195560102301797,215.0,494.43601416287197,0.10044987336657399,0.0,8.0,720
BEATUSD,atr_arm,15,5,e0caa36aed80,20970,45.0,ok,0.0,0.0,218.4375,0.0,0.0,10000.0,0.0,10000.0,0.0,0.0,0.0,0.0,0.0,0.0,0.0,,,,,,,,,,,,0.0,,0.0,,12.0,24
BEATUSD,atr_arm,15,5,e0caa36aed80,20970,45.0,ok,0.0,0.0,218.4375,0.0,0.0,10000.0,0.0,10000.0,0.0,0.0,0.0,0.0,0.0,0.0,0.0,,,,,,,,,,,,0.0,,0.0,,12.0,168
BEATUSD,atr_arm,15,5,e0caa36aed80,20970,45.0,ok,0.0,0.0,218.4375,0.0,0.0,10000.0,0.0,10000.0,0.0,0.0,0.0,0.0,0.0,0.0,0.0,,,,,,,,,,,,0.0,,0.0,,12.0,720
BEATUSD,atr_arm,15,5,119b3b7d34b5,20970,13.0,ok,0.0,0.0,218.4375,0.0,0.0,10000.0,0.0,10000.0,0.0,0.0,0.0,0.0,0.0,0.0,0.0,,,,,,,,,,,,0.0,,0.0,,16.0,24
BEATUSD,atr_arm,15,5,119b3b7d34b5,20970,13.0,ok,0.0,0.0,218.4375,0.0,0.0,10000.0,0.0,10000.0,0.0,0.0,0.0,0.0,0.0,0.0,0.0,,,,,,,,,,,,0.0,,0.0,,16.0,168
BEATUSD,atr_arm,15,5,119b3b7d34b5,20970,13.0,ok,0.0,0.0,218.4375,0.0,0.0,10000.0,0.0,10000.0,0.0,0.0,0.0,0.0,0.0,0.0,0.0,,,,,,,,,,,,0.0,,0.0,,16.0,720
BEATUSD,atr_arm,15,5,0715650d5a70,20970,2.0,ok,0.0,0.0,218.4375,0.0,0.0,10000.0,0.0,10000.0,0.0,0.0,0.0,0.0,0.0,0.0,0.0,,,,,,,,,,,,0.0,,0.0,,24.0,24
BEATUSD,atr_arm,15,5,0715650d5a70,20970,2.0,ok,0.0,0.0,218.4375,0.0,0.0,10000.0,0.0,10000.0,0.0,0.0,0.0,0.0,0.0,0.0,0.0,,,,,,,,,,,,0.0,,0.0,,24.0,168
BEATUSD,atr_arm,15,5,0715650d5a70,20970,2.0,ok,0.0,0.0,218.4375,0.0,0.0,10000.0,0.0,10000.0,0.0,0.0,0.0,0.0,0.0,0.0,0.0,,,,,,,,,,,,0.0,,0.0,,24.0,720
BEATUSD,atr_arm,60,5,ce9d73014263,5237,150.0,ok,4.0,0.018331105594806187,218.20833333333334,0.0,2.0,10000.0,245.97070901757053,10245.970709017569,2.4597070901757054,0.5271569946448291,5.813457626000001,-2.8091666435705998,243.1615423739986,297.7463766675706,-51.775667650000045,99.24879222252353,-51.775667650000045,100.55587047415003,-51.775667650000045,5.75070086358549,0.75,1.235153744952863,-0.277949614239562,2.0067706465322006,1.2745363489128931,0.03938260396003019,4.75,415.033902748124,0.12251394254966352,0.0,2.0,24
BEATUSD,atr_arm,60,5,ce9d73014263,5237,150.0,ok,4.0,0.018331105594806187,218.20833333333334,0.0,2.0,10000.0,245.97070901757053,10245.970709017569,2.4597070901757054,0.5271569946448291,5.813457626000001,-2.8091666435705998,243.1615423739986,297.7463766675706,-51.775667650000045,99.24879222252353,-51.775667650000045,100.55587047415003,-51.775667650000045,5.75070086358549,0.75,1.235153744952863,-0.277949614239562,2.0067706465322006,1.2745363489128931,0.03938260396003019,4.75,415.033902748124,0.12251394254966352,0.0,2.0,168
BEATUSD,atr_arm,60,5,ce9d73014263,5237,150.0,ok,4.0,0.018331105594806187,218.20833333333334,0.0,2.0,10000.0,245.97070901757053,10245.970709017569,2.4597070901757054,0.5271569946448291,5.813457626000001,-2.8091666435705998,243.1615423739986,297.7463766675706,-51.775667650000045,99.24879222252353,-51.775667650000045,100.55587047415003,-51.775667650000045,5.75070086358549,0.75,1.235153744952863,-0.277949614239562,2.0067706465322006,1.2745363489128931,0.03938260396003019,4.75,415.033902748124,0.12251394254966352,0.0,2.0,720
BEATUSD,atr_arm,60,5,ff218c1c7aa1,5237,13.0,ok,0.0,0.0,218.20833333333334,0.0,0.0,10000.0,0.0,10000.0,0.0,0.0,0.0,0.0,0.0,0.0,0.0,,,,,,,,,,,,0.0,,0.0,,4.0,24
BEATUSD,atr_arm,60,5,ff218c1c7aa1,5237,13.0,ok,0.0,0.0,218.20833333333334,0.0,0.0,10000.0,0.0,10000.0,0.0,0.0,0.0,0.0,0.0,0.0,0.0,,,,,,,,,,,,0.0,,0.0,,4.0,168
BEATUSD,atr_arm,60,5,ff218c1c7aa1,5237,13.0,ok,0.0,0.0,218.20833333333334,0.0,0.0,10000.0,0.0,10000.0,0.0,0.0,0.0,0.0,0.0,0.0,0.0,,,,,,,,,,,,0.0,,0.0,,4.0,720
BEATUSD,atr_arm,60,5,a6a43d305a6b,5237,0.0,ok,0.0,0.0,218.20833333333334,0.0,0.0,10000.0,0.0,10000.0,0.0,0.0,0.0,0.0,0.0,0.0,0.0,,,,,,,,,,,,0.0,,0.0,,8.0,24
BEATUSD,atr_arm,60,5,a6a43d305a6b,5237,0.0,ok,0.0,0.0,218.20833333333334,0.0,0.0,10000.0,0.0,10000.0,0.0,0.0,0.0,0.0,0.0,0.0,0.0,,,,,,,,,,,,0.0,,0.0,,8.0,168
BEATUSD,atr_arm,60,5,a6a43d305a6b,5237,0.0,ok,0.0,0.0,218.20833333333334,0.0,0.0,10000.0,0.0,10000.0,0.0,0.0,0.0,0.0,0.0,0.0,0.0,,,,,,,,,,,,0.0,,0.0,,8.0,720
BEATUSD,atr_arm,60,5,fc1f26f46863,5237,0.0,ok,0.0,0.0,218.20833333333334,0.0,0.0,10000.0,0.0,10000.0,0.0,0.0,0.0,0.0,0.0,0.0,0.0,,,,,,,,,,,,0.0,,0.0,,12.0,24
BEATUSD,atr_arm,60,5,fc1f26f46863,5237,0.0,ok,0.0,0.0,218.20833333333334,0.0,0.0,10000.0,0.0,10000.0,0.0,0.0,0.0,0.0,0.0,0.0,0.0,,,,,,,,,,,,0.0,,0.0,,12.0,168
BEATUSD,atr_arm,60,5,fc1f26f46863,5237,0.0,ok,0.0,0.0,218.20833333333334,0.0,0.0,10000.0,0.0,10000.0,0.0,0.0,0.0,0.0,0.0,0.0,0.0,,,,,,,,,,,,0.0,,0.0,,12.0,720
BEATUSD,atr_arm,60,5,6a9f6844330e,5237,0.0,ok,0.0,0.0,218.20833333333334,0.0,0.0,10000.0,0.0,10000.0,0.0,0.0,0.0,0.0,0.0,0.0,0.0,,,,,,,,,,,,0.0,,0.0,,16.0,24
BEATUSD,atr_arm,60,5,6a9f6844330e,5237,0.0,ok,0.0,0.0,218.20833333333334,0.0,0.0,10000.0,0.0,10000.0,0.0,0.0,0.0,0.0,0.0,0.0,0.0,,,,,,,,,,,,0.0,,0.0,,16.0,168
BEATUSD,atr_arm,60,5,6a9f6844330e,5237,0.0,ok,0.0,0.0,218.20833333333334,0.0,0.0,10000.0,0.0,10000.0,0.0,0.0,0.0,0.0,0.0,0.0,0.0,,,,,,,,,,,,0.0,,0.0,,16.0,720
BEATUSD,atr_arm,60,5,cc7f9f4b9bfd,5237,0.0,ok,0.0,0.0,218.20833333333334,0.0,0.0,10000.0,0.0,10000.0,0.0,0.0,0.0,0.0,0.0,0.0,0.0,,,,,,,,,,,,0.0,,0.0,,24.0,24
BEATUSD,atr_arm,60,5,cc7f9f4b9bfd,5237,0.0,ok,0.0,0.0,218.20833333333334,0.0,0.0,10000.0,0.0,10000.0,0.0,0.0,0.0,0.0,0.0,0.0,0.0,,,,,,,,,,,,0.0,,0.0,,24.0,168
BEATUSD,atr_arm,60,5,cc7f9f4b9bfd,5237,0.0,ok,0.0,0.0,218.20833333333334,0.0,0.0,10000.0,0.0,10000.0,0.0,0.0,0.0,0.0,0.0,0.0,0.0,,,,,,,,,,,,0.0,,0.0,,24.0,720
BTCUSD,atr_arm,15,5,10d320454352,56491,8645.0,ok,255.0,0.4333433644297322,588.4479166666666,6805.0,371.0,10000.0,-1952.440888268279,8047.559111731711,-19.52440888268279,22.21693605155094,1287.046021667,-28.324633398720998,-1837.8498987510175,6205.1070060401735,-8157.547894308453,73.00125889459028,-47.98557584887325,96.34274624700001,-57.62988,0.7606583603841905,0.3333333333333333,-0.16724816847766008,-0.3255437847339778,-0.001141358912631568,-0.042048727127822684,0.12519944134983735,33.83921568627451,120.12685784281028,0.3921905240773605,0.39215686274509803,2.0,24
BTCUSD,atr_arm,15,5,10d320454352,56491,8645.0,ok,252.0,0.4282452072011471,588.4479166666666,6569.0,372.0,10000.0,-2509.6679866803315,7490.332013319669,-25.096679866803317,28.353832270820956,1206.726435762,-31.507449081669055,-2395.457545730005,6071.817144786992,-8581.485131467323,82.05158303766206,-48.21059062622092,97.771430592,-58.168963400085204,0.7075485247328966,0.29365079365079366,-0.22793345208660074,-0.39316328739429107,-0.05814447937678564,-0.10302504202755487,0.12490841005904589,40.41269841269841,120.6145690065708,0.39106458118896686,0.3968253968253968,2.0,168
BTCUSD,atr_arm,15,5,10d320454352,56491,8645.0,ok,252.0,0.4282452072011471,588.4479166666666,6569.0,372.0,10000.0,-2509.6679866803315,7490.332013319669,-25.096679866803317,28.353832270820956,1206.726435762,-31.507449081669055,-2395.457545730005,6071.817144786992,-8581.485131467323,82.05158303766206,-48.21059062622092,97.771430592,-58.168963400085204,0.7075485247328966,0.29365079365079366,-0.22793345208660074,-0.39316328739429107,-0.05814447937678564,-0.10302504202755487,0.12490841005904589,40.41269841269841,120.6145690065708,0.39106458118896686,0.3968253968253968,2.0,720
BTCUSD,atr_arm,15,5,ef3fa61dd9e9,56491,8632.0,ok,553.0,0.9397603158025173,588.4479166666666,2010.0,928.0,10000.0,-2209.8457608516587,7785.225335577518,-22.098457608516586,24.029970460507162,2418.903556833,13.008704018658808,-2199.650189953036,11247.310237884834,-13457.155998736493,51.59316622882952,-40.17061492160147,97.15749815682452,-57.589146160000006,0.8357865687921621,0.39421338155515373,-0.0891799131911511,-0.18754051255187906,0.01161861821401201,0.015846187249142787,0.10502610044029388,63.41048824593128,144.05107480979757,0.32767670027977047,0.0,4.0,24
BTCUSD,atr_arm,15,5,ef3fa61dd9e9,56491,8632.0,ok,376.0,0.6389690393159972,588.4479166666666,564.0,599.0,10000.0,-1676.1362311624039,8318.58280072608,-16.76136231162404,20.379374437042625,1474.380000035,21.478231127403703,-1657.6720712349834,10645.692874869701,-12321.829106032106,85.1655429989576,-49.09095261367373,97.66984844776574,-61.8614263065905,0.8639701770947417,0.3324468085106383,-0.09440691487991693,-0.23880120048680625,0.045652586854198346,0.005487376511644969,0.0998942913915619,124.50265957446808,157.41315984276133,0.3116770167199203,0.0,4.0,168
BTCUSD,atr_arm,15,5,ef3fa61dd9e9,56491,8632.0,ok,366.0,0.6219751818873803,588.4479166666666,584.0,575.0,10000.0,-1922.272522046496,8072.622542112355,-19.222725220464962,22.032985324084468,1392.657843185,5.415178861496153,-1919.7709453449888,9930.353719261493,-11852.62624130799,83.44835058202935,-47.986341057927085,98.40311302735898,-60.422788485507,0.8378188527242073,0.3251366120218579,-0.11260258721822947,-0.25609025974237326,0.037879374048600215,-0.012991505245507061,0.09961108197272242,127.75956284153006,158.04515174812127,0.31014123771813484,0.0,4.0,720
BTCUSD,atr_arm,15,5,fb6e4c240971,56491,8179.0,ok,539.0,0.9159689154024535,588.4479166666666,292.0,797.0,10000.0,-1263.4662573527885,8730.28144089979,-12.634662573527885,17.409818488389476,1817.57938528,82.56987207278856,-1183.9895086200067,8262.646333694936,-9526.112591047724,36.23967690217077,-30.630587109478213,99.74515686810852,-57.725562849828,0.8673681162932984,0.4230055658627087,-0.050719842930143824,-0.12434090438912289,0.021552736885278943,0.024006336174761132,0.07472617910490494,82.94063079777365,232.98111900225186,0.2316740034829301,0.0,8.0,24
BTCUSD,atr_arm,15,5,fb6e4c240971,56491,8179.0,ok,175.0,0.2973925050007966,588.4479166666666,14.0,249.0,10000.0,440.36775484531074,10430.533834825364,4.403677548453108,7.826405768219762,498.441891966,-8.521146811310837,428.6101360340235,5684.033377553935,-5243.665622708626,76.81126185883696,-51.91748141295669,117.37178350248752,-67.66601183556554,1.083980899342288,0.4228571428571429,0.053293821135181524,-0.13441770106584316,0.25828166168847466,0.11654686438400319,0.06325304324882164,298.95428571428573,287.97563283106814,0.19600314553762377,0.0,8.0,168
BTCUSD,atr_arm,15,5,fb6e4c240971,56491,8179.0,ok,107.0,0.18183427448620135,588.4479166666666,0.0,114.0,10000.0,713.7595194429139,10709.187938652918,7.137595194429139,7.447959820145749,249.22542316,69.03055739708607,780.1831400400188,4140.305061662971,-3426.5455422200566,96.28616422472025,-53.539774097188385,135.1843907617266,-81.68291761050975,1.2083029426132972,0.40186915887850466,0.13580039252146886,-0.13418751187439265,0.4150435837282765,0.18896599880321976,0.05316560628175096,501.6355140186916,334.9235329917349,0.16353037083416747,0.0,8.0,720
BTCUSD,atr_arm,15,5,e0caa36aed80,56491,6951.0,ok,503.0,0.8547910286594326,588.4479166666666,53.0,657.0,10000.0,-1271.7843949426865,8727.851297782934,-12.717843949426866,14.117841305577544,1354.710284452,7.3741104906862525,-1265.8702585669798,5338.6955313374165,-6610.479926280103,23.415331277795687,-24.03810882283674,95.70825625,-56.71376766,0.8076108831543862,0.4532803180914513,-0.05460740222352045,-0.11646507869525718,0.005822092718503375,0.004477191499575169,0.059084593723095616,88.02186878727635,309.55770711376255,0.18221563873014945,0.0,12.0,24
BTCUSD,atr_arm,15,5,e0caa36aed80,56491,6951.0,ok,133.0,0.22601830380060542,588.4479166666666,0.0,116.0,10000.0,233.63628473591206,10225.918364853029,2.3363628473591205,5.8930021439136215,295.259750779,24.60596448508813,255.16355878600007,3579.1405916957465,-3345.5043069598346,63.91322485170976,-43.44810788259525,104.66679368458045,-65.1756184336209,1.0698358941729251,0.42105263157894735,0.03613609110387056,-0.1645455024832945,0.24512261416694647,0.08583926712328982,0.04970317601941923,387.78195488721803,382.528208383675,0.15263108960856459,0.0,12.0,168
BTCUSD,atr_arm,15,5,e0caa36aed80,56491,6951.0,ok,74.0,0.12575454497176541,588.4479166666666,0.0,43.0,10000.0,-306.80800801814576,9663.475742520639,-3.0680800801814576,8.019318748533696,130.218315378,-25.88980735985421,-333.8240915180013,2223.3886039464314,-2530.196611964577,92.64119183110131,-50.603932239291545,122.5630456219637,-86.07773861831234,0.8787414359155575,0.32432432432432434,-0.08467638690234144,-0.38932829257478296,0.2207028898871169,-0.043277684706325446,0.041398702196016025,686.1486486486486,432.97477640750355,0.12674074882934808,0.0,12.0,720
BTCUSD,atr_arm,15,5,119b3b7d34b5,56491,5296.0,ok,430.0,0.7307358694305288,588.4479166666666,21.0,493.0,10000.0,-830.6409715838063,9169.359028416175,-8.306409715838063,10.117027592447423,978.166392127,-4.047420543193857,-834.6883921270037,3871.2907632899205,-4701.931734873726,20.05850136419648,-19.839374408749897,94.4235306975,-53.66699688,0.8233404867571705,0.44883720930232557,-0.04075427074630723,-0.09284040813666003,0.01326272514305584,0.008856702052268559,0.049610972798575785,92.63720930232559,378.6044516293818,0.15228035464160736,0.0,16.0,24
BTCUSD,atr_arm,15,5,119b3b7d34b5,56491,5296.0,ok,108.0,0.18353366022906306,588.4479166666666,1.0,72.0,10000.0,-435.7572863819204,9558.315311320612,-4.357572863819204,6.8808685544054,206.48528196600003,-42.87999558407965,-479.50588064598014,2300.059075386431,-2735.8163617683513,47.91789740388398,-45.596939362805855,105.22024726546255,-60.068032259062505,0.8407212953064365,0.4444444444444444,-0.08179009654368546,-0.28154576904757683,0.12855979583377716,-0.03989499943633832,0.04189509710734719,453.4537037037037,437.2697423498912,0.12819260943580288,0.0,16.0,168
BTCUSD,atr_arm,15,5,119b3b7d34b5,56491,5296.0,ok,64.0,0.10876068754314848,588.4479166666666,0.0,13.0,10000.0,567.9116707187078,10533.14385835669,5.679116707187077,5.062755553595378,105.169447444,13.767881837292073,580.5479928959976,2502.1485058985327,-1934.2368351798248,92.67216688513084,-52.27667122107634,129.2127255626247,-71.1704575269948,1.293610203460896,0.421875,0.1891490592524184,-0.17669162763002996,0.5400511005058934,0.22697383485258818,0.037824775600169835,754.265625,455.70787232793407,0.11509595190429354,0.0,16.0,720
BTCUSD,atr_arm,15,5,0715650d5a70,56491,2655.0,ok,285.0,0.484324936715583,588.4479166666666,0.0,227.0,10000.0,-332.21128392220805,9667.044274169073,-3.322112839222081,6.872819713759905,572.748322894,-14.511038971792047,-347.93052993400124,2290.141619508711,-2622.3529034309186,17.219109921118125,-17.25232173309815,96.636996376,-54.10317945,0.8733155695834974,0.4666666666666667,-0.024487049726877538,-0.08242389564644613,0.03608421668471152,0.017515530764467328,0.042002580491344865,93.39649122807018,440.21693314974567,0.1283434483205043,0.0,24.0,24
BTCUSD,atr_arm,15,5,0715650d5a70,56491,2655.0,ok,87.0,0.14784655962896745,588.4479166666666,0.0,42.0,10000.0,-511.84749277764405,9485.233062216437,-5.1184749277764405,7.393896307919272,154.44663074800002,-57.0211379703562,-569.8294583729985,1662.0359719605578,-2173.8834647382014,48.883410940016404,-41.0166691460038,109.97739359691602,-54.08547671119935,0.7645469496961812,0.39080459770114945,-0.1236119697447411,-0.3509566691754871,0.10639093120393409,-0.0843616436783681,0.03925032606637297,455.88505747126436,457.17434747031683,0.11959664721312722,0.0,24.0,168
BTCUSD,atr_arm,15,5,0715650d5a70,56491,2655.0,ok,51.0,0.08666867288594644,588.4479166666666,0.0,4.0,10000.0,-139.73309198375787,9857.193808009994,-1.3973309198375787,7.054844983962498,80.61977013100001,-45.23767814724218,-185.98216763100208,1498.9345729962006,-1638.6676649799585,88.17262194095298,-48.19610779352819,131.41912691878463,-59.263116780000004,0.914727619901216,0.3333333333333333,-0.047787904272579534,-0.4115617402315703,0.3411964262557551,-0.011379972830100601,0.036407931442478975,809.6862745098039,465.9476780333827,0.11025206937309079,0.0,24.0,720
BTCUSD,atr_arm,60,5,ce9d73014263,14122,2027.0,ok,340.0,0.5778218382665345,588.4166666666666,565.0,451.0,10000.0,-1919.094721942773,8080.905278057209,-19.19094721942773,24.525964131111873,1512.5760656520001,7.7606562907725944,-1911.3340656520058,6823.336981753483,-8742.431703696257,54.15346810915463,-40.85248459671148,96.9996214832392,-57.06398550171999,0.7804850198450632,0.37058823529411766,-0.1236640423608488,-0.24880352703075262,0.0015748579796948832,-0.013571962963412296,0.1100920793974365,14.844117647058823,138.7481098182938,0.34361061543671,0.0,2.0,24
BTCUSD,atr_arm,60,5,ce9d73014263,14122,2027.0,ok,273.0,0.4639569466081292,588.4166666666666,401.0,407.0,10000.0,-1992.4326276810139,8007.567372318994,-19.924326276810138,22.073101262794655,1160.5592618160001,-17.94913413498629,-2010.38176181599,7147.545110185997,-9139.977737867011,83.11098965332555,-48.87688629875407,99.1821131351239,-63.375871265817004,0.7820090283780071,0.315018315018315,-0.160498619511093,-0.32809603298465584,0.004212720137997782,-0.05250235817672949,0.10799626133436348,25.512820512820515,141.7134740783782,0.3375671853198411,0.0,2.0,168
BTCUSD,atr_arm,60,5,ce9d73014263,14122,2027.0,ok,265.0,0.45036113864891664,588.4166666666666,395.0,400.0,10000.0,-1763.9466215905825,8236.053378409402,-17.639466215905824,20.57670561190289,1143.8553859600001,-19.895264369417557,-1783.8418859599878,7256.166944385831,-9020.113565976415,86.38293981411704,-49.83488157998019,100.154252839715,-65.2398674795175,0.8044429697377498,0.3169811320754717,-0.14336510140320421,-0.32329901600396477,0.031148540871266946,-0.03559132080049449,0.1077737806027097,26.815094339622643,141.83621615710692,0.3366980640692457,0.0,2.0,720
BTCUSD,atr_arm,60,5,ff218c1c7aa1,14122,1945.0,ok,372.0,0.6322050701033848,588.4166666666666,33.0,526.0,10000.0,-1488.5079642917067,8511.492035708316,-14.885079642917068,15.645252756454356,1187.1648282740002,5.396136017706754,-1483.1118282739862,4808.43692070632,-6296.944884998026,30.823313594271283,-29.152522615731602,95.10214280928481,-53.29826850122771,0.7636142619196241,0.41935483870967744,-0.0869343482901123,-0.1719958341102022,-0.00023250415441458813,-0.013426662885828996,0.07350768540428332,21.048387096774192,230.75354296420238,0.22767618730250844,0.0,4.0,24
BTCUSD,atr_arm,60,5,ff218c1c7aa1,14122,1945.0,ok,155.0,0.26341877920974366,588.4166666666666,8.0,208.0,10000.0,-131.22156516594106,9885.769812181925,-1.3122156516594106,5.870889395845682,455.480507921,19.42855724494116,-113.87868099599473,4722.317565191919,-4853.539130357861,77.41504205232654,-51.63339500380703,116.20209020363971,-65.20101975788941,0.9729637360199327,0.3935483870967742,-0.01304879889167468,-0.2249494685130897,0.18681640403743052,0.05310563100427983,0.06615442989595453,71.13548387096775,260.86584740172486,0.20508257147018935,0.0,4.0,168
BTCUSD,atr_arm,60,5,ff218c1c7aa1,14122,1945.0,ok,120.0,0.20393711938818865,588.4166666666666,1.0,164.0,10000.0,-329.74971634915556,9686.827237160935,-3.2974971634915557,8.54873296468303,325.74635880200003,-12.04764245284465,-343.8321618020018,3884.239598592659,-4213.989314941815,97.10598996481647,-52.67486643677269,121.662447127128,-74.4941056295568,0.9217488010280566,0.3333333333333333,-0.05265446589550917,-0.3032009438827969,0.21455759865805976,0.009793489696012821,0.06244795559152204,97.2,273.9599214561573,0.1936361354908603,0.0,4.0,720
BTCUSD,atr_arm,60,5,a6a43d305a6b,14122,1154.0,ok,253.0,0.42996742671009774,588.4166666666666,0.0,269.0,10000.0,1181.6539214574505,11181.653921457453,11.816539214574505,1.7645963473052135,603.3174373410001,-27.085858798450346,1154.5680626590074,3043.323434105062,-1861.6695126476118,23.59165452794622,-15.013463811674288,103.501329875,-62.873815639778506,1.6347280832766804,0.5098814229249012,0.091576894971116,0.023183364145364958,0.15815179624691683,0.13785362998008432,0.04627673500896833,23.624505928853754,397.58611058024496,0.1420455254713323,0.0,8.0,24
BTCUSD,atr_arm,60,5,a6a43d305a6b,14122,1154.0,ok,88.0,0.14955388755133836,588.4166666666666,0.0,55.0,10000.0,-151.23750480220718,9846.559895361806,-1.512375048022072,4.660656254088234,171.281111903,-29.236107100792758,-181.7306500280065,1933.6123057184038,-2084.849810520611,49.5798027107283,-42.547955316747164,98.8029725912566,-58.08415108224715,0.9274588010901172,0.4431818181818182,-0.033167816402393684,-0.25765530558683475,0.18711941943738133,0.010242521883929963,0.04341033828632366,108.04545454545455,407.68406381224975,0.1329167501991708,0.0,8.0,168
BTCUSD,atr_arm,60,5,a6a43d305a6b,14122,1154.0,ok,49.0,0.08327432375017703,588.4166666666666,0.0,22.0,10000.0,-397.1392266092014,9612.76319518512,-3.9713922660920136,8.43106516231462,82.361529723,56.66519688620144,-341.85411271799967,1285.7882839417919,-1682.9275105509935,85.7192189294528,-49.49786795738216,109.932362144127,-66.9287287791694,0.764018815950559,0.30612244897959184,-0.16812776626464176,-0.5341410496974117,0.22551205200385657,-0.12890259865816453,0.03922516760647725,212.55102040816325,453.61559395752573,0.11922645722800633,0.0,8.0,720
BTCUSD,atr_arm,60,5,fc1f26f46863,14122,452.0,ok,116.0,0.19713921540858237,588.4166666666666,0.0,92.0,10000.0,439.13627048609885,10439.136270486115,4.391362704860988,1.0853742321945241,231.54934998100003,-17.059120467098897,422.07715001900215,1057.567600610603,-618.4313301245043,16.023751524403075,-12.368626602490085,95.86908004238761,-39.951828150000004,1.7100808919200303,0.5689655172413793,0.07627835011171398,0.004838002516389401,0.1517253199583405,0.11643143656578028,0.04015308645406631,24.0,435.39674118483583,0.12259775931263771,0.0,12.0,24
BTCUSD,atr_arm,60,5,fc1f26f46863,14122,452.0,ok,61.0,0.1036680356889959,588.4166666666666,0.0,38.0,10000.0,207.08753330263784,10205.76377444648,2.0708753330263785,2.743013138039187,117.859268816,-11.433302118637837,194.69765138899857,1472.611505033341,-1265.523971730703,47.50359693655939,-42.18413239102343,103.5715565892087,-59.946041535877704,1.163637780025162,0.5081967213114754,0.07454232809319083,-0.18829038135103437,0.34730274611648126,0.11595258483646742,0.04141025674327662,125.01639344262296,420.3237131498787,0.12578369873733608,0.0,12.0,168
BTCUSD,atr_arm,60,5,fc1f26f46863,14122,452.0,ok,30.0,0.05098427984704716,588.4166666666666,0.0,0.0,10000.0,9.890474024710024,10016.49208855426,0.09890474024710023,3.558402600437701,47.290163569,-73.04313759371001,-64.07271889899857,883.2222770356213,-873.3318030109114,73.60185641963511,-48.518433500606186,126.97638452373874,-65.49445202817901,1.0113249901018277,0.4,0.012536864071642206,-0.4354623323190667,0.5043094004102712,0.04881841492588783,0.0362815508542456,298.1,462.74510410545633,0.10979864905900698,0.0,12.0,720
BTCUSD,atr_arm,60,5,6a9f6844330e,14122,158.0,ok,49.0,0.08327432375017703,588.4166666666666,0.0,21.0,10000.0,76.79082402362394,10076.790824023616,0.7679082402362394,0.9011094334898689,91.13986996000001,-2.2116939836239493,74.57913003999602,306.07822795946026,-229.28740393583635,12.24312911837841,-9.553641830659847,32.137599900000005,-49.0506361696845,1.3349107831719924,0.5102040816326531,0.03352827501919519,-0.050162290440197696,0.11458891173916355,0.07190706591383184,0.03837879089463663,23.571428571428573,445.8488890421707,0.11665945047606671,0.0,16.0,24
BTCUSD,atr_arm,60,5,6a9f6844330e,14122,158.0,ok,35.0,0.059481659821555025,588.4166666666666,0.0,16.0,10000.0,286.306342172585,10286.306342172573,2.86306342172585,1.4828162903391284,62.756017146000005,-3.735859318584998,282.5704828539965,895.5103451510524,-609.2040029784673,52.6770791265325,-33.84466683213707,104.51227991059315,-57.652493500004,1.4699679266268788,0.4857142857142857,0.17194798085472876,-0.16572760065992667,0.5348041981461862,0.21157164434002906,0.03962366348530035,129.94285714285715,441.2419371643445,0.12045595339348021,0.0,16.0,168
BTCUSD,atr_arm,60,5,6a9f6844330e,14122,158.0,ok,20.0,0.033989519898031444,588.4166666666666,0.0,0.0,10000.0,43.558531921335764,10070.144201201863,0.43558531921335764,3.731592742987761,31.74438223,50.64708584866426,93.3968220900042,680.4012540333163,-636.8427221119805,85.05015675416453,-53.07022684266504,104.51227991059315,-72.8519729050218,1.0683976285021854,0.4,0.03127298615752126,-0.5658011444529552,0.6994501455659135,0.06924778954974936,0.037974803392228036,228.85,447.8406561657599,0.11548969831371222,0.0,16.0,720
BTCUSD,atr_arm,60,5,cc7f9f4b9bfd,14122,25.0,ok,13.0,0.022093187933720438,588.4166666666666,0.0,3.0,10000.0,80.70684169864697,10080.706841698657,0.8070684169864697,0.3095245878464884,22.57803647,-2.24287816864695,78.46396353000455,120.27616683306616,-39.5693251344192,13.36401853700735,-9.8923312836048,38.192012807305204,-23.742031185,3.0396314929426094,0.6923076923076923,0.1265450601110948,-0.040212465555422,0.29885055979966724,0.16213304507134707,0.03558798496025227,24.0,471.2850741673983,0.10896871684427277,0.0,24.0,24
BTCUSD,atr_arm,60,5,cc7f9f4b9bfd,14122,25.0,ok,9.0,0.015295283954114149,588.4166666666666,0.0,4.0,10000.0,-12.718184486185052,9990.450824517038,-0.12718184486185052,1.1770719909779654,14.813175845000002,-24.701491358814955,-38.34487170500324,172.25775182789374,-184.97593631407878,57.41925060929791,-30.82932271901313,62.922626714324,-49.655678439999996,0.9312441134797649,0.3333333333333333,-0.025015756607412384,-0.6227000360189618,0.6025710732730287,0.009680466534546258,0.03469622314195877,145.88888888888889,477.1319362066693,0.10466538979483628,0.0,24.0,168
BTCUSD,atr_arm,60,5,cc7f9f4b9bfd,14122,25.0,ok,7.0,0.011896331964311006,588.4166666666666,0.0,0.0,10000.0,81.07917945603208,10098.531107739798,0.8107917945603208,1.4543837060694025,9.793142017000001,-7.39082147303205,72.87321070300277,277.7418008695919,-196.66262141355978,92.58060028986397,-49.165655353389944,106.094602863007,-51.4759402078458,1.4122754943123206,0.42857142857142855,0.27941736432011327,-0.9891183773593738,1.4458425417667293,0.31424449178054703,0.03482712746043383,250.57142857142858,471.2850741673983,0.10453604230899512,0.0,24.0,720
DOGEUSD,atr_arm,15,5,10d320454352,95,,too_short,,,,,,,,,,,,,,,,,,,,,,,,,,,,,,,2.0,24
DOGEUSD,atr_arm,15,5,10d320454352,95,,too_short,,,,,,,,,,,,,,,,,,,,,,,,,,,,,,,2.0,168
DOGEUSD,atr_arm,15,5,10d320454352,95,,too_short,,,,,,,,,,,,,,,,,,,,,,,,,,,,,,,2.0,720
DOGEUSD,atr_arm,15,5,ef3fa61dd9e9,95,,too_short,,,,,,,,,,,,,,,,,,,,,,,,,,,,,,,4.0,24
DOGEUSD,atr_arm,15,5,ef3fa61dd9e9,95,,too_short,,,,,,,,,,,,,,,,,,,,,,,,,,,,,,,4.0,168
DOGEUSD,atr_arm,15,5,ef3fa61dd9e9,95,,too_short,,,,,,,,,,,,,,,,,,,,,,,,,,,,,,,4.0,720
DOGEUSD,atr_arm,15,5,fb6e4c240971,95,,too_short,,,,,,,,,,,,,,,,,,,,,,,,,,,,,,,8.0,24
DOGEUSD,atr_arm,15,5,fb6e4c240971,95,,too_short,,,,,,,,,,,,,,,,,,,,,,,,,,,,,,,8.0,168
DOGEUSD,atr_arm,15,5,fb6e4c240971,95,,too_short,,,,,,,,,,,,,,,,,,,,,,,,,,,,,,,8.0,720
DOGEUSD,atr_arm,15,5,e0caa36aed80,95,,too_short,,,,,,,,,,,,,,,,,,,,,,,,,,,,,,,12.0,24
DOGEUSD,atr_arm,15,5,e0caa36aed80,95,,too_short,,,,,,,,,,,,,,,,,,,,,,,,,,,,,,,12.0,168
DOGEUSD,atr_arm,15,5,e0caa36aed80,95,,too_short,,,,,,,,,,,,,,,,,,,,,,,,,,,,,,,12.0,720
DOGEUSD,atr_arm,15,5,119b3b7d34b5,95,,too_short,,,,,,,,,,,,,,,,,,,,,,,,,,,,,,,16.0,24
DOGEUSD,atr_arm,15,5,119b3b7d34b5,95,,too_short,,,,,,,,,,,,,,,,,,,,,,,,,,,,,,,16.0,168
DOGEUSD,atr_arm,15,5,119b3b7d34b5,95,,too_short,,,,,,,,,,,,,,,,,,,,,,,,,,,,,,,16.0,720
DOGEUSD,atr_arm,15,5,0715650d5a70,95,,too_short,,,,,,,,,,,,,,,,,,,,,,,,,,,,,,,24.0,24
DOGEUSD,atr_arm,15,5,0715650d5a70,95,,too_short,,,,,,,,,,,,,,,,,,,,,,,,,,,,,,,24.0,168
DOGEUSD,atr_arm,15,5,0715650d5a70,95,,too_short,,,,,,,,,,,,,,,,,,,,,,,,,,,,,,,24.0,720
DOGEUSD,atr_arm,60,5,ce9d73014263,24,,too_short,,,,,,,,,,,,,,,,,,,,,,,,,,,,,,,2.0,24
DOGEUSD,atr_arm,60,5,ce9d73014263,24,,too_short,,,,,,,,,,,,,,,,,,,,,,,,,,,,,,,2.0,168
DOGEUSD,atr_arm,60,5,ce9d73014263,24,,too_short,,,,,,,,,,,,,,,,,,,,,,,,,,,,,,,2.0,720
DOGEUSD,atr_arm,60,5,ff218c1c7aa1,24,,too_short,,,,,,,,,,,,,,,,,,,,,,,,,,,,,,,4.0,24
DOGEUSD,atr_arm,60,5,ff218c1c7aa1,24,,too_short,,,,,,,,,,,,,,,,,,,,,,,,,,,,,,,4.0,168
DOGEUSD,atr_arm,60,5,ff218c1c7aa1,24,,too_short,,,,,,,,,,,,,,,,,,,,,,,,,,,,,,,4.0,720
DOGEUSD,atr_arm,60,5,a6a43d305a6b,24,,too_short,,,,,,,,,,,,,,,,,,,,,,,,,,,,,,,8.0,24
DOGEUSD,atr_arm,60,5,a6a43d305a6b,24,,too_short,,,,,,,,,,,,,,,,,,,,,,,,,,,,,,,8.0,168
DOGEUSD,atr_arm,60,5,a6a43d305a6b,24,,too_short,,,,,,,,,,,,,,,,,,,,,,,,,,,,,,,8.0,720
DOGEUSD,atr_arm,60,5,fc1f26f46863,24,,too_short,,,,,,,,,,,,,,,,,,,,,,,,,,,,,,,12.0,24
DOGEUSD,atr_arm,60,5,fc1f26f46863,24,,too_short,,,,,,,,,,,,,,,,,,,,,,,,,,,,,,,12.0,168
DOGEUSD,atr_arm,60,5,fc1f26f46863,24,,too_short,,,,,,,,,,,,,,,,,,,,,,,,,,,,,,,12.0,720
DOGEUSD,atr_arm,60,5,6a9f6844330e,24,,too_short,,,,,,,,,,,,,,,,,,,,,,,,,,,,,,,16.0,24
DOGEUSD,atr_arm,60,5,6a9f6844330e,24,,too_short,,,,,,,,,,,,,,,,,,,,,,,,,,,,,,,16.0,168
DOGEUSD,atr_arm,60,5,6a9f6844330e,24,,too_short,,,,,,,,,,,,,,,,,,,,,,,,,,,,,,,16.0,720
DOGEUSD,atr_arm,60,5,cc7f9f4b9bfd,24,,too_short,,,,,,,,,,,,,,,,,,,,,,,,,,,,,,,24.0,24
DOGEUSD,atr_arm,60,5,cc7f9f4b9bfd,24,,too_short,,,,,,,,,,,,,,,,,,,,,,,,,,,,,,,24.0,168
DOGEUSD,atr_arm,60,5,cc7f9f4b9bfd,24,,too_short,,,,,,,,,,,,,,,,,,,,,,,,,,,,,,,24.0,720
ETHUSD,atr_arm,15,5,10d320454352,56491,8499.0,ok,691.0,1.1742755483174312,588.4479166666666,4096.0,1093.0,10000.0,-1100.5855800857557,8899.414419914261,-11.005855800857557,32.80625521966026,3817.4513445770003,-5.773764491257797,-1106.3593445769966,24764.630601082223,-25865.216181167983,96.36043035440554,-59.59727230683867,119.55165965600024,-72.10528844999953,0.9574492023427557,0.3719247467438495,-0.028789091473942072,-0.1329792226135227,0.07908045388414714,0.08740914765659391,0.116198239130536,27.439942112879883,130.08954215239137,0.36649388048523124,0.0,2.0,24
ETHUSD,atr_arm,15,5,10d320454352,56491,8499.0,ok,668.0,1.1351896762316123,588.4479166666666,3839.0,1049.0,10000.0,-339.506535023821,9660.493464976153,-3.3950653502382098,32.046878928105805,3835.6861362399995,-22.69160121618939,-362.19813624002927,26587.968636164165,-26927.475171187987,108.9670845744433,-63.50819615846223,127.46316654500025,-77.18277204000084,0.9873918169874654,0.3652694610778443,-0.005197256168639288,-0.1126739180310602,0.10076925742282512,0.11065087461727538,0.11584813078591469,31.320359281437124,130.1407877007163,0.3654235238549938,0.0,2.0,168
ETHUSD,atr_arm,15,5,10d320454352,56491,8499.0,ok,668.0,1.1351896762316123,588.4479166666666,3827.0,1046.0,10000.0,-605.3641545537025,9394.635845446279,-6.053641545537025,32.05744447480131,3772.550053971,-20.48589941730609,-625.8500539710258,25978.41553574422,-26583.779690297924,107.34882452786869,-62.403238709619544,123.94694126100026,-75.1516464600008,0.9772280630667941,0.36227544910179643,-0.01343904690561769,-0.11866411962306926,0.09237134280070734,0.10241784812788556,0.11585689503350327,31.339820359281436,130.1407877007163,0.36550529052302594,0.0,2.0,720
ETHUSD,atr_arm,15,5,ef3fa61dd9e9,56491,8379.0,ok,714.0,1.2133614204032501,588.4479166666666,509.0,1105.0,10000.0,-877.7912112835388,9122.208788716394,-8.777912112835388,16.453341945970724,2731.1444188200003,70.9157924635457,-806.8754188200219,17981.824878103296,-18859.616089386836,61.371415966222855,-44.79718786077633,102.27417383593364,-60.4179398454761,0.9534565705302182,0.4103641456582633,-0.022341065573466656,-0.10631982846982359,0.06413772133951105,0.0635219127516832,0.08586297832514987,58.54761904761905,189.97195909506178,0.27034946404582444,0.0,4.0,24
ETHUSD,atr_arm,15,5,ef3fa61dd9e9,56491,8379.0,ok,447.0,0.7596254270591776,588.4479166666666,121.0,682.0,10000.0,-1275.2071997420978,8724.792800257928,-12.752071997420977,20.968868879272705,1546.0901382690001,51.74006147310196,-1223.4671382689885,14728.707165798556,-16003.914365540655,96.26605990718011,-54.43508287598862,112.68256166004078,-74.2836584329352,0.9203190437904459,0.3422818791946309,-0.05596095215897297,-0.19003537415106844,0.07989294679420174,0.021685859542813348,0.07764681170178635,107.39821029082773,216.9237387082895,0.24442778337880047,0.0,4.0,168
ETHUSD,atr_arm,15,5,ef3fa61dd9e9,56491,8379.0,ok,429.0,0.7290364836876672,588.4479166666666,105.0,645.0,10000.0,-967.8810957608196,9032.118904239214,-9.678810957608196,20.931733233402927,1508.1476180220002,52.28947773882356,-915.5916180219792,14789.159356764892,-15757.04045252571,100.60652623649587,-55.87602997349543,117.31335186524794,-76.7191882176216,0.9385746899186468,0.34265734265734266,-0.042332746705361746,-0.17662867415107641,0.09015551315890998,0.03476771728932482,0.07710046399468659,112.85081585081585,218.86413695039883,0.24283104157486135,0.0,4.0,720
ETHUSD,atr_arm,15,5,fb6e4c240971,56491,6684.0,ok,538.0,0.9142695296595919,588.4479166666666,46.0,572.0,10000.0,-115.88128145925185,9881.789227795254,-1.1588128145925185,8.630923157320339,1407.276017426,-5.577735966747497,-122.63655982604723,10216.032768214907,-10331.91404967416,41.868986754979126,-35.14256479481007,102.73282910800019,-61.52866449688944,0.9887841419409691,0.45353159851301117,-0.0020831068798958003,-0.08045970196384167,0.07839979202785086,0.05225197601997238,0.0543350828998682,79.66542750929368,335.556471587626,0.1706178953636281,0.0,8.0,24
ETHUSD,atr_arm,15,5,fb6e4c240971,56491,6684.0,ok,185.0,0.31438636242941354,588.4479166666666,0.0,138.0,10000.0,1112.948003677932,11112.948003677931,11.129480036779322,6.529114330742329,387.081916329,31.99457999306865,1144.9425836709906,6857.96654637851,-5745.018542700578,87.92264803049372,-53.69176208131381,123.0266796134325,-76.9821133578738,1.193724005485066,0.42162162162162165,0.1195731378141566,-0.06854225676414015,0.3234614289534059,0.16338358767377795,0.04381044985962133,265.68108108108106,413.1715643985983,0.13733712565941295,0.0,8.0,168
ETHUSD,atr_arm,15,5,fb6e4c240971,56491,6684.0,ok,145.0,0.24641093271494577,588.4479166666666,0.0,62.0,10000.0,1387.5718687707094,11431.916470180442,13.875718687707096,6.741846876115673,246.215214491,-1.5770832617087436,1385.1025753089962,5900.265626664937,-4512.69375789423,100.00450214686335,-52.47318323132825,137.00870668046895,-59.000800679999905,1.3074819483026905,0.4068965517241379,0.18721867443510862,-0.041545561369624055,0.42710331047935934,0.22655509032316956,0.039336415888060985,323.3241379310345,428.9648566125838,0.12312774501753224,0.0,8.0,720
ETHUSD,atr_arm,15,5,e0caa36aed80,56491,3980.0,ok,386.0,0.6559628967446143,588.4479166666666,0.0,318.0,10000.0,-301.49432480779456,9696.592383672252,-3.0149432480779454,6.704940362287854,808.419963767,2.1348610407964053,-301.27275528697464,5222.445427709671,-5523.939752517466,30.36305481226553,-25.81280258185732,99.948000014,-61.80406164053795,0.9454204176158162,0.44559585492227977,-0.014648341917478025,-0.08959450276990784,0.05599976402898025,0.028269188563691823,0.04291753048116984,87.5880829015544,411.9214313709956,0.13437942731390445,0.0,12.0,24
ETHUSD,atr_arm,15,5,e0caa36aed80,56491,3980.0,ok,128.0,0.21752137508629696,588.4479166666666,0.0,45.0,10000.0,682.4697381658864,10684.703186745293,6.824697381658863,4.308763260367071,226.26569434200002,-44.37993250788605,637.2383404979828,4413.765018495418,-3731.295280329533,81.73638923139663,-50.42290919364234,114.22772420504837,-65.24993892158346,1.1829042428680725,0.421875,0.1097440125040012,-0.11330549007324059,0.34366314963251077,0.14776939257394983,0.03802538006994863,321.0,458.42512739199685,0.11896243914207517,0.0,12.0,168
ETHUSD,atr_arm,15,5,e0caa36aed80,56491,3980.0,ok,95.0,0.16144164557186103,588.4479166666666,0.0,6.0,10000.0,1070.0870668329485,11115.384456964008,10.700870668329484,7.309005367470653,148.949178733,-41.15274556594811,1028.0164850469955,4028.907952322349,-2958.8208854894006,100.72269880805872,-53.79674337253456,126.9337536856834,-66.38378186087542,1.3616599680233608,0.42105263157894735,0.22257290890819148,-0.06899134316909344,0.5158433702983969,0.2577916251092479,0.03521871620105637,413.9684210526316,468.6516146442391,0.11007630600533215,0.0,12.0,720
ETHUSD,atr_arm,15,5,119b3b7d34b5,56491,2079.0,ok,250.0,0.42484643571542374,588.4479166666666,0.0,165.0,10000.0,-498.49605016261637,9501.503949837355,-4.984960501626164,7.08550491466636,478.69369771900006,-2.8221475563850493,-501.3181977190161,2786.0595447066107,-3284.5555948692268,26.533900425777244,-22.652107550822254,98.3803268,-53.36484179000008,0.8482302899846444,0.42,-0.04102743846524653,-0.12262323852403452,0.04231310566392266,-0.0011887850808926874,0.039838653384353835,90.068,451.78813987240153,0.12470441353757487,0.0,16.0,24
ETHUSD,atr_arm,15,5,119b3b7d34b5,56491,2079.0,ok,93.0,0.15804287408613762,588.4479166666666,0.0,18.0,10000.0,596.3323623483093,10594.469300631921,5.9633236234830935,2.8927878970482666,147.73465662200002,-10.173018970309435,585.2178403379985,3166.5987275113216,-2570.266365163012,81.19483916695697,-47.59752528079652,114.12389438033858,-59.43727758559822,1.2320118920089005,0.41935483870967744,0.1293064280994601,-0.14293347616802035,0.39598674818572255,0.1650726141354286,0.03576618603596857,343.2258064516129,467.33693730106717,0.11177515915347545,0.0,16.0,168
ETHUSD,atr_arm,15,5,119b3b7d34b5,56491,2079.0,ok,68.0,0.11555823051459525,588.4479166666666,0.0,0.0,10000.0,417.78195533986326,10387.809749571776,4.177819553398632,4.772412962859034,100.19337920900001,-28.04483454886295,388.900925541011,2563.0618621898484,-2145.2799068499853,98.57930239191725,-51.078093020237745,122.87896240769959,-58.69445616000009,1.194744729583242,0.38235294117647056,0.12552340461218675,-0.2255273143457014,0.4763494372215705,0.15982855659058515,0.034305151978398375,458.3382352941176,472.64257653633325,0.10709716043643736,0.0,16.0,720
ETHUSD,atr_arm,15,5,0715650d5a70,56491,555.0,ok,80.0,0.1359508594289356,588.4479166666666,0.0,38.0,10000.0,207.4175638707861,10206.98873796766,2.0741756387078607,1.4370345341560966,151.85633390100003,5.906602228213302,212.43261949899897,886.0081854542184,-678.5906215834325,26.059064278065247,-14.751970034422445,99.29105608599987,-55.73530073761823,1.3056593434592345,0.425,0.05286349178128254,-0.07397968043716013,0.19059355190349206,0.09074845899809902,0.0378849672168165,94.725,456.1158864464789,0.11854882822669835,0.0,24.0,24
ETHUSD,atr_arm,15,5,0715650d5a70,56491,555.0,ok,46.0,0.07817174417163797,588.4479166666666,0.0,9.0,10000.0,-348.4635452384143,9639.00101450805,-3.484635452384143,7.597748334241178,74.46927885100001,-4.271733612585294,-354.3065066909985,1089.4851294028567,-1437.9486746412708,68.09282058767855,-47.93162248804236,102.31634779009302,-55.661793099197546,0.7576662148074609,0.34782608695652173,-0.15171029359074906,-0.5059741372483436,0.20308779303515131,-0.11617188270484399,0.03553841088590506,369.5652173913044,467.95422167045035,0.11111455790883855,0.0,24.0,168
ETHUSD,atr_arm,15,5,0715650d5a70,56491,555.0,ok,33.0,0.05607972951443593,588.4479166666666,0.0,0.0,10000.0,368.82298789189235,10406.226891217751,3.6882298789189236,3.530277898259662,48.834496894,26.64651521410873,394.6253612459968,1351.5484117451256,-982.725423853233,96.53917226750897,-51.72239072911753,118.25114238951937,-56.69481615564179,1.375306244185431,0.42424242424242425,0.2267101301973749,-0.30275924425681117,0.7633229151392846,0.26166271035790173,0.034952580160526776,500.42424242424244,476.7619109395777,0.10883204355960861,0.0,24.0,720
ETHUSD,atr_arm,60,5,ce9d73014263,14123,1902.0,ok,444.0,0.7545139134744742,588.4583333333334,97.0,618.0,10000.0,-1151.6178880322711,8848.382111967747,-11.51617888032271,18.242214565372137,1560.291818556,56.08856947627356,-1095.5293185559858,10240.489357597946,-11392.107245630217,56.891607542210814,-43.15192138496295,97.76698033599993,-57.16437510000012,0.8989108982910946,0.40540540540540543,-0.051930591573871254,-0.16281833316621527,0.06683621862882583,0.03404480413519935,0.08597539570907063,13.68918918918919,189.18574077949546,0.2705585840381203,0.0,2.0,24
ETHUSD,atr_arm,60,5,ce9d73014263,14123,1902.0,ok,358.0,0.6083693266303193,588.4583333333334,40.0,509.0,10000.0,-1834.2071854970823,8165.792814502966,-18.342071854970822,19.81675095773556,1200.358316466,36.999869031083406,-1797.2073164659905,10044.357529391831,-11878.564714888911,86.5892890464813,-49.08497816069798,97.76698033599993,-64.49608953173507,0.8455868002976794,0.3240223463687151,-0.10862936636880498,-0.2568390664227673,0.034841092088943176,-0.024961916247154627,0.08366745012165036,22.19832402234637,194.511408522171,0.26341320168127225,0.0,2.0,168
ETHUSD,atr_arm,60,5,ce9d73014263,14123,1902.0,ok,355.0,0.6032712596473837,588.4583333333334,39.0,505.0,10000.0,-1877.575263352442,8122.42473664758,-18.77575263352442,20.242006787394555,1176.0928141890001,35.08544916344326,-1842.489814188987,9891.3418751112,-11768.917138463641,86.76615679922105,-48.83368107246324,97.76698033599993,-64.03208888762185,0.8404632098890327,0.3211267605633803,-0.11261555011082226,-0.2630603662415892,0.03624772247093197,-0.029188886578716943,0.08342666353210529,22.543661971830986,194.43551719388626,0.2626149331344105,0.0,2.0,720
ETHUSD,atr_arm,60,5,ff218c1c7aa1,14123,1522.0,ok,330.0,0.5607873681229201,588.4583333333334,4.0,384.0,10000.0,-145.8249170761854,9854.175082923832,-1.458249170761854,7.4761637186227174,810.1118499450001,21.207067131189508,-124.61784994497611,5501.81015923664,-5647.635076312826,34.602579617840505,-33.02710570943173,98.60472910924186,-59.1890435861796,0.9741794724507252,0.4818181818181818,-0.007509716476775926,-0.09809739703465935,0.0818259321694365,0.043321377010061696,0.050831093486837606,20.836363636363636,346.7600657208928,0.15943623969914764,0.0,4.0,24
ETHUSD,atr_arm,60,5,ff218c1c7aa1,14123,1522.0,ok,159.0,0.2701975500955887,588.4583333333334,0.0,175.0,10000.0,-322.86841155586603,9676.104861694152,-3.2286841155586603,9.793402044001818,309.87261097400005,47.332800581868355,-277.6641352290062,4724.343922962857,-5047.212334518723,82.88322671864661,-49.48247386783061,105.47381555012637,-69.36615718888801,0.9360303490012267,0.3584905660377358,-0.03727452504169279,-0.25737285874894766,0.18037888730573867,0.008318080934529343,0.0455926059762221,61.465408805031444,371.09193802764634,0.14299216067323461,0.0,4.0,168
ETHUSD,atr_arm,60,5,ff218c1c7aa1,14123,1522.0,ok,144.0,0.24470721518091054,588.4583333333334,0.0,155.0,10000.0,-76.56538578346806,9900.435914172498,-0.7656538578346807,7.364972182032867,280.79575890500007,55.93762687847005,-21.56497777499135,4799.769651890551,-4876.335037674019,95.99539303781103,-51.875904656106584,113.69520287305923,-71.10031111861021,0.984298579734179,0.3472222222222222,-0.005986935849744727,-0.23951933481390925,0.22477429715896338,0.039279909183136646,0.04526684503288132,67.51388888888889,377.0563417466699,0.1418763185875749,0.0,4.0,720
ETHUSD,atr_arm,60,5,a6a43d305a6b,14123,305.0,ok,90.0,0.1529420094880691,588.4583333333334,0.0,50.0,10000.0,189.40459632954446,10188.866103278835,1.8940459632954445,1.7386518594704108,170.876145062,-4.658741391544252,183.62949606299844,1066.4368474711132,-877.0322511415688,23.69859661046918,-19.48960558092375,99.66713864437521,-53.40147885277601,1.215960811113856,0.5,0.0435275354524362,-0.07716108138089607,0.1802089236762988,0.0821851016298014,0.03865756617736518,23.055555555555557,457.8370755947092,0.12100209205312276,0.0,8.0,24
ETHUSD,atr_arm,60,5,a6a43d305a6b,14123,305.0,ok,50.0,0.08496778304892727,588.4583333333334,0.0,15.0,10000.0,825.1540602212431,10833.92345409194,8.25154060221243,2.0001922536196544,86.656335131,-29.406395352242647,794.8287297589904,2001.918348191316,-1176.764287970073,74.14512400708578,-51.163664694351,114.37906559186445,-72.19800837410554,1.7012058987995293,0.54,0.3240494955250503,-0.0537206812471989,0.7088043114207175,0.36219586739091475,0.038146371865864524,94.26,459.0509089541116,0.11931481323324883,0.0,8.0,168
ETHUSD,atr_arm,60,5,a6a43d305a6b,14123,305.0,ok,38.0,0.06457551511718473,588.4583333333334,0.0,2.0,10000.0,1199.2086776601789,11208.409353196657,11.99208677660179,2.65176573511859,58.35498037300002,30.8958419668212,1229.1403909869914,2124.30270971647,-925.0940320562909,101.15727189126048,-54.41729600331123,129.1799067470578,-74.45419613579634,2.2963100356345274,0.5526315789473685,0.6115182807653902,0.12663179896208887,1.0736013641376139,0.6482011126369941,0.036682831871603906,133.21052631578948,473.582783539187,0.11436144239500963,0.0,8.0,720
ETHUSD,atr_arm,60,5,fc1f26f46863,14123,73.0,ok,23.0,0.03908518020250655,588.4583333333334,0.0,9.0,10000.0,-62.67245315140904,9937.327546848594,-0.6267245315140904,1.2945839079618418,42.32963543,-4.014182278590499,-66.68663542999639,137.1634089936751,-199.83586214508406,11.430284082806258,-18.166896558644005,26.63654043782644,-50.1304133410331,0.6863803499598697,0.5217391304347826,-0.055132256205382195,-0.22111982845312952,0.09233173480422589,-0.017792949270448034,0.037339306934934154,23.565217391304348,452.2960561858458,0.11702048376182823,0.0,12.0,24
ETHUSD,atr_arm,60,5,fc1f26f46863,14123,73.0,ok,19.0,0.03228775755859237,588.4583333333334,0.0,5.0,10000.0,148.87030882657515,10138.865088079265,1.4887030882657515,1.1433033160034185,31.386805446000004,-57.240114272575255,90.05839159399693,576.5750371433584,-427.7047283167833,64.06389301592871,-42.77047283167833,101.95052504674626,-55.030400201817706,1.3480679519547256,0.47368421052631576,0.16428730042242767,-0.40570871318285234,0.7083128470128146,0.20077698561586566,0.03648968519343798,102.84210526315789,437.82350713293687,0.11421997570997397,0.0,12.0,168
ETHUSD,atr_arm,60,5,fc1f26f46863,14123,73.0,ok,16.0,0.02718969057565673,588.4583333333334,0.0,0.0,10000.0,251.73727086814966,10241.635846075194,2.5173727086814965,1.0876935609556555,24.918202592,-35.90447346014909,214.24588095799845,706.0947319349906,-454.357461066841,100.87067599071294,-50.48416234076011,123.48047938210208,-65.75902195558393,1.5540511435138868,0.4375,0.32620779743351325,-0.4093689173735202,1.0670966730454297,0.3627351458098703,0.03652734837635703,139.1875,452.7425143914928,0.11415158118149624,0.0,12.0,720
ETHUSD,atr_arm,60,5,6a9f6844330e,14123,13.0,ok,8.0,0.013594845287828365,588.4583333333334,0.0,0.0,10000.0,-26.08087528570284,9973.919124714297,-0.2608087528570284,0.6365922013776981,14.114995175,0.6483801107026993,-25.43249517500044,47.47931608703266,-73.5601913727355,15.826438695677552,-14.712038274547101,32.859796131728004,-38.49938977207537,0.6454485123135567,0.375,-0.06509264251373031,-0.3149569802046003,0.2086382725813678,-0.029631282541262585,0.035461359972467715,24.0,460.42067370360894,0.11156849224557985,0.0,16.0,24
ETHUSD,atr_arm,60,5,6a9f6844330e,14123,13.0,ok,5.0,0.008496778304892727,588.4583333333334,0.0,0.0,10000.0,-21.38021913010727,9971.21206935507,-0.21380219130107272,0.7476915939170552,7.785879781,-5.735660650892905,-28.27961851100008,100.2337477585843,-121.61396688869158,100.2337477585843,-30.403491722172895,100.2337477585843,-53.90613131802592,0.8241960222408028,0.2,-0.08092705031343836,-0.8673061073754104,0.9924034320219555,-0.04726089249968917,0.033666157813749195,122.2,484.5635278457637,0.10552713091306698,0.0,16.0,168
ETHUSD,atr_arm,60,5,6a9f6844330e,14123,13.0,ok,4.0,0.006797422643914182,588.4583333333334,0.0,0.0,10000.0,-66.87881430612032,9956.31495530217,-0.6687881430612032,1.1348276413971605,6.235791946000001,9.769522360120249,-57.91136393600027,100.2337477585843,-167.11256206470463,100.2337477585843,-55.70418735490154,100.2337477585843,-68.89294589438495,0.5997978040679827,0.25,-0.33063272105970043,-1.2666381888106,1.2605636493997316,-0.2966887552993632,0.03394396576033718,131.5,469.91297327445136,0.10676746536710799,0.0,16.0,720
ETHUSD,atr_arm,60,5,cc7f9f4b9bfd,14123,0.0,ok,0.0,0.0,588.4583333333334,0.0,0.0,10000.0,0.0,10000.0,0.0,0.0,0.0,0.0,0.0,0.0,0.0,,,,,,,,,,,,0.0,,0.0,,24.0,24
ETHUSD,atr_arm,60,5,cc7f9f4b9bfd,14123,0.0,ok,0.0,0.0,588.4583333333334,0.0,0.0,10000.0,0.0,10000.0,0.0,0.0,0.0,0.0,0.0,0.0,0.0,,,,,,,,,,,,0.0,,0.0,,24.0,168
ETHUSD,atr_arm,60,5,cc7f9f4b9bfd,14123,0.0,ok,0.0,0.0,588.4583333333334,0.0,0.0,10000.0,0.0,10000.0,0.0,0.0,0.0,0.0,0.0,0.0,0.0,,,,,,,,,,,,0.0,,0.0,,24.0,720
SOLUSD,atr_arm,15,5,10d320454352,56491,8752.0,ok,863.0,1.4665698960896427,588.4479166666666,3036.0,1358.0,10000.0,-1651.4793014681163,8348.52069853192,-16.514793014681164,27.771137343219326,4209.1299867372,29.43491473090599,-1469.2416031576067,27781.391634831576,-29432.870936299696,89.3292335525131,-53.320418362861766,107.76048533279987,-63.5709717159993,0.9438899689723661,0.3603707995365006,-0.037318423325021825,-0.1296283236883849,0.05901758272184008,0.07570336954702177,0.11302179287204361,26.46002317497103,133.25021864126123,0.350423481964505,0.11587485515643105,2.0,24
SOLUSD,atr_arm,15,5,10d320454352,56491,8752.0,ok,840.0,1.4274840240038238,588.4479166666666,2827.0,1329.0,10000.0,-2519.6037303655526,7480.3962696344515,-25.196037303655526,30.517865554026503,3868.4334475040005,29.0379828615456,-2345.0392869520374,25945.099483707967,-28464.703214073517,89.46586028864816,-51.75400584377003,101.42163325439988,-60.11691137500017,0.9114832249816043,0.34523809523809523,-0.06439507152353234,-0.15900405978425797,0.030916395427842108,0.04835804947662712,0.11275312100015944,29.354761904761904,134.0136758078526,0.34941701325251945,0.11904761904761905,2.0,168
SOLUSD,atr_arm,15,5,10d320454352,56491,8752.0,ok,840.0,1.4274840240038238,588.4479166666666,2827.0,1329.0,10000.0,-2519.6037303655526,7480.3962696344515,-25.196037303655526,30.517865554026503,3868.4334475040005,29.0379828615456,-2345.0392869520374,25945.099483707967,-28464.703214073517,89.46586028864816,-51.75400584377003,101.42163325439988,-60.11691137500017,0.9114832249816043,0.34523809523809523,-0.06439507152353234,-0.15900405978425797,0.030916395427842108,0.04835804947662712,0.11275312100015944,29.354761904761904,134.0136758078526,0.34941701325251945,0.11904761904761905,2.0,720
SOLUSD,atr_arm,15,5,ef3fa61dd9e9,56491,8506.0,ok,735.0,1.2490485210033457,588.4479166666666,203.0,1108.0,10000.0,495.19923881009004,10491.769993798469,4.9519923881009005,14.826152637400511,2599.9831850938,67.12037609611107,558.7395877062027,20293.370157736113,-19798.170918926022,65.67433708005214,-46.47457962189207,104.76071476319986,-63.19048746593691,1.0250123731549718,0.4204081632653061,0.014830400323055168,-0.07150455288412073,0.10548766728303384,0.09204985793168621,0.07721945760863104,57.46938775510204,221.48097939186343,0.23771964427332978,0.0,4.0,24
SOLUSD,atr_arm,15,5,ef3fa61dd9e9,56491,8506.0,ok,477.0,0.8106069993450284,588.4479166666666,53.0,707.0,10000.0,677.7283574942702,10674.241958399098,6.777283574942702,17.078882324114435,1481.6128108124,62.015931693324916,736.1045948676001,16986.82354800318,-16309.095190508913,97.06756313144675,-54.003626458638784,108.38686756679989,-63.44597603005426,1.0415552395505467,0.3668763102725367,0.033649103089947015,-0.10291119628858392,0.1678769878966164,0.10442618958209651,0.07077708649214952,99.40461215932915,237.5865203104246,0.2170624196581713,0.0,4.0,168
SOLUSD,atr_arm,15,5,ef3fa61dd9e9,56491,8506.0,ok,471.0,0.8004106848878583,588.4479166666666,53.0,702.0,10000.0,717.2771915111061,10713.790792415915,7.172771915111062,17.371258957883217,1469.2561230564,61.56788543248918,775.2053826235951,16887.771412795933,-16170.494221284825,97.61717579650829,-54.263403427130285,108.38686756679989,-63.44597603005426,1.0443571595088896,0.3673036093418259,0.037687170137216765,-0.09853389442421695,0.17436434040137863,0.10848802201535532,0.07080085187813857,100.89384288747345,237.5865203104246,0.21716032474720964,0.0,4.0,720
SOLUSD,atr_arm,15,5,fb6e4c240971,56491,6100.0,ok,494.0,0.8394965569736773,588.4479166666666,2.0,482.0,10000.0,-459.3798319150892,9539.173343496726,-4.593798319150892,13.65687124240132,1085.2872365272,39.78379538788995,-421.1056870272005,8422.486665183838,-8881.866497098927,36.77941775189449,-33.516477347543116,100.58910506240011,-56.76451139700023,0.9482789082604276,0.46356275303643724,-0.017231245786670665,-0.09445444201684422,0.057698829824005426,0.030464832243715493,0.04769607803038614,81.09919028340082,375.14831830190195,0.14426969669451734,0.0,8.0,24
SOLUSD,atr_arm,15,5,fb6e4c240971,56491,6100.0,ok,179.0,0.30419004797224336,588.4479166666666,0.0,115.0,10000.0,494.41796572748206,10492.941927985596,4.9441796572748204,8.924805499575962,317.9354845066,47.348849765919205,539.899232583386,5951.872080062283,-5457.454114334801,86.25901565307657,-49.61321922122546,109.2398364383999,-58.10097126399983,1.0905949835526463,0.3854748603351955,0.055502870963509,-0.13514801753447653,0.25959382699637007,0.09563588751338939,0.040133016549880336,258.9608938547486,442.9992011409466,0.12034213117671785,0.0,8.0,168
SOLUSD,atr_arm,15,5,fb6e4c240971,56491,6100.0,ok,155.0,0.2634047901435627,588.4479166666666,0.0,77.0,10000.0,130.23860942775553,10125.754142926055,1.3023860942775554,10.185730584477515,240.56314969160002,32.35724088064562,160.32852976839786,5024.62962321123,-4894.391013783474,91.35690224020418,-48.943910137834735,100.79721084112202,-57.078488947181434,1.0266097680101531,0.3548387096774194,0.02707736247058619,-0.18540933863415712,0.2580561434969006,0.06524554113747692,0.03816817866689077,301.26451612903224,456.04265683005787,0.11391985815633399,0.0,8.0,720
SOLUSD,atr_arm,15,5,e0caa36aed80,56491,2956.0,ok,313.0,0.5319077375157105,588.4479166666666,0.0,223.0,10000.0,-202.40269993308436,9796.48400112741,-2.0240269993308435,9.539341643849172,604.4106480072,8.763851925887112,-194.78304529718844,4416.794143722243,-4619.196843655327,32.47642752736943,-26.097157308787157,102.22154204220014,-55.98377827000006,0.9561822743685207,0.43450479233226835,-0.011454620516088634,-0.09349552692111658,0.07520876612624884,0.028494203080792143,0.03994882359688079,87.29392971246007,444.71117605445943,0.12017642887452354,0.0,12.0,24
SOLUSD,atr_arm,15,5,e0caa36aed80,56491,2956.0,ok,114.0,0.1937299746862332,588.4479166666666,0.0,22.0,10000.0,-348.2579109664117,9650.652590131991,-3.4825791096641168,10.343658041859095,173.96705565079998,10.978755315612117,-338.3739392308016,3065.3486548854494,-3413.606565851861,76.63371637213623,-46.12981845745758,97.80005491848831,-52.75354282800007,0.8979794817451365,0.3508771929824561,-0.061130822304255046,-0.292478716643733,0.18158388428894187,-0.02503063788568029,0.036100184418574766,308.79824561403507,460.45054473050857,0.10622996541197063,0.0,12.0,168
SOLUSD,atr_arm,15,5,e0caa36aed80,56491,2956.0,ok,90.0,0.15294471685755254,588.4479166666666,0.0,7.0,10000.0,-476.55936882469297,9522.351132273696,-4.76559368824693,9.254962788092984,129.6628102738,7.443558550892768,-470.21059385379704,2491.8502898092966,-2968.4096586339892,88.99465320747488,-47.87757513925789,100.89383643597425,-54.30724035735658,0.8394563339872715,0.3111111111111111,-0.11201557391123293,-0.39539222027873894,0.16766281116733958,-0.07726540595724503,0.03475016795398789,399.5777777777778,476.54151229832985,0.10228417731857171,0.0,12.0,720
SOLUSD,atr_arm,15,5,119b3b7d34b5,56491,1251.0,ok,159.0,0.27020233311500946,588.4479166666666,0.0,90.0,10000.0,-12.998545965845153,9986.181128499784,-0.12998545965845154,3.7144865691441877,284.7282662832,18.05827968264575,4.216640976806957,1811.102497258067,-1824.1010432239123,25.154201350806485,-20.96667865774612,94.37382458629179,-52.93265409185369,0.9928739989409404,0.4528301886792453,-0.0008372359379831916,-0.09469392575274159,0.09466505515318092,0.0363457470954356,0.037182983033418784,92.30188679245283,463.4442985670904,0.11246274089384205,0.0,16.0,24
SOLUSD,atr_arm,15,5,119b3b7d34b5,56491,1251.0,ok,67.0,0.11385884477173355,588.4479166666666,0.0,9.0,10000.0,-52.48514236043439,9947.272612744837,-0.5248514236043439,6.381857743814363,103.99785008220002,17.1126922782355,-36.63212878219383,1949.9664795323306,-2002.451621892765,74.99871075124348,-48.84028346079914,99.64273474689747,-55.36697713151984,0.9737895578666594,0.3880597014925373,-0.01330049932033081,-0.3302968901648107,0.32171007975217514,0.021850724001490785,0.03515122332182163,342.1641791044776,477.92087573798915,0.10542976895032155,0.0,16.0,168
SOLUSD,atr_arm,15,5,119b3b7d34b5,56491,1251.0,ok,55.0,0.09346621585739322,588.4479166666666,0.0,3.0,10000.0,304.38544323281866,10303.585286063442,3.0438544323281866,4.399517988772083,78.54916727439999,11.07298949278223,314.62309304560586,1999.6554525828476,-1695.2700093500287,95.22168821823084,-49.86088262794202,99.64273474689747,-55.36697713151984,1.1795498307373002,0.38181818181818183,0.11190899408717078,-0.2708951733197807,0.4941601940681114,0.14612693135028718,0.03421793726311633,440.09090909090907,481.9620667102686,0.10202329380101158,0.0,16.0,720
SOLUSD,atr_arm,15,5,0715650d5a70,56491,240.0,ok,40.0,0.0679754297144678,588.4479166666666,0.0,11.0,10000.0,214.68545923892606,10213.783593191527,2.1468545923892606,0.5908518320547028,67.411838943,1.3424018180737902,215.12515175699446,475.30573145356766,-260.62027221464155,19.804405477231985,-16.288767013415097,58.11105481704874,-51.79665338439678,1.8237481198780867,0.6,0.11250076200172501,-0.038443726127619184,0.2662561533138049,0.14717327209235495,0.03467251009062995,94.25,464.84620949567903,0.10510722250041324,0.0,24.0,24
SOLUSD,atr_arm,15,5,0715650d5a70,56491,240.0,ok,21.0,0.03568710060009559,588.4479166666666,0.0,7.0,10000.0,218.16893719310386,10216.28743997135,2.1816893719310384,3.0668266547422918,33.60206017360001,11.805702633296173,229.02667774640213,706.7687904592682,-488.59985326616436,70.67687904592682,-44.41816847874222,99.71400703816096,-56.284277165427355,1.4465186301933997,0.47619047619047616,0.22780697093097407,-0.29935108142955685,0.7812824621496084,0.26348316210318184,0.03567619117220792,460.1904761904762,451.5317233702753,0.10744234180251887,0.0,24.0,168
SOLUSD,atr_arm,15,5,0715650d5a70,56491,240.0,ok,18.0,0.030588943371510507,588.4479166666666,0.0,0.0,10000.0,96.67910679663811,10096.517610200144,0.9667910679663811,3.04244489497653,26.0867551514,12.040638051961832,107.87995904859963,649.895367703876,-553.2162609072379,92.842195386268,-50.29238735520345,96.57001662818892,-53.234130471084285,1.1747582521129996,0.3888888888888889,0.12283918657044435,-0.5395545163705395,0.7888768904387152,0.15752562203515705,0.03468643546471272,570.8888888888889,458.69058676641305,0.10393583061200495,0.0,24.0,720
SOLUSD,atr_arm,60,5,ce9d73014263,14123,1991.0,ok,449.0,0.763010691779367,588.4583333333334,30.0,606.0,10000.0,-81.57341111870619,9918.426588881266,-0.8157341111870618,15.69868653557994,1671.2631723004001,46.802438818310954,-34.770972300409994,13015.826645865918,-13097.400056984625,69.97756261218235,-49.80000021667158,111.47646527599998,-65.68743436200003,0.9937717859450125,0.4142538975501114,0.0008491811317690895,-0.11111117309966569,0.11194684334925652,0.07915385457490917,0.07830467344314011,14.32739420935412,209.92761916545467,0.24147600055550855,0.0,2.0,24
SOLUSD,atr_arm,60,5,ce9d73014263,14123,1991.0,ok,364.0,0.6185654605961906,588.4583333333334,24.0,491.0,10000.0,-441.5418517548723,9555.032198176228,-4.415418517548724,15.832492675876173,1159.6117833974001,39.505268357472964,-405.1098643073874,11812.944957809561,-12254.48680956443,93.01531462842173,-51.70669539900604,103.18329610551653,-57.7067732876682,0.9639689642972031,0.3489010989010989,-0.021940447852114034,-0.1641784021086726,0.12816594683361893,0.0537303936949093,0.0756708415470233,21.23076923076923,214.3768017622061,0.2325031200420899,0.0,2.0,168
SOLUSD,atr_arm,60,5,ce9d73014263,14123,1991.0,ok,364.0,0.6185654605961906,588.4583333333334,24.0,491.0,10000.0,-441.5418517548723,9555.032198176228,-4.415418517548724,15.832492675876173,1159.6117833974001,39.505268357472964,-405.1098643073874,11812.944957809561,-12254.48680956443,93.01531462842173,-51.70669539900604,103.18329610551653,-57.7067732876682,0.9639689642972031,0.3489010989010989,-0.021940447852114034,-0.1641784021086726,0.12816594683361893,0.0537303936949093,0.0756708415470233,21.23076923076923,214.3768017622061,0.2325031200420899,0.0,2.0,720
SOLUSD,atr_arm,60,5,ff218c1c7aa1,14123,1388.0,ok,297.0,0.504708631310628,588.4583333333334,0.0,320.0,10000.0,479.93065379963946,10477.638655359084,4.799306537996395,5.391471843120052,660.358193042,31.06235315836193,508.7031413980021,5463.79667158677,-4983.866017787131,37.943032441574786,-32.5742876979551,105.31257327714779,-58.46152069024708,1.0962968611288495,0.48484848484848486,0.036701552149764234,-0.06075459142613517,0.13714405971854676,0.08252952157354096,0.04582796942377674,21.195286195286194,384.71816525435923,0.1381777496870489,0.0,4.0,24
SOLUSD,atr_arm,60,5,ff218c1c7aa1,14123,1388.0,ok,156.0,0.2650994831126531,588.4583333333334,0.0,105.0,10000.0,780.5136553058824,10778.161341116847,7.805136553058824,7.700924958879497,298.0317570912,27.338987602918145,805.5025177287916,5674.914075498952,-4894.400420193068,93.03137828686806,-51.52000442308493,110.7800816408939,-59.943683444692304,1.1594707396815511,0.391025641025641,0.11695127649782218,-0.10487448448480588,0.35236128266828853,0.15975149230258642,0.042800215804764306,58.083333333333336,401.5071545373742,0.12883539880989134,0.0,4.0,168
SOLUSD,atr_arm,60,5,ff218c1c7aa1,14123,1388.0,ok,141.0,0.2396091481979749,588.4583333333334,0.0,101.0,10000.0,648.7065848672624,10646.414586426683,6.487065848672624,7.971478922376658,252.44447623440004,28.32463889833794,674.7413582055942,5198.064120255426,-4549.357535388164,96.26044667139678,-52.29146592400189,106.26636979314438,-59.157728016364985,1.1425930100725556,0.3829787234042553,0.10923458359759265,-0.12861357002828488,0.343289321678572,0.15074612067515863,0.041511537077565955,66.0354609929078,413.0791669493253,0.12468821793735671,0.0,4.0,720
SOLUSD,atr_arm,60,5,a6a43d305a6b,14123,178.0,ok,54.0,0.09176520569284145,588.4583333333334,0.0,23.0,10000.0,336.030148723082,10336.030148723074,3.36030148723082,1.9645382275092202,93.32528223000003,5.0673690469173795,341.0975177699911,879.1574744967265,-543.1273257736445,31.398481232025947,-20.88951252975556,101.84396565042306,-53.36780021099997,1.6186949777281634,0.5185185185185185,0.1300811505378598,-0.055360598786789575,0.32586628918779315,0.16627902172670078,0.036197871188841026,22.962962962962962,471.71785201717114,0.10877775322733162,0.0,8.0,24
SOLUSD,atr_arm,60,5,a6a43d305a6b,14123,178.0,ok,31.0,0.05268002549033491,588.4583333333334,0.0,10.0,10000.0,418.5811505675141,10416.349276864295,4.185811505675141,2.230674609073358,48.855955138800006,7.619494293685701,425.07674109120126,1070.2872535077274,-651.7061029402132,71.35248356718184,-40.731631433763326,101.84396565042306,-54.47544101858281,1.6422851476747862,0.4838709677419355,0.27646849546199836,-0.16834261897333813,0.7213473502412618,0.3117551459218803,0.0352866504598818,97.45161290322581,471.3395919841136,0.1057302639061655,0.0,8.0,168
SOLUSD,atr_arm,60,5,a6a43d305a6b,14123,178.0,ok,25.0,0.042483891524463635,588.4583333333334,0.0,1.0,10000.0,778.6542102810008,10776.869751057511,7.786542102810008,1.6375357500503704,34.7003946852,21.11239503379882,798.5658053147981,1349.2829783896505,-570.6287681086496,96.37735559926075,-51.875342555331784,107.28181478820674,-58.659460148900905,2.3645547750104714,0.56,0.6353075312534133,0.047531640205535075,1.2336024497337514,0.6700455609241217,0.03473802967070833,139.08,472.18702077405754,0.10369444212913745,0.0,8.0,720
SOLUSD,atr_arm,60,5,fc1f26f46863,14123,19.0,ok,7.0,0.011895489626849819,588.4583333333334,0.0,0.0,10000.0,15.554519551526509,10015.554519551528,0.1555451955152651,0.4803479932107075,11.406699084000001,0.7011813644730601,16.255700916000933,100.51944228420486,-84.96492273267833,33.50648076140162,-21.241230683169583,55.862450152051196,-47.10540888213027,1.1830698958023544,0.42857142857142855,0.045786923301580344,-0.4464342107392571,0.5309469435134486,0.07998059003426054,0.03419366673268019,24.0,453.84647069323097,0.10294237584712859,0.0,12.0,24
SOLUSD,atr_arm,60,5,fc1f26f46863,14123,19.0,ok,6.0,0.010196133965871273,588.4583333333334,0.0,0.0,10000.0,-11.806528239651378,9988.193471760347,-0.11806528239651377,1.4621399026380733,8.5184234756,0.14380476405106069,-11.662723475599705,182.89308238360852,-194.6996106232599,91.44654119180426,-48.674902655814975,95.607553823651,-51.63823549437671,0.9393602883854925,0.3333333333333333,-0.030673463931300438,-1.0272888635206179,0.9729632192449169,0.0034168914205939815,0.03409035535189437,86.83333333333333,467.539515065566,0.10161288705221949,0.0,12.0,168
SOLUSD,atr_arm,60,5,fc1f26f46863,14123,19.0,ok,6.0,0.010196133965871273,588.4583333333334,0.0,0.0,10000.0,-11.806528239651378,9988.193471760347,-0.11806528239651377,1.4621399026380733,8.5184234756,0.14380476405106069,-11.662723475599705,182.89308238360852,-194.6996106232599,91.44654119180426,-48.674902655814975,95.607553823651,-51.63823549437671,0.9393602883854925,0.3333333333333333,-0.030673463931300438,-1.0272888635206179,0.9729632192449169,0.0034168914205939815,0.03409035535189437,86.83333333333333,467.539515065566,0.10161288705221949,0.0,12.0,720
SOLUSD,atr_arm,60,5,6a9f6844330e,14123,0.0,ok,0.0,0.0,588.4583333333334,0.0,0.0,10000.0,0.0,10000.0,0.0,0.0,0.0,0.0,0.0,0.0,0.0,,,,,,,,,,,,0.0,,0.0,,16.0,24
SOLUSD,atr_arm,60,5,6a9f6844330e,14123,0.0,ok,0.0,0.0,588.4583333333334,0.0,0.0,10000.0,0.0,10000.0,0.0,0.0,0.0,0.0,0.0,0.0,0.0,,,,,,,,,,,,0.0,,0.0,,16.0,168
SOLUSD,atr_arm,60,5,6a9f6844330e,14123,0.0,ok,0.0,0.0,588.4583333333334,0.0,0.0,10000.0,0.0,10000.0,0.0,0.0,0.0,0.0,0.0,0.0,0.0,,,,,,,,,,,,0.0,,0.0,,16.0,720
SOLUSD,atr_arm,60,5,cc7f9f4b9bfd,14123,0.0,ok,0.0,0.0,588.4583333333334,0.0,0.0,10000.0,0.0,10000.0,0.0,0.0,0.0,0.0,0.0,0.0,0.0,,,,,,,,,,,,0.0,,0.0,,24.0,24
SOLUSD,atr_arm,60,5,cc7f9f4b9bfd,14123,0.0,ok,0.0,0.0,588.4583333333334,0.0,0.0,10000.0,0.0,10000.0,0.0,0.0,0.0,0.0,0.0,0.0,0.0,,,,,,,,,,,,0.0,,0.0,,24.0,168
SOLUSD,atr_arm,60,5,cc7f9f4b9bfd,14123,0.0,ok,0.0,0.0,588.4583333333334,0.0,0.0,10000.0,0.0,10000.0,0.0,0.0,0.0,0.0,0.0,0.0,0.0,,,,,,,,,,,,0.0,,0.0,,24.0,720
XRPUSD,atr_arm,15,5,10d320454352,56491,8520.0,ok,673.0,1.1436866049459207,588.4479166666666,3660.0,1018.0,10000.0,-2782.902403881587,7217.097596118391,-27.82902403881587,32.144711824775726,2866.4564172108,24.96878667079075,-2757.933617210806,17825.793476092258,-20608.695879973842,74.89829191635403,-47.37631236775596,100.2520740740001,-57.504973596000696,0.8649646527810708,0.3536404160475483,-0.0921196901470312,-0.19818154909562746,0.008629246029109958,0.01958750093919009,0.11170719108622126,27.182763744427934,134.76473275468285,0.35352529468895294,0.0,2.0,24
XRPUSD,atr_arm,15,5,10d320454352,56491,8520.0,ok,649.0,1.10290134711724,588.4479166666666,3395.0,977.0,10000.0,-3620.7307714186045,6379.269228581389,-36.207307714186044,39.69021271201916,2616.5738154707997,40.62335594780436,-3580.107415470812,16596.145538027213,-20216.876309445815,79.40739491879049,-45.9474461578314,101.65256870600011,-58.2712978710007,0.820905528826582,0.3220338983050847,-0.13354186891212316,-0.24283564913023842,-0.024317693770543904,-0.022233310515847576,0.11130855839627557,32.01232665639445,135.2794588821654,0.3523310835952439,0.0,2.0,168
XRPUSD,atr_arm,15,5,10d320454352,56491,8520.0,ok,649.0,1.10290134711724,588.4479166666666,3395.0,977.0,10000.0,-3620.7307714186045,6379.269228581389,-36.207307714186044,39.69021271201916,2616.5738154707997,40.62335594780436,-3580.107415470812,16596.145538027213,-20216.876309445815,79.40739491879049,-45.9474461578314,101.65256870600011,-58.2712978710007,0.820905528826582,0.3220338983050847,-0.13354186891212316,-0.24283564913023842,-0.024317693770543904,-0.022233310515847576,0.11130855839627557,32.01232665639445,135.2794588821654,0.3523310835952439,0.0,2.0,720
XRPUSD,atr_arm,15,5,ef3fa61dd9e9,56491,8288.0,ok,698.0,1.1861712485174631,588.4479166666666,375.0,973.0,10000.0,-353.9163749395866,9646.083625060426,-3.539163749395866,19.943323296868627,2976.2492020192003,107.694072920387,-246.22230201919047,20387.917183834907,-20741.833558774488,69.58333509841265,-51.214403848825896,115.33936876499993,-69.98061617164846,0.9829370738157398,0.4197707736389685,-0.006666046486815245,-0.0925229938945989,0.08155871023126152,0.07823179101416895,0.08489783750098417,58.598853868194844,197.4189345685565,0.268612940078551,0.0,4.0,24
XRPUSD,atr_arm,15,5,ef3fa61dd9e9,56491,8288.0,ok,424.0,0.7205395549733586,588.4479166666666,122.0,572.0,10000.0,-795.3330052641481,9204.666994735831,-7.953330052641482,20.975536063807525,1427.8496202656002,72.78358499854741,-722.5494202656082,14439.488471767385,-15234.821477031532,98.22781273311146,-54.99935551274921,111.94330045780241,-65.94519113254785,0.9477950557895796,0.3466981132075472,-0.03397565611593064,-0.17104015976815581,0.09590836468158628,0.041504855548885576,0.07548051166481622,112.08254716981132,222.31240261763793,0.23879113215728207,0.0,4.0,168
XRPUSD,atr_arm,15,5,ef3fa61dd9e9,56491,8288.0,ok,420.0,0.7137420120019119,588.4479166666666,122.0,559.0,10000.0,-1045.443066939304,8954.55693306067,-10.454430669393039,20.769597488480773,1376.3744367572,67.03453018210443,-978.4085367572188,13840.040951007239,-14885.484017946543,96.78350315389677,-53.73820945107055,110.41636832589543,-64.1717181933852,0.929767613489835,0.3404761904761905,-0.047434911887517,-0.18272323882096728,0.08654563686245398,0.027976563582399448,0.07541147546991643,113.33809523809524,223.99837614576302,0.2385870735379063,0.0,4.0,720
XRPUSD,atr_arm,15,5,fb6e4c240971,56491,6477.0,ok,503.0,0.8547910286594326,588.4479166666666,4.0,545.0,10000.0,-532.1327765250215,9465.465891154718,-5.321327765250215,12.187220157359008,1309.4081909134,56.13188561162415,-476.9575322494111,8794.63485428282,-9326.767630807839,39.79472784743358,-33.073644080878864,103.19344241289333,-59.57619614909706,0.9429456380185459,0.4393638170974155,-0.01973909858021528,-0.09838328797744254,0.059172362852092125,0.03444019913402083,0.05417929771423611,80.68986083499006,334.5752063700786,0.17137137813973768,0.0,8.0,24
XRPUSD,atr_arm,15,5,fb6e4c240971,56491,6477.0,ok,166.0,0.28209803331504135,588.4479166666666,0.0,90.0,10000.0,1937.2248861246064,11954.484588374284,19.372248861246064,4.017951626696741,343.2973334848,188.86598039059558,2124.2199802201994,6853.450419857501,-4916.225533732893,90.17697920865133,-54.62472815258771,124.39193028676324,-74.50317326284555,1.3940471959295309,0.4578313253012048,0.21842247481190666,0.006667731615878787,0.4249773432974722,0.26193068385041574,0.043508209038509035,280.93975903614455,408.50087874217513,0.13743816411453613,0.0,8.0,168
XRPUSD,atr_arm,15,5,fb6e4c240971,56491,6477.0,ok,138.0,0.2345152325149139,588.4479166666666,0.0,69.0,10000.0,781.0648444824542,10786.20727633904,7.810648444824542,5.747618419427263,242.77082164900003,121.52923386854556,900.1558128710076,5260.0832832888655,-4479.01843880641,97.40894969053454,-53.32164808102869,118.6567845387624,-72.91486073189306,1.17438303841647,0.391304347826087,0.1143954815812535,-0.12800374670176715,0.36042662959528465,0.15449485708281666,0.04009937550156317,344.8333333333333,434.87625572669,0.12672298561693943,0.0,8.0,720
XRPUSD,atr_arm,15,5,e0caa36aed80,56491,3906.0,ok,348.0,0.5913862385158698,588.4479166666666,0.0,306.0,10000.0,-584.347268722673,9415.06854438802,-5.84347268722673,9.791456793908003,731.3459507916,56.67711793106949,-529.2308323686157,4500.927870996059,-5085.275139718733,28.307722459094713,-26.906217670469488,101.11446433319996,-54.223516686235996,0.8850903338231185,0.45689655172413796,-0.03335420493245578,-0.10856718771494543,0.03834651709974575,0.010120011022769737,0.043474215955225506,88.76724137931035,407.6055239584765,0.13752620053040274,0.0,12.0,24
XRPUSD,atr_arm,15,5,e0caa36aed80,56491,3906.0,ok,112.0,0.19033120320050984,588.4479166666666,0.0,31.0,10000.0,-59.873245259681596,9937.876353484222,-0.598732452596816,6.760233385947894,190.4769113822,61.08153387748011,-0.1785424782156042,3444.310062558391,-3504.1833078180725,84.00756250142418,-49.35469447631088,102.79694095490434,-62.17871620845916,0.9829137804731561,0.36607142857142855,-0.006338940134406786,-0.2529508291580894,0.2475733191629954,0.03121475145472755,0.0375536915891343,333.3125,457.2576842210825,0.1187511011468834,0.0,12.0,168
XRPUSD,atr_arm,15,5,e0caa36aed80,56491,3906.0,ok,94.0,0.1597422598289993,588.4479166666666,0.0,14.0,10000.0,-390.01508402398156,9619.250255048626,-3.9001508402398155,10.091010199236953,145.22437961900002,27.899104404981607,-363.12030725100703,2922.1690264807353,-3312.184110504717,97.40563421602451,-51.7528767266362,128.43643625598867,-68.29168177777288,0.8822483681426301,0.3191489361702128,-0.07974136918618276,-0.3701482706497724,0.20527747542991526,-0.04409273030099638,0.035648638885186414,395.43617021276594,464.7007996301038,0.11274101946023819,0.0,12.0,720
XRPUSD,atr_arm,15,5,119b3b7d34b5,56491,2057.0,ok,224.0,0.38066240640101967,588.4479166666666,0.0,141.0,10000.0,-666.2145252745725,9333.351179877423,-6.6621452527457246,7.810437800599848,423.06021324200003,1.6658120325721555,-665.7089514819945,2062.7143971362925,-2728.928922410865,22.42080866452492,-20.67370395765807,98.43453556698152,-53.29581080474235,0.7558695941827582,0.4107142857142857,-0.06074064938279601,-0.13801453152831603,0.011916626122068818,-0.021644562822545364,0.039096086560250654,92.95535714285714,446.46899727492575,0.1236589642870237,0.0,16.0,24
XRPUSD,atr_arm,15,5,119b3b7d34b5,56491,2057.0,ok,75.0,0.12745393071462713,588.4479166666666,0.0,20.0,10000.0,278.01862551579563,10280.4690914021,2.780186255157956,4.224859425959145,122.4469988968,-42.16352441259508,234.69322155919326,2144.025689681158,-1866.0070641653622,64.97047544488358,-44.428739622984814,113.22074058345578,-58.069578586235906,1.14899119668668,0.44,0.07702014965453341,-0.19515065586413813,0.3656032417612599,0.11269366764248687,0.035673517987953485,394.70666666666665,471.53629567299964,0.11274445210777448,0.0,16.0,168
XRPUSD,atr_arm,15,5,119b3b7d34b5,56491,2057.0,ok,57.0,0.0968649873431166,588.4479166666666,0.0,1.0,10000.0,139.0490409490211,10141.467419411616,1.3904904094902109,5.80732817929872,84.53332052900001,11.315838521979233,149.21821406300842,2025.9227338802395,-1886.8736929312183,96.47251113715427,-52.41315813697829,113.12196582992497,-73.1379087555067,1.0736928186926022,0.3684210526315789,0.053823159200019385,-0.3145016973890669,0.45301182780575744,0.08822911434391202,0.03440595514389266,527.1578947368421,476.4523891371615,0.10872519007725946,0.0,16.0,720
XRPUSD,atr_arm,15,5,0715650d5a70,56491,476.0,ok,65.0,0.11046007328601017,588.4479166666666,0.0,19.0,10000.0,154.96121414546374,10154.645747193379,1.5496121414546375,1.9821684714420922,116.3512572816,13.448528572936354,167.56695855239923,627.0300244438438,-472.0688102983801,19.00090983163163,-14.752150321824377,99.10571162462846,-47.49469298266775,1.3282598018867577,0.5076923076923077,0.04799752141819978,-0.05973624307488328,0.16642301416760813,0.08368747138383549,0.035689949965635744,95.04615384615384,463.83369864950936,0.1128179336798802,0.0,24.0,24
XRPUSD,atr_arm,15,5,0715650d5a70,56491,476.0,ok,34.0,0.05777911525729763,588.4479166666666,0.0,6.0,10000.0,397.7137194725072,10389.617544511548,3.9771371947250724,3.0119571088188364,53.6290299574,1.7548505700927404,398.6249213006013,1158.0570065474094,-760.3432870749025,72.37856290921309,-42.241293726383475,104.31994609577092,-60.64983105247262,1.523071257724312,0.47058823529411764,0.23362292465944942,-0.1721465016646908,0.6521262729835114,0.26817768473869985,0.034554760079250395,429.1470588235294,482.91522003429895,0.10914228249635818,0.0,24.0,168
XRPUSD,atr_arm,15,5,0715650d5a70,56491,476.0,ok,26.0,0.044184029314404065,588.4479166666666,0.0,0.0,10000.0,279.8688581542388,10271.866916073519,2.798688581542388,4.251372650191849,38.1526602804,30.464481565360664,309.49951036159837,1106.6631515815818,-826.7942934273428,100.60574105287107,-55.11961956182286,115.96819778666699,-68.92297807324294,1.3384987782076816,0.4230769230769231,0.21826704629627777,-0.3568241592183478,0.809834991484174,0.2520000165082363,0.03373297021195849,603.0769230769231,482.91522003429895,0.10654697170033232,0.0,24.0,720
XRPUSD,atr_arm,60,5,ce9d73014263,14123,1908.0,ok,415.0,0.7052325993060964,588.4583333333334,54.0,505.0,10000.0,-420.44542533486634,9576.154142431147,-4.204454253348663,11.971500880844218,1543.4563634464,105.73346188846901,-318.11239568039673,11100.078284557268,-11520.523709892135,68.94458561836812,-45.35639255863045,98.4695059880269,-59.36037492005731,0.9635046603850266,0.38795180722891565,-0.01674074739182364,-0.13698678614375684,0.10081121669740166,0.06778968883001936,0.08453043622184299,14.07710843373494,192.5915512757439,0.26743955912824996,0.0,2.0,24
XRPUSD,atr_arm,60,5,ce9d73014263,14123,1908.0,ok,324.0,0.5505912341570488,588.4583333333334,27.0,402.0,10000.0,325.35460003751075,10321.689482885538,3.253546000375108,8.844184606629943,1160.3219566538,100.19684330869539,421.88632619421514,11455.421690077786,-11130.067090040277,94.67290652956848,-54.827916699705796,107.60364116855766,-77.30043010749,1.02923204302413,0.3734567901234568,0.02504547174441594,-0.13664648623488798,0.18684989501468433,0.10649263079886469,0.08144715905444877,23.73148148148148,194.98263409744516,0.2576518780892316,0.0,2.0,168
XRPUSD,atr_arm,60,5,ce9d73014263,14123,1908.0,ok,321.0,0.5454931671741131,588.4583333333334,27.0,400.0,10000.0,24.27452072703656,10020.716248863035,0.2427452072703656,9.843907210588227,1124.5836983504,98.84858092256947,119.56482978559507,11003.949224930699,-10979.67470420366,94.86163124940258,-53.55938880099347,104.94797543587843,-75.40372451146246,1.0022108597368322,0.3613707165109034,0.006805831622097414,-0.15156740298831642,0.1678735845615574,0.08823103928596049,0.08142520766386309,24.130841121495326,195.37382688483586,0.25761705366405585,0.0,2.0,720
XRPUSD,atr_arm,60,5,ff218c1c7aa1,14123,1468.0,ok,297.0,0.504708631310628,588.4583333333334,0.0,301.0,10000.0,243.35020748165533,10241.524124377664,2.4335020748165532,7.0840354323271155,768.0502440125999,31.399848505744956,272.92397288341454,5467.733138107863,-5224.382930626207,41.42222074324138,-31.66292685228004,107.2902419975889,-61.74696067310235,1.0465797034239386,0.4444444444444444,0.01808040736250263,-0.08012926931155685,0.11776875078466009,0.06909462927177609,0.05101422190927347,21.04713804713805,334.53967693529916,0.16134142694672185,0.0,4.0,24
XRPUSD,atr_arm,60,5,ff218c1c7aa1,14123,1468.0,ok,147.0,0.2498052821638462,588.4583333333334,0.0,96.0,10000.0,1100.0558787177238,11105.042109011765,11.000558787177237,6.923110919949474,327.15315432579996,82.12056695647448,1180.2063819101877,5901.128530423921,-4801.072651706198,92.20513328787376,-57.84424881573732,113.48198980167608,-79.29223442784244,1.229127105236949,0.43537414965986393,0.14726124601123433,-0.08064551828016377,0.38323052825317677,0.19331776051774133,0.04605651450650699,62.435374149659864,391.69987219006117,0.14557534373667202,0.0,4.0,168
XRPUSD,atr_arm,60,5,ff218c1c7aa1,14123,1468.0,ok,132.0,0.224314947249168,588.4583333333334,0.0,87.0,10000.0,1371.8290970950488,11369.802274359043,13.71829097095049,7.277535815094432,262.60315997960004,93.36394292535135,1463.1662172843971,5791.910988415367,-4420.0818913203175,105.30747251664303,-57.40366092623789,132.73566616859125,-71.06881766895494,1.3103628237723153,0.4166666666666667,0.2005624638866572,-0.056156483061153485,0.45223238514880487,0.24348970303070383,0.04292723914404664,72.40151515151516,402.68739828748414,0.1356198074721659,0.0,4.0,720
XRPUSD,atr_arm,60,5,a6a43d305a6b,14123,317.0,ok,70.0,0.11895489626849819,588.4583333333334,0.0,26.0,10000.0,-442.0496962362821,9557.097160327736,-4.4204969623628205,4.765522584177543,128.75053148380002,0.25876475248256936,-442.64407491979364,532.1427038943785,-974.1924001306608,19.005096567656377,-23.195057145968114,95.16175900758405,-51.986174214784306,0.5462398432003847,0.4,-0.12849006503873883,-0.25279931130307554,0.002250466791227657,-0.09019896149665749,0.038291103542081276,23.285714285714285,447.2710382711441,0.12117048698762535,0.0,8.0,24
XRPUSD,atr_arm,60,5,a6a43d305a6b,14123,317.0,ok,43.0,0.07307229342207745,588.4583333333334,0.0,8.0,10000.0,262.115600440468,10261.199321152486,2.6211560044046798,3.095853847780278,72.56334347740001,54.70835608213263,315.9076772346034,1362.1073608880188,-1099.9917604475509,71.68986109936941,-45.832990018647955,109.66315974376852,-58.77264945803783,1.2382886943933304,0.4418604651162791,0.12464619936784582,-0.255515927288514,0.5132995173349988,0.16188602469238791,0.037239825324542127,101.23255813953489,452.48252700372313,0.11767005436611133,0.0,8.0,168
XRPUSD,atr_arm,60,5,a6a43d305a6b,14123,317.0,ok,36.0,0.061176803795227636,588.4583333333334,0.0,0.0,10000.0,490.62788992441006,10489.691374786404,4.906278899244101,2.069013795366943,56.78375028560001,56.156559789990574,545.8479345763935,1596.635270467686,-1106.007380543276,99.78970440423038,-55.300369027163796,115.73115246525282,-80.89035555977003,1.443602726849265,0.4444444444444444,0.2724001812329226,-0.2150152200257376,0.7864506711453025,0.30920370114375006,0.03680351991082745,125.69444444444444,457.18566652706215,0.11617935590052784,0.0,8.0,720
XRPUSD,atr_arm,60,5,fc1f26f46863,14123,59.0,ok,15.0,0.025490334914678184,588.4583333333334,0.0,1.0,10000.0,-20.37390919538511,9979.626090804619,-0.2037390919538511,0.913565944216607,25.551719453399997,-2.1945102580151596,-22.568419453400566,130.78246314906804,-151.15637234445316,26.156492629813606,-15.115637234445316,96.7063798910374,-37.75450607985738,0.8652130315157516,0.3333333333333333,-0.02631117495107702,-0.28532950792331085,0.3200426533330875,0.008652569479455289,0.034963744430532316,23.333333333333332,466.01111586147897,0.11057661960066247,0.0,12.0,24
XRPUSD,atr_arm,60,5,fc1f26f46863,14123,59.0,ok,12.0,0.020392267931742546,588.4583333333334,0.0,0.0,10000.0,123.11464281890085,10123.114642818904,1.2311464281890085,1.3019472383709592,19.753723702400002,-22.82796652130086,100.2866762975973,392.51172238507075,-269.3970795661699,65.41862039751179,-44.89951326102832,107.84683442856235,-56.50499440947715,1.4570006587196918,0.5,0.20779645971347013,-0.4548919664844701,0.9245293620169379,0.24323243642124912,0.03543597670777892,103.58333333333333,448.4536543509838,0.11195833527930082,0.0,12.0,168
XRPUSD,atr_arm,60,5,fc1f26f46863,14123,59.0,ok,11.0,0.018692912270764,588.4583333333334,0.0,0.0,10000.0,356.33582761120147,10356.335827611207,3.563358276112015,1.0763321532783592,16.205401905400002,-20.81092951660108,335.52489809459985,627.7413286817759,-271.4055010705744,104.62355478029599,-54.281100214114886,117.24007663922582,-56.94643967830119,2.3129278006732163,0.5454545454545454,0.6443379636331116,-0.24717046057504696,1.522253226641651,0.6797739633806485,0.03543599974753697,118.18181818181819,448.85745375407936,0.11168948687525516,0.0,12.0,720
XRPUSD,atr_arm,60,5,6a9f6844330e,14123,8.0,ok,2.0,0.003398711321957091,588.4583333333334,0.0,0.0,10000.0,13.746316321035927,10013.746316321038,0.13746316321035926,0.11646334308166328,3.386417792,-1.191934113036,12.554382207999879,24.70611908800001,-10.959802766964081,24.70611908800001,-10.959802766964081,24.70611908800001,-10.959802766964081,2.254248512799079,0.5,0.13780697812430232,-0.21870615355531736,0.494320109803922,0.17151590155229418,0.03370892342799187,24.0,469.39578252155064,0.10655961705235312,0.0,16.0,24
XRPUSD,atr_arm,60,5,6a9f6844330e,14123,8.0,ok,2.0,0.003398711321957091,588.4583333333334,0.0,0.0,10000.0,48.786829936589804,10048.786829936591,0.48786829936589804,0.5073087370102225,2.7556630220000002,-2.0424929585899294,46.74433697799941,96.82841637413163,-48.04158643754183,96.82841637413163,-48.04158643754183,96.82841637413163,-48.04158643754183,2.01551246647562,0.5,0.49263530225612795,-0.9520726602762932,1.9373432647885491,0.5263442256841198,0.03370892342799187,107.0,469.39578252155064,0.10634160265092006,0.0,16.0,168
XRPUSD,atr_arm,60,5,6a9f6844330e,14123,8.0,ok,2.0,0.003398711321957091,588.4583333333334,0.0,0.0,10000.0,48.786829936589804,10048.786829936591,0.48786829936589804,0.5073087370102225,2.7556630220000002,-2.0424929585899294,46.74433697799941,96.82841637413163,-48.04158643754183,96.82841637413163,-48.04158643754183,96.82841637413163,-48.04158643754183,2.01551246647562,0.5,0.49263530225612795,-0.9520726602762932,1.9373432647885491,0.5263442256841198,0.03370892342799187,107.0,469.39578252155064,0.10634160265092006,0.0,16.0,720
XRPUSD,atr_arm,60,5,cc7f9f4b9bfd,14123,0.0,ok,0.0,0.0,588.4583333333334,0.0,0.0,10000.0,0.0,10000.0,0.0,0.0,0.0,0.0,0.0,0.0,0.0,,,,,,,,,,,,0.0,,0.0,,24.0,24
XRPUSD,atr_arm,60,5,cc7f9f4b9bfd,14123,0.0,ok,0.0,0.0,588.4583333333334,0.0,0.0,10000.0,0.0,10000.0,0.0,0.0,0.0,0.0,0.0,0.0,0.0,,,,,,,,,,,,0.0,,0.0,,24.0,168
XRPUSD,atr_arm,60,5,cc7f9f4b9bfd,14123,0.0,ok,0.0,0.0,588.4583333333334,0.0,0.0,10000.0,0.0,10000.0,0.0,0.0,0.0,0.0,0.0,0.0,0.0,,,,,,,,,,,,0.0,,0.0,,24.0,720
