symbol,family,timeframe_min,confirm_min,spec_hash,bars,signals,status,trades,trades_per_day,days,rej_cost,rej_cooldown,initial_capital,total_pnl,final_equity,return_pct,max_dd_pct,total_fees,total_funding,optimistic_pnl,gross_win,gross_loss,avg_win,avg_loss,best_trade,worst_trade,profit_factor,win_rate,net_r,net_r_lo,net_r_hi,gross_r,cost_r,bars_held,median_r_bps,avg_leverage,ambiguous_pct,stop_mult
AKEUSD,atr_arm,5,5,5dc5ac0f708a,6009,1223.0,ok,126.0,6.038941587618573,20.864583333333332,41.0,242.0,10000.0,-1955.5264667963788,8042.449264063617,-19.555264667963787,20.41503408485727,324.80673323999997,-4.372266443625103,-1671.51607040001,2678.8992495688613,-4634.42571636524,89.29664165229538,-48.275267878804584,117.03918123981606,-57.93115633346002,0.5780434110981738,0.23809523809523808,-0.34398134310141754,-0.5642287456731008,-0.10883228151618837,-0.2802345658800975,0.06374677722131995,22.706349206349206,284.0750122309174,0.20002689513258728,1.5873015873015872,2.0
AKEUSD,atr_arm,5,5,ee1169e95975,6009,962.0,ok,68.0,3.2591113330004995,20.864583333333332,2.0,94.0,10000.0,-304.8057605140998,9691.803782670742,-3.0480576051409978,7.479049812510535,164.251755414,0.44600510009839645,-305.4276837339985,2085.2531975309003,-2390.0589580449996,94.78423625140455,-51.95780343576086,112.26239847407027,-58.1980728550502,0.8724693549972417,0.3235294117647059,-0.08695786614371415,-0.40605401881045106,0.2657884927418519,-0.031538271292595316,0.05541959485111876,45.5,379.0056688719581,0.1735425698407536,0.0,3.0
AKEUSD,atr_arm,5,5,a2bca180ebed,6009,758.0,ok,44.0,2.108836744882676,20.864583333333332,1.0,48.0,10000.0,-845.0365991853258,9152.526509978781,-8.450365991853257,9.74822942274633,96.178142468,-2.1805432826733027,-847.9847159479941,856.984959643495,-1702.0215588288208,95.22055107149944,-48.62918739510917,106.52325907990794,-53.8074432726218,0.5035100496806841,0.20454545454545456,-0.40539310521386424,-0.7634310998093866,-0.02341283512409796,-0.3548642058469289,0.050528899366935345,59.22727272727273,422.93737281447386,0.15819306249315843,0.0,4.0
AKEUSD,atr_arm,5,5,66744b5d349d,6009,504.0,ok,22.0,1.054418372441338,20.864583333333332,0.0,6.0,10000.0,-246.3665683772996,9751.181023606812,-2.4636656837729958,4.823937666006622,39.645489052,15.603079325299902,-231.54657971199413,534.0318894288514,-780.3984578061511,89.00531490480857,-48.774903612884444,97.75341780282325,-56.61512091783472,0.684306694980045,0.2727272727272727,-0.22694185376691484,-0.7374581809178964,0.32657408466457427,-0.1843486812412471,0.042593172525667695,97.4090909090909,453.39754212314256,0.13292942326541743,0.0,6.0
AKEUSD,atr_arm,5,5,ff671398a60a,6009,357.0,ok,11.0,0.527209186220669,20.864583333333332,0.0,2.0,10000.0,-184.54427213735508,9816.313261743011,-1.8454427213735507,3.170406840812102,20.383370844,-10.5520987066451,-196.00594603399804,219.38770201750964,-403.9319741548647,73.12923400583655,-50.491496769358086,94.89556565046226,-53.04795361633189,0.5431303191002105,0.2727272727272727,-0.33842476501009183,-1.0339784150351794,0.369379697833389,-0.29829828848061973,0.040126476529472016,135.9090909090909,458.4062270226416,0.12530352195190286,0.0,8.0
AKEUSD,atr_adx,5,5,3521dc5aecec,6009,561.0,ok,76.0,3.6425361957064406,20.864583333333332,12.0,98.0,10000.0,-528.3450066998432,9471.654993300152,-5.283450066998433,7.574146031016362,202.336963708,10.753042991841104,-218.24345790800544,2224.493676255892,-2752.8386829557353,96.71711635895181,-51.94035250859878,122.35914402344403,-58.069454206078056,0.8080726596981131,0.3026315789473684,-0.13855550144323303,-0.4576207943118532,0.17631014238900375,-0.07741474997437305,0.061140751468859986,26.460526315789473,337.1021373007144,0.19163404312617918,2.631578947368421,2.0
AKEUSD,atr_adx,5,5,03722d94202d,6009,413.0,ok,42.0,2.0129805292061906,20.864583333333332,0.0,37.0,10000.0,-395.79837822311305,9600.811164961731,-3.95798378223113,6.864755845737407,108.639164644,5.2552135791114045,-391.61109296400355,1112.5067672107468,-1508.30514543386,92.70889726756224,-50.27683818112867,108.75419852175557,-56.305619699999944,0.7375873314353358,0.2857142857142857,-0.18996966747778377,-0.573986005918494,0.23820579215076879,-0.13190389989541865,0.05806576758236518,49.07142857142857,358.5973199577089,0.1820067947241954,0.0,3.0
AKEUSD,atr_adx,5,5,15c96960e886,6009,328.0,ok,32.0,1.5336994508237645,20.864583333333332,0.0,22.0,10000.0,-803.9245215901401,9193.638587573965,-8.039245215901401,9.371528244306038,75.80948100999998,5.018040580139498,-799.6740544899985,486.5000941043811,-1290.4246156945212,97.30001882087622,-47.79350428498227,109.75123662778397,-53.8074432726218,0.3770077602266919,0.15625,-0.5280410999730317,-0.8660426409450782,-0.1373127129902306,-0.47560226084347035,0.05243883912956142,53.46875,399.1459867943249,0.16439742804163832,0.0,4.0
AKEUSD,atr_adx,5,5,51983af8c20a,6009,220.0,ok,17.0,0.8147778332501249,20.864583333333332,0.0,3.0,10000.0,-471.7408310109427,9525.806760973166,-4.717408310109427,5.685435253947889,30.374743808,17.990087202942803,-454.53383446799853,243.34124163373536,-715.0820726446779,81.11374721124513,-51.077290903191276,97.75341780282325,-55.384357419620926,0.34029833908960394,0.17647058823529413,-0.5830559742388914,-1.067117097507777,-0.04000080662976701,-0.5436198466839773,0.039436127554914074,92.94117647058823,428.1835811247568,0.12252940466355261,0.0,6.0
AKEUSD,atr_adx,5,5,e8734162e400,6009,142.0,ok,9.0,0.43135297054418376,20.864583333333332,0.0,0.0,10000.0,-304.4914914224757,9696.36604245788,-3.044914914224757,3.9788127782248375,17.0190998,9.668391622475399,-295.7326749900076,91.94559010116002,-396.4370815236357,91.94559010116002,-49.55463519045446,91.94559010116002,-55.2820725874831,0.23192984306055184,0.1111111111111111,-0.6932518582796975,-1.0606836939020226,-0.01474892540402788,-0.6529648421757579,0.04028701610393937,117.55555555555556,450.8317747809838,0.12590569492756493,0.0,8.0
AKEUSD,atr_banded,5,5,252136b1eac7,6009,329.0,ok,69.0,3.307039440838742,20.864583333333332,22.0,19.0,10000.0,-335.8641657218309,9664.135834278171,-3.3586416572183087,7.009411457167425,198.91818400600005,-26.4480182841683,-362.31218400599573,2025.9631278549023,-2361.827293576733,92.08923308431373,-50.251644544185815,97.6384130636556,-54.591216804438254,0.8577947817627254,0.3188405797101449,-0.0962595070150908,-0.40613157961739027,0.2208938897796558,-0.02720066818499916,0.06905883883009162,20.115942028985508,267.3809523809526,0.21643752960852694,0.0,2.0
AKEUSD,atr_banded,5,5,3434c15f9b27,6009,271.0,ok,52.0,2.4922616075886173,20.864583333333332,3.0,3.0,10000.0,-364.1460100455505,9635.853989954441,-3.6414601004555047,5.318161436541813,131.72143076799998,21.1215792775525,-343.02443076800773,1495.2544999105703,-1859.400509956121,93.45340624441064,-51.6500141654478,98.6337276352855,-60.36297287755747,0.8041594545684276,0.3076923076923077,-0.13789620975624906,-0.49418710926681525,0.263929297002841,-0.07934329235363702,0.05855291740261208,36.94230769230769,321.9344714097715,0.18359730178023867,0.0,3.0
AKEUSD,atr_banded,5,5,1143ddd7a55f,6009,218.0,ok,30.0,1.4378432351472792,20.864583333333332,1.0,5.0,10000.0,-290.45674786661755,9709.058014168439,-2.9045674786661753,4.158034929569323,74.731473464,-15.163725597380695,-307.24253938400034,790.2785991154369,-1080.7353469820546,87.80873323504855,-51.46358795152641,97.95235146555561,-56.515728377683516,0.731241558187473,0.3,-0.19464999810801628,-0.6529449709510485,0.31247115721383106,-0.13880106989906907,0.05584892820894727,58.0,364.53468687640634,0.17483729147094731,0.0,4.0
AKEUSD,atr_banded,5,5,cf2d94d18b94,6009,160.0,ok,13.0,0.6230654018971543,20.864583333333332,0.0,1.0,10000.0,-243.87613983682053,9757.267238670322,-2.438761398368205,4.384395740823111,28.107915526000003,4.1702243108207995,-240.91868244600482,215.42978946129074,-459.3059292981112,71.80992982043024,-45.93059292981112,98.71613290304765,-55.43253230274377,0.469033329899529,0.23076923076923078,-0.3800827866106856,-0.9357934875330426,0.25423700463329135,-0.3314008909839226,0.048681895626762964,108.3076923076923,370.3794851602118,0.15263687185463476,0.0,6.0
AKEUSD,atr_banded,5,5,002e1c6a1678,6009,121.0,ok,10.0,0.4792810783824264,20.864583333333332,0.0,0.0,10000.0,-321.7496234925897,9679.107910387775,-3.217496234925897,3.5935046978598257,20.41634446,1.1392790325896986,-321.5199196499998,88.0720265901056,-409.82165008269527,88.0720265901056,-45.535738898077255,88.0720265901056,-53.80390697729488,0.21490330384530468,0.1,-0.6600106278968612,-1.0645951386666772,-0.04821136130069843,-0.6174638895155026,0.0425467383813586,111.8,463.3337672694673,0.13335181975378352,0.0,8.0
AKEUSD,atr_arm,15,5,10d320454352,2002,202.0,ok,28.0,1.3426573426573425,20.854166666666668,0.0,21.0,10000.0,-411.52636827243396,9588.473631727564,-4.11526368272434,4.5550761628456895,60.988457264,6.332911008433502,-257.0225233120036,658.4992936464046,-1070.0256619188383,94.07132766377208,-50.95360294851611,96.16633225199993,-56.67901575340664,0.6154051412800153,0.25,-0.30003838718829073,-0.742216397868179,0.23985318055070803,-0.249846335217964,0.05019205197032672,19.678571428571427,368.3419882308987,0.15698308649831486,3.571428571428571,2.0
AKEUSD,atr_arm,15,5,20121ef774fe,2002,133.0,ok,12.0,0.5754245754245754,20.854166666666668,0.0,4.0,10000.0,-140.14807920411772,9859.851920795874,-1.4014807920411771,3.202526870935248,21.946048042,21.727031162117495,-118.42104804200426,286.9068226299154,-427.05490183403305,95.63560754330513,-47.45054464822589,95.80398013799994,-58.43536660398489,0.6718265529742505,0.25,-0.23253276269572085,-0.9406118887425587,0.5024409155464504,-0.19172896539086545,0.040803797304855394,42.916666666666664,440.5633180525616,0.1266295644007607,0.0,3.0
AKEUSD,atr_arm,15,5,ef3fa61dd9e9,2002,96.0,ok,8.0,0.3836163836163836,20.854166666666668,0.0,1.0,10000.0,-192.12499986637476,9807.875000133621,-1.9212499986637477,2.3771143254150044,13.81516907,1.0828307963742003,-191.04216907000227,115.71042282418489,-307.83542269055965,57.855211412092444,-51.305903781759945,95.83300979471379,-52.661567311514744,0.37588404158574884,0.25,-0.4939303432891065,-1.0634626747459843,0.2672952308633648,-0.4563361118504372,0.03759423143866927,41.625,416.23911307831804,0.11737365860682505,0.0,4.0
AKEUSD,atr_arm,15,5,747c7dbe7f17,2002,32.0,ok,1.0,0.04795204795204795,20.854166666666668,0.0,0.0,10000.0,-1.2311059446400823,9998.768894055363,-0.012311059446400822,0.0412396533260835,1.57763,2.9534759446399996,1.7223699999995006,0.0,-1.2311059446400823,,-1.2311059446400823,-1.2311059446400823,-1.2311059446400823,0.0,0.0,-0.025409823418783884,-0.025409823418783884,-0.025409823418783884,0.007098391235498807,0.03250821465428269,96.0,486.0309976425753,0.09969727379064279,0.0,6.0
AKEUSD,atr_arm,15,5,fb6e4c240971,2002,5.0,ok,0.0,0.0,20.854166666666668,0.0,0.0,10000.0,0.0,10000.0,0.0,0.0,0.0,0.0,0.0,0.0,0.0,,,,,,,,,,,,0.0,,0.0,,8.0
AKEUSD,atr_adx,15,5,ee9c7b1f1716,2002,65.0,ok,11.0,0.5274725274725275,20.854166666666668,0.0,0.0,10000.0,-290.66588097833863,9709.334119021667,-2.9066588097833863,3.3379849306218965,24.781679246,20.178201732338202,-122.76682666999659,183.7129692753744,-474.37885025371304,91.8564846376872,-52.70876113930145,92.80821210669446,-56.06669842318414,0.38727057324987996,0.18181818181818182,-0.5388207613579182,-1.0922443514866638,0.2815461710741272,-0.488659297017551,0.050161464340366994,19.0,338.505587882147,0.15736787198012772,9.090909090909092,2.0
AKEUSD,atr_adx,15,5,9929a3276d0d,2002,50.0,ok,7.0,0.3356643356643356,20.854166666666668,0.0,0.0,10000.0,-226.3737739975049,9773.626226002496,-2.263737739975049,3.1912045317969833,13.467308652,15.262465345504898,-211.11130865200175,95.80398013799994,-322.17775413550487,95.80398013799994,-53.69629235591748,95.80398013799994,-58.43536660398489,0.29736373448585685,0.14285714285714285,-0.6548245669270312,-1.1156825811475517,0.23136808324459415,-0.6133732019918022,0.04145136493522883,28.142857142857142,373.22274881516506,0.1296192075987171,0.0,3.0
AKEUSD,atr_adx,15,5,c9ede9854551,2002,34.0,ok,2.0,0.0959040959040959,20.854166666666668,0.0,0.0,10000.0,-104.95901421839386,9891.720765805523,-1.0495901421839386,1.082792341944769,3.4454507,3.6335635183935997,-102.09222469999986,0.0,-104.95901421839386,,-52.47950710919693,-52.29744690687911,-52.661567311514744,0.0,0.0,-1.0723372156264281,-1.0747522997714547,-1.0699221314814016,-1.0363222279280748,0.03601498769835316,27.5,444.8548119824758,0.1123311624100658,0.0,4.0
AKEUSD,atr_adx,15,5,2a67285d213c,2002,13.0,ok,0.0,0.0,20.854166666666668,0.0,0.0,10000.0,0.0,10000.0,0.0,0.0,0.0,0.0,0.0,0.0,0.0,,,,,,,,,,,,0.0,,0.0,,6.0
AKEUSD,atr_adx,15,5,346314b5a31f,2002,3.0,ok,0.0,0.0,20.854166666666668,0.0,0.0,10000.0,0.0,10000.0,0.0,0.0,0.0,0.0,0.0,0.0,0.0,,,,,,,,,,,,0.0,,0.0,,8.0
AKEUSD,atr_banded,15,5,e9f9d39ae933,2002,60.0,ok,16.0,0.7672327672327672,20.854166666666668,0.0,2.0,10000.0,-389.48519679905814,9610.51480320094,-3.894851967990581,5.171760147594502,37.843967284,9.0662295150569,-380.41896728400206,285.90047729360407,-675.3856740926622,95.30015909786802,-51.952744160974014,96.23014147200014,-56.67901575340664,0.42331439392417264,0.1875,-0.4979732907754303,-1.0647524948025144,0.07637306685931272,-0.4452523619151312,0.05272092886029908,19.4375,348.58244692666614,0.16520168486913972,0.0,2.0
AKEUSD,atr_banded,15,5,affd99fb70bf,2002,32.0,ok,6.0,0.2877122877122877,20.854166666666668,0.0,0.0,10000.0,-142.7781813594154,9857.221818640575,-1.4277818135941542,1.8851084407237433,12.84813276,8.734048599414601,-134.0441327600056,95.54495503295168,-238.32313639236708,95.54495503295168,-47.66462727847342,95.54495503295168,-54.43387376581523,0.400905075685349,0.16666666666666666,-0.47858701544060606,-1.0759892057666944,0.5385264641330091,-0.4315430500377831,0.04704396540282294,32.666666666666664,325.5888569509707,0.14746735628063626,0.0,3.0
AKEUSD,atr_banded,15,5,f026637cc133,2002,29.0,ok,5.0,0.23976023976023975,20.854166666666668,0.0,0.0,10000.0,-80.39475984637926,9919.605240153618,-0.8039475984637926,1.2668193057109418,8.71023094,6.524528906378801,-73.87023094000324,95.83300979471379,-176.22776964109303,95.83300979471379,-44.05694241027326,95.83300979471379,-53.63404760201952,0.5438019784843677,0.2,-0.32689902054954456,-1.0660494803631402,0.8845120597071696,-0.2883494176750305,0.03854960287451399,36.8,433.8028169014093,0.11990321160717783,0.0,4.0
AKEUSD,atr_banded,15,5,b01eba807079,2002,9.0,ok,1.0,0.04795204795204795,20.854166666666668,0.0,0.0,10000.0,-1.2311059446400823,9998.768894055363,-0.012311059446400822,0.0412396533260835,1.57763,2.9534759446399996,1.7223699999995006,0.0,-1.2311059446400823,,-1.2311059446400823,-1.2311059446400823,-1.2311059446400823,0.0,0.0,-0.025409823418783884,-0.025409823418783884,-0.025409823418783884,0.007098391235498807,0.03250821465428269,96.0,486.0309976425753,0.09969727379064279,0.0,6.0
AKEUSD,atr_banded,15,5,c9c755ecee6b,2002,0.0,ok,0.0,0.0,20.854166666666668,0.0,0.0,10000.0,0.0,10000.0,0.0,0.0,0.0,0.0,0.0,0.0,0.0,,,,,,,,,,,,0.0,,0.0,,8.0
AKEUSD,atr_arm,30,5,e2b1b44db43e,1000,54.0,ok,5.0,0.24000000000000002,20.833333333333332,0.0,1.0,10000.0,-236.0693884247612,9763.93061157524,-2.360693884247612,2.3725956789058316,9.884929510000001,15.027458914761,-221.04192950999823,0.0,-236.0693884247612,,-47.21387768495224,-28.284075326157215,-56.77611968885283,0.0,0.0,-0.9714472760457975,-1.1033712554102966,-0.7673292224690764,-0.9303979895910152,0.04104928645478213,27.8,365.6098921532168,0.12815754873874907,0.0,2.0
AKEUSD,atr_arm,30,5,bbefa887b944,1000,29.0,ok,0.0,0.0,20.833333333333332,0.0,0.0,10000.0,0.0,9998.683414113608,0.0,0.013165858863922039,0.0,0.0,-0.7804560099993978,0.0,0.0,,,,,,,,,,,,0.0,,0.0,,3.0
AKEUSD,atr_arm,30,5,821430b81962,1000,10.0,ok,0.0,0.0,20.833333333333332,0.0,0.0,10000.0,0.0,10000.0,0.0,0.0,0.0,0.0,0.0,0.0,0.0,,,,,,,,,,,,0.0,,0.0,,4.0
AKEUSD,atr_arm,30,5,29971310f6ef,1000,0.0,ok,0.0,0.0,20.833333333333332,0.0,0.0,10000.0,0.0,10000.0,0.0,0.0,0.0,0.0,0.0,0.0,0.0,,,,,,,,,,,,0.0,,0.0,,6.0
AKEUSD,atr_arm,30,5,aaa7d53222b0,1000,0.0,ok,0.0,0.0,20.833333333333332,0.0,0.0,10000.0,0.0,10000.0,0.0,0.0,0.0,0.0,0.0,0.0,0.0,,,,,,,,,,,,0.0,,0.0,,8.0
AKEUSD,atr_adx,30,5,335e68349cd8,1000,18.0,ok,4.0,0.192,20.833333333333332,0.0,0.0,10000.0,-213.5574654585135,9786.44253454149,-2.135574654585135,2.135574654585107,7.892369390000001,10.3420960685136,-203.21536938999634,0.0,-213.5574654585135,,-53.38936636462837,-50.864934399999974,-56.77611968885283,0.0,0.0,-1.093413048646428,-1.1433948086517678,-1.0557588216080833,-1.0522287907591152,0.0411842578873125,15.75,364.87247657883063,0.12915494555292198,0.0,2.0
AKEUSD,atr_adx,30,5,47228871717c,1000,5.0,ok,0.0,0.0,20.833333333333332,0.0,0.0,10000.0,0.0,9998.683414113608,0.0,0.013165858863922039,0.0,0.0,-0.7804560099993978,0.0,0.0,,,,,,,,,,,,0.0,,0.0,,3.0
AKEUSD,atr_adx,30,5,9a039c5ddf6a,1000,0.0,ok,0.0,0.0,20.833333333333332,0.0,0.0,10000.0,0.0,10000.0,0.0,0.0,0.0,0.0,0.0,0.0,0.0,,,,,,,,,,,,0.0,,0.0,,4.0
AKEUSD,atr_adx,30,5,718f81b15673,1000,0.0,ok,0.0,0.0,20.833333333333332,0.0,0.0,10000.0,0.0,10000.0,0.0,0.0,0.0,0.0,0.0,0.0,0.0,,,,,,,,,,,,0.0,,0.0,,6.0
AKEUSD,atr_adx,30,5,8a0c589af633,1000,0.0,ok,0.0,0.0,20.833333333333332,0.0,0.0,10000.0,0.0,10000.0,0.0,0.0,0.0,0.0,0.0,0.0,0.0,,,,,,,,,,,,0.0,,0.0,,8.0
AKEUSD,atr_banded,30,5,aca58ad06d12,1000,15.0,ok,2.0,0.096,20.833333333333332,0.0,0.0,10000.0,-85.61201311147414,9914.387986888523,-0.8561201311147414,0.8561201311147669,3.8049338800000005,16.6210792314738,-68.99093388000074,0.0,-85.61201311147414,,-42.80600655573707,-28.284075326157215,-57.32793778531693,0.0,0.0,-0.8828644387469642,-1.1830926569530456,-0.5826362205408828,-0.8431140614730991,0.03975037727386503,48.0,409.43348347094314,0.12294776087585256,0.0,2.0
AKEUSD,atr_banded,30,5,ac961518ae42,1000,9.0,ok,0.0,0.0,20.833333333333332,0.0,0.0,10000.0,0.0,10000.0,0.0,0.0,0.0,0.0,0.0,0.0,0.0,,,,,,,,,,,,0.0,,0.0,,3.0
AKEUSD,atr_banded,30,5,16b34f243168,1000,2.0,ok,0.0,0.0,20.833333333333332,0.0,0.0,10000.0,0.0,10000.0,0.0,0.0,0.0,0.0,0.0,0.0,0.0,,,,,,,,,,,,0.0,,0.0,,4.0
AKEUSD,atr_banded,30,5,e4a594cc843b,1000,0.0,ok,0.0,0.0,20.833333333333332,0.0,0.0,10000.0,0.0,10000.0,0.0,0.0,0.0,0.0,0.0,0.0,0.0,,,,,,,,,,,,0.0,,0.0,,6.0
AKEUSD,atr_banded,30,5,f779654d2156,1000,0.0,ok,0.0,0.0,20.833333333333332,0.0,0.0,10000.0,0.0,10000.0,0.0,0.0,0.0,0.0,0.0,0.0,0.0,,,,,,,,,,,,0.0,,0.0,,8.0
AKEUSD,atr_arm,60,5,ce9d73014263,500,10.0,ok,1.0,0.048,20.833333333333332,0.0,0.0,10000.0,-52.518251293379926,9947.48174870662,-0.5251825129337993,0.5251825129338067,1.67481975,0.9184315433800001,-51.59981975000119,0.0,-52.518251293379926,,-52.518251293379926,-52.518251293379926,-52.518251293379926,0.0,0.0,-1.0519429402780172,-1.0519429402780172,-1.0519429402780172,-1.017606225205408,0.034336715072608964,1.0,460.1488513560214,0.1090703182381882,0.0,2.0
AKEUSD,atr_arm,60,5,a330e557af25,500,2.0,ok,0.0,0.0,20.833333333333332,0.0,0.0,10000.0,0.0,10000.0,0.0,0.0,0.0,0.0,0.0,0.0,0.0,,,,,,,,,,,,0.0,,0.0,,3.0
AKEUSD,atr_arm,60,5,ff218c1c7aa1,500,0.0,ok,0.0,0.0,20.833333333333332,0.0,0.0,10000.0,0.0,10000.0,0.0,0.0,0.0,0.0,0.0,0.0,0.0,,,,,,,,,,,,0.0,,0.0,,4.0
AKEUSD,atr_arm,60,5,1cf9d3bed817,500,0.0,ok,0.0,0.0,20.833333333333332,0.0,0.0,10000.0,0.0,10000.0,0.0,0.0,0.0,0.0,0.0,0.0,0.0,,,,,,,,,,,,0.0,,0.0,,6.0
AKEUSD,atr_arm,60,5,a6a43d305a6b,500,0.0,ok,0.0,0.0,20.833333333333332,0.0,0.0,10000.0,0.0,10000.0,0.0,0.0,0.0,0.0,0.0,0.0,0.0,,,,,,,,,,,,0.0,,0.0,,8.0
AKEUSD,atr_adx,60,5,5a84e74ece84,500,0.0,ok,0.0,0.0,20.833333333333332,0.0,0.0,10000.0,0.0,10000.0,0.0,0.0,0.0,0.0,0.0,0.0,0.0,,,,,,,,,,,,0.0,,0.0,,2.0
AKEUSD,atr_adx,60,5,dffdcf8fee7d,500,0.0,ok,0.0,0.0,20.833333333333332,0.0,0.0,10000.0,0.0,10000.0,0.0,0.0,0.0,0.0,0.0,0.0,0.0,,,,,,,,,,,,0.0,,0.0,,3.0
AKEUSD,atr_adx,60,5,d00957accc49,500,0.0,ok,0.0,0.0,20.833333333333332,0.0,0.0,10000.0,0.0,10000.0,0.0,0.0,0.0,0.0,0.0,0.0,0.0,,,,,,,,,,,,0.0,,0.0,,4.0
AKEUSD,atr_adx,60,5,809d32ebda31,500,0.0,ok,0.0,0.0,20.833333333333332,0.0,0.0,10000.0,0.0,10000.0,0.0,0.0,0.0,0.0,0.0,0.0,0.0,,,,,,,,,,,,0.0,,0.0,,6.0
AKEUSD,atr_adx,60,5,f986f31d654d,500,0.0,ok,0.0,0.0,20.833333333333332,0.0,0.0,10000.0,0.0,10000.0,0.0,0.0,0.0,0.0,0.0,0.0,0.0,,,,,,,,,,,,0.0,,0.0,,8.0
AKEUSD,atr_banded,60,5,cf8f31c6adcd,500,1.0,ok,0.0,0.0,20.833333333333332,0.0,0.0,10000.0,0.0,10000.0,0.0,0.0,0.0,0.0,0.0,0.0,0.0,,,,,,,,,,,,0.0,,0.0,,2.0
AKEUSD,atr_banded,60,5,288ca0e57714,500,0.0,ok,0.0,0.0,20.833333333333332,0.0,0.0,10000.0,0.0,10000.0,0.0,0.0,0.0,0.0,0.0,0.0,0.0,,,,,,,,,,,,0.0,,0.0,,3.0
AKEUSD,atr_banded,60,5,3a75ea085984,500,0.0,ok,0.0,0.0,20.833333333333332,0.0,0.0,10000.0,0.0,10000.0,0.0,0.0,0.0,0.0,0.0,0.0,0.0,,,,,,,,,,,,0.0,,0.0,,4.0
AKEUSD,atr_banded,60,5,88e72402023d,500,0.0,ok,0.0,0.0,20.833333333333332,0.0,0.0,10000.0,0.0,10000.0,0.0,0.0,0.0,0.0,0.0,0.0,0.0,,,,,,,,,,,,0.0,,0.0,,6.0
AKEUSD,atr_banded,60,5,21ada7a3049e,500,0.0,ok,0.0,0.0,20.833333333333332,0.0,0.0,10000.0,0.0,10000.0,0.0,0.0,0.0,0.0,0.0,0.0,0.0,,,,,,,,,,,,0.0,,0.0,,8.0
BANKUSD,atr_arm,5,5,5dc5ac0f708a,6009,1100.0,ok,122.0,5.847229156265602,20.864583333333332,19.0,196.0,10000.0,-390.6602143510833,9609.339785648912,-3.906602143510833,7.657061021548335,374.55697219800004,39.7432421530807,-350.91697219800517,3849.4907798561917,-4240.150994207275,93.89001902088272,-52.347543138361424,105.36229835268568,-65.46573142178168,0.9078664380384595,0.3360655737704918,-0.06042850248941751,-0.3146699212165888,0.1981279090702912,0.010782134047307214,0.07121063653672474,20.508196721311474,256.5260136965166,0.22479087863437872,0.0,2.0
BANKUSD,atr_arm,5,5,ee1169e95975,6009,913.0,ok,65.0,3.1153270094857715,20.864583333333332,0.0,80.0,10000.0,1171.1756334811212,11171.17563348111,11.711756334811211,3.199838096632488,159.24688863000003,-41.9775221111233,1129.1981113699912,3167.1417409820315,-1995.96610750091,105.57139136606772,-57.02760307145457,127.64290743462209,-78.68718710334376,1.5867713029193244,0.46153846153846156,0.3486542174021172,-0.012671816029914662,0.6968576639343624,0.4024058335093499,0.0537516161072327,49.246153846153845,340.0338155175664,0.16932584154850527,0.0,3.0
BANKUSD,atr_arm,5,5,a2bca180ebed,6009,738.0,ok,30.0,1.4378432351472792,20.864583333333332,0.0,15.0,10000.0,859.5286958605582,10859.52869586056,8.595286958605582,2.8684437944265038,53.445388502,-3.6140843625590886,855.9146114979994,1642.752333237101,-783.2236373765427,102.67202082731882,-55.94454552689591,123.91111976826227,-77.77279871154335,2.097424356011017,0.5333333333333333,0.5612146238707714,0.023689499784501532,1.1139785247319105,0.6036005881058397,0.042385964235068276,101.2,445.24862830533186,0.13309449918561958,0.0,4.0
BANKUSD,atr_arm,5,5,66744b5d349d,6009,467.0,ok,23.0,1.1023464802795806,20.864583333333332,0.0,9.0,10000.0,-40.82080021878781,9957.994410246147,-0.4082080021878781,2.9062847565245282,39.908478776,-37.5566785572132,-79.641530126004,718.1142137202279,-758.9350139390157,89.76427671502849,-50.59566759593438,113.17499068340757,-55.075132780874505,0.9462130492478926,0.34782608695652173,-0.032504766098823454,-0.5809194242716418,0.5517974212984073,0.006666659591325696,0.039171425690149156,83.1304347826087,458.6693548387085,0.1235450855684146,0.0,6.0
BANKUSD,atr_arm,5,5,ff671398a60a,6009,311.0,ok,10.0,0.4792810783824264,20.864583333333332,0.0,2.0,10000.0,365.13855383416166,10365.138553834166,3.6513855383416165,0.5623729316109553,16.50576341,-35.3933172441625,329.7452365900008,522.3949623952491,-157.2564085610874,74.62785177074987,-52.4188028536958,100.35318699599982,-53.0351779866482,3.321931151647285,0.7,0.7240636392692748,-0.08138645842122395,1.4677342527850457,0.7611586968663356,0.037095057597060936,151.8,461.0827670508264,0.11673727602001124,0.0,8.0
BANKUSD,atr_adx,5,5,3521dc5aecec,6009,460.0,ok,71.0,3.4028956565152275,20.864583333333332,8.0,90.0,10000.0,-43.40224075906184,9956.597759240938,-0.43402240759061844,5.835934013925625,217.08808146400006,12.118159295058096,-31.284081464005794,2367.3754335253207,-2410.777674284382,94.69501734101283,-52.408210310530045,108.39430693837447,-62.532135375458665,0.9819965809282082,0.352112676056338,-0.008253049105202996,-0.3521002455691061,0.33475200769923397,0.06299902689765577,0.07125207600285877,18.323943661971832,259.2405702031052,0.2248425698760337,0.0,2.0
BANKUSD,atr_adx,5,5,03722d94202d,6009,377.0,ok,39.0,1.8691962056914628,20.864583333333332,0.0,41.0,10000.0,382.65614149433037,10382.656141494332,3.826561414943304,4.3416119455230655,100.80157146199998,-45.328712956332,337.32742853799937,1609.5816039346923,-1226.925462440362,100.59885024591827,-53.344585323494,118.8001758954766,-60.82740101141131,1.3118821421581919,0.41025641025641024,0.19774887419837126,-0.2733329944025356,0.6567960748924022,0.25650697770995645,0.05875810351158519,49.76923076923077,286.6998850134146,0.18528416677185253,0.0,3.0
BANKUSD,atr_adx,5,5,15c96960e886,6009,302.0,ok,24.0,1.1502745881178233,20.864583333333332,0.0,10.0,10000.0,555.7295533581773,10555.729553358186,5.557295533581773,2.328022195446169,49.509878764,-25.259432122178097,530.4701212360033,1223.394952117601,-667.6653987594235,101.94957934313341,-55.63878322995196,120.58017568847028,-72.2148872076167,1.8323473919582594,0.5,0.4589162019833078,-0.17998669425169203,1.0150969105984244,0.5067958874744317,0.04787968549112389,84.0,409.01434766261593,0.15071916439465474,0.0,4.0
BANKUSD,atr_adx,5,5,51983af8c20a,6009,184.0,ok,12.0,0.5751372940589117,20.864583333333332,0.0,1.0,10000.0,214.16927465104516,10212.953909902179,2.1416927465104516,1.2279504562036165,20.309540906000002,-34.20781555704539,178.66478706400267,528.2418041619458,-314.07252951090067,88.04030069365763,-52.34542158515011,116.05476143871056,-57.40959812953508,1.6819102421487386,0.5,0.3575274979261402,-0.4171970402329646,1.1925646671660197,0.39584256539317514,0.03831506746703492,122.58333333333333,458.31769182485846,0.12065537401868387,0.0,6.0
BANKUSD,atr_adx,5,5,e8734162e400,6009,122.0,ok,7.0,0.3354967548676985,20.864583333333332,0.0,1.0,10000.0,425.09976360652195,10425.099763606519,4.250997636065219,0.5326829109873028,10.851859317999999,-38.1316229245224,386.9681406819982,477.94656307876204,-52.84679947224011,79.657760513127,-52.84679947224011,112.8458111393988,-52.84679947224011,9.044002055977346,0.8571428571428571,1.1985760228825908,0.3147003926346014,1.8824040190920133,1.2347596452123857,0.03618362232979511,198.14285714285714,444.71153846153953,0.11359977646501597,0.0,8.0
BANKUSD,atr_banded,5,5,252136b1eac7,6009,263.0,ok,62.0,2.9715426859710434,20.864583333333332,5.0,20.0,10000.0,144.7433005690673,10144.74330056908,1.4474330056906728,6.751720576686145,187.64578761,-1.8670881790640985,142.87621239000873,2230.675654865967,-2085.9323542968996,96.98589803765073,-53.48544498197178,110.28931230442997,-70.94491260819746,1.0693902178902899,0.3709677419354839,0.05268024561526621,-0.29485997569607364,0.4256138534843532,0.1222568898194568,0.06957664420419055,19.919354838709676,240.58996024742774,0.21952433723874148,0.0,2.0
BANKUSD,atr_banded,5,5,3434c15f9b27,6009,212.0,ok,40.0,1.9171243135297056,20.864583333333332,0.0,8.0,10000.0,-458.1428463354158,9541.857153664581,-4.581428463354158,7.049996223739156,97.88852003800001,-3.246673702582701,-461.38952003800296,1062.4359055407378,-1520.5787518761535,96.58508232188525,-52.43375006469495,108.41957800169706,-67.79622695063182,0.6987049531172654,0.275,-0.23004579305081768,-0.6400139227930784,0.22931497972551565,-0.17506995346359103,0.05497583958722665,38.725,304.621216407799,0.17368965515634086,0.0,3.0
BANKUSD,atr_banded,5,5,1143ddd7a55f,6009,169.0,ok,26.0,1.2461308037943086,20.864583333333332,0.0,0.0,10000.0,-15.642231268134125,9984.357768731863,-0.15642231268134127,3.7286478441661037,54.557937628000005,-8.8397063598646,-24.481937628002925,881.5520806608171,-897.1943119289513,97.95023118453523,-52.77613599582066,113.9182875288863,-59.48577455542145,0.982565391844155,0.34615384615384615,-0.005733218386708739,-0.5040012497671597,0.5784839821395211,0.041701013803311274,0.04743423219002003,69.07692307692308,356.9750554203854,0.1495907740376184,0.0,4.0
BANKUSD,atr_banded,5,5,cf2d94d18b94,6009,112.0,ok,16.0,0.7668497254118822,20.864583333333332,0.0,0.0,10000.0,67.1447055801047,10067.144705580113,0.6714470558010469,2.7806575097615926,27.19757346,-2.547279040104298,64.59742654000547,611.8508379848372,-544.7061324047324,101.97513966413953,-54.47061324047324,114.61487606105905,-64.94561963592639,1.123267761432534,0.375,0.09546814900245573,-0.5468911267145489,0.8607760985493119,0.13427569956986096,0.03880755056740523,76.0,451.71295457291217,0.12223817134851825,0.0,6.0
BANKUSD,atr_banded,5,5,002e1c6a1678,6009,74.0,ok,5.0,0.2396405391912132,20.864583333333332,0.0,0.0,10000.0,-138.35199503244144,9861.648004967561,-1.3835199503244144,2.204531060040299,9.215850070000002,-0.010855037558400227,-138.36285006999788,81.23292309158865,-219.58491812403008,81.23292309158865,-54.89622953100752,81.23292309158865,-58.882454013259924,0.36993853578643837,0.2,-0.5542405471093789,-1.1522419583520307,0.5560385236706633,-0.5163514855886993,0.03788906152067949,162.4,433.59762140733267,0.12004662303512323,0.0,8.0
BANKUSD,atr_arm,15,5,10d320454352,2002,170.0,ok,19.0,0.911088911088911,20.854166666666668,0.0,18.0,10000.0,-14.664231721193076,9985.335768278806,-0.14664231721193077,3.844022978153097,35.326359214,6.610872507192301,-8.053359213998192,622.8779927464159,-637.5422244676089,88.98257039234512,-53.12851870563407,100.22338090490878,-62.913834008576146,0.9769988070461707,0.3684210526315789,-0.008787320255840333,-0.5940333519032391,0.627257348167961,0.033233929546826836,0.04202124980266719,24.05263157894737,422.66139657444,0.13218604675522977,0.0,2.0
BANKUSD,atr_arm,15,5,20121ef774fe,2002,101.0,ok,6.0,0.2877122877122877,20.854166666666668,0.0,2.0,10000.0,131.22455399388906,10131.22455399389,1.3122455399388906,1.0679085886521174,9.136564764,9.1248812421102,140.3494352359994,290.9105588533065,-159.68600485941747,96.9701862844355,-53.22866828647249,100.44910912859459,-55.441321081225794,1.8217661535800522,0.5,0.4419006329623376,-0.5762676486294427,1.482568316365984,0.4788496930861809,0.03694906012384328,29.833333333333332,468.0255686410118,0.11652950968978786,0.0,3.0
BANKUSD,atr_arm,15,5,ef3fa61dd9e9,2002,68.0,ok,3.0,0.14385614385614384,20.854166666666668,0.0,0.0,10000.0,-157.4168666013533,9842.583133398646,-1.574168666013533,1.574168666013538,4.956367570000001,3.353499031353,-154.063367570001,0.0,-157.4168666013533,,-52.47228886711776,-51.31237597429117,-54.2113774394761,0.0,0.0,-1.0556544847378067,-1.0855736601280785,-1.0377877189202127,-1.0226767219551423,0.032977762782664406,14.666666666666666,480.2043422733095,0.10484977887058278,0.0,4.0
BANKUSD,atr_arm,15,5,747c7dbe7f17,2002,22.0,ok,0.0,0.0,20.854166666666668,0.0,0.0,10000.0,0.0,10000.0,0.0,0.0,0.0,0.0,0.0,0.0,0.0,,,,,,,,,,,,0.0,,0.0,,6.0
BANKUSD,atr_arm,15,5,fb6e4c240971,2002,2.0,ok,0.0,0.0,20.854166666666668,0.0,0.0,10000.0,0.0,10000.0,0.0,0.0,0.0,0.0,0.0,0.0,0.0,,,,,,,,,,,,0.0,,0.0,,8.0
BANKUSD,atr_adx,15,5,ee9c7b1f1716,2002,82.0,ok,10.0,0.4795204795204795,20.854166666666668,0.0,7.0,10000.0,-72.34183663960617,9927.6581633604,-0.7234183663960617,2.602896973642644,19.723402562,-0.2625659223942023,-72.60440256199581,291.370420687059,-363.71225732666505,97.123473562353,-51.95889390380929,98.86953291627619,-56.06000649348955,0.8011014608874375,0.3,-0.13746538378205533,-0.7654383567719463,0.7634163890647983,-0.09392769342613164,0.04353769035592377,17.7,387.91792478580675,0.13757657462208792,0.0,2.0
BANKUSD,atr_adx,15,5,9929a3276d0d,2002,53.0,ok,4.0,0.1918081918081918,20.854166666666668,0.0,1.0,10000.0,88.79821681830839,10088.798216818312,0.887982168183084,1.0343686059409827,5.809174773999999,4.8906084076912,93.68882522600143,191.82013381908058,-103.02191700077219,95.91006690954029,-51.510958500386096,100.42143338436838,-52.127564580000104,1.8619352017847115,0.5,0.4486249098062067,-1.0250155744355345,1.922265394047948,0.4831454854947773,0.034520575688570726,36.25,479.97461923418905,0.10888062039124789,0.0,3.0
BANKUSD,atr_adx,15,5,c9ede9854551,2002,33.0,ok,1.0,0.04795204795204795,20.854166666666668,0.0,0.0,10000.0,-54.2113774394761,9945.788622560523,-0.542113774394761,0.5421137743947656,1.6633560600000001,2.610021379476,-51.6013560600004,0.0,-54.2113774394761,,-54.2113774394761,-54.2113774394761,-54.2113774394761,0.0,0.0,-1.0855736601280785,-1.0855736601280785,-1.0855736601280785,-1.0530552364827583,0.03251842364532013,5.0,485.87841072283493,0.10333901503482767,0.0,4.0
BANKUSD,atr_adx,15,5,2a67285d213c,2002,7.0,ok,0.0,0.0,20.854166666666668,0.0,0.0,10000.0,0.0,10000.0,0.0,0.0,0.0,0.0,0.0,0.0,0.0,,,,,,,,,,,,0.0,,0.0,,6.0
BANKUSD,atr_adx,15,5,346314b5a31f,2002,1.0,ok,0.0,0.0,20.854166666666668,0.0,0.0,10000.0,0.0,10000.0,0.0,0.0,0.0,0.0,0.0,0.0,0.0,,,,,,,,,,,,0.0,,0.0,,8.0
BANKUSD,atr_banded,15,5,e9f9d39ae933,2002,34.0,ok,7.0,0.3356643356643356,20.854166666666668,0.0,1.0,10000.0,-202.9538979566194,9797.04610204338,-2.029538979566194,2.0632271578208745,14.871770968,-10.41587301138,-213.369770968,100.63081759908384,-303.5847155557032,100.63081759908384,-50.5974525926172,100.63081759908384,-53.50267539791414,0.3314752437878237,0.14285714285714285,-0.5842854603686615,-1.0519080567024046,0.307221259059316,-0.5387101568794334,0.04557530348922818,9.714285714285714,373.0061349693253,0.14433790675527977,0.0,2.0
BANKUSD,atr_banded,15,5,affd99fb70bf,2002,25.0,ok,2.0,0.0959040959040959,20.854166666666668,0.0,0.0,10000.0,-103.22648865990365,9896.773511340098,-1.0322648865990365,1.0404700777193006,3.9334929500000007,-0.24400429009620017,-103.47049294999852,0.0,-103.22648865990365,,-51.613244329951826,-50.65385892577007,-52.57262973413358,0.0,0.0,-1.037101309287684,-1.0580974466476192,-1.0161051719277487,-0.9967865488075756,0.04031476048010833,15.0,396.0934780464431,0.12798565386904495,0.0,3.0
BANKUSD,atr_banded,15,5,f026637cc133,2002,19.0,ok,1.0,0.04795204795204795,20.854166666666668,0.0,0.0,10000.0,-52.09661559224321,9947.903384407755,-0.5209661559224321,0.5209661559224514,1.6334924800000001,0.5431231122432,-51.553492480001296,0.0,-52.09661559224321,,-52.09661559224321,-52.09661559224321,-52.09661559224321,0.0,0.0,-1.0436020751651283,-1.0436020751651283,-1.0436020751651283,-1.0100898700369232,0.03351220512820512,17.0,471.4700193423598,0.10643609603804333,0.0,4.0
BANKUSD,atr_banded,15,5,b01eba807079,2002,6.0,ok,0.0,0.0,20.854166666666668,0.0,0.0,10000.0,0.0,10000.0,0.0,0.0,0.0,0.0,0.0,0.0,0.0,,,,,,,,,,,,0.0,,0.0,,6.0
BANKUSD,atr_banded,15,5,c9c755ecee6b,2002,1.0,ok,0.0,0.0,20.854166666666668,0.0,0.0,10000.0,0.0,10000.0,0.0,0.0,0.0,0.0,0.0,0.0,0.0,,,,,,,,,,,,0.0,,0.0,,8.0
BANKUSD,atr_arm,30,5,e2b1b44db43e,1000,49.0,ok,4.0,0.192,20.833333333333332,0.0,0.0,10000.0,-79.72109210004264,9920.278907899961,-0.7972109210004263,1.6051877626616078,7.98181477,-10.419722669957498,-90.14081476999854,79.4869161661202,-159.20800826616284,79.4869161661202,-53.069336088720945,79.4869161661202,-57.793536043666556,0.4992645598155749,0.25,-0.3975588501505468,-1.1209591155354737,0.9520541572842107,-0.35757289243968526,0.03998595771086156,20.0,434.8933788967229,0.12652957013813607,0.0,2.0
BANKUSD,atr_arm,30,5,bbefa887b944,1000,31.0,ok,1.0,0.048,20.833333333333332,0.0,0.0,10000.0,53.85238570254643,10053.852385702548,0.5385238570254642,0.008880453199999465,1.74033761,-10.3357233125463,43.51666239000042,53.85238570254643,0.0,53.85238570254643,,53.85238570254643,53.85238570254643,inf,1.0,1.0799852739961975,1.0799852739961975,1.0799852739961975,1.1156039696483713,0.03561869565217389,48.0,443.5872709739636,0.11180868356477756,0.0,3.0
BANKUSD,atr_arm,30,5,821430b81962,1000,10.0,ok,0.0,0.0,20.833333333333332,0.0,0.0,10000.0,0.0,10000.0,0.0,0.0,0.0,0.0,0.0,0.0,0.0,,,,,,,,,,,,0.0,,0.0,,4.0
BANKUSD,atr_arm,30,5,29971310f6ef,1000,0.0,ok,0.0,0.0,20.833333333333332,0.0,0.0,10000.0,0.0,10000.0,0.0,0.0,0.0,0.0,0.0,0.0,0.0,,,,,,,,,,,,0.0,,0.0,,6.0
BANKUSD,atr_arm,30,5,aaa7d53222b0,1000,0.0,ok,0.0,0.0,20.833333333333332,0.0,0.0,10000.0,0.0,10000.0,0.0,0.0,0.0,0.0,0.0,0.0,0.0,,,,,,,,,,,,0.0,,0.0,,8.0
BANKUSD,atr_adx,30,5,335e68349cd8,1000,19.0,ok,2.0,0.096,20.833333333333332,0.0,0.0,10000.0,-107.88719186616268,9892.112808133837,-1.078871918661627,1.0788719186616254,3.5082343700000003,4.835957496162501,-103.05123437000111,0.0,-107.88719186616268,,-53.94359593308134,-50.09365582249612,-57.793536043666556,0.0,0.0,-1.0836382879158548,-1.1582799431550925,-1.0089966326766169,-1.0491862743724605,0.03445201354339408,13.5,458.72867058915733,0.10943362982928526,0.0,2.0
BANKUSD,atr_adx,30,5,47228871717c,1000,9.0,ok,0.0,0.0,20.833333333333332,0.0,0.0,10000.0,0.0,10000.0,0.0,0.0,0.0,0.0,0.0,0.0,0.0,,,,,,,,,,,,0.0,,0.0,,3.0
BANKUSD,atr_adx,30,5,9a039c5ddf6a,1000,1.0,ok,0.0,0.0,20.833333333333332,0.0,0.0,10000.0,0.0,10000.0,0.0,0.0,0.0,0.0,0.0,0.0,0.0,,,,,,,,,,,,0.0,,0.0,,4.0
BANKUSD,atr_adx,30,5,718f81b15673,1000,0.0,ok,0.0,0.0,20.833333333333332,0.0,0.0,10000.0,0.0,10000.0,0.0,0.0,0.0,0.0,0.0,0.0,0.0,,,,,,,,,,,,0.0,,0.0,,6.0
BANKUSD,atr_adx,30,5,8a0c589af633,1000,0.0,ok,0.0,0.0,20.833333333333332,0.0,0.0,10000.0,0.0,10000.0,0.0,0.0,0.0,0.0,0.0,0.0,0.0,,,,,,,,,,,,0.0,,0.0,,8.0
BANKUSD,atr_banded,30,5,aca58ad06d12,1000,3.0,ok,0.0,0.0,20.833333333333332,0.0,0.0,10000.0,0.0,10000.0,0.0,0.0,0.0,0.0,0.0,0.0,0.0,,,,,,,,,,,,0.0,,0.0,,2.0
BANKUSD,atr_banded,30,5,ac961518ae42,1000,3.0,ok,0.0,0.0,20.833333333333332,0.0,0.0,10000.0,0.0,10000.0,0.0,0.0,0.0,0.0,0.0,0.0,0.0,,,,,,,,,,,,0.0,,0.0,,3.0
BANKUSD,atr_banded,30,5,16b34f243168,1000,3.0,ok,0.0,0.0,20.833333333333332,0.0,0.0,10000.0,0.0,10000.0,0.0,0.0,0.0,0.0,0.0,0.0,0.0,,,,,,,,,,,,0.0,,0.0,,4.0
BANKUSD,atr_banded,30,5,e4a594cc843b,1000,0.0,ok,0.0,0.0,20.833333333333332,0.0,0.0,10000.0,0.0,10000.0,0.0,0.0,0.0,0.0,0.0,0.0,0.0,,,,,,,,,,,,0.0,,0.0,,6.0
BANKUSD,atr_banded,30,5,f779654d2156,1000,0.0,ok,0.0,0.0,20.833333333333332,0.0,0.0,10000.0,0.0,10000.0,0.0,0.0,0.0,0.0,0.0,0.0,0.0,,,,,,,,,,,,0.0,,0.0,,8.0
BANKUSD,atr_arm,60,5,ce9d73014263,500,11.0,ok,0.0,0.0,20.833333333333332,0.0,0.0,10000.0,0.0,10000.0,0.0,0.0,0.0,0.0,0.0,0.0,0.0,,,,,,,,,,,,0.0,,0.0,,2.0
BANKUSD,atr_arm,60,5,a330e557af25,500,1.0,ok,0.0,0.0,20.833333333333332,0.0,0.0,10000.0,0.0,10000.0,0.0,0.0,0.0,0.0,0.0,0.0,0.0,,,,,,,,,,,,0.0,,0.0,,3.0
BANKUSD,atr_arm,60,5,ff218c1c7aa1,500,0.0,ok,0.0,0.0,20.833333333333332,0.0,0.0,10000.0,0.0,10000.0,0.0,0.0,0.0,0.0,0.0,0.0,0.0,,,,,,,,,,,,0.0,,0.0,,4.0
BANKUSD,atr_arm,60,5,1cf9d3bed817,500,0.0,ok,0.0,0.0,20.833333333333332,0.0,0.0,10000.0,0.0,10000.0,0.0,0.0,0.0,0.0,0.0,0.0,0.0,,,,,,,,,,,,0.0,,0.0,,6.0
BANKUSD,atr_arm,60,5,a6a43d305a6b,500,0.0,ok,0.0,0.0,20.833333333333332,0.0,0.0,10000.0,0.0,10000.0,0.0,0.0,0.0,0.0,0.0,0.0,0.0,,,,,,,,,,,,0.0,,0.0,,8.0
BANKUSD,atr_adx,60,5,5a84e74ece84,500,1.0,ok,0.0,0.0,20.833333333333332,0.0,0.0,10000.0,0.0,10000.0,0.0,0.0,0.0,0.0,0.0,0.0,0.0,,,,,,,,,,,,0.0,,0.0,,2.0
BANKUSD,atr_adx,60,5,dffdcf8fee7d,500,0.0,ok,0.0,0.0,20.833333333333332,0.0,0.0,10000.0,0.0,10000.0,0.0,0.0,0.0,0.0,0.0,0.0,0.0,,,,,,,,,,,,0.0,,0.0,,3.0
BANKUSD,atr_adx,60,5,d00957accc49,500,0.0,ok,0.0,0.0,20.833333333333332,0.0,0.0,10000.0,0.0,10000.0,0.0,0.0,0.0,0.0,0.0,0.0,0.0,,,,,,,,,,,,0.0,,0.0,,4.0
BANKUSD,atr_adx,60,5,809d32ebda31,500,0.0,ok,0.0,0.0,20.833333333333332,0.0,0.0,10000.0,0.0,10000.0,0.0,0.0,0.0,0.0,0.0,0.0,0.0,,,,,,,,,,,,0.0,,0.0,,6.0
BANKUSD,atr_adx,60,5,f986f31d654d,500,0.0,ok,0.0,0.0,20.833333333333332,0.0,0.0,10000.0,0.0,10000.0,0.0,0.0,0.0,0.0,0.0,0.0,0.0,,,,,,,,,,,,0.0,,0.0,,8.0
BANKUSD,atr_banded,60,5,cf8f31c6adcd,500,0.0,ok,0.0,0.0,20.833333333333332,0.0,0.0,10000.0,0.0,10000.0,0.0,0.0,0.0,0.0,0.0,0.0,0.0,,,,,,,,,,,,0.0,,0.0,,2.0
BANKUSD,atr_banded,60,5,288ca0e57714,500,0.0,ok,0.0,0.0,20.833333333333332,0.0,0.0,10000.0,0.0,10000.0,0.0,0.0,0.0,0.0,0.0,0.0,0.0,,,,,,,,,,,,0.0,,0.0,,3.0
BANKUSD,atr_banded,60,5,3a75ea085984,500,0.0,ok,0.0,0.0,20.833333333333332,0.0,0.0,10000.0,0.0,10000.0,0.0,0.0,0.0,0.0,0.0,0.0,0.0,,,,,,,,,,,,0.0,,0.0,,4.0
BANKUSD,atr_banded,60,5,88e72402023d,500,0.0,ok,0.0,0.0,20.833333333333332,0.0,0.0,10000.0,0.0,10000.0,0.0,0.0,0.0,0.0,0.0,0.0,0.0,,,,,,,,,,,,0.0,,0.0,,6.0
BANKUSD,atr_banded,60,5,21ada7a3049e,500,0.0,ok,0.0,0.0,20.833333333333332,0.0,0.0,10000.0,0.0,10000.0,0.0,0.0,0.0,0.0,0.0,0.0,0.0,,,,,,,,,,,,0.0,,0.0,,8.0
BEATUSD,atr_arm,5,5,5dc5ac0f708a,62961,13999.0,ok,996.0,4.5559632153237715,218.61458333333334,195.0,1570.0,10000.0,-2268.6767492715157,7731.323250728493,-22.686767492715155,33.32162002878777,2632.77242119,92.79832808152457,-2175.878421189974,25572.59940433463,-27841.276153606144,74.7736824688147,-42.570758644657715,112.24273144033495,-63.05336368696401,0.9185139094646829,0.3433734939759036,-0.04593471591804997,-0.1369330814931284,0.045588782861209036,0.02944428916669844,0.0753790050847484,23.740963855421686,228.239939454943,0.23751465938296548,0.0,2.0
BEATUSD,atr_arm,5,5,ee1169e95975,62961,12711.0,ok,617.0,2.8223185781674367,218.61458333333334,9.0,706.0,10000.0,-654.0134742086803,9345.986525791259,-6.540134742086804,20.873916662211293,1418.7312413280001,137.0212328806845,-516.9922413280274,18730.595654788347,-19384.609128997035,85.92016355407499,-48.58298027317553,115.02514385476013,-78.3993994060364,0.966261198775973,0.353322528363047,-0.01639112634963953,-0.12529998334460832,0.09882292025091247,0.04038197297085145,0.056773099320490975,48.18314424635332,320.0471235028489,0.17881684301686165,0.0,3.0
BEATUSD,atr_arm,5,5,a2bca180ebed,62961,11235.0,ok,426.0,1.9486348692047457,218.61458333333334,2.0,298.0,10000.0,822.8970389826436,10822.897038982663,8.228970389826436,16.106255930585597,886.844881878,-93.34592086064004,729.5511181220008,14677.663200069956,-13854.766161087311,93.48830063738825,-51.50470691854019,124.85683349854268,-76.60324288693957,1.059394509399505,0.3685446009389671,0.04209860392089602,-0.09032669023426447,0.17856186793052242,0.08954013028821838,0.04744152636732235,70.32863849765258,394.53845120804846,0.14947335421576863,0.0,4.0
BEATUSD,atr_arm,5,5,66744b5d349d,62961,8112.0,ok,225.0,1.0292085576785628,218.61458333333334,0.0,77.0,10000.0,-1003.8900311370521,8996.10996886298,-10.038900311370522,16.012247950057095,400.47017065,-26.606139512948094,-1030.4961706499817,6088.63393298655,-7092.5239641236,80.11360438140197,-47.600831973983894,107.742706549132,-98.136352836385,0.8584579994068307,0.3377777777777778,-0.09003097356976222,-0.25565624068696646,0.08682574315550529,-0.04857461044166963,0.041456363128092595,105.81777777777778,438.98305084745635,0.13058775958605673,0.0,6.0
BEATUSD,atr_arm,5,5,ff671398a60a,62961,5554.0,ok,130.0,0.5946538333253919,218.61458333333334,0.0,27.0,10000.0,-1035.9755415981913,8964.024458401816,-10.359755415981912,14.135899996418768,223.469561908,-121.20502030980808,-1157.180561907997,3135.44439081055,-4171.419932408741,72.91731141419883,-47.94735554492806,107.44849504868701,-62.65406119372295,0.7516491845979222,0.33076923076923076,-0.16505983965461768,-0.38819221950206295,0.06317276687335549,-0.1262615786672195,0.03879826098739818,129.62307692307692,449.8869856552022,0.12233191686951038,0.0,8.0
BEATUSD,atr_adx,5,5,3521dc5aecec,62961,5940.0,ok,565.0,2.58445704483728,218.61458333333334,50.0,618.0,10000.0,-1365.797721890949,8634.202278109044,-13.657977218909492,21.11826485688444,1585.456132806,76.36158908495591,-1289.4361328059913,16342.967275729523,-17708.76499762047,84.67858692087836,-47.60420698285073,110.98695655463821,-62.366617095439814,0.9228744792720176,0.3415929203539823,-0.046599214473378205,-0.16372796807969048,0.06942432687697335,0.02442561405709755,0.0710248285304758,25.394690265486727,243.35454885810526,0.22390648691885334,0.0,2.0
BEATUSD,atr_adx,5,5,03722d94202d,62961,5181.0,ok,407.0,1.8617239243341115,218.61458333333334,5.0,310.0,10000.0,-1962.1356157082714,8037.864384291706,-19.621356157082715,25.670820741165652,913.5041681220001,100.5284475862799,-1861.60716812201,11342.724379339128,-13304.859995047398,85.92973014650855,-48.38130907289963,109.95121864624264,-79.7817565744048,0.8525248956818294,0.32432432432432434,-0.10330446387815127,-0.23325096622545394,0.029859438355567033,-0.04847433444065658,0.054830129437494705,49.13267813267813,339.5717766602721,0.17269624115211918,0.0,3.0
BEATUSD,atr_adx,5,5,15c96960e886,62961,4402.0,ok,281.0,1.2853671320341162,218.61458333333334,0.0,113.0,10000.0,-735.036301137323,9264.963698862697,-7.35036301137323,18.431579696690438,558.316310216,42.842990921327115,-692.1933102159746,8121.688915677465,-8856.725216814786,86.4009459114624,-47.36216693483843,105.08145687269851,-71.06832649337457,0.917008117205462,0.33451957295373663,-0.04932258668644687,-0.20378504926299887,0.12140364492261072,-0.0010281594360132596,0.048294427250433605,66.62277580071175,379.46428571428464,0.15213226892455456,0.0,4.0
BEATUSD,atr_adx,5,5,51983af8c20a,62961,3156.0,ok,133.0,0.6083766140944394,218.61458333333334,0.0,38.0,10000.0,-1194.2265672344934,8805.773432765485,-11.942265672344933,19.03202838994767,235.22445774800002,55.82510948649361,-1138.4014577480048,3199.0976004492236,-4393.324167683717,78.02677074266398,-47.75352356177953,106.23747904913186,-95.4505158113892,0.7281724449065358,0.3082706766917293,-0.18871092713969115,-0.4145635080027766,0.03866466686264814,-0.14660523596797612,0.042105691171715,105.39097744360902,413.1483715319665,0.132696453475974,0.0,6.0
BEATUSD,atr_adx,5,5,e8734162e400,62961,2112.0,ok,69.0,0.3156239576880926,218.61458333333334,0.0,8.0,10000.0,-911.7402081520029,9088.259791848004,-9.117402081520028,12.227001552791334,115.16117991399999,4.50002823800191,-907.2401799139916,1347.8412065786151,-2259.5814147306182,67.39206032893075,-46.11390642307384,103.20855593523757,-59.94929977686912,0.596500395069545,0.2898550724637681,-0.27471967739213776,-0.5396636168300588,0.01728314743425517,-0.2366515090336591,0.03806816835847871,128.69565217391303,449.8897503378605,0.11985274977143971,0.0,8.0
BEATUSD,atr_banded,5,5,252136b1eac7,62961,3859.0,ok,523.0,2.3923381140706153,218.61458333333334,71.0,154.0,10000.0,-1627.7430608036857,8372.256939196306,-16.27743060803686,19.797888858745612,1587.4160846560003,-91.1480238523232,-1718.891084656012,15277.018406860072,-16904.76146766376,86.8012409480686,-48.71689183764772,112.24273144033495,-71.18538066373519,0.9037109713782526,0.3365200764818356,-0.06322655829348779,-0.18235288228536378,0.054447644136349234,0.011753670215134826,0.07498022850862263,24.60229445506692,226.73556864158948,0.23639509764114275,0.0,2.0
BEATUSD,atr_banded,5,5,3434c15f9b27,62961,3535.0,ok,348.0,1.5918425692095106,218.61458333333334,2.0,37.0,10000.0,-73.52032397738486,9926.479676022607,-0.7352032397738486,12.271331335303746,861.479191984,-146.6658680066118,-220.18619198399392,11519.858357680983,-11593.378681658365,93.65738502179661,-51.52612747403718,127.91630464813997,-75.28822490403022,0.9936584212423168,0.35344827586206895,0.0005005256147092421,-0.1496674754418606,0.15400630833908516,0.05766591278186992,0.05716538716716069,54.729885057471265,317.8157112134643,0.18013050652642174,0.0,3.0
BEATUSD,atr_banded,5,5,1143ddd7a55f,62961,3141.0,ok,251.0,1.1481393243436413,218.61458333333334,1.0,15.0,10000.0,-929.5320165956414,9070.467983404353,-9.295320165956413,15.171312712413002,479.385927474,-30.08991087835686,-959.6219274740015,7248.144182956349,-8177.676199551991,86.28743074948035,-48.96812095540114,118.05581149848402,-69.60372653372076,0.8863329882581356,0.3346613545816733,-0.07370917829311716,-0.2359753819075109,0.09895169425023141,-0.02806747652606629,0.04564170176705085,79.33067729083665,399.5136355740841,0.143653591750442,0.0,4.0
BEATUSD,atr_banded,5,5,cf2d94d18b94,62961,2294.0,ok,139.0,0.6358221756325344,218.61458333333334,0.0,4.0,10000.0,-1892.4823183547462,8107.517681645262,-18.924823183547463,19.885856624032282,224.193114648,142.32920370674762,-1750.1531146479902,2722.8869887809515,-4615.369307135698,71.65492075739346,-45.69672581322474,100.44583202332261,-60.404490982663894,0.589960804343689,0.2733812949640288,-0.29916029624883955,-0.49711143067665614,-0.08866921898313972,-0.25929920938931994,0.03986108685951958,103.41726618705036,436.949022614027,0.12562271012078727,0.0,6.0
BEATUSD,atr_banded,5,5,002e1c6a1678,62961,1614.0,ok,72.0,0.32934673845714013,218.61458333333334,0.0,2.0,10000.0,-1311.3148914886422,8688.685108511365,-13.113148914886422,14.320261643441201,118.02580964399999,76.4900818446432,-1234.8248096439875,1212.6428919704426,-2523.9577834590846,71.33193482179074,-45.890141517437904,101.5813788272752,-58.33936483002963,0.4804529219615216,0.2361111111111111,-0.3879142669480402,-0.6488258901403555,-0.09967887295267164,-0.3493946292144377,0.03851963773360255,114.20833333333333,457.6304621517954,0.1213914761188241,0.0,8.0
BEATUSD,atr_arm,15,5,10d320454352,20970,2560.0,ok,204.0,0.9339055793991416,218.4375,0.0,134.0,10000.0,-1301.9371311877762,8698.06286881224,-13.019371311877762,21.196494066170164,388.48923086400004,91.9529003237782,-1209.984230863969,5415.596094147963,-6717.533225335739,84.61868897106193,-47.982380180969564,106.54558737891601,-69.56626096545169,0.8061882111312214,0.3137254901960784,-0.13193249698936355,-0.31367889143701233,0.07032214356660642,-0.08432730379508861,0.047605193194274927,19.730392156862745,375.80275285193267,0.1497783901846206,0.0,2.0
BEATUSD,atr_arm,15,5,20121ef774fe,20970,1806.0,ok,91.0,0.4165951359084406,218.4375,0.0,33.0,10000.0,-40.68347427505107,9959.316525724944,-0.4068347427505107,8.4892403617038,160.062100626,-16.863626350947904,-57.54710062601407,2900.238732010593,-2940.9222062856434,85.30113917678216,-51.59512642606392,105.36644340924204,-62.926951503095566,0.9861664228356339,0.37362637362637363,-0.003869813685543259,-0.281805985685716,0.28993755032266677,0.036675775537986795,0.04054558922353002,30.725274725274726,421.3857428381077,0.12747758045040886,0.0,3.0
BEATUSD,atr_arm,15,5,ef3fa61dd9e9,20970,1117.0,ok,42.0,0.192274678111588,218.4375,0.0,11.0,10000.0,-277.6907085905895,9722.309291409416,-2.7769070859058953,7.618797173290195,69.227953932,5.276754658590208,-272.4139539319913,1156.7224443267705,-1434.41315291736,82.62303173762646,-51.229041175620004,105.21763827590249,-66.73375425144988,0.8064081411789815,0.3333333333333333,-0.13005074917975204,-0.5463319190338167,0.2924291051662024,-0.09255724618362329,0.03749350299612867,39.285714285714285,441.30174292783573,0.11768073582090885,0.0,4.0
BEATUSD,atr_arm,15,5,747c7dbe7f17,20970,392.0,ok,6.0,0.027467811158798282,218.4375,0.0,0.0,10000.0,188.1511571900698,10188.15115719007,1.8815115719006978,0.6677491103328372,8.640873146,0.8169696639304025,188.9681268539989,312.6854741789446,-124.53431698887479,78.17136854473615,-62.267158494437396,102.19653445914449,-66.52300562456982,2.5108378295990352,0.6666666666666666,0.63447236455836,-0.48613989112109457,1.7250523518645615,0.6691513382324884,0.034678973674128415,62.833333333333336,458.7054158095008,0.10841696078174919,0.0,6.0
BEATUSD,atr_arm,15,5,fb6e4c240971,20970,159.0,ok,1.0,0.004577968526466381,218.4375,0.0,0.0,10000.0,-37.63611297016616,9962.363887029833,-0.3763611297016616,0.37636112970167235,1.5573033,14.5328096701662,-23.103303300000334,0.0,-37.63611297016616,,-37.63611297016616,-37.63611297016616,-37.63611297016616,0.0,0.0,-0.7639368523965056,-0.7639368523965056,-0.7639368523965056,-0.7319812513734876,0.03195560102301797,96.0,494.43601416287197,0.10001722596152506,0.0,8.0
BEATUSD,atr_adx,15,5,ee9c7b1f1716,20970,822.0,ok,75.0,0.34334763948497854,218.4375,0.0,27.0,10000.0,-1296.8655177221733,8703.134482277821,-12.968655177221732,15.447858138697729,142.92556770000004,24.687950022174,-1272.1775677000005,1488.959535154627,-2785.8250528767994,87.58585500909571,-48.031466428910335,101.21695305278999,-63.57537065549401,0.534477042489457,0.22666666666666666,-0.3686300195297104,-0.6517578942135137,-0.08357593271672482,-0.3232638456558013,0.045366173873909135,16.906666666666666,389.1625615763556,0.1428250997831784,0.0,2.0
BEATUSD,atr_adx,15,5,9929a3276d0d,20970,526.0,ok,22.0,0.10071530758226037,218.4375,0.0,7.0,10000.0,-106.57849128222679,9893.421508717767,-1.0657849128222678,4.851263933708957,39.43682952,7.487661762226404,-99.0908295200079,660.0824521547246,-766.6609434369511,94.29749316496066,-51.11072956246341,99.59978419789344,-61.81406870359445,0.8609835388190851,0.3181818181818182,-0.08883484379393353,-0.6362416669269871,0.46412837453929523,-0.04791916104432727,0.04091568274960619,26.727272727272727,404.05431443530665,0.12855149072112215,0.0,3.0
BEATUSD,atr_adx,15,5,c9ede9854551,20970,296.0,ok,7.0,0.03204577968526466,218.4375,0.0,1.0,10000.0,47.23978723100967,10047.239787231012,0.4723978723100967,1.469414992964903,12.104445517999999,-1.1862327490094022,46.053554482001346,257.2820803263447,-210.04229309533505,85.76069344211491,-52.510573273833764,97.75752639750128,-58.385944980848734,1.2249060726525598,0.42857142857142855,0.1482792893732491,-0.7555194676156113,1.1250022873478331,0.18697384912677067,0.038694559753521665,35.142857142857146,394.4315545243605,0.12146385290489625,0.0,4.0
BEATUSD,atr_adx,15,5,2a67285d213c,20970,102.0,ok,0.0,0.0,218.4375,0.0,0.0,10000.0,0.0,10000.0,0.0,0.0,0.0,0.0,0.0,0.0,0.0,,,,,,,,,,,,0.0,,0.0,,6.0
BEATUSD,atr_adx,15,5,346314b5a31f,20970,49.0,ok,0.0,0.0,218.4375,0.0,0.0,10000.0,0.0,10000.0,0.0,0.0,0.0,0.0,0.0,0.0,0.0,,,,,,,,,,,,0.0,,0.0,,8.0
BEATUSD,atr_banded,15,5,e9f9d39ae933,20970,642.0,ok,94.0,0.4303290414878398,218.4375,0.0,13.0,10000.0,-1409.2651786029114,8590.734821397062,-14.092651786029114,15.801631455877848,191.87948735400002,46.9116912489136,-1362.3534873540157,2019.2953807702452,-3428.5605593731575,84.13730753209354,-48.97943656247368,103.53242702501639,-70.85931414324818,0.5889630198451073,0.2553191489361702,-0.32157409580206825,-0.5679514812422679,-0.06118243183470608,-0.27293250035655037,0.048641595445517855,19.04255319148936,360.18160767503116,0.15301447267966123,0.0,2.0
BEATUSD,atr_banded,15,5,affd99fb70bf,20970,468.0,ok,50.0,0.22889842632331903,218.4375,0.0,0.0,10000.0,-1056.478108743011,8943.521891256989,-10.56478108743011,12.261305342209154,88.20132870399999,48.2467800390124,-1008.2313287040033,878.3742179133725,-1934.8523266563832,79.8522016284884,-49.61159811939444,100.26013509681772,-64.14819969158003,0.45397481027985753,0.22,-0.44820518604531673,-0.7401048613623942,-0.10388744758933624,-0.4081331062152546,0.04007207983006223,31.42,405.53858383904316,0.12602986864705745,0.0,3.0
BEATUSD,atr_banded,15,5,f026637cc133,20970,300.0,ok,25.0,0.11444921316165951,218.4375,0.0,0.0,10000.0,-563.9948504949459,9436.005149505045,-5.6399485049494595,6.9077688697915045,41.878133223999995,30.928717270946606,-533.0661332239979,388.226699949384,-952.22155044433,64.704449991564,-50.116923707596314,99.20561488332798,-66.73375425144988,0.4077062735749132,0.24,-0.466822317378713,-0.855912830537497,-0.030446478694934786,-0.4303677011700593,0.03645461620865369,45.44,452.84963919297013,0.11451248149147675,0.0,4.0
BEATUSD,atr_banded,15,5,b01eba807079,20970,103.0,ok,3.0,0.013733905579399141,218.4375,0.0,0.0,10000.0,-3.995870818337039,9996.004129181663,-0.03995870818337039,0.557210877976948,4.7730988000000005,19.658772018337203,15.662901199999396,102.19653445914449,-106.19240527748153,102.19653445914449,-53.09620263874076,102.19653445914449,-56.01092131725998,0.9623714068073342,0.3333333333333333,-0.026195454910511378,-1.1359398336428166,2.0756465687534447,0.010231305572497037,0.03642676048300838,61.666666666666664,451.1551022053779,0.11364907562798893,0.0,6.0
BEATUSD,atr_banded,15,5,c9c755ecee6b,20970,45.0,ok,1.0,0.004577968526466381,218.4375,0.0,0.0,10000.0,-37.63611297016616,9962.363887029833,-0.3763611297016616,0.37636112970167235,1.5573033,14.5328096701662,-23.103303300000334,0.0,-37.63611297016616,,-37.63611297016616,-37.63611297016616,-37.63611297016616,0.0,0.0,-0.7639368523965056,-0.7639368523965056,-0.7639368523965056,-0.7319812513734876,0.03195560102301797,96.0,494.43601416287197,0.10001722596152506,0.0,8.0
BEATUSD,atr_arm,30,5,e2b1b44db43e,10481,857.0,ok,49.0,0.22440606812327069,218.35416666666666,0.0,16.0,10000.0,170.69786869690853,10170.6978686969,1.7069786869690855,5.9152518375031224,80.64203239,-18.719901086908095,151.97796760999336,1655.649148481792,-1484.9512797848836,87.13942886746274,-49.49837599282945,104.79657342716095,-62.379461258989465,1.1149518310941733,0.3877551020408163,0.07820871440251863,-0.31573277584830545,0.47922690312800004,0.11704386604640624,0.03883515164388755,15.428571428571429,430.4121356118059,0.12182117056003654,0.0,2.0
BEATUSD,atr_arm,30,5,bbefa887b944,10481,368.0,ok,11.0,0.05037687243583628,218.35416666666666,0.0,2.0,10000.0,-10.298407357906711,9989.701592642095,-0.10298407357906712,2.073324571920482,17.120941293999998,-36.66053393609349,-46.9589412940004,323.3697231359574,-333.6681304938641,80.84243078398934,-47.66687578483773,99.58176038809594,-51.766660415519944,0.9691357776882557,0.36363636363636365,-0.012933518107821396,-0.7095764188687066,0.7901611726481177,0.02217581449344315,0.035109332601264476,22.636363636363637,462.96296296296197,0.10991441938703604,0.0,3.0
BEATUSD,atr_arm,30,5,821430b81962,10481,137.0,ok,2.0,0.009159431351970232,218.35416666666666,0.0,0.0,10000.0,118.73402891075153,10118.734028910752,1.1873402891075153,0.00827670360000411,2.712420382,-13.2944492927514,105.4395796179997,118.73402891075153,0.0,59.36701445537577,,99.54110840132951,19.192920509422027,inf,1.0,1.1933127237554837,0.386362036182905,2.0002634113280626,1.2260718944574949,0.032759170702011106,33.0,482.4504792090913,0.10239086130944924,0.0,4.0
BEATUSD,atr_arm,30,5,29971310f6ef,10481,31.0,ok,0.0,0.0,218.35416666666666,0.0,0.0,10000.0,0.0,10000.0,0.0,0.0,0.0,0.0,0.0,0.0,0.0,,,,,,,,,,,,0.0,,0.0,,6.0
BEATUSD,atr_arm,30,5,aaa7d53222b0,10481,8.0,ok,0.0,0.0,218.35416666666666,0.0,0.0,10000.0,0.0,10000.0,0.0,0.0,0.0,0.0,0.0,0.0,0.0,,,,,,,,,,,,0.0,,0.0,,8.0
BEATUSD,atr_adx,30,5,335e68349cd8,10481,244.0,ok,13.0,0.059536303787806506,218.35416666666666,0.0,7.0,10000.0,223.4437309997183,10223.443730999714,2.234437309997183,2.0844828805531392,22.665588666000005,0.08868033428139932,223.53241133399933,588.4038470299872,-364.9601160302689,98.0673078383312,-52.13715943289556,104.49911901505028,-54.84807866703994,1.6122415058120663,0.46153846153846156,0.3497048173061732,-0.3683538852727652,1.2138002296197108,0.39141654173382856,0.041711724427655444,9.384615384615385,404.0895813047708,0.13046621203314607,0.0,2.0
BEATUSD,atr_adx,30,5,47228871717c,10481,99.0,ok,2.0,0.009159431351970232,218.35416666666666,0.0,1.0,10000.0,-95.7551555507751,9904.244844449227,-0.957551555507751,1.016949918671837,3.6081591,-6.515003549225099,-102.27015909999864,0.0,-95.7551555507751,,-47.87757777538755,-44.66414112156486,-51.09101442921025,0.0,0.0,-0.9711244684177959,-1.0440800758002635,-0.8981688610353282,-0.9353461890751844,0.03577827934261142,28.5,441.6455752900434,0.1125013693719468,0.0,3.0
BEATUSD,atr_adx,30,5,9a039c5ddf6a,10481,42.0,ok,0.0,0.0,218.35416666666666,0.0,0.0,10000.0,0.0,10000.0,0.0,0.0,0.0,0.0,0.0,0.0,0.0,,,,,,,,,,,,0.0,,0.0,,4.0
BEATUSD,atr_adx,30,5,718f81b15673,10481,13.0,ok,0.0,0.0,218.35416666666666,0.0,0.0,10000.0,0.0,10000.0,0.0,0.0,0.0,0.0,0.0,0.0,0.0,,,,,,,,,,,,0.0,,0.0,,6.0
BEATUSD,atr_adx,30,5,8a0c589af633,10481,4.0,ok,0.0,0.0,218.35416666666666,0.0,0.0,10000.0,0.0,10000.0,0.0,0.0,0.0,0.0,0.0,0.0,0.0,,,,,,,,,,,,0.0,,0.0,,8.0
BEATUSD,atr_banded,30,5,aca58ad06d12,10481,209.0,ok,17.0,0.07785516649174698,218.35416666666666,0.0,2.0,10000.0,-202.16765239291732,9797.832347607076,-2.021676523929173,4.928811087178139,31.083000142000003,49.96865225091771,-152.19900014200175,386.1282132113839,-588.2958656043013,64.35470220189733,-53.48144232766376,100.23655066551981,-62.39294974783359,0.656350377058575,0.35294117647058826,-0.23952904263584993,-0.7998056096126085,0.3916268028574826,-0.19912269300286745,0.04040634963298252,16.470588235294116,429.24306535025624,0.1270773702601258,0.0,2.0
BEATUSD,atr_banded,30,5,ac961518ae42,10481,103.0,ok,5.0,0.02289857837992558,218.35416666666666,0.0,1.0,10000.0,-244.00417993248155,9755.995820067517,-2.4400417993248156,2.4877029840423925,8.356149160000001,-10.725969227518501,-254.7301491599992,0.0,-244.00417993248155,,-48.80083598649631,-43.06055167217395,-51.766660415519944,0.0,0.0,-0.9905139883857605,-1.0453922743907818,-0.9325076364270497,-0.956435205219862,0.03407878316589845,22.8,464.79146459747864,0.10786476080754341,0.0,3.0
BEATUSD,atr_banded,30,5,16b34f243168,10481,43.0,ok,0.0,0.0,218.35416666666666,0.0,0.0,10000.0,0.0,10000.0,0.0,0.0,0.0,0.0,0.0,0.0,0.0,,,,,,,,,,,,0.0,,0.0,,4.0
BEATUSD,atr_banded,30,5,e4a594cc843b,10481,7.0,ok,0.0,0.0,218.35416666666666,0.0,0.0,10000.0,0.0,10000.0,0.0,0.0,0.0,0.0,0.0,0.0,0.0,,,,,,,,,,,,0.0,,0.0,,6.0
BEATUSD,atr_banded,30,5,f779654d2156,10481,3.0,ok,0.0,0.0,218.35416666666666,0.0,0.0,10000.0,0.0,10000.0,0.0,0.0,0.0,0.0,0.0,0.0,0.0,,,,,,,,,,,,0.0,,0.0,,8.0
BEATUSD,atr_arm,60,5,ce9d73014263,5237,150.0,ok,4.0,0.018331105594806187,218.20833333333334,0.0,2.0,10000.0,245.97070901757053,10245.970709017569,2.4597070901757054,0.5271569946448291,5.813457626000001,-2.8091666435705998,243.1615423739986,297.7463766675706,-51.775667650000045,99.24879222252353,-51.775667650000045,100.55587047415003,-51.775667650000045,5.75070086358549,0.75,1.235153744952863,-0.277949614239562,2.0067706465322006,1.2745363489128931,0.03938260396003019,4.75,415.033902748124,0.12251394254966352,0.0,2.0
BEATUSD,atr_arm,60,5,a330e557af25,5237,27.0,ok,0.0,0.0,218.20833333333334,0.0,0.0,10000.0,0.0,10000.0,0.0,0.0,0.0,0.0,0.0,0.0,0.0,,,,,,,,,,,,0.0,,0.0,,3.0
BEATUSD,atr_arm,60,5,ff218c1c7aa1,5237,13.0,ok,0.0,0.0,218.20833333333334,0.0,0.0,10000.0,0.0,10000.0,0.0,0.0,0.0,0.0,0.0,0.0,0.0,,,,,,,,,,,,0.0,,0.0,,4.0
BEATUSD,atr_arm,60,5,1cf9d3bed817,5237,0.0,ok,0.0,0.0,218.20833333333334,0.0,0.0,10000.0,0.0,10000.0,0.0,0.0,0.0,0.0,0.0,0.0,0.0,,,,,,,,,,,,0.0,,0.0,,6.0
BEATUSD,atr_arm,60,5,a6a43d305a6b,5237,0.0,ok,0.0,0.0,218.20833333333334,0.0,0.0,10000.0,0.0,10000.0,0.0,0.0,0.0,0.0,0.0,0.0,0.0,,,,,,,,,,,,0.0,,0.0,,8.0
BEATUSD,atr_adx,60,5,5a84e74ece84,5237,51.0,ok,2.0,0.009165552797403094,218.20833333333334,0.0,0.0,10000.0,197.8327516977263,10197.832751697726,1.978327516977263,0.013780581078526116,2.6030675580000002,-2.1518192557264,195.68093244199918,197.8327516977263,0.0,98.91637584886315,,99.21393523918051,98.6188164585458,inf,1.0,1.995454422562783,1.9878818072676032,2.003027037857963,2.0358897225027834,0.040435299940000405,5.5,393.6463738982394,0.1250514490447497,0.0,2.0
BEATUSD,atr_adx,60,5,dffdcf8fee7d,5237,12.0,ok,0.0,0.0,218.20833333333334,0.0,0.0,10000.0,0.0,10000.0,0.0,0.0,0.0,0.0,0.0,0.0,0.0,,,,,,,,,,,,0.0,,0.0,,3.0
BEATUSD,atr_adx,60,5,d00957accc49,5237,8.0,ok,0.0,0.0,218.20833333333334,0.0,0.0,10000.0,0.0,10000.0,0.0,0.0,0.0,0.0,0.0,0.0,0.0,,,,,,,,,,,,0.0,,0.0,,4.0
BEATUSD,atr_adx,60,5,809d32ebda31,5237,0.0,ok,0.0,0.0,218.20833333333334,0.0,0.0,10000.0,0.0,10000.0,0.0,0.0,0.0,0.0,0.0,0.0,0.0,,,,,,,,,,,,0.0,,0.0,,6.0
BEATUSD,atr_adx,60,5,f986f31d654d,5237,0.0,ok,0.0,0.0,218.20833333333334,0.0,0.0,10000.0,0.0,10000.0,0.0,0.0,0.0,0.0,0.0,0.0,0.0,,,,,,,,,,,,0.0,,0.0,,8.0
BEATUSD,atr_banded,60,5,cf8f31c6adcd,5237,36.0,ok,1.0,0.004582776398701547,218.20833333333334,0.0,0.0,10000.0,-51.775667650000045,9948.22433235,-0.5177566765000005,0.5177566764999938,1.90866765,0.0,-51.77566764999938,0.0,-51.775667650000045,,-51.775667650000045,-51.775667650000045,-51.775667650000045,0.0,0.0,-1.038275164938737,-1.038275164938737,-1.038275164938737,-1.0007899999999998,0.037485164938737006,2.0,421.50007945336125,0.11892413766271875,0.0,2.0
BEATUSD,atr_banded,60,5,288ca0e57714,5237,5.0,ok,0.0,0.0,218.20833333333334,0.0,0.0,10000.0,0.0,10000.0,0.0,0.0,0.0,0.0,0.0,0.0,0.0,,,,,,,,,,,,0.0,,0.0,,3.0
BEATUSD,atr_banded,60,5,3a75ea085984,5237,2.0,ok,0.0,0.0,218.20833333333334,0.0,0.0,10000.0,0.0,10000.0,0.0,0.0,0.0,0.0,0.0,0.0,0.0,,,,,,,,,,,,0.0,,0.0,,4.0
BEATUSD,atr_banded,60,5,88e72402023d,5237,0.0,ok,0.0,0.0,218.20833333333334,0.0,0.0,10000.0,0.0,10000.0,0.0,0.0,0.0,0.0,0.0,0.0,0.0,,,,,,,,,,,,0.0,,0.0,,6.0
BEATUSD,atr_banded,60,5,21ada7a3049e,5237,0.0,ok,0.0,0.0,218.20833333333334,0.0,0.0,10000.0,0.0,10000.0,0.0,0.0,0.0,0.0,0.0,0.0,0.0,,,,,,,,,,,,0.0,,0.0,,8.0
BTCUSD,atr_arm,5,5,5dc5ac0f708a,169474,39384.0,ok,129.0,0.21921946729291808,588.4513888888889,37211.0,302.0,10000.0,-83.4442725863517,9916.555727413628,-0.834442725863517,8.844685328378125,744.267654147,-16.759881560648196,-100.20415414701529,4451.711096764757,-4535.155369351109,90.85124687275014,-56.689442116888856,103.999934131444,-62.475032621516704,0.9816005702582377,0.3798449612403101,-0.007599652067680369,-0.25469104646026836,0.2351612199575227,0.1212116937291946,0.12881134579687495,58.4031007751938,116.78499130385195,0.4036892071802006,0.0,2.0
BTCUSD,atr_arm,5,5,ee1169e95975,169474,39383.0,ok,361.0,0.6134746332770808,588.4513888888889,29872.0,837.0,10000.0,-739.0974843757713,9260.902515624206,-7.3909748437577125,11.997455540908797,1912.992001128,-29.55451675222875,-768.6520011280354,10712.27721542024,-11451.374699796012,79.35020159570547,-50.66979955661952,101.7002712950554,-63.1330094757466,0.9354577503791804,0.3739612188365651,-0.03742244489393302,-0.18010133036136297,0.10645751956134322,0.08689990718332677,0.12432235207725975,99.81163434903047,120.72127971087853,0.3892704949171864,0.0,3.0
BTCUSD,atr_arm,5,5,a2bca180ebed,169474,39377.0,ok,538.0,0.9142641349115498,588.4513888888889,20115.0,1263.0,10000.0,-2793.5102136268665,7206.489786373147,-27.935102136268664,30.310044485550495,2543.132214264,20.766499362866348,-2772.743714263982,11760.817671879977,-14554.327885506846,58.221869662772164,-43.316452040198946,96.9036885120208,-57.818210475350604,0.8080632623091694,0.3754646840148699,-0.1191463750742472,-0.22951775364851404,-0.014390429757188933,-0.0002501157495335186,0.11889625932471366,140.25650557620818,124.27752580876205,0.37159963957252184,0.0,4.0
BTCUSD,atr_arm,5,5,66744b5d349d,169474,39330.0,ok,642.0,1.0909992093182435,588.4513888888889,9309.0,1522.0,10000.0,-1337.4835017792097,8662.516498220784,-13.374835017792098,18.085117759289233,2898.958658898,-14.458157118790558,-1351.941658898013,14044.867522467228,-15382.351024246436,50.70349286089252,-42.143427463688866,96.354075289,-57.85801920000001,0.9130507748996887,0.43146417445482865,-0.04178518994084322,-0.130516435512331,0.048248517673135496,0.06405208735934907,0.1058372773001923,187.64330218068537,142.85125503892328,0.33019710806144403,0.0,6.0
BTCUSD,atr_arm,5,5,ff671398a60a,169474,39123.0,ok,665.0,1.13008485077357,588.4513888888889,4498.0,1564.0,10000.0,-1194.974445078218,8805.025554921753,-11.949744450782179,18.817664332092196,2770.358952144,17.820992934217614,-1177.1534521440317,13075.03391003463,-14270.008355112848,45.242331868631936,-37.952149880619274,96.98739759642,-57.664081141897604,0.9162597235165552,0.4345864661654135,-0.03581775741311609,-0.11808774781756404,0.045768608054536426,0.060338529148244266,0.09615628656136035,212.50676691729322,166.16069152510948,0.299417139725352,0.0,8.0
BTCUSD,atr_adx,5,5,3521dc5aecec,169474,16763.0,ok,112.0,0.19033008013028546,588.4513888888889,15695.0,196.0,10000.0,-607.7321187484035,9392.267881251597,-6.077321187484035,12.510079118142341,630.2575381480001,-17.67791939959655,-625.4100381480002,3382.9139011107627,-3990.6460198591667,86.74138207976314,-54.66638383368721,100.21893643700001,-60.27317379,0.8477108428750463,0.3482142857142857,-0.10769570190075253,-0.35346668392506403,0.1665574319404361,0.019734847818620664,0.1274305497193732,59.410714285714285,117.32141635245654,0.3998274925026279,0.0,2.0
BTCUSD,atr_adx,5,5,03722d94202d,169474,16762.0,ok,287.0,0.4877208303338565,588.4513888888889,12760.0,474.0,10000.0,-995.0388956505838,9004.961104349413,-9.950388956505837,13.543363655793552,1478.650526515,-15.890130864416,-1010.9290265150139,8085.5001843522205,-9080.539080002804,77.00476366049733,-49.893071868147274,97.34612810400002,-59.419303035996805,0.890420724267146,0.36585365853658536,-0.07034579186677076,-0.22087264650138677,0.09089527379698534,0.05117711122383341,0.12152290309060419,104.08362369337979,122.89713537201757,0.38021591068188776,0.0,3.0
BTCUSD,atr_adx,5,5,15c96960e886,169474,16756.0,ok,458.0,0.7783140776756317,588.4513888888889,8632.0,716.0,10000.0,-1892.7104450246368,8107.289554975352,-18.927104450246368,22.423405331472033,2228.515736464,6.645208560636743,-1886.0652364640182,10755.33095329682,-12648.041398321457,61.45903401883897,-44.69272578912175,97.5662122421094,-57.150838605000004,0.8503554514554466,0.38209606986899564,-0.08820290315718685,-0.20511631760123658,0.02817825334422881,0.02966949821174721,0.11787240136893407,143.87991266375545,124.59077551348562,0.3682425634790704,0.0,4.0
BTCUSD,atr_adx,5,5,51983af8c20a,169474,16717.0,ok,590.0,1.0026316721148967,588.4513888888889,3898.0,971.0,10000.0,-2818.639834923984,7181.360165076002,-28.186398349239838,28.698489414326268,2508.37448257,5.006852353984165,-2813.632982570016,11268.147099280628,-14086.78693420461,46.95061291366928,-40.24796266915603,94.53598221172561,-56.231682391747206,0.7999089609228102,0.4067796610169492,-0.11100207019609212,-0.2010791820732792,-0.018368331326441157,-0.004894863942126001,0.10610720625396614,183.63389830508476,144.38651885351854,0.3306963803372698,0.0,6.0
BTCUSD,atr_adx,5,5,e8734162e400,169474,16559.0,ok,608.0,1.0332204349929783,588.4513888888889,1943.0,930.0,10000.0,-2213.8746963408134,7786.125303659204,-22.138746963408135,22.97771149082149,2356.619827248,28.026369092813198,-2185.848327247988,10651.40337557374,-12865.278071914552,41.4451493212986,-36.65321388009844,94.3340061052224,-55.991787313905604,0.8279186284225138,0.42269736842105265,-0.08149644287861078,-0.16301333684821656,-0.000759295613656065,0.01484128500762633,0.09633772788623708,209.01809210526315,166.26614794504837,0.29996712977830203,0.0,8.0
BTCUSD,atr_banded,5,5,252136b1eac7,169474,11023.0,ok,42.0,0.07137378004885706,588.4513888888889,10786.0,8.0,10000.0,-354.4658181734481,9645.534181826557,-3.544658181734481,4.950192424997625,234.13816241,-9.713344236551949,-364.1791624100006,1217.0891169755591,-1571.554935149007,93.6222397673507,-54.19154948789679,98.063054877914,-57.592162875,0.7744489802770788,0.30952380952380953,-0.16612647318181514,-0.5909716733908877,0.26718536930406833,-0.038971368367855225,0.12715510481395983,44.5,121.25552933436978,0.3988101654883763,0.0,2.0
BTCUSD,atr_banded,5,5,3434c15f9b27,169474,11023.0,ok,161.0,0.27359949018728535,588.4513888888889,9504.0,27.0,10000.0,-1410.8594558447867,8589.140544155196,-14.108594558447868,15.03871275712714,801.564304335,-36.11984849021324,-1446.9793043349982,3866.609226848766,-5277.468682693552,72.95489107261822,-48.86545076568104,94.69639056,-56.63372294,0.7326636043390594,0.32919254658385094,-0.18658773822931085,-0.37842970301209616,0.03656415987362473,-0.06619090008847722,0.12039683814083367,102.8136645962733,126.10485863299478,0.37710304139981565,0.0,3.0
BTCUSD,atr_banded,5,5,1143ddd7a55f,169474,11021.0,ok,286.0,0.4860214546184075,588.4513888888889,7735.0,61.0,10000.0,-1984.2075864401295,8015.792413559881,-19.842075864401295,20.088880853615983,1335.309963423,-18.114376982870404,-2002.3219634229845,6473.203047194807,-8457.410633634936,66.05309231831436,-44.986226774653915,93.71334560660999,-56.27642086,0.7653882881660046,0.34265734265734266,-0.152800157806041,-0.3032638893745001,-0.009156053135292644,-0.037905035442871444,0.11489512236316957,136.22027972027973,132.14866661718656,0.3591305634980552,0.0,4.0
BTCUSD,atr_banded,5,5,cf2d94d18b94,169474,11015.0,ok,499.0,0.8479884820090396,588.4513888888889,4036.0,142.0,10000.0,-2439.253035109852,7560.746964890159,-24.39253035109852,24.665203397337525,2157.989204062,88.28033104785194,-2350.9727040620046,10122.65662308421,-12561.909658194065,52.17864238703201,-41.18658904325923,95.08673299890044,-56.57274294811356,0.8058214792590279,0.38877755511022044,-0.11033615134205675,-0.21061502436207427,-0.010779298138793168,-0.003945937734703662,0.10639021360735305,174.80961923847696,142.4288200263553,0.3320005007519301,0.0,6.0
BTCUSD,atr_banded,5,5,002e1c6a1678,169474,10985.0,ok,560.0,0.9516504006514274,588.4513888888889,2238.0,181.0,10000.0,-2547.62811715173,7452.371882848262,-25.4762811715173,30.757866040332427,2340.951883766,37.76773338572934,-2509.860383765991,10569.007096691581,-13116.63521384331,46.152869417867166,-39.62729671855985,96.91742676,-57.81053158500001,0.8057712152837063,0.4089285714285714,-0.10318259385084613,-0.19305167870304332,-0.008022446285098808,-0.006085126087677027,0.09709746776316908,200.79642857142858,162.1455634861017,0.3025863326340909,0.0,8.0
BTCUSD,atr_arm,15,5,10d320454352,56491,8645.0,ok,255.0,0.4333433644297322,588.4479166666666,6805.0,371.0,10000.0,-1952.440888268279,8047.559111731711,-19.52440888268279,22.21693605155094,1287.046021667,-28.324633398720998,-1837.8498987510175,6205.1070060401735,-8157.547894308453,73.00125889459028,-47.98557584887325,96.34274624700001,-57.62988,0.7606583603841905,0.3333333333333333,-0.16724816847766008,-0.3255437847339778,-0.001141358912631568,-0.042048727127822684,0.12519944134983735,33.83921568627451,120.12685784281028,0.3921905240773605,0.39215686274509803,2.0
BTCUSD,atr_arm,15,5,20121ef774fe,56491,8643.0,ok,458.0,0.7783186702306563,588.4479166666666,3816.0,728.0,10000.0,-759.346648402752,9240.653351597271,-7.59346648402752,17.87488739227389,2269.090071666,-13.351923263248457,-772.698571665982,12032.792847601557,-12792.139496004309,66.11424641539317,-46.34833150726199,101.42908113,-59.69619853361801,0.9406395897543224,0.39737991266375544,-0.031251805246726536,-0.14504113946457417,0.08593900316405288,0.08173943883137054,0.11299124407809706,55.05458515283843,133.30154723770244,0.3531636315941505,0.0,3.0
BTCUSD,atr_arm,15,5,ef3fa61dd9e9,56491,8632.0,ok,553.0,0.9397603158025173,588.4479166666666,2010.0,928.0,10000.0,-2209.8457608516587,7785.225335577518,-22.098457608516586,24.029970460507162,2418.903556833,13.008704018658808,-2199.650189953036,11247.310237884834,-13457.155998736493,51.59316622882952,-40.17061492160147,97.15749815682452,-57.589146160000006,0.8357865687921621,0.39421338155515373,-0.0891799131911511,-0.18754051255187906,0.01161861821401201,0.015846187249142787,0.10502610044029388,63.41048824593128,144.05107480979757,0.32767670027977047,0.0,4.0
BTCUSD,atr_arm,15,5,747c7dbe7f17,56491,8506.0,ok,562.0,0.9550547874882725,588.4479166666666,707.0,872.0,10000.0,-821.2041872111101,9174.923102840412,-8.212041872111103,14.868618251125081,2187.3214782470004,71.30970896410996,-752.1047971270218,10431.125167601205,-11252.329354812315,42.75051298197215,-35.3846835056991,96.20111864500198,-57.201468163578,0.9270191832005075,0.43416370106761565,-0.029074428852269876,-0.11574864218766187,0.056730204251507085,0.0608609846264255,0.08993541347869537,76.05338078291815,180.4320210376215,0.2796079843819626,0.0,6.0
BTCUSD,atr_arm,15,5,fb6e4c240971,56491,8179.0,ok,539.0,0.9159689154024535,588.4479166666666,292.0,797.0,10000.0,-1263.4662573527885,8730.28144089979,-12.634662573527885,17.409818488389476,1817.57938528,82.56987207278856,-1183.9895086200067,8262.646333694936,-9526.112591047724,36.23967690217077,-30.630587109478213,99.74515686810852,-57.725562849828,0.8673681162932984,0.4230055658627087,-0.050719842930143824,-0.12434090438912289,0.021552736885278943,0.024006336174761132,0.07472617910490494,82.94063079777365,232.98111900225186,0.2316740034829301,0.0,8.0
BTCUSD,atr_adx,15,5,ee9c7b1f1716,56491,3893.0,ok,183.0,0.31098759094369016,588.4479166666666,2942.0,193.0,10000.0,-1766.9752842643607,8233.024715735637,-17.669752842643607,19.493448401147738,911.198727299,-23.82294303463935,-1647.8826043829977,4163.439573925219,-5930.414858189579,70.56677243941049,-47.82592627572241,93.77341802400001,-57.453331618764004,0.7020486211307353,0.3224043715846995,-0.20978868622099428,-0.3946420989278258,-0.009833933772387731,-0.08595786703772788,0.12383081918326641,35.81967213114754,120.95339736748488,0.38739712054024145,0.546448087431694,2.0
BTCUSD,atr_adx,15,5,9929a3276d0d,56491,3891.0,ok,349.0,0.5930856242587316,588.4479166666666,1573.0,337.0,10000.0,-803.5064903558223,9196.493509644182,-8.035064903558222,16.72968775071544,1713.620700275,-5.820209919177998,-809.3267002749908,8643.745214016584,-9447.251704372407,62.185217367025786,-44.986912877963846,101.42908113,-59.649468216142,0.9149481229568657,0.3982808022922636,-0.045587498440878844,-0.17390973755512928,0.08099638793133355,0.06737544775903384,0.11296294619991272,56.39828080229226,133.19886244900556,0.3532617811477001,0.0,3.0
BTCUSD,atr_adx,15,5,c9ede9854551,56491,3882.0,ok,418.0,0.7103432405161885,588.4479166666666,802.0,403.0,10000.0,-1358.1141606004567,8641.88583939953,-13.581141606004564,16.29913950398614,1863.9758202500002,42.06784035045711,-1316.0463202500196,9013.037323160299,-10371.151483760757,52.7078206032766,-41.98846754559011,99.7023900279272,-58.013516861765,0.8690488551124718,0.4090909090909091,-0.06827556765141465,-0.17642217559828252,0.043982293080859824,0.034700413469194245,0.1029759811206089,63.485645933014354,147.7992344714216,0.32119101864588034,0.0,4.0
BTCUSD,atr_adx,15,5,2a67285d213c,56491,3787.0,ok,437.0,0.7426315696305607,588.4479166666666,193.0,427.0,10000.0,-423.3298552813297,9572.62140249984,-4.233298552813297,7.757916887691915,1733.6302948020002,57.12206047932955,-368.5185827219975,8623.083820170657,-9046.413675451984,43.7719990871607,-37.693390314383265,101.3173057729056,-58.7017238339952,0.9532046764089444,0.45080091533180777,-0.018792604147603274,-0.1128894796936071,0.07233432501994934,0.06629674721922998,0.08508935136683325,75.97254004576659,193.99707174231332,0.26477014189558257,0.0,6.0
BTCUSD,atr_adx,15,5,346314b5a31f,56491,3565.0,ok,412.0,0.7001469260590183,588.4479166666666,66.0,337.0,10000.0,93.73128346496912,10086.454014217976,0.9373128346496913,9.014704514848148,1445.3218469900003,5.644869545031048,95.7759602700171,7080.635548243859,-6986.90426477889,34.20596883209594,-34.082459828189705,104.996827190526,-62.85151116267541,1.0134152809188284,0.5024271844660194,0.0063600663501804985,-0.0781763339162555,0.09014206116326208,0.07747387755485316,0.07111381120467265,84.03883495145631,239.70125885636565,0.2207084689548302,0.0,8.0
BTCUSD,atr_banded,15,5,e9f9d39ae933,56491,2334.0,ok,90.0,0.15294471685755254,588.4479166666666,2041.0,13.0,10000.0,-491.4232983315893,9508.576701668419,-4.914232983315893,10.901199730132223,499.19038172,-8.951083388410598,-500.3743817199884,2711.556310749198,-3202.9796090807877,87.46955841126446,-54.28778998442013,100.727723583875,-60.66241685,0.8465730793482568,0.34444444444444444,-0.10754080031424379,-0.38526809463659434,0.1791165115805999,0.014363096286182198,0.12190389660042603,33.56666666666667,125.28079853117978,0.3818435840865187,0.0,2.0
BTCUSD,atr_banded,15,5,affd99fb70bf,56491,2333.0,ok,237.0,0.4027544210582217,588.4479166666666,1361.0,48.0,10000.0,-878.8391740109623,9121.160825989055,-8.788391740109622,18.90417445641262,1242.769377163,-35.53420315203785,-914.3733771629741,6342.150648421128,-7220.98982243209,68.936420091534,-49.79992980987648,105.330199635,-62.790554475,0.8782938079651023,0.3881856540084388,-0.07415375944688997,-0.22416238394257318,0.085911953317771,0.039101091531118085,0.11325485097800805,52.58227848101266,134.39836149513567,0.3544854116893311,0.0,3.0
BTCUSD,atr_banded,15,5,f026637cc133,56491,2332.0,ok,324.0,0.5506009806871891,588.4479166666666,836.0,75.0,10000.0,-844.5633852756234,9155.436614724384,-8.445633852756234,13.080324760005576,1500.823299526,40.953585749623244,-803.6097995259988,7371.8245188914025,-8216.387904167026,55.013615812622405,-43.24414686403698,98.0052751091862,-58.998320577945606,0.8972098937968478,0.41358024691358025,-0.05158594056686404,-0.17620485414140885,0.0742373646218487,0.0510540831389428,0.10264002370580684,62.9320987654321,149.56106586141271,0.32023511370389396,0.0,4.0
BTCUSD,atr_banded,15,5,b01eba807079,56491,2312.0,ok,395.0,0.6712573684303694,588.4479166666666,317.0,89.0,10000.0,-1700.367773378925,8298.941299031667,-17.00367773378925,17.044740325955807,1567.861193704,45.56607967492479,-1657.5706101290143,6564.448780839433,-8264.816554218356,38.38858936163411,-36.89650247418909,95.560095181,-57.5696982768441,0.7942643055385111,0.43291139240506327,-0.0936923954641301,-0.1887056050020427,-0.000841552687781831,-0.005729059524046937,0.08796333594008315,74.52658227848102,188.03865238965787,0.2738884154092388,0.0,6.0
BTCUSD,atr_banded,15,5,c9c755ecee6b,56491,2231.0,ok,403.0,0.684852454373263,588.4479166666666,137.0,110.0,10000.0,-2690.1869232708937,7309.3608332160275,-26.901869232708936,27.751592737461365,1299.1680748360002,26.160848434893254,-2665.838456496008,4560.36399020133,-7250.550913472225,26.98440230888361,-30.98526031398387,95.06607644147374,-56.205298866425,0.6289679287304545,0.41935483870967744,-0.15667260401516625,-0.23562274114676018,-0.0818210962620136,-0.08090449483202107,0.07576810918314515,81.0,214.99840077386943,0.23494842829758344,0.0,8.0
BTCUSD,atr_arm,30,5,e2b1b44db43e,28245,3937.0,ok,304.0,0.5166224110462029,588.4375,2286.0,449.0,10000.0,-1579.070194269595,8420.929805730402,-15.79070194269595,22.12363675924488,1469.396845421,-10.821651151405053,-1589.891845421007,7233.585555333584,-8812.655749603178,67.60360332087461,-44.734293145193796,97.14152539123201,-56.944081739999994,0.8208178965414941,0.3519736842105263,-0.11080632430769996,-0.2528572720008207,0.03370538232217532,0.008341819106349124,0.11914814341404908,23.789473684210527,125.4088555411876,0.37245621727112865,0.0,2.0
BTCUSD,atr_arm,30,5,bbefa887b944,28245,3931.0,ok,455.0,0.7732342007434945,588.4375,961.0,629.0,10000.0,-1008.9807961102099,8991.019203889759,-10.089807961102098,12.520573161369096,2077.5867711289998,-15.40397501879065,-1024.3847711290218,10458.851910331694,-11467.832706441905,56.534334650441586,-42.47345446830335,96.615042057,-56.92874876954281,0.9120164357173236,0.4065934065934066,-0.04413855044451111,-0.1469450909181745,0.06701930213007255,0.06123179450743927,0.1053703449519504,31.630769230769232,145.46766049531138,0.3285898563284544,0.0,3.0
BTCUSD,atr_arm,30,5,821430b81962,28245,3893.0,ok,483.0,0.820817843866171,588.4375,418.0,665.0,10000.0,-1951.2486144810953,8048.751385518906,-19.512486144810953,22.9802106289649,1948.793116112,-5.220001630904651,-1956.4686161119926,8382.507658720584,-10333.756273201681,43.432682169536704,-35.63364232138511,99.7509115964644,-57.127138935796005,0.8111772173743608,0.3995859213250518,-0.08962985045874958,-0.18165047241673932,-0.00285892300537793,0.0033254512659606377,0.09295530172471021,36.69151138716356,174.2895268951291,0.28960793194837786,0.0,4.0
BTCUSD,atr_arm,30,5,29971310f6ef,28245,3712.0,ok,465.0,0.7902283590015932,588.4375,102.0,638.0,10000.0,-986.6950451374141,9011.533765576844,-9.86695045137414,16.53837658733151,1529.3115239590002,-1.5939788215862567,-991.1622081390069,6591.892265173255,-7578.587310310669,32.95946132586627,-28.59844268041762,98.07506791306601,-55.53060050383849,0.8698048851670528,0.43010752688172044,-0.04371043347033703,-0.12093140960159723,0.03305112694796807,0.029510563975152653,0.0732209974454897,41.956989247311824,233.59618463869424,0.22696650536226023,0.0,6.0
BTCUSD,atr_arm,30,5,aaa7d53222b0,28245,3307.0,ok,430.0,0.7307488050982475,588.4375,36.0,540.0,10000.0,-621.0802728112094,9376.278693587748,-6.210802728112094,7.762011615726286,1163.7086645420002,3.488108269209503,-619.0989275920219,4980.204901113917,-5601.285173925127,25.671159284092354,-23.73425921154715,97.642004255856,-57.378337993388,0.8891182552706943,0.4511627906976744,-0.030734575701520207,-0.09695074527853452,0.036265575992380034,0.027913746555804128,0.058648322257324345,44.562790697674416,301.96364768002513,0.18091295877574828,0.0,8.0
BTCUSD,atr_adx,30,5,335e68349cd8,28245,1941.0,ok,215.0,0.36537440254912373,588.4375,1022.0,205.0,10000.0,-1849.9729412956237,8150.027058704364,-18.49972941295624,20.521682400622705,985.723541008,1.128900287623745,-1848.8440410080102,4458.710586841803,-6308.683528137427,62.79874065974371,-43.81030227873213,96.77253728400001,-56.1449621877914,0.7067576883442417,0.3302325581395349,-0.18958281758430495,-0.3499694010761389,-0.020728157772312326,-0.07265725681353126,0.11692556077077372,24.506976744186048,127.72998014559894,0.36551531684821026,0.0,2.0
BTCUSD,atr_adx,30,5,47228871717c,28245,1935.0,ok,320.0,0.5438130642591609,588.4375,378.0,296.0,10000.0,-1395.0532929272572,8604.946707072715,-13.95053292927257,15.812408771791953,1390.59873956,0.8760533672570023,-1394.1772395600092,6621.809265850842,-8016.862558778099,53.401687627829375,-40.90235999376581,95.27767669300002,-56.92874876954281,0.8259851303799968,0.3875,-0.09374243847186092,-0.22046304205236167,0.028081461798665483,0.008327492752486971,0.10206993122434786,31.6125,148.65450953967314,0.3185455467201862,0.0,3.0
BTCUSD,atr_adx,30,5,9a039c5ddf6a,28245,1901.0,ok,340.0,0.5778013807753585,588.4375,130.0,282.0,10000.0,-328.7924051355351,9671.207594864427,-3.287924051355351,7.269752278714317,1413.143392148,29.450012987535096,-299.3423921480244,7236.016678698475,-7564.80908383401,51.68583341927482,-37.824045419170055,99.22974585197451,-60.92054199726441,0.9565365891601726,0.4117647058823529,-0.01695220906886274,-0.12237327667800026,0.09733842423059426,0.0719240038530702,0.08887621292193292,36.63823529411765,183.84162938876102,0.27673141871865936,0.0,4.0
BTCUSD,atr_adx,30,5,718f81b15673,28245,1763.0,ok,315.0,0.5353159851301115,588.4375,21.0,255.0,10000.0,-328.19277259946875,9671.807227400543,-3.281927725994688,7.534963316347278,1017.236540786,30.588231813468795,-297.6045407859965,4814.643739793949,-5142.836512393417,33.905941829534854,-29.727378684355013,97.08993718340656,-59.9788138717383,0.9361844826666031,0.4507936507936508,-0.0215306134657301,-0.11133489262772411,0.07268336270167149,0.04696228360371603,0.06849289706944611,42.5015873015873,252.86110460120304,0.2125203021730781,0.0,6.0
BTCUSD,atr_adx,30,5,8a0c589af633,28245,1517.0,ok,277.0,0.4707381837493362,588.4375,5.0,194.0,10000.0,204.87476708025446,10201.96963011908,2.0487476708025443,4.339420146311571,735.3915640570001,25.323168862745504,228.54049658798613,3687.2767819842134,-3482.402014903959,28.583540945614057,-23.52974334394567,101.1234946440573,-57.3740059478433,1.0588314520274893,0.4657039711191336,0.016009387897587334,-0.06405754745174135,0.09873184181665563,0.07121103625311136,0.05520164835552402,45.59205776173285,328.9653183246155,0.17015946362795298,0.0,8.0
BTCUSD,atr_banded,30,5,aca58ad06d12,28245,1081.0,ok,108.0,0.18353690918746682,588.4375,728.0,27.0,10000.0,226.06767982448162,10226.067679824473,2.260676798244816,5.231278962385683,569.1184270550001,3.6458931205183482,229.71357294499467,3434.8369771567404,-3208.7692973322587,79.87992970131954,-49.36568149741937,102.605851113804,-62.9053014069951,1.0704530799432768,0.39814814814814814,0.04710554246403767,-0.20162437440258824,0.3070511876217483,0.16302359692787416,0.1159180544638365,24.555555555555557,129.3714015607818,0.36286386538258325,0.0,2.0
BTCUSD,atr_banded,30,5,ac961518ae42,28245,1080.0,ok,209.0,0.3551779075942645,588.4375,399.0,37.0,10000.0,1253.7579480383822,11253.757948038374,12.537579480383823,5.492251835038179,1064.320624317,5.9654276446175984,1259.7233756829974,6134.330761171889,-4880.572813133507,61.34330761171889,-44.77589736819731,111.29521796844749,-67.181950723016,1.2568874589196883,0.4784688995215311,0.1191330837635891,-0.037992576449703754,0.28482990496350774,0.22182213409609097,0.10268905033250186,34.42583732057416,150.77609604852654,0.32082739049355424,0.0,3.0
BTCUSD,atr_banded,30,5,16b34f243168,28245,1073.0,ok,272.0,0.4622411046202868,588.4375,194.0,60.0,10000.0,-1032.1947328406195,8967.805267159365,-10.321947328406194,12.011573429953277,1132.815444024,16.998788816619594,-1015.1959440240062,4957.718874564104,-5989.913607404724,41.661503147597514,-39.149762139900155,95.17511388,-56.978489525784,0.8276778597332987,0.4375,-0.07713716187055697,-0.1996911778306684,0.04696586164170976,0.015345506503837921,0.0924826683743949,35.82720588235294,174.94856917167283,0.28805029471258176,0.0,4.0
BTCUSD,atr_banded,30,5,e4a594cc843b,28245,1039.0,ok,283.0,0.48093467870419543,588.4375,51.0,93.0,10000.0,-1221.2146221291305,8777.076531102603,-12.212146221291304,13.843666733649087,923.515465923,30.975156206130446,-1193.011641097999,3390.0804269659907,-4611.295049095121,26.693546669023547,-29.559583648045646,94.3570085326128,-54.447080480000004,0.735168838877753,0.44876325088339225,-0.09194602643949543,-0.1873613699739794,-0.0007781429745492238,-0.018895320669890546,0.07305070576960487,42.26855123674912,230.47010691265584,0.22636280076401397,0.0,6.0
BTCUSD,atr_banded,30,5,f779654d2156,28245,956.0,ok,272.0,0.4622411046202868,588.4375,13.0,92.0,10000.0,-666.5522736019382,9332.11171892466,-6.665522736019382,9.203735078766233,747.003213501,11.335560100938048,-657.3840504560067,2825.8409487212894,-3492.3932223232277,23.74656259429655,-22.82609949230868,97.601953775856,-53.694823682650004,0.809141688472717,0.4375,-0.051795095444332195,-0.12747788735288215,0.025837949809320315,0.008440820408973052,0.06023591585330525,44.330882352941174,286.6589283291578,0.1858873742666868,0.0,8.0
BTCUSD,atr_arm,60,5,ce9d73014263,14122,2027.0,ok,340.0,0.5778218382665345,588.4166666666666,565.0,451.0,10000.0,-1919.094721942773,8080.905278057209,-19.19094721942773,24.525964131111873,1512.5760656520001,7.7606562907725944,-1911.3340656520058,6823.336981753483,-8742.431703696257,54.15346810915463,-40.85248459671148,96.9996214832392,-57.06398550171999,0.7804850198450632,0.37058823529411766,-0.1236640423608488,-0.24880352703075262,0.0015748579796948832,-0.013571962963412296,0.1100920793974365,14.844117647058823,138.7481098182938,0.34361061543671,0.0,2.0
BTCUSD,atr_arm,60,5,a330e557af25,14122,2004.0,ok,377.0,0.6407024500778927,588.4166666666666,157.0,556.0,10000.0,-1386.1870668765523,8613.812933123418,-13.861870668765523,14.662742641251183,1466.655162356,-10.61109547944775,-1396.79816235601,6579.494109330351,-7965.681176206904,43.57280867106193,-35.24637688587126,96.38201626711121,-56.089626960000004,0.8259800968413066,0.4005305039787798,-0.07813859661168172,-0.1736682013162671,0.02609713504743712,0.010981326353896734,0.08911992296557848,18.392572944297083,182.8814460393408,0.27744661541593596,0.0,3.0
BTCUSD,atr_arm,60,5,ff218c1c7aa1,14122,1945.0,ok,372.0,0.6322050701033848,588.4166666666666,33.0,526.0,10000.0,-1488.5079642917067,8511.492035708316,-14.885079642917068,15.645252756454356,1187.1648282740002,5.396136017706754,-1483.1118282739862,4808.43692070632,-6296.944884998026,30.823313594271283,-29.152522615731602,95.10214280928481,-53.29826850122771,0.7636142619196241,0.41935483870967744,-0.0869343482901123,-0.1719958341102022,-0.00023250415441458813,-0.013426662885828996,0.07350768540428332,21.048387096774192,230.75354296420238,0.22767618730250844,0.0,4.0
BTCUSD,atr_arm,60,5,1cf9d3bed817,14122,1642.0,ok,318.0,0.5404333663787,588.4166666666666,6.0,391.0,10000.0,140.05027429406016,10140.050274294046,1.4005027429406016,5.876185679709689,862.185978678,3.622247027940051,143.67252132199974,3818.717154773708,-3678.6668804796477,25.80214293766019,-21.639216943997926,104.32205735900001,-60.0617077308732,1.0380709313575573,0.46540880503144655,0.010164470341093823,-0.05906954301754725,0.07761347618149754,0.06447375411892813,0.05430928377783429,23.0062893081761,322.06486335503376,0.1676164855787194,0.0,6.0
BTCUSD,atr_arm,60,5,a6a43d305a6b,14122,1154.0,ok,253.0,0.42996742671009774,588.4166666666666,0.0,269.0,10000.0,1181.6539214574505,11181.653921457453,11.816539214574505,1.7645963473052135,603.3174373410001,-27.085858798450346,1154.5680626590074,3043.323434105062,-1861.6695126476118,23.59165452794622,-15.013463811674288,103.501329875,-62.873815639778506,1.6347280832766804,0.5098814229249012,0.091576894971116,0.023183364145364958,0.15815179624691683,0.13785362998008432,0.04627673500896833,23.624505928853754,397.58611058024496,0.1420455254713323,0.0,8.0
BTCUSD,atr_adx,60,5,5a84e74ece84,14122,1084.0,ok,227.0,0.38578105084265685,588.4166666666666,248.0,230.0,10000.0,-1223.8977417867973,8776.102258213226,-12.238977417867973,14.546254171900062,1076.176562009,25.27317977779696,-1198.6245620090012,4903.781468823215,-6127.679210610011,57.69154669203782,-43.1526704972536,96.029734944,-56.980375550000005,0.8002673280174931,0.3744493392070485,-0.11505905102282724,-0.2703513995100521,0.048354634371347,-0.007077493268471205,0.10798155775435601,15.092511013215859,140.34788459442683,0.33702671346110363,0.0,2.0
BTCUSD,atr_adx,60,5,dffdcf8fee7d,14122,1062.0,ok,255.0,0.4333663786999009,588.4166666666666,35.0,254.0,10000.0,-938.1465951115463,9061.853404888467,-9.381465951115462,11.127765318844824,1032.6904564630001,35.43263864854636,-902.7139564629942,4668.901896699925,-5607.048491811471,44.893287468268504,-37.13277146895014,96.0514594552916,-59.0717175367595,0.8326844156098142,0.40784313725490196,-0.07656484922709099,-0.20171875969899178,0.04441797927374919,0.010421823686573049,0.08698667291366406,18.894117647058824,190.12721932049445,0.27070321521287954,0.0,3.0
BTCUSD,atr_adx,60,5,d00957accc49,14122,1008.0,ok,237.0,0.4027758107916726,588.4166666666666,8.0,235.0,10000.0,-954.4519203454355,9045.548079654562,-9.544519203454355,10.330993419134119,769.373806047,8.665114298435498,-945.7868060469973,3263.050067975409,-4217.501988320844,32.63050067975409,-30.784686046137548,95.786106633,-56.62443302999999,0.7736925974217642,0.4219409282700422,-0.08515047621807133,-0.18540765626532912,0.022695224759911144,-0.015273896817733843,0.06987657940033752,21.240506329113924,240.27862554306847,0.216459562784296,0.0,4.0
BTCUSD,atr_adx,60,5,809d32ebda31,14122,809.0,ok,208.0,0.353491006939527,588.4166666666666,0.0,155.0,10000.0,-313.03807698942956,9686.961923010555,-3.1303807698942956,7.062954929363411,513.462172407,-3.988095417570595,-317.02617240699874,2291.0960994654683,-2604.134176454898,22.910960994654683,-24.1123534856935,97.20870110102317,-56.44825686091799,0.8797918786905291,0.4807692307692308,-0.029797240573074972,-0.11937859783331553,0.05850847319068863,0.021468265271492013,0.05126550584456697,22.96153846153846,343.4177808252148,0.157506775988304,0.0,6.0
BTCUSD,atr_adx,60,5,f986f31d654d,14122,519.0,ok,148.0,0.25152244724543266,588.4166666666666,0.0,85.0,10000.0,307.2038131143005,10304.916251904895,3.072038131143005,1.6182116370997752,319.47171727400007,-14.698030388300602,291.20160569599284,1515.180935997937,-1207.9771228836364,19.425396615358167,-17.256816041194806,95.960310815,-55.0943858080161,1.254312608487945,0.527027027027027,0.04396680006995026,-0.03658815143827017,0.12791035709695367,0.0876799461624779,0.04371314609252766,23.513513513513512,400.2707711687213,0.1334800399831317,0.0,8.0
BTCUSD,atr_banded,60,5,cf8f31c6adcd,14122,471.0,ok,120.0,0.20393711938818865,588.4166666666666,174.0,25.0,10000.0,-366.91885617128884,9633.081143828704,-3.6691885617128883,5.987649261125394,582.5161185270001,7.022737644288844,-359.89611852701273,2683.4070840764825,-3050.325940247772,53.66814168152965,-43.57608486068246,97.07270046429139,-57.9062926732107,0.8797115903812281,0.4166666666666667,-0.05952368007040173,-0.2691918102649404,0.13972220790175494,0.046370215391794506,0.10589389546219623,16.016666666666666,143.19966400880767,0.3310787383347782,0.0,2.0
BTCUSD,atr_banded,60,5,288ca0e57714,14122,467.0,ok,158.0,0.2685172071944484,588.4166666666666,58.0,49.0,10000.0,-514.5633122276957,9485.436687772275,-5.145633122276958,6.542919339589336,654.835610568,12.147201659695703,-502.4161105680196,2557.7831394516484,-3072.3464516793438,34.56463701961687,-36.575552996182665,96.47033571,-58.30895659226201,0.8325178099799144,0.46835443037974683,-0.06630671033581921,-0.20004950724804862,0.07861038263945429,0.022624754076216946,0.08893146441203612,19.626582278481013,190.99022353638475,0.27684353351794894,0.0,3.0
BTCUSD,atr_banded,60,5,3a75ea085984,14122,455.0,ok,166.0,0.282113015153661,588.4166666666666,14.0,51.0,10000.0,-66.58577199046132,9930.376670109541,-0.6658577199046133,4.315073111136374,587.0208058559999,-8.292033865538553,-77.91536375599753,2460.4410476081994,-2527.026819598661,30.005378629368284,-30.083652614269774,97.90010299162559,-56.4334607660058,0.9736505479585544,0.4939759036144578,-0.007850571925999925,-0.12713423102673277,0.11033379290965216,0.06691371918971104,0.07476429111571097,21.397590361445783,233.6606847498989,0.23223314691592412,0.0,4.0
BTCUSD,atr_banded,60,5,88e72402023d,14122,400.0,ok,148.0,0.25152244724543266,588.4166666666666,1.0,46.0,10000.0,31.034214333388547,10029.009175733408,0.3103421433338855,4.044192183537812,386.53454421200007,-6.974758545388502,22.034417188006046,1715.8533562649302,-1684.8191419315417,22.28380982162247,-23.729847069458334,98.6984350766777,-55.23229782,1.0184199084406234,0.5202702702702703,0.004916121832413138,-0.09464620934552315,0.11020380841002567,0.0599016416674256,0.05498551983501246,22.675675675675677,308.7893251489993,0.16965945932921078,0.0,6.0
BTCUSD,atr_banded,60,5,21ada7a3049e,14122,280.0,ok,113.0,0.19204078742387765,588.4166666666666,0.0,32.0,10000.0,256.24539043197836,10254.675985516966,2.5624539043197836,2.3678366705636926,257.48010806400004,-3.3584984959784503,251.31748702098776,1242.1731197192487,-985.9277292872704,22.181662852129442,-17.296977706794216,97.0502036165109,-53.75197674,1.2599028131780194,0.49557522123893805,0.04757469915676702,-0.05717593462798673,0.154896832875271,0.09499021159360864,0.04741551243684161,23.38053097345133,368.88725015220245,0.1454914636425275,0.0,8.0
DOGEUSD,atr_arm,5,5,5dc5ac0f708a,287,,too_short,,,,,,,,,,,,,,,,,,,,,,,,,,,,,,,2.0
DOGEUSD,atr_arm,5,5,ee1169e95975,287,,too_short,,,,,,,,,,,,,,,,,,,,,,,,,,,,,,,3.0
DOGEUSD,atr_arm,5,5,a2bca180ebed,287,,too_short,,,,,,,,,,,,,,,,,,,,,,,,,,,,,,,4.0
DOGEUSD,atr_arm,5,5,66744b5d349d,287,,too_short,,,,,,,,,,,,,,,,,,,,,,,,,,,,,,,6.0
DOGEUSD,atr_arm,5,5,ff671398a60a,287,,too_short,,,,,,,,,,,,,,,,,,,,,,,,,,,,,,,8.0
DOGEUSD,atr_adx,5,5,3521dc5aecec,287,,too_short,,,,,,,,,,,,,,,,,,,,,,,,,,,,,,,2.0
DOGEUSD,atr_adx,5,5,03722d94202d,287,,too_short,,,,,,,,,,,,,,,,,,,,,,,,,,,,,,,3.0
DOGEUSD,atr_adx,5,5,15c96960e886,287,,too_short,,,,,,,,,,,,,,,,,,,,,,,,,,,,,,,4.0
DOGEUSD,atr_adx,5,5,51983af8c20a,287,,too_short,,,,,,,,,,,,,,,,,,,,,,,,,,,,,,,6.0
DOGEUSD,atr_adx,5,5,e8734162e400,287,,too_short,,,,,,,,,,,,,,,,,,,,,,,,,,,,,,,8.0
DOGEUSD,atr_banded,5,5,252136b1eac7,287,,too_short,,,,,,,,,,,,,,,,,,,,,,,,,,,,,,,2.0
DOGEUSD,atr_banded,5,5,3434c15f9b27,287,,too_short,,,,,,,,,,,,,,,,,,,,,,,,,,,,,,,3.0
DOGEUSD,atr_banded,5,5,1143ddd7a55f,287,,too_short,,,,,,,,,,,,,,,,,,,,,,,,,,,,,,,4.0
DOGEUSD,atr_banded,5,5,cf2d94d18b94,287,,too_short,,,,,,,,,,,,,,,,,,,,,,,,,,,,,,,6.0
DOGEUSD,atr_banded,5,5,002e1c6a1678,287,,too_short,,,,,,,,,,,,,,,,,,,,,,,,,,,,,,,8.0
DOGEUSD,atr_arm,15,5,10d320454352,95,,too_short,,,,,,,,,,,,,,,,,,,,,,,,,,,,,,,2.0
DOGEUSD,atr_arm,15,5,20121ef774fe,95,,too_short,,,,,,,,,,,,,,,,,,,,,,,,,,,,,,,3.0
DOGEUSD,atr_arm,15,5,ef3fa61dd9e9,95,,too_short,,,,,,,,,,,,,,,,,,,,,,,,,,,,,,,4.0
DOGEUSD,atr_arm,15,5,747c7dbe7f17,95,,too_short,,,,,,,,,,,,,,,,,,,,,,,,,,,,,,,6.0
DOGEUSD,atr_arm,15,5,fb6e4c240971,95,,too_short,,,,,,,,,,,,,,,,,,,,,,,,,,,,,,,8.0
DOGEUSD,atr_adx,15,5,ee9c7b1f1716,95,,too_short,,,,,,,,,,,,,,,,,,,,,,,,,,,,,,,2.0
DOGEUSD,atr_adx,15,5,9929a3276d0d,95,,too_short,,,,,,,,,,,,,,,,,,,,,,,,,,,,,,,3.0
DOGEUSD,atr_adx,15,5,c9ede9854551,95,,too_short,,,,,,,,,,,,,,,,,,,,,,,,,,,,,,,4.0
DOGEUSD,atr_adx,15,5,2a67285d213c,95,,too_short,,,,,,,,,,,,,,,,,,,,,,,,,,,,,,,6.0
DOGEUSD,atr_adx,15,5,346314b5a31f,95,,too_short,,,,,,,,,,,,,,,,,,,,,,,,,,,,,,,8.0
DOGEUSD,atr_banded,15,5,e9f9d39ae933,95,,too_short,,,,,,,,,,,,,,,,,,,,,,,,,,,,,,,2.0
DOGEUSD,atr_banded,15,5,affd99fb70bf,95,,too_short,,,,,,,,,,,,,,,,,,,,,,,,,,,,,,,3.0
DOGEUSD,atr_banded,15,5,f026637cc133,95,,too_short,,,,,,,,,,,,,,,,,,,,,,,,,,,,,,,4.0
DOGEUSD,atr_banded,15,5,b01eba807079,95,,too_short,,,,,,,,,,,,,,,,,,,,,,,,,,,,,,,6.0
DOGEUSD,atr_banded,15,5,c9c755ecee6b,95,,too_short,,,,,,,,,,,,,,,,,,,,,,,,,,,,,,,8.0
DOGEUSD,atr_arm,30,5,e2b1b44db43e,47,,too_short,,,,,,,,,,,,,,,,,,,,,,,,,,,,,,,2.0
DOGEUSD,atr_arm,30,5,bbefa887b944,47,,too_short,,,,,,,,,,,,,,,,,,,,,,,,,,,,,,,3.0
DOGEUSD,atr_arm,30,5,821430b81962,47,,too_short,,,,,,,,,,,,,,,,,,,,,,,,,,,,,,,4.0
DOGEUSD,atr_arm,30,5,29971310f6ef,47,,too_short,,,,,,,,,,,,,,,,,,,,,,,,,,,,,,,6.0
DOGEUSD,atr_arm,30,5,aaa7d53222b0,47,,too_short,,,,,,,,,,,,,,,,,,,,,,,,,,,,,,,8.0
DOGEUSD,atr_adx,30,5,335e68349cd8,47,,too_short,,,,,,,,,,,,,,,,,,,,,,,,,,,,,,,2.0
DOGEUSD,atr_adx,30,5,47228871717c,47,,too_short,,,,,,,,,,,,,,,,,,,,,,,,,,,,,,,3.0
DOGEUSD,atr_adx,30,5,9a039c5ddf6a,47,,too_short,,,,,,,,,,,,,,,,,,,,,,,,,,,,,,,4.0
DOGEUSD,atr_adx,30,5,718f81b15673,47,,too_short,,,,,,,,,,,,,,,,,,,,,,,,,,,,,,,6.0
DOGEUSD,atr_adx,30,5,8a0c589af633,47,,too_short,,,,,,,,,,,,,,,,,,,,,,,,,,,,,,,8.0
DOGEUSD,atr_banded,30,5,aca58ad06d12,47,,too_short,,,,,,,,,,,,,,,,,,,,,,,,,,,,,,,2.0
DOGEUSD,atr_banded,30,5,ac961518ae42,47,,too_short,,,,,,,,,,,,,,,,,,,,,,,,,,,,,,,3.0
DOGEUSD,atr_banded,30,5,16b34f243168,47,,too_short,,,,,,,,,,,,,,,,,,,,,,,,,,,,,,,4.0
DOGEUSD,atr_banded,30,5,e4a594cc843b,47,,too_short,,,,,,,,,,,,,,,,,,,,,,,,,,,,,,,6.0
DOGEUSD,atr_banded,30,5,f779654d2156,47,,too_short,,,,,,,,,,,,,,,,,,,,,,,,,,,,,,,8.0
DOGEUSD,atr_arm,60,5,ce9d73014263,24,,too_short,,,,,,,,,,,,,,,,,,,,,,,,,,,,,,,2.0
DOGEUSD,atr_arm,60,5,a330e557af25,24,,too_short,,,,,,,,,,,,,,,,,,,,,,,,,,,,,,,3.0
DOGEUSD,atr_arm,60,5,ff218c1c7aa1,24,,too_short,,,,,,,,,,,,,,,,,,,,,,,,,,,,,,,4.0
DOGEUSD,atr_arm,60,5,1cf9d3bed817,24,,too_short,,,,,,,,,,,,,,,,,,,,,,,,,,,,,,,6.0
DOGEUSD,atr_arm,60,5,a6a43d305a6b,24,,too_short,,,,,,,,,,,,,,,,,,,,,,,,,,,,,,,8.0
DOGEUSD,atr_adx,60,5,5a84e74ece84,24,,too_short,,,,,,,,,,,,,,,,,,,,,,,,,,,,,,,2.0
DOGEUSD,atr_adx,60,5,dffdcf8fee7d,24,,too_short,,,,,,,,,,,,,,,,,,,,,,,,,,,,,,,3.0
DOGEUSD,atr_adx,60,5,d00957accc49,24,,too_short,,,,,,,,,,,,,,,,,,,,,,,,,,,,,,,4.0
DOGEUSD,atr_adx,60,5,809d32ebda31,24,,too_short,,,,,,,,,,,,,,,,,,,,,,,,,,,,,,,6.0
DOGEUSD,atr_adx,60,5,f986f31d654d,24,,too_short,,,,,,,,,,,,,,,,,,,,,,,,,,,,,,,8.0
DOGEUSD,atr_banded,60,5,cf8f31c6adcd,24,,too_short,,,,,,,,,,,,,,,,,,,,,,,,,,,,,,,2.0
DOGEUSD,atr_banded,60,5,288ca0e57714,24,,too_short,,,,,,,,,,,,,,,,,,,,,,,,,,,,,,,3.0
DOGEUSD,atr_banded,60,5,3a75ea085984,24,,too_short,,,,,,,,,,,,,,,,,,,,,,,,,,,,,,,4.0
DOGEUSD,atr_banded,60,5,88e72402023d,24,,too_short,,,,,,,,,,,,,,,,,,,,,,,,,,,,,,,6.0
DOGEUSD,atr_banded,60,5,21ada7a3049e,24,,too_short,,,,,,,,,,,,,,,,,,,,,,,,,,,,,,,8.0
ETHUSD,atr_arm,5,5,5dc5ac0f708a,169475,39400.0,ok,488.0,0.8292904558194424,588.4548611111111,33048.0,1108.0,10000.0,-518.1866055662215,9481.813394433793,-5.181866055662215,18.36565099379194,2697.481078084,-5.159472517805751,-362.96228183301355,17003.209081375862,-17521.395686942084,95.5236465245835,-56.52063124820027,108.307381329,-65.0420450100003,0.970425494930612,0.36475409836065575,-0.016573337336056367,-0.1498403366989506,0.1108531005947426,0.10758778259969523,0.1241611199357516,42.872950819672134,120.01546400017273,0.39177479906294577,0.20491803278688525,2.0
ETHUSD,atr_arm,5,5,ee1169e95975,169475,39394.0,ok,945.0,1.6059005753060924,588.4548611111111,19324.0,2207.0,10000.0,-4292.5314282904965,5707.468571709497,-42.925314282904964,44.80259664705574,3791.0430593290002,26.783368961493057,-4265.748059329008,21870.148325083213,-26162.67975337371,67.29276407717911,-42.1978705699576,98.0280008041861,-59.166334259999644,0.835929214103652,0.3439153439153439,-0.11415787130769876,-0.20098491132479995,-0.027346954645686528,0.0030379788311825496,0.11719585013888131,78.6116402116402,127.45298815819503,0.3693037907658996,0.0,3.0
ETHUSD,atr_arm,5,5,a2bca180ebed,169475,39358.0,ok,1006.0,1.7095618822835228,588.4548611111111,8946.0,2342.0,10000.0,-2365.1049299653923,7634.895070034593,-23.651049299653923,31.349910792887943,4423.337540079,7.066889886399149,-2358.0380400789927,27765.939383959223,-30131.044313924613,73.26105378353357,-48.05589204772666,104.80220002,-62.17536389999932,0.9215060418973798,0.37673956262425445,-0.04931982779474737,-0.1292458409169762,0.032088306947101804,0.05758876275688433,0.1069085905516317,116.86779324055667,142.08252263553516,0.33694535590704966,0.0,4.0
ETHUSD,atr_arm,5,5,66744b5d349d,169475,39007.0,ok,883.0,1.5005399026405075,588.4548611111111,2381.0,2001.0,10000.0,-1324.3788851898162,8675.621114810181,-13.243788851898161,17.17063430035045,3413.863496619,62.403888570827796,-1261.9749966190138,22459.32715526744,-23783.706040457255,60.86538524462721,-46.27180163513085,100.6547544580001,-59.038147025,0.9443157057635602,0.4178935447338618,-0.028547102828327255,-0.1057608070117385,0.04999463930348664,0.0597057615689247,0.08825286439725197,165.84597961494904,185.20476120002616,0.27787709488595397,0.0,6.0
ETHUSD,atr_arm,5,5,ff671398a60a,169475,38126.0,ok,767.0,1.3034134828145745,588.4548611111111,804.0,1605.0,10000.0,41.51842588222769,10038.665037127215,0.41518425882227694,13.455380518636026,2730.768887917,-16.530313799224196,22.134723327979373,19163.246963657297,-19121.728537775067,56.69599693389733,-44.572793794347476,112.67172928511167,-65.97507893017917,1.0021712694958622,0.4406779661016949,0.004167025475005762,-0.06927372788509324,0.08131756108807313,0.07707936591825036,0.0729123404432446,200.91525423728814,242.1747870201972,0.2294224856135533,0.0,8.0
ETHUSD,atr_adx,5,5,3521dc5aecec,169475,18551.0,ok,396.0,0.6729488125092197,588.4548611111111,15070.0,701.0,10000.0,-1163.3009107484665,8836.699089251539,-11.633009107484666,21.56646582619757,2147.683941782,-8.178031033555797,-1171.478941782023,13212.842626802416,-14376.14353755088,95.05642177555696,-55.93830170253261,105.10155805499978,-63.30916720000029,0.919081156381759,0.351010101010101,-0.05705873855218905,-0.19540525722710583,0.08018148821364257,0.06563278400107288,0.12269152255326195,43.87373737373738,121.64234102843591,0.3871279139416776,0.0,2.0
ETHUSD,atr_adx,5,5,03722d94202d,169475,18545.0,ok,792.0,1.3458976250184393,588.4548611111111,8487.0,1357.0,10000.0,-3523.449645991125,6476.550354008857,-35.23449645991125,36.785400200769836,3391.695108336,37.95453765511031,-3485.4951083360456,19957.308988733268,-23480.758634724392,72.57203268630279,-45.417328113586834,97.48764566100006,-58.71810445499965,0.849943108704312,0.3472222222222222,-0.10516083572857002,-0.20037290183266485,-0.005839233325462387,0.010173633330729572,0.1153344690592996,82.54924242424242,129.72021770323323,0.36361602047606184,0.0,3.0
ETHUSD,atr_adx,5,5,15c96960e886,169475,18512.0,ok,885.0,1.5039386340168166,588.4548611111111,4178.0,1510.0,10000.0,-2139.3205568804556,7860.679443119524,-21.393205568804554,30.30182029455509,3939.3300674370003,27.128989443459744,-2112.191567437024,24836.487276586333,-26975.807833466788,74.13876798980995,-49.046923333575975,108.19019292,-63.72670919793834,0.9206948473948436,0.3785310734463277,-0.050014075213785605,-0.1384673376711489,0.0379141777057607,0.05467131232891771,0.1046853875427033,118.35593220338983,146.9177563487659,0.32997558847763414,0.0,4.0
ETHUSD,atr_adx,5,5,51983af8c20a,169475,18212.0,ok,813.0,1.3815843044696858,588.4548611111111,1052.0,1346.0,10000.0,-2629.0255097096156,7370.974490290401,-26.290255097096153,29.927708767143734,2821.9302487130003,46.7127609966259,-2582.312748712997,18211.056572725214,-20840.08208243483,55.691304503746835,-42.88082733011282,101.33259213864378,-58.462889549999886,0.8738476413235674,0.4022140221402214,-0.07173141401687505,-0.15294312720305642,0.010316206545497277,0.014054673086845944,0.085786087103721,164.71832718327184,190.92159559834965,0.270020711260438,0.0,6.0
ETHUSD,atr_adx,5,5,e8734162e400,169475,17558.0,ok,718.0,1.2201445640949993,588.4548611111111,386.0,1009.0,10000.0,-1209.5995169748874,8787.909429350128,-12.095995169748875,22.291135433338503,2456.640659993,-16.070643018118304,-1228.161213667996,16520.10276353645,-17729.702280511345,53.63669728420926,-43.24317629393011,110.15921893199979,-63.87254713999938,0.9317755313745738,0.42896935933147634,-0.03312823854541329,-0.11231738120292926,0.04946334631997625,0.039893609666323944,0.07302184821173723,195.22980501392757,238.95372096038415,0.2297941251790938,0.0,8.0
ETHUSD,atr_banded,5,5,252136b1eac7,169475,10452.0,ok,153.0,0.2600029502876531,588.4548611111111,9498.0,41.0,10000.0,-740.2439511652733,9259.75604883472,-7.402439511652734,11.124973710136794,814.3240262950001,-23.6810751297165,-620.970890878998,4742.593139399345,-5482.837090564618,92.99202234116363,-53.75330480945704,96.70091569599984,-58.62585127999973,0.8649888845978746,0.3333333333333333,-0.09576836889448874,-0.31714124960444234,0.13016692743025635,0.026768019903144476,0.12253638879763322,54.3921568627451,123.6624268120331,0.3867192055741725,0.6535947712418301,2.0
ETHUSD,atr_banded,5,5,3434c15f9b27,169475,10450.0,ok,455.0,0.7732113881103407,588.4548611111111,6750.0,90.0,10000.0,-23.657785234408948,9976.342214765584,-0.23657785234408946,16.826992765834927,2322.9437002920004,-23.53641505757639,97.52145292401292,14937.777250882204,-14961.43503611661,85.3587271478983,-53.43369655755932,104.851450752,-62.65181191499905,0.9984187489249997,0.38461538461538464,0.0035737646426420517,-0.11482896594081882,0.13726464527888949,0.12003393097565948,0.11646016633301744,85.38461538461539,128.9333181869824,0.36716925041484166,0.21978021978021978,3.0
ETHUSD,atr_banded,5,5,1143ddd7a55f,169475,10444.0,ok,674.0,1.1453724738161972,588.4548611111111,3807.0,151.0,10000.0,-238.50375355890912,9761.496246441106,-2.3850375355890914,16.98998725781615,3275.2299041320002,13.73034942690635,-224.77340413199454,21511.181054893095,-21749.684808452,81.17426813167205,-53.1777134680978,105.9337462880004,-63.05634155000094,0.9890341512688855,0.39317507418397624,-0.0027184828219741696,-0.10537556360119724,0.10304196932915295,0.10584777763903376,0.10856626046100791,114.22848664688428,140.87544232738807,0.3422024048265187,0.0,4.0
ETHUSD,atr_banded,5,5,cf2d94d18b94,169475,10389.0,ok,746.0,1.267726803363328,588.4548611111111,1146.0,192.0,10000.0,-2781.374935707031,7218.625064292944,-27.81374935707031,35.432526049932044,2838.2692250010004,-2.1547892939824997,-2783.5297250010317,16977.123793942115,-19758.498729649145,56.40240463103693,-44.4011207407846,107.72984959000026,-62.97323299500023,0.8592314642036359,0.403485254691689,-0.08400012094150691,-0.16908471881890128,0.001732056046158578,0.009734167389107994,0.09373428833061495,155.5697050938338,173.0201639298707,0.2951871812580841,0.0,6.0
ETHUSD,atr_banded,5,5,002e1c6a1678,169475,10238.0,ok,697.0,1.1844578846437528,588.4548611111111,373.0,193.0,10000.0,-1472.693272111347,8527.306727888676,-14.726932721113469,22.115880501247414,2538.0267990780003,6.789473033337899,-1465.9037990779907,16006.53574740941,-17479.229019520757,53.001773998044406,-44.25121270764748,104.3739952919997,-60.8930247000007,0.9157460966689865,0.4332855093256815,-0.042950842972430694,-0.12874799838477596,0.04132178081315669,0.03742287091828765,0.08037371389071837,185.35007173601147,211.80885483696412,0.25304567300206027,0.0,8.0
ETHUSD,atr_arm,15,5,10d320454352,56491,8499.0,ok,691.0,1.1742755483174312,588.4479166666666,4096.0,1093.0,10000.0,-1100.5855800857557,8899.414419914261,-11.005855800857557,32.80625521966026,3817.4513445770003,-5.773764491257797,-1106.3593445769966,24764.630601082223,-25865.216181167983,96.36043035440554,-59.59727230683867,119.55165965600024,-72.10528844999953,0.9574492023427557,0.3719247467438495,-0.028789091473942072,-0.1329792226135227,0.07908045388414714,0.08740914765659391,0.116198239130536,27.439942112879883,130.08954215239137,0.36649388048523124,0.0,2.0
ETHUSD,atr_arm,15,5,20121ef774fe,56491,8477.0,ok,773.0,1.31362517923209,588.4479166666666,1250.0,1218.0,10000.0,-2479.736250398174,7520.263749601868,-24.79736250398174,31.86611658710105,3272.792155395,58.51759500318265,-2421.2186553949687,21045.070426599348,-23524.80667699752,72.3198296446713,-48.806652856841325,106.41657440400024,-61.528690299999674,0.8945905790238502,0.37645536869340235,-0.06946489884414975,-0.15514921000538245,0.025335256459103134,0.029670617811102945,0.09913551665525268,47.26261319534282,158.54462626625934,0.3124287634371762,0.0,3.0
ETHUSD,atr_arm,15,5,ef3fa61dd9e9,56491,8379.0,ok,714.0,1.2133614204032501,588.4479166666666,509.0,1105.0,10000.0,-877.7912112835388,9122.208788716394,-8.777912112835388,16.453341945970724,2731.1444188200003,70.9157924635457,-806.8754188200219,17981.824878103296,-18859.616089386836,61.371415966222855,-44.79718786077633,102.27417383593364,-60.4179398454761,0.9534565705302182,0.4103641456582633,-0.022341065573466656,-0.10631982846982359,0.06413772133951105,0.0635219127516832,0.08586297832514987,58.54761904761905,189.97195909506178,0.27034946404582444,0.0,4.0
ETHUSD,atr_arm,15,5,747c7dbe7f17,56491,7846.0,ok,608.0,1.0332265316599105,588.4479166666666,99.0,794.0,10000.0,-1333.4491963761632,8664.22630683384,-13.334491963761632,16.796029278527094,1780.398633589,49.393562787168094,-1286.380130378995,12147.58104540921,-13481.030241785375,46.01356456594397,-39.189041400538876,100.16674044000005,-57.69736438196734,0.9010869961375023,0.4342105263157895,-0.04487268223869525,-0.12521220272180222,0.039967483859962516,0.02011552512099024,0.06498820735968548,72.66776315789474,268.4920204045459,0.20428667811704315,0.0,6.0
ETHUSD,atr_arm,15,5,fb6e4c240971,56491,6684.0,ok,538.0,0.9142695296595919,588.4479166666666,46.0,572.0,10000.0,-115.88128145925185,9881.789227795254,-1.1588128145925185,8.630923157320339,1407.276017426,-5.577735966747497,-122.63655982604723,10216.032768214907,-10331.91404967416,41.868986754979126,-35.14256479481007,102.73282910800019,-61.52866449688944,0.9887841419409691,0.45353159851301117,-0.0020831068798958003,-0.08045970196384167,0.07839979202785086,0.05225197601997238,0.0543350828998682,79.66542750929368,335.556471587626,0.1706178953636281,0.0,8.0
ETHUSD,atr_adx,15,5,ee9c7b1f1716,56491,4284.0,ok,519.0,0.8819812005452197,588.4479166666666,1812.0,599.0,10000.0,-497.9424268857449,9502.057573114264,-4.979424268857449,24.14006557834629,2665.7242610470003,-1.9608341612748,-499.90326104700944,17851.700299032775,-18349.642725918522,91.08010356649375,-56.81003939912855,110.76109644600025,-66.1859622299995,0.9728636445775365,0.37764932562620424,-0.01502514058113428,-0.13222842243910168,0.10774371905186969,0.09751409921864644,0.11253923979978073,28.321772639691716,135.31394332792365,0.35486463231484255,0.0,2.0
ETHUSD,atr_adx,15,5,9929a3276d0d,56491,4264.0,ok,607.0,1.0315271459170487,588.4479166666666,467.0,645.0,10000.0,-1984.387148428962,8015.612851571027,-19.84387148428962,24.83146578816675,2454.133310724,56.69283770496935,-1927.6943107240186,15855.2615188871,-17839.648667316065,67.75752785849188,-47.827476319882216,102.61598246100023,-59.61167445000048,0.888765345919365,0.385502471169687,-0.06913001254731822,-0.1733098741812652,0.034390995778221314,0.027903420653469513,0.09703343320078774,45.968698517298186,162.06594224076093,0.30568864456623,0.0,3.0
ETHUSD,atr_adx,15,5,c9ede9854551,56491,4184.0,ok,557.0,0.946557858773964,588.4479166666666,171.0,545.0,10000.0,-1796.7102795596088,8203.289720440413,-17.967102795596087,22.016144221372365,1882.3420015550003,98.96427800461521,-1697.746001554986,12666.828654442288,-14463.5389340019,57.83940024859492,-42.79153530769793,99.89570467695845,-57.99600579,0.8757765794555453,0.39317773788150806,-0.06792772583419396,-0.16992269846037025,0.029825087093949054,0.01337864013033535,0.08130636596452931,57.70197486535009,202.46326171536148,0.25587222279326016,0.0,4.0
ETHUSD,atr_adx,15,5,2a67285d213c,56491,3801.0,ok,457.0,0.7766192844877946,588.4479166666666,27.0,360.0,10000.0,-1.3979234667066578,9998.602076533287,-0.013979234667066577,7.806042803134486,1301.8784751520002,29.579448314710998,28.181524848001573,9327.031175983248,-9328.429099449953,44.62694342575716,-37.61463346552401,102.52837838805455,-58.585985369999825,0.9998501437431959,0.4573304157549234,0.0021878399254158655,-0.08952909548399723,0.09201683770235278,0.06222955568428672,0.060041715758870864,75.52516411378556,290.2834454615647,0.18860681760647477,0.0,6.0
ETHUSD,atr_adx,15,5,346314b5a31f,56491,3030.0,ok,388.0,0.6593616682303376,588.4479166666666,7.0,189.0,10000.0,429.6178778611726,10429.617877861208,4.296178778611726,6.142114157271718,967.2509106299999,-3.9662884911707526,425.6515893700016,7054.662208736785,-6625.044330875613,37.52479898264247,-33.125221654378066,105.21451018352833,-59.08559476374774,1.0648475476396384,0.4845360824742268,0.023922446640127833,-0.06478515928229552,0.10872497373829915,0.07446223269093691,0.05053978605080908,83.08247422680412,363.2027167398485,0.1585183280409026,0.0,8.0
ETHUSD,atr_banded,15,5,e9f9d39ae933,56491,2248.0,ok,270.0,0.45883415057265764,588.4479166666666,1344.0,65.0,10000.0,-439.43272180455654,9560.567278195456,-4.394327218045565,19.411820183981934,1472.868117178,-19.275895373446648,-458.7086171779956,9504.499418594478,-9943.932140399034,95.04499418594477,-58.4937184729355,111.85144177999989,-66.65506127999983,0.9558089581062926,0.37037037037037035,-0.02816375466407749,-0.19759583165388528,0.14218946340570662,0.08767349645263613,0.11583725111671363,29.91111111111111,129.34870545020254,0.3654754659059764,0.0,2.0
ETHUSD,atr_banded,15,5,affd99fb70bf,56491,2244.0,ok,434.0,0.7375334124019756,588.4479166666666,538.0,73.0,10000.0,-1283.8937464706469,8716.106253529319,-12.838937464706468,26.37169213030771,1999.137708456,-5.427461985356555,-1289.3212084560419,12457.37049563177,-13741.26424210242,75.95957619287665,-50.893571267046,111.40435541999999,-65.82117075999982,0.9065665484739843,0.3778801843317972,-0.05949105611876694,-0.17790640469788754,0.06433185676966648,0.041610807517532926,0.10110186363629987,47.49308755760369,154.25338006445176,0.3187815745508575,0.0,3.0
ETHUSD,atr_banded,15,5,f026637cc133,56491,2222.0,ok,479.0,0.8140057708307519,588.4479166666666,229.0,95.0,10000.0,-1515.2595835263287,8484.66166316211,-15.152595835263288,20.659686719765933,1843.752104046,25.67547948032459,-1492.1251469460094,11563.702041532462,-13078.96162505879,59.91555461933918,-45.73063505265311,103.8660547599997,-60.68443156122644,0.8841452687938813,0.40292275574112735,-0.06539321194690749,-0.16858920326799004,0.03907894226272157,0.02161219004536875,0.08700540199227624,56.81210855949896,183.5935513400799,0.27401657818107034,0.0,4.0
ETHUSD,atr_banded,15,5,b01eba807079,56491,2104.0,ok,447.0,0.7596254270591776,588.4479166666666,44.0,97.0,10000.0,-945.0538174706397,9054.889995956188,-9.450538174706399,15.339002509796709,1299.748127455,38.0016900156372,-908.8650352550158,8460.218460346496,-9405.272277817136,42.72837606235604,-37.772177822558774,96.96445318496973,-56.28821131563788,0.899518717847265,0.4429530201342282,-0.0425426583833151,-0.13573674379009007,0.05051609116423324,0.02394113289253133,0.06648379127584643,69.94183445190157,258.73752515503713,0.20895662731583647,0.0,6.0
ETHUSD,atr_banded,15,5,c9c755ecee6b,56491,1861.0,ok,398.0,0.6763555256589545,588.4479166666666,27.0,83.0,10000.0,-430.8093096349633,9569.146477979586,-4.3080930963496336,9.982298301108095,986.376824949,35.69048468596466,-396.54537534901647,6524.020440454129,-6954.829750089093,34.33694968660068,-33.436681490812944,96.93023274364528,-58.36659387519475,0.9380560955313902,0.47738693467336685,-0.02015584596230676,-0.1072075164903709,0.067176186662259,0.033833267621554454,0.053989113583861215,79.07286432160804,332.14907985951254,0.1694857304953375,0.0,8.0
ETHUSD,atr_arm,30,5,e2b1b44db43e,28245,3858.0,ok,618.0,1.0502389803505046,588.4375,830.0,905.0,10000.0,-2903.8557843521703,7096.144215647866,-29.0385578435217,30.404137904628147,2600.3827812890004,41.74000306318245,-2862.115781288967,15970.266460765586,-18874.122245117753,72.26364914373568,-47.54186963505731,97.15540092999987,-57.21487379999967,0.8461461811765408,0.35760517799352753,-0.1068991865473614,-0.210472631592176,-0.001105809095391168,-0.001429402835569062,0.10546978371179232,19.676375404530745,145.97757443614222,0.33240211699253985,0.0,2.0
ETHUSD,atr_arm,30,5,bbefa887b944,28245,3807.0,ok,588.0,0.9992565055762082,588.4375,203.0,850.0,10000.0,-1482.7785644301375,8517.221435569922,-14.827785644301375,21.375491139632395,2208.8609295260003,85.96113490413991,-1396.8174295259741,14625.532312518302,-16108.310876948439,61.71110680387469,-45.89262358104968,105.12121548448387,-59.70845532514367,0.9079494693293978,0.4030612244897959,-0.05098523821555575,-0.1475953926629401,0.0506914636613561,0.033143167351529536,0.0841284055670853,29.064625850340136,198.6488686200926,0.26495568306802275,0.0,3.0
ETHUSD,atr_arm,30,5,821430b81962,28245,3659.0,ok,525.0,0.8921933085501859,588.4375,57.0,736.0,10000.0,-3418.7901467169213,6580.024230619027,-34.18790146716921,36.241373752190206,1449.687633509,25.31501320792435,-3395.933338983993,8558.169736537642,-11976.959883254563,42.158471608559815,-37.195527587747094,99.83706345899996,-57.83464682999956,0.7145527596283544,0.38666666666666666,-0.15784651370101024,-0.24557016961773398,-0.06953798129214916,-0.08950475238750226,0.068341761313508,34.69904761904762,254.11799570296122,0.2148945702926778,0.0,4.0
ETHUSD,atr_arm,30,5,29971310f6ef,28245,2902.0,ok,427.0,0.7256505576208179,588.4375,6.0,489.0,10000.0,-537.3845865696826,9462.572096097085,-5.373845865696826,9.51456031059678,1038.953281306,25.1503052636824,-513.631111905981,6884.29629749332,-7421.680884063004,36.814418703172834,-30.923670350262515,99.24732858209613,-58.83533023758158,0.927592604025371,0.4379391100702576,-0.023906399916619008,-0.1016516678529488,0.06519221098602902,0.027210781503444116,0.051117181420063135,41.32084309133489,350.83742601687374,0.160384281254603,0.0,6.0
ETHUSD,atr_arm,30,5,aaa7d53222b0,28245,1895.0,ok,307.0,0.5217206585236325,588.4375,0.0,254.0,10000.0,-314.3575172524607,9685.642482747553,-3.143575172524607,7.76336747774275,660.7122426560001,1.1107745964622993,-313.24674265598696,4012.0619114683677,-4326.419428720828,28.454339797647997,-26.062767642896556,101.12111490359845,-57.24909307694924,0.9273400273756155,0.4592833876221498,-0.019741451682658923,-0.09875010944483548,0.06218662106155943,0.024250427293067686,0.04399187897572661,44.615635179153095,406.5610203884437,0.1379126103860971,0.0,8.0
ETHUSD,atr_adx,30,5,335e68349cd8,28245,2069.0,ok,436.0,0.7409453000531068,588.4375,354.0,426.0,10000.0,-2574.3367747637567,7425.663225236243,-25.74336774763757,27.198567030957733,1767.528409561,40.541365202773406,-2533.795409560974,10776.260655223537,-13350.597429987294,72.32389701492308,-46.5177610800951,97.74208944899999,-57.581403164812144,0.8071744138594548,0.34174311926605505,-0.13299525682041666,-0.2538538117782072,-0.0031114350038779592,-0.03182437335970629,0.10117088346071035,20.31422018348624,153.43159471200443,0.3189005949441159,0.0,2.0
ETHUSD,atr_adx,30,5,47228871717c,28245,2021.0,ok,419.0,0.7120552310143389,588.4375,44.0,380.0,10000.0,-376.1854005474662,9623.720010040672,-3.761854005474662,14.151369102328509,1551.29390018,88.53900036747035,-290.6640022849606,10996.21942293372,-11372.404823481185,63.56196198227584,-46.22928790033002,105.433705685,-60.704265224061615,0.9669212091561553,0.4128878281622912,-0.014888280826995226,-0.1292924378059071,0.1029912301422889,0.0646895027930432,0.07957778362003841,29.525059665871122,208.948444242561,0.25053140419870623,0.0,3.0
ETHUSD,atr_adx,30,5,9a039c5ddf6a,28245,1905.0,ok,364.0,0.6185873605947956,588.4375,16.0,305.0,10000.0,-408.1506225898709,9591.778551840629,-4.08150622589871,11.715451055309554,1082.833784559,44.397838030869956,-366.0122698789746,7788.604181237251,-8196.75480382712,48.07780358788427,-40.57799407835208,103.64224646999993,-59.2227523679104,0.9502058275063565,0.44505494505494503,-0.020102733862145686,-0.12800034372814031,0.08998529069351008,0.04377929217174741,0.0638820260338931,35.86538461538461,273.4316509083825,0.2008388322319443,0.0,4.0
ETHUSD,atr_adx,30,5,718f81b15673,28245,1401.0,ok,292.0,0.4962294211364843,588.4375,3.0,165.0,10000.0,279.84399719964085,10279.793207810977,2.7984399719964084,9.230899296824099,683.901270594,31.133232206358954,309.35694059100206,5394.859886327944,-5115.015889128303,40.56285628818003,-32.169911252379265,104.41413072000026,-58.725165712326636,1.0547102889346707,0.4554794520547945,0.02121665932007909,-0.07423995320577932,0.12267426581676015,0.06909543681735289,0.04787877749727377,41.60958904109589,368.6801493567561,0.15019122490981401,0.0,6.0
ETHUSD,atr_adx,30,5,8a0c589af633,28245,833.0,ok,199.0,0.3381837493361657,588.4375,0.0,81.0,10000.0,77.56889014954416,10077.53161353399,0.7756889014954416,6.827885107278529,416.16287079200004,17.4902390584567,93.8699264079969,2876.3519870748546,-2798.783096925311,30.9285159900522,-26.403614121936897,102.46301379600006,-58.441782516052335,1.027715220316558,0.46733668341708545,0.008560632564898269,-0.09022464701994022,0.1073302392877681,0.05066257234128569,0.04210193977638743,45.04522613065327,419.137682320885,0.13190990165103658,0.0,8.0
ETHUSD,atr_banded,30,5,aca58ad06d12,28245,1037.0,ok,258.0,0.4384492830589485,588.4375,270.0,57.0,10000.0,-936.9852596858557,9063.014740314164,-9.369852596858557,15.479570727416489,1163.709588308,-2.191328622146896,-939.1765883079715,6911.918676448368,-7848.903936134224,72.75703869945652,-48.15278488425904,97.776398496,-59.35351571999917,0.8806221521743655,0.3682170542635659,-0.07205894114957838,-0.2320221650087879,0.08643292657862066,0.03375730774780002,0.10581624889737841,22.91860465116279,146.2582950150263,0.3334566185250871,0.0,2.0
ETHUSD,atr_banded,30,5,ac961518ae42,28245,1027.0,ok,302.0,0.5132235793945831,588.4375,67.0,50.0,10000.0,-1497.600065379888,8502.322055584798,-14.976000653798879,16.241781330007633,1100.608675137,14.292890242883148,-1485.818498237004,6576.211850770163,-8073.811916150051,56.69148147215658,-43.40759094704328,97.58104915199992,-56.94590943196359,0.8145114004471373,0.3841059602649007,-0.10417404583441334,-0.22922268680868577,0.02454300150271063,-0.020354796814582552,0.0838192490198308,30.89072847682119,200.92692554324776,0.2639939528931711,0.0,3.0
ETHUSD,atr_banded,30,5,16b34f243168,28245,996.0,ok,291.0,0.4945300053106745,588.4375,29.0,48.0,10000.0,-1209.4711806082414,8790.464051272258,-12.094711806082415,14.123316338656016,872.1292476240001,3.957432984242404,-1207.5799874890035,5297.272147530344,-6506.743328138586,43.06725323195402,-38.730615048443966,97.57509540984385,-55.64586195999965,0.8141203487499113,0.422680412371134,-0.08585187238044975,-0.20380862516043866,0.03187055743482853,-0.019051830057791135,0.06680004232265864,36.649484536082475,253.52268944857582,0.21011372930499378,0.0,4.0
ETHUSD,atr_banded,30,5,e4a594cc843b,28245,840.0,ok,253.0,0.4299522039298991,588.4375,2.0,59.0,10000.0,-151.64538657142737,9848.306153828362,-1.5164538657142737,6.409954960828086,615.482445609,-0.24355903757109676,-153.43490924899925,4028.2109036821544,-4179.856290253581,34.429153022924396,-30.734237428335156,100.46428357649415,-57.90878960391886,0.9637199520650919,0.4624505928853755,-0.00950979209781126,-0.10904248232088114,0.09674564947821769,0.04095021327816942,0.05046000537598069,42.17391304347826,361.62934429528326,0.15837157424882536,0.0,6.0
ETHUSD,atr_banded,30,5,f779654d2156,28245,545.0,ok,182.0,0.3092936802973978,588.4375,0.0,37.0,10000.0,-695.6693511908426,9304.330648809158,-6.956693511908425,9.292048420498872,383.96565974400005,-2.919308553157249,-698.588659744004,2055.203433560073,-2750.8727847509153,24.76148715132618,-27.786593785362783,97.70962278619722,-53.3020206896407,0.7471095882560655,0.45604395604395603,-0.07838340074412098,-0.18107423848156393,0.022797846584848798,-0.033286515962084776,0.045096884782036196,43.4010989010989,397.41724381723037,0.1413801522363816,0.0,8.0
ETHUSD,atr_arm,60,5,ce9d73014263,14123,1902.0,ok,444.0,0.7545139134744742,588.4583333333334,97.0,618.0,10000.0,-1151.6178880322711,8848.382111967747,-11.51617888032271,18.242214565372137,1560.291818556,56.08856947627356,-1095.5293185559858,10240.489357597946,-11392.107245630217,56.891607542210814,-43.15192138496295,97.76698033599993,-57.16437510000012,0.8989108982910946,0.40540540540540543,-0.051930591573871254,-0.16281833316621527,0.06683621862882583,0.03404480413519935,0.08597539570907063,13.68918918918919,189.18574077949546,0.2705585840381203,0.0,2.0
ETHUSD,atr_arm,60,5,a330e557af25,14123,1808.0,ok,388.0,0.6593499964596756,588.4583333333334,15.0,519.0,10000.0,-798.4498364413428,9198.810866998669,-7.984498364413428,11.189833243772178,1081.7236037110001,17.876232730343993,-783.3129002709829,7538.584273366733,-8337.034109808075,45.413158273293575,-37.55420770183818,96.32224199999987,-54.12932335499984,0.9042285510740554,0.42783505154639173,-0.04075402392124173,-0.14202882415066764,0.060957132814772205,0.021923166093228398,0.06267719001447011,18.11082474226804,275.9920774035412,0.19697739185191057,0.0,3.0
ETHUSD,atr_arm,60,5,ff218c1c7aa1,14123,1522.0,ok,330.0,0.5607873681229201,588.4583333333334,4.0,384.0,10000.0,-145.8249170761854,9854.175082923832,-1.458249170761854,7.4761637186227174,810.1118499450001,21.207067131189508,-124.61784994497611,5501.81015923664,-5647.635076312826,34.602579617840505,-33.02710570943173,98.60472910924186,-59.1890435861796,0.9741794724507252,0.4818181818181818,-0.007509716476775926,-0.09809739703465935,0.0818259321694365,0.043321377010061696,0.050831093486837606,20.836363636363636,346.7600657208928,0.15943623969914764,0.0,4.0
ETHUSD,atr_arm,60,5,1cf9d3bed817,14123,768.0,ok,189.0,0.3211782199249451,588.4583333333334,0.0,156.0,10000.0,482.5513580576013,10481.811827601283,4.825513580576013,2.9646039104860655,393.34570883699996,3.224433105398556,484.2426583080105,2672.630621700609,-2190.0792636430083,28.432240656389457,-23.053465933084297,105.294528809364,-63.06105590969349,1.2203351111844774,0.4973544973544973,0.051103014096678445,-0.040217892315907826,0.14922361734227674,0.09244447886924048,0.04134146477256203,22.91005291005291,435.159876784243,0.12943622600697152,0.0,6.0
ETHUSD,atr_arm,60,5,a6a43d305a6b,14123,305.0,ok,90.0,0.1529420094880691,588.4583333333334,0.0,50.0,10000.0,189.40459632954446,10188.866103278835,1.8940459632954445,1.7386518594704108,170.876145062,-4.658741391544252,183.62949606299844,1066.4368474711132,-877.0322511415688,23.69859661046918,-19.48960558092375,99.66713864437521,-53.40147885277601,1.215960811113856,0.5,0.0435275354524362,-0.07716108138089607,0.1802089236762988,0.0821851016298014,0.03865756617736518,23.055555555555557,457.8370755947092,0.12100209205312276,0.0,8.0
ETHUSD,atr_adx,60,5,5a84e74ece84,14123,1022.0,ok,283.0,0.4809176520569284,588.4583333333334,25.0,271.0,10000.0,-1158.402291134365,8841.59770886564,-11.58402291134365,14.125564063275323,996.5940767700001,47.46821436436215,-1110.9340767699905,6503.412963519516,-7661.815254653881,56.06390485792686,-45.87913326140049,98.49215195999994,-56.626677259248396,0.8488083760006171,0.4098939929328622,-0.0839121221985391,-0.22217196088722677,0.05516946777383707,-0.002656159694322097,0.081255962504217,14.349823321554771,199.23992622813316,0.25585497617364605,0.0,2.0
ETHUSD,atr_adx,60,5,dffdcf8fee7d,14123,950.0,ok,252.0,0.4282376265665935,588.4583333333334,1.0,220.0,10000.0,-200.4484543466367,9799.551545653376,-2.004484543466367,6.122361590957167,701.752435958,18.232518388638155,-182.2159359579964,5117.3549180891205,-5317.803372435756,45.28632670875328,-38.25757821896227,100.74723775424013,-61.98556501267182,0.9623061553223954,0.44841269841269843,-0.013833098027010046,-0.13600296080574026,0.10708567602830471,0.04538576079266228,0.05921885881967231,18.476190476190474,285.7126326644934,0.18601105563645998,0.0,3.0
ETHUSD,atr_adx,60,5,d00957accc49,14123,769.0,ok,210.0,0.35686468880549455,588.4583333333334,1.0,155.0,10000.0,-17.568376449395316,9982.431623550623,-0.17568376449395318,6.03745641509624,490.291190987,17.781185462395694,0.21280901301361155,3559.432990707169,-3577.0013671565644,37.07742698653301,-31.37720497505758,102.73865048760811,-56.70965164158068,0.9950885183856218,0.45714285714285713,0.0009829437472805784,-0.10684615947349353,0.12057760703344583,0.04864113598772327,0.04765819224044269,20.62857142857143,360.79057888952207,0.14948939454273236,0.0,4.0
ETHUSD,atr_adx,60,5,809d32ebda31,14123,333.0,ok,108.0,0.1835304113856829,588.4583333333334,0.0,52.0,10000.0,-155.40127729176595,9844.598722708226,-1.5540127729176594,3.5878125628913446,207.56611954099998,3.5366577507668,-151.86461954100378,1187.6581336953227,-1343.0594109870885,24.237921095822912,-22.763718830289637,99.752711503608,-53.26569179588514,0.8842930729493546,0.4537037037037037,-0.02872746211474721,-0.1438325141388882,0.09241825981557869,0.010377340461490176,0.03910480257623739,22.99074074074074,447.5554469199229,0.1225408303013631,0.0,6.0
ETHUSD,atr_adx,60,5,f986f31d654d,14123,103.0,ok,38.0,0.06457551511718473,588.4583333333334,0.0,13.0,10000.0,4.299956637516122,10004.299956637511,0.04299956637516122,1.4738373711294261,70.93153086799998,-4.17648750551605,0.12346913199144183,297.6236341363063,-293.3236774987901,16.534646340905905,-14.666183874939506,97.74453728738804,-41.45098287408782,1.0146594256358112,0.47368421052631576,0.003710042471623167,-0.13754538224366933,0.17274071131746352,0.041612018393130834,0.03790197592150766,23.92105263157895,456.1729563805204,0.11869460390414399,0.0,8.0
ETHUSD,atr_banded,60,5,cf8f31c6adcd,14123,498.0,ok,183.0,0.31098208595907384,588.4583333333334,37.0,55.0,10000.0,-823.7141775554163,9176.285822444575,-8.237141775554162,10.602185398001893,702.6392428200002,-16.541065264587004,-840.2552428200124,3824.4669573587494,-4648.181134914166,47.21564144887345,-45.57040328347222,95.786496621,-57.43325385,0.8227878489140188,0.4426229508196721,-0.09165842430310328,-0.24407447820180134,0.07022867435877993,-0.004680820246037577,0.08697760405706567,15.540983606557377,186.16955522041235,0.2739687234393657,0.0,2.0
ETHUSD,atr_banded,60,5,288ca0e57714,14123,489.0,ok,183.0,0.31098208595907384,588.4583333333334,10.0,52.0,10000.0,-800.063130440517,9198.637306330467,-8.00063130440517,11.109601348164123,513.3102901870001,-23.60715974648526,-826.3644362719951,2925.5321767401842,-3725.595307180701,34.82776400881172,-37.63227583010809,97.165523214,-54.949663439999924,0.7852522712548844,0.45901639344262296,-0.08921692061031312,-0.21743285216707958,0.047704631296803454,-0.026724682131145334,0.06249223847916778,19.016393442622952,270.26531136471925,0.19639831413249326,0.0,3.0
ETHUSD,atr_banded,60,5,3a75ea085984,14123,417.0,ok,167.0,0.2837923953834171,588.4583333333334,1.0,52.0,10000.0,-186.2246808791018,9812.734232556199,-1.8622468087910182,5.558473152330885,416.52847454000005,-39.27979366090056,-227.66276836500583,2497.290203146402,-2683.5148840255038,31.216127539330024,-30.844998666959814,98.92357688181016,-54.88880475499987,0.9306041930351626,0.47904191616766467,-0.020785183750005876,-0.14540632346491517,0.10296327942533844,0.03110261678442483,0.05188780053443071,20.790419161676645,340.14006924771724,0.16283872028646615,0.0,4.0
ETHUSD,atr_banded,60,5,88e72402023d,14123,222.0,ok,95.0,0.16143878779296184,588.4583333333334,0.0,26.0,10000.0,-157.4772768108269,9841.826272176964,-1.574772768108269,3.1820363136308387,200.56377881799997,-22.837002007174455,-181.75810296298368,1035.0103911276158,-1192.4876679384429,24.070009095991065,-22.932455152662364,98.672451407,-58.99260068971327,0.8679422177312142,0.45263157894736844,-0.031666215150456326,-0.15616972514499372,0.106347892650335,0.011217926968604252,0.04288414211906058,22.189473684210526,430.0391907636914,0.13462049017406497,0.0,6.0
ETHUSD,atr_banded,60,5,21ada7a3049e,14123,98.0,ok,44.0,0.074771649083056,588.4583333333334,0.0,6.0,10000.0,22.99069698811757,10023.718037924888,0.2299069698811757,1.6040942680400048,89.24898205000001,-21.182679038119055,0.5990228850005224,407.6524156678301,-384.6617186797125,19.412019793706197,-16.72442255129185,78.18278017500005,-51.760141335,1.0597686119300598,0.4772727272727273,0.011725860908795665,-0.1375373304223051,0.1607974903438631,0.05271071499008651,0.040984854081290864,23.522727272727273,445.14152078300515,0.1282008764692815,0.0,8.0
SOLUSD,atr_arm,5,5,5dc5ac0f708a,169475,39795.0,ok,681.0,1.1572680336332792,588.4548611111111,31272.0,1567.0,10000.0,-3996.1118734426636,6003.888126557345,-39.961118734426634,45.01550209221142,2638.3971721752,-4.77009873254372,-4000.881972175198,14524.478582720512,-18520.590456163176,66.32182001242244,-40.087858130223324,94.35482026469408,-56.901894491841,0.7842340997226219,0.32158590308370044,-0.15062918252438104,-0.2553179614245209,-0.04254244721647102,-0.027195496749480026,0.123433685774901,36.76945668135095,121.79228805589256,0.38058544142811407,0.0,2.0
SOLUSD,atr_arm,5,5,ee1169e95975,169475,39763.0,ok,1175.0,1.9967546835816492,588.4548611111111,15789.0,2692.0,10000.0,-3146.857617013453,6853.1423829865735,-31.468576170134526,38.254780956959074,5013.0251173506,15.091899662850352,-3131.7657173505677,31587.362515278182,-34734.22013229164,74.32320591830161,-46.31229350972218,104.43361260523811,-62.02240184399962,0.9094018059127836,0.3617021276595745,-0.061129139072619326,-0.13908778021737953,0.01953049306100008,0.054100365506130024,0.11522950457874936,72.40170212765958,129.7626791600575,0.3563554793323128,0.0,3.0
SOLUSD,atr_arm,5,5,a2bca180ebed,169475,39663.0,ok,1208.0,2.052833751290751,588.4548611111111,6749.0,2810.0,10000.0,-2972.11491505798,7027.8850849420505,-29.7211491505798,38.38330031283168,5370.635665604799,27.95904945318761,-2944.1558656047773,36170.48578091389,-39142.600695971865,80.02319863034047,-51.77592684652363,107.7176697602111,-63.6684079392515,0.9240695594515305,0.3741721854304636,-0.054356216617365206,-0.13141925109293603,0.026237246729591573,0.049592562462706304,0.1039487790800715,102.46937086092716,149.05187008922394,0.32181405369610433,0.0,4.0
SOLUSD,atr_arm,5,5,66744b5d349d,169475,39156.0,ok,919.0,1.561717067414073,588.4548611111111,1186.0,2001.0,10000.0,-24.506739951609234,9975.49326004838,-0.24506739951609233,18.676891665796997,3546.7246189948,45.74042095680247,21.233681005189283,27300.213880430194,-27324.720620381806,70.90964644267582,-51.16988880221312,111.7555412379998,-65.73055328900024,0.9991031293497167,0.41893362350380847,0.004236914130067812,-0.07517112100989602,0.08502373505977864,0.08515781044362168,0.08092089631355387,164.08378672470076,208.68083686793986,0.24955933879767098,0.0,6.0
SOLUSD,atr_arm,5,5,ff671398a60a,169475,37820.0,ok,782.0,1.3289039681368935,588.4548611111111,430.0,1620.0,10000.0,926.7215120023805,10923.44616252237,9.267215120023804,11.18619470287571,2608.0331342812005,61.61555371641386,985.0617162387771,21345.62187983068,-20418.900367828297,59.624642122432064,-48.15778388638749,113.83064636862883,-68.22911788359553,1.0453854759711994,0.4578005115089514,0.02867521815213858,-0.052912582742607815,0.10939151759331442,0.0953371916142571,0.06666197346211851,196.81202046035807,263.07721460194125,0.20481218548609445,0.0,8.0
SOLUSD,atr_adx,5,5,3521dc5aecec,169475,17232.0,ok,485.0,0.8241923587549786,588.4548611111111,13189.0,790.0,10000.0,-2509.28448583253,7490.715514167468,-25.092844858325304,30.51779371177777,2104.741435927,0.3438499055259605,-2508.940635926994,12190.726892325229,-14700.01137815776,75.25140056990882,-45.51087113980731,94.35482026469408,-56.901894491841,0.829300507238995,0.334020618556701,-0.1181183042354595,-0.24178952837594422,0.009500238707577916,0.0034519076182646167,0.12157021185372412,42.99793814432989,122.97085782787019,0.37594577823070785,0.0,2.0
SOLUSD,atr_adx,5,5,03722d94202d,169475,17204.0,ok,908.0,1.5430240448443724,588.4548611111111,6889.0,1466.0,10000.0,-2565.058742326751,7434.941257673232,-25.650587423267513,37.47294320900005,4309.4586719966,18.810370330136504,-2546.2483719966294,27484.997966110117,-30050.05670843687,84.56922451110805,-51.54383654963443,109.20896202720003,-65.7256906999994,0.9146404691606926,0.3579295154185022,-0.05990056768089491,-0.1538018184845158,0.02904930103954108,0.05352668389510518,0.11342725157600009,76.53083700440529,132.97167735181353,0.3517479160287314,0.0,3.0
SOLUSD,atr_adx,5,5,15c96960e886,169475,17137.0,ok,987.0,1.6772739342085854,588.4548611111111,2845.0,1592.0,10000.0,-2117.022236347747,7882.977763652217,-21.17022236347747,25.304722637709233,4070.1917750478,36.96346129994661,-2080.0587750478535,27674.256955656878,-29791.279192004626,73.99533945362802,-48.599150394787316,98.4599091959999,-58.42604062800008,0.9289381895049369,0.3789260385005066,-0.044054759569022196,-0.1299669893348926,0.04022180111849941,0.05815355942199984,0.10220831899102202,109.99898682877406,152.8105015146422,0.3158014712366268,0.0,4.0
SOLUSD,atr_adx,5,5,51983af8c20a,169475,16813.0,ok,797.0,1.3543944534592123,588.4548611111111,609.0,1214.0,10000.0,476.7899540179617,10476.789954017971,4.7678995401796165,11.740927184541057,3123.7517224640005,60.19352351803518,536.9834775360123,23736.16674077692,-23259.376786758963,70.43372920111845,-50.56386257991079,111.42461499399998,-67.93752636642229,1.0204988275648634,0.4228356336260979,0.017201874023085987,-0.06650329527378823,0.10486712826757559,0.09739318471994339,0.08019131069685742,170.5495608531995,209.53443971214574,0.24726875863102923,0.0,6.0
SOLUSD,atr_adx,5,5,e8734162e400,169475,15998.0,ok,687.0,1.167464227762207,588.4548611111111,132.0,931.0,10000.0,655.9207413535482,10652.52359599355,6.559207413535482,11.21370956721533,2216.161938933,71.37921971344684,723.9028157070115,17627.825330302538,-16971.904588948986,56.49944016122608,-45.2584122371973,111.11906875590012,-64.50055106728561,1.0386474445408234,0.45414847161572053,0.020034059245129198,-0.06472111893146609,0.10498122388921942,0.08708465482994138,0.06705059558481218,201.20815138282387,263.2500416855248,0.20581260633063986,0.0,8.0
SOLUSD,atr_banded,5,5,252136b1eac7,169475,10741.0,ok,251.0,0.42654078772680337,588.4548611111111,9351.0,71.0,10000.0,-1053.6791065282468,8946.320893471762,-10.536791065282468,14.94321685285334,1228.7847494638,-7.058342935558001,-1060.7374494637988,7580.5252404863595,-8634.204347014607,89.18264988807482,-52.013279198883176,97.62769280160035,-58.38485140899946,0.8779645391537935,0.3386454183266932,-0.08662931027806113,-0.25750383890077594,0.08644154569701173,0.03215010734454443,0.11877941762260555,36.67330677290837,128.92224885412722,0.3684608128744752,0.0,2.0
SOLUSD,atr_banded,5,5,3434c15f9b27,169475,10740.0,ok,677.0,1.1504705708806608,588.4548611111111,6233.0,148.0,10000.0,-2885.420677293767,7114.579322706237,-28.85420677293767,31.506555617888072,2728.2696868434,-19.93650954962753,-2905.3571868433964,16702.07522071195,-19587.49589800572,71.68272626915001,-44.115981752265135,96.19373172508374,-55.9697263767291,0.852690681222425,0.34416543574593794,-0.0977845828193959,-0.20260231489488925,0.02127182233848106,0.01658028575568775,0.11436486857508363,65.29098966026588,130.8485260810035,0.3526376358119724,0.0,3.0
SOLUSD,atr_banded,5,5,1143ddd7a55f,169475,10726.0,ok,888.0,1.5090367310812804,588.4548611111111,2987.0,171.0,10000.0,-3803.145587679319,6196.854412320663,-38.03145587679319,38.09560769024121,3105.0420419106003,-31.279054231290292,-3834.4246419106266,19541.781274228244,-23344.926861907566,63.24201059620791,-40.319390089650376,92.69052697320015,-56.79636035600054,0.8370889911038873,0.34797297297297297,-0.10743767388838582,-0.20098250837609402,-0.0190322449344175,-0.0023239294546025272,0.1051137444337833,96.29842342342343,145.33135403240613,0.3231525891755283,0.0,4.0
SOLUSD,atr_banded,5,5,cf2d94d18b94,169475,10641.0,ok,841.0,1.4291665437380145,588.4548611111111,686.0,196.0,10000.0,-3745.702462111285,6254.297537888705,-37.45702462111285,38.096195469439124,2485.91036621,-25.02110409871164,-3770.7235662100056,16959.442929030032,-20705.145391141315,55.42301610794128,-38.7012063385819,97.2056314611215,-55.53218132000018,0.8190931581811601,0.3638525564803805,-0.11189053819279586,-0.19676430827494495,-0.02876069979355653,-0.026381396882986224,0.08550914130980963,145.66587395957194,195.1249530772127,0.26146530312401617,0.0,6.0
SOLUSD,atr_banded,5,5,002e1c6a1678,169475,10360.0,ok,723.0,1.2286413925357722,588.4548611111111,211.0,213.0,10000.0,-2890.41244178326,7107.312439341767,-28.9041244178326,32.021783908285926,2060.0436545318,-52.516112748545474,-2945.3041793318016,14508.959922145323,-17399.372363928585,48.85171690958021,-40.843597098423906,96.65436487567908,-55.459125019999405,0.8338783502458108,0.4107883817427386,-0.09438192073872387,-0.17972876671364243,-0.013302865317939987,-0.02293297819722852,0.07144894254149532,182.28492392807746,243.85428607820708,0.21824830695205694,0.0,8.0
SOLUSD,atr_arm,15,5,10d320454352,56491,8752.0,ok,863.0,1.4665698960896427,588.4479166666666,3036.0,1358.0,10000.0,-1651.4793014681163,8348.52069853192,-16.514793014681164,27.771137343219326,4209.1299867372,29.43491473090599,-1469.2416031576067,27781.391634831576,-29432.870936299696,89.3292335525131,-53.320418362861766,107.76048533279987,-63.5709717159993,0.9438899689723661,0.3603707995365006,-0.037318423325021825,-0.1296283236883849,0.05901758272184008,0.07570336954702177,0.11302179287204361,26.46002317497103,133.25021864126123,0.350423481964505,0.11587485515643105,2.0
SOLUSD,atr_arm,15,5,20121ef774fe,56491,8676.0,ok,845.0,1.4359809527181322,588.4479166666666,672.0,1355.0,10000.0,-2087.0506075130775,7912.949392486919,-20.870506075130773,36.76006376405703,2903.8337109766003,41.76359653647226,-2045.2870109766154,20247.295088146242,-22334.34569565932,64.68784373209662,-41.9818528113897,100.75484929102485,-57.52397136000024,0.906554208663534,0.37041420118343193,-0.05416075556959908,-0.13775815570089261,0.03467701857249319,0.03870706527982653,0.09286782084942562,45.157396449704144,174.40556651228667,0.285787137006088,0.0,3.0
SOLUSD,atr_arm,15,5,ef3fa61dd9e9,56491,8506.0,ok,735.0,1.2490485210033457,588.4479166666666,203.0,1108.0,10000.0,495.19923881009004,10491.769993798469,4.9519923881009005,14.826152637400511,2599.9831850938,67.12037609611107,558.7395877062027,20293.370157736113,-19798.170918926022,65.67433708005214,-46.47457962189207,104.76071476319986,-63.19048746593691,1.0250123731549718,0.4204081632653061,0.014830400323055168,-0.07150455288412073,0.10548766728303384,0.09204985793168621,0.07721945760863104,57.46938775510204,221.48097939186343,0.23771964427332978,0.0,4.0
SOLUSD,atr_arm,15,5,747c7dbe7f17,56491,7682.0,ok,584.0,0.9924412738312298,588.4479166666666,16.0,745.0,10000.0,-174.96751115543896,9822.917787754115,-1.7496751115543896,13.872609430370106,1538.291162467,45.8122486884387,-131.36294590694888,12223.548454887969,-12398.515966043407,45.78108035538565,-39.112037747771,102.54749981279983,-57.330958110055825,0.985888027919258,0.4571917808219178,-0.004380515672294865,-0.08602504373593675,0.07797702768515347,0.05294866791160312,0.05732918358389798,74.5222602739726,298.8062221920152,0.17436798610589366,0.0,6.0
SOLUSD,atr_arm,15,5,fb6e4c240971,56491,6100.0,ok,494.0,0.8394965569736773,588.4479166666666,2.0,482.0,10000.0,-459.3798319150892,9539.173343496726,-4.593798319150892,13.65687124240132,1085.2872365272,39.78379538788995,-421.1056870272005,8422.486665183838,-8881.866497098927,36.77941775189449,-33.516477347543116,100.58910506240011,-56.76451139700023,0.9482789082604276,0.46356275303643724,-0.017231245786670665,-0.09445444201684422,0.057698829824005426,0.030464832243715493,0.04769607803038614,81.09919028340082,375.14831830190195,0.14426969669451734,0.0,8.0
SOLUSD,atr_adx,15,5,ee9c7b1f1716,56491,4249.0,ok,604.0,1.0264289886884637,588.4479166666666,1271.0,656.0,10000.0,-1286.9109339449951,8713.089066054958,-12.869109339449953,16.703390288746263,2808.8513121896,11.951721755375432,-1129.432751637658,18714.543882194477,-20001.454816139474,86.24213770596533,-51.683345778138175,99.64442052966805,-58.13551904899975,0.9356591335093001,0.35927152317880795,-0.040585566632754165,-0.14991717908738414,0.07488929551851838,0.06991360723897189,0.11049917387172606,27.730132450331126,138.06868683285927,0.3422154084042956,0.16556291390728478,2.0
SOLUSD,atr_adx,15,5,9929a3276d0d,56491,4185.0,ok,621.0,1.0553185463171126,588.4479166666666,292.0,636.0,10000.0,-1344.8401330613772,8655.159866938617,-13.448401330613772,20.177376881183715,2235.5189328276,48.1712002337727,-1296.6689328275825,15970.132761698458,-17314.972894759838,69.13477386016649,-44.3973663968201,95.00066836947495,-55.19067891999999,0.922330797672321,0.3719806763285024,-0.04473270597040797,-0.15428754210039775,0.05836573937364568,0.045485578821928586,0.09021828479233655,46.67471819645733,180.71794132487628,0.2776623355347084,0.0,3.0
SOLUSD,atr_adx,15,5,c9ede9854551,56491,4067.0,ok,561.0,0.9533554017454108,588.4479166666666,85.0,511.0,10000.0,72.15244330530663,10072.152443305331,0.7215244330530663,12.043637485674155,1916.4517208864,62.11643580828812,134.2688791136079,15353.137982188386,-15280.985538883078,66.46380078869431,-46.306016784494176,105.49802251764439,-65.36946979234853,1.0047217139968958,0.4117647058823529,0.006376417507196185,-0.09343771502622945,0.10568284895963924,0.08044988003099861,0.07407346252380244,59.09982174688057,230.03410871769628,0.22752543717155313,0.0,4.0
SOLUSD,atr_adx,15,5,2a67285d213c,56491,3548.0,ok,437.0,0.7426315696305607,588.4479166666666,3.0,288.0,10000.0,538.6926605217632,10536.735454481854,5.3869266052176314,7.067335803126549,1143.2079332422,38.2539062360359,574.9039174778027,9925.965767408752,-9387.273106886987,48.89638309068351,-40.11655173883328,105.34149825905979,-60.02203623697217,1.0573854253932968,0.4645308924485126,0.027199041912737535,-0.07086317283380252,0.12399629545978025,0.08182870867622741,0.054629666763489876,76.66590389016018,320.2880192012789,0.16636997936729503,0.0,6.0
SOLUSD,atr_adx,15,5,346314b5a31f,56491,2596.0,ok,366.0,0.6219751818873803,588.4479166666666,0.0,163.0,10000.0,89.860211328697,10088.297640773473,0.89860211328697,7.884364243778258,812.4419208554,26.738867815900846,114.96865660457297,6699.9618305284675,-6610.1016191997705,38.067964946184475,-34.79000852210405,104.8765130854391,-57.245784799091915,1.0135943766836637,0.4808743169398907,0.005159203413834965,-0.07967167046092499,0.09541945814120384,0.05075198922735897,0.045592785813523995,82.70765027322405,389.1821696955691,0.13756266933816644,0.0,8.0
SOLUSD,atr_banded,15,5,e9f9d39ae933,56491,2414.0,ok,412.0,0.7001469260590183,588.4479166666666,1066.0,85.0,10000.0,-1993.4995092812514,8006.500490718752,-19.934995092812517,24.528081746047377,1974.8717396456,-12.61753036435582,-2006.1170396456037,12025.420526823676,-14018.920036104928,85.28667040300479,-51.73033223654955,99.76571363359967,-59.87604410999997,0.857799352293393,0.3422330097087379,-0.10289322752224743,-0.23795648623687513,0.03808024953463721,0.012107908169961478,0.11500113569220892,27.432038834951456,131.95920086484966,0.3563107949259777,0.0,2.0
SOLUSD,atr_banded,15,5,affd99fb70bf,56491,2398.0,ok,526.0,0.8938769007452515,588.4479166666666,346.0,95.0,10000.0,-2838.2496946478122,7161.7503053522105,-28.382496946478124,29.53095315014475,1929.6643016962003,-5.27500704839742,-2843.5247016961903,12133.581267270634,-14971.830961918447,65.2343078885518,-44.034796946818965,96.3083345384413,-57.52397136000024,0.8104273484073502,0.35361216730038025,-0.1255971072876546,-0.2346672971062513,-0.008055227797437692,-0.03072736915242405,0.09486973813523056,42.539923954372625,165.7615667792871,0.29236777712843287,0.0,3.0
SOLUSD,atr_banded,15,5,f026637cc133,56491,2362.0,ok,518.0,0.880281814802358,588.4479166666666,101.0,89.0,10000.0,-2103.991333523052,7893.436732718229,-21.039913335230523,22.795065184316822,1743.1995398295999,-15.04010630655083,-2121.716460229606,11825.84143684202,-13929.832770365072,59.1292071842101,-43.804505567185764,98.56543300635532,-57.46161515800978,0.8489578900043098,0.3861003861003861,-0.0887531312223915,-0.19665358080214418,0.01878164071919754,-0.008614049904627306,0.08013908131776422,54.67760617760618,211.12451743871614,0.24671870250694714,0.0,4.0
SOLUSD,atr_banded,15,5,b01eba807079,56491,2190.0,ok,437.0,0.7426315696305607,588.4479166666666,16.0,88.0,10000.0,-2001.2955420329681,7996.989835461238,-20.012955420329682,20.77896633366326,1060.6303813708,-14.53673933783267,-2017.6222949707817,7101.987386148439,-9103.282928181408,37.37888097972863,-36.855396470370074,90.8000665278946,-51.913934389999895,0.7801567239179752,0.43478260869565216,-0.10163695683711887,-0.19430688911048688,-0.005746515063979679,-0.04116195268330355,0.06047500415381535,71.03432494279176,295.1846519240461,0.18368701868740703,0.0,6.0
SOLUSD,atr_banded,15,5,c9c755ecee6b,56491,1816.0,ok,372.0,0.6321714963445505,588.4479166666666,0.0,74.0,10000.0,-1674.7486780264146,8323.845049628952,-16.747486780264147,16.874768559785323,782.1968004572001,-4.57502243078372,-1680.7690022971801,5187.543520307991,-6862.292198334406,31.631362928707258,-32.991789415069256,90.7147843635508,-52.88635701226231,0.7559490867449647,0.44086021505376344,-0.09873677922563846,-0.1870748995047273,-0.010359857997656319,-0.04882831820604127,0.04990846101959718,78.27688172043011,358.75631142661416,0.151088944183637,0.0,8.0
SOLUSD,atr_arm,30,5,e2b1b44db43e,28245,4059.0,ok,684.0,1.1624004248539566,588.4375,462.0,1008.0,10000.0,-1711.2256885527586,8288.774311447241,-17.112256885527586,29.294846647269235,2738.5026913392003,36.90119721356152,-1674.3244913391918,18604.22008548279,-20315.44577403555,72.9577258254227,-47.35535145462832,101.64275951330798,-58.14783665999999,0.9157672586865007,0.37280701754385964,-0.05203479887878722,-0.15193583627703286,0.04780552090000852,0.04711371875644926,0.09914851763523645,20.01169590643275,159.01550216491657,0.3061591057747693,0.0,2.0
SOLUSD,atr_arm,30,5,bbefa887b944,28245,3953.0,ok,597.0,1.014551248008497,588.4375,66.0,847.0,10000.0,-1328.6434436762493,8668.995035518115,-13.286434436762493,20.36559452580093,1887.4271247398,53.69891893645129,-1277.4090474497734,14193.033084946921,-15521.676528623171,58.64889704523521,-43.723032474994845,102.79311608640005,-57.72349582939224,0.9144007774401091,0.4053601340033501,-0.045085900158621725,-0.13896788639009103,0.04972945925772574,0.030424212793295647,0.07551011295191737,29.43886097152429,217.91162635552294,0.2318341246516033,0.0,3.0
SOLUSD,atr_arm,30,5,821430b81962,28245,3702.0,ok,507.0,0.8616038236856081,588.4375,9.0,668.0,10000.0,-498.84020459244516,9501.15979540754,-4.988402045924452,9.848296916143,1382.9236347744,45.58126981804321,-453.2589347744088,10392.218765097623,-10891.058969690064,47.890409055749416,-37.55537575755194,99.34869735853583,-57.785827562679856,0.9541972726453214,0.4280078895463511,-0.01868534701302472,-0.10819718443065386,0.0745181602286878,0.04212724926073469,0.06081259627375941,36.54635108481262,283.53658536585573,0.1856014645558993,0.0,4.0
SOLUSD,atr_arm,30,5,29971310f6ef,28245,2622.0,ok,388.0,0.6593733404142326,588.4375,0.0,378.0,10000.0,-1465.7012016701674,8533.146836961236,-14.657012016701673,16.598258680202555,754.5624395836,33.57526208656328,-1433.3281457835892,5158.9005001419155,-6624.601701812083,29.993607558964626,-30.669452323204087,94.4701484224482,-51.82371189600003,0.7787487810370182,0.44329896907216493,-0.08691560293477352,-0.17259356888477506,-0.002900757045086143,-0.04127436967054689,0.04564123326422663,40.9639175257732,392.91543748872823,0.13725622538046303,0.0,6.0
SOLUSD,atr_arm,30,5,aaa7d53222b0,28245,1460.0,ok,253.0,0.4299522039298991,588.4375,0.0,191.0,10000.0,14.743799582429318,10013.707034350718,0.14743799582429318,7.184035458296237,479.1297329156,17.29986750196699,30.961681504406442,3504.9016333066793,-3490.1578337242495,29.702556214463385,-25.853020990549997,97.98632382576953,-52.31101918415828,1.00422439336123,0.466403162055336,-0.001562772348017093,-0.08808758562520194,0.0938312747027862,0.03893690748295844,0.04049967983097553,44.23320158102767,439.75547462517113,0.12220459711818278,0.0,8.0
SOLUSD,atr_adx,30,5,335e68349cd8,28245,2141.0,ok,452.0,0.7681359532660648,588.4375,188.0,458.0,10000.0,-229.03401250683328,9770.965987493166,-2.290340125068333,15.877548314448983,1970.6051794362002,48.79673307063169,-180.23727943619815,14374.550613388928,-14603.58462589576,81.67358303061891,-52.911538499622324,103.93516241039966,-62.6812560494427,0.9843165894967528,0.3893805309734513,-0.005916933491286419,-0.1296368602248413,0.12360773893088323,0.09054584912009637,0.09646278261138279,20.161504424778762,164.9709631928396,0.29823188245168175,0.0,2.0
SOLUSD,atr_adx,30,5,47228871717c,28245,2052.0,ok,405.0,0.6882634094530006,588.4375,21.0,375.0,10000.0,-79.59417528228835,9920.405824717733,-0.7959417528228836,8.568288804871447,1341.0201296912,45.88714559108403,-33.70702969119702,10892.40605165028,-10972.000226932569,62.600034779599305,-47.49783648022757,102.79311608640005,-58.19531328700012,0.9927457005435607,0.42962962962962964,0.0010489776984761656,-0.11633208920791652,0.11682871496543745,0.07346090659932523,0.07241192890084906,30.25432098765432,231.30429233505865,0.22228534965439325,0.0,3.0
SOLUSD,atr_adx,30,5,9a039c5ddf6a,28245,1878.0,ok,354.0,0.6015932023366968,588.4375,1.0,296.0,10000.0,-381.15137006356326,9618.84862993642,-3.8115137006356328,9.778032148488352,943.7044865600001,44.35318350356182,-336.79818656000316,7443.652464635319,-7824.803834698885,48.65132329827006,-38.92937231193475,100.77164441829599,-57.29465300736018,0.9512893386063737,0.4322033898305085,-0.02100339745813143,-0.13101419001429673,0.0913094260102405,0.0369328542265394,0.05793625168467082,36.590395480225986,295.0079124721837,0.17678937833440359,0.0,4.0
SOLUSD,atr_adx,30,5,718f81b15673,28245,1220.0,ok,259.0,0.4401486988847584,588.4375,0.0,141.0,10000.0,-758.6069262503077,9241.393073749687,-7.586069262503077,10.532668675628653,505.10439640500005,28.13052984530541,-730.4763964050089,3742.5487627462144,-4501.155688996521,32.8293751118089,-31.042453027562217,97.42928598719986,-52.24299257941691,0.831463966442043,0.44015444015444016,-0.06679266755354347,-0.16723390697498566,0.03706691898625005,-0.02328299385540329,0.0435096736981402,41.42084942084942,399.3925710906845,0.13027912905850997,0.0,6.0
SOLUSD,atr_adx,30,5,8a0c589af633,28245,617.0,ok,151.0,0.25661178969729154,588.4375,0.0,46.0,10000.0,-360.2774993966589,9639.722500603346,-3.602774993966589,6.572828474760763,282.7043006178001,19.083798778857535,-341.1937006177941,1848.3575606493152,-2208.6350600459746,27.587426278347987,-26.29327452435684,95.17177984146743,-52.94333661399992,0.8368777595203257,0.44370860927152317,-0.046362143814927564,-0.15913601184536455,0.07322900984331904,-0.006800344650620959,0.03956179916430659,45.06622516556291,434.03075603480085,0.11928338594818946,0.0,8.0
SOLUSD,atr_banded,30,5,aca58ad06d12,28245,1121.0,ok,342.0,0.5812002124269783,588.4375,174.0,69.0,10000.0,74.98901965105443,10074.989019651057,0.7498901965105443,6.605111781919576,1464.3593256926001,-7.386845343657949,210.4068869369985,10414.328833410886,-10339.33981375983,78.30322431136004,-49.470525424688184,98.54496602710047,-59.52465152099978,1.0072527860580864,0.3888888888888889,0.009309923935159274,-0.13533449315963345,0.15537412075405396,0.10856323570600178,0.09925331177084248,20.517543859649123,156.9566001913368,0.3066838906963253,0.29239766081871343,2.0
SOLUSD,atr_banded,30,5,ac961518ae42,28245,1091.0,ok,348.0,0.5913967073818375,588.4375,27.0,77.0,10000.0,-1366.8289986557832,8630.809480538566,-13.668289986557832,13.755011059371563,1109.5814646892,0.9268339665844281,-1368.3666873991915,7753.641798615878,-9120.47079727166,55.781595673495524,-43.638616254888326,94.92285294040023,-55.60097363199941,0.8501361356187158,0.3994252873563218,-0.08491901805722105,-0.20572197890606958,0.04467990106158928,-0.00961522507995562,0.07530379297726542,29.129310344827587,217.53701800440942,0.2309366246084384,0.0,3.0
SOLUSD,atr_banded,30,5,16b34f243168,28245,1030.0,ok,325.0,0.5523101433882103,588.4375,0.0,73.0,10000.0,-1722.4535189574501,8277.546481042544,-17.224535189574503,17.869563074845267,842.9351128556,1.5792061018479924,-1720.8743128555998,5670.223605821075,-7392.677124778525,42.31510153597817,-38.70511583653678,93.86560979639988,-52.69042262734807,0.7670054447279743,0.4123076923076923,-0.1202575399721661,-0.23047495523649886,-0.004847484474430103,-0.0593408962378972,0.06091664373426894,34.36615384615384,283.3610807560026,0.18555956728904352,0.0,4.0
SOLUSD,atr_banded,30,5,e4a594cc843b,28245,783.0,ok,243.0,0.41295804567180033,588.4375,0.0,63.0,10000.0,-962.6479141753704,9035.7740925398,-9.626479141753704,10.238388529517223,486.53557409719997,2.3202400781694608,-961.9495646371979,3318.986622308121,-4281.6345364834915,31.913332906808854,-30.803126161751738,95.95594518827994,-51.41818084714086,0.7751681265711217,0.4279835390946502,-0.08816492084205334,-0.19133506222952062,0.018415643644125148,-0.04278458864295945,0.0453803321990939,40.96707818930041,389.4250744922049,0.13678557121362633,0.0,6.0
SOLUSD,atr_banded,30,5,f779654d2156,28245,448.0,ok,145.0,0.2464152947424323,588.4375,0.0,37.0,10000.0,-509.46876314174006,9489.30390874784,-5.0946876314174006,8.666208201734053,266.8015946322,5.805168509538969,-504.9250650521881,1606.366864063712,-2115.8356272054525,25.909142968769547,-25.49199550849943,97.98632382576953,-50.48470159199992,0.7592115585015291,0.42758620689655175,-0.0817908027151279,-0.19594570405626618,0.0352094487864226,-0.04081023355560214,0.040980569159525755,42.855172413793106,422.40183201993665,0.1228504223304983,0.0,8.0
SOLUSD,atr_arm,60,5,ce9d73014263,14123,1991.0,ok,449.0,0.763010691779367,588.4583333333334,30.0,606.0,10000.0,-81.57341111870619,9918.426588881266,-0.8157341111870618,15.69868653557994,1671.2631723004001,46.802438818310954,-34.770972300409994,13015.826645865918,-13097.400056984625,69.97756261218235,-49.80000021667158,111.47646527599998,-65.68743436200003,0.9937717859450125,0.4142538975501114,0.0008491811317690895,-0.11111117309966569,0.11194684334925652,0.07915385457490917,0.07830467344314011,14.32739420935412,209.92761916545467,0.24147600055550855,0.0,2.0
SOLUSD,atr_arm,60,5,a330e557af25,14123,1803.0,ok,371.0,0.6304609502230404,588.4583333333334,0.0,507.0,10000.0,-77.49414970692848,9919.61069436814,-0.7749414970692848,10.13627556139472,959.1863023798,45.66004732712695,-34.726564139804395,7991.525605192051,-8069.01975489898,48.14172051320513,-39.36107197511698,101.41049785019987,-57.35617968383684,0.990396088736816,0.4474393530997305,-0.0012737287667305849,-0.10882699653341713,0.10898965587994838,0.05511020024407223,0.05638392901080281,18.649595687331537,306.7445686085413,0.17180197952106394,0.0,3.0
SOLUSD,atr_arm,60,5,ff218c1c7aa1,14123,1388.0,ok,297.0,0.504708631310628,588.4583333333334,0.0,320.0,10000.0,479.93065379963946,10477.638655359084,4.799306537996395,5.391471843120052,660.358193042,31.06235315836193,508.7031413980021,5463.79667158677,-4983.866017787131,37.943032441574786,-32.5742876979551,105.31257327714779,-58.46152069024708,1.0962968611288495,0.48484848484848486,0.036701552149764234,-0.06075459142613517,0.13714405971854676,0.08252952157354096,0.04582796942377674,21.195286195286194,384.71816525435923,0.1381777496870489,0.0,4.0
SOLUSD,atr_arm,60,5,1cf9d3bed817,14123,521.0,ok,129.0,0.21921688026623237,588.4583333333334,0.0,90.0,10000.0,680.872478997037,10680.872478997035,6.808724789970371,2.2762639336166184,246.9066620484,13.637058954561972,694.5095379516006,2107.966094139478,-1427.0936151424412,31.93888021423452,-22.652279605435574,102.74667071379002,-55.38771767382485,1.4771042850815905,0.5116279069767442,0.11171289572873003,-0.010790556912458003,0.24000770808505997,0.15072331202490394,0.039010416296173925,23.07751937984496,446.0354153107258,0.1174211023213692,0.0,6.0
SOLUSD,atr_arm,60,5,a6a43d305a6b,14123,178.0,ok,54.0,0.09176520569284145,588.4583333333334,0.0,23.0,10000.0,336.030148723082,10336.030148723074,3.36030148723082,1.9645382275092202,93.32528223000003,5.0673690469173795,341.0975177699911,879.1574744967265,-543.1273257736445,31.398481232025947,-20.88951252975556,101.84396565042306,-53.36780021099997,1.6186949777281634,0.5185185185185185,0.1300811505378598,-0.055360598786789575,0.32586628918779315,0.16627902172670078,0.036197871188841026,22.962962962962962,471.71785201717114,0.10877775322733162,0.0,8.0
SOLUSD,atr_adx,60,5,5a84e74ece84,14123,1029.0,ok,272.0,0.4622247397861644,588.4583333333334,11.0,251.0,10000.0,-120.13286153025877,9879.867138469757,-1.2013286153025877,8.690506552559281,902.0412474856,38.04091404465956,-82.09194748556911,7046.827581904516,-7166.960443434775,62.91810340986175,-44.793502771467345,100.68919884800006,-57.845674022644396,0.9832379622465608,0.4117647058823529,-0.006483082103614528,-0.14850508607230178,0.13717905877306014,0.06793957414789735,0.07442265625151187,14.544117647058824,218.76894596700885,0.22875663385350875,0.0,2.0
SOLUSD,atr_adx,60,5,dffdcf8fee7d,14123,908.0,ok,231.0,0.39255115768604404,588.4583333333334,0.0,190.0,10000.0,665.5945597005392,10665.594559700541,6.655945597005392,6.88730855589787,583.5575653533999,29.70877494606159,695.3033346466109,5391.622560523479,-4726.02800082294,51.3487862906998,-37.50815873669,103.03342867685984,-58.546310755999656,1.1408359323272395,0.45454545454545453,0.06284419447903665,-0.07733688959928896,0.2012065405076579,0.11629639012075718,0.05345219564172056,18.74025974025974,314.89529524575505,0.16212956204797935,0.0,3.0
SOLUSD,atr_adx,60,5,d00957accc49,14123,665.0,ok,177.0,0.30078595199320257,588.4583333333334,0.0,109.0,10000.0,728.827141905487,10728.827141905487,7.288271419054871,5.401417838812401,371.017554028,21.36630406651247,750.1934459719978,3456.9447589034517,-2728.1176169979644,40.19703208027269,-29.979314472505102,102.43577527602307,-55.46996493159702,1.267153856330979,0.4858757062146893,0.08733735292714827,-0.03849168028081204,0.21424317842155366,0.13077068171915576,0.043433328792007515,21.468926553672315,395.41630038930117,0.13062056102402636,0.0,4.0
SOLUSD,atr_adx,60,5,809d32ebda31,14123,212.0,ok,68.0,0.1155561849465411,588.4583333333334,0.0,21.0,10000.0,485.7084968145812,10485.708496814581,4.857084968145813,1.215945078447928,124.07591100639998,11.457492179017992,497.1659889936018,1063.3342251776432,-577.625728363062,31.274536034636565,-16.98899201067829,94.65452963051389,-53.006618984164376,1.8408706069776952,0.5,0.15041751985735316,3.84959064249369e-05,0.3058858871634115,0.18829395664136112,0.037876436784008,23.33823529411765,443.2985099970589,0.11347317518494943,0.0,6.0
SOLUSD,atr_adx,60,5,f986f31d654d,14123,58.0,ok,23.0,0.03908518020250655,588.4583333333334,0.0,4.0,10000.0,135.1219188459757,10135.121918845965,1.351219188459757,0.5631035179905702,38.871464051,4.13631710302354,139.25823594899703,318.16405548161947,-183.04213663564377,26.513671290134955,-16.64019423960398,90.6338105555098,-45.76662286850424,1.738201166843588,0.5217391304347826,0.12178796739156794,-0.12317144005315542,0.38563680412968215,0.15821443732291837,0.036426469931350416,23.17391304347826,463.7191500593917,0.10887897808197575,0.0,8.0
SOLUSD,atr_banded,60,5,cf8f31c6adcd,14123,480.0,ok,191.0,0.3245769312469022,588.4583333333334,10.0,50.0,10000.0,-239.64754885307661,9760.352451146919,-2.396475488530766,6.3984767587688545,678.3376951893999,-1.1053463363205196,-240.75289518940008,4732.1507372749875,-4971.798286128063,53.17023300308975,-48.743120452235914,97.99095340321816,-57.86574077134358,0.9517986179122104,0.46596858638743455,-0.023978804274778314,-0.1908453691769608,0.1479518899922587,0.05446223774320072,0.07844104201797902,14.738219895287958,209.28526249209304,0.24161247676851147,0.0,2.0
SOLUSD,atr_banded,60,5,288ca0e57714,14123,443.0,ok,179.0,0.30418466331515964,588.4583333333334,0.0,41.0,10000.0,-71.9700216850226,9928.029978314973,-0.719700216850226,6.046540009017367,467.8570226194,10.776399065624398,-61.19362261939568,3636.9600278530106,-3708.930049538035,39.532174215793596,-42.63137987974753,98.87546599726001,-59.56218659475365,0.9805954761282196,0.5139664804469274,-0.005335149179383958,-0.1491143693671514,0.1532461757105893,0.05208949939499893,0.057424648574382904,18.35195530726257,295.04939122444205,0.17495171029636403,0.0,3.0
SOLUSD,atr_banded,60,5,3a75ea085984,14123,346.0,ok,145.0,0.2464065708418891,588.4583333333334,0.0,30.0,10000.0,158.3699185275488,10158.369918527555,1.5836991852754878,4.208459068946652,320.03155324280004,5.85192822965146,164.22184675719654,2687.8415216089656,-2529.4716030814166,36.32218272444548,-35.626360606780516,98.96374362994506,-56.766120658336,1.0626098819748053,0.5103448275862069,0.026988852170031857,-0.11367784631825996,0.17147699551341206,0.07355774776140038,0.0465688955913685,20.013793103448275,371.7285729856714,0.14063606881222626,0.0,4.0
SOLUSD,atr_banded,60,5,88e72402023d,14123,133.0,ok,62.0,0.10536005098066982,588.4583333333334,0.0,12.0,10000.0,-51.405407178734634,9948.594592821259,-0.5140540717873464,2.9756226254262343,114.427262294,6.47064488473458,-44.934762293998574,773.0169724505538,-824.4223796292883,25.76723241501846,-25.76319936341526,93.72654502079345,-53.33632072294245,0.9376467591747696,0.4838709677419355,-0.020576400177603937,-0.19142786913861612,0.15352200538183283,0.018588759935795066,0.03916516011339903,21.693548387096776,456.00824757254463,0.11818624718691068,0.0,6.0
SOLUSD,atr_banded,60,5,21ada7a3049e,14123,51.0,ok,24.0,0.04078453586348509,588.4583333333334,0.0,1.0,10000.0,98.28334565484217,10098.283345654832,0.9828334565484216,1.4493113743235864,43.7136275518,2.18632679335763,100.46967244818916,318.81425140394873,-220.5309057491065,24.524173184919132,-20.04826415900968,94.00981444654437,-49.93582093370091,1.4456669931182218,0.5416666666666666,0.08603161449482344,-0.17747451431913777,0.3474709927932025,0.12390496939177427,0.03787335489695086,23.375,449.3911645695201,0.11524136675680109,0.0,8.0
XRPUSD,atr_arm,5,5,5dc5ac0f708a,169475,39486.0,ok,627.0,1.065502286472931,588.4548611111111,31037.0,1404.0,10000.0,-4103.074622879123,5896.925377120883,-41.03074622879123,43.10945546861629,2542.7950293466,-7.281006467486058,-4110.355629346594,14257.149123869433,-18360.223746748554,71.64396544658007,-42.897719034459236,97.1518115820001,-58.31220659200043,0.7765237134647804,0.31738437001594894,-0.16352876614003053,-0.2726941711323602,-0.053586597294834275,-0.04347195844722685,0.12005680769280369,33.99202551834131,123.90697674418479,0.3801151833459549,0.0,2.0
XRPUSD,atr_arm,5,5,ee1169e95975,169475,39434.0,ok,994.0,1.6891694940256676,588.4548611111111,18459.0,2245.0,10000.0,-2253.721375304456,7746.278624695547,-22.53721375304456,31.545321307382313,4133.7022211434005,40.43555416105983,-2213.2858211433804,26922.16305589526,-29175.884431199716,75.20157278183034,-45.87403212452786,97.48596456300058,-57.48912664000012,0.9227539655012342,0.36016096579476864,-0.046379982034801245,-0.1353676562157827,0.0422936299259092,0.0668154622127687,0.11319544424756993,71.96177062374245,131.12720379024438,0.3581732404494861,0.0,3.0
XRPUSD,atr_arm,5,5,a2bca180ebed,169475,39344.0,ok,1036.0,1.7605428529281606,588.4548611111111,9369.0,2349.0,10000.0,-3257.603712208737,6742.396287791246,-32.57603712208737,34.36730544692888,4249.062269238,91.34694297072836,-3166.2567692380408,27853.50359459232,-31111.10730680106,74.07846700689447,-47.138041373941,98.60147032240015,-58.414698964000735,0.8952912964465071,0.36293436293436293,-0.07148532989833546,-0.15378883524195636,0.016240066526891073,0.03246984974697945,0.10395517964531491,107.82142857142857,147.06621366761723,0.32898886229905716,0.0,4.0
XRPUSD,atr_arm,5,5,66744b5d349d,169475,38816.0,ok,890.0,1.5124354624575898,588.4548611111111,2340.0,1921.0,10000.0,-1605.9318660713925,8389.80066843812,-16.059318660713924,25.56691496837715,3393.0153756522004,58.03009041919279,-1549.5987786021997,23191.579948603103,-24797.5118146745,65.88517030853154,-46.092029395305765,108.00153742092674,-62.62975260998969,0.9352381852633678,0.3955056179775281,-0.03550419147783475,-0.11663889490104541,0.04644802565329706,0.05154677314594543,0.08705096462378017,162.36516853932585,189.4955450645951,0.27544455360902015,0.0,6.0
XRPUSD,atr_arm,5,5,ff671398a60a,169475,37552.0,ok,786.0,1.3357014308895119,588.4548611111111,614.0,1575.0,10000.0,-141.67912868751975,9850.568142000795,-1.4167912868751975,14.323380878461844,2884.8522647538002,29.570063933715005,-115.21565285381985,20421.35377634731,-20563.03290503483,59.88666796582789,-46.20906270794344,112.916461094321,-68.15959345172631,0.993110008171371,0.43384223918575066,-0.0003878828085421984,-0.07888722223907652,0.07951463389008814,0.07442687315600528,0.07481475596454748,193.6259541984733,235.28777825142367,0.23668791714512324,0.0,8.0
XRPUSD,atr_adx,5,5,3521dc5aecec,169475,16278.0,ok,455.0,0.7732113881103407,588.4548611111111,12593.0,733.0,10000.0,-2564.7966784548157,7435.203321545195,-25.64796678454816,33.93145418614978,1978.8456648784002,-12.644386423588678,-2577.4410648784087,11666.722773755742,-14231.519452210558,77.77815182503828,-46.66071951544445,101.39092121338051,-58.84201806599988,0.8197805450733913,0.32967032967032966,-0.1252850208527772,-0.25247637034311055,-0.0021026636339580825,-0.006765405912128795,0.11851961494064843,36.002197802197806,124.84299470939726,0.3751775324956245,0.0,2.0
XRPUSD,atr_adx,5,5,03722d94202d,169475,16238.0,ok,802.0,1.3628912818999852,588.4548611111111,7609.0,1206.0,10000.0,-1948.3150730447185,8051.684926955323,-19.483150730447186,25.60317624403392,3338.2164785624,22.796494482324785,-1925.5185785623726,21946.92974983468,-23895.244822879395,76.20461718692597,-46.488803157352905,98.98824263899998,-58.139016935999734,0.9184643184245918,0.35910224438902744,-0.049101749569949435,-0.1437947822387099,0.045991178100791716,0.062379684659967384,0.11148143422991681,70.38029925187033,132.99991136168984,0.35273747591174753,0.0,3.0
XRPUSD,atr_adx,5,5,15c96960e886,169475,16158.0,ok,863.0,1.4665525888774156,588.4548611111111,3989.0,1336.0,10000.0,-1567.0228319696175,8432.97716803033,-15.670228319696175,25.51962614708273,3649.8975719104,63.77856005920586,-1503.2442719104547,25090.94889993665,-26657.971731906266,77.44120030844645,-49.45820358424168,105.2315516626001,-60.35869800000035,0.9412174771685993,0.37543453070683663,-0.034870774321250006,-0.12482240969784754,0.05345433529648226,0.06723416791117455,0.10210494223242456,108.93974507531865,149.38277534943995,0.3230511959945943,0.0,4.0
XRPUSD,atr_adx,5,5,51983af8c20a,169475,15769.0,ok,785.0,1.3340020652013571,588.4548611111111,1021.0,1114.0,10000.0,-551.4306218619965,9441.741603694485,-5.514306218619965,15.431480215058677,3185.6585249092004,110.06239695279493,-444.0953271872095,22576.488193369245,-23127.91881523124,71.44458289040901,-49.31325973396853,109.82607847319247,-68.31861600798112,0.9761573608819984,0.40254777070063696,-0.010538177098531233,-0.09433123980578521,0.07330424397432547,0.07552401178177735,0.08606218888030855,161.72866242038216,192.2220572955324,0.2722934237124387,0.0,6.0
XRPUSD,atr_adx,5,5,e8734162e400,169475,15005.0,ok,679.0,1.1538693022569702,588.4548611111111,279.0,837.0,10000.0,1345.1597156055789,11336.237028961454,13.451597156055788,13.110668632103497,2785.3668930066,86.995491387824,1428.5798065074541,20998.870582908676,-19653.710867303096,68.62376007486495,-52.690913853359504,125.9513237797572,-76.9382638407422,1.0684430398252909,0.45066273932253315,0.04052579551764895,-0.048999603170943234,0.12391399427097999,0.114545281316151,0.07401948579850202,196.09867452135492,235.64504101416742,0.23411229572489356,0.0,8.0
XRPUSD,atr_banded,5,5,252136b1eac7,169475,10857.0,ok,259.0,0.44013571323204015,588.4548611111111,9094.0,75.0,10000.0,-2260.7176090273324,7739.2823909726685,-22.607176090273324,25.088297764041773,1188.7790977538002,-18.06018872646232,-2278.77779775379,6554.61711387624,-8815.334722903575,82.96983688450936,-48.97408179390875,97.51953006959988,-57.43080328984078,0.7435471618390567,0.305019305019305,-0.19299484767199052,-0.36600799050432936,-0.02082311831836477,-0.07526811166812007,0.11772673600387047,36.20849420849421,127.67555388659389,0.3728206017915408,0.0,2.0
XRPUSD,atr_banded,5,5,3434c15f9b27,169475,10848.0,ok,550.0,0.9346511284850273,588.4548611111111,6321.0,105.0,10000.0,-3137.0727588760756,6862.927241123932,-31.370727588760754,32.35610141163175,2238.0485236662,-58.51066479012131,-3195.5834236661995,13390.751670379017,-16527.82442925509,74.39306483543898,-44.66979575474349,97.59864300039975,-56.97410073561589,0.8101944528571289,0.32727272727272727,-0.13215518498380735,-0.24660182480287487,-0.018458416299846386,-0.020303073566084174,0.11185211141772317,78.48363636363636,135.15209348702294,0.35407982378508135,0.0,3.0
XRPUSD,atr_banded,5,5,1143ddd7a55f,169475,10833.0,ok,704.0,1.196353444460835,588.4548611111111,3736.0,142.0,10000.0,-1991.3111788359133,8008.688821164099,-19.913111788359135,25.739802229991817,2858.9551195196,-72.67854068368385,-2063.9897195195917,19334.175754839547,-21325.486933675464,75.82029707780215,-47.49551655607007,101.5355493324,-58.271663995999425,0.9066229444125189,0.3622159090909091,-0.05841028664564511,-0.1611833409592325,0.047388317736405165,0.04386569873400146,0.10227598537964656,109.89772727272727,151.50703413031914,0.3236403116126334,0.0,4.0
XRPUSD,atr_banded,5,5,cf2d94d18b94,169475,10727.0,ok,742.0,1.2609293406107096,588.4548611111111,1014.0,185.0,10000.0,-2518.097211297878,7481.902788702115,-25.18097211297878,26.06731857755351,2641.5180505818003,-60.86483928392518,-2578.9620505817966,16859.47409965716,-19377.571310955034,57.345149998833875,-43.25350739052463,98.65723407134236,-57.06144190599982,0.870050938227007,0.39622641509433965,-0.07443748816064255,-0.16286310504459164,0.014804338181463447,0.014936807095240317,0.08937429525588285,158.63746630727763,178.01619110115047,0.2828357119910195,0.0,6.0
XRPUSD,atr_banded,5,5,002e1c6a1678,169475,10435.0,ok,709.0,1.204850272901608,588.4548611111111,310.0,209.0,10000.0,-4177.96145820418,5822.634144404323,-41.7796145820418,41.79130182466187,1950.5154524916,-26.295794287417984,-4205.425976753628,11225.192474130747,-15403.153932334926,39.80564707138563,-36.072960028887415,95.6263151969842,-56.02616956199954,0.7287593517173367,0.39774330042313116,-0.14966335343669707,-0.23001226841089073,-0.07020775470269103,-0.07188016802153585,0.07778318541516119,182.69675599435826,218.68083222665044,0.2462349828153476,0.0,8.0
XRPUSD,atr_arm,15,5,10d320454352,56491,8520.0,ok,673.0,1.1436866049459207,588.4479166666666,3660.0,1018.0,10000.0,-2782.902403881587,7217.097596118391,-27.82902403881587,32.144711824775726,2866.4564172108,24.96878667079075,-2757.933617210806,17825.793476092258,-20608.695879973842,74.89829191635403,-47.37631236775596,100.2520740740001,-57.504973596000696,0.8649646527810708,0.3536404160475483,-0.0921196901470312,-0.19818154909562746,0.008629246029109958,0.01958750093919009,0.11170719108622126,27.182763744427934,134.76473275468285,0.35352529468895294,0.0,2.0
XRPUSD,atr_arm,15,5,20121ef774fe,56491,8455.0,ok,751.0,1.276238692889133,588.4479166666666,1101.0,1116.0,10000.0,-1004.746007277554,8995.253992722426,-10.04746007277554,18.67985851227216,3131.4596916564,84.72951562115367,-920.016491656399,21303.247297796435,-22307.993305073993,73.20703538761661,-48.49563761972607,102.91111852719983,-60.270928768000616,0.9549602694631871,0.38748335552596536,-0.0239058289997567,-0.11956978224772012,0.074655350898401,0.07270465597944593,0.09661048497920263,47.26897470039947,164.3389199255116,0.30565777472321226,0.0,3.0
XRPUSD,atr_arm,15,5,ef3fa61dd9e9,56491,8288.0,ok,698.0,1.1861712485174631,588.4479166666666,375.0,973.0,10000.0,-353.9163749395866,9646.083625060426,-3.539163749395866,19.943323296868627,2976.2492020192003,107.694072920387,-246.22230201919047,20387.917183834907,-20741.833558774488,69.58333509841265,-51.214403848825896,115.33936876499993,-69.98061617164846,0.9829370738157398,0.4197707736389685,-0.006666046486815245,-0.0925229938945989,0.08155871023126152,0.07823179101416895,0.08489783750098417,58.598853868194844,197.4189345685565,0.268612940078551,0.0,4.0
XRPUSD,atr_arm,15,5,747c7dbe7f17,56491,7592.0,ok,591.0,1.0043369740312618,588.4479166666666,56.0,693.0,10000.0,-612.955742936026,9382.793061229459,-6.1295574293602595,15.85021196489929,1832.9889736842001,25.458869251829114,-590.1167133961717,12500.27791893473,-13113.233661870756,47.710984423415,-39.857853075595,109.08909490024482,-65.55320691753742,0.9532567054975682,0.4433164128595601,-0.018793326920538228,-0.10177335679221533,0.05979991495959795,0.04599305663130162,0.06478638355183987,72.55499153976311,267.2461623820966,0.20495902001480437,0.0,6.0
XRPUSD,atr_arm,15,5,fb6e4c240971,56491,6477.0,ok,503.0,0.8547910286594326,588.4479166666666,4.0,545.0,10000.0,-532.1327765250215,9465.465891154718,-5.321327765250215,12.187220157359008,1309.4081909134,56.13188561162415,-476.9575322494111,8794.63485428282,-9326.767630807839,39.79472784743358,-33.073644080878864,103.19344241289333,-59.57619614909706,0.9429456380185459,0.4393638170974155,-0.01973909858021528,-0.09838328797744254,0.059172362852092125,0.03444019913402083,0.05417929771423611,80.68986083499006,334.5752063700786,0.17137137813973768,0.0,8.0
XRPUSD,atr_adx,15,5,ee9c7b1f1716,56491,3807.0,ok,456.0,0.7749198987449328,588.4479166666666,1531.0,466.0,10000.0,-2287.1981305197087,7712.801869480293,-22.871981305197085,26.31995423305818,1890.1723669214002,3.8571635982995596,-2283.3409669214143,11744.005827435456,-14031.203957955164,74.32915080655351,-47.084577040118,100.00196535132221,-58.622515403681234,0.8369920259606124,0.34649122807017546,-0.10917588258571838,-0.2395483842939543,0.018765057000275313,-6.4737060528994e-05,0.1091111455251894,27.32894736842105,138.96769919596875,0.3453059576101464,0.0,2.0
XRPUSD,atr_adx,15,5,9929a3276d0d,56491,3746.0,ok,534.0,0.9074719866881451,588.4479166666666,475.0,477.0,10000.0,1053.9058161258254,11053.905816125833,10.539058161258254,10.45993039310771,2415.4630876716,83.35989620256626,1137.265712328417,17868.94956574477,-16815.043749618944,82.34538970389295,-53.04430204927112,111.28029306423915,-69.76402019574766,1.0626763647968331,0.40636704119850187,0.04195551344841156,-0.0667290087551921,0.16257588819949428,0.1369389287950664,0.09498341534665482,47.147940074906366,167.6088503431822,0.30041739703884,0.0,3.0
XRPUSD,atr_adx,15,5,c9ede9854551,56491,3618.0,ok,510.0,0.8666867288594644,588.4479166666666,138.0,404.0,10000.0,1202.129704398964,11202.12970439895,12.02129704398964,8.783843685874428,2141.1693545696,124.015841031421,1326.145545430385,16279.555739069443,-15077.42603467048,73.33133215797046,-52.35217373149472,115.6136252061266,-69.50318884485681,1.0797304328759214,0.43529411764705883,0.04831837453931193,-0.05722330023271457,0.15066751926972247,0.12995515867313334,0.08163678413382137,58.41960784313726,206.4890336240598,0.25820993401099523,0.0,4.0
XRPUSD,atr_adx,15,5,2a67285d213c,56491,3212.0,ok,414.0,0.7035456975447417,588.4479166666666,15.0,256.0,10000.0,2468.059590435653,12462.411910926128,24.68059590435653,8.639707683014617,1428.1145055756,83.17190398874365,2547.7510584163865,11730.646424505558,-9262.586834069902,60.157161151310554,-42.2949170505475,132.6891505420874,-79.04115224574365,1.2664546777966574,0.47101449275362317,0.10938208623629904,0.010947211459808493,0.21052970570476795,0.17098176910508334,0.061599682868784304,75.80193236714976,281.04710396569203,0.19475396938008332,0.0,6.0
XRPUSD,atr_adx,15,5,346314b5a31f,56491,2624.0,ok,338.0,0.5743923810872529,588.4479166666666,2.0,153.0,10000.0,2829.701609954792,12825.336120536313,28.297016099547918,4.578840196595715,950.580787297,84.24170274820577,2911.2530384870097,8224.052236875765,-5394.350626920972,46.20254065660542,-33.71469141825607,128.6333528318057,-72.66346322393667,1.5245676089041975,0.5266272189349113,0.14957296496784608,0.055163646062448966,0.24159242391193836,0.20078039301683126,0.05120742804898516,84.90828402366864,348.3503280865341,0.16182641729593558,0.0,8.0
XRPUSD,atr_banded,15,5,e9f9d39ae933,56491,2296.0,ok,296.0,0.5030181798870617,588.4479166666666,1119.0,68.0,10000.0,-894.6491464170681,9105.350853582946,-8.94649146417068,12.009824111166726,1338.5031900492,-10.049943632122066,-904.6990900491764,8675.974537034763,-9570.623683451828,80.3330975651367,-50.90757278431823,96.6086318746003,-56.38286924199986,0.906521332777511,0.36486486486486486,-0.058468920674970316,-0.21488409359795732,0.10358626337174667,0.050773757353847086,0.10924267802881744,31.97972972972973,138.4499990546861,0.3457372144847414,0.0,2.0
XRPUSD,atr_banded,15,5,affd99fb70bf,56491,2273.0,ok,435.0,0.7392327981448373,588.4479166666666,438.0,78.0,10000.0,-1095.1782048113541,8898.792406524833,-10.951782048113541,14.170759154141638,1792.5265304614,0.03587434996052252,-1097.5443147173937,11452.792498098985,-12547.970702910337,65.82064654079876,-48.076516103104744,96.68378300437433,-58.750414022474004,0.9127206915969814,0.4,-0.049215634157304344,-0.16676041159668428,0.07399768362900615,0.0469993893372185,0.09621502349452284,46.811494252873565,161.2440648800236,0.3044978164839249,0.0,3.0
XRPUSD,atr_banded,15,5,f026637cc133,56491,2229.0,ok,468.0,0.7953125276592732,588.4479166666666,172.0,86.0,10000.0,-2926.735369313306,7069.68468116758,-29.267353693133057,30.253424435980204,1503.1041555450001,-41.12938623169476,-2969.2909336969915,8334.56509759961,-11261.300466912919,46.56181618770732,-38.96643760177481,92.53732827339978,-55.910618154999874,0.7401068040132296,0.38247863247863245,-0.1447494282604222,-0.24392749663333432,-0.040287561898533795,-0.06006955749726578,0.08467987076315643,55.967948717948715,192.94094413561658,0.26806734252508524,0.0,4.0
XRPUSD,atr_banded,15,5,b01eba807079,56491,2066.0,ok,430.0,0.7307358694305288,588.4479166666666,21.0,85.0,10000.0,-2229.9100040628864,7767.460156200769,-22.299100040628865,24.00759509096833,1150.1746524654,-39.73144840251417,-2270.6891264493806,6601.06889744549,-8830.978901508377,36.07141474013929,-35.75295101825254,97.94533716298402,-53.99100488099982,0.7474900541680598,0.4255813953488372,-0.11496307507443165,-0.20804434260290489,-0.017871681189686305,-0.04936423387862146,0.06559884119581018,69.5046511627907,262.730041824271,0.2075987738876266,0.0,6.0
XRPUSD,atr_banded,15,5,c9c755ecee6b,56491,1787.0,ok,366.0,0.6219751818873803,588.4479166666666,1.0,85.0,10000.0,-1268.1417603244704,8729.643321300042,-12.681417603244704,13.070329941075743,902.2725482124001,-62.00098788792844,-1331.0251260724035,5322.45437756576,-6590.596137890232,32.653094340894235,-32.46599082704548,95.40945714839303,-52.99068826600008,0.8075831482020643,0.4453551912568306,-0.07225839994318395,-0.16144447063197523,0.021443752569900415,-0.01682020731384739,0.055438192629336566,79.00546448087432,325.5573995331794,0.1753936412117394,0.0,8.0
XRPUSD,atr_arm,30,5,e2b1b44db43e,28245,3910.0,ok,579.0,0.9839617631439193,588.4375,689.0,736.0,10000.0,962.7373150394717,10962.737315039469,9.627373150394716,12.581774556067762,2747.3135178898,116.57156707072903,1079.3088821102065,19880.43249573191,-18917.695180692444,87.19487936724522,-53.89656746636024,110.56585190682381,-66.57221106597977,1.050890835582447,0.39378238341968913,0.03641486544302567,-0.07046127774434327,0.1486767411976638,0.13741202681652975,0.10099716137350409,21.563039723661486,153.37550126090244,0.319428267747027,0.0,2.0
XRPUSD,atr_arm,30,5,bbefa887b944,28245,3797.0,ok,546.0,0.9278810408921933,588.4375,122.0,671.0,10000.0,25.427787757815054,10021.834685425833,0.2542778775781505,10.212631726032129,1971.7221614776,95.01985076458926,116.85453619043074,13922.308302959333,-13896.880515201517,62.713100463780776,-42.89160652839975,99.81445607749116,-58.915852950610734,1.001829747886945,0.4065934065934066,0.004522410488837801,-0.09248679024831157,0.10388616236746877,0.08667933116456585,0.08215692067572805,30.835164835164836,201.40947593898483,0.25984816481012796,0.0,3.0
XRPUSD,atr_arm,30,5,821430b81962,28245,3597.0,ok,491.0,0.8344131704726501,588.4375,22.0,595.0,10000.0,961.5612630758369,10958.60238056485,9.615612630758369,6.052855072551979,1581.0092439024,91.26129302177165,1049.8636735865894,11775.389516009116,-10813.82825293328,54.51569220374591,-39.32301182884829,109.02776506220933,-70.9271126947284,1.0889195981834658,0.439918533604888,0.040346752009663374,-0.05096133106620298,0.13971499247765737,0.10863093200687826,0.06828417999721488,36.42362525458248,252.99432653918902,0.21592349330079524,0.0,4.0
XRPUSD,atr_arm,30,5,29971310f6ef,28245,2830.0,ok,396.0,0.6729686670207117,588.4375,1.0,393.0,10000.0,129.12288706605602,10130.857969874734,1.2912288706605604,7.986650462637584,998.1727796606001,56.56173327334858,184.46400737637487,7319.522529206323,-7190.399642140268,41.12091308542878,-32.9834845969737,107.10759790308899,-62.73044089565308,1.017957678778981,0.4494949494949495,0.008435336046289876,-0.07818537201691488,0.09530539377443498,0.058681629826765655,0.05024629378047577,42.11616161616162,353.47914348599295,0.15892373699849086,0.0,6.0
XRPUSD,atr_arm,30,5,aaa7d53222b0,28245,1945.0,ok,293.0,0.49792883696229423,588.4375,0.0,250.0,10000.0,-78.00717466590203,9923.269837343352,-0.7800717466590202,7.624542787827006,627.9154645004,30.41551016550493,-48.490029353393766,4211.467019107142,-4289.474193773044,31.665165557196556,-26.809213711081526,102.8079071656,-57.991761088900006,0.9818142804590959,0.4539249146757679,-0.004005340468024692,-0.0894069493906276,0.08131020825194109,0.039041175344761384,0.04304651581278609,44.05460750853242,409.9493321050227,0.13614145420119025,0.0,8.0
XRPUSD,atr_adx,30,5,335e68349cd8,28245,1776.0,ok,352.0,0.598194370685077,588.4375,260.0,309.0,10000.0,450.552265785321,10450.552265785313,4.50552265785321,7.476283180458547,1552.1416400490002,63.92929416568185,514.4815599509893,11530.488768078674,-11079.936502293356,84.16415159181514,-51.53458838275979,105.27532647013756,-65.61132790823727,1.0406637949316824,0.38920454545454547,0.02966663167811966,-0.11348120373336308,0.178718497363812,0.12614336030553347,0.09647672862741379,22.15625,163.11620693008516,0.3051482956319603,0.0,2.0
XRPUSD,atr_adx,30,5,47228871717c,28245,1685.0,ok,344.0,0.584599044078598,588.4375,37.0,240.0,10000.0,1739.5011547710733,11735.294082293083,17.395011547710734,7.798890087685793,1406.224877391,70.70606783793544,1806.0001501309907,11403.789674463207,-9664.288519692134,75.52178592359739,-50.07403378078826,125.22383492407285,-74.54070196536358,1.1799926762561603,0.438953488372093,0.09702709924822002,-0.03813139006126026,0.23087439837040769,0.17456407552690104,0.077536976278681,30.73546511627907,215.49380357841923,0.2451509226179029,0.0,3.0
XRPUSD,atr_adx,30,5,9a039c5ddf6a,28245,1560.0,ok,298.0,0.5064259160913436,588.4375,4.0,192.0,10000.0,2504.1351941948697,12500.759168378881,25.041351941948697,4.724139366606563,1041.9807739672,63.07353183793403,2563.83270021681,9106.85431448854,-6602.719120293672,63.24204385061486,-42.87479948242644,128.50774564647438,-76.78117574775744,1.3792581735755391,0.48322147651006714,0.1529819566174827,0.026906618918387293,0.2776721021953367,0.21595945243015144,0.06297749581266873,37.869127516778526,266.08325060908595,0.19905591670741024,0.0,4.0
XRPUSD,atr_adx,30,5,718f81b15673,28245,1143.0,ok,229.0,0.38916622411046203,588.4375,0.0,114.0,10000.0,2428.6554125990997,12426.419038492084,24.286554125990996,4.194763026602773,619.5043764228001,58.119710978099384,2484.5387494701827,5715.882728254039,-3287.2273156549386,46.0958284536616,-31.30692681576132,126.73560921147367,-72.34307982188653,1.7388157798011061,0.5414847161572053,0.19201955021213502,0.08396235881012586,0.3022793508882203,0.24009440272987084,0.0480748525177358,43.8471615720524,368.54691236460985,0.1519068006207128,0.0,6.0
XRPUSD,atr_adx,30,5,8a0c589af633,28245,725.0,ok,158.0,0.2685077004779607,588.4375,0.0,57.0,10000.0,1133.7207176608517,11132.218191775864,11.337207176608517,3.032623272100245,347.44536369139996,22.933718647747504,1155.1519104235977,3080.1534261257057,-1946.4327084648542,39.4891464887911,-24.330408855810678,109.99640338751371,-62.16961663401746,1.5824607820914671,0.4936708860759494,0.13757209963129508,0.022007625503606906,0.2568486314722123,0.17909446256573908,0.04152236293444402,44.962025316455694,408.47845847421956,0.13121885593168092,0.0,8.0
XRPUSD,atr_banded,30,5,aca58ad06d12,28245,1054.0,ok,272.0,0.4622411046202868,588.4375,215.0,52.0,10000.0,-1131.3904571850123,8868.609542814987,-11.313904571850124,18.54089511632606,1103.0079979568,7.639659228211612,-1123.7507979567872,6807.000384831279,-7938.3908420162925,70.17526169929154,-45.362233382950244,97.88996413062134,-57.113632680819094,0.8574786150365898,0.35661764705882354,-0.08414469796208489,-0.22880472301260166,0.07788684718459896,0.014556002622512084,0.09870070058459696,23.279411764705884,162.55008118175846,0.3123712665060135,0.0,2.0
XRPUSD,atr_banded,30,5,ac961518ae42,28245,1025.0,ok,297.0,0.5047265002655337,588.4375,49.0,63.0,10000.0,-1111.5184472630012,8888.481552736961,-11.11518447263001,16.711735820705773,1046.905232543,-12.287585279988626,-1123.8060325430015,6273.852322856858,-7385.370770119859,51.0069294541208,-42.44465959839,99.05813851467411,-56.22643190339622,0.8494972721261276,0.41414141414141414,-0.07623759886885245,-0.20434875182070456,0.050205180043329335,0.005156823280209563,0.08139442214906203,31.303030303030305,201.93488943488936,0.25757628515780345,0.0,3.0
XRPUSD,atr_banded,30,5,16b34f243168,28245,975.0,ok,278.0,0.47243759957514603,588.4375,17.0,52.0,10000.0,-351.50661497738815,9648.493385022604,-3.5150661497738813,11.836929677321073,864.177722299,-6.091607321609656,-357.5982222990024,5598.771942999765,-5950.278557977154,43.06747648461358,-40.20458485119699,99.62296060718383,-60.8229870803262,0.9409260236218442,0.4676258992805755,-0.023197505590689695,-0.1433740257351928,0.09557664101767001,0.043789655549280895,0.06698716113997058,36.74460431654676,259.74330183268137,0.21193883305607047,0.0,4.0
XRPUSD,atr_banded,30,5,e4a594cc843b,28245,773.0,ok,234.0,0.39766330323951143,588.4375,1.0,40.0,10000.0,-84.13210747580158,9915.867892524191,-0.8413210747580159,6.081671818548692,585.9635966588,-42.12878918299174,-126.26089665879226,3865.4022248746605,-3949.5343323504617,33.61219325977966,-33.18936413739884,100.81931187014524,-56.23837946795289,0.9786982210062896,0.49145299145299143,-0.005471689014770247,-0.1097259191997913,0.10016974704865535,0.045546959339866556,0.05101864835463679,41.901709401709404,360.28730924491913,0.1613753008949804,0.0,6.0
XRPUSD,atr_banded,30,5,f779654d2156,28245,543.0,ok,166.0,0.28210302708443974,588.4375,0.0,41.0,10000.0,-141.69426892945972,9858.30573107055,-1.4169426892945973,7.284155404203376,371.51385144799997,-33.44048251853662,-175.1347514479894,2298.323102207147,-2440.0173711366065,28.374359286507985,-28.706086719254195,102.09919519040001,-56.19371529308309,0.9419289917335892,0.4879518072289157,-0.01590351660933079,-0.13014419142188594,0.09355911238405952,0.029100083949829325,0.04500360055916012,43.19277108433735,395.1601074211841,0.1423473314768674,0.0,8.0
XRPUSD,atr_arm,60,5,ce9d73014263,14123,1908.0,ok,415.0,0.7052325993060964,588.4583333333334,54.0,505.0,10000.0,-420.44542533486634,9576.154142431147,-4.204454253348663,11.971500880844218,1543.4563634464,105.73346188846901,-318.11239568039673,11100.078284557268,-11520.523709892135,68.94458561836812,-45.35639255863045,98.4695059880269,-59.36037492005731,0.9635046603850266,0.38795180722891565,-0.01674074739182364,-0.13698678614375684,0.10081121669740166,0.06778968883001936,0.08453043622184299,14.07710843373494,192.5915512757439,0.26743955912824996,0.0,2.0
XRPUSD,atr_arm,60,5,a330e557af25,14123,1755.0,ok,354.0,0.6015719039864051,588.4583333333334,7.0,389.0,10000.0,817.1646130702196,10814.589803516208,8.171646130702197,5.308880946848498,1103.3691443784,23.5885425513795,838.1783460675852,8562.499121629291,-7745.334508559072,55.600643646943446,-38.726672542795356,108.21614027906833,-66.01349020349186,1.1055041085917208,0.4350282485875706,0.04712070130707086,-0.06023925709062666,0.15188041831820495,0.10983309101509366,0.0627123897080228,18.98587570621469,267.18804040692146,0.1983145995771382,0.0,3.0
XRPUSD,atr_arm,60,5,ff218c1c7aa1,14123,1468.0,ok,297.0,0.504708631310628,588.4583333333334,0.0,301.0,10000.0,243.35020748165533,10241.524124377664,2.4335020748165532,7.0840354323271155,768.0502440125999,31.399848505744956,272.92397288341454,5467.733138107863,-5224.382930626207,41.42222074324138,-31.66292685228004,107.2902419975889,-61.74696067310235,1.0465797034239386,0.4444444444444444,0.01808040736250263,-0.08012926931155685,0.11776875078466009,0.06909462927177609,0.05101422190927347,21.04713804713805,334.53967693529916,0.16134142694672185,0.0,4.0
XRPUSD,atr_arm,60,5,1cf9d3bed817,14123,808.0,ok,172.0,0.2922891736883098,588.4583333333334,0.0,133.0,10000.0,-142.22453233831925,9859.126825696409,-1.4222453233831927,5.328419221391185,348.8184271466,8.81320519172049,-134.36078011460813,2200.1422768075918,-2342.3668091459112,28.94924048431042,-24.399654261936575,102.60767869485571,-56.20281538689308,0.9392816992697322,0.4418604651162791,-0.015454459665103077,-0.11009010358092104,0.08992293081887992,0.02516153257122326,0.04061599223632635,22.813953488372093,429.3118038821963,0.12845477466292118,0.0,6.0
XRPUSD,atr_arm,60,5,a6a43d305a6b,14123,317.0,ok,70.0,0.11895489626849819,588.4583333333334,0.0,26.0,10000.0,-442.0496962362821,9557.097160327736,-4.4204969623628205,4.765522584177543,128.75053148380002,0.25876475248256936,-442.64407491979364,532.1427038943785,-974.1924001306608,19.005096567656377,-23.195057145968114,95.16175900758405,-51.986174214784306,0.5462398432003847,0.4,-0.12849006503873883,-0.25279931130307554,0.002250466791227657,-0.09019896149665749,0.038291103542081276,23.285714285714285,447.2710382711441,0.12117048698762535,0.0,8.0
XRPUSD,atr_adx,60,5,5a84e74ece84,14123,953.0,ok,248.0,0.4214402039226793,588.4583333333334,15.0,201.0,10000.0,691.3168150766546,10691.316815076665,6.913168150766547,8.293451936172163,914.0090349002,63.989150023139125,755.3059650997875,7605.937822112484,-6914.62100703583,71.08353104778023,-49.03986529812646,106.22219327385554,-66.35062900761204,1.099978988634839,0.4314516129032258,0.05793913215637569,-0.09556948167759005,0.21136443777258124,0.13623017230474424,0.07829104014836855,14.141129032258064,209.69741581869667,0.24761689967276335,0.0,2.0
XRPUSD,atr_adx,60,5,dffdcf8fee7d,14123,852.0,ok,213.0,0.3619627557884302,588.4583333333334,0.0,149.0,10000.0,858.9194881873182,10858.91948818731,8.589194881873182,5.400014985234468,612.0144097504001,26.20350206227718,885.1229902495925,5400.605810978847,-4541.686322791529,53.471344663156906,-40.55077073921008,108.04173876371124,-60.38253623121373,1.1891190688086506,0.47417840375586856,0.08026175281354532,-0.049349239683509336,0.22012024312446912,0.13841228352423904,0.05815053071069364,18.976525821596244,295.38851225508427,0.18385524954296925,0.0,3.0
XRPUSD,atr_adx,60,5,d00957accc49,14123,670.0,ok,172.0,0.2922891736883098,588.4583333333334,0.0,87.0,10000.0,107.73057358684338,10107.73057358687,1.077305735868434,3.3005831467032016,396.63531021400007,15.798916199155354,123.52948978599488,3034.5588099857455,-2926.8282363989024,39.40985467513955,-30.808718277883184,103.67502481993088,-57.29174287903022,1.0368079589526553,0.4476744186046512,0.01436615373776488,-0.11407893611467067,0.13939197486723454,0.06109719770325934,0.04673104396549447,21.3546511627907,362.2065334326893,0.14778420199442233,0.0,4.0
XRPUSD,atr_adx,60,5,809d32ebda31,14123,315.0,ok,81.0,0.1376478085392622,588.4583333333334,0.0,28.0,10000.0,-193.14935309742893,9808.19417422022,-1.9314935309742893,2.5362716725198164,152.546200319,9.23365277842818,-184.85965148999458,815.5956725977554,-1008.7450256951845,24.715020381750165,-21.015521368649676,62.92476771805757,-53.381048949994614,0.8085250998245878,0.4074074074074074,-0.04734486107691595,-0.16907635731794257,0.07985212150222797,-0.009132636532897156,0.03821222454401882,23.469135802469136,439.8307586342612,0.1208631101634767,0.0,6.0
XRPUSD,atr_adx,60,5,f986f31d654d,14123,105.0,ok,29.0,0.04928131416837782,588.4583333333334,0.0,8.0,10000.0,-148.17012068433098,9851.829879315663,-1.48170120684331,2.2210881712896664,51.92019047899999,0.0024302053309301908,-148.16769047900198,182.93697243959446,-331.1070931239255,15.244747703299538,-19.476887830819148,44.28035697548514,-52.03514251942917,0.5525009165875088,0.41379310344827586,-0.10253886179662323,-0.2645082736204708,0.05726042392316306,-0.06619265273416063,0.036346209062462595,23.689655172413794,456.3956005888973,0.11498672387371865,0.0,8.0
XRPUSD,atr_banded,60,5,cf8f31c6adcd,14123,473.0,ok,171.0,0.2905898180273313,588.4583333333334,28.0,41.0,10000.0,-218.49136349773858,9781.508636502267,-2.1849136349773857,8.196930344578341,615.9423491092,-33.18668561145764,-251.67804910918494,4409.466345669297,-4627.957709167036,62.105159798159114,-46.27957709167036,96.73048136086669,-56.55473734399955,0.9527888158820137,0.4152046783625731,-0.022231036754099553,-0.19686254948675555,0.16459735753516394,0.05933976222121313,0.08157079897531264,15.368421052631579,203.6222244960601,0.2580266342280842,0.0,2.0
XRPUSD,atr_banded,60,5,288ca0e57714,14123,447.0,ok,166.0,0.28209303972243854,588.4583333333334,2.0,34.0,10000.0,-64.3171835854899,9935.6828164145,-0.643171835854899,6.0389599239289415,496.2113635848,-47.30097999930934,-111.61816358480064,3589.22370614983,-3653.5408897353195,49.85032925208097,-38.86745627377999,99.8753998931696,-58.19753037929033,0.9823959316382116,0.43373493975903615,-0.005143119590793337,-0.15432926456828708,0.15243100064621679,0.05797715751501548,0.06312027710580885,19.27710843373494,282.1979295994813,0.19966866614856904,0.0,3.0
XRPUSD,atr_banded,60,5,3a75ea085984,14123,377.0,ok,141.0,0.2396091481979749,588.4583333333334,0.0,26.0,10000.0,-7.361667849364231,9992.638332150636,-0.07361667849364231,5.2666953206261535,359.81458021900005,-41.42841236963435,-48.79008021901609,2419.695068602564,-2427.0567364519275,38.407858231786726,-31.11611200579394,100.62785004359998,-56.539565586811236,0.9969668332269292,0.44680851063829785,0.00071616215273513,-0.1373728296852416,0.13702644935774605,0.05255938773966491,0.05184322558692979,21.354609929078013,339.0432235732672,0.16400844275063514,0.0,4.0
XRPUSD,atr_banded,60,5,88e72402023d,14123,200.0,ok,79.0,0.1342490972173051,588.4583333333334,0.0,9.0,10000.0,-495.61579040239064,9504.384209597612,-4.9561579040239065,6.01955035894836,164.639335998,-18.399345595608047,-514.0151359979991,855.4371739120519,-1351.0529643144425,26.73241168475162,-28.745807751371117,98.65751609763011,-54.18609491030957,0.6331633152117924,0.4050632911392405,-0.12753088234397866,-0.28512466351242094,0.02379443140412096,-0.08438272485764522,0.04314815748633339,22.379746835443036,399.31576415245627,0.1365455744334007,0.0,6.0
XRPUSD,atr_banded,60,5,21ada7a3049e,14123,91.0,ok,39.0,0.06627487077816327,588.4583333333334,0.0,3.0,10000.0,-383.4545363607414,9616.545463639251,-3.834545363607414,4.12292984994072,74.679765473,-13.26472911225854,-396.71926547300063,255.78584027180213,-639.2403766325436,18.27041716227158,-25.569615065301747,41.46321979834086,-51.986174214784306,0.4001403065608233,0.358974358974359,-0.19987740544311786,-0.3582210336426847,-0.03933990092475823,-0.16035239168663645,0.03952501375648139,22.923076923076923,447.28195937873244,0.12511027860668233,0.0,8.0
