symbol,family,timeframe_min,confirm_min,spec_hash,bars,signals,status,trades,trades_per_day,days,rej_cost,rej_cooldown,initial_capital,total_pnl,final_equity,return_pct,max_dd_pct,total_fees,total_funding,optimistic_pnl,gross_win,gross_loss,avg_win,avg_loss,best_trade,worst_trade,profit_factor,win_rate,net_r,net_r_lo,net_r_hi,gross_r,cost_r,bars_held,median_r_bps,avg_leverage,ambiguous_pct,target_r,stop_mult
BEATUSD,atr_arm,5.0,1.0,1567baf6f48c,62961.0,7452.0,ok,1412.0,6.458855481965026,218.61458333333334,167.0,1698.0,10000.0,-3943.3146211482417,6056.685378851764,-39.433146211482416,40.65913355379681,3343.81315438,-38.732533231758495,-3751.7856652300143,17076.457971493117,-21019.77259264136,18.401355572729653,-43.42928221620115,35.915417127539705,-63.54505608125481,0.812399748676219,0.6572237960339944,-0.07029062735581344,-0.11065632633851877,-0.03270223889207192,0.005323437735631726,0.07561406509144515,6.257082152974505,223.28721583736962,0.23808773640364564,0.28328611898017,0.5,2.0
BEATUSD,atr_arm,5.0,1.0,f62f9a3f6a42,62961.0,5618.0,ok,707.0,3.234002001238862,218.61458333333334,1.0,533.0,10000.0,-2523.5403721617517,7476.45962783827,-25.235403721617516,27.54076829329178,1161.949811082,-25.833438920243502,-2549.3738110819713,9217.475991033403,-11741.016363195155,20.48327998007423,-45.684888572743795,30.802955356307557,-61.546840856831274,0.7850662758573139,0.6364922206506365,-0.08150923823806785,-0.13667763746459322,-0.026091453598507022,-0.03316019685268894,0.048349041385378946,20.694483734087694,372.4247226624403,0.15218206725407146,0.0,0.5,4.0
BEATUSD,atr_arm,5.0,1.0,0d8154c0bad1,62961.0,2222.0,ok,142.0,0.6495449564015819,218.61458333333334,0.0,30.0,10000.0,-82.35911535898117,9917.64088464104,-0.8235911535898118,5.5408618092683675,206.415518668,40.4075966909825,-41.95151866798369,2286.3812925711977,-2368.74040793018,23.570941160527813,-52.63867573178178,30.567912978216842,-61.30552524307831,0.9652308395283601,0.6830985915492958,-0.011019422188026647,-0.132522465410653,0.10637397243953534,0.02693838869833616,0.037957810886362804,43.82394366197183,455.71617632087913,0.11937566415400132,0.0,0.5,8.0
BEATUSD,atr_arm,5.0,1.0,94c23aa8f6ad,62961.0,7452.0,ok,1288.0,5.891647210177728,218.61458333333334,155.0,1518.0,10000.0,-2601.5900133502064,7398.409986649793,-26.01590013350206,32.02194071687046,3447.96244356,-1.1944302097895054,-2404.4102963639853,23071.909041456678,-25673.49905480688,30.927492012676513,-47.368079436913064,45.63920754169928,-67.4429696497198,0.8986663248435119,0.5791925465838509,-0.04526560947550554,-0.0940499525858631,-0.00016357554572828201,0.030526556612794353,0.0757921660882999,8.77639751552795,222.68968268928188,0.23878814578351593,0.2329192546583851,0.75,2.0
BEATUSD,atr_arm,5.0,1.0,11ac8507edfc,62961.0,5618.0,ok,587.0,2.685090770476962,218.61458333333334,1.0,376.0,10000.0,-2865.512468051831,7134.487531948193,-28.655124680518313,34.153640265048736,991.7681179240001,0.496350127833594,-2778.4617098039844,9720.610867316147,-12586.123335367978,31.356809249406925,-45.43726835872916,47.344382368414756,-68.40012331765593,0.7723276348326001,0.5281090289608177,-0.11417717554805891,-0.18341850750028876,-0.03751596771773164,-0.06649098328937045,0.04768619225868847,31.24190800681431,381.4769481844144,0.1500259772528589,0.17035775127768313,0.75,4.0
BEATUSD,atr_arm,5.0,1.0,de515cb4ecbe,62961.0,2222.0,ok,129.0,0.5900795730690427,218.61458333333334,0.0,26.0,10000.0,240.09371897752823,10240.093718977552,2.400937189775282,4.310902866114424,194.890937432,25.370343590471478,265.4640625680222,2875.840106066223,-2635.746387088695,36.40303931729397,-52.7149277417739,49.95678166096189,-70.52179811922694,1.0910913584681883,0.6124031007751938,0.038025061964047514,-0.1116895213700196,0.1781889839392569,0.07592662874615227,0.03790156678210475,62.18604651162791,454.5454545454542,0.1191696405620903,0.0,0.75,8.0
BEATUSD,atr_arm,5.0,1.0,ae190a209e26,62961.0,7452.0,ok,1165.0,5.3290131986467815,218.61458333333334,156.0,1339.0,10000.0,-1600.1555618131745,8399.844438186847,-16.001555618131743,22.62239600931979,3262.5657700439997,-78.70320823081819,-1678.8587700439784,25779.884059622793,-27380.039621435964,42.89498179637736,-48.54616954155313,63.37234633651731,-64.9047933725798,0.9415575877925172,0.5158798283261803,-0.02745759204287938,-0.08499343021053414,0.03235696172991404,0.0476970615312932,0.07515465357417257,11.944206008583691,225.88085580211546,0.23686037059633705,0.0,1.0,2.0
BEATUSD,atr_arm,5.0,1.0,fba2f87a03ea,62961.0,5618.0,ok,522.0,2.387763853814266,218.61458333333334,1.0,311.0,10000.0,-1904.6433988634712,8095.3566011365365,-19.04643398863471,26.171197769014544,915.9287542000002,50.9116446634748,-1853.7317541999828,10815.115776550218,-12719.759175413687,43.26046310620087,-46.763820497844435,59.606367003917995,-67.87396852290473,0.8502610487669454,0.4789272030651341,-0.07902217488240844,-0.16173539296856665,0.0079838875413976,-0.031794094539316815,0.04722808034309162,40.17624521072797,385.1539146583092,0.1486221229983874,0.0,1.0,4.0
BEATUSD,atr_arm,5.0,1.0,ed3c5148837c,62961.0,2222.0,ok,111.0,0.5077428884547577,218.61458333333334,0.0,14.0,10000.0,192.35546771205838,10192.355467712063,1.9235546771205838,4.5273761202835106,170.799418268,28.283114019943902,220.6385817320006,2839.514345337296,-2647.158877625238,47.32523908895494,-51.90507603186741,60.87829616509439,-69.62343126420494,1.0726648745331901,0.5405405405405406,0.03811145882002307,-0.15403284507461376,0.2249847288022974,0.07577596369831158,0.037664504878288506,82.72972972972973,461.65301563663314,0.11845626255591242,0.0,1.0,8.0
BEATUSD,atr_arm,5.0,1.0,1a0cc106f3fb,62961.0,7452.0,ok,991.0,4.533091914042026,218.61458333333334,129.0,1081.0,10000.0,-855.132361175461,9144.867638824498,-8.55132361175461,16.57469021823952,2964.543456326,-45.59209515053689,-652.7633327980202,28303.034313831347,-29158.166675006807,68.20008268393096,-50.62181714410904,87.13071463456207,-67.4429696497198,0.9706726293629275,0.41876892028254287,-0.01396995340290489,-0.0898034394915563,0.06301912627659066,0.06038054179754127,0.07435049520044615,18.10595358224016,229.92700729927105,0.234377645983992,0.20181634712411706,1.5,2.0
BEATUSD,atr_arm,5.0,1.0,90d98bcf760c,62961.0,5618.0,ok,440.0,2.012674512793634,218.61458333333334,1.0,215.0,10000.0,-1074.656276915109,8925.34372308489,-10.74656276915109,22.48491232881193,819.892630496,-70.77935358088868,-1145.4356304960074,11493.4089013201,-12568.065178235209,65.30345966659148,-47.606307493315185,90.70828451411543,-67.21627502946572,0.9144931012311943,0.4,-0.047473586458534216,-0.1573808156031811,0.07592146411221413,-0.000455328011296675,0.04701825844723755,55.252272727272725,396.6410383011433,0.1479896379236215,0.0,1.5,4.0
BEATUSD,atr_arm,5.0,1.0,b3f56cba0e18,62961.0,2222.0,ok,96.0,0.43912898460952016,218.61458333333334,0.0,8.0,10000.0,-583.6597767531802,9416.340223246802,-5.836597767531802,9.825190340159736,151.867855584,53.293921169180415,-530.3658555840047,2377.154797486743,-2960.8145742399233,66.03207770796509,-49.34690957066539,82.85553799754993,-90.19969067486169,0.8028718914614865,0.375,-0.12221054570097167,-0.36698501397699934,0.12716456334883655,-0.08484996494367875,0.03736058075729289,118.91666666666667,464.8615728831613,0.11755879872784698,0.0,1.5,8.0
BEATUSD,atr_arm,5.0,1.0,5104b68fd7d7,62961.0,7452.0,ok,876.0,4.007051984561872,218.61458333333334,118.0,944.0,10000.0,-1419.7565385209887,8580.243461479035,-14.197565385209888,29.793772581649524,2475.958927346,-25.028388825006786,-1444.784927345967,25030.369777114734,-26450.12631563572,82.33674268787742,-46.24147957278972,114.61219768902191,-66.6668893792597,0.9463232605554057,0.3470319634703196,-0.029525382024952206,-0.12316265866152194,0.07282366241095223,0.04458871081323414,0.07411409283818635,24.162100456621005,234.3635898078422,0.23351766866315551,0.0,2.0,2.0
BEATUSD,atr_arm,5.0,1.0,1245719458bf,62961.0,5618.0,ok,383.0,1.7519416781817314,218.61458333333334,1.0,178.0,10000.0,-1669.573562290029,8330.426437709988,-16.69573562290029,24.386117332124233,728.9714082380001,-139.9428459479706,-1809.5164082379724,10349.926206991182,-12019.49976928121,84.14574152025351,-46.228845266466195,115.0030155728078,-73.55391719476839,0.8610945884322878,0.32114882506527415,-0.09066827213017674,-0.21905484363509004,0.05174052641103254,-0.043288914079893055,0.04737935805028366,68.44647519582246,389.9939199166155,0.14915770830101352,0.0,2.0,4.0
BEATUSD,atr_arm,5.0,1.0,2c1189672370,62961.0,2222.0,ok,97.0,0.4437032448658693,218.61458333333334,0.0,14.0,10000.0,-564.9019910432595,9435.098008956711,-5.649019910432595,9.745798857440043,160.883890614,16.911100429260003,-547.9908906140099,2653.1902515478896,-3218.0922425911494,80.3997045923603,-50.28269129048671,105.48479508526636,-90.94720192354839,0.8244605970062526,0.3402061855670103,-0.11439692006039849,-0.37657406705631064,0.16066055210710017,-0.07642534721706731,0.03797157284333116,125.14432989690722,461.65301563663314,0.11948239467698339,0.0,2.0,8.0
BEATUSD,wpr_only,5.0,1.0,2c570c3c53d5,62961.0,24919.0,ok,1925.0,8.80545099347215,218.61458333333334,454.0,5518.0,10000.0,-5443.476822967692,4556.52317703231,-54.43476822967692,58.7827036573884,3911.8318180660003,-47.93799509831339,-5322.775575708004,18518.690331034806,-23962.167154002498,14.767695638783737,-35.71112839642697,46.447614402402195,-59.298137143489726,0.7728303626302663,0.6514285714285715,-0.08108004032585993,-0.11575410254663304,-0.04861414664298075,-0.0023590409227678797,0.07872099940309206,6.253506493506493,213.67521367521385,0.2476329468288417,0.2077922077922078,0.5,2.0
BEATUSD,wpr_only,5.0,1.0,f5c9189ca21a,62961.0,19978.0,ok,961.0,4.395864106351551,218.61458333333334,4.0,1671.0,10000.0,-2391.7343006615347,7608.2656993385,-23.917343006615347,27.066599721821305,1563.9773746380001,55.80792602353341,-2335.9263746379747,12340.060887234502,-14731.795187896038,19.58739823370556,-44.50693410240495,30.592872063051654,-61.06678338967946,0.837648143341917,0.6555671175858481,-0.055413140398673046,-0.1036803055912941,-0.007899305082420701,-0.0054403919989052234,0.04997274839976784,20.165452653485954,361.20926580290376,0.15729226794634182,0.0,0.5,4.0
BEATUSD,wpr_only,5.0,1.0,328efc7cd120,62961.0,9629.0,ok,228.0,1.0429313384476104,218.61458333333334,0.0,65.0,10000.0,421.0319573839679,10421.031957383966,4.210319573839679,4.137238984588003,322.27485182199996,5.9801907940322145,427.0121481779879,3806.8790374251657,-3385.8470800411983,23.499253317439294,-51.30071333395755,42.87656567327822,-61.66242186052244,1.1243505531793965,0.7105263157894737,0.0376361467181749,-0.05762869129857871,0.1235344807262047,0.0757289736254089,0.03809282690723405,49.53508771929825,456.9069312907278,0.11998206146414515,0.0,0.5,8.0
BEATUSD,wpr_only,5.0,1.0,dd4b974b8360,62961.0,24919.0,ok,1695.0,7.75337113451184,218.61458333333334,404.0,4715.0,10000.0,-5466.317130487829,4533.682869512162,-54.66317130487829,58.64981930297872,3715.168819766,-53.40368927818159,-5465.330329560023,22464.085753076433,-27930.40288356426,23.9489187133011,-36.89617289770708,56.335565322558864,-59.8702587943563,0.8042879240490834,0.5533923303834808,-0.09217194053076871,-0.13465810030130185,-0.049519542394329895,-0.013957983313691672,0.07821395721707705,9.12566371681416,215.31100478469054,0.246136747941122,0.058997050147492625,0.75,2.0
BEATUSD,wpr_only,5.0,1.0,9f03c81689e2,62961.0,19978.0,ok,798.0,3.6502596845666364,218.61458333333334,4.0,1154.0,10000.0,-2006.5180616128475,7993.48193838718,-20.065180616128476,23.60990521500294,1436.3098940539999,87.12016755884471,-1919.3978940539873,14444.701962044532,-16451.22002365738,32.09933769343229,-47.27362075763615,43.7152624920528,-59.900364859387395,0.8780322639459316,0.5639097744360902,-0.05426029905528699,-0.11360872608194796,0.004839963466233043,-0.004622121584675659,0.049638177470611326,28.55764411027569,371.60779794642576,0.15638046311496068,0.0,0.75,4.0
BEATUSD,wpr_only,5.0,1.0,9959b3306a38,62961.0,9629.0,ok,196.0,0.896555010244437,218.61458333333334,0.0,33.0,10000.0,-516.3130989031939,9483.686901096822,-5.16313098903194,5.879425312144037,289.919170046,24.876928857193604,-491.43617004599037,3782.917086725346,-4299.230185628541,34.705661346104094,-49.41643891527059,46.914291036823755,-60.14292353680332,0.8799056862251466,0.5561224489795918,-0.05264547287070191,-0.17068373655407007,0.07259049348940695,-0.014707771989525862,0.03793770088117605,68.83673469387755,457.0117460355284,0.11946313371361286,0.0,0.75,8.0
BEATUSD,wpr_only,5.0,1.0,5536e003be2a,62961.0,24919.0,ok,1534.0,7.016915233239624,218.61458333333334,356.0,4146.0,10000.0,-4691.242734189236,5308.757265810754,-46.91242734189236,51.93446617574398,3488.885954002,-55.035219812769995,-4746.277954002023,24676.751658051908,-29367.994392241144,32.7712505419016,-37.603065803125666,62.01998042301595,-63.22311870017489,0.8402600234958968,0.4908735332464146,-0.08062440231570077,-0.13301233185074654,-0.03225827580316978,-0.002958964740005099,0.07766543757569569,12.069752281616688,217.867528921555,0.24451656592244886,0.0,1.0,2.0
BEATUSD,wpr_only,5.0,1.0,d4527a09260f,62961.0,19978.0,ok,662.0,3.0281602897031497,218.61458333333334,3.0,859.0,10000.0,-407.7175126178197,9592.282487382183,-4.077175126178196,12.70666236797223,1310.0640357800003,63.21347683782304,-344.50403577998077,16257.214978335995,-16664.932490953815,47.67511723852198,-51.915677541912196,60.4611686392831,-62.983296687242344,0.9755344035843445,0.5151057401812689,-0.010083332726121767,-0.08839864116779225,0.06796990129728932,0.038365219517614874,0.048448552243736634,39.57552870090635,385.3984458284075,0.15266383227228214,0.0,1.0,4.0
BEATUSD,wpr_only,5.0,1.0,0fea4393ac26,62961.0,9629.0,ok,174.0,0.7959212846047553,218.61458333333334,0.0,32.0,10000.0,-634.7147469871184,9365.285253012891,-6.347147469871183,8.907917593920798,268.401495732,15.566251255117809,-619.1484957320026,3909.037861290258,-4543.752608277378,47.09684170229227,-49.93134734370746,60.25966384764963,-65.6796763352894,0.8603104522392225,0.47701149425287354,-0.07389148273472106,-0.2165778793224389,0.07070962858900977,-0.035979260387704985,0.03791222234701605,87.4080459770115,456.9069312907278,0.1194186165966257,0.0,1.0,8.0
BEATUSD,wpr_only,5.0,1.0,eeb0bcbce7f8,62961.0,24919.0,ok,1262.0,5.772716443512651,218.61458333333334,319.0,3254.0,10000.0,-4092.38747090585,5907.612529094177,-40.9238747090585,51.322298812851706,3214.6375522300004,-123.23708132415861,-4102.536055922009,26979.358343798136,-31071.745814703983,54.39386762862527,-40.56363683381721,89.08034263553894,-66.66409214851562,0.8682923227001548,0.393026941362916,-0.07972862626430435,-0.14961499321537797,-0.009000237439454118,-0.002972480511442901,0.07675614575286145,17.90174326465927,221.60259173948612,0.24179057255026384,0.07923930269413629,1.5,2.0
BEATUSD,wpr_only,5.0,1.0,9627adad441d,62961.0,19978.0,ok,524.0,2.396912374326964,218.61458333333334,2.0,617.0,10000.0,-1063.6516820164363,8936.348317983548,-10.636516820164363,19.598800026326764,1017.7675488240001,306.29313319243954,-757.3585488240169,14451.081519306284,-15514.73320132272,67.52841831451535,-50.04752645587974,85.37131518821789,-79.11839746892215,0.9314424767597194,0.4083969465648855,-0.039306080060499425,-0.14235507573967293,0.07091482337269774,0.008242240987936685,0.04754832104843612,57.57824427480916,393.81409682619164,0.149802708220348,0.0,1.5,4.0
BEATUSD,wpr_only,5.0,1.0,82c67e11d27f,62961.0,9629.0,ok,153.0,0.6998618192214228,218.61458333333334,0.0,32.0,10000.0,-1143.7117531757128,8856.28824682429,-11.437117531757128,12.886928623496722,242.013556088,47.21319708771241,-1096.4985560879995,3482.0462646409715,-4625.7580178166845,63.3099320843813,-47.20161242670086,84.195124809693,-63.49641839616621,0.7527514952640055,0.35947712418300654,-0.15684404527986642,-0.3469628427535556,0.026150660195529966,-0.11919250783122255,0.03765153744864388,117.00653594771242,459.4017094017102,0.11865103842903867,0.0,1.5,8.0
BEATUSD,wpr_only,5.0,1.0,461613bee59c,62961.0,24919.0,ok,1109.0,5.072854624291228,218.61458333333334,271.0,2775.0,10000.0,-3239.023758151435,6760.97624184852,-32.39023758151435,47.523609204204725,2849.7984486960004,149.2393094554364,-3089.7844486960394,26650.41664068914,-29889.44039884058,71.64090494808909,-40.55555006626944,112.57898257079081,-64.92985457961564,0.8916331749631191,0.33543733092876465,-0.06581687996844046,-0.1509177108980402,0.019453503613518476,0.010333731098428462,0.0761506110668689,23.52028854824166,223.57229647630498,0.23981400115988394,0.0,2.0,2.0
BEATUSD,wpr_only,5.0,1.0,247ec2c731ff,62961.0,19978.0,ok,458.0,2.0950111974079193,218.61458333333334,2.0,518.0,10000.0,680.1178181907981,10680.11781819078,6.801178181907981,9.61750048289747,972.561572582,220.09360922720123,900.2114274179785,15985.163626621663,-15305.045808430863,94.58676702142996,-52.958636015331706,117.53018762670419,-75.58965899985212,1.04443748987776,0.36899563318777295,0.034024415412071345,-0.09544638762776278,0.16482994272474355,0.08132392422426762,0.04729950881219626,71.05458515283843,397.9489360370342,0.14900791001957261,0.0,2.0,4.0
BEATUSD,wpr_only,5.0,1.0,e6e58e941c78,62961.0,9629.0,ok,144.0,0.6586934769142803,218.61458333333334,0.0,48.0,10000.0,-1027.3890343118603,8972.610965688153,-10.273890343118603,12.165491741750635,239.610362152,41.13067215985891,-986.2583621519971,3514.6887545700197,-4542.07778888188,76.4062772732613,-46.34773253961102,107.08576172065206,-64.40610920413421,0.7738063762741562,0.3194444444444444,-0.1482941688368908,-0.3661284769881563,0.058378515552079194,-0.11013258196828084,0.038161586868609945,134.65972222222223,452.49715064984593,0.12029895269943827,0.0,2.0,8.0
BEATUSD,adx_only,5.0,1.0,20eb9c5a7e7d,62961.0,2722.0,ok,544.0,2.4883975794539475,218.61458333333334,32.0,289.0,10000.0,-2675.3341278214266,7324.66587217859,-26.753341278214265,28.02718669944509,1295.9918984219998,-18.800770600569507,-2627.3387756239827,6970.391335997965,-9645.725463819392,20.50115098822931,-47.282967959898976,32.19574856759991,-61.2494478046015,0.7226404444272788,0.625,-0.11375863825608974,-0.17767279984658088,-0.04875595600877291,-0.0454466199373093,0.06831201831878045,6.553308823529412,253.37994770161183,0.215197663506675,0.1838235294117647,0.5,2.0
BEATUSD,adx_only,5.0,1.0,a24f3e81a670,62961.0,2128.0,ok,278.0,1.2716443512650688,218.61458333333334,0.0,68.0,10000.0,-1137.871949116245,8862.128050883755,-11.378719491162451,14.921847522888546,497.324465894,-27.583516777755097,-1165.455465893987,3845.056427563278,-4982.9283766795215,21.846911520245897,-48.852238987054136,32.07389783711271,-58.84172769049751,0.7716459352613676,0.6330935251798561,-0.08595829843037593,-0.17424272593685436,0.002754884782412043,-0.03674856372728349,0.049209734703092436,19.615107913669064,354.803741647272,0.1549893363999656,0.0,0.5,4.0
BEATUSD,adx_only,5.0,1.0,be44b73521b9,62961.0,1214.0,ok,44.0,0.2012674512793634,218.61458333333334,0.0,5.0,10000.0,-183.35470415945338,9816.64529584055,-1.8335470415945336,3.559590888889372,69.98077412799998,-29.829069968547103,-213.18377412799964,660.4700584358014,-843.8247625952548,24.461854016140794,-49.63675074089734,38.49712729983828,-54.52380170819855,0.782709974526547,0.6136363636363636,-0.08323959397052424,-0.2994186043152909,0.1274634164593476,-0.04279210626733478,0.04044748770318946,44.63636363636363,416.84126263325425,0.1273730562492931,0.0,0.5,8.0
BEATUSD,adx_only,5.0,1.0,821dde5c95a0,62961.0,2722.0,ok,522.0,2.387763853814266,218.61458333333334,32.0,291.0,10000.0,-2541.421340387168,7458.57865961284,-25.41421340387168,27.770398245018935,1273.728577648,-18.622237260829895,-2560.04357764799,8713.984588276868,-11255.405928664033,31.010621310593834,-46.70292916458105,43.84238250084003,-62.3597096983405,0.7742043817438026,0.5383141762452107,-0.11140515488653087,-0.1878441933803077,-0.033168331470946014,-0.04319298969222854,0.06821216519430233,9.047892720306514,253.37994770161183,0.21481704170132632,0.0,0.75,2.0
BEATUSD,adx_only,5.0,1.0,da6265cfd447,62961.0,2128.0,ok,256.0,1.1710106256253872,218.61458333333334,0.0,64.0,10000.0,-1032.9432394482278,8967.056760551779,-10.329432394482279,12.78044660985891,475.825749958,13.272489490227308,-1019.6707499579898,4629.938898759876,-5662.882138208103,33.07099213399911,-48.81794946731124,43.95994628706645,-58.36561389413065,0.8175940776731264,0.546875,-0.08317682371586152,-0.1887128382724686,0.02800171680845962,-0.033912520453169864,0.04926430326269165,27.75390625,363.1425777625568,0.15519328869083565,0.0,0.75,4.0
BEATUSD,adx_only,5.0,1.0,b437b0f55cfb,62961.0,1214.0,ok,43.0,0.19669319102301425,218.61458333333334,0.0,3.0,10000.0,-6.137787377979734,9993.862212622033,-0.06137787377979734,1.9750051422561952,69.651937938,-0.0931505600207101,-6.230937937993076,901.6291657395577,-907.7669531175374,36.06516662958231,-50.431497395418745,53.96425628941963,-59.34447343995767,0.9932385868896189,0.5813953488372093,0.0001618241895706799,-0.25177471146550023,0.24988261994927616,0.040690687368509004,0.04052886317893829,64.06976744186046,413.28280093845933,0.12751130268390554,0.0,0.75,8.0
BEATUSD,adx_only,5.0,1.0,8822505d8858,62961.0,2722.0,ok,501.0,2.2917043884309334,218.61458333333334,35.0,257.0,10000.0,-1929.1910127209985,8070.80898727901,-19.291910127209984,23.75325386519607,1245.220580722,-3.6355680010001024,-1932.826580721995,10019.647895146682,-11948.838907867681,41.064130717814265,-46.49353660648903,54.89730670427988,-59.68881017987404,0.8385457342260486,0.4870259481037924,-0.08243237942249679,-0.16863459140239126,0.006616951723012712,-0.013981906617606467,0.06845047280489032,12.131736526946108,249.39467312348745,0.21562015294786796,0.0,1.0,2.0
BEATUSD,adx_only,5.0,1.0,88d2c6a947a0,62961.0,2128.0,ok,239.0,1.0932482012674511,218.61458333333334,0.0,53.0,10000.0,-1663.532907700782,8336.467092299219,-16.63532907700782,18.91647398388695,448.37663739000004,-1.9357296892179008,-1665.468637389993,4599.35318281391,-6262.886090514692,43.39012436616896,-47.089369101614224,55.97636682508201,-58.544547247616215,0.734382378402148,0.4435146443514644,-0.14979908337954173,-0.2733742132083224,-0.023992703434240297,-0.10101805229050699,0.048781031089034727,35.47280334728033,375.42057729768015,0.1536332739493796,0.0,1.0,4.0
BEATUSD,adx_only,5.0,1.0,6e73e2956e15,62961.0,1214.0,ok,42.0,0.19211893076666506,218.61458333333334,0.0,2.0,10000.0,-15.523756332787173,9984.476243667234,-0.15523756332787172,3.610978086195793,70.79042904199999,-5.859672709212904,-21.383429041985437,977.1417063590766,-992.6654626918639,46.53055744567031,-47.26978393770781,60.91229558607183,-59.80629813598846,0.9843615428195812,0.5,-0.004076199691532619,-0.29712360496206885,0.2858110373231501,0.03628496268252902,0.04036116237406162,86.02380952380952,416.84126263325425,0.12702969980616538,0.0,1.0,8.0
BEATUSD,adx_only,5.0,1.0,9b74cc93a5b2,62961.0,2722.0,ok,463.0,2.117882498689665,218.61458333333334,31.0,231.0,10000.0,-1418.2546988416884,8581.745301158271,-14.182546988416883,18.481705830893958,1249.285446502,56.56525233969399,-1254.0427724860328,12187.903022893344,-13606.157721735031,65.88055688050457,-48.943013387536084,87.87656023316475,-61.490736524926845,0.8957637616844534,0.39956803455723544,-0.06209414813553542,-0.17987345311956957,0.05158251548545909,0.0060864816134902295,0.06818062974902565,17.660907127429805,251.99211973301084,0.21485653073181232,0.21598272138228944,1.5,2.0
BEATUSD,adx_only,5.0,1.0,cb3bece8ab10,62961.0,2128.0,ok,218.0,0.9971887358841187,218.61458333333334,0.0,40.0,10000.0,-1691.650448324842,8308.349551675165,-16.91650448324842,20.848106584433424,426.29191627200004,74.38053205284169,-1617.2699162719891,4907.396944467509,-6599.04739279235,63.73242785022738,-46.801754558811,77.41225882745609,-59.93138931439562,0.7436523262171891,0.3532110091743119,-0.1665096585054573,-0.3225121399907913,-0.01016662731159562,-0.11747863009216958,0.04903102841328771,49.01376146788991,372.1529510385749,0.1545307289371717,0.0,1.5,4.0
BEATUSD,adx_only,5.0,1.0,101a1d7ae065,62961.0,1214.0,ok,40.0,0.18297041025396674,218.61458333333334,0.0,3.0,10000.0,-115.6575489852749,9884.342451014734,-1.156575489852749,4.973491524319703,70.06093481799999,15.077614167275314,-100.57993481799349,1010.540954360225,-1126.1985033454998,63.15880964751406,-46.92493763939583,76.54865794425903,-58.88264874392688,0.8973026969564415,0.4,-0.054159095217155805,-0.4147580169109889,0.29730604071277095,-0.01377055943332579,0.040388535783830046,103.275,416.84126263325425,0.1271458043094827,0.0,1.5,8.0
BEATUSD,adx_only,5.0,1.0,b5acf63ba5bf,62961.0,2722.0,ok,419.0,1.9166150474103016,218.61458333333334,28.0,216.0,10000.0,-1728.4494152139955,8271.55058478599,-17.284494152139956,25.93488703214958,1094.679174222,2.1852409919971905,-1726.2641742220112,11216.441384555827,-12944.890799769824,81.87183492376516,-45.90386808429016,110.4547170729907,-60.06868603941527,0.8664763232112602,0.3269689737470167,-0.0850251014802507,-0.22341141179447355,0.05123274298669791,-0.01715706962548516,0.06786803185476557,24.474940334128878,251.99211973301084,0.21390283664208753,0.0,2.0,2.0
BEATUSD,adx_only,5.0,1.0,8f0add012268,62961.0,2128.0,ok,201.0,0.9194263115261828,218.61458333333334,0.0,43.0,10000.0,-809.3294092013439,9190.670590798652,-8.093294092013439,16.755676865962105,415.775480188,135.0969290133435,-674.2324801880077,5883.02961004696,-6692.359019248304,89.13681227343879,-49.573029772209665,105.63549092175681,-91.66242979495368,0.8790666479676924,0.3283582089552239,-0.07926626237541264,-0.2623164611898172,0.12151603114299923,-0.030130129742661844,0.04913613263275083,62.2636815920398,383.09225061486467,0.15481594812616406,0.0,2.0,4.0
BEATUSD,adx_only,5.0,1.0,9fbb985af08a,62961.0,1214.0,ok,38.0,0.1738218897412684,218.61458333333334,0.0,4.0,10000.0,-318.1256331705309,9681.874366829486,-3.181256331705309,6.4914214545716815,67.91230207400001,3.6683310965306033,-314.45730207399174,907.9694599332339,-1226.0950931037648,75.66412166110283,-47.15750358091403,97.24954712478375,-57.95899935186527,0.7405375529517694,0.3157894736842105,-0.16563555966480817,-0.5428211201288063,0.24270774905886047,-0.12491328942854783,0.040722270236260245,115.39473684210526,411.27987250197197,0.1283216265728604,0.0,2.0,8.0
BEATUSD,atr_banded,5.0,1.0,5d0bd0991cb2,62961.0,1965.0,ok,558.0,2.552437223042836,218.61458333333334,48.0,249.0,10000.0,-2204.990589236643,7795.009410763342,-22.04990589236643,22.414593683743096,1512.883109146,-27.350519909358717,-2173.1840883560126,7464.331017260233,-9669.321606496876,20.73425282572287,-48.834957608570086,29.739747490899724,-60.54493568498711,0.7719601561545851,0.6451612903225806,-0.08899566591589306,-0.15099353999956763,-0.030827152271876164,-0.01246652406401996,0.07652914185187308,5.587813620071684,225.08142012785953,0.24119204302734557,0.17921146953405018,0.5,2.0
BEATUSD,atr_banded,5.0,1.0,8d0a8ca5bf5b,62961.0,1514.0,ok,329.0,1.5049316243388764,218.61458333333334,1.0,65.0,10000.0,-1530.0795962888278,8469.920403711141,-15.300795962888278,16.950615686693553,603.383698148,-52.3581018591691,-1582.4376981480218,4555.368528849334,-6085.448125138163,22.22130989682602,-49.076194557565834,33.71957203088968,-55.78370553960051,0.7485674736149214,0.6231003039513677,-0.10010953736571462,-0.1830797162422838,-0.014006053089784072,-0.05045404489163396,0.049655492474080666,20.5258358662614,367.2413793103465,0.15640952950173015,0.0,0.5,4.0
BEATUSD,atr_banded,5.0,1.0,e93c952cf0fb,62961.0,615.0,ok,72.0,0.32934673845714013,218.61458333333334,0.0,3.0,10000.0,-29.729567300344968,9970.270432699657,-0.2972956730034497,1.8167648542004748,106.071605752,-26.997038451653204,-56.72660575199916,1160.5247763697766,-1190.2543436701214,23.68417910958728,-51.750188855222675,36.32269940458168,-57.081043208960104,0.9750225088793423,0.6805555555555556,-0.007652557887093687,-0.17490913615276862,0.15183795408437098,0.031135597920114198,0.0387881558072079,42.666666666666664,449.7966030290137,0.12188384061377394,0.0,0.5,8.0
BEATUSD,atr_banded,5.0,1.0,ad9053359a1c,62961.0,1965.0,ok,537.0,2.4563777576595034,218.61458333333334,47.0,195.0,10000.0,-1844.1290728720196,8155.870927127992,-18.441290728720197,20.169197807044753,1554.68635975,-31.19328687798132,-1726.8572822399947,9956.395316715223,-11800.524389587243,32.96819641296432,-50.2149974024989,43.14178824738843,-61.531315552624605,0.843724820017382,0.5623836126629422,-0.0747432640210305,-0.14494829632987474,-0.002386321324046158,0.0021229335299951992,0.07686619755102568,7.770949720670391,222.39070002527149,0.24229081901596256,0.37243947858473,0.75,2.0
BEATUSD,atr_banded,5.0,1.0,47ad82c55a16,62961.0,1514.0,ok,297.0,1.358555296135703,218.61458333333334,1.0,34.0,10000.0,-1867.714136387285,8132.285863612716,-18.67714136387285,21.57960605636249,552.058452416,-75.4753160287133,-1943.189452415987,5108.889529593493,-6976.603665980778,33.61111532627298,-48.114508041246744,46.43440215531299,-55.78370553960051,0.7322889150927968,0.5117845117845118,-0.13851251536034845,-0.2409877489101508,-0.041612321855152054,-0.08945868067530087,0.049053834685047606,31.144781144781145,377.4680603948884,0.154452032161641,0.0,0.75,4.0
BEATUSD,atr_banded,5.0,1.0,a9337b0a76a0,62961.0,615.0,ok,66.0,0.3019011769190451,218.61458333333334,0.0,4.0,10000.0,163.61950884009667,10163.6195088401,1.6361950884009668,3.2221974925627643,98.779174022,-72.7546828620957,90.86482597800386,1451.6917905398532,-1288.0722816997566,36.29229476349633,-49.54124160383679,49.12416863327918,-58.8107717910498,1.127026651504512,0.6060606060606061,0.05122002572182191,-0.15522206470766645,0.24631779680851335,0.08892409483576155,0.037704069113939614,60.166666666666664,451.0883310562841,0.1184317496541329,0.0,0.75,8.0
BEATUSD,atr_banded,5.0,1.0,e4572321b76b,62961.0,1965.0,ok,514.0,2.3511697717634723,218.61458333333334,45.0,161.0,10000.0,-2050.2945298571854,7949.705470142808,-20.502945298571852,23.534140208647404,1516.8098789199998,-60.0973490628154,-2027.3821183740129,11092.792033620575,-13143.086563477762,44.3711681344823,-49.78441880105213,56.57239541620757,-62.09496119127461,0.8440020523371898,0.48638132295719844,-0.08738180617589776,-0.173773273414582,-0.0009588898726943558,-0.010931630859803377,0.07645017531609441,10.591439688715953,223.38002373640046,0.24098489471640555,0.19455252918287938,1.0,2.0
BEATUSD,atr_banded,5.0,1.0,7b0ff7abdc86,62961.0,1514.0,ok,279.0,1.276218611521418,218.61458333333334,1.0,21.0,10000.0,-1097.1252245116546,8902.874775488319,-10.971252245116546,14.706821008272103,541.568797292,-83.3935727803425,-1180.518797292014,6192.613075306257,-7289.738299817912,46.561000566212456,-49.929714382314465,68.37214005568316,-61.799280323919774,0.8494973098637767,0.4767025089605735,-0.08198261252206206,-0.20209999553468583,0.037705406170649595,-0.03314957824703744,0.048833034275024605,39.422939068100355,382.28090725162514,0.15370491479446985,0.0,1.0,4.0
BEATUSD,atr_banded,5.0,1.0,7258e7af92c4,62961.0,615.0,ok,59.0,0.26988135512460093,218.61458333333334,0.0,2.0,10000.0,89.62293222653577,10089.622932226543,0.8962293222653578,2.5599110969157293,90.39497195000001,-21.263904176534997,68.3590280500066,1462.624296675046,-1373.0013644485105,47.181428925001484,-49.03576301601823,59.427257416157026,-60.94472800107989,1.0652751953109196,0.5254237288135594,0.033660255620767396,-0.21332458748126254,0.28648530910450254,0.07090753025744469,0.03724727463667729,83.10169491525424,453.65930765583045,0.11701185399676894,0.0,1.0,8.0
BEATUSD,atr_banded,5.0,1.0,ae6a6e9cb738,62961.0,1965.0,ok,477.0,2.181922142278553,218.61458333333334,42.0,114.0,10000.0,-2172.6952252756955,7827.304774724306,-21.726952252756956,24.535190892576708,1424.236844778,-126.69161950230982,-2299.3868447780005,12108.979556136444,-14281.67478141214,66.16928719200243,-48.577125106844015,87.57300252610806,-62.2358726009371,0.8478683166694498,0.3836477987421384,-0.10007825640873,-0.21536546560634884,0.01631768073488481,-0.024487413022643477,0.07559084338608653,16.454926624737947,226.16731517509663,0.23821675411059645,0.0,1.5,2.0
BEATUSD,atr_banded,5.0,1.0,64423a0eab03,62961.0,1514.0,ok,249.0,1.1389908038309429,218.61458333333334,0.0,7.0,10000.0,-589.8427264070865,9410.157273592886,-5.898427264070865,13.604026493993457,486.99618017,-110.008453762911,-699.8511801700133,6808.7323575030705,-7398.575083910157,68.08732357503071,-49.6548663349675,85.09322830929884,-66.4167937560912,0.9202761721388987,0.40160642570281124,-0.04630268990683471,-0.19541468209731028,0.11124985007323833,0.0013605910846006843,0.047663280991435394,56.15261044176707,389.3728222996532,0.14995904079116912,0.0,1.5,4.0
BEATUSD,atr_banded,5.0,1.0,beae9500eeeb,62961.0,615.0,ok,57.0,0.2607328346119026,218.61458333333334,0.0,1.0,10000.0,-239.20185424306842,9760.798145756933,-2.392018542430684,3.1158571465732505,92.173950878,-1.4340966349305961,-240.63595087799513,1468.1539373322828,-1707.3557915753508,69.91209225391823,-47.42654976598197,87.78327445134039,-59.42110980105289,0.8598992339948311,0.3684210526315789,-0.08339723093020736,-0.38956109738717204,0.2218296384543522,-0.04594399278198384,0.037453238148223524,104.0,453.76175548589276,0.11772803202614673,0.0,1.5,8.0
BEATUSD,atr_banded,5.0,1.0,ddd76a9fda2b,62961.0,1965.0,ok,448.0,2.0492685948444276,218.61458333333334,40.0,87.0,10000.0,-1601.7038808050356,8398.296119194967,-16.01703880805036,21.53320373540733,1359.2757103640001,-82.69482955897251,-1684.3987103640047,13063.771346159916,-14665.47522696495,87.67631775946252,-49.04841213031756,113.09520788165396,-63.13930440507329,0.890784045111608,0.3325892857142857,-0.07373891438164366,-0.20688683826456902,0.057114529259738936,0.0010322839787789229,0.07477119836042258,23.265625,227.14240922481397,0.2355840976097266,0.0,2.0,2.0
BEATUSD,atr_banded,5.0,1.0,bdebe113889d,62961.0,1514.0,ok,223.0,1.0200600371658646,218.61458333333334,0.0,9.0,10000.0,-1503.2250550160634,8496.774944983938,-15.032250550160633,18.396439224893495,430.3149582,-34.5989031839359,-1537.8239582000042,5841.79088466332,-7345.015939679382,84.66363600961333,-47.69490869921677,107.65197770375583,-69.50030346309117,0.7953408042458681,0.3094170403587444,-0.14279093746267688,-0.3178727254101275,0.03213568361181229,-0.09615995663059176,0.04663098083208511,73.60986547085201,391.01657884590713,0.1468268730694056,0.0,2.0,4.0
BEATUSD,atr_banded,5.0,1.0,a7ed0305cf62,62961.0,615.0,ok,54.0,0.2470100538428551,218.61458333333334,0.0,1.0,10000.0,-270.34124805574936,9729.65875194426,-2.7034124805574935,3.4602066904818103,89.32193978,24.02430827575,-246.31693977999566,1477.2902421623482,-1747.6314902180975,86.8994260095499,-47.23328351940804,110.65114479399622,-59.42110980105289,0.8453099239920357,0.3148148148148148,-0.09756580571004803,-0.42604176154138457,0.27217822879250986,-0.0601726899234686,0.03739311578657941,119.87037037037037,453.9094532639658,0.11757639451755914,0.0,2.0,8.0
BEATUSD,atr_adx,5.0,1.0,6d2bde0b26d0,62961.0,3043.0,ok,676.0,3.092199933292038,218.61458333333334,39.0,629.0,10000.0,-2240.687317983719,7759.312682016301,-22.406873179837188,24.750845457842544,1587.143948934,-3.585630950273206,-2179.986632041978,8747.808532421595,-10988.495850405314,19.836300527033096,-46.75955681023538,31.843097465842767,-63.182459470234804,0.7960878951507208,0.6523668639053254,-0.07388706987120436,-0.13085526519771745,-0.021613021303361894,-0.004643295927737951,0.06924377394346641,6.300295857988166,251.02687447928537,0.2181517524742893,0.14792899408284024,0.5,2.0
BEATUSD,atr_adx,5.0,1.0,310418310d96,62961.0,2054.0,ok,340.0,1.5552484871587173,218.61458333333334,0.0,186.0,10000.0,-1313.692215128959,8686.307784871049,-13.13692215128959,15.018199459719419,580.896082848,35.65113228096471,-1278.0410828479853,4638.990822640439,-5952.683037769398,21.37783789235225,-48.39579705503576,31.262957574559167,-62.330877046090286,0.7793109079059535,0.638235294117647,-0.08174929303420657,-0.1576927989861568,-0.003774210864551361,-0.03370456716624319,0.04804472586796339,20.6,368.3263046824244,0.15117898435797286,0.0,0.5,4.0
BEATUSD,atr_adx,5.0,1.0,04f32e110040,62961.0,754.0,ok,59.0,0.26988135512460093,218.61458333333334,0.0,6.0,10000.0,187.31082673092934,10187.310826730936,1.8731082673092936,3.413867651254332,85.00681720199998,-7.933643932928597,179.3771827980072,1037.6673550396174,-850.356528308688,24.131798954409707,-53.147283019293,40.78833121757467,-62.83274881077081,1.2202732859633363,0.7288135593220338,0.06419369456267164,-0.1130488222359701,0.23786424505519005,0.1019848162213805,0.037791121658708814,54.71186440677966,444.74854601436914,0.11876450937049483,0.0,0.5,8.0
BEATUSD,atr_adx,5.0,1.0,3e2825ddfa53,62961.0,3043.0,ok,636.0,2.909229523038071,218.61458333333334,37.0,564.0,10000.0,-1882.7545791489524,8117.245420851036,-18.827545791489523,22.23387983945636,1603.7981162560002,-6.325537107040603,-1816.3637843860033,11408.940087833258,-13291.694666982212,31.691500243981274,-48.158314010805114,44.169763359485486,-64.6328459143148,0.8583510510645502,0.5660377358490566,-0.06389153700359325,-0.12999552819988278,0.007422289785005914,0.005398683005178791,0.06929022000877204,8.871069182389936,251.02687447928537,0.2183512897180121,0.15723270440251574,0.75,2.0
BEATUSD,atr_adx,5.0,1.0,507eeeee65b7,62961.0,2054.0,ok,314.0,1.4363177204936388,218.61458333333334,0.0,153.0,10000.0,-1269.2361082544462,8730.763891745572,-12.692361082544462,17.400546021626877,575.197256934,78.0818513204497,-1191.1542569339872,5755.255702374261,-7024.491810628706,33.46078896729222,-49.4682521875261,47.51465451461476,-64.21256390031188,0.8193127499509683,0.5477707006369427,-0.08500779086989771,-0.17968406174889015,0.01818192386574801,-0.03676589591592093,0.04824189495397677,29.085987261146496,365.0253600191691,0.1518315833538055,0.0,0.75,4.0
BEATUSD,atr_adx,5.0,1.0,8bbecddc9b1f,62961.0,754.0,ok,54.0,0.2470100538428551,218.61458333333334,0.0,3.0,10000.0,265.8238137525501,10265.823813752557,2.658238137525501,2.872897879622886,80.93678251799999,-43.01959627054971,222.8042174820057,1252.5705578536624,-986.7467441011122,35.78773022439035,-51.93403916321643,55.06556764226494,-63.41803323435203,1.2693941635396075,0.6481481481481481,0.09901252133402928,-0.12023725403349292,0.31909840679949114,0.1366228037058729,0.03761028237184364,80.88888888888889,448.284444233562,0.11824415609962893,0.0,0.75,8.0
BEATUSD,atr_adx,5.0,1.0,ce8f5bf45470,62961.0,3043.0,ok,600.0,2.744556153809501,218.61458333333334,38.0,496.0,10000.0,-1470.5896770093764,8529.41032299062,-14.705896770093762,18.54706220719181,1532.011184728,13.338492281386486,-1457.2511847279893,12677.684175955088,-14148.273852964465,41.97908667534797,-47.47742903679351,59.78639893406073,-61.188178109624815,0.8960587212056793,0.5033333333333333,-0.05060109050851626,-0.12927862757887568,0.029618548644471714,0.018788872312226368,0.06938996282074263,12.12,249.56029352367017,0.2185951586896849,0.0,1.0,2.0
BEATUSD,atr_adx,5.0,1.0,76d014a2d577,62961.0,2054.0,ok,285.0,1.3036641730595129,218.61458333333334,0.0,118.0,10000.0,-657.6435512985817,9342.356448701403,-6.5764355129858165,11.712618984991508,544.7823865319999,41.13416476658711,-616.5093865320086,6603.054755445594,-7260.698306744176,46.83017557053613,-50.42151601905678,77.86863232446072,-64.68298561386727,0.9094242008805513,0.49473684210526314,-0.04502955439639937,-0.16191816851384516,0.07448821485886606,0.0028113176701267057,0.04784087206652609,39.04912280701755,372.33201581027606,0.15063187854449578,0.0,1.0,4.0
BEATUSD,atr_adx,5.0,1.0,d65c8a0c1d0f,62961.0,754.0,ok,53.0,0.2424357935865059,218.61458333333334,0.0,2.0,10000.0,86.64124438065421,10086.64124438066,0.8664124438065421,5.215345569002452,82.77975597799998,-37.05300035865341,49.58824402200298,1308.9417634036708,-1222.3005190230167,45.13592287598865,-50.929188292625696,65.34792205074714,-62.524821498656934,1.070883749971657,0.5471698113207547,0.03639475360734532,-0.22459462086283585,0.29243306461647617,0.07408386908696764,0.037689115479622295,93.9245283018868,446.8599033816405,0.11853789648883165,0.0,1.0,8.0
BEATUSD,atr_adx,5.0,1.0,89f9cdaf84bb,62961.0,3043.0,ok,526.0,2.4060608948396625,218.61458333333334,27.0,400.0,10000.0,-1141.8212803484732,8858.178719651509,-11.418212803484733,14.971973672960395,1466.2995762780001,92.60670407048089,-937.1954965619989,14446.640249986587,-15588.461530335062,67.19367558133297,-50.12367051554682,86.60483444287425,-64.2702493032948,0.9267521507413354,0.40874524714828897,-0.0418580945708313,-0.1447391396918909,0.06088516544217789,0.027469017535435077,0.06932711210626635,19.26425855513308,251.71121089941352,0.21848986548795052,0.19011406844106463,1.5,2.0
BEATUSD,atr_adx,5.0,1.0,9de6a42ad45b,62961.0,2054.0,ok,249.0,1.1389908038309429,218.61458333333334,0.0,80.0,10000.0,-871.4540620817553,9128.545937918228,-8.714540620817553,16.50451599642729,476.12000962,17.858052461760508,-853.5960096200033,6477.478371555953,-7348.9324336377085,66.09671807710157,-48.668426712832506,97.62613877377218,-68.35296341253449,0.8814175977325748,0.39357429718875503,-0.07000390617054554,-0.21631036785674426,0.08021533540676869,-0.022662359701840048,0.04734154646870549,55.208835341365464,383.66675801589514,0.14899536799285665,0.0,1.5,4.0
BEATUSD,atr_adx,5.0,1.0,f32d54ab822d,62961.0,754.0,ok,52.0,0.23786153333015675,218.61458333333334,0.0,2.0,10000.0,-637.0235415109261,9362.976458489073,-6.370235415109262,8.459022493440289,85.475368868,3.3521726429257885,-633.6713688680029,1073.501044343983,-1710.524585854909,59.638946907999056,-50.30954664279144,79.66863333854673,-90.44886109109058,0.627585860630851,0.34615384615384615,-0.2497500662334591,-0.5362790399006017,0.061498764767746524,-0.21208026072263622,0.03766980551082289,117.13461538461539,445.88757880946434,0.11856787122698043,0.0,1.5,8.0
BEATUSD,atr_adx,5.0,1.0,46cfb055642f,62961.0,3043.0,ok,485.0,2.218516224329347,218.61458333333334,25.0,365.0,10000.0,-898.9256406661577,9101.074359333852,-8.989256406661578,17.100744132975016,1395.114209364,77.4644313021644,-821.4612093639898,14990.88967333853,-15889.815314004689,88.70348919135225,-50.284225677230026,112.42941780733929,-66.0832323583948,0.9434275589173223,0.34845360824742266,-0.03304855941575825,-0.1566448033777317,0.10440545477038814,0.03636780424316786,0.06941636365892612,25.709278350515465,255.54918502743791,0.21872069014055934,0.0,2.0,2.0
BEATUSD,atr_adx,5.0,1.0,5dbff6d90caa,62961.0,2054.0,ok,220.0,1.006337256396817,218.61458333333334,0.0,67.0,10000.0,110.43260384520528,10110.432603845224,1.1043260384520528,11.586910917082786,445.08652688,-19.373130725199587,91.05947312001626,7202.376703360319,-7091.944099515113,91.16932535899137,-50.2974758830859,127.14619113018502,-73.81802461737078,1.0155715558802496,0.35909090909090907,0.014358726168371248,-0.16944895394441303,0.20456538651095763,0.0618545314574438,0.047495805289072546,70.22272727272727,386.03454959535134,0.14952198253364762,0.0,2.0,4.0
BEATUSD,atr_adx,5.0,1.0,239cee1d4ab2,62961.0,754.0,ok,50.0,0.22871301281745843,218.61458333333334,0.0,2.0,10000.0,-700.7709610226201,9299.229038977375,-7.007709610226201,9.054929755124013,83.34405887800001,11.722902144620498,-689.0480588779974,1033.132632893833,-1733.9035939164532,68.87550885958886,-49.540102683327234,103.20855593523757,-88.70466817748829,0.5958420275029511,0.3,-0.2864398880493619,-0.6074256966969859,0.06224415158987884,-0.24863542940461883,0.03780445864474308,130.08,444.8319001258286,0.11905588284098434,0.0,2.0,8.0
BEATUSD,hwpr_v2,,,,,,family 'hwpr_v2' does not use an ATR sto,,,,,,,,,,,,,,,,,,,,,,,,,,,,,,,0.5,2.0
BEATUSD,hwpr_v2,,,,,,family 'hwpr_v2' does not use an ATR sto,,,,,,,,,,,,,,,,,,,,,,,,,,,,,,,0.5,4.0
BEATUSD,hwpr_v2,,,,,,family 'hwpr_v2' does not use an ATR sto,,,,,,,,,,,,,,,,,,,,,,,,,,,,,,,0.5,8.0
BEATUSD,hwpr_v2,,,,,,family 'hwpr_v2' does not use an ATR sto,,,,,,,,,,,,,,,,,,,,,,,,,,,,,,,0.75,2.0
BEATUSD,hwpr_v2,,,,,,family 'hwpr_v2' does not use an ATR sto,,,,,,,,,,,,,,,,,,,,,,,,,,,,,,,0.75,4.0
BEATUSD,hwpr_v2,,,,,,family 'hwpr_v2' does not use an ATR sto,,,,,,,,,,,,,,,,,,,,,,,,,,,,,,,0.75,8.0
BEATUSD,hwpr_v2,,,,,,family 'hwpr_v2' does not use an ATR sto,,,,,,,,,,,,,,,,,,,,,,,,,,,,,,,1.0,2.0
BEATUSD,hwpr_v2,,,,,,family 'hwpr_v2' does not use an ATR sto,,,,,,,,,,,,,,,,,,,,,,,,,,,,,,,1.0,4.0
BEATUSD,hwpr_v2,,,,,,family 'hwpr_v2' does not use an ATR sto,,,,,,,,,,,,,,,,,,,,,,,,,,,,,,,1.0,8.0
BEATUSD,hwpr_v2,,,,,,family 'hwpr_v2' does not use an ATR sto,,,,,,,,,,,,,,,,,,,,,,,,,,,,,,,1.5,2.0
BEATUSD,hwpr_v2,,,,,,family 'hwpr_v2' does not use an ATR sto,,,,,,,,,,,,,,,,,,,,,,,,,,,,,,,1.5,4.0
BEATUSD,hwpr_v2,,,,,,family 'hwpr_v2' does not use an ATR sto,,,,,,,,,,,,,,,,,,,,,,,,,,,,,,,1.5,8.0
BEATUSD,hwpr_v2,,,,,,family 'hwpr_v2' does not use an ATR sto,,,,,,,,,,,,,,,,,,,,,,,,,,,,,,,2.0,2.0
BEATUSD,hwpr_v2,,,,,,family 'hwpr_v2' does not use an ATR sto,,,,,,,,,,,,,,,,,,,,,,,,,,,,,,,2.0,4.0
BEATUSD,hwpr_v2,,,,,,family 'hwpr_v2' does not use an ATR sto,,,,,,,,,,,,,,,,,,,,,,,,,,,,,,,2.0,8.0
AKEUSD,atr_arm,5.0,1.0,1567baf6f48c,6009.0,761.0,ok,186.0,8.91462805791313,20.864583333333332,27.0,256.0,10000.0,-599.4338549136257,9400.566145086366,-5.994338549136257,7.103284714970977,481.982088636,-37.575233722381,-637.0090886360103,2722.10712662919,-3321.5409815428156,22.312353496960576,-51.899077836606494,44.49313990018781,-58.350556157201744,0.8195313987560088,0.6559139784946236,-0.06520187819788308,-0.16911407254513872,0.03129970845842781,0.0042128873879550945,0.06941476558583817,7.580645161290323,258.15692484598543,0.21769064194935123,0.0,0.5,2.0
AKEUSD,atr_arm,5.0,1.0,f62f9a3f6a42,6009.0,455.0,ok,85.0,4.073889166250624,20.864583333333332,3.0,67.0,10000.0,-792.1956337518559,9207.804366248143,-7.921956337518559,9.083931902312365,181.29490930799997,-12.250275556144398,-804.445909308004,1054.9234699165272,-1847.1191036683829,21.97757228992765,-49.92213793698332,33.94960386815595,-54.85658834939751,0.5711182715946399,0.5647058823529412,-0.19511422829760475,-0.351137067602061,-0.034009494614891105,-0.1383253433215156,0.05678888497608921,18.44705882352941,312.57909390027845,0.1778333164371987,0.0,0.5,4.0
AKEUSD,atr_arm,5.0,1.0,0d8154c0bad1,6009.0,191.0,ok,22.0,1.054418372441338,20.864583333333332,0.0,7.0,10000.0,-304.85526227524963,9695.14473772475,-3.048552622752496,3.4404776994868373,36.24951567000001,2.8047466052498002,-302.0505156699983,249.60414166545164,-554.4594039407013,22.69128560595015,-50.40540035824558,24.679088273837838,-52.076806210803305,0.4501756844440616,0.5,-0.2867854148401571,-0.6212904934243787,-0.004401119608873896,-0.2443544912944984,0.0424309235456587,40.63636363636363,410.6781242916005,0.13213939662247912,0.0,0.5,8.0
AKEUSD,atr_arm,5.0,1.0,94c23aa8f6ad,6009.0,761.0,ok,161.0,7.716425361957064,20.864583333333332,23.0,235.0,10000.0,-1126.9131850384185,8873.08681496159,-11.269131850384186,12.068681003648098,429.256199816,-45.4400147775886,-1172.3531998159979,2811.3588042843785,-3938.2719893227973,33.871792822703355,-50.49066652977945,56.7752406401878,-54.942992235224516,0.7138559276521182,0.515527950310559,-0.14842507559511958,-0.2865608473159221,-0.017721136049977982,-0.07858665332257092,0.06983842227254865,11.211180124223603,273.6257453238594,0.219126613457901,0.0,0.75,2.0
AKEUSD,atr_arm,5.0,1.0,11ac8507edfc,6009.0,455.0,ok,70.0,3.3549675486769845,20.864583333333332,3.0,57.0,10000.0,-649.4440158427235,9350.555984157267,-6.494440158427235,7.970770502745612,149.073205734,-11.676189891276298,-661.1202057340124,1153.5247026383418,-1802.9687184810653,33.92719713642182,-50.082464402251816,46.00575794415599,-54.891591873475136,0.6397918559619513,0.4857142857142857,-0.19154862467747724,-0.400415823743936,0.013052742812091723,-0.136705883942415,0.054842740735062276,27.057142857142857,336.4643096521002,0.17156122340852115,0.0,0.75,4.0
AKEUSD,atr_arm,5.0,1.0,de515cb4ecbe,6009.0,191.0,ok,19.0,0.9106340489266102,20.864583333333332,0.0,8.0,10000.0,-362.87292832106584,9637.127071678933,-3.6287292832106584,3.8014565159847002,32.330488354,-5.2965600329345985,-368.16948835400035,241.40889426216694,-604.2818225832328,34.486984894595274,-50.35681854860274,37.017856804571416,-52.076806210803305,0.39949719690420715,0.3684210526315789,-0.39450547828816657,-0.7660233807313623,-0.014201092342010642,-0.3544383453062596,0.040067132981906985,54.36842105263158,440.48885879204215,0.12473604438234046,0.0,0.75,8.0
AKEUSD,atr_arm,5.0,1.0,ae190a209e26,6009.0,761.0,ok,151.0,7.237144283574638,20.864583333333332,22.0,215.0,10000.0,-636.9293782392404,9363.070621760768,-6.369293782392403,7.680777900532389,424.559477722,-34.7360994827627,-671.6654777219956,3408.715456830243,-4045.6448350694836,46.69473228534579,-51.86724147524979,69.0573413801878,-57.23989057456265,0.842564188354339,0.48344370860927155,-0.08630929337016305,-0.24029313372309646,0.06398125647777135,-0.015914084142651174,0.0703952092275119,13.112582781456954,269.8992474199008,0.22092016698480496,0.0,1.0,2.0
AKEUSD,atr_arm,5.0,1.0,fba2f87a03ea,6009.0,455.0,ok,56.0,2.683974038941588,20.864583333333332,3.0,44.0,10000.0,-702.6459306319405,9294.91717853216,-7.0264593063194045,9.654479971368175,123.22800104199999,-4.457070410059302,-707.8705745220068,995.7379246397181,-1698.3838552716586,45.260814756350825,-49.95246633151937,58.0619120201559,-54.891591873475136,0.5862855570305976,0.39285714285714285,-0.2596598217202793,-0.5099969189956632,-0.010169110366886398,-0.20438299915996264,0.055276822560316644,33.839285714285715,341.5223249066353,0.17297701131373208,0.0,1.0,4.0
AKEUSD,atr_arm,5.0,1.0,ed3c5148837c,6009.0,191.0,ok,17.0,0.8147778332501249,20.864583333333332,0.0,8.0,10000.0,-289.22303305765837,9710.776966942341,-2.8922303305765835,3.3121071288909114,29.719904056,-5.3068709983418,-294.5299040559985,267.38168955470087,-556.6047226123592,44.563614925783476,-50.60042932839629,49.01068644457154,-52.076806210803305,0.48037984352661645,0.35294117647058826,-0.3494860369657786,-0.805833002316666,0.12776200709421878,-0.3085941898423747,0.04089184712340383,70.3529411764706,424.90931076178964,0.12727780336663058,0.0,1.0,8.0
AKEUSD,atr_arm,5.0,1.0,1a0cc106f3fb,6009.0,761.0,ok,131.0,6.278582126809786,20.864583333333332,20.0,180.0,10000.0,-1213.910387681564,8786.089612318432,-12.139103876815641,13.040198135397715,367.073987458,-33.02459977644,-1122.4058949580067,3146.673184824509,-4360.583572506072,69.92607077387798,-50.704460145419446,93.55855772818788,-56.806734079436275,0.7216174469547165,0.3435114503816794,-0.19552234692301235,-0.4029678471046538,-0.0004392397652181736,-0.12801193518501378,0.06751041173799856,17.69465648854962,275.17792726918196,0.2118763163862059,0.7633587786259541,1.5,2.0
AKEUSD,atr_arm,5.0,1.0,90d98bcf760c,6009.0,455.0,ok,48.0,2.3005491762356467,20.864583333333332,3.0,34.0,10000.0,-286.3072804207124,9711.149876967911,-2.863072804207124,5.886257522969689,106.64444445199999,-6.9801640312885045,-294.08839069200803,1214.697316101407,-1501.0045965221195,71.45278330008277,-48.419503113616756,84.85699391603191,-54.85658834939751,0.8092562267403468,0.3541666666666667,-0.1222939178349598,-0.44850443301199927,0.22482315768676842,-0.06849764597008105,0.05379627186487873,46.75,364.9403465329104,0.16831289222969836,0.0,1.5,4.0
AKEUSD,atr_arm,5.0,1.0,b3f56cba0e18,6009.0,191.0,ok,14.0,0.670993509735397,20.864583333333332,0.0,5.0,10000.0,-149.9782449210118,9850.021755078991,-1.499782449210118,2.6389346238533107,25.123747116000004,-6.4245021949884995,-156.40274711599886,305.8905298447195,-455.86877476573125,61.178105968943896,-50.65208608508125,73.05135870457167,-53.70420640489091,0.6710056638599894,0.35714285714285715,-0.217392293092773,-0.7621898781811868,0.4159326696357706,-0.17526679899490322,0.04212549409786974,99.78571428571429,410.6781242916005,0.13108231102583606,0.0,1.5,8.0
AKEUSD,atr_arm,5.0,1.0,5104b68fd7d7,6009.0,761.0,ok,123.0,5.895157264103845,20.864583333333332,18.0,167.0,10000.0,-1182.4050828830457,8817.594917116956,-11.824050828830456,15.129362985911174,353.89342315600004,-24.6483402729595,-1057.7501787359997,3340.2398940447533,-4522.644976927799,95.43542554413581,-51.39369291963408,119.93373874406394,-56.94091922559632,0.7385589430709096,0.2845528455284553,-0.20270218375615612,-0.42858673320171065,0.045307886598542194,-0.1359708415847533,0.06673134217140274,20.252032520325205,274.50689970130014,0.2094730356506469,0.8130081300813009,2.0,2.0
AKEUSD,atr_arm,5.0,1.0,1245719458bf,6009.0,455.0,ok,41.0,1.965052421367948,20.864583333333332,3.0,25.0,10000.0,-436.7064746099293,9560.750682778693,-4.367064746099293,7.090620502755239,94.404645488,-1.3431708780703002,-438.85059172801084,1025.1330647645052,-1461.839539374434,93.19391497859138,-48.727984645814466,106.31752100815586,-61.03990291244541,0.7012623732993233,0.2682926829268293,-0.21388582485450744,-0.6016739805179868,0.20233917876844987,-0.16057137342273003,0.05331445143177744,58.58536585365854,372.19674602675946,0.16692361884572052,0.0,2.0,4.0
AKEUSD,atr_arm,5.0,1.0,2c1189672370,6009.0,191.0,ok,11.0,0.527209186220669,20.864583333333332,0.0,5.0,10000.0,-265.14227358820983,9734.857726411792,-2.6514227358820985,3.0972014334836966,22.121028457999998,-5.5977548697903,-270.74002845799987,138.84674882125478,-403.98902240946467,46.28224960708493,-50.49862780118308,95.52414726096458,-52.076806210803305,0.34368941015562077,0.2727272727272727,-0.4974564171829437,-1.0318349242856106,0.17048837278031406,-0.4541957280960839,0.04326068908685981,126.81818181818181,396.4469378214114,0.1347994376876508,0.0,2.0,8.0
AKEUSD,wpr_only,5.0,1.0,2c570c3c53d5,6009.0,2337.0,ok,231.0,11.07139291063405,20.864583333333332,114.0,799.0,10000.0,-509.73069443982945,9490.269305560187,-5.097306944398294,7.230991450767293,586.974034606,-28.361340166167096,-387.697743609986,3373.163416351359,-3882.8941107911887,21.762344621621672,-51.09071198409459,31.251092572777765,-57.93115633346002,0.8687240290629595,0.670995670995671,-0.043971057296568576,-0.1371749168160904,0.04197356200132876,0.026166852724927945,0.07013791002149654,7.45021645021645,260.2230483271382,0.2198483168167216,0.8658008658008658,0.5,2.0
AKEUSD,wpr_only,5.0,1.0,f5c9189ca21a,6009.0,1492.0,ok,96.0,4.601098352471293,20.864583333333332,0.0,196.0,10000.0,-188.53963094732927,9811.46036905266,-1.8853963094732928,3.592967204863233,200.78751911,-19.4458881626692,-207.98551911000868,1493.1754275451722,-1681.7150584925012,23.330866055393315,-52.55359557789066,35.54675301978401,-56.980660722312095,0.8878884802777844,0.6666666666666666,-0.038164749541907524,-0.18661242473646067,0.10650297330825091,0.016529297530091778,0.05469404707199932,22.5,342.39554854300013,0.17120215691122675,0.0,0.5,4.0
AKEUSD,wpr_only,5.0,1.0,328efc7cd120,6009.0,728.0,ok,32.0,1.5336994508237645,20.864583333333332,0.0,23.0,10000.0,305.6548990342423,10305.654899034234,3.056548990342423,2.109498585225707,45.310822148,-0.9477211822425003,304.7071778519967,628.7001634860443,-323.0452644518019,24.180775518694013,-53.84087740863365,26.611407047795005,-56.68934054280173,1.9461674033604224,0.8125,0.19132074521083908,-0.04520785429436745,0.38526370824150036,0.22984711361880342,0.038526368407964334,40.6875,449.8340624920793,0.11995679082628061,0.0,0.5,8.0
AKEUSD,wpr_only,5.0,1.0,dd4b974b8360,6009.0,2337.0,ok,207.0,9.921118322516227,20.864583333333332,80.0,711.0,10000.0,-1021.652961522316,8978.347038477685,-10.21652961522316,12.347698690366068,534.180624384,-51.8126628616826,-899.2022429099961,3689.218195316489,-4710.871156838806,32.93944817246865,-49.58811744040849,52.671516185303986,-57.93115633346002,0.7831286555058556,0.5410628019323671,-0.10353155819561019,-0.2246056222285817,0.01432794596311149,-0.034028008183521176,0.069503550012089,10.657004830917874,267.8974564792059,0.21805479928768967,0.966183574879227,0.75,2.0
AKEUSD,wpr_only,5.0,1.0,9f03c81689e2,6009.0,1492.0,ok,83.0,3.978032950574139,20.864583333333332,0.0,175.0,10000.0,-20.594177461292176,9979.405822538707,-0.20594177461292174,4.112713816201383,174.348705362,-23.866527900705897,-44.46070536199841,1758.5617877109844,-1779.1559651722769,35.889016075734375,-52.32811662271403,47.91983228378395,-56.980660722312095,0.9884247486648545,0.5903614457831325,-0.003248283879339312,-0.19896764370425696,0.18527081929817993,0.04982909316792983,0.053077377047269156,28.337349397590362,365.1398540436856,0.1658147122485467,0.0,0.75,4.0
AKEUSD,wpr_only,5.0,1.0,9959b3306a38,6009.0,728.0,ok,24.0,1.1502745881178233,20.864583333333332,0.0,11.0,10000.0,70.7258362791093,10069.695492999108,0.707258362791093,2.1047612717029023,35.791175112000005,0.36898860889020124,70.06448160799664,545.3386160457112,-474.6127797666019,36.35590773638075,-52.73475330740021,38.804537531849846,-54.98345904464505,1.149017976957742,0.625,0.06354960697465682,-0.30091962542384837,0.3687655410431793,0.10137081869733468,0.03782121172267789,59.791666666666664,453.73923336089683,0.11750299194460127,0.0,0.75,8.0
AKEUSD,wpr_only,5.0,1.0,5536e003be2a,6009.0,2337.0,ok,189.0,9.058412381427859,20.864583333333332,71.0,643.0,10000.0,-1350.5061832478677,8649.49381675214,-13.505061832478676,18.021737056315974,487.17128989599996,-45.61610664813,-1102.7271046339883,3715.7799174957445,-5066.286100743613,43.715057852891114,-48.71428943022705,64.49472524930401,-57.93115633346002,0.7334327046690778,0.4497354497354497,-0.15256939433722166,-0.2896927291627563,-0.00746091410969687,-0.08396527534380623,0.06860411899341544,13.83068783068783,267.8974564792059,0.21503709404357746,1.5873015873015872,1.0,2.0
AKEUSD,wpr_only,5.0,1.0,d4527a09260f,6009.0,1492.0,ok,65.0,3.1153270094857715,20.864583333333332,0.0,131.0,10000.0,125.63740750085185,10125.637407500846,1.2563740750085186,4.602918983286269,129.677476702,-17.5978842028517,108.03952329799904,1689.0068167261732,-1563.3694092253218,48.257337620747805,-52.11231364084406,60.25891957178393,-57.00951107842956,1.0803632249418946,0.5384615384615384,0.042072494125926035,-0.2037541549373544,0.27969028719525096,0.09171334841153676,0.04964085428561069,42.01538461538462,376.54060640142603,0.15520931707154875,0.0,1.0,4.0
AKEUSD,wpr_only,5.0,1.0,0fea4393ac26,6009.0,728.0,ok,23.0,1.1023464802795806,20.864583333333332,0.0,9.0,10000.0,216.44939000775418,10215.41904672775,2.1644939000775416,2.126989430046892,35.12208253199999,-5.0524725397543,210.36657418799768,693.8910104887864,-477.44162048103203,49.563643606341884,-53.049068942336895,53.53585246973496,-56.68934054280173,1.4533525790853283,0.6086956521739131,0.19154258468297078,-0.2526687295849996,0.5574050424026694,0.22954166061443554,0.037999075931464794,67.34782608695652,450.8317747809838,0.11804230334865917,0.0,1.0,8.0
AKEUSD,wpr_only,5.0,1.0,eeb0bcbce7f8,6009.0,2337.0,ok,166.0,7.956065901148278,20.864583333333332,61.0,550.0,10000.0,-361.0825990595864,9638.917400940434,-3.6108259905958637,9.868216341458911,473.6129496179999,-66.1283505584109,-427.2109496179746,4812.444147368978,-5173.526746428564,71.82752458759668,-52.257845923520854,88.19513063330396,-57.93115633346002,0.9302057152195352,0.4036144578313253,-0.040866549812115856,-0.2297182553128171,0.14391277908299446,0.02655801376972027,0.06742456358183613,17.63855421686747,281.748457007638,0.21156039273385807,0.0,1.5,2.0
AKEUSD,wpr_only,5.0,1.0,9627adad441d,6009.0,1492.0,ok,47.0,2.252621068397404,20.864583333333332,0.0,77.0,10000.0,-46.37862345570528,9950.990850907448,-0.4637862345570528,4.417493318626186,103.78223736799998,-9.951613912294,-57.14628761799759,1379.8764332995406,-1426.2550567552455,72.62507543681792,-50.93768059840163,85.00507809978394,-56.15710336000005,0.9674822373207096,0.40425531914893614,-0.015212302189973067,-0.36357855414506046,0.3469522627561575,0.03754817934826114,0.05276048153823419,58.297872340425535,436.3683730623945,0.16509453594625198,0.0,1.5,4.0
AKEUSD,wpr_only,5.0,1.0,82c67e11d27f,6009.0,728.0,ok,16.0,0.7668497254118822,20.864583333333332,0.0,3.0,10000.0,381.47743586296207,10382.47486178527,3.8147743586296206,1.580987104890972,26.559297548,-10.4117334109622,370.1760739720012,703.2804690007749,-321.80303313781275,70.3280469000775,-53.63383885630213,81.94149423978843,-57.77922814861006,2.185437663975012,0.625,0.47929298993542624,-0.1311252205312683,1.0434196668893227,0.5190140070045204,0.039721017069094144,101.0,452.9093418654347,0.12385688273596798,0.0,1.5,8.0
AKEUSD,wpr_only,5.0,1.0,461613bee59c,6009.0,2337.0,ok,139.0,6.662006989515727,20.864583333333332,36.0,465.0,10000.0,-1395.2467378889287,8604.753262111048,-13.952467378889285,19.749275370588002,367.32684001999996,-20.090102131071607,-1415.336840020018,3402.4048302770075,-4797.6515681659375,87.24114949428224,-47.97651568165938,107.69926917755201,-57.93115633346002,0.709181311300956,0.2805755395683453,-0.2148153009688833,-0.43114157435130596,0.016416577706819823,-0.14793133774943015,0.06688396321945313,24.489208633093526,284.97342815331973,0.209578047157423,0.0,2.0,2.0
AKEUSD,wpr_only,5.0,1.0,247ec2c731ff,6009.0,1492.0,ok,41.0,1.965052421367948,20.864583333333332,0.0,55.0,10000.0,-152.37599787563687,9848.642214526673,-1.5237599787563687,5.946281239134443,95.355272466,6.4177254096372955,-146.8271144659975,1237.3281430501625,-1389.7041409257993,95.17908792693558,-49.63229074734998,109.75123662778397,-56.64121632000006,0.8903536419096181,0.3170731707317073,-0.07409893529572044,-0.4958215065109717,0.3648960066218974,-0.020899043995834303,0.0531998912998862,69.39024390243902,458.4864373890431,0.16630604860526052,0.0,2.0,4.0
AKEUSD,wpr_only,5.0,1.0,e6e58e941c78,6009.0,728.0,ok,15.0,0.7189216175736396,20.864583333333332,0.0,5.0,10000.0,466.92658792797397,10467.924013850285,4.66926587927974,1.5847988283107444,26.929814960000005,-0.5684028879738008,465.46855656000116,791.2863873287795,-324.3597994008055,87.92070970319772,-54.05996656680092,100.06332483033866,-57.77922814861006,2.4395328545354085,0.6,0.6301896444053281,-0.050912904302085484,1.335092143720427,0.6702576420374229,0.04006799763209485,124.53333333333333,456.64669194080994,0.12433576116774624,0.0,2.0,8.0
AKEUSD,adx_only,5.0,1.0,20eb9c5a7e7d,6009.0,215.0,ok,87.0,4.169745381927109,20.864583333333332,4.0,47.0,10000.0,239.04489628695626,10239.044896286958,2.3904489628695624,3.2892977060905095,228.797447276,-22.784343562959602,291.7743280399973,1474.206583028366,-1235.1616867414095,23.034477859818217,-53.702682032235195,48.49193984069983,-57.941725800000214,1.1935332830130134,0.735632183908046,0.05693178251288878,-0.0839703107201076,0.19474853395180117,0.12693006039102303,0.0699982778781342,6.67816091954023,287.6430149157431,0.21956405788403086,1.1494252873563218,0.5,2.0
AKEUSD,adx_only,5.0,1.0,a24f3e81a670,6009.0,134.0,ok,37.0,1.7733399900149776,20.864583333333332,0.0,17.0,10000.0,-418.73784447056494,9581.262155529437,-4.187378444705649,4.9388759477872375,79.96723105199997,-6.930386581434501,-425.6682310519991,457.6043918803153,-876.3422363508802,22.880219594015763,-51.549543314757656,33.47692499240398,-55.22127819065205,0.5221754388853789,0.5405405405405406,-0.2300706633187427,-0.47605215609636675,0.021971857994424634,-0.1754080703766291,0.0546625929421137,19.594594594594593,297.07398601727607,0.1715792222063808,0.0,0.5,4.0
AKEUSD,adx_only,5.0,1.0,be44b73521b9,6009.0,64.0,ok,10.0,0.4792810783824264,20.864583333333332,0.0,1.0,10000.0,22.475893297709703,10022.47589329771,0.22475893297709704,1.4328962955170028,12.951656700000001,3.958450002290199,26.434343300001274,164.9242463194108,-142.4483530217011,23.560606617058685,-47.48278434056704,25.57112715057595,-52.40409203119735,1.157782752983361,0.7,0.04621722923717432,-0.39478313360331097,0.4771591603357238,0.08196835021709481,0.035751120979920496,71.6,461.40087211491107,0.11060731728139821,0.0,0.5,8.0
AKEUSD,adx_only,5.0,1.0,821dde5c95a0,6009.0,215.0,ok,79.0,3.7863205192211686,20.864583333333332,4.0,46.0,10000.0,55.50036547627337,10055.500365476279,0.5550036547627337,4.570814804739631,217.581995648,-30.210361124276695,113.2628386360011,1713.8550441407367,-1658.3546786644633,35.70531341959868,-53.49531221498269,61.599557534575965,-64.39819523939018,1.033467126297114,0.6075949367088608,0.016009287522331092,-0.17868382177374856,0.20250174525518266,0.08562958032449103,0.06962029280215994,10.734177215189874,295.8780623742942,0.21845048918534343,1.2658227848101267,0.75,2.0
AKEUSD,adx_only,5.0,1.0,da6265cfd447,6009.0,134.0,ok,30.0,1.4378432351472792,20.864583333333332,0.0,12.0,10000.0,-65.81981854129762,9931.525699071864,-0.6581981854129763,3.2611138834369195,63.238045224000004,-1.1032266827017998,-67.76305222399787,597.1947944970326,-663.0146130383303,35.12910555864897,-51.00112407987156,45.59606420040392,-55.034966184108946,0.9007264436606128,0.5666666666666667,-0.041439357083138326,-0.3472315147072995,0.2565278903783747,0.01352126323787278,0.054960620321011094,32.9,308.95059916402903,0.17175076666297068,0.0,0.75,4.0
AKEUSD,adx_only,5.0,1.0,b437b0f55cfb,6009.0,64.0,ok,10.0,0.4792810783824264,20.864583333333332,0.0,1.0,10000.0,-63.58165924674241,9936.418340753256,-0.6358165924674242,1.9443024574546326,14.365539390000002,1.5871198567423994,-61.99453938999977,179.58284495530108,-243.16450420204353,35.91656899106022,-48.63290084040871,38.26552211415622,-52.40409203119735,0.7385240931632319,0.5,-0.1266459565068731,-0.6610536355294903,0.40131394914428664,-0.09089483552695271,0.035751120979920496,80.0,461.40087211491107,0.11089410622024502,0.0,0.75,8.0
AKEUSD,adx_only,5.0,1.0,8822505d8858,6009.0,215.0,ok,74.0,3.546679980029955,20.864583333333332,4.0,42.0,10000.0,204.87717982751252,10204.877179827512,2.048771798275125,4.634609372683573,208.35705639999998,-25.663236227514,279.64583685199796,2000.2226446940806,-1795.345464866568,48.78591816327026,-54.40440802625963,74.06061603057577,-65.75394671811418,1.1141157419765668,0.5540540540540541,0.05946895441009606,-0.16923229808726084,0.30182853690568073,0.12739379907695128,0.06792484466685526,13.85135135135135,300.50054044507806,0.21313644209912527,1.3513513513513513,1.0,2.0
AKEUSD,adx_only,5.0,1.0,88d2c6a947a0,6009.0,134.0,ok,26.0,1.2461308037943086,20.864583333333332,0.0,9.0,10000.0,-335.03565893912383,9662.30985867404,-3.350356589391238,5.194496818187308,56.650506922000005,-0.6968479828755987,-336.57251392199396,471.45856250962464,-806.4942214487485,47.14585625096247,-50.40588884054678,57.74419656440396,-55.034966184108946,0.5845777315833938,0.38461538461538464,-0.2648251266579872,-0.6497352676055319,0.12976068959162423,-0.21126310478824667,0.05356202186974053,45.19230769230769,319.29378924870156,0.1673431322721251,0.0,1.0,4.0
AKEUSD,adx_only,5.0,1.0,6e73e2956e15,6009.0,64.0,ok,8.0,0.3834248627059411,20.864583333333332,0.0,0.0,10000.0,-99.70133107510772,9901.156202805258,-0.9970133107510772,1.9443024574546326,11.892102148,3.3542289271075996,-97.25667733799855,143.4631731269358,-243.16450420204353,47.8210577089786,-48.63290084040871,50.13632296215617,-52.40409203119735,0.5899840258253044,0.375,-0.25021397370299375,-0.804434275938078,0.4869310833372212,-0.2153539932266878,0.03485998047630604,87.0,472.78099068135487,0.10806864598087872,0.0,1.0,8.0
AKEUSD,adx_only,5.0,1.0,9b74cc93a5b2,6009.0,215.0,ok,66.0,3.163255117324014,20.864583333333332,4.0,32.0,10000.0,398.05963828990866,10398.059638289906,3.980596382899087,5.391423184080659,184.26773479999997,-10.442373089910298,638.4599373759975,2317.8771512741723,-1919.8175129842639,74.77023068626362,-54.85192894240754,100.36211923245193,-66.43182245747619,1.207342435204242,0.4696969696969697,0.12303327005590864,-0.19140273787548548,0.40599077638955144,0.1879368630793407,0.06490359302343206,21.303030303030305,313.8218169062943,0.2036999246272378,3.0303030303030303,1.5,2.0
AKEUSD,adx_only,5.0,1.0,cb3bece8ab10,6009.0,134.0,ok,25.0,1.1982026959560659,20.864583333333332,0.0,5.0,10000.0,-531.8741857992363,9465.577511109397,-5.318741857992363,5.72573190337689,58.775228821999995,1.3359569772375,-531.3446355419928,429.3760788936415,-961.2502646928776,71.56267981560691,-50.59211919436198,81.98247498040385,-55.034966184108946,0.4466850045870504,0.24,-0.4389934220291641,-0.8426541014502187,0.0013484435283352284,-0.38508518051512064,0.05390824151404346,50.64,314.12253374870335,0.16901803197180107,0.0,1.5,4.0
AKEUSD,adx_only,5.0,1.0,101a1d7ae065,6009.0,64.0,ok,7.0,0.3354967548676985,20.864583333333332,0.0,0.0,10000.0,-214.31753368491252,9786.540000195455,-2.1431753368491253,2.8431299588490946,11.38934448,12.4841892049124,-202.74291966999772,69.191529894455,-283.50906357936753,69.191529894455,-47.25151059656125,69.191529894455,-52.40409203119735,0.2440540313628634,0.14285714285714285,-0.6244185207226327,-1.030350256368639,0.09808653239770587,-0.5891651449771734,0.03525337574545934,119.71428571428571,464.39551720718055,0.10961724349709087,0.0,1.5,8.0
AKEUSD,adx_only,5.0,1.0,b5acf63ba5bf,6009.0,215.0,ok,57.0,2.7319021467798303,20.864583333333332,4.0,28.0,10000.0,296.52288824531087,10296.522888245312,2.965228882453109,4.593184594380702,162.856289428,20.2498223266871,467.232477931997,2178.1153362208024,-1881.592447975491,99.00524255549102,-53.75978422787117,116.80179484101453,-62.78597131884424,1.1575914532205722,0.38596491228070173,0.1094861394787572,-0.26539007717911595,0.48674603983051035,0.17428236619269177,0.06479622671393462,32.35087719298246,302.5031410070554,0.20304969349324206,1.7543859649122806,2.0,2.0
AKEUSD,adx_only,5.0,1.0,8f0add012268,6009.0,134.0,ok,24.0,1.1502745881178233,20.864583333333332,0.0,4.0,10000.0,-346.01087210710074,9651.334645506056,-3.4601087210710078,4.331109992061501,56.880794056,2.8290780511013995,-344.02180105599655,574.3021239555072,-920.3129960626079,95.7170206592512,-51.128499781256,106.24974655240396,-55.034966184108946,0.624029136187965,0.25,-0.28945524547591045,-0.795393521770005,0.2424716344268799,-0.23539661235608209,0.05405863311982834,55.791666666666664,316.04003647327886,0.16918808753413514,0.0,2.0,4.0
AKEUSD,adx_only,5.0,1.0,9fbb985af08a,6009.0,64.0,ok,7.0,0.3354967548676985,20.864583333333332,0.0,0.0,10000.0,-191.8979676269325,9808.959566253434,-1.9189796762693252,2.8528790742692944,11.39486688,13.4591007469324,-179.34844206999878,91.61109595243502,-283.50906357936753,91.61109595243502,-47.25151059656125,91.61109595243502,-52.40409203119735,0.32313286494556376,0.14285714285714285,-0.5560192649588312,-1.030350256368639,0.3032842996891102,-0.520765889213372,0.03525337574545934,123.71428571428571,464.39551720718055,0.10958359676926387,0.0,2.0,8.0
AKEUSD,atr_banded,5.0,1.0,5d0bd0991cb2,6009.0,182.0,ok,72.0,3.45082376435347,20.864583333333332,9.0,29.0,10000.0,-98.7579297980038,9901.242070202003,-0.987579297980038,3.467027356907749,191.81049861399998,-23.282568815997,-122.04049861399653,1086.0499986316756,-1184.8079284296798,22.164285686360728,-51.513388192594775,27.382913366686225,-56.11180067583989,0.9166464644367329,0.6805555555555556,-0.026908179945936698,-0.1946583655285349,0.12505811636637362,0.046057236568281396,0.07296541651421806,6.444444444444445,249.0179902753679,0.22846276056180484,0.0,0.5,2.0
AKEUSD,atr_banded,5.0,1.0,8d0a8ca5bf5b,6009.0,119.0,ok,38.0,1.8212680978532203,20.864583333333332,1.0,13.0,10000.0,48.227705755643285,10048.227705755655,0.48227705755643285,1.8316622340853244,76.65505340799999,-3.155759163642598,45.071946592010136,619.795302145541,-571.5675963898977,22.955381560945963,-51.960690580899794,27.940539959935972,-55.61848540980581,1.0843779564486444,0.7105263157894737,0.02681259168352602,-0.21128896936082722,0.23034333557438483,0.08121768690098101,0.054405095217454964,18.605263157894736,313.5505155250647,0.170006607005334,0.0,0.5,4.0
AKEUSD,atr_banded,5.0,1.0,e93c952cf0fb,6009.0,55.0,ok,12.0,0.5751372940589117,20.864583333333332,0.0,0.0,10000.0,-167.46428456655755,9832.535715433445,-1.6746428456655755,2.162956782158926,19.655224842,3.0760597245572994,-164.38822484199773,139.72277340082485,-307.18705796738243,23.287128900137475,-51.197842994563736,24.979769518277617,-53.80390697729488,0.454845898539322,0.5,-0.2889367854500879,-0.6923207920789117,0.10270991330980137,-0.24821643721449824,0.0407203482355897,54.333333333333336,439.65233181908826,0.1269752658622443,0.0,0.5,8.0
AKEUSD,atr_banded,5.0,1.0,ad9053359a1c,6009.0,182.0,ok,71.0,3.4028956565152275,20.864583333333332,8.0,27.0,10000.0,117.57164529699367,10117.571645297,1.1757164529699367,4.183428975949037,193.59027056800005,-17.918915864994297,99.65272943200398,1503.5452051586096,-1385.9735598616157,34.171481935422946,-51.33235406894873,40.57910362171691,-56.97505914777588,1.084829645169229,0.6197183098591549,0.0342554258303211,-0.16737867182254765,0.23109708284861472,0.10758463794279176,0.07332921211247069,8.830985915492958,248.2261307694078,0.22995869588647572,0.0,0.75,2.0
AKEUSD,atr_banded,5.0,1.0,47ad82c55a16,6009.0,119.0,ok,33.0,1.581627558662007,20.864583333333332,1.0,6.0,10000.0,42.19070671131363,10042.190706711319,0.4219070671131363,1.9367147868172163,67.726942344,-12.700649055313,29.490057656006684,712.4425711867756,-670.251864475462,35.622128559338776,-51.55783572888169,43.715182410923795,-54.05439876000005,1.0629475409879419,0.6060606060606061,0.026825900845149183,-0.2918268904171685,0.3112350551326355,0.07993970260510866,0.053113801759959486,31.21212121212121,339.7358943577413,0.16597709239059696,0.0,0.75,4.0
AKEUSD,atr_banded,5.0,1.0,a9337b0a76a0,6009.0,55.0,ok,12.0,0.5751372940589117,20.864583333333332,0.0,0.0,10000.0,-93.7283494828092,9906.271650517192,-0.9372834948280919,1.715799147597554,19.66094855,2.3314009328089,-91.39694855000016,213.45870848457324,-307.18705796738243,35.57645141409554,-51.197842994563736,37.20265343827765,-53.80390697729488,0.6948818413672837,0.5,-0.1626211436247732,-0.6297414818332369,0.29270226339391103,-0.12190079538918357,0.0407203482355897,58.833333333333336,439.65233181908826,0.1265219249473445,0.0,0.75,8.0
AKEUSD,atr_banded,5.0,1.0,e4572321b76b,6009.0,182.0,ok,70.0,3.3549675486769845,20.864583333333332,8.0,21.0,10000.0,109.85460783750963,10109.854607837511,1.0985460783750964,4.059314665209001,202.65894737,-21.630555207510298,88.22405262999928,1770.3996009308803,-1660.5449930933705,46.58946318239159,-51.89203103416783,52.31433413820185,-56.97505914777588,1.0661557550650076,0.5428571428571428,0.03324485931683033,-0.2034695084844048,0.26470121761844806,0.10674411407914486,0.07349925476231456,10.514285714285714,246.11615463723882,0.23055221560888528,0.0,1.0,2.0
AKEUSD,atr_banded,5.0,1.0,7b0ff7abdc86,6009.0,119.0,ok,30.0,1.4378432351472792,20.864583333333332,1.0,3.0,10000.0,148.43188959345946,10148.431889593472,1.4843188959345948,1.7720183671647338,62.27314794999999,-13.119037543458198,135.31285205001222,820.0923762126548,-671.6604866191954,48.24072801250911,-51.666191278399644,56.01408426692372,-54.05439876000005,1.2209924397080312,0.5666666666666667,0.10023682240312119,-0.24559373899587036,0.44637715947631396,0.15312609443308658,0.05288927202996541,39.233333333333334,364.53468687640634,0.16546516905952938,0.0,1.0,4.0
AKEUSD,atr_banded,5.0,1.0,7258e7af92c4,6009.0,55.0,ok,9.0,0.43135297054418376,20.864583333333332,0.0,0.0,10000.0,-313.0726478045252,9687.718323547664,-3.1307264780452524,3.5971010254955402,16.75820769,8.461440114524999,-305.4564484400016,45.53748086502955,-358.6101286695548,45.53748086502955,-44.82626608369435,45.53748086502955,-53.80390697729488,0.12698325346797595,0.1111111111111111,-0.7145991710796661,-1.0653474969661771,-0.2535601964767849,-0.6739417913565698,0.04065737972309614,83.66666666666667,458.91565070869353,0.12697780810067913,0.0,1.0,8.0
AKEUSD,atr_banded,5.0,1.0,ae6a6e9cb738,6009.0,182.0,ok,65.0,3.1153270094857715,20.864583333333332,8.0,15.0,10000.0,-295.02115449793706,9704.978845502077,-2.9502115449793704,7.3231641525899285,189.00603381800002,-32.816879320064004,-327.838033817985,1729.95072772552,-2024.9718822234568,69.1980291090208,-50.62429705558642,74.99460873117079,-56.715645549687274,0.8543085180155696,0.38461538461538464,-0.08876246425794226,-0.3641072676348956,0.22305994913201954,-0.017914792950423343,0.07084767130751893,16.43076923076923,249.809849781328,0.22219310615118942,0.0,1.5,2.0
AKEUSD,atr_banded,5.0,1.0,64423a0eab03,6009.0,119.0,ok,24.0,1.1502745881178233,20.864583333333332,1.0,3.0,10000.0,445.0511003436955,10445.051100343704,4.450511003436955,2.037989892909392,49.572566636000005,-3.943666979694802,441.1074333640099,965.3797828997376,-520.3286825560423,68.95569877855269,-52.03286825560423,78.69792073481811,-54.81572832000005,1.8553268640841472,0.5833333333333334,0.37089689330539694,-0.11653237507453719,0.8093194150572813,0.4230771307690176,0.05218023746362071,61.166666666666664,406.38015877595717,0.16252888476585234,0.0,1.5,4.0
AKEUSD,atr_banded,5.0,1.0,beae9500eeeb,6009.0,55.0,ok,9.0,0.43135297054418376,20.864583333333332,0.0,0.0,10000.0,-289.12355528636135,9711.66741606583,-2.8912355528636136,3.5971010254955402,16.763747082,7.978808204360999,-281.98998783200113,69.48657338319343,-358.6101286695548,69.48657338319343,-44.82626608369435,69.48657338319343,-53.80390697729488,0.19376634352462083,0.1111111111111111,-0.6578708884882961,-1.0653474969661771,-0.08803783442884397,-0.6172135087651999,0.04065737972309614,92.11111111111111,458.91565070869353,0.12693842069625647,0.0,1.5,8.0
AKEUSD,atr_banded,5.0,1.0,ddd76a9fda2b,6009.0,182.0,ok,58.0,2.779830254618073,20.864583333333332,8.0,11.0,10000.0,71.20115440376118,10071.201154403763,0.7120115440376118,5.932312467416386,172.497744332,-13.837898735760803,57.36325566800224,1980.3081284500938,-1909.106974046333,94.30038706905209,-51.59748578503603,101.54394958620182,-58.383752771736894,1.037295528941917,0.3620689655172414,0.02995975083567396,-0.34010161737714717,0.3546820903409328,0.10069863683989828,0.07073888600422436,23.637931034482758,257.511195804036,0.22174391520225542,0.0,2.0,2.0
AKEUSD,atr_banded,5.0,1.0,bdebe113889d,6009.0,119.0,ok,19.0,0.9106340489266102,20.864583333333332,1.0,3.0,10000.0,264.38880144949394,10266.097299570232,2.6438880144949395,2.106076945175195,39.041132846,2.6120657045067017,265.1751471340067,796.5908260674545,-532.2020246179605,88.51009178527272,-53.220202461796056,100.00159024110089,-64.0542191056526,1.4967827802595914,0.47368421052631576,0.2883496469517583,-0.35185014289949346,0.9359556248331878,0.33679556539107197,0.048445918439313694,80.36842105263158,406.861718222657,0.15104822543446364,0.0,2.0,4.0
AKEUSD,atr_banded,5.0,1.0,a7ed0305cf62,6009.0,55.0,ok,9.0,0.43135297054418376,20.864583333333332,0.0,0.0,10000.0,-265.667715118346,9735.123256233845,-2.6566771511834597,3.5971010254955402,16.769286473999998,7.989428644345799,-258.52352722400065,92.94241355120882,-358.6101286695548,92.94241355120882,-44.82626608369435,92.94241355120882,-53.80390697729488,0.2591739778684601,0.1111111111111111,-0.6023109741216035,-1.0653474969661771,0.07864190867123368,-0.5616535943985074,0.04065737972309614,94.66666666666667,458.91565070869353,0.12690003237063305,0.0,2.0,8.0
AKEUSD,atr_adx,5.0,1.0,6d2bde0b26d0,6009.0,316.0,ok,96.0,4.601098352471293,20.864583333333332,10.0,96.0,10000.0,-651.3238885094133,9348.676111490584,-6.513238885094133,6.735757176494153,239.828855354,-25.958966844591195,-603.9153255140081,1294.0679777834537,-1945.3918662928668,22.31151685833541,-51.1945227971807,43.78689958431181,-54.942992235224516,0.6651965602433745,0.6041666666666666,-0.1402181330092457,-0.3005408962439033,0.012189024625044079,-0.07388056876395283,0.0663375642452929,7.802083333333333,283.2737762341685,0.20817700773278083,1.0416666666666665,0.5,2.0
AKEUSD,atr_adx,5.0,1.0,310418310d96,6009.0,167.0,ok,42.0,2.0129805292061906,20.864583333333332,1.0,16.0,10000.0,-801.9809209873112,9198.019079012689,-8.019809209873111,8.395769840534758,92.847433854,-7.890512866689001,-809.8714338540012,403.07357645461497,-1205.054497441926,22.39297646970083,-50.21060406008025,33.47692499240398,-54.0946912889892,0.33448576583901746,0.42857142857142855,-0.400209056592307,-0.6287968314374807,-0.18083129250130384,-0.3453528257491425,0.054856230843164516,22.238095238095237,325.09598843338796,0.17211749089433215,0.0,0.5,4.0
AKEUSD,atr_adx,5.0,1.0,04f32e110040,6009.0,60.0,ok,12.0,0.5751372940589117,20.864583333333332,0.0,2.0,10000.0,-169.80551323153787,9830.194486768452,-1.6980551323153787,1.698055132315476,20.736651111999997,1.7528621195381004,-168.05265111200424,138.9197366039413,-308.7252498354792,23.153289433990214,-51.4542083059132,24.566267980583955,-53.372222666945945,0.4499785381272576,0.5,-0.2881361408197692,-0.6798667265073816,0.09957162120401496,-0.243921482762581,0.04421465805718817,39.083333333333336,382.98297259353774,0.1386446276379211,0.0,0.5,8.0
AKEUSD,atr_adx,5.0,1.0,3e2825ddfa53,6009.0,316.0,ok,89.0,4.265601597603595,20.864583333333332,10.0,89.0,10000.0,-1015.411226395846,8984.58877360415,-10.15411226395846,10.154112263958504,232.399611228,-32.48138483215929,-962.437934628013,1422.3695338939947,-2437.780760289841,34.691939851073045,-50.78709917270502,56.7752406401878,-55.94195573041043,0.583469012908643,0.4606741573033708,-0.24125770958726553,-0.4269445471563106,-0.058973109031868504,-0.17594371965300862,0.06531398993425691,10.314606741573034,288.73816173536983,0.20518684888140534,1.1235955056179776,0.75,2.0
AKEUSD,atr_adx,5.0,1.0,507eeeee65b7,6009.0,167.0,ok,39.0,1.8691962056914628,20.864583333333332,1.0,16.0,10000.0,-692.650564649233,9307.349435350761,-6.92650564649233,7.761993794515419,85.21853840999998,-7.2199737607684975,-699.8705384100067,512.9788347627922,-1205.6293994120247,34.198588984186145,-50.23455830883436,45.59606420040392,-54.0946912889892,0.42548633519800333,0.38461538461538464,-0.36937804948000574,-0.646343841042629,-0.08965649565231675,-0.3159432102214478,0.053434839258557985,27.82051282051282,338.4257885889463,0.16753853638212787,0.0,0.75,4.0
AKEUSD,atr_adx,5.0,1.0,8bbecddc9b1f,6009.0,60.0,ok,10.0,0.4792810783824264,20.864583333333332,0.0,2.0,10000.0,-257.4128396509649,9742.587160349025,-2.574128396509649,2.57412839650975,18.016314851999997,-2.5884752010349,-260.0013148520047,101.72481418254651,-359.1376538335115,33.90827139418217,-51.305379119073066,35.785686084907205,-53.372222666945945,0.28324742086137245,0.3,-0.5251141674881233,-0.888630946460961,0.007716350585043924,-0.48545424574448204,0.03965992174364126,66.7,418.46789830672674,0.12478191284681243,0.0,0.75,8.0
AKEUSD,atr_adx,5.0,1.0,ce8f5bf45470,6009.0,316.0,ok,83.0,3.978032950574139,20.864583333333332,10.0,76.0,10000.0,-841.7140396086353,9158.285960391364,-8.417140396086353,9.111137624806274,229.70667030799999,-14.660630699367896,-755.5814528360042,1644.5535680672444,-2486.26760767588,46.98724480192127,-51.79724182658083,67.01183629680786,-56.41032694304725,0.6614547697882549,0.42168674698795183,-0.21041620071012038,-0.42390275899647245,0.015857339946188976,-0.14366179505836799,0.06675440565175238,13.08433734939759,288.73816173536983,0.20946970871570947,1.2048192771084338,1.0,2.0
AKEUSD,atr_adx,5.0,1.0,76d014a2d577,6009.0,167.0,ok,35.0,1.6774837743384923,20.864583333333332,1.0,17.0,10000.0,-795.4434606850216,9202.119648479082,-7.954434606850216,9.281476997232039,81.864822234,-6.670361548978599,-802.8813957140028,455.413269939106,-1250.8567306241277,45.5413269939106,-50.03426922496511,57.74419656440396,-54.0946912889892,0.36408108042227416,0.2857142857142857,-0.47463054436936636,-0.7700729084558714,-0.17516138438116352,-0.4193793068038753,0.055251237565491176,28.085714285714285,315.6891461515218,0.17336446066453237,0.0,1.0,4.0
AKEUSD,atr_adx,5.0,1.0,d65c8a0c1d0f,6009.0,60.0,ok,10.0,0.4792810783824264,20.864583333333332,0.0,2.0,10000.0,-233.00083398696495,9766.999166013025,-2.3300083398696496,2.330008339869746,18.016309187999997,-2.5884752010349,-235.58930918800434,126.13681984654646,-359.1376538335115,42.04560661551549,-51.305379119073066,47.97680830090718,-53.372222666945945,0.35122137291964595,0.3,-0.4750741342259771,-0.887900258162556,0.13280372877244365,-0.435414212482336,0.03965992174364126,66.7,418.46789830672674,0.12462881097585317,0.0,1.0,8.0
AKEUSD,atr_adx,5.0,1.0,89f9cdaf84bb,6009.0,316.0,ok,76.0,3.6425361957064406,20.864583333333332,10.0,67.0,10000.0,-614.5504285478398,9385.449571452158,-6.145504285478398,7.0107246803113465,216.14175844399998,-24.8493298961639,-397.27552589400693,1924.9803627637043,-2539.530791311544,71.2955689912483,-51.82715900635804,91.25011471280776,-58.069454206078056,0.7580063094133802,0.35526315789473684,-0.16365771762701026,-0.4295375764315985,0.11297732630280581,-0.09703711540716607,0.06662060221984416,16.69736842105263,294.4649652164089,0.20898831744331942,2.631578947368421,1.5,2.0
AKEUSD,atr_adx,5.0,1.0,9de6a42ad45b,6009.0,167.0,ok,30.0,1.4378432351472792,20.864583333333332,0.0,12.0,10000.0,-598.6098927432104,9398.953216420889,-5.986098927432104,7.333031974412078,70.910996722,2.0298960212095,-597.347570202006,494.0454444612424,-1092.6553372044527,70.57792063732035,-47.50675379149794,81.98247498040385,-54.0946912889892,0.45215122064497715,0.23333333333333334,-0.4112079791606936,-0.7706235348774262,-0.013370706432704195,-0.35707419280930347,0.054133786351390205,47.4,341.5223249066353,0.16979553985498252,0.0,1.5,4.0
AKEUSD,atr_adx,5.0,1.0,f32d54ab822d,6009.0,60.0,ok,9.0,0.43135297054418376,20.864583333333332,0.0,1.0,10000.0,-259.2088227452431,9740.791177254754,-2.592088227452431,2.7910723712842445,17.228898219999998,-2.4580754747566997,-261.6668982200026,99.58096584355755,-358.78978858880066,49.790482921778775,-51.25568408411438,69.52602404318,-52.035718694698865,0.277546822709842,0.2222222222222222,-0.5820982542727589,-1.053902527103061,0.07433335774505802,-0.5416075783376706,0.040490675935088226,78.77777777777777,396.4469378214114,0.12653390959105726,0.0,1.5,8.0
AKEUSD,atr_adx,5.0,1.0,46cfb055642f,6009.0,316.0,ok,72.0,3.45082376435347,20.864583333333332,9.0,59.0,10000.0,-357.0206164408421,9642.979383559157,-3.570206164408421,7.934568904602091,211.794523594,-16.3529071531622,-73.28586241000085,2247.817174834685,-2604.837791275527,97.73118151455152,-53.15995492399034,117.53855839668381,-59.728581469108846,0.8629394054260794,0.3194444444444444,-0.09613172826442308,-0.3970337819707176,0.23828496491290885,-0.030304607136263248,0.0658271211281598,20.59722222222222,301.51793491052155,0.20666640931908858,2.7777777777777777,2.0,2.0
AKEUSD,atr_adx,5.0,1.0,5dbff6d90caa,6009.0,167.0,ok,27.0,1.2940589116325512,20.864583333333332,0.0,13.0,10000.0,-708.3947270602953,9289.168382103813,-7.083947270602953,7.989009448664729,66.40912294199998,3.617604118295099,-705.5446964219991,375.93983937625165,-1084.3345664365468,93.98495984406291,-47.144981149415074,106.24974655240396,-54.0946912889892,0.3467009639024091,0.14814814814814814,-0.5478741425278374,-0.9006261749857318,-0.12169820338076037,-0.4926160432418047,0.055258099286032814,53.48148148148148,344.6188612243243,0.17328706305272387,0.0,2.0,4.0
AKEUSD,atr_adx,5.0,1.0,239cee1d4ab2,6009.0,60.0,ok,9.0,0.43135297054418376,20.864583333333332,0.0,1.0,10000.0,-236.78925668726308,9763.210743312733,-2.3678925668726305,2.797543629272659,17.234420619999998,-1.4831639327367,-238.2724206200037,122.00053190153757,-358.78978858880066,61.000265950768785,-51.25568408411438,91.94559010116002,-52.035718694698865,0.3400334563070832,0.2222222222222222,-0.5288988331231355,-1.053902527103061,0.18105832478364867,-0.4884081571880474,0.040490675935088226,81.88888888888889,396.4469378214114,0.12648172271051827,0.0,2.0,8.0
AKEUSD,hwpr_v2,,,,,,family 'hwpr_v2' does not use an ATR sto,,,,,,,,,,,,,,,,,,,,,,,,,,,,,,,0.5,2.0
AKEUSD,hwpr_v2,,,,,,family 'hwpr_v2' does not use an ATR sto,,,,,,,,,,,,,,,,,,,,,,,,,,,,,,,0.5,4.0
AKEUSD,hwpr_v2,,,,,,family 'hwpr_v2' does not use an ATR sto,,,,,,,,,,,,,,,,,,,,,,,,,,,,,,,0.5,8.0
AKEUSD,hwpr_v2,,,,,,family 'hwpr_v2' does not use an ATR sto,,,,,,,,,,,,,,,,,,,,,,,,,,,,,,,0.75,2.0
AKEUSD,hwpr_v2,,,,,,family 'hwpr_v2' does not use an ATR sto,,,,,,,,,,,,,,,,,,,,,,,,,,,,,,,0.75,4.0
AKEUSD,hwpr_v2,,,,,,family 'hwpr_v2' does not use an ATR sto,,,,,,,,,,,,,,,,,,,,,,,,,,,,,,,0.75,8.0
AKEUSD,hwpr_v2,,,,,,family 'hwpr_v2' does not use an ATR sto,,,,,,,,,,,,,,,,,,,,,,,,,,,,,,,1.0,2.0
AKEUSD,hwpr_v2,,,,,,family 'hwpr_v2' does not use an ATR sto,,,,,,,,,,,,,,,,,,,,,,,,,,,,,,,1.0,4.0
AKEUSD,hwpr_v2,,,,,,family 'hwpr_v2' does not use an ATR sto,,,,,,,,,,,,,,,,,,,,,,,,,,,,,,,1.0,8.0
AKEUSD,hwpr_v2,,,,,,family 'hwpr_v2' does not use an ATR sto,,,,,,,,,,,,,,,,,,,,,,,,,,,,,,,1.5,2.0
AKEUSD,hwpr_v2,,,,,,family 'hwpr_v2' does not use an ATR sto,,,,,,,,,,,,,,,,,,,,,,,,,,,,,,,1.5,4.0
AKEUSD,hwpr_v2,,,,,,family 'hwpr_v2' does not use an ATR sto,,,,,,,,,,,,,,,,,,,,,,,,,,,,,,,1.5,8.0
AKEUSD,hwpr_v2,,,,,,family 'hwpr_v2' does not use an ATR sto,,,,,,,,,,,,,,,,,,,,,,,,,,,,,,,2.0,2.0
AKEUSD,hwpr_v2,,,,,,family 'hwpr_v2' does not use an ATR sto,,,,,,,,,,,,,,,,,,,,,,,,,,,,,,,2.0,4.0
AKEUSD,hwpr_v2,,,,,,family 'hwpr_v2' does not use an ATR sto,,,,,,,,,,,,,,,,,,,,,,,,,,,,,,,2.0,8.0
BANKUSD,atr_arm,5.0,1.0,1567baf6f48c,6009.0,641.0,ok,171.0,8.19570644033949,20.864583333333332,7.0,197.0,10000.0,-457.20659191671143,9542.793408083293,-4.572065919167114,6.741293432631602,458.162243638,10.951348278710206,-296.9428617379981,2569.598588045678,-3026.8051799623895,22.540338491628752,-53.10184526249806,31.51448553970105,-72.61490807296808,0.8489474661456762,0.6666666666666666,-0.05350042237310609,-0.16624343566298624,0.05155663053753489,0.016728547875487623,0.07022897024859368,6.368421052631579,247.19867740834974,0.22158738827164806,1.1695906432748537,0.5,2.0
BANKUSD,atr_arm,5.0,1.0,f62f9a3f6a42,6009.0,415.0,ok,65.0,3.1153270094857715,20.864583333333332,0.0,48.0,10000.0,-98.76113827432968,9901.23886172566,-0.9876113827432969,2.7737418961964795,109.60679399400001,-34.9716557196726,-59.84195880001607,1036.0375185512999,-1134.79865682563,24.093895780262788,-51.58175712843772,33.47776690102273,-55.87160597596989,0.9129703426415798,0.6615384615384615,-0.029418018247880037,-0.20058287292250385,0.1373084347090371,0.014494666574144556,0.0439126848220246,25.43076923076923,405.7136340309051,0.13847732386404907,1.5384615384615385,0.5,4.0
BANKUSD,atr_arm,5.0,1.0,0d8154c0bad1,6009.0,156.0,ok,10.0,0.4792810783824264,20.864583333333332,0.0,1.0,10000.0,22.14434390557065,10022.14434390557,0.2214434390557065,0.828166377592097,13.455238796,-10.2025827015714,11.941761203997885,183.78227446554956,-161.63793055997894,26.254610637935652,-53.879310186659644,29.125466107238903,-55.87156808876868,1.1369996746979727,0.7,0.045135483104718974,-0.43926993908424256,0.510635911655093,0.08112203234240864,0.03598654923768964,77.9,456.4772784342661,0.11363627426608587,0.0,0.5,8.0
BANKUSD,atr_arm,5.0,1.0,94c23aa8f6ad,6009.0,641.0,ok,151.0,7.237144283574638,20.864583333333332,5.0,181.0,10000.0,-532.7258589380897,9467.274141061913,-5.327258589380897,8.086022800560208,426.63190945600013,0.9019494820882983,-445.263657984,2983.1544825087517,-3515.8803414468416,35.09593508833826,-53.27091426434608,43.851549203114615,-72.97617627233608,0.8484800939730319,0.5629139072847682,-0.07061882574721752,-0.21314912207091122,0.07085172566876513,-0.0004578928283799818,0.07016093291883753,9.47019867549669,249.74515800204097,0.22143658040014702,0.6622516556291391,0.75,2.0
BANKUSD,atr_arm,5.0,1.0,11ac8507edfc,6009.0,415.0,ok,57.0,2.7319021467798303,20.864583333333332,0.0,41.0,10000.0,-204.57826111693532,9795.421738883073,-2.0457826111693533,3.679603772218149,103.292925534,-34.6396644170664,-239.21792553399428,1133.1386977987886,-1337.716958915724,36.55286121931576,-51.45065226598938,45.80258815829539,-60.12855096372389,0.8470690980229818,0.543859649122807,-0.0710295030151847,-0.2960873157216779,0.15273899837575983,-0.026872373465274976,0.04415712954990974,33.6140350877193,397.69214918607213,0.13933756636897007,0.0,0.75,4.0
BANKUSD,atr_arm,5.0,1.0,de515cb4ecbe,6009.0,156.0,ok,9.0,0.43135297054418376,20.864583333333332,0.0,0.0,10000.0,76.93082357844236,10076.930823578443,0.7693082357844235,0.7065067002850628,12.399314918000002,-14.4401384964434,62.49068508200071,239.18169193445772,-162.25086835601533,39.86361532240962,-54.08362278533844,45.11584413583772,-56.27208112166309,1.4741473765776012,0.6666666666666666,0.17280410307236516,-0.4620440649384554,0.7719650648335553,0.20909660550152245,0.03629250242915733,103.66666666666667,454.1220307405699,0.1145213912433022,0.0,0.75,8.0
BANKUSD,atr_arm,5.0,1.0,ae190a209e26,6009.0,641.0,ok,139.0,6.662006989515727,20.864583333333332,5.0,167.0,10000.0,-537.5940079267327,9462.405992073263,-5.375940079267327,7.717323215044882,393.820768894,-11.351760967267994,-548.9457688939983,3196.312537457544,-3733.906545384276,47.00459613908153,-52.59023303358135,56.42916961554169,-71.89237167423208,0.8560237109867447,0.4892086330935252,-0.07674671037002895,-0.245494880234986,0.09161887427858734,-0.007725923295156208,0.06902078707487276,13.510791366906474,259.50853028642865,0.21782565756914118,0.0,1.0,2.0
BANKUSD,atr_arm,5.0,1.0,fba2f87a03ea,6009.0,415.0,ok,51.0,2.4443334997503747,20.864583333333332,0.0,39.0,10000.0,84.71692154808093,10084.716921548088,0.8471692154808093,3.5697718616755534,95.91448216,-30.881403708083496,53.835517840005195,1339.6176209262198,-1254.900699378139,49.61546744171184,-52.287529140755794,59.806938548294205,-61.78346521043189,1.0675088647173931,0.5294117647058824,0.034917196212749614,-0.232067893387909,0.3207665277968571,0.07982765441656059,0.04491045820381095,41.64705882352941,405.7136340309051,0.14160782892525128,0.0,1.0,4.0
BANKUSD,atr_arm,5.0,1.0,ed3c5148837c,6009.0,156.0,ok,7.0,0.3354967548676985,20.864583333333332,0.0,1.0,10000.0,138.06748425406656,10138.067484254067,1.3806748425406654,0.5811971342050675,10.147047528,-22.771531782067097,115.29595247199904,244.0462714884188,-105.97878723435224,48.80925429768376,-52.98939361717612,57.97587838783772,-54.38073936435219,2.302784150084263,0.7142857142857143,0.3952258287914535,-0.42219414857998866,1.0286411759714376,0.4310536094383215,0.035827780646867986,141.28571428571428,461.2109744560093,0.11293010184447204,0.0,1.0,8.0
BANKUSD,atr_arm,5.0,1.0,1a0cc106f3fb,6009.0,641.0,ok,113.0,5.415876185721419,20.864583333333332,5.0,129.0,10000.0,-362.47506626189,9637.524933738106,-3.6247506626189003,6.746596143700172,332.697218804,-4.757152542106299,-367.23221880399797,3203.410032619238,-3565.885098881128,71.18688961376084,-52.43948674825189,82.43140615202225,-71.53110347486408,0.8983492018922246,0.39823008849557523,-0.06225064151369634,-0.28569541274820737,0.16856037540444496,0.006857254597063385,0.06910789611075974,19.787610619469028,259.50853028642865,0.218114699119418,0.0,1.5,2.0
BANKUSD,atr_arm,5.0,1.0,90d98bcf760c,6009.0,415.0,ok,41.0,1.965052421367948,20.864583333333332,0.0,25.0,10000.0,31.647877247937373,10031.647877247937,0.3164787724793737,4.260832952683858,73.751280634,-35.94315788193959,-4.295280633998118,1281.774004663685,-1250.1261274157473,75.39847086256971,-52.088588642322804,87.62215453795343,-61.231827128195896,1.0253157473905132,0.4146341463414634,0.019487524597479673,-0.36391599925671714,0.4118270393695148,0.061795885800862115,0.04230836120338247,63.51219512195122,416.66666666666646,0.13341337545646695,0.0,1.5,4.0
BANKUSD,atr_arm,5.0,1.0,b3f56cba0e18,6009.0,156.0,ok,6.0,0.28756864702945584,20.864583333333332,0.0,0.0,10000.0,121.92251876308507,10121.922518763084,1.2192251876308506,0.551209440211901,9.811932662,-18.8584514250854,103.06406733800031,227.90130599743728,-105.97878723435224,56.97532649935932,-52.98939361717612,83.16214194659688,-54.38073936435219,2.1504426682433744,0.6666666666666666,0.4074249836714399,-0.48350552195521174,1.2666261909851022,0.44404297312241175,0.036617989450971805,158.5,457.66650259828964,0.11538967051040554,0.0,1.5,8.0
BANKUSD,atr_arm,5.0,1.0,5104b68fd7d7,6009.0,641.0,ok,103.0,4.9365951073389915,20.864583333333332,2.0,108.0,10000.0,-220.78020714861924,9779.21979285138,-2.207802071486192,7.915026120100767,314.71497475,-17.127767601381503,-237.90797475,3354.5741559185312,-3575.35436306715,95.84497588338661,-52.578740633340445,106.78997956176302,-73.64518174979662,0.9382494195738348,0.33980582524271846,-0.03850362216504251,-0.30938549231868256,0.24943641587657422,0.031970656633718904,0.0704742787987614,24.66990291262136,254.34279954941698,0.22237576839464873,0.0,2.0,2.0
BANKUSD,atr_arm,5.0,1.0,1245719458bf,6009.0,415.0,ok,33.0,1.581627558662007,20.864583333333332,0.0,16.0,10000.0,571.4646996405227,10571.464699640517,5.714646996405227,4.060062525524263,55.910717034,-51.502416674523104,519.9622829659984,1492.3555536459626,-920.8908540054401,99.49037024306418,-51.16060300030223,120.58017568847028,-56.77242826421116,1.6205563853250589,0.45454545454545453,0.3447852667759667,-0.17423394211984816,0.8346424472960575,0.3843536282544409,0.03956836147847414,86.36363636363636,424.9942568343682,0.12437507597318576,0.0,2.0,4.0
BANKUSD,atr_arm,5.0,1.0,2c1189672370,6009.0,156.0,ok,5.0,0.2396405391912132,20.864583333333332,0.0,0.0,10000.0,190.21237450915743,10190.212374509158,1.9021237450915742,0.5254715950415265,8.676733792,-24.0951083011576,166.11726620800073,241.81042237915747,-51.598047870000045,60.45260559478937,-51.598047870000045,100.03111557892551,-51.598047870000045,4.686425792471696,0.8,0.758609749527476,-0.2529674535138966,1.554433331148482,0.795699808663514,0.03709005913603799,207.2,454.1220307405699,0.11675685361963684,0.0,2.0,8.0
BANKUSD,wpr_only,5.0,1.0,2c570c3c53d5,6009.0,2081.0,ok,226.0,10.831752371442837,20.864583333333332,47.0,719.0,10000.0,-899.7793092567111,9100.220690743272,-8.997793092567113,12.829450650535609,608.94117585,34.7161334067045,-865.0631758500222,3168.9923422634306,-4068.771651520141,21.55777103580565,-51.50343862683723,25.324548986880203,-67.55715328181607,0.7788572605394205,0.6504424778761062,-0.08244735376758064,-0.18117534139412073,0.016114769392177916,-0.008150834693726404,0.07429651907385423,5.898230088495575,237.24801987809826,0.23452675988664534,0.0,0.5,2.0
BANKUSD,wpr_only,5.0,1.0,f5c9189ca21a,6009.0,1398.0,ok,89.0,4.265601597603595,20.864583333333332,0.0,173.0,10000.0,-868.8790178000392,9131.120982199958,-8.68879017800039,8.90211148847187,170.31473888199997,-42.8647210819619,-837.8529036880045,1125.2872090170686,-1994.1662268171078,22.965045081980993,-49.854155670427694,32.28213236884335,-56.046660705398935,0.5642895731982892,0.550561797752809,-0.20318555279207082,-0.3541727016814203,-0.04804947208869331,-0.15338591895053863,0.04979963384153216,22.348314606741575,380.783705999557,0.1571204519471699,1.1235955056179776,0.5,4.0
BANKUSD,wpr_only,5.0,1.0,328efc7cd120,6009.0,623.0,ok,19.0,0.9106340489266102,20.864583333333332,0.0,15.0,10000.0,237.44334507856635,10233.769389411373,2.3744334507856633,1.0439113952712074,24.760122084000002,-8.4254671625666,227.99769561599896,394.7144372585662,-157.2710921799998,24.669652328660387,-52.42369739333327,29.740344071419617,-52.81587299999983,2.509771069732306,0.8421052631578947,0.24835050305920572,-0.005630783558999736,0.4813546079324626,0.2853084727141174,0.03695796965491166,50.421052631578945,458.04794520547864,0.11659265035734706,0.0,0.5,8.0
BANKUSD,wpr_only,5.0,1.0,dd4b974b8360,6009.0,2081.0,ok,193.0,9.250124812780829,20.864583333333332,38.0,611.0,10000.0,-840.9050350269991,9159.09496497301,-8.409050350269991,12.673484771323976,539.750034808,25.785000218993495,-815.1200348079983,3656.2504449934436,-4497.155480020442,34.170564906480784,-52.29250558163305,41.65458860412576,-67.91842148118407,0.813014017691206,0.5544041450777202,-0.08906834484690826,-0.2152791976486909,0.037025100079414314,-0.016529952935743452,0.07253839191116482,9.430051813471502,249.70553592461846,0.22887695031037325,0.0,0.75,2.0
BANKUSD,wpr_only,5.0,1.0,9f03c81689e2,6009.0,1398.0,ok,69.0,3.307039440838742,20.864583333333332,0.0,139.0,10000.0,-497.0095025754521,9502.990497424536,-4.970095025754521,5.3075017210393804,137.447698928,-19.7161963525491,-516.7256989280122,1252.2349479666364,-1749.2444505420883,35.778141370475325,-51.44836619241436,45.71665459702279,-60.15763271244973,0.7158718997671083,0.5072463768115942,-0.14575315613496995,-0.3542442470700133,0.06885076357861973,-0.09633970785755588,0.04941344827741403,32.55072463768116,403.50519665783486,0.1558695961564929,0.0,0.75,4.0
BANKUSD,wpr_only,5.0,1.0,9959b3306a38,6009.0,623.0,ok,16.0,0.7668497254118822,20.864583333333332,0.0,7.0,10000.0,-42.67469411021624,9953.752006542254,-0.4267469411021623,1.5558361767998212,24.48860471,5.7160894002161005,-37.950836809992325,326.1287386760028,-368.803432786219,36.236526519555866,-52.68620468374557,40.325741089641234,-58.68285247423191,0.8842887828135997,0.5625,-0.05172130307984957,-0.5019021626748255,0.3162673059714708,-0.012565890133693497,0.039155412946156064,62.0,451.0678463320075,0.12369774772587908,0.0,0.75,8.0
BANKUSD,wpr_only,5.0,1.0,5536e003be2a,6009.0,2081.0,ok,171.0,8.19570644033949,20.864583333333332,31.0,555.0,10000.0,-1222.3542912314365,8777.645708768561,-12.223542912314365,13.671399792667238,475.230045612,35.5592456194328,-1186.7950456120034,3456.4609734107366,-4678.815264642171,44.31360222321457,-50.30984155529217,52.810508310273,-65.38954408560808,0.7387470498207588,0.45614035087719296,-0.1508477189215032,-0.29774293173199573,0.00623620881839622,-0.0789539226989193,0.0718937962225839,12.32748538011696,256.64115263394916,0.2269386702111658,0.0,1.0,2.0
BANKUSD,wpr_only,5.0,1.0,d4527a09260f,6009.0,1398.0,ok,64.0,3.067398901647529,20.864583333333332,0.0,121.0,10000.0,-297.0130785842723,9702.986921415726,-2.970130785842723,5.636593698980958,130.99900323,-33.6439246457294,-330.6570032300042,1480.9997598690095,-1778.0128384532816,49.36665866230032,-52.29449524862593,60.0268169988394,-62.42153786018052,0.8329522306246968,0.46875,-0.09168794774022117,-0.34482171794259536,0.16439440058233462,-0.04269300302015825,0.048994944720062904,37.21875,398.84989272060295,0.15456461211856432,0.0,1.0,4.0
BANKUSD,wpr_only,5.0,1.0,0fea4393ac26,6009.0,623.0,ok,12.0,0.5751372940589117,20.864583333333332,0.0,5.0,10000.0,99.56106408216755,10095.937436574804,0.9956106408216755,1.5558361767998212,17.275476722,-16.630540804168398,81.92431607800063,365.23489491454353,-265.673830832376,52.17641355922051,-53.134766166475195,57.97587838783772,-58.879153049140754,1.3747492320573513,0.5833333333333334,0.16831752373266315,-0.37831873987954845,0.7239856926263859,0.20463282630145696,0.036315302568793735,103.33333333333333,464.1951249413862,0.11462032030930698,0.0,1.0,8.0
BANKUSD,wpr_only,5.0,1.0,eeb0bcbce7f8,6009.0,2081.0,ok,150.0,7.189216175736396,20.864583333333332,29.0,484.0,10000.0,-1590.0048974213648,8409.995102578627,-15.900048974213648,17.04391510041476,435.80901361200006,-7.715116190640904,-1597.7200136120155,3365.3337763006575,-4955.338673722023,67.30667552601315,-49.55338673722022,77.75262058227301,-57.89047105842529,0.6791329509215783,0.3333333333333333,-0.22808564720330793,-0.4184215684742458,-0.04524831092638574,-0.15522856554051745,0.07285708166279052,16.173333333333332,256.12114431949897,0.23014648941955082,0.0,1.5,2.0
BANKUSD,wpr_only,5.0,1.0,9627adad441d,6009.0,1398.0,ok,46.0,2.204692960559161,20.864583333333332,0.0,75.0,10000.0,-256.8217521776555,9743.178247822349,-2.5682175217765555,5.615923637638851,102.46500173800003,-28.142249560345306,-284.96400173799157,1283.4818746620488,-1540.3036268397043,75.49893380364993,-53.11391816688636,87.93211296539954,-62.66348180537503,0.8332655018773241,0.3695652173913043,-0.10778914351490076,-0.44913902489512614,0.2698419621565405,-0.057754581775237554,0.05003456173966322,56.30434782608695,428.6204373172611,0.15798546230108154,0.0,1.5,4.0
BANKUSD,wpr_only,5.0,1.0,82c67e11d27f,6009.0,623.0,ok,12.0,0.5751372940589117,20.864583333333332,0.0,0.0,10000.0,30.667044357949507,10027.063548114513,0.3066704435794951,1.5558361767998212,19.895687448000004,-29.4127318059505,0.25369539199709834,341.3966345764172,-310.72959021846776,56.899439096069536,-51.788265036411296,85.80607501955956,-53.00678393523256,1.098693672322575,0.5,0.0541833935351991,-0.6048048121246039,0.720845337552899,0.09263715677451588,0.03845376323931681,113.33333333333333,464.1951249413862,0.12138949836451662,0.0,1.5,8.0
BANKUSD,wpr_only,5.0,1.0,461613bee59c,6009.0,2081.0,ok,125.0,5.99101347978033,20.864583333333332,26.0,391.0,10000.0,-1180.4495538930776,8819.5504461069,-11.804495538930777,16.55457055960669,371.39656172800005,-12.792007834923805,-1193.2415617280203,3330.0796521867833,-4510.529206079861,92.50221256074398,-50.68010343909956,105.69683084974292,-65.88538354628028,0.7382902315981196,0.288,-0.196483089093483,-0.44208281418763024,0.05145095679807057,-0.12458690021886844,0.07189618887461455,22.096,264.35357290375947,0.22713298351956454,0.0,2.0,2.0
BANKUSD,wpr_only,5.0,1.0,247ec2c731ff,6009.0,1398.0,ok,41.0,1.965052421367948,20.864583333333332,0.0,51.0,10000.0,71.43498134175215,10071.434981341758,0.7143498134175215,5.180904392927025,90.479381802,-3.9903631437523894,67.44461819800199,1489.5327936343044,-1418.0978122925521,99.30218624228696,-54.54222354971354,115.69627696427976,-68.67176964788396,1.050373804065227,0.36585365853658536,0.04330901486579728,-0.40317146456517006,0.5057620602956757,0.09135243085313643,0.04804341598733912,69.53658536585365,444.14075845575644,0.15164699711164897,0.0,2.0,4.0
BANKUSD,wpr_only,5.0,1.0,e6e58e941c78,6009.0,623.0,ok,11.0,0.527209186220669,20.864583333333332,0.0,2.0,10000.0,202.76546598470583,10202.765465984712,2.027654659847058,1.5558361767998212,18.672550085999998,-31.802016070706397,170.96344991400474,466.94899534373496,-264.1835293590292,77.82483255728916,-52.83670587180584,107.13391641937115,-57.575040435793994,1.7675174393977628,0.5454545454545454,0.3708995829361887,-0.44833207089778726,1.1492626503149244,0.4095887836792491,0.03868920074306045,133.63636363636363,458.04794520547864,0.12193892965536063,0.0,2.0,8.0
BANKUSD,adx_only,5.0,1.0,20eb9c5a7e7d,6009.0,162.0,ok,61.0,2.923614578132801,20.864583333333332,3.0,38.0,10000.0,-306.3121853737896,9693.687814626215,-3.0631218537378957,4.416271527479214,157.33977535,25.8964100237895,-280.4157753499949,896.8029731166308,-1203.1151584904205,22.99494802863156,-54.68705265865548,30.572609595282422,-72.63412762942465,0.7454007762996457,0.639344262295082,-0.1000302821235609,-0.3036597252875273,0.08216838191612055,-0.033214715413160935,0.06681556671039995,7.311475409836065,259.22996453448184,0.2109276029562852,0.0,0.5,2.0
BANKUSD,adx_only,5.0,1.0,a24f3e81a670,6009.0,104.0,ok,28.0,1.341987019470794,20.864583333333332,0.0,10.0,10000.0,-180.12293837736627,9819.877061622634,-1.8012293837736626,3.616497987633837,57.964768386,-2.4988300086334,-182.6217683859977,402.04209142879955,-582.1650298061659,23.649534789929387,-52.924093618742354,27.876412248938433,-64.13941869411613,0.6905981480245577,0.6071428571428571,-0.12750370116221593,-0.3972783387183227,0.14423117940835214,-0.07788116149992597,0.049622539662289945,22.785714285714285,373.97945999787197,0.15687599604929575,0.0,0.5,4.0
BANKUSD,adx_only,5.0,1.0,be44b73521b9,6009.0,48.0,ok,6.0,0.28756864702945584,20.864583333333332,0.0,1.0,10000.0,-6.265999673628425,9993.734000326373,-0.06265999673628425,1.096693404940834,9.245437052,-1.9074373783724008,-8.173437052000736,102.52469650045558,-108.79069617408399,25.631174125113894,-54.395348087041995,28.277385561762824,-57.33838404408391,0.9424031659508665,0.6666666666666666,-0.020046709486180387,-0.5890032599253451,0.5239722046011652,0.021950514078638628,0.041997223564818977,75.33333333333333,441.9902119607395,0.1325600123923429,0.0,0.5,8.0
BANKUSD,adx_only,5.0,1.0,821dde5c95a0,6009.0,162.0,ok,58.0,2.779830254618073,20.864583333333332,3.0,34.0,10000.0,-100.71413359693004,9899.285866403068,-1.0071413359693004,3.0110680229145133,152.71988064800001,22.8752529489295,-77.83888064799976,1217.1089629268565,-1317.8230965237867,35.797322439025194,-54.90929568849111,44.109079266954055,-72.63412762942465,0.9235753767993606,0.5862068965517241,-0.03250460623727776,-0.25847394007390445,0.18866428896770257,0.03389071719913635,0.0663953234364141,10.344827586206897,271.068400035246,0.20939914498312592,0.0,0.75,2.0
BANKUSD,adx_only,5.0,1.0,da6265cfd447,6009.0,104.0,ok,24.0,1.1502745881178233,20.864583333333332,0.0,9.0,10000.0,-11.252742063591313,9988.74725793641,-0.11252742063591313,2.2451787979000026,48.295751518,-12.433009454408602,-23.68575151799996,514.375765446259,-525.6285075098504,36.74112610330422,-52.562850750985035,43.34558507022444,-64.76334300047914,0.9785918345317668,0.5833333333333334,-0.0071409376147389585,-0.3742988174985147,0.3066923723364612,0.040796913242513944,0.04793785085725294,38.291666666666664,398.1432767546511,0.15137880791456357,0.0,0.75,4.0
BANKUSD,adx_only,5.0,1.0,b437b0f55cfb,6009.0,48.0,ok,6.0,0.28756864702945584,20.864583333333332,0.0,0.0,10000.0,45.69422401642285,10045.694224016426,0.4569422401642286,1.096693404940834,9.249234092,-4.044458108423299,41.64976590800143,154.48492019050684,-108.79069617408399,38.62123004762671,-54.395348087041995,42.719244088191644,-57.33838404408391,1.4200195938015157,0.6666666666666666,0.1534215348618362,-0.5095358690126081,0.7990738125617778,0.1954187584266552,0.041997223564818977,92.0,441.9902119607395,0.13247742603669843,0.0,0.75,8.0
BANKUSD,adx_only,5.0,1.0,8822505d8858,6009.0,162.0,ok,55.0,2.6360459311033453,20.864583333333332,3.0,33.0,10000.0,-118.09831286556818,9881.901687134441,-1.1809831286556818,3.8124646872832875,148.16262284799996,13.882690017567601,-104.21562284798893,1344.3328223731141,-1462.4311352386828,48.01188651332551,-54.16411611995122,55.93743649952546,-73.03542115223915,0.9192452143421482,0.509090909090909,-0.039674642259147214,-0.32938997447908996,0.22359991361025425,0.02600223857330934,0.06567688083245656,13.545454545454545,274.0341419586685,0.2071321836052414,0.0,1.0,2.0
BANKUSD,adx_only,5.0,1.0,88d2c6a947a0,6009.0,104.0,ok,23.0,1.1023464802795806,20.864583333333332,0.0,8.0,10000.0,12.569527163009262,10012.56952716301,0.12569527163009261,2.63461845899703,48.329415088000005,-13.000942251009,-0.4314150879981753,592.6756666455847,-580.1061394825754,49.38963888713206,-52.736921771143216,56.02540225364844,-64.76334300047914,1.0216676333993304,0.5217391304347826,0.01432495178423681,-0.4147957342757732,0.44392052779331537,0.06313843490280928,0.048813483118572434,44.30434782608695,389.1366031617345,0.1541924223805075,0.0,1.0,4.0
BANKUSD,adx_only,5.0,1.0,6e73e2956e15,6009.0,48.0,ok,6.0,0.28756864702945584,20.864583333333332,0.0,0.0,10000.0,81.35478535534523,10081.354785355346,0.8135478535534523,1.096693404940834,10.01979064,-16.248575995345497,65.10620935999941,190.14548152942922,-108.79069617408399,47.536370382357305,-54.395348087041995,61.60088584674146,-57.33838404408391,1.74781013649516,0.6666666666666666,0.2724370278245846,-0.4852033997088664,1.0277868560213321,0.3144342513894036,0.041997223564818977,137.16666666666666,441.9902119607395,0.13239320314519054,0.0,1.0,8.0
BANKUSD,adx_only,5.0,1.0,9b74cc93a5b2,6009.0,162.0,ok,52.0,2.4922616075886173,20.864583333333332,2.0,29.0,10000.0,-115.72981872537832,9884.270181274622,-1.157298187253783,6.856934052587955,144.742557452,-8.88173872662241,-124.61155745200449,1546.3090360750095,-1662.0388548003878,73.6337636226195,-53.61415660646412,84.95038359144388,-72.63412762942465,0.9303687646103331,0.40384615384615385,-0.04165259957991162,-0.39580385283375225,0.31000450723261214,0.023627311564198433,0.06527991114411003,19.73076923076923,271.068400035246,0.2059525172282104,0.0,1.5,2.0
BANKUSD,adx_only,5.0,1.0,cb3bece8ab10,6009.0,104.0,ok,20.0,0.9585621567648528,20.864583333333332,0.0,8.0,10000.0,60.09431173487538,10060.094311734872,0.6009431173487538,2.2155534810829876,46.397307424,-16.7626191588751,43.331692575999114,652.9754516949095,-592.881139960034,72.55282796610105,-53.898285450912184,86.25788011380203,-64.88812786175173,1.1013597965671944,0.45,0.06559895197484795,-0.46101341348529,0.6108711364171295,0.11774824822306891,0.05214929624822097,70.2,316.684571958206,0.1646063558607259,0.0,1.5,4.0
BANKUSD,adx_only,5.0,1.0,101a1d7ae065,6009.0,48.0,ok,6.0,0.28756864702945584,20.864583333333332,0.0,0.0,10000.0,156.8688225641968,10156.868822564198,1.568688225641968,1.096693404940834,10.019777824,-16.3376003881975,140.5312221760014,265.6595187382808,-108.79069617408399,66.4148796845702,-54.395348087041995,87.18476714580189,-57.33838404408391,2.4419323350333144,0.6666666666666666,0.5229723306817252,-0.40138600442315225,1.4455044617356145,0.5649695542465443,0.041997223564818977,137.16666666666666,441.9902119607395,0.13221988187200193,0.0,1.5,8.0
BANKUSD,adx_only,5.0,1.0,b5acf63ba5bf,6009.0,162.0,ok,48.0,2.3005491762356467,20.864583333333332,2.0,24.0,10000.0,166.03259149786035,10166.03259149787,1.6603259149786036,7.026792121437589,136.24042575800001,-10.346017255860302,155.68657424200683,1779.7498314983056,-1613.7172400004447,98.87499063879476,-53.790574666681486,112.27580612277339,-72.63412762942465,1.1028882801659943,0.375,0.07382635450671804,-0.3522374979426157,0.5203727315284536,0.13964071723085483,0.06581436272413682,25.0,262.868122949042,0.20749894021582374,0.0,2.0,2.0
BANKUSD,adx_only,5.0,1.0,8f0add012268,6009.0,104.0,ok,20.0,0.9585621567648528,20.864583333333332,0.0,6.0,10000.0,239.96043749654956,10239.960437496546,2.3996043749654956,2.2167570293641963,47.634167954,-13.3396054505492,226.6208320459973,840.0250988766988,-600.0646613801493,93.33612209741098,-54.55133285274085,104.66124233699504,-66.01119161320513,1.3998909666578936,0.45,0.2420659308761443,-0.36844154033688203,0.8799110639577358,0.29421522712436526,0.05214929624822097,77.3,316.684571958206,0.1646458691329116,0.0,2.0,4.0
BANKUSD,adx_only,5.0,1.0,9fbb985af08a,6009.0,48.0,ok,6.0,0.28756864702945584,20.864583333333332,0.0,0.0,10000.0,196.66307149479331,10196.663071494799,1.9666307149479332,1.096693404940834,10.628988421999999,-18.628059916793802,178.035011578002,305.4537676688773,-108.79069617408399,76.36344191721932,-54.395348087041995,104.49181897619158,-57.33838404408391,2.8077195790722604,0.6666666666666666,0.6549028042349048,-0.3960431006588856,1.6265049594830614,0.6969000277997238,0.041997223564818977,154.0,441.9902119607395,0.13211551597994162,0.0,2.0,8.0
BANKUSD,atr_banded,5.0,1.0,5d0bd0991cb2,6009.0,133.0,ok,56.0,2.683974038941588,20.864583333333332,3.0,24.0,10000.0,-100.27479733101225,9899.725202668988,-1.0027479733101226,2.3334940910380646,141.117740354,7.624056977015102,-92.6507403539963,862.7512939158204,-963.0260912468326,22.70398141883738,-53.50144951371292,26.846012725523046,-69.55417735550216,0.8958753057238708,0.6785714285714286,-0.0345368900998416,-0.23000292125634786,0.14219143049331415,0.032284558631830586,0.06682144873167219,6.0,253.3169300549988,0.21072360326656978,0.0,0.5,2.0
BANKUSD,atr_banded,5.0,1.0,8d0a8ca5bf5b,6009.0,82.0,ok,26.0,1.2461308037943086,20.864583333333332,0.0,8.0,10000.0,-58.46674943798713,9941.533250562015,-0.5846674943798713,2.4563432370392184,45.941602724,-12.8598532860112,-71.32660272399517,403.16670373701965,-461.6334531750068,23.7156884551188,-51.29260590833409,28.31704071555914,-55.477218169080686,0.8733481097700642,0.6538461538461539,-0.0440072805227153,-0.3370209621930999,0.23405193097177812,0.003123876514132843,0.04713115703684813,19.46153846153846,357.26790368253154,0.1485165908580553,0.0,0.5,4.0
BANKUSD,atr_banded,5.0,1.0,e93c952cf0fb,6009.0,31.0,ok,2.0,0.09585621567648528,20.864583333333332,0.0,0.0,10000.0,-110.27885337253804,9889.72114662746,-1.1027885337253804,1.1027885337253973,4.0229873099999995,6.748866062538401,-103.52998730999934,0.0,-110.27885337253804,,-55.13942668626902,-51.68556684955821,-58.59328652297984,0.0,0.0,-1.108089300324124,-1.1748027373028576,-1.0413758633453902,-1.0668617696250355,0.04122753069908829,118.5,385.88810830715283,0.13093101999391105,0.0,0.5,8.0
BANKUSD,atr_banded,5.0,1.0,ad9053359a1c,6009.0,133.0,ok,53.0,2.54018971542686,20.864583333333332,3.0,16.0,10000.0,96.11999296586491,10096.11999296587,0.9611999296586491,2.486761280871098,139.84657515,0.3564318841386984,96.4764248500087,1173.9548677660912,-1077.8348748002265,35.57438993230579,-53.89174374001133,43.270679879860126,-70.76443427980466,1.0891787742381969,0.6226415094339622,0.037737650428120925,-0.20531887022397377,0.27315983723289944,0.10515477280745454,0.06741712237933363,7.7924528301886795,257.5844304522032,0.21253404065421705,0.0,0.75,2.0
BANKUSD,atr_banded,5.0,1.0,47ad82c55a16,6009.0,82.0,ok,26.0,1.2461308037943086,20.864583333333332,0.0,3.0,10000.0,-30.9611643624306,9969.038835637566,-0.30961164362430604,1.9698533529232467,49.105483096,-6.177318733567901,-37.13848309600144,552.2567627955605,-583.2179271579912,36.817117519704034,-53.019811559817384,41.04804452355898,-65.16818568283672,0.946913215591119,0.5769230769230769,-0.021928425748099854,-0.372011388624422,0.3178886695458192,0.025202731288748267,0.04713115703684813,25.576923076923077,357.26790368253154,0.14866637139323108,0.0,0.75,4.0
BANKUSD,atr_banded,5.0,1.0,a9337b0a76a0,6009.0,31.0,ok,2.0,0.09585621567648528,20.864583333333332,0.0,0.0,10000.0,-110.27885337253804,9889.72114662746,-1.1027885337253804,1.1027885337253973,4.0229873099999995,6.748866062538401,-103.52998730999934,0.0,-110.27885337253804,,-55.13942668626902,-51.68556684955821,-58.59328652297984,0.0,0.0,-1.108089300324124,-1.1748027373028576,-1.0413758633453902,-1.0668617696250355,0.04122753069908829,118.5,385.88810830715283,0.13093101999391105,0.0,0.75,8.0
BANKUSD,atr_banded,5.0,1.0,e4572321b76b,6009.0,133.0,ok,52.0,2.4922616075886173,20.864583333333332,3.0,12.0,10000.0,50.87159992058818,10050.871599920585,0.5087159992058818,4.467465402829152,142.55630526,-1.9449051805847013,48.92669474000104,1342.9465021230856,-1292.0749022024972,47.96237507582448,-53.836454258437385,57.45948457661999,-70.26609319332717,1.0393720207968373,0.5384615384615384,0.022752702993515842,-0.24924059819337577,0.30150118189924013,0.09009843004432898,0.06734572705081314,11.384615384615385,261.3156829235061,0.21243116204984464,0.0,1.0,2.0
BANKUSD,atr_banded,5.0,1.0,7b0ff7abdc86,6009.0,82.0,ok,25.0,1.1982026959560659,20.864583333333332,0.0,0.0,10000.0,-99.17967164420489,9900.8203283558,-0.9917967164420489,2.7498102727864895,49.042822034000004,-3.203150389794301,-102.38282203399285,584.8143937499217,-683.9940653941266,48.73453281249348,-52.6149281072405,54.3196531394506,-64.59452207647374,0.8549992219785472,0.48,-0.07644976591075242,-0.4900013560819983,0.3293826285870842,-0.02919733519517008,0.04725243071558232,31.76,357.11136584075297,0.14895071343256994,0.0,1.0,4.0
BANKUSD,atr_banded,5.0,1.0,7258e7af92c4,6009.0,31.0,ok,2.0,0.09585621567648528,20.864583333333332,0.0,0.0,10000.0,-110.27885337253804,9889.72114662746,-1.1027885337253804,1.1027885337253973,4.0229873099999995,6.748866062538401,-103.52998730999934,0.0,-110.27885337253804,,-55.13942668626902,-51.68556684955821,-58.59328652297984,0.0,0.0,-1.108089300324124,-1.1748027373028576,-1.0413758633453902,-1.0668617696250355,0.04122753069908829,118.5,385.88810830715283,0.13093101999391105,0.0,1.0,8.0
BANKUSD,atr_banded,5.0,1.0,ae6a6e9cb738,6009.0,133.0,ok,49.0,2.3484772840738892,20.864583333333332,3.0,10.0,10000.0,282.3166208826592,10282.316620882662,2.823166208826592,3.2704840155248562,142.23466417199998,-8.903285054655601,273.41333582801053,1699.3883879251682,-1417.071767042509,73.88645164892036,-54.50276027086573,84.31874041215231,-71.47635011762965,1.199225351494982,0.46938775510204084,0.12003473296914327,-0.24608147718765241,0.48117657666201763,0.18860956224484976,0.06857482927570643,16.0,235.92393165053474,0.21623810445189023,0.0,1.5,2.0
BANKUSD,atr_banded,5.0,1.0,64423a0eab03,6009.0,82.0,ok,23.0,1.1023464802795806,20.864583333333332,0.0,0.0,10000.0,-56.75973210955361,9943.240267890445,-0.5675973210955361,2.832289314669867,44.777084777999995,-16.535352668445803,-73.29508477799754,682.4009795496502,-739.1607116592038,75.82233106107225,-52.79719368994313,86.86022275936254,-64.13559119138334,0.9232105667762776,0.391304347826087,-0.045533606305629526,-0.5277794259939756,0.4448898714335049,0.00014673550618627334,0.045680341811815774,50.78260869565217,357.11136584075297,0.1441994550823742,0.0,1.5,4.0
BANKUSD,atr_banded,5.0,1.0,beae9500eeeb,6009.0,31.0,ok,2.0,0.09585621567648528,20.864583333333332,0.0,0.0,10000.0,-110.27885337253804,9889.72114662746,-1.1027885337253804,1.1027885337253973,4.0229873099999995,6.748866062538401,-103.52998730999934,0.0,-110.27885337253804,,-55.13942668626902,-51.68556684955821,-58.59328652297984,0.0,0.0,-1.108089300324124,-1.1748027373028576,-1.0413758633453902,-1.0668617696250355,0.04122753069908829,118.5,385.88810830715283,0.13093101999391105,0.0,1.5,8.0
BANKUSD,atr_banded,5.0,1.0,ddd76a9fda2b,6009.0,133.0,ok,45.0,2.1567648527209187,20.864583333333332,1.0,3.0,10000.0,325.59068875638997,10325.590688756396,3.2559068875638997,4.265080487179438,129.96457013000006,-16.178258886387702,309.41242987000624,1789.2351062573866,-1463.6444175009965,99.40195034763259,-54.209052500036904,109.8105924804334,-70.97800903115215,1.222452041536358,0.4,0.149953705251274,-0.27201122974468306,0.6129513139575917,0.21628200544451787,0.06632830019324391,24.844444444444445,279.54101562500006,0.2093052993088383,0.0,2.0,2.0
BANKUSD,atr_banded,5.0,1.0,bdebe113889d,6009.0,82.0,ok,23.0,1.1023464802795806,20.864583333333332,0.0,0.0,10000.0,123.49691068744644,10123.49691068744,1.2349691068744644,2.590466894394806,45.720893056,-19.2128037434455,104.28410694399645,869.579749333196,-746.0828386457497,96.61997214813289,-53.29163133183926,115.58375956878227,-65.16818568283672,1.165527075936516,0.391304347826087,0.11296922052730574,-0.46902766717654365,0.6979287970617866,0.15864956233912145,0.045680341811815774,57.17391304347826,357.11136584075297,0.1439932036958483,0.0,2.0,4.0
BANKUSD,atr_banded,5.0,1.0,a7ed0305cf62,6009.0,31.0,ok,2.0,0.09585621567648528,20.864583333333332,0.0,0.0,10000.0,-110.27885337253804,9889.72114662746,-1.1027885337253804,1.1027885337253973,4.0229873099999995,6.748866062538401,-103.52998730999934,0.0,-110.27885337253804,,-55.13942668626902,-51.68556684955821,-58.59328652297984,0.0,0.0,-1.108089300324124,-1.1748027373028576,-1.0413758633453902,-1.0668617696250355,0.04122753069908829,118.5,385.88810830715283,0.13093101999391105,0.0,2.0,8.0
BANKUSD,atr_adx,5.0,1.0,6d2bde0b26d0,6009.0,256.0,ok,81.0,3.8821767348976537,20.864583333333332,5.0,75.0,10000.0,-441.75677970130886,9558.243220298698,-4.417567797013088,5.891078193429228,213.610672016,14.148107685307897,-352.6787322199925,1114.5524502187966,-1556.3092299201053,21.853969612133266,-51.87697433067017,26.221820058727797,-67.06247192311467,0.7161510249964997,0.6296296296296297,-0.1114748755065859,-0.2657751451206338,0.046907258922635905,-0.04051306246942607,0.0709618130371598,7.271604938271605,247.98968755754638,0.2239980603928782,1.2345679012345678,0.5,2.0
BANKUSD,atr_adx,5.0,1.0,310418310d96,6009.0,157.0,ok,35.0,1.6774837743384923,20.864583333333332,0.0,22.0,10000.0,-66.36839657557013,9933.631603424425,-0.6636839657557013,2.466061940691409,61.18613174199999,-19.196735166431303,-85.56513174200518,554.6885069772762,-621.0569035528464,24.11689160770766,-51.7547419627372,33.72947943411313,-54.27667091000023,0.8931363677049557,0.6571428571428571,-0.03630491541656817,-0.29700766901661085,0.18414914105230135,0.008226185275404736,0.04453110069197292,29.228571428571428,392.8299008390553,0.14038388074159536,0.0,0.5,4.0
BANKUSD,atr_adx,5.0,1.0,04f32e110040,6009.0,58.0,ok,5.0,0.2396405391912132,20.864583333333332,0.0,0.0,10000.0,53.081236004781374,10053.081236004784,0.5308123600478137,0.5239459539000018,6.570998838,-9.2882348427819,43.79300116200102,104.67928387478142,-51.598047870000045,26.169820968695355,-51.598047870000045,29.30458811432922,-51.598047870000045,2.0287450435822336,0.8,0.21293280929328748,-0.4147161602433897,0.5596267162428096,0.2497172154866552,0.03678440619336769,71.0,444.71153846153953,0.11605618021049421,0.0,0.5,8.0
BANKUSD,atr_adx,5.0,1.0,3e2825ddfa53,6009.0,256.0,ok,72.0,3.45082376435347,20.864583333333332,3.0,68.0,10000.0,-630.7495653043893,9369.250434695608,-6.307495653043893,7.809363539731369,195.019156818,2.184408486386899,-541.4223354620044,1213.013382347645,-1843.7629476520342,33.69481617632347,-51.21563743477873,37.209399593855835,-55.92609919680614,0.6579009432272049,0.5,-0.1807299380741275,-0.38318703574870133,0.0424086359643185,-0.11197681964322263,0.06875311843090487,10.569444444444445,267.4766876447544,0.21706900126543002,1.3888888888888888,0.75,2.0
BANKUSD,atr_adx,5.0,1.0,507eeeee65b7,6009.0,157.0,ok,31.0,1.4857713429855217,20.864583333333332,0.0,22.0,10000.0,-265.5658321944463,9734.434167805555,-2.655658321944463,4.515750546794535,59.117623608,-27.2867914135552,-292.8526236079997,547.8531259206618,-813.4189581151082,36.52354172804412,-50.838684882194265,45.544787474477594,-53.14747526000022,0.673519003282358,0.4838709677419355,-0.17220851971085402,-0.5022233560357542,0.1311022877824042,-0.12670013016901682,0.04550838954183715,33.03225806451613,382.5220390954384,0.14373219253513597,0.0,0.75,4.0
BANKUSD,atr_adx,5.0,1.0,8bbecddc9b1f,6009.0,58.0,ok,5.0,0.2396405391912132,20.864583333333332,0.0,0.0,10000.0,106.25561577068297,10106.255615770682,1.0625561577068297,0.5254715950415265,6.56728573,-12.5109015006836,93.74471426999844,157.853663640683,-51.598047870000045,39.46341591017075,-51.598047870000045,44.96495502501551,-51.598047870000045,3.0592952671076095,0.8,0.42528792931237325,-0.31405155172790183,0.8484676135443786,0.4620723355057409,0.03678440619336769,107.0,444.71153846153953,0.11588112505925822,0.0,0.75,8.0
BANKUSD,atr_adx,5.0,1.0,ce8f5bf45470,6009.0,256.0,ok,70.0,3.3549675486769845,20.864583333333332,3.0,70.0,10000.0,-569.0400324108425,9430.959967589151,-5.690400324108425,7.941224315630044,197.726966478,-17.231934067160005,-586.271966478007,1435.9136416222539,-2004.9536740330964,46.319794891040445,-51.40906856495119,53.88422775851919,-56.527455102148146,0.7161829523640908,0.44285714285714284,-0.16655151934092813,-0.40088510487411216,0.06380864421761756,-0.09755600308896326,0.06899551625196487,13.9,268.2561562228389,0.21785122392869147,0.0,1.0,2.0
BANKUSD,atr_adx,5.0,1.0,76d014a2d577,6009.0,157.0,ok,27.0,1.2940589116325512,20.864583333333332,0.0,22.0,10000.0,128.52065644565886,10128.520656445655,1.2852065644565887,1.9971682949176246,52.480864024,-31.086520469660705,97.43413597599647,750.3407680411474,-621.8201115954885,50.022717869409824,-51.818342632957375,60.35663467465719,-55.25530714000023,1.2066846247798193,0.5555555555555556,0.09725323780259118,-0.279064764674341,0.47089383126244017,0.14378804635334835,0.04653480855075715,40.888888888888886,382.5220390954384,0.14676541894428471,0.0,1.0,4.0
BANKUSD,atr_adx,5.0,1.0,d65c8a0c1d0f,6009.0,58.0,ok,5.0,0.2396405391912132,20.864583333333332,0.0,0.0,10000.0,135.02977090164055,10135.02977090164,1.3502977090164054,0.5254715950415265,7.362785365999999,-16.708556267641,118.32121463399744,186.6278187716406,-51.598047870000045,46.65695469291015,-51.598047870000045,57.97587838783772,-51.598047870000045,3.616955029807418,0.8,0.5389297047939149,-0.3020590186066082,1.1029650173718075,0.5757141109872826,0.03678440619336769,142.2,444.71153846153953,0.11594657208297636,0.0,1.0,8.0
BANKUSD,atr_adx,5.0,1.0,89f9cdaf84bb,6009.0,256.0,ok,63.0,3.0194707938092864,20.864583333333332,3.0,64.0,10000.0,-563.8783534234744,9436.121646576523,-5.6387835342347445,8.638789998299758,188.73896214400003,-19.5716087205273,-583.4499621440045,1554.3130886895296,-2118.1914421130036,70.65059494043317,-51.66320590519521,77.33810395101551,-57.970709274968954,0.7337925448037045,0.3492063492063492,-0.18082804987812262,-0.46841777542197777,0.13224193474215798,-0.11123379660085757,0.06959425327726507,15.793650793650794,267.37967914438497,0.21990055864272476,0.0,1.5,2.0
BANKUSD,atr_adx,5.0,1.0,9de6a42ad45b,6009.0,157.0,ok,25.0,1.1982026959560659,20.864583333333332,0.0,14.0,10000.0,-2.219539532994247,9997.780460467011,-0.022195395329942472,4.060366488904342,48.21041013200001,-47.31787059900721,-49.5374101319976,767.6454556147418,-769.8649951477362,76.76454556147418,-51.32433300984908,87.36817727842315,-61.369183732716095,0.997116975642504,0.4,0.0013714916069388393,-0.5060254822162955,0.5083042466677379,0.046134632295863016,0.044763140688924175,66.0,386.05898123324494,0.14116226868432077,0.0,1.5,4.0
BANKUSD,atr_adx,5.0,1.0,f32d54ab822d,6009.0,58.0,ok,5.0,0.2396405391912132,20.864583333333332,0.0,0.0,10000.0,185.75230344768804,10185.752303447687,1.8575230344768803,0.5254715950415265,7.96032923,-21.176632677688204,164.57567077000022,237.35035131768805,-51.598047870000045,59.33758782942201,-51.598047870000045,83.09780576383774,-51.598047870000045,4.599987036635304,0.8,0.7414810302873777,-0.2276678604074605,1.4498733912403647,0.7782654364807453,0.03678440619336769,176.6,444.71153846153953,0.11573603166236406,0.0,1.5,8.0
BANKUSD,atr_adx,5.0,1.0,46cfb055642f,6009.0,256.0,ok,53.0,2.54018971542686,20.864583333333332,0.0,43.0,10000.0,666.1651040130284,10666.165104013035,6.661651040130284,3.15090701127411,159.435280066,-15.098384079030001,651.0667199340023,2294.523647532748,-1628.358543519719,99.76189771881512,-54.278618117323965,113.38912126421,-60.257561320000576,1.4091022254675583,0.4339622641509434,0.2498074413415092,-0.1476946961229327,0.6650120114857405,0.31780716226493183,0.06799972092342266,26.660377358490567,269.2119432207547,0.2145774380234892,0.0,2.0,2.0
BANKUSD,atr_adx,5.0,1.0,5dbff6d90caa,6009.0,157.0,ok,23.0,1.1023464802795806,20.864583333333332,0.0,12.0,10000.0,159.5736293712596,10159.573629371262,1.5957362937125963,4.060738825065706,45.501193644,-51.980823015260704,107.59280635600226,874.4820232312995,-714.90839386004,97.16466924792218,-51.06488527571714,115.91685397676149,-53.787415500000215,1.2232084987975393,0.391304347826087,0.1427674046139778,-0.4039700760220497,0.7398979128731389,0.18742722101251316,0.04465981639853534,81.34782608695652,386.05898123324494,0.14071231612941315,0.0,2.0,4.0
BANKUSD,atr_adx,5.0,1.0,239cee1d4ab2,6009.0,58.0,ok,5.0,0.2396405391912132,20.864583333333332,0.0,0.0,10000.0,237.36288811717978,10237.362888117177,2.373628881171798,0.5254715950415265,7.971270561999999,-22.19515867918,215.1677294379988,288.96093598717977,-51.598047870000045,72.24023399679494,-51.598047870000045,108.58167204665995,-51.598047870000045,5.600230007057814,0.8,0.9453211341336383,-0.17945341258700281,1.8613465027791463,0.9821055403270058,0.03678440619336769,190.8,444.71153846153953,0.11568019910313351,0.0,2.0,8.0
BANKUSD,hwpr_v2,,,,,,family 'hwpr_v2' does not use an ATR sto,,,,,,,,,,,,,,,,,,,,,,,,,,,,,,,0.5,2.0
BANKUSD,hwpr_v2,,,,,,family 'hwpr_v2' does not use an ATR sto,,,,,,,,,,,,,,,,,,,,,,,,,,,,,,,0.5,4.0
BANKUSD,hwpr_v2,,,,,,family 'hwpr_v2' does not use an ATR sto,,,,,,,,,,,,,,,,,,,,,,,,,,,,,,,0.5,8.0
BANKUSD,hwpr_v2,,,,,,family 'hwpr_v2' does not use an ATR sto,,,,,,,,,,,,,,,,,,,,,,,,,,,,,,,0.75,2.0
BANKUSD,hwpr_v2,,,,,,family 'hwpr_v2' does not use an ATR sto,,,,,,,,,,,,,,,,,,,,,,,,,,,,,,,0.75,4.0
BANKUSD,hwpr_v2,,,,,,family 'hwpr_v2' does not use an ATR sto,,,,,,,,,,,,,,,,,,,,,,,,,,,,,,,0.75,8.0
BANKUSD,hwpr_v2,,,,,,family 'hwpr_v2' does not use an ATR sto,,,,,,,,,,,,,,,,,,,,,,,,,,,,,,,1.0,2.0
BANKUSD,hwpr_v2,,,,,,family 'hwpr_v2' does not use an ATR sto,,,,,,,,,,,,,,,,,,,,,,,,,,,,,,,1.0,4.0
BANKUSD,hwpr_v2,,,,,,family 'hwpr_v2' does not use an ATR sto,,,,,,,,,,,,,,,,,,,,,,,,,,,,,,,1.0,8.0
BANKUSD,hwpr_v2,,,,,,family 'hwpr_v2' does not use an ATR sto,,,,,,,,,,,,,,,,,,,,,,,,,,,,,,,1.5,2.0
BANKUSD,hwpr_v2,,,,,,family 'hwpr_v2' does not use an ATR sto,,,,,,,,,,,,,,,,,,,,,,,,,,,,,,,1.5,4.0
BANKUSD,hwpr_v2,,,,,,family 'hwpr_v2' does not use an ATR sto,,,,,,,,,,,,,,,,,,,,,,,,,,,,,,,1.5,8.0
BANKUSD,hwpr_v2,,,,,,family 'hwpr_v2' does not use an ATR sto,,,,,,,,,,,,,,,,,,,,,,,,,,,,,,,2.0,2.0
BANKUSD,hwpr_v2,,,,,,family 'hwpr_v2' does not use an ATR sto,,,,,,,,,,,,,,,,,,,,,,,,,,,,,,,2.0,4.0
BANKUSD,hwpr_v2,,,,,,family 'hwpr_v2' does not use an ATR sto,,,,,,,,,,,,,,,,,,,,,,,,,,,,,,,2.0,8.0
ETHUSD,atr_arm,5.0,1.0,1567baf6f48c,169475.0,23918.0,ok,582.0,0.9890308305059744,588.4548611111111,22015.0,787.0,10000.0,-2115.680713800534,7884.319286199475,-21.156807138005338,22.660532921278044,2492.675125684,-2.6969118834901993,-2118.377625684021,7525.178489349669,-9640.859203150205,19.14803686857422,-51.009837053704786,23.157855895999848,-57.7156790200008,0.7805506055819977,0.6752577319587629,-0.08074498016739635,-0.13987085300708588,-0.02516311129395019,0.042733140966646266,0.12347812113404262,8.257731958762887,123.21629523583161,0.389527415955923,0.0,0.5,2.0
ETHUSD,atr_arm,5.0,1.0,f62f9a3f6a42,169475.0,23895.0,ok,2072.0,3.521085705856321,588.4548611111111,9424.0,2866.0,10000.0,-5210.698959646994,4789.301040352976,-52.106989596469944,55.0386264046857,6304.340938545,5.744521101979244,-5136.186423353046,22129.233374939715,-27339.93233458671,15.897437769353244,-40.205782844980455,23.885742099999952,-59.62950635999974,0.8094106855906466,0.6718146718146718,-0.07019433425515376,-0.10063241516097747,-0.04006705926305516,0.03857391000081057,0.10876824425596433,33.84942084942085,138.87245901400223,0.34242556166065724,0.04826254826254826,0.5,4.0
ETHUSD,atr_arm,5.0,1.0,0d8154c0bad1,169475.0,23175.0,ok,1423.0,2.418197374243989,588.4548611111111,591.0,1705.0,10000.0,-2548.8057186970914,7451.194281302923,-25.488057186970913,30.759740677167326,3682.967372597,-4.341153899905404,-2553.1468725970135,19071.91455722804,-21620.72027592513,20.707833395470185,-43.0691638962652,25.30571986799988,-59.333617759999576,0.8821128211193219,0.6472241742796908,-0.04029971812987662,-0.07416408876264069,-0.004737690150972694,0.031867862482614216,0.07216758061249083,97.29093464511595,240.77314004832076,0.22698712107872737,0.0,0.5,8.0
ETHUSD,atr_arm,5.0,1.0,94c23aa8f6ad,169475.0,23918.0,ok,543.0,0.9227555686679452,588.4548611111111,21852.0,745.0,10000.0,-2190.085250373729,7809.914749626271,-21.90085250373729,24.31441606581822,2347.68371631,0.5795340637087993,-2189.505716310019,9178.750421834238,-11368.83567220797,29.325081219917696,-49.4297203139477,34.904300550000066,-57.086936325000735,0.807360638017878,0.576427255985267,-0.08955614528888489,-0.16778648564575216,-0.015626400446453297,0.034073160650514196,0.1236293059393991,12.134438305709024,122.87451905175624,0.3899999525510974,0.0,0.75,2.0
ETHUSD,atr_arm,5.0,1.0,11ac8507edfc,169475.0,23895.0,ok,1707.0,2.9008172296798937,588.4548611111111,8015.0,2324.0,10000.0,-4393.634103212609,5606.365896787347,-43.936341032126094,48.85902203836268,6102.406898467,-11.6482952543926,-4405.282398467023,28125.402898847733,-32519.03700206034,28.58272652321924,-44.977921164675436,39.15540879919286,-61.396220307257884,0.8648903993394935,0.5764499121265377,-0.06615140534600404,-0.10701530154931826,-0.02350631114236781,0.04142457384263317,0.10757597918863719,49.97188049209139,141.30570465609765,0.33893071836231053,0.0,0.75,4.0
ETHUSD,atr_arm,5.0,1.0,de515cb4ecbe,169475.0,23175.0,ok,1086.0,1.8455111373358903,588.4548611111111,543.0,1277.0,10000.0,-2495.931874402214,7504.0681255977615,-24.959318744022138,32.82075178772576,2995.592216504,-12.198842101784159,-2508.130716504017,18318.042271602128,-20813.974146004337,30.94263897230089,-42.133550902842785,40.31456061672323,-62.81624610516535,0.8800838390163296,0.5451197053406999,-0.0513607636801639,-0.0979004833145665,-0.0024566333398257857,0.020159331943302407,0.07152009562346631,132.93738489871086,244.5386951164234,0.22498482328471198,0.0,0.75,8.0
ETHUSD,atr_arm,5.0,1.0,ae190a209e26,169475.0,23918.0,ok,511.0,0.8683758666469982,588.4548611111111,21530.0,693.0,10000.0,-3048.7489130422346,6951.251086957776,-30.487489130422347,31.399992401676734,2224.039583534,-3.4341704917910496,-3052.1830835340097,9527.744814857571,-12576.493727899804,38.730669979095815,-47.45846689773511,45.87470260799939,-57.320366150000794,0.7575835539695089,0.48140900195694714,-0.14033638043874988,-0.22932231591042,-0.05033681323182115,-0.016525814472719832,0.12381056596603006,18.031311154598825,121.96657612117376,0.3905753953502326,0.0,1.0,2.0
ETHUSD,atr_arm,5.0,1.0,fba2f87a03ea,169475.0,23895.0,ok,1437.0,2.4419884938781533,588.4548611111111,7293.0,1953.0,10000.0,-3871.2410965248628,6128.758903475122,-38.71241096524863,42.3995341667756,5620.618157965,-4.492061440127256,-3875.7331579650127,29718.165213884,-33589.40631040887,40.934111864853996,-47.24248426217844,50.564242587119466,-60.071386547421,0.8847481536068343,0.5052192066805845,-0.06585517260082996,-0.11713515510929173,-0.014056998731013872,0.04166048530056884,0.1075156579013988,65.86360473208073,141.19452615424038,0.3388535941412697,0.0,1.0,4.0
ETHUSD,atr_arm,5.0,1.0,ed3c5148837c,169475.0,23175.0,ok,959.0,1.6296916949402567,588.4548611111111,517.0,1127.0,10000.0,-1807.7711175276008,8192.22888247238,-18.077711175276008,30.238749449367358,2894.6232256010003,49.88489192660384,-1757.8862256009743,19128.858983209055,-20936.630100736656,40.01853343767585,-43.52729750672901,55.093622635999736,-64.7816517,0.9136551054859591,0.4984358706986444,-0.03988510171745988,-0.09567758568235399,0.016687784971274086,0.03221010842796031,0.0720952101454202,153.56725755995828,242.8511057895473,0.22687424574987222,0.0,1.0,8.0
ETHUSD,atr_arm,5.0,1.0,1a0cc106f3fb,169475.0,23918.0,ok,465.0,0.7902050449918867,588.4548611111111,20906.0,633.0,10000.0,-1661.978412012414,8338.021587987589,-16.61978412012414,18.46415566054568,2314.443189304,-1.7592772916095467,-1663.7376893040218,12476.904460617645,-14138.88287263006,64.31394051864766,-52.17299953000022,71.4368124270001,-57.52366327500019,0.8824533432390433,0.4172043010752688,-0.07441306001647838,-0.1847121627979167,0.032584507439303176,0.04970513792081492,0.12411819793729328,30.991397849462366,122.26996854649319,0.39156175716875247,0.0,1.5,2.0
ETHUSD,atr_arm,5.0,1.0,90d98bcf760c,169475.0,23895.0,ok,1141.0,1.938976250184393,588.4548611111111,6160.0,1551.0,10000.0,-3949.136518158476,6050.863481841501,-39.49136518158476,43.36040728097357,4449.46418524,22.3158329184767,-3926.8206852400162,26016.69161338146,-29965.828131539936,55.354663007194596,-44.658462193055044,72.3885365419999,-58.058820369999886,0.8682120013228705,0.4119193689745837,-0.08464065631506112,-0.15159961780942569,-0.01046757791646651,0.022924572839478408,0.10756522915453955,93.99211218229622,141.19452615424038,0.3389771169294488,0.0,1.5,4.0
ETHUSD,atr_arm,5.0,1.0,b3f56cba0e18,169475.0,23175.0,ok,826.0,1.4036760584156955,588.4548611111111,598.0,1013.0,10000.0,-2011.69670237428,7988.3032976257355,-20.1169670237428,26.903011064355532,2631.992930059,8.058272315281986,-2003.6384300590025,17043.181462752425,-19054.878165126705,46.8219270954737,-41.244325032741784,78.11365604000022,-59.70575665499968,0.8944261577040158,0.4406779661016949,-0.05184563831912345,-0.12367237292272483,0.01597025429138865,0.02233144942002537,0.07417708773914881,181.28087167070217,236.31561170087184,0.23335472995200496,0.0,1.5,8.0
ETHUSD,atr_arm,5.0,1.0,5104b68fd7d7,169475.0,23918.0,ok,424.0,0.7205310517775484,588.4548611111111,20542.0,571.0,10000.0,-1729.413395795295,8270.586604204686,-17.29413395795295,22.050180630362973,2231.176034301,-5.375638505740852,-1734.7890343010513,13054.097718932182,-14783.51111472748,88.20336296575799,-53.56344606785319,100.28377671300014,-59.98373595000059,0.8830174116030908,0.3490566037735849,-0.08473768072498003,-0.21936466560498236,0.05146814765763949,0.039169636342125475,0.12390731706710555,41.9622641509434,122.27484391739489,0.39095436469405026,0.0,2.0,2.0
ETHUSD,atr_arm,5.0,1.0,1245719458bf,169475.0,23895.0,ok,1007.0,1.7112612479716773,588.4548611111111,5707.0,1358.0,10000.0,-3452.1475086452742,6547.852491354759,-34.52147508645274,40.53154736719375,4324.123449627001,34.4030590182856,-3417.7444496269654,26727.136271826817,-30179.28378047209,72.23550343736977,-47.377211586298415,104.02196090399987,-60.99889679999918,0.8856120134010923,0.36742800397219466,-0.08012438057415903,-0.16123552010678371,0.002758511870581354,0.02789573762190124,0.10802011819606029,112.15392254220457,138.87891195555875,0.3404357236674097,0.0,2.0,4.0
ETHUSD,atr_arm,5.0,1.0,2c1189672370,169475.0,23175.0,ok,785.0,1.3340020652013571,588.4548611111111,548.0,970.0,10000.0,-2130.1518230382544,7869.848176961739,-21.301518230382545,24.697446332812238,2577.8698794009997,37.867943637249255,-2092.2838794010086,16746.938467943535,-18877.09029098179,52.334182712323546,-40.59589309888557,99.71833163399964,-57.61394127500044,0.8871567709746084,0.40764331210191085,-0.05798043922989679,-0.13864324998017932,0.017688821217643137,0.017142882776621533,0.0751233220065183,192.22292993630575,231.83828174352524,0.2363602446056527,0.0,2.0,8.0
ETHUSD,wpr_only,5.0,1.0,2c570c3c53d5,169475.0,75623.0,ok,787.0,1.3374007965776664,588.4548611111111,68542.0,3150.0,10000.0,-1758.9006324049706,8241.099367595049,-17.589006324049706,18.59986781881248,3407.921731031,0.02490137395980252,-1758.8757310309884,10735.003216347937,-12493.90384875291,19.58942192764222,-52.27574832114188,22.73922209999994,-57.320366150000794,0.859219291768398,0.6963151207115629,-0.04817343189056006,-0.0964233139788501,0.0008589148837722865,0.07505749482464835,0.12323092671520841,9.696315120711564,121.53553209995492,0.38863539758646515,0.0,0.5,2.0
ETHUSD,wpr_only,5.0,1.0,f5c9189ca21a,169475.0,75530.0,ok,2394.0,4.068281457442101,588.4548611111111,25405.0,9721.0,10000.0,-5560.555645135542,4439.444354864448,-55.60555645135542,57.97969494046609,6605.500238842,12.532906293555595,-5509.931532724006,23208.730225888397,-28769.28587102394,14.38854942708518,-36.83647358645831,23.236855459999997,-57.71398312500012,0.8067190242377179,0.6737677527151211,-0.06692869191053699,-0.09598095924974992,-0.0388951509940339,0.041102198613583586,0.10803089052412058,36.081453634085214,140.50379355117954,0.33983340939655937,0.04177109440267335,0.5,4.0
ETHUSD,wpr_only,5.0,1.0,328efc7cd120,169475.0,73368.0,ok,1402.0,2.3825106947927424,588.4548611111111,1483.0,4905.0,10000.0,-4187.642746990112,5810.711647854881,-41.87642746990112,44.01141841580469,2870.656662165,34.71258482512195,-4154.575767319989,14807.841454314414,-18995.484201304524,17.059725177781583,-35.5720677927051,24.37387274000003,-56.629916174999906,0.7795453539056129,0.6191155492154066,-0.07693671828351002,-0.11294068921234526,-0.04152589943485643,-0.00826850588458032,0.0686682123989297,105.28958630527818,257.41902781483856,0.2156108116154086,0.0,0.5,8.0
ETHUSD,wpr_only,5.0,1.0,dd4b974b8360,169475.0,75623.0,ok,709.0,1.204850272901608,588.4548611111111,67515.0,2879.0,10000.0,-1321.0411109166007,8678.958889083433,-13.210411109166007,17.767280649152912,3267.909045312,2.2000656045926528,-1241.4051110999844,13583.390341475098,-14904.431452391698,31.662914548893003,-53.23011232997035,36.21005658599999,-58.74076156000011,0.9113658836879274,0.6050775740479548,-0.038271136512178595,-0.10111890487178464,0.025630733477560636,0.08563849669573467,0.12390963320791328,15.324400564174894,120.34152791161468,0.390810944269199,0.14104372355430184,0.75,2.0
ETHUSD,wpr_only,5.0,1.0,9f03c81689e2,169475.0,75530.0,ok,1859.0,3.1591208142793925,588.4548611111111,22226.0,7444.0,10000.0,-5471.246037113087,4528.753962886947,-54.71246037113088,57.13107940117631,5528.541603726,7.528433387086501,-5463.717603725984,24905.024091490966,-30376.27012860405,23.584303116942202,-37.82848085753929,36.43670187500003,-58.37108759999974,0.8198842052052651,0.5680473372781065,-0.0838824365104095,-0.12388342987226897,-0.044496269241519046,0.022644227340067668,0.10652666385047717,53.51317912856374,143.86730356941533,0.335292838237131,0.0,0.75,4.0
ETHUSD,wpr_only,5.0,1.0,9959b3306a38,169475.0,73368.0,ok,1064.0,1.8081250921964893,588.4548611111111,1185.0,3645.0,10000.0,-3044.525382953722,6953.32355527627,-30.445253829537215,32.62488713714903,2452.478540837,28.329342116722298,-3018.3471026069883,14650.504400532951,-17695.029783486672,25.657625920372944,-35.892555341757955,36.09153188999997,-57.15479738666886,0.8279446025123434,0.5366541353383458,-0.06694284959006959,-0.11246766526276317,-0.018493177928928628,0.001847778968135371,0.06879062855820496,143.16353383458647,255.64895520578034,0.21610668866740032,0.0,0.75,8.0
ETHUSD,wpr_only,5.0,1.0,5536e003be2a,169475.0,75623.0,ok,666.0,1.1317775483109604,588.4548611111111,66406.0,2688.0,10000.0,-1445.3198927002884,8554.680107299708,-14.453198927002884,16.426040523134088,3018.623324902,15.68006779827135,-1340.9712523330163,14454.779596318433,-15900.09948901872,41.064714762268274,-50.6372595191679,47.58874436205233,-57.320366150000794,0.909099946594769,0.5285285285285285,-0.04430676322575191,-0.12053501585489113,0.035521296991499425,0.0797430650334924,0.1240498282592443,20.683183183183182,120.11616446462396,0.3912231496687113,0.15015015015015015,1.0,2.0
ETHUSD,wpr_only,5.0,1.0,d4527a09260f,169475.0,75530.0,ok,1514.0,2.5728396518660572,588.4548611111111,19072.0,6037.0,10000.0,-4544.8376757842225,5455.162324215771,-45.448376757842226,48.386906051411124,5267.310373109,-0.9641973247637488,-4545.801873108983,27543.445576623435,-32088.28325240766,36.38500076172184,-42.388749342678544,49.84783593900014,-60.03883295999974,0.8583645737593888,0.5,-0.07804304681688334,-0.12649691402054547,-0.02695556946429488,0.027567853381255853,0.10561090019813921,72.61030383091149,146.86757774953946,0.3326394250531109,0.0,1.0,4.0
ETHUSD,wpr_only,5.0,1.0,0fea4393ac26,169475.0,73368.0,ok,922.0,1.5668151644785366,588.4548611111111,1300.0,3167.0,10000.0,-2426.0863673083218,7571.582062241683,-24.260863673083218,29.148880287792363,2458.6981431680006,0.9402241403221021,-2427.477713618009,16142.41515644012,-18568.50152374844,35.63447054401792,-39.59168768389859,51.02542275999997,-58.8400468799999,0.8693439874937973,0.4913232104121475,-0.05851550591238174,-0.11377394897946658,-0.0013316524959335809,0.009977307243922689,0.0684928131563044,166.90347071583514,264.55643735320905,0.21540109095059234,0.0,1.0,8.0
ETHUSD,wpr_only,5.0,1.0,eeb0bcbce7f8,169475.0,75623.0,ok,580.0,0.9856320991296652,588.4548611111111,63901.0,2348.0,10000.0,-2790.0577948947694,7209.9422051052325,-27.900577948947692,28.340461283027235,2512.1031266910004,22.17166820376265,-2670.2568374850043,13053.033400428802,-15843.091195323572,56.02160257694764,-45.65732332946274,72.00833254999985,-57.320366150000794,0.8238943549275084,0.4017241379310345,-0.10954541713141681,-0.2104353372279727,-0.007056068207835319,0.014320468296359934,0.12386588542777677,34.81896551724138,120.25609177730611,0.39058129076930753,0.1724137931034483,1.5,2.0
ETHUSD,wpr_only,5.0,1.0,9627adad441d,169475.0,75530.0,ok,1180.0,2.005251512022422,588.4548611111111,16051.0,4627.0,10000.0,-3538.1667081569585,6461.833291843022,-35.38166708156958,41.27815524058035,4395.816444219001,15.425263937968598,-3522.7414442189893,25973.20706428316,-29511.37377244012,52.36533682315153,-43.14528329304111,76.95309740800012,-59.075927025,0.8801083698969934,0.42033898305084744,-0.07094406664637597,-0.141322838256093,-0.0015585947849329994,0.034058985343554525,0.10500305198993048,102.27966101694915,145.1177697965602,0.3307313262276968,0.0,1.5,4.0
ETHUSD,wpr_only,5.0,1.0,82c67e11d27f,169475.0,73368.0,ok,800.0,1.3594925505236761,588.4548611111111,1418.0,2887.0,10000.0,-1658.1259352538216,8339.503789431135,-16.581259352538215,19.109233943326895,2222.0968993389997,3.017035914818189,-1657.479174654025,14849.75215563048,-16507.8780908843,41.59594441353076,-37.26383316226704,72.50195369999996,-57.53554977499954,0.8995554773227068,0.44625,-0.04306576761274406,-0.11287010128940449,0.029260378869834812,0.0268127490167352,0.06987851662947926,194.03375,257.3738738019415,0.21965140037922695,0.0,1.5,8.0
ETHUSD,wpr_only,5.0,1.0,461613bee59c,169475.0,75623.0,ok,517.0,0.8785720607759256,588.4548611111111,62123.0,2058.0,10000.0,-2506.6473286067817,7493.352671393211,-25.066473286067815,26.556914889354076,2394.550284723,12.258543883777197,-2494.388784723008,13611.188096727245,-16117.835425334028,77.77821769558426,-47.12817375828663,97.10693376999986,-57.81788400000068,0.8444799030106218,0.33849129593810445,-0.10708724275918699,-0.221774633745351,0.018788085869112067,0.01653747234612818,0.12362471510531518,48.63056092843327,120.12325690708727,0.38989855323049366,0.0,2.0,2.0
ETHUSD,wpr_only,5.0,1.0,247ec2c731ff,169475.0,75530.0,ok,1030.0,1.750346658799233,588.4548611111111,15783.0,4056.0,10000.0,-2698.9355867815348,7301.064413218455,-26.989355867815345,35.06040056313201,4169.300878656,21.306208125531,-2677.6293786560273,25885.57554964185,-28584.51113642339,66.37327064010731,-44.663298650661545,104.25075243979664,-60.582223459999426,0.9055804881916465,0.3786407766990291,-0.056898140392735407,-0.13544378233733073,0.0258189995349867,0.04852670168426955,0.10542484207700495,119.35533980582524,144.9404353620829,0.332097620139259,0.0,2.0,4.0
ETHUSD,wpr_only,5.0,1.0,e6e58e941c78,169475.0,73368.0,ok,779.0,1.3238058710724296,588.4548611111111,1424.0,2887.0,10000.0,-2877.056171621675,7122.900187959892,-28.770561716216747,33.44290358579021,2123.472507345,36.38366427667336,-2842.6595568200137,13516.255469541633,-16393.31164116331,42.106714858385146,-35.79325685843517,99.6622357319999,-58.04091827638466,0.8244981712909404,0.4120667522464698,-0.08513933860483221,-0.1625636167122741,-0.009240123493756287,-0.013485429022145777,0.07165390958268643,199.66495507060333,245.19131865871194,0.22526005599295612,0.0,2.0,8.0
ETHUSD,adx_only,5.0,1.0,20eb9c5a7e7d,169475.0,6843.0,ok,382.0,0.6491576928750553,588.4548611111111,6120.0,244.0,10000.0,-1421.6421949666185,8578.357805033382,-14.216421949666186,17.169380461341802,1697.736436383,1.9642585835999011,-1419.677936383021,5248.433005567137,-6670.075200533755,20.342763587469523,-53.790929036562545,23.280134031353253,-58.24774630000038,0.7868626436396317,0.675392670157068,-0.07917350449479209,-0.1539723060654938,-0.006355243365071959,0.042003910713714794,0.12117741520850693,9.083769633507853,126.45357370252032,0.38229587107196694,0.0,0.5,2.0
ETHUSD,adx_only,5.0,1.0,a24f3e81a670,169475.0,6829.0,ok,1471.0,2.4997669272754095,588.4548611111111,2611.0,984.0,10000.0,-3267.2791568326775,6732.720843167342,-32.67279156832677,34.515090698565324,5103.022758827,-8.194601994325598,-3275.4737588269845,18803.972982076106,-22071.252138908778,18.803972982076107,-46.8604079382352,23.77487678302627,-57.99003429999976,0.8519667513075582,0.6798096532970768,-0.05277864030340158,-0.09002037018975358,-0.0180948814890209,0.05232646528179486,0.10510510558519645,37.12304554724677,146.8164135475509,0.331148182341616,0.0,0.5,4.0
ETHUSD,adx_only,5.0,1.0,be44b73521b9,169475.0,6517.0,ok,1206.0,2.0494350199144415,588.4548611111111,186.0,763.0,10000.0,-1916.546389301158,8083.453610698901,-19.165463893011577,26.912908444900395,3334.187010314,-18.151621012847002,-1934.6980103139767,17486.603438418708,-19403.149827719866,22.33282686898941,-45.8703305619855,26.002275227122553,-61.60553033930406,0.9012249863389125,0.6492537313432836,-0.03392836476915218,-0.07350137375524589,0.0038998670364570175,0.03776186381630171,0.07169022858545389,98.6898839137645,239.64083965191475,0.2255881292142076,0.0,0.5,8.0
ETHUSD,adx_only,5.0,1.0,821dde5c95a0,169475.0,6843.0,ok,371.0,0.6304646703053548,588.4548611111111,6067.0,248.0,10000.0,-1289.0096444516864,8710.990355548329,-12.890096444516864,20.6523472789588,1736.760617427,2.868527024671099,-1286.1411174270015,7106.5223109137105,-8395.531955365397,32.74895074153784,-54.51644126860648,37.11325197700036,-61.358062850000394,0.846464803980895,0.5849056603773585,-0.07255490838681844,-0.1653930937413501,0.014935458835160675,0.048657928984684025,0.12121283737150246,13.633423180592992,126.46526630477398,0.3825007650882395,0.0,0.75,2.0
ETHUSD,adx_only,5.0,1.0,da6265cfd447,169475.0,6829.0,ok,1256.0,2.1344033043221713,588.4548611111111,2384.0,885.0,10000.0,-1762.1515398682118,8237.848460131809,-17.621515398682117,21.559837367954547,4967.4739632069995,-18.003423338784046,-1780.1549632069928,24142.381848834215,-25904.53338870243,32.275911562612585,-50.993175962012664,37.29121295199995,-58.698350670000615,0.9319751676887285,0.5955414012738853,-0.02905536000598073,-0.07448949694397783,0.018586465905566223,0.07582716701792482,0.10488252702390553,53.30334394904459,147.77881244031738,0.330537701024153,0.0,0.75,4.0
ETHUSD,adx_only,5.0,1.0,b437b0f55cfb,169475.0,6517.0,ok,930.0,1.5804100899837734,588.4548611111111,175.0,541.0,10000.0,-1879.3155779307565,8120.684422069216,-18.793155779307565,23.381239620793306,2538.8921177150005,-17.370539784241746,-1896.6861177150122,15557.677558128125,-17436.99313605888,30.565181843080797,-41.41803595263392,37.430432024999824,-57.96750488000048,0.8922224971205374,0.5473118279569893,-0.0433914387431951,-0.09554478834179171,0.00770051946222594,0.026937508942997433,0.07032894768619254,138.55698924731183,248.26371704121425,0.2211865124218774,0.0,0.75,8.0
ETHUSD,adx_only,5.0,1.0,8822505d8858,169475.0,6843.0,ok,357.0,0.6066735506711904,588.4548611111111,6018.0,239.0,10000.0,-906.6751056877899,9093.324894312198,-9.0667510568779,15.904212092579126,1768.269813571,-9.102707883224848,-915.7778135710323,8626.08596472775,-9532.76107041554,46.12880195041578,-56.07506512009141,50.52745962000012,-60.45606220499987,0.9048885103706615,0.5238095238095238,-0.05077119799314078,-0.15439412743978317,0.052256366502223754,0.07049874100242699,0.12126993899556779,18.515406162464988,126.58850738740468,0.38262826973900615,0.0,1.0,2.0
ETHUSD,adx_only,5.0,1.0,88d2c6a947a0,169475.0,6829.0,ok,1113.0,1.8913940109160643,588.4548611111111,2181.0,779.0,10000.0,-2516.464080022939,7483.535919977096,-25.16464080022939,28.36124236485615,4380.571832452,16.590747570940653,-2499.873332451968,23798.03472676075,-26314.49880678369,41.82431410678515,-48.37224045364649,49.53568105400004,-58.05237004999975,0.9043696747370992,0.5112309074573226,-0.04971192620870317,-0.10917768226257339,0.0103015390378156,0.055121684381994815,0.10483361059069798,69.38903863432165,146.99921636447309,0.33039069943501054,0.0,1.0,4.0
ETHUSD,adx_only,5.0,1.0,6e73e2956e15,169475.0,6517.0,ok,838.0,1.4240684466735507,588.4548611111111,158.0,464.0,10000.0,-182.28172471280004,9817.718275287203,-1.8228172471280006,14.913895712611872,2643.6504311090002,-33.073706396204905,-215.35543110899016,17919.101612517203,-18101.383337230003,42.06361880872583,-43.93539644958739,54.11213655199994,-64.0931858,0.989929956107946,0.5083532219570406,-0.0022294552421962804,-0.06302277404776026,0.0583662546420244,0.0698899400142499,0.07211939525644617,157.08114558472553,237.88452785168522,0.22691884819880268,0.0,1.0,8.0
ETHUSD,adx_only,5.0,1.0,9b74cc93a5b2,169475.0,6843.0,ok,330.0,0.5607906770910164,588.4548611111111,5900.0,231.0,10000.0,130.20686758411364,10130.206867584104,1.3020686758411364,9.366520228589362,1713.5935817280001,-21.82044931212225,108.3864182719808,10546.103448436912,-10415.896580852801,71.74220032950281,-56.91746765493334,78.30838019592055,-61.875113116924965,1.0125007834489703,0.44545454545454544,0.011863836294242694,-0.12031484838187483,0.1496840300562657,0.13327569394335165,0.12141185764910896,31.21212121212121,126.17797208844681,0.3829076536689415,0.0,1.5,2.0
ETHUSD,adx_only,5.0,1.0,cb3bece8ab10,169475.0,6829.0,ok,908.0,1.5430240448443724,588.4548611111111,1974.0,613.0,10000.0,-2581.6642475970502,7418.335752402954,-25.816642475970504,30.622403933766286,3704.238313266,11.2074343310595,-2570.456813265995,22167.786488015983,-24749.450735613034,58.33628023162101,-46.87395972653984,76.50235820799996,-59.841266625000294,0.895688018486722,0.4185022026431718,-0.06239507147475806,-0.1326795682718956,0.015414309842260401,0.04209901574306218,0.10449408721782026,99.3568281938326,147.534347568426,0.329311706823779,0.0,1.5,4.0
ETHUSD,adx_only,5.0,1.0,101a1d7ae065,169475.0,6517.0,ok,733.0,1.2456350494173183,588.4548611111111,167.0,385.0,10000.0,-1835.1379755168525,8164.79795420764,-18.351379755168526,21.16616254639449,2260.0808333920004,-0.06685787515154118,-1837.2554995920364,14619.18100676532,-16454.318982282173,46.11729024216189,-39.55365139971676,74.05746364799977,-57.65486555999944,0.8884707426972268,0.4324693042291951,-0.053169584169411074,-0.12331795042303721,0.020213696735560508,0.02025383226900063,0.0734234164384117,184.87858117326059,237.16577540107025,0.2309916857778119,0.0,1.5,8.0
ETHUSD,adx_only,5.0,1.0,b5acf63ba5bf,169475.0,6843.0,ok,305.0,0.5183065348871515,588.4548611111111,5815.0,238.0,10000.0,-1015.183036162922,8984.816963837053,-10.15183036162922,16.45829174329659,1533.0135547300001,-26.257018567095756,-1041.4400547300374,9341.287828641656,-10356.470864804578,87.30175540786594,-52.30540840810393,95.78247806399959,-58.2224216600004,0.901975967545767,0.35081967213114756,-0.06513152493715516,-0.2332834719880919,0.10317116066461293,0.0576468439992048,0.12277836893635993,42.34098360655738,124.55701480091771,0.3872883898608526,0.0,2.0,2.0
ETHUSD,adx_only,5.0,1.0,8f0add012268,169475.0,6829.0,ok,806.0,1.3696887446526036,588.4548611111111,1912.0,539.0,10000.0,-2565.9123547654845,7434.087645234522,-25.659123547654843,30.837980694028378,3313.270803177,11.311551588485454,-2554.6008031769816,20510.56456072125,-23076.47691548673,68.3685485357375,-45.605685603728716,100.79669692799993,-58.470012999999746,0.888808314884345,0.37220843672456577,-0.06954011117602937,-0.16106065424652327,0.026896493026083,0.03523684500889347,0.10477695618492285,118.3970223325062,146.8140396951796,0.33009100919314627,0.0,2.0,4.0
ETHUSD,adx_only,5.0,1.0,9fbb985af08a,169475.0,6517.0,ok,705.0,1.1980528101489896,588.4548611111111,169.0,347.0,10000.0,-979.3802572327745,9020.549172608688,-9.793802572327746,16.69412397707502,2407.3267827530003,4.835974479765496,-976.8029875530283,16607.540727135354,-17586.920984368127,55.54361447202459,-43.31753937036485,104.81405217012748,-59.07392004626921,0.9443120112893394,0.42411347517730497,-0.02613823437174883,-0.11433109569903946,0.058479987860310376,0.048146072914761695,0.07428430728651053,191.99574468085106,233.13782991202385,0.23372218283939294,0.0,2.0,8.0
ETHUSD,atr_banded,5.0,1.0,5d0bd0991cb2,169475.0,6103.0,ok,139.0,0.23621183065348872,588.4548611111111,5825.0,52.0,10000.0,-813.3550371144961,9186.644962885495,-8.133550371144961,8.930361812114787,616.688164021,-5.64262690649705,-818.9976640210025,1800.4220257504248,-2613.777062864921,20.00468917500472,-53.34238903805961,21.850255512000057,-56.624856300000005,0.6888200418198673,0.6474820143884892,-0.12105334231987824,-0.242581443699465,-0.00075667953342767,5.5879264814984975e-05,0.12110922158469323,7.690647482014389,124.55973274076706,0.3822112457845899,0.0,0.5,2.0
ETHUSD,atr_banded,5.0,1.0,8d0a8ca5bf5b,169475.0,6096.0,ok,857.0,1.456356394748488,588.4548611111111,3437.0,240.0,10000.0,-2080.4119626002507,7919.588037399767,-20.804119626002507,24.904706091558783,3176.15094503,-12.60948242976185,-2093.0214450299845,10984.372648239965,-13064.784610840217,18.64918955558568,-48.74919630910529,23.17995260300022,-57.82919220000036,0.8407618629338844,0.6872812135355892,-0.053504287828810004,-0.10135598254940867,-0.005254938831647321,0.05807562148201462,0.11157990931082465,29.774795799299884,135.26310805265288,0.3516405069519449,0.0,0.5,4.0
ETHUSD,atr_banded,5.0,1.0,e93c952cf0fb,169475.0,5990.0,ok,1114.0,1.893093376604219,588.4548611111111,351.0,104.0,10000.0,-3702.5342124033114,6297.465787596705,-37.02534212403311,39.458552259271826,2869.3239215290005,-23.407709125695106,-3725.9419215289818,12665.282309178388,-16367.8165215817,17.86358576752946,-40.41436178168321,23.917509168000034,-57.79765266000012,0.7737918061629445,0.6364452423698385,-0.0822003645979419,-0.12301550251761105,-0.03979694591934785,0.0001705610700422038,0.08237092566798411,84.74326750448833,201.83640773282144,0.25907829621496115,0.0,0.5,8.0
ETHUSD,atr_banded,5.0,1.0,ad9053359a1c,169475.0,6103.0,ok,133.0,0.22601563652456116,588.4548611111111,5819.0,37.0,10000.0,-709.3320664758478,9290.66793352415,-7.093320664758478,8.137284769022003,613.6074789700001,-4.116912494141549,-713.448978969991,2402.27669846168,-3111.6087649375277,32.030355979489066,-53.64842698168151,34.25835077100034,-56.624856300000005,0.7720368722222413,0.5639097744360902,-0.10882171191416673,-0.25932969820967633,0.05209091960442471,0.01193428874391228,0.12075600065807901,11.533834586466165,124.57829342549284,0.381146097084811,0.0,0.75,2.0
ETHUSD,atr_banded,5.0,1.0,47ad82c55a16,169475.0,6096.0,ok,774.0,1.3153090426316567,588.4548611111111,3243.0,117.0,10000.0,-1987.0927115244394,8012.907288475557,-19.870927115244395,27.173082137830512,3002.1354661620003,-12.576754637563798,-1999.6694661620004,13472.494271230695,-15459.586982755136,29.544943577260295,-48.61505340489037,36.10105540200015,-58.44090354499988,0.8714653429136882,0.5891472868217055,-0.05576129958981121,-0.11687615308485212,0.004017135414784742,0.05545408790008011,0.11121538748989131,46.310077519379846,135.77500276740568,0.3504162067160871,0.0,0.75,4.0
ETHUSD,atr_banded,5.0,1.0,a9337b0a76a0,169475.0,5990.0,ok,900.0,1.5294291193391356,588.4548611111111,286.0,68.0,10000.0,-3144.2780807147165,6855.7219192853,-31.442780807147162,32.49840638267686,2457.845460095,-40.27587938029119,-3184.5539600949915,13364.120948824866,-16508.39902953958,27.273716222091565,-40.26438787692581,35.02966297599984,-56.453984950000475,0.8095346450562257,0.5444444444444444,-0.0824902779983653,-0.1358020539039922,-0.027221184884976553,-0.002612476943861026,0.07987780105450426,119.21444444444444,211.5026318352252,0.2512876416767142,0.0,0.75,8.0
ETHUSD,atr_banded,5.0,1.0,e4572321b76b,169475.0,6103.0,ok,128.0,0.21751880808378818,588.4548611111111,5799.0,31.0,10000.0,-718.0596487032319,9281.940351296767,-7.180596487032319,8.47635400086871,617.103405226,-9.214756522759398,-727.2744052259932,2796.1726751084725,-3514.2323238117037,44.38369325569004,-54.06511267402621,46.7448119046744,-57.023378440000165,0.7956709794518111,0.4921875,-0.1140057265394285,-0.28682074766225635,0.06392465395725855,0.006883584855909099,0.12088931139533757,16.859375,124.7800880348119,0.3815352818719038,0.0,1.0,2.0
ETHUSD,atr_banded,5.0,1.0,7b0ff7abdc86,169475.0,6096.0,ok,724.0,1.230340758223927,588.4548611111111,3009.0,74.0,10000.0,-2129.7758201015763,7870.224179898424,-21.297758201015764,25.87455705098019,2892.7051637840004,2.6371563175718027,-2127.138663784008,14757.31407651574,-16887.089896617315,39.77712689087801,-47.83878157681959,48.7070796780001,-58.138161200000134,0.8738814186967646,0.5124309392265194,-0.06404965408607617,-0.13616808194862826,0.0072745877546984625,0.04701351021413827,0.11106316430021443,63.72375690607735,136.16604301070458,0.350002970249253,0.0,1.0,4.0
ETHUSD,atr_banded,5.0,1.0,7258e7af92c4,169475.0,5990.0,ok,809.0,1.3747868417170674,588.4548611111111,270.0,77.0,10000.0,-2407.390489210101,7592.6095107899455,-24.07390489210101,26.863378153507977,2381.951231099,-18.040241888912945,-2425.430731098987,14476.245319448177,-16883.635808658277,35.921204266620784,-41.585309873542556,48.50367923699989,-56.453984950000475,0.8574127920968575,0.49814585908529047,-0.06640201609715833,-0.12992720285252732,-0.003606342298356943,0.013318180047764024,0.07972019614492236,141.08529048207663,212.69507726212746,0.25078776509689804,0.0,1.0,8.0
ETHUSD,atr_banded,5.0,1.0,ae6a6e9cb738,169475.0,6103.0,ok,120.0,0.20392388257855143,588.4548611111111,5736.0,20.0,10000.0,-617.3792564037262,9382.620743596284,-6.173792564037262,8.321381312526162,598.573567256,-8.713810852265295,-626.0930672559789,3223.112789003294,-3840.49204540702,67.14818310423529,-53.340167297319724,72.28596306000011,-57.155626829999854,0.8392447506454097,0.4,-0.10295604269852282,-0.3163609925717583,0.12879276248501756,0.01700307435080013,0.11995911704932295,38.90833333333333,125.6146648905525,0.37857281186681996,0.0,1.5,2.0
ETHUSD,atr_banded,5.0,1.0,64423a0eab03,169475.0,6096.0,ok,642.0,1.0909927717952501,588.4548611111111,2625.0,66.0,10000.0,-2200.123034831717,7799.876965168307,-22.001230348317172,26.935504363075385,2757.976510538,-12.468475706287553,-2212.591510538001,15896.84142678163,-18096.964461613345,59.09606478357483,-48.517330996282425,75.189527184,-59.721369239999575,0.8784258520538878,0.4190031152647975,-0.07407831673056678,-0.1695342723274345,0.019464367539103876,0.035984116932325685,0.11006243366289246,93.33021806853583,137.34525696544767,0.3468401408990012,0.0,1.5,4.0
ETHUSD,atr_banded,5.0,1.0,beae9500eeeb,169475.0,5990.0,ok,706.0,1.199752175837144,588.4548611111111,287.0,98.0,10000.0,-1664.5266092019097,8335.473390798094,-16.645266092019096,24.285960275158715,2351.854089625,-26.015980423097545,-1690.5425896249926,14765.103161619638,-16429.62977082155,45.85435764478149,-42.785494194847786,77.43592541999993,-59.57643990500048,0.898687515639698,0.45609065155807366,-0.048970938292828836,-0.12335972097895001,0.029777516178464452,0.031768362257748,0.08073930055057682,169.59348441926346,211.27991199248595,0.25412003701503505,0.0,1.5,8.0
ETHUSD,atr_banded,5.0,1.0,ddd76a9fda2b,169475.0,6103.0,ok,112.0,0.19032895707331465,588.4548611111111,5682.0,21.0,10000.0,-679.3119113279756,9320.68808867202,-6.793119113279757,10.477808095875464,579.653217924,-19.520806596017994,-698.8327179240059,3360.7287475725493,-4040.0406589005247,93.3535763214597,-53.158429722375324,97.45202246800034,-58.06195778850145,0.8318551795187016,0.32142857142857145,-0.12034774272313783,-0.3732600231748513,0.14084692530168702,-0.0011418137042490592,0.11920592901888874,56.419642857142854,127.31227283070035,0.37635739947692615,0.0,2.0,2.0
ETHUSD,atr_banded,5.0,1.0,bdebe113889d,169475.0,6096.0,ok,589.0,1.0009263903230565,588.4548611111111,2511.0,77.0,10000.0,-999.7413026351333,9000.25869736487,-9.997413026351333,17.80832983394677,2825.268359175,1.8359434601284925,-997.9053591750126,18081.351425935765,-19081.092728570897,80.00597976077772,-52.56499374261955,103.9772677439999,-61.52330710499957,0.9476056577651772,0.3837011884550085,-0.031310996985097574,-0.14117251086886784,0.07903756407252388,0.07828689387317025,0.10959789085826782,112.02716468590832,137.9354866475855,0.3455146136942397,0.0,2.0,4.0
ETHUSD,atr_banded,5.0,1.0,a7ed0305cf62,169475.0,5990.0,ok,664.0,1.1283788169346511,588.4548611111111,265.0,96.0,10000.0,-1022.9287610007884,8977.07123899925,-10.229287610007884,19.51628890409246,2446.362131154,-13.91487015322725,-1036.843631154019,15735.751600735883,-16758.680361736668,53.7056368625798,-45.1716451798832,106.8590904179997,-61.524040500000716,0.9389612583496532,0.44126506024096385,-0.02933186468942031,-0.11494191309573326,0.05838768871991614,0.05171549737972523,0.08104736206914555,184.61897590361446,208.34183698094515,0.25513748770828276,0.0,2.0,8.0
ETHUSD,atr_adx,5.0,1.0,6d2bde0b26d0,169475.0,10531.0,ok,449.0,0.7630151939814133,588.4548611111111,9213.0,528.0,10000.0,-1600.7848780168679,8399.215121983098,-16.00784878016868,17.95238710862339,1945.01041254,1.5464654768501025,-1599.238412540053,5998.082766876161,-7598.867644893031,19.730535417355792,-52.40598375788297,23.31065729999991,-57.7156790200008,0.7893390235461321,0.6770601336302895,-0.07677918851388699,-0.14188724120516294,-0.010935284397504953,0.044883456140608596,0.12166264465449558,8.817371937639198,124.55973274076706,0.38381838217441655,0.0,0.5,2.0
ETHUSD,atr_adx,5.0,1.0,310418310d96,169475.0,10511.0,ok,1545.0,2.6255199881988496,588.4548611111111,3653.0,1656.0,10000.0,-3464.681163146978,6535.318836853048,-34.64681163146978,37.56313755933141,5371.615519837,21.83764330996359,-3365.189749872984,19751.74426389794,-23216.42542704492,18.811185013236134,-46.9018695495857,24.584981683000105,-58.67300085814564,0.8507659512858963,0.6796116504854369,-0.054180710084099935,-0.09028447474465093,-0.017926863036920173,0.05144046362302571,0.10562117370712565,36.354045307443364,144.6800525426899,0.33276722217252575,0.06472491909385113,0.5,4.0
ETHUSD,atr_adx,5.0,1.0,04f32e110040,169475.0,9976.0,ok,1244.0,2.1140109160643163,588.4548611111111,251.0,1180.0,10000.0,-3209.2102077414065,6790.78979225865,-32.09210207741406,33.2706739208679,2948.6434544539998,-14.7872467125891,-3223.9974544539527,15114.708123315108,-18323.918331056513,19.25440525263071,-39.92139069946953,23.998318484647722,-56.92193065000012,0.8248622292589988,0.6310289389067524,-0.06135321514278657,-0.09873194209270007,-0.02256291835120752,0.010025786150640665,0.07137900129342722,97.88585209003216,242.29225768030398,0.22439548541811852,0.0,0.5,8.0
ETHUSD,atr_adx,5.0,1.0,3e2825ddfa53,169475.0,10531.0,ok,420.0,0.71373358902493,588.4548611111111,9134.0,479.0,10000.0,-1873.604897081857,8126.395102918174,-18.73604897081857,20.370720984218877,1814.52875891,1.9011381718384008,-1871.703758909991,7144.650585295511,-9018.255482377368,29.769377438731293,-50.101419346540936,34.904300550000066,-57.086936325000735,0.7922430895040531,0.5714285714285714,-0.09707349893273974,-0.18717712359088481,-0.015456452309994782,0.024535286570640327,0.12160878550338007,13.164285714285715,125.07970035801864,0.383581850161957,0.0,0.75,2.0
ETHUSD,atr_adx,5.0,1.0,507eeeee65b7,169475.0,10511.0,ok,1335.0,2.2686531936863847,588.4548611111111,3312.0,1426.0,10000.0,-3136.7208231899676,6863.279176810056,-31.367208231899674,34.75649310261887,5048.415142218,17.074680971957406,-3119.6461422179864,23995.45420066431,-27132.17502385428,30.92197706271174,-48.53698573140301,37.60980055711947,-58.67300085814564,0.8843911031669152,0.5812734082397004,-0.05471285473575457,-0.1038998673604794,-0.0079590578762141,0.050490072843662644,0.1052029275794172,51.98951310861423,145.15999679204475,0.33151889611690066,0.0,0.75,4.0
ETHUSD,atr_adx,5.0,1.0,8bbecddc9b1f,169475.0,9976.0,ok,969.0,1.6466853518218028,588.4548611111111,241.0,931.0,10000.0,-2693.609262981022,7306.390737018957,-26.936092629810222,31.265461086693907,2571.108240041,0.15552294002065548,-2693.4537400409745,15469.32242618297,-18162.93168916399,29.80601623541998,-40.362070420364425,38.232628806353446,-59.842919199999585,0.8516974401996992,0.5356037151702786,-0.06318134589743211,-0.11172323688786914,-0.012069639791802233,0.008197870644178278,0.07137921654161038,131.93188854489165,244.53261972870717,0.22449503718720024,0.0,0.75,8.0
ETHUSD,atr_adx,5.0,1.0,ce8f5bf45470,169475.0,10531.0,ok,395.0,0.6712494468210651,588.4548611111111,9021.0,449.0,10000.0,-2218.414401150923,7781.585598849112,-22.18414401150923,23.203034099122963,1769.6214969950001,-5.186095844096549,-2223.6004969949845,7884.620447408377,-10103.034848559299,40.85295568605377,-50.015024002768804,46.36852014764073,-57.320366150000794,0.7804209889004521,0.48860759493670886,-0.125008603196502,-0.2253458197675059,-0.02051001869343214,-0.0036577270232045866,0.1213508761732974,18.313924050632913,124.98421916424664,0.3828052048465855,0.0,1.0,2.0
ETHUSD,atr_adx,5.0,1.0,76d014a2d577,169475.0,10511.0,ok,1162.0,1.9746629296356395,588.4548611111111,3081.0,1206.0,10000.0,-3306.051481343518,6693.94851865646,-33.06051481343518,35.1904402860557,4514.840328072,22.860153271506157,-3283.191328072021,24133.665118614666,-27439.716599958185,41.25412840788832,-47.55583466197259,48.67525544999994,-58.17606431999964,0.8795158299357744,0.5034423407917383,-0.06667945718374872,-0.12464986520646285,-0.008945000825366266,0.03879301089345886,0.10547246807720759,67.9354561101549,144.4152709703052,0.33239423953133634,0.0,1.0,4.0
ETHUSD,atr_adx,5.0,1.0,d65c8a0c1d0f,169475.0,9976.0,ok,860.0,1.4614544918129517,588.4548611111111,243.0,782.0,10000.0,-1764.8547320610455,8235.145267938931,-17.648547320610454,24.40864985667624,2469.9892603539997,29.669971707046997,-1735.1847603539954,16405.867458648172,-18170.722190709217,39.06158918725755,-41.297095887975495,52.175869505999835,-60.363396719999876,0.902873715555267,0.4883720930232558,-0.043351933347444846,-0.10374504743648982,0.015835717484925193,0.02799040618328919,0.07134233953073402,152.46744186046513,244.81096879185387,0.22442075398151148,0.0,1.0,8.0
ETHUSD,atr_adx,5.0,1.0,89f9cdaf84bb,169475.0,10531.0,ok,366.0,0.6219678418645819,588.4548611111111,8860.0,392.0,10000.0,-1298.0339743131362,8701.96602568687,-12.980339743131362,14.902514579574794,1840.2746158500001,-10.242141536880496,-1308.2761158500161,10126.986210668849,-11425.020184981986,66.18945235731273,-53.6385924177558,72.19939492821909,-57.836504930000814,0.8863867237609451,0.4180327868852459,-0.07198685026135361,-0.19814510068108462,0.052686944949244946,0.05058137921973066,0.12256822948108427,30.598360655737704,123.55427701354832,0.38674522459345756,0.0,1.5,2.0
ETHUSD,atr_adx,5.0,1.0,9de6a42ad45b,169475.0,10511.0,ok,958.0,1.6279923292521021,588.4548611111111,2835.0,962.0,10000.0,-3564.523733591115,6435.476266408864,-35.64523733591115,36.194274165425725,3818.035111884,27.73762170711151,-3536.786111884039,22543.051770073573,-26107.575503664688,58.1006488919422,-45.802764041516994,73.41710555599988,-57.03070590000012,0.8634678377894276,0.40501043841336115,-0.0888879287608448,-0.16049315381074497,-0.015161810836006455,0.0163713636170094,0.10525929237785421,92.75574112734864,145.59930510875745,0.3316626606687834,0.0,1.5,4.0
ETHUSD,atr_adx,5.0,1.0,f32d54ab822d,169475.0,9976.0,ok,750.0,1.2745242661159464,588.4548611111111,240.0,634.0,10000.0,-712.7791617343267,9287.22083826567,-7.127791617343268,17.876693290380967,2510.452899841,-18.916238106679167,-731.6953998409899,17099.54192725188,-17812.321088986213,49.99866060599965,-43.65764972790738,80.79623162600024,-61.8851311,0.9599839258357485,0.456,-0.017120860934751587,-0.08668560695572437,0.055347410291061494,0.055995054969974346,0.07311591590472592,178.86266666666666,238.186828718443,0.23008738245748275,0.0,1.5,8.0
ETHUSD,atr_adx,5.0,1.0,46cfb055642f,169475.0,10531.0,ok,338.0,0.5743856025962532,588.4548611111111,8682.0,356.0,10000.0,-1624.645241616487,8375.354758383484,-16.24645241616487,18.18059007337046,1737.0906434460003,-11.185901829536853,-1635.8311434460393,10119.600065294044,-11744.245306910529,87.23793159736245,-52.90200588698436,97.33339861847409,-57.93266871500075,0.8616645685474132,0.3431952662721893,-0.10006897159434103,-0.25691917542670084,0.05561406184167635,0.02253190898795212,0.12260088058229317,43.87278106508876,123.19628306940879,0.3868680938197682,0.0,2.0,2.0
ETHUSD,atr_adx,5.0,1.0,5dbff6d90caa,169475.0,10511.0,ok,842.0,1.430865909426169,588.4548611111111,2711.0,844.0,10000.0,-2784.131904364012,7215.868095635923,-27.841319043640116,35.553954211456166,3700.120547461,24.686856903010355,-2759.445047461052,23321.15780630733,-26105.28971067134,75.47300260940882,-48.978029475931216,108.01112230833108,-62.88161273404638,0.8933498943999112,0.3669833729216152,-0.07325786025693007,-0.16331014174427336,0.017117028757501696,0.0321698879648057,0.10542774822173576,111.55344418052256,144.54842018908204,0.33232856723767407,0.0,2.0,4.0
ETHUSD,atr_adx,5.0,1.0,239cee1d4ab2,169475.0,9976.0,ok,698.0,1.1861572503319073,588.4548611111111,261.0,553.0,10000.0,-1361.47747200096,8638.522527999012,-13.614774720009601,22.361509404801453,2431.2623661770003,27.317105823955806,-1334.1603661770314,16226.995122287777,-17588.472594288738,54.820929467188435,-43.75241938877795,106.88913671300008,-61.50664286999988,0.9225926262384458,0.42406876790830944,-0.03891474895611562,-0.11901336305089355,0.04918165901942831,0.035210869383342,0.07412561833945765,192.2922636103152,232.07449361738134,0.23333954681443764,0.0,2.0,8.0
ETHUSD,hwpr_v2,,,,,,family 'hwpr_v2' does not use an ATR sto,,,,,,,,,,,,,,,,,,,,,,,,,,,,,,,0.5,2.0
ETHUSD,hwpr_v2,,,,,,family 'hwpr_v2' does not use an ATR sto,,,,,,,,,,,,,,,,,,,,,,,,,,,,,,,0.5,4.0
ETHUSD,hwpr_v2,,,,,,family 'hwpr_v2' does not use an ATR sto,,,,,,,,,,,,,,,,,,,,,,,,,,,,,,,0.5,8.0
ETHUSD,hwpr_v2,,,,,,family 'hwpr_v2' does not use an ATR sto,,,,,,,,,,,,,,,,,,,,,,,,,,,,,,,0.75,2.0
ETHUSD,hwpr_v2,,,,,,family 'hwpr_v2' does not use an ATR sto,,,,,,,,,,,,,,,,,,,,,,,,,,,,,,,0.75,4.0
ETHUSD,hwpr_v2,,,,,,family 'hwpr_v2' does not use an ATR sto,,,,,,,,,,,,,,,,,,,,,,,,,,,,,,,0.75,8.0
ETHUSD,hwpr_v2,,,,,,family 'hwpr_v2' does not use an ATR sto,,,,,,,,,,,,,,,,,,,,,,,,,,,,,,,1.0,2.0
ETHUSD,hwpr_v2,,,,,,family 'hwpr_v2' does not use an ATR sto,,,,,,,,,,,,,,,,,,,,,,,,,,,,,,,1.0,4.0
ETHUSD,hwpr_v2,,,,,,family 'hwpr_v2' does not use an ATR sto,,,,,,,,,,,,,,,,,,,,,,,,,,,,,,,1.0,8.0
ETHUSD,hwpr_v2,,,,,,family 'hwpr_v2' does not use an ATR sto,,,,,,,,,,,,,,,,,,,,,,,,,,,,,,,1.5,2.0
ETHUSD,hwpr_v2,,,,,,family 'hwpr_v2' does not use an ATR sto,,,,,,,,,,,,,,,,,,,,,,,,,,,,,,,1.5,4.0
ETHUSD,hwpr_v2,,,,,,family 'hwpr_v2' does not use an ATR sto,,,,,,,,,,,,,,,,,,,,,,,,,,,,,,,1.5,8.0
ETHUSD,hwpr_v2,,,,,,family 'hwpr_v2' does not use an ATR sto,,,,,,,,,,,,,,,,,,,,,,,,,,,,,,,2.0,2.0
ETHUSD,hwpr_v2,,,,,,family 'hwpr_v2' does not use an ATR sto,,,,,,,,,,,,,,,,,,,,,,,,,,,,,,,2.0,4.0
ETHUSD,hwpr_v2,,,,,,family 'hwpr_v2' does not use an ATR sto,,,,,,,,,,,,,,,,,,,,,,,,,,,,,,,2.0,8.0
SOLUSD,atr_arm,5.0,1.0,1567baf6f48c,169475.0,24820.0,ok,842.0,1.430865909426169,588.4548611111111,21754.0,1194.0,10000.0,-4023.528185431643,5976.471814568399,-40.235281854316426,40.65565789308271,2978.9032306982003,-2.2253452665745996,-3975.732399401577,8754.032708022718,-12777.560893454362,16.091971889747644,-42.87772111897437,21.71145796224039,-57.06380343600055,0.6851098406822854,0.6460807600950119,-0.12412131212091455,-0.17539763680453477,-0.07429845864949806,-0.0036698772593319186,0.12045143486158265,7.344418052256532,124.39719896678685,0.3719057002834569,0.11876484560570072,0.5,2.0
SOLUSD,atr_arm,5.0,1.0,f62f9a3f6a42,169475.0,24744.0,ok,2654.0,4.510116536362296,588.4548611111111,7637.0,3716.0,10000.0,-6893.512498848315,3106.487501151674,-68.93512498848315,69.52845789630587,6557.7494439146,-1.0093450662986185,-6894.521843914612,23125.80950407115,-30019.322002919467,13.207201315860164,-33.24398892903596,22.47308447999988,-56.54282088000008,0.7703641508566414,0.659758854559156,-0.08975857065300437,-0.11710215084093309,-0.06234293739521944,0.01667205641085088,0.10643062706385525,28.260361718161267,144.05100877182417,0.3249200386005073,0.0,0.5,4.0
SOLUSD,atr_arm,5.0,1.0,0d8154c0bad1,169475.0,23620.0,ok,1493.0,2.5371529724148107,588.4548611111111,297.0,1842.0,10000.0,-3929.662817046772,6068.273824613233,-39.29662817046772,43.72572138970619,2853.3026347714003,27.335582275369458,-3904.390593111394,16040.491246417812,-19970.154063464586,16.884727627808225,-36.77744763068985,24.581633684000014,-56.02240957630211,0.803223209768016,0.6363027461486939,-0.06790009171430685,-0.10357365681904347,-0.030989526189695287,-0.002036676063813793,0.06586341565049306,92.14802411252512,262.6503715884499,0.19961416764012285,0.0,0.5,8.0
SOLUSD,atr_arm,5.0,1.0,94c23aa8f6ad,169475.0,24820.0,ok,778.0,1.322106505384275,588.4548611111111,21538.0,1126.0,10000.0,-3086.546301052902,6913.453698947101,-30.86546301052902,31.30838009869229,3070.370749432,-5.932348379115003,-3027.8087606060117,12218.590300892633,-15305.136601945534,27.457506294140746,-45.96137117701362,34.016075695200094,-56.522608190999875,0.7983326525383281,0.5719794344473008,-0.09482682927241712,-0.1598738922778722,-0.031827677019660036,0.025970549644842682,0.12079737891725979,10.988431876606684,124.2682988835437,0.37359098109852,0.12853470437017994,0.75,2.0
SOLUSD,atr_arm,5.0,1.0,11ac8507edfc,169475.0,24744.0,ok,2118.0,3.5992565275114323,588.4548611111111,6718.0,2980.0,10000.0,-5845.157995307667,4154.842004692354,-58.451579953076674,59.60803673468818,6572.9911518714,15.885343436233502,-5829.272651871432,30559.290543171097,-36404.44853847877,25.29742594633369,-40.004888503822826,36.30837596399977,-58.74894273599987,0.8394383590475363,0.5703493862134089,-0.08310043448672427,-0.12093464100451992,-0.04578702668650164,0.02252243867114191,0.1056228731578662,42.08876298394712,145.10064084230186,0.3247648519216165,0.0,0.75,4.0
SOLUSD,atr_arm,5.0,1.0,de515cb4ecbe,169475.0,23620.0,ok,1145.0,1.9457737129370114,588.4548611111111,286.0,1351.0,10000.0,-2069.4457251336244,7927.884046426366,-20.694457251336242,26.373984937110826,2700.1562096766,29.92921545702539,-2042.1867381166176,19043.877654692515,-21113.323379826143,29.434123113898785,-42.396231686397876,37.797220387199886,-58.584410536681844,0.9019838948182364,0.5650655021834061,-0.04104657092318709,-0.08749167850324173,0.006373115647440282,0.023901710555966932,0.06494828147915402,125.51353711790394,269.6840891729899,0.19812231516304266,0.0,0.75,8.0
SOLUSD,atr_arm,5.0,1.0,ae190a209e26,169475.0,24820.0,ok,722.0,1.2269420268476177,588.4548611111111,21322.0,1013.0,10000.0,-2275.7586438379362,7724.241356162078,-22.757586438379363,25.05828100365191,3236.955385576,-4.5998417380937,-2280.358485576019,15485.833535770686,-17761.59217960862,41.74079120153824,-50.602826722531674,47.718641663999854,-57.49563603099965,0.8718719233712257,0.5138504155124654,-0.07056995200723873,-0.1439063772501354,0.002001364239623063,0.05032348667053454,0.12089343867777326,15.12742382271468,123.98156469649953,0.37459890984341154,0.0,1.0,2.0
SOLUSD,atr_arm,5.0,1.0,fba2f87a03ea,169475.0,24744.0,ok,1739.0,2.955196931700841,588.4548611111111,5790.0,2384.0,10000.0,-5180.001935174001,4819.998064826029,-51.80001935174001,54.42249271046889,5735.6148216868005,16.601913487187574,-5085.309449683994,30862.688224660793,-36042.69015983479,35.433625975500334,-41.52383658967142,51.03468505360001,-59.73507670374005,0.8562814842010189,0.5008625646923519,-0.08311383716590257,-0.13105153617868107,-0.03690270065315982,0.02179459109788672,0.10490842826378927,58.441633122484184,145.78127800444923,0.32305654907559905,0.05750431282346176,1.0,4.0
SOLUSD,atr_arm,5.0,1.0,ed3c5148837c,169475.0,23620.0,ok,983.0,1.670476471455967,588.4548611111111,274.0,1163.0,10000.0,-2633.991419154878,7364.0513616014005,-26.33991419154878,34.930432491571835,2349.9165125602003,32.29010659468146,-2603.7439618401813,17936.543732447513,-20570.53515160239,36.90646858528295,-41.38940674366678,52.56087906940809,-61.160912768000394,0.8719531893680609,0.49440488301119023,-0.06136901292404515,-0.11884152996165002,-0.003374675900005538,0.0031278274198128283,0.06449684034385798,149.2004069175992,267.8426283742347,0.1966896361278489,0.0,1.0,8.0
SOLUSD,atr_arm,5.0,1.0,1a0cc106f3fb,169475.0,24820.0,ok,650.0,1.104587697300487,588.4548611111111,20734.0,927.0,10000.0,-1781.3046725522895,8218.695327447738,-17.813046725522895,23.41148695613371,3175.4491800764,-0.12010752413764036,-1781.4247800764024,18150.209639150715,-19931.51431170301,66.72871190864234,-52.72887384048415,75.0799622015998,-59.671888936342064,0.9106287337381896,0.41846153846153844,-0.05686789891273944,-0.1531220593184988,0.03991399502810999,0.0647719706935079,0.12163986960624733,24.709230769230768,123.36997550948524,0.37712025143839717,0.0,1.5,2.0
SOLUSD,atr_arm,5.0,1.0,90d98bcf760c,169475.0,24744.0,ok,1358.0,2.3077386045139403,588.4548611111111,5009.0,1880.0,10000.0,-3827.403343481175,6172.596656518818,-38.27403343481175,42.53484618295139,5184.8524224748,19.5000210063704,-3807.9033224748173,32398.115388872033,-36225.5187323532,57.545498026415686,-45.5666902293751,76.48806754067978,-61.00357613097641,0.8943451059525369,0.41458026509572904,-0.06909159774964203,-0.1329275520528652,-0.0033751696241184474,0.034984811692988484,0.10407640944263051,83.29749631811488,147.00861921536293,0.3214027249115784,0.0,1.5,4.0
SOLUSD,atr_arm,5.0,1.0,b3f56cba0e18,169475.0,23620.0,ok,828.0,1.4070747897920048,588.4548611111111,250.0,1005.0,10000.0,-154.62543211350368,9842.784130652157,-1.5462543211350368,19.37221286253444,2371.4980386586003,49.55239345490567,-107.77654505858845,18846.460606232486,-19001.086038345988,49.5959489637697,-42.41313847845087,76.9391339648001,-58.91497488528645,0.9918622845135561,0.45893719806763283,0.002016716681922012,-0.07004668388366109,0.0675250060378042,0.06876672626677507,0.06675000958485305,181.90458937198068,266.2121550909642,0.20466414220221874,0.0,1.5,8.0
SOLUSD,atr_arm,5.0,1.0,5104b68fd7d7,169475.0,24820.0,ok,594.0,1.0094232187638295,588.4548611111111,20011.0,838.0,10000.0,-1699.7338707897875,8300.2661292102,-16.997338707897875,22.14616700783328,2994.5961039236,3.415166866167822,-1696.318703923631,18542.77236429727,-20242.506235087058,88.72139887223574,-52.577938272953396,101.0407056453882,-59.55131641500003,0.9160314512911658,0.35185185185185186,-0.05789693347725255,-0.1727305754979975,0.057749766199760404,0.06433713479097014,0.1222340682682227,37.294612794612796,122.53153904736402,0.379060615309438,0.0,2.0,2.0
SOLUSD,atr_arm,5.0,1.0,1245719458bf,169475.0,24744.0,ok,1151.0,1.955969907065939,588.4548611111111,4777.0,1565.0,10000.0,-2248.169112135188,7751.830887864831,-22.481691121351876,27.305956078955756,5012.516344469201,36.01346766597288,-2212.155644469194,33699.36710754095,-35947.53621967614,78.37062118032779,-49.85788657375332,100.02355049162458,-59.879807567999705,0.9374597163378157,0.3735881841876629,-0.03846431565937672,-0.11710519726373879,0.04220293754769128,0.06577012640724042,0.10423444206661713,102.92354474370113,147.37288428922557,0.3224169829117386,0.0,2.0,4.0
SOLUSD,atr_arm,5.0,1.0,2c1189672370,169475.0,23620.0,ok,788.0,1.339100162265821,588.4548611111111,247.0,976.0,10000.0,-376.6222805215581,9620.100620938445,-3.766222805215581,17.84754368974314,2343.5351380348,49.713942486761596,-330.18543657483315,18787.60928525148,-19164.23156577304,55.25767436838671,-42.777302602171964,103.33838326679988,-59.797813057149945,0.9803476450788562,0.43147208121827413,-0.005717897854519897,-0.08598771838199835,0.07887907119349666,0.061551897552952026,0.0672697954074719,192.7258883248731,260.63034211103474,0.20574258206056317,0.0,2.0,8.0
SOLUSD,wpr_only,5.0,1.0,2c570c3c53d5,169475.0,73308.0,ok,1103.0,1.8744003540345184,588.4548611111111,62681.0,4411.0,10000.0,-4659.851720309836,5340.148279690169,-46.59851720309836,47.596079978833,3735.3870831946,-5.804162884769498,-4665.655883194602,11002.174849433603,-15662.026569743439,15.302051250950768,-40.786527525373536,22.727160269999985,-57.06821850000046,0.7024745361298305,0.6518585675430644,-0.11547205284366488,-0.15958736564957948,-0.07395082769128111,0.006178205068691296,0.12165025791235617,8.15684496826836,122.70824514369058,0.3749008247677553,0.0,0.5,2.0
SOLUSD,wpr_only,5.0,1.0,f5c9189ca21a,169475.0,73048.0,ok,3042.0,5.1694704233662785,588.4548611111111,18941.0,11851.0,10000.0,-6730.819189321087,3269.180810678958,-67.30819189321086,69.38059444810733,7414.073136110401,10.705653210693367,-6720.113536110349,26781.78564144458,-33512.60483076567,13.173529582609238,-33.21368169550611,23.62878660178512,-58.81157087500071,0.7991555946393647,0.668310322156476,-0.07571096104613617,-0.10167523601392149,-0.05099021538448938,0.029956112441148035,0.1056670734872842,29.60223537146614,145.76996699217017,0.32227820931864526,0.0,0.5,4.0
SOLUSD,wpr_only,5.0,1.0,328efc7cd120,169475.0,69808.0,ok,1496.0,2.542251069479274,588.4548611111111,671.0,4919.0,10000.0,-2288.323029664865,7709.067428905115,-22.883230296648648,26.04257815604137,3134.1059247796,9.02300488526942,-2281.909566209585,18342.11243241837,-20630.43546208323,18.793147984035215,-39.67391435016006,23.3574659239999,-53.414190889053785,0.8890802361457382,0.6524064171122995,-0.0360212210659719,-0.06996646651219274,-0.0013662894155777048,0.0289544654027567,0.06497568646872859,97.61163101604278,267.5581137735124,0.1977326180744404,0.0,0.5,8.0
SOLUSD,wpr_only,5.0,1.0,dd4b974b8360,169475.0,73308.0,ok,1005.0,1.707862516595368,588.4548611111111,62030.0,4024.0,10000.0,-4222.685150637743,5777.314849362222,-42.226851506377436,45.04109518821275,3710.2195232444,7.702927393346299,-4156.900006100424,14491.528914133814,-18714.214064771557,25.558252053146056,-42.726516129615426,35.85289735439994,-57.86352059400034,0.7743594715747798,0.564179104477612,-0.10977915648953002,-0.16693432209357,-0.053886771650601045,0.011815451405334227,0.12159460789486425,11.675621890547264,122.45620940759727,0.37570550526955354,0.09950248756218905,0.75,2.0
SOLUSD,wpr_only,5.0,1.0,9f03c81689e2,169475.0,73048.0,ok,2276.0,3.8677563062398583,588.4548611111111,16690.0,8714.0,10000.0,-5450.005685316215,4549.994314683795,-54.50005685316215,57.0411965852058,6704.3224618232,25.88392349303355,-5424.1217618231885,31688.168259645518,-37138.17394496173,24.079155212496595,-38.68559785933514,36.62250011520014,-59.07968674300018,0.8532505746407174,0.5782073813708261,-0.06996794767731405,-0.10574719692194515,-0.034468457698314525,0.03470522309971639,0.10467317077703045,45.80887521968366,147.86641227743314,0.3212834112312196,0.0,0.75,4.0
SOLUSD,wpr_only,5.0,1.0,9959b3306a38,169475.0,69808.0,ok,1108.0,1.8828971824752914,588.4548611111111,596.0,3580.0,10000.0,-2343.3349726471056,7654.005359706631,-23.433349726471057,26.38551780801004,2403.773045625,20.383427022112762,-2325.7267950849982,17071.627168726605,-19414.96214137371,28.07833415908981,-38.82992428274742,35.614357867999836,-55.46858284632508,0.8793026246673226,0.5487364620938628,-0.05013266242753889,-0.09855106691435145,-0.0017084856848104382,0.01245925232757479,0.06259191475511368,136.31407942238266,283.07811155506124,0.1900945445426577,0.0,0.75,8.0
SOLUSD,wpr_only,5.0,1.0,5536e003be2a,169475.0,73308.0,ok,920.0,1.5634164331022276,588.4548611111111,60634.0,3708.0,10000.0,-2512.426070159576,7487.573929840455,-25.12426070159576,34.13360229882006,4262.4425711431995,9.516799016368502,-2417.861687967178,20491.853953392158,-23004.280023551735,42.95986153750977,-51.928397344360576,52.85244348960002,-64.35445468200037,0.8907844076151324,0.5184782608695652,-0.06157976410834942,-0.1298719795402537,0.006716055122214797,0.06046891108488426,0.12204867519323369,17.464130434782607,121.93035860532993,0.3785339634545925,0.10869565217391304,1.0,2.0
SOLUSD,wpr_only,5.0,1.0,d4527a09260f,169475.0,73048.0,ok,1845.0,3.135329694645228,588.4548611111111,14215.0,7039.0,10000.0,-3793.2674991208964,6206.73250087916,-37.93267499120896,42.48949522708635,6286.2317804350005,23.24451868591436,-3770.0229804349183,35289.64658364398,-39082.91408276488,37.14699640383577,-43.668060427670255,49.46026968640009,-59.56076871736431,0.9029430740223722,0.5149051490514905,-0.051295953416563865,-0.09731914981739362,-0.004068831969265213,0.05213204980790702,0.10342800322447088,62.28021680216802,150.23400370052366,0.3187291599042907,0.0,1.0,4.0
SOLUSD,wpr_only,5.0,1.0,0fea4393ac26,169475.0,69808.0,ok,960.0,1.6313910606284114,588.4548611111111,700.0,3109.0,10000.0,-2423.8830821433644,7573.754442019763,-24.238830821433645,26.40069130345889,2168.250197274,9.244084869376731,-2417.104491683969,16414.574748362003,-18838.45783050537,34.34011453632218,-39.083937407687486,48.47329674489605,-54.830547356713716,0.8713332532868833,0.4979166666666667,-0.05702239367894886,-0.11484351742187346,0.0007951218661969893,0.005317548946768393,0.06233994262571726,159.146875,285.66002492134226,0.1895267021649479,0.0,1.0,8.0
SOLUSD,wpr_only,5.0,1.0,eeb0bcbce7f8,169475.0,73308.0,ok,818.0,1.3900811329104588,588.4548611111111,58726.0,3277.0,10000.0,-3390.710902639411,6609.289097360627,-33.90710902639411,40.94795272722466,3718.2677214824,-0.6501188429936224,-3391.361021482372,20341.88198902835,-23732.59289166776,61.82942853808009,-48.53290979891157,77.97476469600002,-63.12384064800037,0.8571285102257052,0.402200488997555,-0.0991717453839101,-0.18249610349390183,-0.011984855806146397,0.02322479113003822,0.12239653651394833,26.778728606356967,121.02960732119166,0.37933901918629204,0.0,1.5,2.0
SOLUSD,wpr_only,5.0,1.0,9627adad441d,169475.0,73048.0,ok,1404.0,2.3859094261690514,588.4548611111111,11760.0,5299.0,10000.0,-3496.408640972873,6503.591359027133,-34.96408640972873,44.52112928357862,5563.9107563772,23.002884595686837,-3473.405756377173,35454.66697301666,-38951.07561398954,60.09265588646892,-47.85144424323039,80.427016053492,-63.39272023954317,0.910235889873164,0.4202279202279202,-0.058719843117883086,-0.12039325546578343,0.006202263737563966,0.04373486671463356,0.10245470983251663,89.34757834757835,153.19854046777056,0.3165614784219375,0.0,1.5,4.0
SOLUSD,wpr_only,5.0,1.0,82c67e11d27f,169475.0,69808.0,ok,835.0,1.4189703496090869,588.4548611111111,433.0,2746.0,10000.0,-1787.697717917214,8209.469157850912,-17.87697717917214,22.37466478147129,2104.3924476712,27.8646702460127,-1762.7892916612018,16170.400113107027,-17958.097831024243,42.77883627806092,-39.29561888626749,71.86695570384596,-55.95053131200001,0.9004517218505845,0.45269461077844314,-0.04543242836252678,-0.11925838993303073,0.027490411615246124,0.019119111276075212,0.064551539638602,186.01796407185628,278.98396637523115,0.1965749752141587,0.0,1.5,8.0
SOLUSD,wpr_only,5.0,1.0,461613bee59c,169475.0,73308.0,ok,718.0,1.2201445640949993,588.4548611111111,56370.0,2873.0,10000.0,-4157.9548986856025,5842.045101314413,-41.579548986856025,46.662343698609035,3137.8851297346,-6.090631049007739,-4164.045529734603,17830.075990269477,-21988.03088895508,77.18647614835271,-45.149960757607964,101.84314765440062,-60.90126541500023,0.8108991696580613,0.32172701949860727,-0.1471481326056686,-0.24958672910599197,-0.04787616435754152,-0.0246845031044305,0.12246362950123808,39.7075208913649,120.86305179360403,0.3791206479554215,0.0,2.0,2.0
SOLUSD,wpr_only,5.0,1.0,247ec2c731ff,169475.0,73048.0,ok,1219.0,2.0715267738604517,588.4548611111111,11489.0,4610.0,10000.0,-3779.293366611464,6220.706633388537,-37.79293366611464,47.924883799797335,4700.840637223,43.697129388480334,-3735.5962372229824,31256.836655946267,-35036.13002255773,71.03826512715061,-44.97577666567103,105.5800005391994,-61.56927176399961,0.8921315406645027,0.3609515996718622,-0.07654602843574888,-0.15500366669581164,0.005712523284023931,0.026018488673163566,0.10256451710891247,105.43560295324036,151.55891195757678,0.3162955309830041,0.0,2.0,4.0
SOLUSD,wpr_only,5.0,1.0,e6e58e941c78,169475.0,69808.0,ok,794.0,1.3492963563947487,588.4548611111111,429.0,2741.0,10000.0,-2422.8564361162403,7574.541715099427,-24.2285643611624,26.821021776271486,2088.1061066082,39.23822950804595,-2386.333124558174,15508.056449263822,-17930.91288538006,46.85213428780611,-38.72767361853145,96.52712052744576,-55.800948968999705,0.8648782439798862,0.4168765743073048,-0.06733016048976229,-0.14577619616426057,0.014586905180045759,-0.0018234839273938133,0.06550667656236846,196.75692695214107,271.8099324843434,0.19993995944163573,0.0,2.0,8.0
SOLUSD,adx_only,5.0,1.0,20eb9c5a7e7d,169475.0,6115.0,ok,471.0,0.8004012391208143,588.4548611111111,5234.0,290.0,10000.0,-2215.1861690011156,7784.813830998881,-22.151861690011152,24.439120325971476,1896.3616186516,-0.7286496504936999,-2139.0941068372094,5778.553424708248,-7993.739593709363,18.700820144686887,-49.34407156610718,22.889110516799917,-57.70160671199973,0.7228848722137076,0.6560509554140127,-0.10715448954081114,-0.17360097661514245,-0.04210171564660627,0.011308723799973169,0.11846321334078432,7.806794055201698,127.03148541856568,0.36703730434866716,0.21231422505307856,0.5,2.0
SOLUSD,adx_only,5.0,1.0,a24f3e81a670,169475.0,6092.0,ok,1703.0,2.8940197669272756,588.4548611111111,1718.0,1080.0,10000.0,-3144.539305234679,6855.460694765322,-31.445393052346787,32.669798077832674,5653.5613878404,7.980917394253472,-3136.5583878404286,21336.761509043223,-24481.3008142779,18.205427908739953,-46.10414465965706,23.679957791999826,-57.56754917400002,0.8715534223818397,0.6881972988843218,-0.04364877502403985,-0.077675468420365,-0.010540265375750865,0.06014675159901227,0.10379552662305211,31.52730475631239,149.16417989278213,0.32026153507142274,0.0,0.5,4.0
SOLUSD,adx_only,5.0,1.0,be44b73521b9,169475.0,5673.0,ok,1194.0,2.0290426316565866,588.4548611111111,69.0,736.0,10000.0,-2265.7220095013968,7731.851458098632,-22.65722009501397,25.238233399668776,2728.53510482,12.84010468139658,-2255.30843722,15712.44680395673,-17978.168813458127,20.326580600202753,-42.70348886807156,23.82275880640005,-57.621833177999605,0.8739737048299758,0.6474036850921273,-0.043084801104006115,-0.08085708493878116,-0.001835296987227935,0.02268121732856537,0.06576601843257149,94.25209380234506,262.0887722757283,0.2009965681054602,0.0,0.5,8.0
SOLUSD,adx_only,5.0,1.0,821dde5c95a0,169475.0,6115.0,ok,441.0,0.7494202684761765,588.4548611111111,5200.0,295.0,10000.0,-1745.4235198328902,8254.5764801671,-17.454235198328902,25.24694847844983,1945.2789249584002,-2.1478051255148998,-1747.5713249584096,7950.969037256574,-9696.392557089464,31.303027705734543,-51.85236661545168,36.985847942400085,-60.90332215199971,0.8199924859109862,0.5759637188208617,-0.08693158459509108,-0.1652205341527031,-0.007687670827604755,0.0320595227509048,0.11899110734599588,12.841269841269842,126.28556910569081,0.36880030259427404,0.0,0.75,2.0
SOLUSD,adx_only,5.0,1.0,da6265cfd447,169475.0,6092.0,ok,1454.0,2.470877710576781,588.4548611111111,1559.0,963.0,10000.0,-3501.5831390055355,6498.41686099445,-35.01583139005536,37.83021955324507,4957.7269035262,14.57363547931709,-3487.009503526222,23859.180742727418,-27360.763881732953,28.135826347555916,-45.149775382397614,36.68288253647412,-57.9980920356801,0.872021733232992,0.5832187070151307,-0.05842069064292502,-0.10319341756548088,-0.01498115497438871,0.04493468490922443,0.10335537555214945,46.87964236588721,150.40625596662795,0.31872341077446986,0.0,0.75,4.0
SOLUSD,adx_only,5.0,1.0,b437b0f55cfb,169475.0,5673.0,ok,954.0,1.6211948664994837,588.4548611111111,70.0,556.0,10000.0,-740.0398330835294,9257.048328036446,-7.400398330835293,17.490477858107536,2423.7729186881998,18.477414395332993,-724.4742575682267,17227.616643027002,-17967.656476110533,31.726734149221,-43.716925732629036,38.15201662559991,-58.956482662000155,0.9588126679699451,0.5691823899371069,-0.015643172832680987,-0.06972992609997385,0.034800202334129386,0.05044936779822938,0.06609254063091036,125.74109014675052,262.70027497955243,0.20211795963529156,0.0,0.75,8.0
SOLUSD,adx_only,5.0,1.0,8822505d8858,169475.0,6115.0,ok,424.0,0.7205310517775484,588.4548611111111,5139.0,294.0,10000.0,-2047.0756487890476,7952.924351210941,-20.470756487890476,30.5764694492623,1977.7887198172002,0.593828971838001,-2046.4818198172106,9206.74216534465,-11253.8178141337,43.841629358784054,-52.58793371090514,53.02512294640004,-64.10876015999969,0.8180994501067788,0.49528301886792453,-0.10836072286208516,-0.2032039488754271,-0.013114995988353086,0.011060005240232235,0.11942072810231742,18.07547169811321,125.26014878620907,0.37034910800486065,0.0,1.0,2.0
SOLUSD,adx_only,5.0,1.0,88d2c6a947a0,169475.0,6092.0,ok,1276.0,2.1683906180852635,588.4548611111111,1392.0,820.0,10000.0,-2398.883403436044,7601.11659656394,-23.988834034360437,29.25215870048863,4572.9896557898,20.542247646227736,-2378.341155789837,25624.116047208296,-28022.99945064434,38.47464871953198,-45.939343361712034,49.07178260997126,-57.9980920356801,0.9143959087013119,0.5219435736677116,-0.040987061937071106,-0.09266834934783044,0.013583617819289575,0.06249490634302982,0.10348196828010091,63.13479623824451,149.96059983591584,0.3192484605729881,0.0,1.0,4.0
SOLUSD,adx_only,5.0,1.0,6e73e2956e15,169475.0,5673.0,ok,824.0,1.4002773270393865,588.4548611111111,56.0,456.0,10000.0,-1764.1437221934877,8233.55271893152,-17.64143722193488,23.674983096910584,2129.0387813766,19.66944081689184,-1746.878346176596,15757.850692357677,-17521.99441455116,38.062441285888106,-42.73657174280771,51.347202596810256,-58.956482662000155,0.899318326415602,0.5024271844660194,-0.04486505420979711,-0.1043940179239443,0.015965731897535435,0.02080475835644791,0.06566981256624502,153.35194174757282,265.28094188961927,0.2008054881315215,0.0,1.0,8.0
SOLUSD,adx_only,5.0,1.0,9b74cc93a5b2,169475.0,6115.0,ok,398.0,0.6763475438855289,588.4548611111111,5040.0,261.0,10000.0,-2461.712752416081,7538.287247583912,-24.617127524160807,32.38557991729209,1874.5443444664002,7.6637079496744205,-2454.049044466412,9973.727479428711,-12435.440231844792,65.18776130345563,-50.756898905488946,79.07351138400028,-62.50604115599969,0.8020405625759751,0.3844221105527638,-0.14005833552880453,-0.26540285515996653,-0.013733556106676561,-0.02117221757630707,0.11888611795249744,31.35175879396985,126.32640953571224,0.36833304920569176,0.0,1.5,2.0
SOLUSD,adx_only,5.0,1.0,cb3bece8ab10,169475.0,6092.0,ok,1029.0,1.7486472931110784,588.4548611111111,1246.0,646.0,10000.0,-1888.5569257221189,8111.443074277881,-18.88556925722119,27.227339868361323,4046.4658625736,28.180563148509005,-1860.3763625736055,26058.620517309297,-27947.177443031418,59.35904445856332,-47.3680973610702,76.27025873040004,-58.250480896000425,0.9324240550026267,0.42662779397473277,-0.03759831977547001,-0.11181629327676243,0.03541394627201119,0.0651244609874308,0.10272278076290083,91.17978620019436,152.16229875099205,0.3173735915097608,0.0,1.5,4.0
SOLUSD,adx_only,5.0,1.0,101a1d7ae065,169475.0,5673.0,ok,713.0,1.2116477356542263,588.4548611111111,63.0,370.0,10000.0,-1148.9095679849102,8851.090432015111,-11.4890956798491,15.578442158284997,1987.4521795934,20.821688391511042,-1128.087879593404,15076.268619905024,-16225.178187889935,47.26103015644208,-41.18065529921303,75.93935773307244,-57.27877955128928,0.9291897102959136,0.4474053295932679,-0.03213498635622775,-0.11344477427675356,0.045551487274928505,0.03430461792259123,0.066439604278819,182.11781206171108,263.1823623072182,0.20324533251576793,0.0,1.5,8.0
SOLUSD,adx_only,5.0,1.0,b5acf63ba5bf,169475.0,6115.0,ok,376.0,0.6389614987461277,588.4548611111111,4976.0,249.0,10000.0,-2629.5160658264476,7370.483934173538,-26.29516065826448,32.935761898885154,1753.3092415044,8.162824322041802,-2621.353241504411,9938.75835693596,-12568.274422762406,84.22676573674542,-48.714241948691495,102.05913870640008,-60.459744757999914,0.7907814567555806,0.31382978723404253,-0.16111714235630584,-0.30935383896431423,-0.024570746636583374,-0.04129790270769307,0.11981923964861278,40.329787234042556,125.26014878620907,0.37086129835571163,0.0,2.0,2.0
SOLUSD,adx_only,5.0,1.0,8f0add012268,169475.0,6092.0,ok,901.0,1.5311284850272902,588.4548611111111,1182.0,538.0,10000.0,-1553.9393245245992,8446.06067547542,-15.539393245245991,26.295649249411213,3542.8423878656004,18.45203665900055,-1535.4872878655988,23705.930464945748,-25259.86978947035,68.9125885608888,-45.34985599545844,99.37665528959995,-60.364870056000264,0.9384818948998555,0.38179800221975585,-0.034832976797635994,-0.12625659446382403,0.05332893977083604,0.06797915347641462,0.10281213027405062,110.95227524972253,150.8675748641503,0.31730814143238456,0.0,2.0,4.0
SOLUSD,adx_only,5.0,1.0,9fbb985af08a,169475.0,5673.0,ok,670.0,1.1385750110635788,588.4548611111111,64.0,329.0,10000.0,-1717.6146118217735,8282.385388178234,-17.176146118217734,22.249650892633895,1919.7315711502001,42.12334067157287,-1675.491271150213,13954.102020803204,-15671.716632624979,49.482631279443986,-40.39102224903345,102.16781404802978,-57.08989871677498,0.8904003529360601,0.4208955223880597,-0.05550782274402931,-0.1362751500512934,0.030984926776915563,0.012327447759546445,0.06783527050357577,195.02089552238806,254.65932501100167,0.20736520555418297,0.0,2.0,8.0
SOLUSD,atr_banded,5.0,1.0,5d0bd0991cb2,169475.0,6545.0,ok,227.0,0.3857560112110931,588.4548611111111,5960.0,92.0,10000.0,-1586.9328789338497,8413.06712106615,-15.869328789338496,18.972191535956913,951.4446370374001,1.3628418964467999,-1585.5700370374016,2734.911302226262,-4321.8441811601115,19.259938748072265,-50.84522566070719,22.757349407999783,-55.778039526000086,0.632811176800023,0.6255506607929515,-0.15415058614615285,-0.253505010782452,-0.058704252289905494,-0.03599517983140342,0.1181554063147494,8.268722466960352,129.0691741380571,0.36612285878036166,0.0,0.5,2.0
SOLUSD,atr_banded,5.0,1.0,8d0a8ca5bf5b,169475.0,6536.0,ok,1213.0,2.061330579731524,588.4548611111111,2906.0,361.0,10000.0,-4071.822499845551,5928.177500154428,-40.71822499845551,43.75050151034587,3707.7724415978,-11.76104175226625,-4083.5835415978354,12665.880386807665,-16737.702886653216,15.753582570656299,-40.923478940472414,23.5806306456001,-58.381751988000346,0.756727519455943,0.6628194558944766,-0.08780244322839081,-0.13001092247609586,-0.044968193988342786,0.020964770219413783,0.1087672134478046,25.551525144270403,140.84901488724063,0.3344172870364202,0.0,0.5,4.0
SOLUSD,atr_banded,5.0,1.0,e93c952cf0fb,169475.0,6334.0,ok,1249.0,2.1225077445050893,588.4548611111111,200.0,156.0,10000.0,-3827.2524898176252,6172.747510182397,-38.27252489817625,38.614026847779,2659.9186860154,-27.597996197780006,-3854.8504860153917,13326.642560699944,-17153.895050517567,16.700053334210455,-38.035244014451365,23.51998487519995,-54.877936359999616,0.7768872621322148,0.6389111289031225,-0.07962615901177511,-0.11969759089419131,-0.04113450191648769,-0.0052688885644286,0.07435727044734652,76.83666933546837,224.94396835860192,0.2265885267030994,0.0,0.5,8.0
SOLUSD,atr_banded,5.0,1.0,ad9053359a1c,169475.0,6545.0,ok,218.0,0.3704617200177017,588.4548611111111,5951.0,75.0,10000.0,-1272.6906904180682,8727.30930958193,-12.726906904180682,17.036063234993303,949.3648344154001,1.3749560026701997,-1271.3157344154006,3710.195790084264,-4982.886480502333,30.662775124663337,-51.369963716518896,34.88020728839982,-57.37861948800049,0.7445876611080718,0.555045871559633,-0.12407662753480955,-0.2438853611593236,-0.010717852660614624,-0.005821197795215141,0.11825542973959441,11.137614678899082,128.45530494334153,0.36605700839012023,0.0,0.75,2.0
SOLUSD,atr_banded,5.0,1.0,47ad82c55a16,169475.0,6536.0,ok,1090.0,1.8523086000885087,588.4548611111111,2720.0,173.0,10000.0,-4347.215701144742,5652.784298855234,-43.472157011447415,46.04298154118918,3431.2400169356,-13.353215790866752,-4360.568916935622,14962.746623214663,-19309.962324359407,24.609780630287275,-40.06216249867097,35.872163308800005,-57.30758784000052,0.774871870378496,0.5577981651376147,-0.10628172152349365,-0.15594636968812428,-0.052651203138422704,0.001970802010288462,0.10825252353378212,39.19174311926606,141.65914169642627,0.3325129027758155,0.0,0.75,4.0
SOLUSD,atr_banded,5.0,1.0,a9337b0a76a0,169475.0,6334.0,ok,1001.0,1.7010650538427496,588.4548611111111,159.0,93.0,10000.0,-2999.6677949190625,7000.332205080975,-29.996677949190627,30.7792491938763,2455.5608185548,-36.045323635746215,-3035.713118554758,15433.716496781784,-18433.384291700844,28.010374767299066,-40.96307620377966,35.749617241324586,-54.82717744499989,0.8372698280765739,0.5504495504495505,-0.07189792580148904,-0.12295699103732351,-0.02160435433850489,0.0012328006897135662,0.0731307264912026,110.2027972027972,231.82812011958362,0.2235641861714072,0.0,0.75,8.0
SOLUSD,atr_banded,5.0,1.0,e4572321b76b,169475.0,6545.0,ok,211.0,0.3585661602006196,588.4548611111111,5932.0,56.0,10000.0,-940.9384196843856,9059.061580315627,-9.409384196843856,14.347630175250007,979.8865905568,-1.8363708724137997,-942.7747905567903,4675.146519713664,-5616.084939398052,44.10515584635532,-53.486523232362394,48.65218121302488,-58.634116039999796,0.8324565191164577,0.5023696682464455,-0.09215372042285448,-0.22894271637624916,0.0425264384545831,0.025579585343566923,0.11773330576642141,17.01421800947867,129.0691741380571,0.36500108249433877,0.0,1.0,2.0
SOLUSD,atr_banded,5.0,1.0,7b0ff7abdc86,169475.0,6536.0,ok,1012.0,1.7197580764124503,588.4548611111111,2541.0,115.0,10000.0,-3731.337115452396,6268.662884547617,-37.31337115452396,39.077407799029594,3543.7319904103997,-13.536674958017452,-3666.783218407597,18269.420557810838,-22000.757673263233,36.39326804344788,-43.138740535810264,48.12561421920007,-58.381751988000346,0.8303996084649865,0.49604743083003955,-0.09282379861486154,-0.15650950605722205,-0.030500448659156496,0.015339217792619805,0.10816301640748135,52.47529644268775,141.09173771364058,0.3331144492502503,0.09881422924901186,1.0,4.0
SOLUSD,atr_banded,5.0,1.0,7258e7af92c4,169475.0,6334.0,ok,860.0,1.4614544918129517,588.4548611111111,148.0,91.0,10000.0,-3044.117337030974,6955.882662969077,-30.441173370309738,31.891873992926435,2115.567427212,-35.437290181026384,-3079.5546272119736,14407.150237485745,-17451.26757451672,34.96881125603336,-38.95372226454625,47.87375526932456,-54.82717744499989,0.8255646861162016,0.4790697674418605,-0.08510047319410201,-0.14751007885583461,-0.021792572696154124,-0.013287763201380686,0.07181270999272131,136.63488372093022,236.40646737158562,0.21901755050152075,0.0,1.0,8.0
SOLUSD,atr_banded,5.0,1.0,ae6a6e9cb738,169475.0,6545.0,ok,203.0,0.3449712346953828,588.4548611111111,5886.0,41.0,10000.0,-1085.4062598542582,8914.593740145761,-10.854062598542583,14.449702057394568,961.0757102294,-3.7441503751399985,-1089.1504102293784,5298.365924824064,-6383.772184678323,66.22957406030079,-51.90058686730344,72.18500914440013,-57.401954860800515,0.8299741550208605,0.39408866995073893,-0.11159312784299263,-0.28574545133167467,0.05787922062772585,0.006093002576237751,0.11768613041923039,28.773399014778324,129.5365833402539,0.36459471267060156,0.0,1.5,2.0
SOLUSD,atr_banded,5.0,1.0,64423a0eab03,169475.0,6536.0,ok,880.0,1.4954418055760437,588.4548611111111,2219.0,92.0,10000.0,-3176.345016740168,6823.654983259816,-31.76345016740168,34.3402184999065,3279.9860252168,-31.11290847664225,-3207.457925216825,19794.44568208683,-22970.790698826993,55.29174771532634,-44.00534616633524,73.66107938879996,-58.381751988000346,0.8617224344435664,0.4068181818181818,-0.0841286929586074,-0.15903667408993766,-0.003485292435157576,0.022570576561366577,0.106699269519974,77.92386363636363,142.62055879952644,0.3287183662150966,0.0,1.5,4.0
SOLUSD,atr_banded,5.0,1.0,beae9500eeeb,169475.0,6334.0,ok,750.0,1.2745242661159464,588.4548611111111,160.0,117.0,10000.0,-3018.8220126079495,6981.177987392089,-30.188220126079496,32.250206946619855,1978.4039695684,-40.149556960445366,-3058.9715695683826,13937.655223084003,-16956.477235691953,44.96017813898065,-38.53744826293626,70.84522535363209,-54.004436820651634,0.8219664396886881,0.41333333333333333,-0.09592200282714247,-0.17019235470915384,-0.01512328056119726,-0.022948901877246613,0.07297310094989587,164.24,235.13409441663646,0.22272436734772783,0.0,1.5,8.0
SOLUSD,atr_banded,5.0,1.0,ddd76a9fda2b,169475.0,6545.0,ok,197.0,0.33477504056645524,588.4548611111111,5851.0,40.0,10000.0,-1037.6206690253346,8962.379330974662,-10.376206690253346,17.872780091114194,975.9432142802,-6.877945254862897,-1044.4986142802045,5937.8259002323775,-6975.446569257712,91.35116769588274,-52.844292191346305,99.30408288242747,-59.14140803840052,0.8512467038887014,0.3299492385786802,-0.10913512960334822,-0.3117614479004861,0.09769802032415337,0.008506619901299629,0.11764174950464786,37.32994923857868,129.5993028741418,0.36457808490935883,0.0,2.0,2.0
SOLUSD,atr_banded,5.0,1.0,bdebe113889d,169475.0,6536.0,ok,808.0,1.373087476028913,588.4548611111111,2023.0,99.0,10000.0,-4106.410192788563,5893.589807211446,-41.06410192788563,42.50879111648518,2980.676620799,-35.40442801044662,-4141.814620798997,18240.729618026606,-22347.13981081517,66.81585940669086,-41.77035478657041,96.6058530731997,-56.79636035600054,0.8162444846386464,0.3378712871287129,-0.12978337624294345,-0.22224563480774764,-0.0369523463030482,-0.023104432049671705,0.10667894419327174,95.54702970297029,143.2180194786506,0.32817327934235063,0.0,2.0,4.0
SOLUSD,atr_banded,5.0,1.0,a7ed0305cf62,169475.0,6334.0,ok,704.0,1.196353444460835,588.4548611111111,150.0,123.0,10000.0,-3097.3968707732365,6902.603129226785,-30.973968707732364,34.86958178589676,2074.058336755,-49.705665981763545,-3147.1025367550164,14406.017751826648,-17503.414622599885,52.385519097551445,-40.800500285780615,97.87068862798023,-57.29951738300015,0.8230404216801235,0.390625,-0.1072051367375148,-0.1898795028187677,-0.017385395643166185,-0.03351372917746915,0.07369140756004562,179.33522727272728,234.45945485461698,0.22553269882889826,0.0,2.0,8.0
SOLUSD,atr_adx,5.0,1.0,6d2bde0b26d0,169475.0,10002.0,ok,536.0,0.910860008850863,588.4548611111111,8400.0,620.0,10000.0,-2414.4874227671353,7585.5125772328865,-24.14487422767135,25.471557310142256,2054.5165611368,-3.8382383696827,-2301.1008136061946,6186.2703446951145,-8600.757767462248,17.524845169107973,-46.998676324930315,22.023043256000335,-55.51718172499927,0.7192703843024804,0.6585820895522388,-0.10428560713427178,-0.16221778884051377,-0.04104856557254342,0.015611212511420081,0.11989681964569185,8.0,124.50049853429766,0.371045890463547,0.3731343283582089,0.5,2.0
SOLUSD,atr_adx,5.0,1.0,310418310d96,169475.0,9952.0,ok,1790.0,3.0418645817967254,588.4548611111111,2670.0,1818.0,10000.0,-5275.207676073494,4724.792323926507,-52.752076760734944,54.29199688658252,5367.2478341602,5.6079419132801815,-5269.599734160213,19593.936540675215,-24869.14421674871,16.56292184334338,-40.97058355312802,23.337611296799835,-58.381751988000346,0.7878814152148917,0.6608938547486034,-0.08475433687417339,-0.12013310831759715,-0.052881787986514994,0.018735071578375354,0.10348940845254873,31.73687150837989,149.37861561618735,0.3185207301343417,0.0,0.5,4.0
SOLUSD,atr_adx,5.0,1.0,04f32e110040,169475.0,9305.0,ok,1236.0,2.1004159905590796,588.4548611111111,89.0,1184.0,10000.0,-1959.2089059735044,8038.243235006535,-19.592089059735045,24.76406684540612,2604.7597605716,37.02784540190192,-1924.7289195915628,15160.483310810969,-17119.69221678447,18.670545949274594,-40.37663258675583,24.086937280182127,-56.33339544900036,0.8855581700205651,0.656957928802589,-0.03568319178308667,-0.07373260002950797,0.0013591943889487686,0.029922630458293464,0.06560582224138013,95.30825242718447,266.1642030026643,0.1999914163326448,0.0,0.5,8.0
SOLUSD,atr_adx,5.0,1.0,3e2825ddfa53,169475.0,10002.0,ok,497.0,0.8445847470128338,588.4548611111111,8302.0,571.0,10000.0,-1381.4598383663124,8618.540161633671,-13.814598383663125,16.759825538259,2174.6032855722,-4.5977472059022,-1308.453718981029,9083.368617112588,-10464.8284554789,30.895811622831932,-51.55087909102907,35.907886781999956,-57.7674453234968,0.8679902069829875,0.5915492957746479,-0.0585698817772597,-0.13360362530264222,0.02131108433907323,0.06134041860624867,0.11991030038350836,12.776659959758552,124.18228307671833,0.3715087751183988,0.2012072434607646,0.75,2.0
SOLUSD,atr_adx,5.0,1.0,507eeeee65b7,169475.0,9952.0,ok,1522.0,2.586434577371294,588.4548611111111,2431.0,1483.0,10000.0,-4825.19015593511,5174.809844064923,-48.251901559351104,49.943099749930006,4940.821470213001,9.450385722092621,-4815.739770212991,23248.958825869573,-28074.148981804683,27.002275059081967,-42.47223749138379,35.15882152000019,-57.24700151054798,0.8281269306128426,0.5657030223390276,-0.08648881791665002,-0.12992854333435458,-0.04267113171132182,0.016616799117686487,0.1031056170343365,47.11760840998686,150.58963950992762,0.31749107452277586,0.0,0.75,4.0
SOLUSD,atr_adx,5.0,1.0,8bbecddc9b1f,169475.0,9305.0,ok,978.0,1.661979643015194,588.4548611111111,110.0,885.0,10000.0,-1349.2052956860086,8647.821040823996,-13.492052956860087,20.005631993319064,2296.0104804094,36.09291527660663,-1316.086043899406,16248.08171523334,-17597.287010919346,29.275822910330344,-41.60115132605046,36.445643716799935,-56.75364770741054,0.9233287895543895,0.5674846625766872,-0.029619586362010734,-0.08166471239594804,0.02215444022394499,0.035399022945993765,0.06501860930800449,129.0961145194274,271.1132197530985,0.1986541066924365,0.0,0.75,8.0
SOLUSD,atr_adx,5.0,1.0,ce8f5bf45470,169475.0,10002.0,ok,475.0,0.8071987018734327,588.4548611111111,8229.0,498.0,10000.0,-1241.8545822606538,8758.145417739315,-12.41854582260654,16.470891580234248,2167.4368415886,-4.877559327962301,-1246.73214158864,10601.541730887753,-11843.396313148405,42.748152140676424,-52.173552040301345,48.58011246480006,-59.57884392099959,0.8951437113624274,0.5221052631578947,-0.05237273419721141,-0.14157174008751483,0.03700797160154359,0.06752248934116827,0.1198952235383797,17.250526315789475,123.7654140611299,0.37148425787901823,0.0,1.0,2.0
SOLUSD,atr_adx,5.0,1.0,76d014a2d577,169475.0,9952.0,ok,1318.0,2.2397639769877564,588.4548611111111,2280.0,1268.0,10000.0,-4036.8931373106984,5963.10686268933,-40.36893137310699,42.467733444433655,4568.26473748,14.698399830680104,-3938.526267476992,24843.743334127845,-28880.63647143854,37.528313193546595,-44.025360474753874,48.722856161531965,-57.67391727999953,0.8602214621792363,0.5022761760242792,-0.07842839951816727,-0.13116113540685181,-0.026348063459397855,0.024610999867608112,0.1030393993857754,61.17298937784522,149.9254460716486,0.317703013935715,0.07587253414264036,1.0,4.0
SOLUSD,atr_adx,5.0,1.0,d65c8a0c1d0f,169475.0,9305.0,ok,845.0,1.435964006490633,588.4548611111111,95.0,709.0,10000.0,-1547.5712312729397,8450.183723123922,-15.475712312729398,24.966592009180687,2026.0055875254002,32.43044374753448,-1517.4838264054215,15090.593154087464,-16638.164385360404,35.75969941726887,-39.33372195120663,49.91278197119979,-56.75364770741054,0.9069866605817035,0.49940828402366866,-0.03974252356758055,-0.10079269961713984,0.022834639025109425,0.02559719666661859,0.06533972023419914,152.82130177514793,269.46218694924875,0.19914884989436787,0.0,1.0,8.0
SOLUSD,atr_adx,5.0,1.0,89f9cdaf84bb,169475.0,10002.0,ok,439.0,0.7460215370998673,588.4548611111111,8080.0,450.0,10000.0,-1253.1154060252616,8746.88459397473,-12.531154060252616,19.3364128098669,2144.6712533536,9.7515526716465,-1243.3638533536196,12258.668614898883,-13511.784020924142,66.98726019070428,-52.78040633173493,75.71623873920024,-61.036409034000286,0.9072575905532013,0.4168564920273349,-0.058434884626994435,-0.1800577485480181,0.06346880258730861,0.06267057611046963,0.12110546073746406,27.865603644646924,122.99036107009506,0.37592373205242063,0.0,1.5,2.0
SOLUSD,atr_adx,5.0,1.0,9de6a42ad45b,169475.0,9952.0,ok,1079.0,1.833615577518808,588.4548611111111,2046.0,1007.0,10000.0,-3339.4142060428567,6660.585793957124,-33.394142060428564,38.719663542145994,4210.447131552,19.35127449084382,-3320.062931552048,26453.577034233036,-29792.991240275896,59.446240526366374,-46.992099748069236,76.48806754067978,-59.90342313399967,0.8879127584366739,0.41241890639481,-0.07286912075448182,-0.14529955445986784,-0.002712366554223353,0.029749632154399717,0.10261875290888153,86.38183503243744,151.16791538122408,0.3171778230138974,0.0,1.5,4.0
SOLUSD,atr_adx,5.0,1.0,f32d54ab822d,169475.0,9305.0,ok,740.0,1.2575306092344003,588.4548611111111,101.0,550.0,10000.0,-1086.5445418269599,8911.09528202612,-10.865445418269598,16.50363004470672,2007.9336074672,32.56093435975757,-1056.4468021872108,15306.723109446146,-16393.267651273105,46.243876463583526,-40.08133900066774,75.62463178628607,-56.75364770741054,0.9337200755248709,0.4472972972972973,-0.02998961936464572,-0.10273892260895807,0.04707179424012917,0.036733612654046614,0.06672323201869232,178.74594594594595,264.84275321353454,0.2040912905471073,0.0,1.5,8.0
SOLUSD,atr_adx,5.0,1.0,46cfb055642f,169475.0,10002.0,ok,409.0,0.6950405664552294,588.4548611111111,7901.0,401.0,10000.0,-1297.1352709745206,8702.86472902547,-12.971352709745206,22.130613310779406,2065.8899639188,12.041607055710502,-1285.0936639188276,12833.211448720838,-14130.346719695357,90.37472851211858,-52.922646890244785,105.87675082830572,-62.8315975350003,0.9082021625720954,0.3471882640586797,-0.06495326142105211,-0.20313601777353768,0.07717388776937509,0.05607656105873436,0.1210298224797865,41.479217603911984,122.9355449751698,0.3751058029242121,0.0,2.0,2.0
SOLUSD,atr_adx,5.0,1.0,5dbff6d90caa,169475.0,9952.0,ok,934.0,1.5872075527363918,588.4548611111111,1960.0,811.0,10000.0,-904.1281277810256,9095.871872218953,-9.041281277810256,18.86703656880475,4225.3293393694,45.94788841161332,-858.1802393694379,29512.728924809617,-30416.85705259064,82.20815856492929,-52.898881830592416,105.48874745600027,-62.2478495750004,0.9702754256885322,0.38436830835117775,-0.014684150654326782,-0.09735111089142208,0.07228102588364824,0.08804530041007044,0.10272945106439721,106.20342612419701,151.32061368891505,0.31784238669086096,0.0,2.0,4.0
SOLUSD,atr_adx,5.0,1.0,239cee1d4ab2,169475.0,9305.0,ok,689.0,1.170862959138516,588.4548611111111,101.0,502.0,10000.0,-1290.5033497159607,8706.522986794058,-12.905033497159607,20.980005166767892,1931.0712327488,39.42121696715897,-1254.0557962387775,14582.668476836749,-15873.171826552709,49.7701995796476,-40.08376723876947,98.42785381154681,-56.75364770741054,0.9186990877552776,0.42525399129172714,-0.03886817666444255,-0.12557724003736273,0.04483288394943797,0.028962721693144892,0.06783089835758743,193.59361393323658,259.29477915867574,0.20745158043361933,0.0,2.0,8.0
SOLUSD,hwpr_v2,,,,,,family 'hwpr_v2' does not use an ATR sto,,,,,,,,,,,,,,,,,,,,,,,,,,,,,,,0.5,2.0
SOLUSD,hwpr_v2,,,,,,family 'hwpr_v2' does not use an ATR sto,,,,,,,,,,,,,,,,,,,,,,,,,,,,,,,0.5,4.0
SOLUSD,hwpr_v2,,,,,,family 'hwpr_v2' does not use an ATR sto,,,,,,,,,,,,,,,,,,,,,,,,,,,,,,,0.5,8.0
SOLUSD,hwpr_v2,,,,,,family 'hwpr_v2' does not use an ATR sto,,,,,,,,,,,,,,,,,,,,,,,,,,,,,,,0.75,2.0
SOLUSD,hwpr_v2,,,,,,family 'hwpr_v2' does not use an ATR sto,,,,,,,,,,,,,,,,,,,,,,,,,,,,,,,0.75,4.0
SOLUSD,hwpr_v2,,,,,,family 'hwpr_v2' does not use an ATR sto,,,,,,,,,,,,,,,,,,,,,,,,,,,,,,,0.75,8.0
SOLUSD,hwpr_v2,,,,,,family 'hwpr_v2' does not use an ATR sto,,,,,,,,,,,,,,,,,,,,,,,,,,,,,,,1.0,2.0
SOLUSD,hwpr_v2,,,,,,family 'hwpr_v2' does not use an ATR sto,,,,,,,,,,,,,,,,,,,,,,,,,,,,,,,1.0,4.0
SOLUSD,hwpr_v2,,,,,,family 'hwpr_v2' does not use an ATR sto,,,,,,,,,,,,,,,,,,,,,,,,,,,,,,,1.0,8.0
SOLUSD,hwpr_v2,,,,,,family 'hwpr_v2' does not use an ATR sto,,,,,,,,,,,,,,,,,,,,,,,,,,,,,,,1.5,2.0
SOLUSD,hwpr_v2,,,,,,family 'hwpr_v2' does not use an ATR sto,,,,,,,,,,,,,,,,,,,,,,,,,,,,,,,1.5,4.0
SOLUSD,hwpr_v2,,,,,,family 'hwpr_v2' does not use an ATR sto,,,,,,,,,,,,,,,,,,,,,,,,,,,,,,,1.5,8.0
SOLUSD,hwpr_v2,,,,,,family 'hwpr_v2' does not use an ATR sto,,,,,,,,,,,,,,,,,,,,,,,,,,,,,,,2.0,2.0
SOLUSD,hwpr_v2,,,,,,family 'hwpr_v2' does not use an ATR sto,,,,,,,,,,,,,,,,,,,,,,,,,,,,,,,2.0,4.0
SOLUSD,hwpr_v2,,,,,,family 'hwpr_v2' does not use an ATR sto,,,,,,,,,,,,,,,,,,,,,,,,,,,,,,,2.0,8.0
BTCUSD,atr_arm,5.0,1.0,1567baf6f48c,169474.0,25212.0,ok,143.0,0.24301072730920376,588.4513888888889,24698.0,201.0,10000.0,-253.4481303423657,9746.551869657651,-2.534481303423657,3.3949650407812353,668.1213146099999,-0.8286842676343502,-254.27681460998247,2074.971968959087,-2328.420099301453,20.544276920387,-55.43857379289174,22.871537500000002,-58.8532915999795,0.8911501707022703,0.7062937062937062,-0.035392325511961004,-0.1537738321327343,0.0805730402433308,0.09112975793807485,0.12652208345003582,9.027972027972028,118.74793216047874,0.39618108870324115,0.0,0.5,2.0
BTCUSD,atr_arm,5.0,1.0,f62f9a3f6a42,169474.0,25207.0,ok,918.0,1.5600269067821613,588.4513888888889,17448.0,1259.0,10000.0,-2956.04618968145,7043.953810318554,-29.5604618968145,30.25509928551814,3390.316685266,-5.0739955845503015,-2961.120185265997,10740.094215927576,-13696.140405609025,17.577895607082777,-44.612835197423536,22.43590908,-57.490416200000006,0.7841694008575694,0.6655773420479303,-0.0756385307896142,-0.1211608436828277,-0.029102783853257902,0.040375513823970914,0.11601404461358514,41.84531590413943,130.36526433550347,0.3621049410628133,0.0,0.5,4.0
BTCUSD,atr_arm,5.0,1.0,0d8154c0bad1,169474.0,25043.0,ok,1125.0,1.9117976798800995,588.4513888888889,3520.0,1513.0,10000.0,-4129.979929045927,5866.765157488828,-41.29979929045927,42.29272447386084,3115.86061539,-37.12768634407266,-4168.964538830001,11144.64569536649,-15274.625624412418,16.36511849539866,-34.40230996489284,23.30160114,-57.3128508568416,0.7296182550984912,0.6053333333333333,-0.09519454925492797,-0.1346147369794815,-0.05761747058185819,-0.0030578159691592418,0.09213673328576873,112.73422222222223,174.67096458869116,0.2859476692409643,0.0,0.5,8.0
BTCUSD,atr_arm,5.0,1.0,94c23aa8f6ad,169474.0,25212.0,ok,138.0,0.23451384873195888,588.4513888888889,24590.0,185.0,10000.0,240.94239516241694,10240.942395162414,2.4094239516241696,2.760448466593115,682.809094591,3.4780102465830014,244.42040540899507,2992.4531255363017,-2751.5107303738846,33.62306882625058,-56.15328021171193,36.47435992100001,-61.5695973661324,1.087567310751384,0.644927536231884,0.035855761859819334,-0.10537697686019726,0.18204631605594043,0.1625510882512075,0.12669532639138817,15.340579710144928,117.47934253729308,0.3963953505062644,0.0,0.75,2.0
BTCUSD,atr_arm,5.0,1.0,11ac8507edfc,169474.0,25207.0,ok,739.0,1.2558386537167943,588.4513888888889,16067.0,1039.0,10000.0,-3787.8380807153762,6212.161919284629,-37.87838080715376,39.78903342373183,2755.394051407,-10.493470691623752,-3798.33155140699,10540.39238392744,-14328.230464642817,26.417023518615135,-42.14185430777299,34.479021668,-57.490416200000006,0.7356381103680271,0.5399188092016238,-0.12884104423365203,-0.19239566471288516,-0.0665494271623882,-0.012438258805692284,0.11640278542795973,67.26251691474967,130.15868565661097,0.36326597658939486,0.0,0.75,4.0
BTCUSD,atr_arm,5.0,1.0,de515cb4ecbe,169474.0,25043.0,ok,899.0,1.5277387681886307,588.4513888888889,3361.0,1178.0,10000.0,-3657.8025778743604,6342.197422125649,-36.57802577874361,38.08510608289435,2589.3332383710003,-61.2631604966401,-3719.065738371005,10559.588282806057,-14217.390860680416,22.806886139969883,-32.60869463458811,34.579116846999995,-56.56726278000001,0.7427233580536658,0.5150166852057843,-0.10194447021466958,-0.15499771531919507,-0.047711950681717824,-0.008771988330991465,0.0931724818836781,146.65294771968854,171.18597644480965,0.288863399540503,0.0,0.75,8.0
BTCUSD,atr_arm,5.0,1.0,ae190a209e26,169474.0,25212.0,ok,134.0,0.22771634587016296,588.4513888888889,24447.0,180.0,10000.0,39.50636269044557,10039.50636269046,0.3950636269044557,3.8069317569497905,678.625368536,-5.1517312264456,34.3546314640098,3359.9520717648056,-3320.44570907436,45.40475772655143,-55.340761817906,51.744184709477,-60.682656266933996,1.0118979095434326,0.5522388059701493,0.008692737022392885,-0.15987898961628336,0.1839840910137493,0.13548135109809234,0.12678861407569944,23.559701492537314,117.21910762533591,0.3971127108116397,0.0,1.0,2.0
BTCUSD,atr_arm,5.0,1.0,fba2f87a03ea,169474.0,25207.0,ok,661.0,1.123287347911774,588.4513888888889,15363.0,923.0,10000.0,-2571.924360148699,7428.075639851322,-25.71924360148699,30.194277097902116,2718.417655337,-29.29779518830116,-2601.22215533698,12383.298313039457,-14955.222673188156,37.985577647360294,-44.64245574086017,46.860616475,-57.0897919200555,0.8280250039499802,0.49319213313161875,-0.08850221183954102,-0.16142096433458178,-0.014547161251274834,0.02761685241393599,0.11611906425347703,84.38275340393344,130.6015037593985,0.362993196944175,0.0,1.0,4.0
BTCUSD,atr_arm,5.0,1.0,ed3c5148837c,169474.0,25043.0,ok,801.0,1.3611999480746308,588.4513888888889,3158.0,1045.0,10000.0,-2412.072768919333,7587.927231080643,-24.12072768919333,29.243937365738553,2639.1710219080005,-16.715752988666953,-2428.788521908007,11897.679495739849,-14309.752264659182,30.58529433352146,-34.73240840936695,49.106111556,-57.03346452,0.8314385375576044,0.48564294631710364,-0.06848408361217641,-0.12884448331537127,-0.009834820356389426,0.02523034682868345,0.09371443044085985,168.80649188514357,169.0988980967125,0.291444976945083,0.0,1.0,8.0
BTCUSD,atr_arm,5.0,1.0,1a0cc106f3fb,169474.0,25212.0,ok,114.0,0.19372883156118342,588.4513888888889,24143.0,171.0,10000.0,-708.4262449710404,9291.573755028969,-7.084262449710405,7.5293167798333505,594.1215530160001,-5.79580804495965,-714.2220530159939,2990.0621101049496,-3698.488355075989,66.44582466899888,-53.60128050834767,72.2833271448938,-57.113088251232,0.808455191159718,0.39473684210526316,-0.12578973095753485,-0.35047594761654155,0.09271347655555706,0.0005074108365724054,0.1262971417941072,47.5,117.47934253729308,0.395584051298158,0.0,1.5,2.0
BTCUSD,atr_arm,5.0,1.0,90d98bcf760c,169474.0,25207.0,ok,555.0,0.9431535220741825,588.4513888888889,14220.0,767.0,10000.0,-3066.1114745449877,6933.888525455028,-30.661114745449876,33.463818122690874,2384.3008845599998,-40.566410015012856,-3106.677884559993,11181.723438468158,-14247.834913013146,50.36812359670341,-42.786291030069506,71.172470556,-56.317142399999994,0.7848015861171594,0.4,-0.1303039351568008,-0.22853374643381036,-0.028408242631789985,-0.013089087434637775,0.11721484772216302,117.94054054054054,128.27129098245985,0.3660189992176495,0.0,1.5,4.0
BTCUSD,atr_arm,5.0,1.0,b3f56cba0e18,169474.0,25043.0,ok,694.0,1.1793667465215902,588.4513888888889,3184.0,917.0,10000.0,-2825.5231209929298,7169.251653983004,-28.2552312099293,32.70503203743739,2504.03037911,25.983241882929754,-2802.1237775350082,11068.183734369295,-13893.706855362225,37.266611900233315,-34.99674270872097,74.111924779,-58.16967351055201,0.7966328820373499,0.42795389048991356,-0.09512502268383917,-0.16985917293264877,-0.024331717263526682,-4.0421772771125246e-05,0.09508460091106805,196.86311239193083,167.06239557808053,0.295641115406751,0.0,1.5,8.0
BTCUSD,atr_arm,5.0,1.0,5104b68fd7d7,169474.0,25212.0,ok,110.0,0.1869313286993875,588.4513888888889,23971.0,157.0,10000.0,-366.660173243314,9633.339826756692,-3.66660173243314,5.829069306789083,596.860400033,-10.86922678968605,-377.52940003300137,3436.712557181354,-3803.3727304246677,85.91781392953385,-54.33389614892383,100.6963769693312,-60.284411952562,0.9035960450811841,0.36363636363636365,-0.06344967577891185,-0.3331828156256206,0.20345435509201448,0.06298524420523559,0.1264349199841474,60.1,117.78673588139486,0.39636442226007323,0.0,2.0,2.0
BTCUSD,atr_arm,5.0,1.0,1245719458bf,169474.0,25207.0,ok,484.0,0.822497846277305,588.4513888888889,14019.0,695.0,10000.0,-2774.7974703326845,7225.202529667325,-27.747974703326843,31.000189058051248,2143.4718354650004,-0.8273651323155491,-2775.6248354650043,9939.545956221464,-12714.343426554147,54.91461854266002,-41.961529460574745,96.210684768,-56.27642086,0.7817584929680705,0.3739669421487603,-0.13302958445212415,-0.24644126251870332,-0.019490411794937084,-0.015395807736287999,0.11763377671583614,140.94628099173553,126.96175285222463,0.3674525014602548,0.0,2.0,4.0
BTCUSD,atr_arm,5.0,1.0,2c1189672370,169474.0,25043.0,ok,641.0,1.0892998336027946,588.4513888888889,3331.0,889.0,10000.0,-1601.2201989070923,8392.73493292781,-16.012201989070924,21.516119338398006,2631.985543549,-42.024844641907336,-1646.2342593740213,12369.695982081472,-13970.916180988563,45.64463462022683,-37.75923292159071,100.7324366737008,-59.0416614237087,0.885389034035863,0.42277691107644305,-0.05301821659803163,-0.1346967208465839,0.03085994375496926,0.043822084319407685,0.09684030091743934,213.09048361934478,162.7440837967154,0.30170216860563454,0.0,2.0,8.0
BTCUSD,wpr_only,5.0,1.0,2c570c3c53d5,169474.0,73998.0,ok,204.0,0.34667264595159136,588.4513888888889,72186.0,821.0,10000.0,-730.6984402208848,9269.301559779133,-7.3069844022088475,9.224425384441219,935.128878017,-6.1159377961153,-736.8143780169812,2751.5589973100355,-3482.25743753092,19.79538846985637,-53.573191346629535,22.539827296,-56.195248275,0.7901653012940413,0.6813725490196079,-0.07399309468289135,-0.17394032815932886,0.025590765405318062,0.05286321646449866,0.12685631114739002,9.151960784313726,116.74710112400803,0.39725421311445785,0.0,0.5,2.0
BTCUSD,wpr_only,5.0,1.0,f5c9189ca21a,169474.0,73970.0,ok,1083.0,1.8404238998312425,588.4513888888889,47520.0,4321.0,10000.0,-3009.972792524178,6990.02720747581,-30.09972792524178,32.25347196826589,4081.166140422,-16.049847897822154,-3026.022640422012,12977.113792701624,-15987.086585225803,17.874812386641356,-44.781755140688524,22.751159472,-57.73261536,0.8117247456890742,0.6703601108033241,-0.06576484865307743,-0.10854569465692263,-0.02355789657786809,0.05142658478159111,0.11719143343466855,44.67497691597415,127.39177420380142,0.3659637793392825,0.0,0.5,4.0
BTCUSD,wpr_only,5.0,1.0,328efc7cd120,169474.0,73498.0,ok,1158.0,1.9678770784899158,588.4513888888889,8791.0,4235.0,10000.0,-4263.799924036749,5733.031753792171,-42.63799924036749,44.23528341381234,3106.424645549,12.846778487748347,-4252.76126120904,11036.40726962894,-15300.207193665687,15.834156771347116,-33.18916961749607,24.163561155,-57.697695120000006,0.7213240402520845,0.6018998272884283,-0.09677618266873725,-0.13778658612757452,-0.05724668694257817,-0.006501378044922883,0.09027480462381438,117.09412780656304,181.92987095319012,0.27982703019225863,0.0,0.5,8.0
BTCUSD,wpr_only,5.0,1.0,dd4b974b8360,169474.0,73998.0,ok,187.0,0.31778325878895874,588.4513888888889,71625.0,735.0,10000.0,-231.54837213793692,9768.451627862056,-2.315483721379369,7.067284814327994,910.7930187200001,-8.9126465820632,-240.46101872000872,3714.6405326193826,-3946.1889047573195,32.30122202277724,-54.80817923274055,34.951350768000005,-57.86038893,0.941323545900503,0.6149732620320856,-0.023281380532124526,-0.15005323481603272,0.1014079124277507,0.10452033003202492,0.12780171056414946,17.807486631016044,116.41517375786337,0.4002198137648825,0.0,0.75,2.0
BTCUSD,wpr_only,5.0,1.0,9f03c81689e2,169474.0,73970.0,ok,895.0,1.5209412653268348,588.4513888888889,43469.0,3494.0,10000.0,-3158.170471023014,6841.829528976969,-31.58170471023014,33.82301848955534,3572.296168105,-10.29319708198605,-3168.4636681050106,14344.331993372203,-17502.50246439522,28.631401184375655,-44.422595087297516,36.059899824000006,-58.066332591309,0.819558918649057,0.5597765363128492,-0.08442673504187032,-0.1426165168335225,-0.02675493926120984,0.03252699641415433,0.11695373145602465,66.57765363128492,127.6470986220428,0.36525965441804137,0.0,0.75,4.0
BTCUSD,wpr_only,5.0,1.0,9959b3306a38,169474.0,73498.0,ok,892.0,1.5158431381804878,588.4513888888889,7978.0,3301.0,10000.0,-4004.077256013063,5992.578403917475,-40.040772560130634,41.050092595350705,2615.532492106,13.2007639070632,-3992.7850586360137,10590.069523754275,-14594.146779767338,23.638548044094364,-32.86969995443094,34.29164679,-56.64012183026401,0.7256381399723804,0.5022421524663677,-0.11531950194625423,-0.16659223506784063,-0.06470462825545503,-0.025309041256688647,0.09001046068956557,157.60874439461884,183.1308028023351,0.2794836241426287,0.0,0.75,8.0
BTCUSD,wpr_only,5.0,1.0,5536e003be2a,169474.0,73998.0,ok,172.0,0.2922926230572241,588.4513888888889,71127.0,668.0,10000.0,-528.4829672418412,9471.517032758165,-5.284829672418412,9.441569920973919,874.585877461,-7.602410219158949,-536.085377460995,3969.4057361457417,-4497.888703387582,44.10450817939713,-54.85230126082417,47.386284720000006,-58.99490636,0.882504214289737,0.5232558139534884,-0.060327011241528575,-0.21450843223499044,0.08858929849035944,0.06777853495401197,0.12810554619554054,26.563953488372093,116.32349710406979,0.4012835086085299,0.0,1.0,2.0
BTCUSD,wpr_only,5.0,1.0,d4527a09260f,169474.0,73970.0,ok,787.0,1.3374086880583451,588.4513888888889,40423.0,3054.0,10000.0,-3091.2486276298764,6908.751372370122,-30.91248627629876,33.79579200497917,3262.203147135,-5.520519505124102,-3096.769147134997,14579.049743984746,-17670.298371614623,38.16505168582394,-43.630366349665735,49.53784893784189,-59.20143994015,0.8250596247658373,0.48538754764930114,-0.09302510595654241,-0.16194054375003572,-0.024790761438730925,0.023930597800500077,0.11695570375704248,85.89199491740787,127.60739799851689,0.36526294622784844,0.0,1.0,4.0
BTCUSD,wpr_only,5.0,1.0,0fea4393ac26,169474.0,73498.0,ok,799.0,1.3578011966437329,588.4513888888889,8064.0,2946.0,10000.0,-3744.179141160247,6255.820858839772,-37.44179141160247,38.47316808092615,2509.063257185,28.543383975246996,-3715.635757185004,10517.960341753253,-14262.139482913499,28.50395756572697,-33.167766239333716,48.618252122,-57.29953056000001,0.737474230591708,0.4618272841051314,-0.1170234101089885,-0.17864609341939697,-0.05714692829831448,-0.025609148825371447,0.09141426128361706,177.50938673341676,176.82288602201152,0.28387748255847906,0.0,1.0,8.0
BTCUSD,wpr_only,5.0,1.0,eeb0bcbce7f8,169474.0,73998.0,ok,150.0,0.2549063573173466,588.4513888888889,70148.0,600.0,10000.0,-715.0156224589512,9284.984377541055,-7.150156224589511,10.464729022587376,799.1430019869999,-3.929379528048802,-718.9450019869928,4148.118009028169,-4863.1336314871205,66.90512917787369,-55.26288217599001,73.2468510452991,-59.2765134796022,0.8529722445154558,0.41333333333333333,-0.09653285367600355,-0.28518061950576906,0.09613550124101135,0.029842710944467943,0.12637556462047148,46.873333333333335,118.59884808867545,0.39601423350550286,0.0,1.5,2.0
BTCUSD,wpr_only,5.0,1.0,9627adad441d,169474.0,73970.0,ok,651.0,1.1062935907572842,588.4513888888889,36987.0,2544.0,10000.0,-3638.055378436471,6361.944621563513,-36.38055378436471,36.88934853305329,2835.1792663650003,19.375612071470904,-3618.6797663650177,13049.08779485218,-16687.143173288652,50.972999198641325,-42.24593208427507,71.54382873292289,-56.863703175,0.7819845290079395,0.3932411674347158,-0.13821726066098142,-0.22764819434972908,-0.05147679226846501,-0.02116046678387334,0.11705679387710807,118.7926267281106,127.43193400343498,0.3656921401307469,0.0,1.5,4.0
BTCUSD,wpr_only,5.0,1.0,82c67e11d27f,169474.0,73498.0,ok,709.0,1.2048573822533248,588.4513888888889,8138.0,2733.0,10000.0,-2918.588599781302,7081.411400218743,-29.18588599781302,31.40254041101937,2598.336330646,46.768269135302155,-2871.82033064596,11433.23415298419,-14351.822752765493,37.98416662120994,-35.17603615873895,73.59012609223169,-57.697695120000006,0.7966398658861007,0.4245416078984485,-0.09678739625567899,-0.17055173128224368,-0.024390331285510023,-0.003321626639768068,0.09346576961591092,201.21861777150917,171.88884414015303,0.2906429497457342,0.0,1.5,8.0
BTCUSD,wpr_only,5.0,1.0,461613bee59c,169474.0,73998.0,ok,142.0,0.24131135159375477,588.4513888888889,69455.0,582.0,10000.0,-880.257173898201,9119.7428261018,-8.80257173898201,9.886559374529668,766.9218400889999,-4.477166190799048,-884.7343400889895,4150.344451108373,-5030.601625006573,84.70090716547699,-54.092490591468525,95.72121815490794,-59.2765134796022,0.8250195027325284,0.34507042253521125,-0.1246529599684954,-0.3526162975586601,0.11006394151112041,0.002241206118114317,0.1268941660866098,60.96478873239437,116.89681090004856,0.3977179302001113,0.0,2.0,2.0
BTCUSD,wpr_only,5.0,1.0,247ec2c731ff,169474.0,73970.0,ok,581.0,0.9873372906758558,588.4513888888889,36510.0,2311.0,10000.0,-3080.9942939601938,6919.0057060398185,-30.809942939601935,31.263487466602285,2658.7890889669998,-20.715295006806446,-3101.709588967009,12755.494664948192,-15836.488958908387,60.74045078546758,-42.68595406713851,96.37766625292291,-57.196702800000004,0.8054496610988343,0.3614457831325301,-0.12568220909619207,-0.2261757742265597,-0.02594702489895032,-0.007237153566707528,0.11844505552948453,136.0327022375215,125.43761565992685,0.36985497178279003,0.0,2.0,4.0
BTCUSD,wpr_only,5.0,1.0,e6e58e941c78,169474.0,73498.0,ok,676.0,1.1487779836435086,588.4513888888889,7915.0,2631.0,10000.0,-4037.6042559573693,5958.092617552243,-40.37604255957369,42.23500069943792,2341.3661247360005,14.469131221369251,-4025.2630410859965,9198.875431293778,-13236.479687251147,33.81939496799183,-32.76356358230482,95.59734736499999,-57.697695120000006,0.6949638913550232,0.40236686390532544,-0.15250173211453014,-0.22874462715527186,-0.07294562317990314,-0.057303799417503666,0.09519793269702649,211.94230769230768,168.90515455953567,0.29551199538109585,0.0,2.0,8.0
BTCUSD,adx_only,5.0,1.0,20eb9c5a7e7d,169474.0,6539.0,ok,100.0,0.16993757154489775,588.4513888888889,6342.0,61.0,10000.0,-228.17706857911801,9771.82293142088,-2.28177068579118,3.3697761499513708,460.52458164999996,4.1034869291180005,-224.07358165000187,1437.311059349512,-1665.4881279286299,20.533015133564458,-55.51627093095433,22.539827296,-57.296201022546,0.8629968807625774,0.7,-0.04450890840943256,-0.18484456538705737,0.09356438410823485,0.07946905133723074,0.1239779597466633,10.57,123.27857488577769,0.3879942068716665,0.0,0.5,2.0
BTCUSD,adx_only,5.0,1.0,a24f3e81a670,169474.0,6536.0,ok,595.0,1.0111285506921415,588.4513888888889,4671.0,395.0,10000.0,-3287.9784282255823,6712.021571774443,-32.87978428225583,34.7911990721671,2116.000538216,0.8133900095821556,-3287.1650382159905,6350.568164034919,-9638.546592260502,17.11743440440679,-43.029225858305814,22.401014398,-57.0897919200555,0.6588719682212522,0.6235294117647059,-0.13437427717250308,-0.1939941029571977,-0.07425915840606899,-0.021308470816375238,0.11306580635612785,49.003361344537815,132.3425720019526,0.35278868826155846,0.0,0.5,4.0
BTCUSD,adx_only,5.0,1.0,be44b73521b9,169474.0,6465.0,ok,955.0,1.6229038082537734,588.4513888888889,1177.0,622.0,10000.0,-3096.8987369547444,6903.101263045263,-30.968987369547445,31.81148208333857,2764.875322056,-38.82958510125604,-3135.728322056002,10207.034837438228,-13303.933574392971,17.125897378252063,-37.058310792180976,23.058998742,-56.3222074534526,0.7672193175321046,0.6240837696335079,-0.07793622781796214,-0.12102044918348523,-0.0361531254228936,0.013906770066402816,0.09184299788436497,110.32146596858638,174.1372501955076,0.28534064115224517,0.0,0.5,8.0
BTCUSD,adx_only,5.0,1.0,821dde5c95a0,169474.0,6539.0,ok,93.0,0.15804194153675488,588.4513888888889,6331.0,62.0,10000.0,-426.47649068660877,9573.52350931339,-4.264764906866088,5.078526775965556,444.222681292,0.2528093946088503,-426.2236812919982,1714.1065657215402,-2140.583056408149,32.34163331550076,-53.51457641020372,34.477643956,-56.56728675,0.8007662027362644,0.5698924731182796,-0.09160054423477812,-0.2679756383386817,0.09219203376051427,0.0314338773375285,0.12303442157230658,19.107526881720432,124.74269246603541,0.38483365097866457,0.0,0.75,2.0
BTCUSD,adx_only,5.0,1.0,da6265cfd447,169474.0,6536.0,ok,539.0,0.9159635106269988,588.4513888888889,4522.0,357.0,10000.0,-1717.5312544879562,8282.468745512027,-17.17531254487956,21.413263256672582,2218.9983805829997,-21.135126095044356,-1738.6663805829994,9319.011144854972,-11036.542399342929,30.158612119271755,-47.98496695366491,35.511074976685,-57.6359905,0.8443777777186621,0.5732838589981447,-0.06829743008071412,-0.14205950568536238,0.003358806026169078,0.04469251751478003,0.11298994759549418,70.31168831168831,132.50629187925074,0.3533243051868328,0.0,0.75,4.0
BTCUSD,adx_only,5.0,1.0,b437b0f55cfb,169474.0,6465.0,ok,778.0,1.3221143066193044,588.4513888888889,1045.0,462.0,10000.0,-2691.302557025877,7308.697442974126,-26.91302557025877,28.249974453707573,2500.4876345230005,-27.35957749712335,-2718.662134522984,10592.071147570323,-13283.3737045962,25.834319872122737,-36.09612419727228,35.302099117999994,-56.3222074534526,0.797393145982586,0.5269922879177378,-0.08004250937820928,-0.13315127108396946,-0.023008003350869964,0.012552239750812889,0.09259474912902217,145.13110539845758,172.5843169549341,0.2878322198438376,0.0,0.75,8.0
BTCUSD,adx_only,5.0,1.0,8822505d8858,169474.0,6539.0,ok,89.0,0.151244438674959,588.4513888888889,6312.0,65.0,10000.0,-351.66948821374484,9648.330511786251,-3.5166948821374486,5.284204290979272,434.016647535,-2.811659321255201,-354.4811475350016,2003.285122702911,-2354.9546109166554,44.517447171175796,-53.52169570265126,48.458187504001806,-56.56728675,0.85066825212531,0.5056179775280899,-0.07852174321102863,-0.2951020727066291,0.118802411607363,0.04369071993926917,0.12221246315029778,28.191011235955056,124.8333273271109,0.38279191187445055,0.0,1.0,2.0
BTCUSD,adx_only,5.0,1.0,88d2c6a947a0,169474.0,6536.0,ok,491.0,0.8343934762854479,588.4513888888889,4386.0,321.0,10000.0,-1710.1258658102774,8289.874134189735,-17.101258658102775,22.521851442737454,2099.108471909,-11.68260609872236,-1721.808471908982,9944.881712427947,-11655.007578238225,40.10032948559656,-47.9629941491285,47.783255616000005,-57.6359905,0.8532711493896101,0.505091649694501,-0.07411545590929254,-0.16334391975198717,0.00983662896778029,0.039052260783043496,0.11316771669233605,86.16496945010184,132.0848705614969,0.3537487381460168,0.0,1.0,4.0
BTCUSD,adx_only,5.0,1.0,6e73e2956e15,169474.0,6465.0,ok,698.0,1.1861642493833862,588.4513888888889,1011.0,378.0,10000.0,-1669.4881690975824,8325.39397902102,-16.694881690975823,20.25709888623696,2456.1210089319998,13.349160165582452,-1658.6673249319592,11481.030004124648,-13150.51817322223,33.57026316995511,-36.93965778995008,47.50987950225,-56.7861997771,0.8730477273133556,0.4899713467048711,-0.05127479183505459,-0.11716760133605432,0.010719270754283992,0.04168754147916736,0.09296233331422193,165.487106017192,170.11263363069332,0.28929957834738573,0.0,1.0,8.0
BTCUSD,adx_only,5.0,1.0,9b74cc93a5b2,169474.0,6539.0,ok,85.0,0.14444693581316306,588.4513888888889,6287.0,56.0,10000.0,176.20816396500942,10176.208163964995,1.762081639650094,2.880988730326123,437.006950785,-6.9691147500094,169.23904921499707,2706.2827338150164,-2530.074569850006,69.39186496961581,-55.00162108369578,75.7738169382876,-59.059965519287196,1.0696454428912177,0.4588235294117647,0.04507329846251784,-0.23326610809591555,0.2989487361525998,0.16758927611849392,0.12251597765597608,45.61176470588235,124.8333273271109,0.38332674253218024,0.0,1.5,2.0
BTCUSD,adx_only,5.0,1.0,cb3bece8ab10,169474.0,6536.0,ok,424.0,0.7205353033503664,588.4513888888889,4121.0,240.0,10000.0,-1669.8812366350935,8330.118763364902,-16.698812366350936,18.372244000209694,1939.588957858,43.380778777093695,-1626.5004578580083,9824.473930647997,-11494.355167283089,55.82087460595453,-46.34820631968987,72.72536788800001,-57.0897919200555,0.8547216253254335,0.41509433962264153,-0.0828123315681206,-0.18889672864107263,0.026033720238713816,0.03065034216706885,0.11346267373518941,119.66509433962264,131.30728832489496,0.35452869120738617,0.0,1.5,4.0
BTCUSD,adx_only,5.0,1.0,101a1d7ae065,169474.0,6465.0,ok,612.0,1.040017937854774,588.4513888888889,984.0,307.0,10000.0,-1583.3441080084604,8411.435683072508,-15.833441080084604,20.274320954438103,2243.43750092,1.9721070884599943,-1583.950883239997,10689.898218586051,-12273.24232659451,40.03707197972304,-35.574615439404376,70.49803035000001,-56.65937232,0.8709921905006667,0.4362745098039216,-0.055846808288809,-0.1369639322807029,0.0249637530226532,0.03843092338903533,0.09427773167784433,195.05718954248366,165.33144897392026,0.29346558255103633,0.0,1.5,8.0
BTCUSD,adx_only,5.0,1.0,b5acf63ba5bf,169474.0,6539.0,ok,81.0,0.13764943295136717,588.4513888888889,6261.0,59.0,10000.0,535.9794723066841,10535.97947230668,5.359794723066841,3.8118266795147577,447.7445840600001,-8.200056366684048,527.77941594,3117.8364124775608,-2581.856940170876,89.08104035650173,-56.12732478632339,101.23170257271036,-60.938624847309754,1.2075945665181633,0.43209876543209874,0.13549970262324407,-0.15028769472326708,0.4439564070008435,0.25919381812219255,0.12369411549894854,62.148148148148145,124.344993626965,0.38715751304534113,0.0,2.0,2.0
BTCUSD,adx_only,5.0,1.0,8f0add012268,169474.0,6536.0,ok,391.0,0.6644559047405502,588.4513888888889,3980.0,232.0,10000.0,-1202.2969417837714,8797.703058216217,-12.022969417837714,19.24452138148263,1920.696811188,9.554630595771096,-1192.7423111880144,10278.24279728871,-11480.539739072483,70.39892326910076,-46.859345873765236,99.41259772800001,-59.0949211909056,0.8952752249363403,0.3734015345268542,-0.06250244281572495,-0.19012617700318782,0.06832732503682269,0.051177358262233574,0.11367980107795857,138.693094629156,131.34344247569746,0.35531515976535905,0.0,2.0,4.0
BTCUSD,adx_only,5.0,1.0,9fbb985af08a,169474.0,6465.0,ok,571.0,0.970343533521366,588.4513888888889,1021.0,294.0,10000.0,-1435.0417276474734,8559.738063433511,-14.350417276474733,22.012390159757285,2175.6340907209997,20.530636926473154,-1417.0899730409528,10501.676327801635,-11936.71805544911,43.75698469917348,-36.062592312535074,95.097688748,-56.65937232,0.8797792055587358,0.4203152364273205,-0.05183399769774285,-0.13918003933410528,0.0381553295912353,0.043934026452936044,0.09576802415067891,208.93345008756566,161.88348315060824,0.2979186705241135,0.0,2.0,8.0
BTCUSD,atr_banded,5.0,1.0,5d0bd0991cb2,169474.0,6778.0,ok,26.0,0.04418376860167341,588.4513888888889,6713.0,17.0,10000.0,-147.987989036,9852.012010964007,-1.47987989036,1.6824847721286191,121.80201093599999,-0.3495219,-148.33751093599312,347.91049349900004,-495.8984825350001,20.465323147000003,-55.09983139277779,22.871537500000002,-56.779979755,0.7015760397581874,0.6538461538461539,-0.11422242082438733,-0.40919786142066944,0.1791918184593493,0.01063400213368387,0.12485642295807121,8.115384615384615,122.26840946784769,0.39086902536541357,0.0,0.5,2.0
BTCUSD,atr_banded,5.0,1.0,8d0a8ca5bf5b,169474.0,6776.0,ok,292.0,0.4962177089111014,588.4513888888889,5722.0,84.0,10000.0,-1125.9121245382553,8874.087875461732,-11.259121245382552,14.011713808170025,1159.988437433,1.662687105255249,-1053.4310742020043,3687.51879532564,-4813.430919863895,18.910352796541744,-49.62299917385459,22.2898026440824,-56.27642086,0.766089481020309,0.6678082191780822,-0.08178451731602014,-0.16565184193097116,-0.002376745107526222,0.03323588691851422,0.11502040423453437,35.523972602739725,131.4628363534262,0.3598364497034109,0.3424657534246575,0.5,4.0
BTCUSD,atr_banded,5.0,1.0,e93c952cf0fb,169474.0,6754.0,ok,826.0,1.4036843409608553,588.4513888888889,1807.0,113.0,10000.0,-3770.0211084344246,6229.978891565585,-37.70021108434425,37.70021108434415,2466.155356116,11.523252318424198,-3758.4978561159987,8117.709973054421,-11887.731081488848,16.074673213969152,-37.033430160401394,21.964716037,-55.918901080000005,0.6828645363365454,0.6113801452784504,-0.11506382445448507,-0.16233883987835118,-0.0703016551253795,-0.016139315057400995,0.09892450939708407,98.23123486682809,157.0893461721135,0.30753646143523344,0.0,0.5,8.0
BTCUSD,atr_banded,5.0,1.0,ad9053359a1c,169474.0,6778.0,ok,26.0,0.04418376860167341,588.4513888888889,6712.0,11.0,10000.0,-30.446121918083016,9969.553878081919,-0.30446121918083013,1.6632882928398072,125.57303832899998,2.7115835890830002,-27.734538328997587,526.6461237019171,-557.0922456200001,32.91538273136982,-55.70922456200001,35.216623371999994,-57.2876032,0.9453481498666368,0.6153846153846154,-0.022364293761471365,-0.36817323969023397,0.31886714282990763,0.10249212919659989,0.12485642295807121,10.846153846153847,122.26840946784769,0.39203212847416496,0.0,0.75,2.0
BTCUSD,atr_banded,5.0,1.0,47ad82c55a16,169474.0,6776.0,ok,280.0,0.4758252003257137,588.4513888888889,5561.0,34.0,10000.0,-819.7126113685953,9180.287388631385,-8.197126113685952,11.525948056320667,1198.117717556,-1.6856061874046944,-821.3982175560232,5072.75800241375,-5892.470613782346,30.93145123423018,-50.797160463640914,35.80370946481865,-58.4287009091859,0.8608881290894674,0.5857142857142857,-0.0597169690610686,-0.16538843064529074,0.03758758425848931,0.055252272910621465,0.11496924197169009,55.535714285714285,131.80370561706675,0.35967665586750075,0.0,0.75,4.0
BTCUSD,atr_banded,5.0,1.0,a9337b0a76a0,169474.0,6754.0,ok,696.0,1.1827654979524882,588.4513888888889,1574.0,96.0,10000.0,-3716.9507706156555,6283.049229384377,-37.16950770615656,37.16950770615623,2248.0319012540003,21.727369361654993,-3695.223401253985,8716.389218813605,-12433.33998942926,24.83301771741768,-36.03866663602684,33.690706444,-55.918901080000005,0.70104969591632,0.5043103448275862,-0.13402334860264173,-0.19661642547958502,-0.07478025367787898,-0.03575804051485917,0.09826530808778258,136.05459770114942,160.23644475288526,0.3055351620598676,0.0,0.75,8.0
BTCUSD,atr_banded,5.0,1.0,e4572321b76b,169474.0,6778.0,ok,25.0,0.04248439288622444,588.4513888888889,6707.0,10.0,10000.0,-75.80178345268163,9924.198216547322,-0.7580178345268163,2.324383854439963,125.533288689,-2.9980052363184,-78.79978868899707,596.8702977864014,-672.672081239083,45.91309982972318,-56.056006769923584,50.152055949185396,-58.897872259082995,0.887312428199707,0.52,-0.05893174259003035,-0.47201761563121397,0.355590750572672,0.0649838090812355,0.12391555167126585,22.64,122.26929146939115,0.3890437233126516,0.0,1.0,2.0
BTCUSD,atr_banded,5.0,1.0,7b0ff7abdc86,169474.0,6776.0,ok,265.0,0.450334564593979,588.4513888888889,5385.0,30.0,10000.0,-394.70176348665905,9605.298236513312,-3.9470176348665906,8.799064166938686,1204.808724432,8.31903905465895,-386.3827244320273,6006.014855607244,-6400.716619093902,42.90010611148031,-51.20573295275122,49.67235744170455,-61.86568331560861,0.9383347542196715,0.5283018867924528,-0.028840366099425786,-0.15193956968255573,0.08783323164245331,0.08562981724456993,0.11447018334399574,77.29056603773584,132.78041927815,0.3577743200493662,0.0,1.0,4.0
BTCUSD,atr_banded,5.0,1.0,7258e7af92c4,169474.0,6754.0,ok,630.0,1.0706067007328557,588.4513888888889,1539.0,87.0,10000.0,-2626.3477499748356,7373.65225002518,-26.263477499748355,26.263477499748195,2211.4723128200003,42.2139371548356,-2584.1338128199823,9903.75363529077,-12530.101385265605,33.12292185715977,-37.85529119415591,45.562903944,-55.918901080000005,0.7903969274292377,0.4746031746031746,-0.09572990378211037,-0.16292332296022113,-0.02419270097175988,0.0017118732340639258,0.09744177701617429,157.9984126984127,160.77742164648373,0.30339021749746214,0.0,1.0,8.0
BTCUSD,atr_banded,5.0,1.0,ae6a6e9cb738,169474.0,6778.0,ok,25.0,0.04248439288622444,588.4513888888889,6693.0,10.0,10000.0,-11.476936899487129,9988.52306310052,-0.1147693689948713,2.08724852505282,130.151339355,-1.5234024555128993,-13.00033935499414,773.1838992603799,-784.660836159867,70.28944538730727,-56.047202582847646,74.65327229718541,-58.897872259082995,0.9853733786999549,0.44,-0.004066247418155156,-0.5154521602141403,0.5107647751212594,0.11984930425311066,0.12391555167126585,31.84,122.26929146939115,0.3886366797958174,0.0,1.5,2.0
BTCUSD,atr_banded,5.0,1.0,64423a0eab03,169474.0,6776.0,ok,240.0,0.40785017170775456,588.4513888888889,5211.0,30.0,10000.0,-604.4305291700409,9395.569470829963,-6.044305291700409,11.625872450468258,1169.2038396560001,-9.096810485959345,-613.5273396560005,6337.718516690924,-6942.149045860964,61.53124773486334,-50.672620772707766,75.4478269252488,-63.0113441177495,0.9129332249744173,0.42916666666666664,-0.04820098208366052,-0.19468979713451448,0.09561318789519548,0.06631962441812292,0.11452060650178345,111.6,132.5851883405078,0.3581845134852168,0.0,1.5,4.0
BTCUSD,atr_banded,5.0,1.0,beae9500eeeb,169474.0,6754.0,ok,563.0,0.9567485277977742,588.4513888888889,1493.0,113.0,10000.0,-1966.3842457223654,8033.615754277608,-19.663842457223655,19.663842457223918,2226.977254428,39.266991294365354,-1927.1172544280198,10606.818235793819,-12573.202481516184,43.2931356563013,-39.53837258338422,70.69368852981441,-57.4283628492729,0.8436051396918852,0.4351687388987567,-0.07561010069683968,-0.15793321469311836,0.008859011161515946,0.022273516605751904,0.0978836173025916,184.51865008880995,160.1393151152029,0.30505310638171923,0.0,1.5,8.0
BTCUSD,atr_banded,5.0,1.0,ddd76a9fda2b,169474.0,6778.0,ok,24.0,0.040785017170775456,588.4513888888889,6669.0,7.0,10000.0,24.246143016454482,10024.246143016457,0.2424614301645448,2.1653618303030577,128.132382926,-11.3550259424545,12.891117074001158,860.6085385395945,-836.3623955231401,95.62317094884384,-55.757493034876006,100.6963769693312,-57.8703541,1.0289899966165845,0.375,0.02714820686508553,-0.500289473627231,0.6603060400077108,0.15051398735431964,0.12336578048923415,56.875,124.98010697722648,0.3874061976781116,0.0,2.0,2.0
BTCUSD,atr_banded,5.0,1.0,bdebe113889d,169474.0,6776.0,ok,227.0,0.38575828740691787,588.4513888888889,5121.0,30.0,10000.0,-255.86947904037874,9744.130520959625,-2.5586947904037873,8.460234333434835,1166.937359984,-1.6513809436214015,-257.5208599839898,6771.6160054278525,-7027.485484468231,76.08557309469498,-50.923807858465445,101.259636508019,-65.3026657220313,0.9635901803559911,0.3920704845814978,-0.0195539605995407,-0.1867620423564543,0.14568873329069432,0.09539300984003148,0.1149469704395722,133.01321585903085,131.55581057444033,0.35964166669824077,0.0,2.0,4.0
BTCUSD,atr_banded,5.0,1.0,a7ed0305cf62,169474.0,6754.0,ok,533.0,0.9057672563343049,588.4513888888889,1491.0,118.0,10000.0,-2081.462944976659,7918.537055023362,-20.81462944976659,23.77033199411463,2300.854686818,71.18775815865858,-2010.275186817992,10787.215911579027,-12868.678856555685,49.03279959808649,-41.11398995704692,98.2692383518395,-59.145578310000005,0.8382535636969214,0.41275797373358347,-0.08600374771704376,-0.17828870917009945,0.007613025372903764,0.013228400288295597,0.09923214800533935,198.34146341463415,156.2072054925517,0.3093613040256069,0.0,2.0,8.0
BTCUSD,atr_adx,5.0,1.0,6d2bde0b26d0,169474.0,9955.0,ok,111.0,0.18863070441483648,588.4513888888889,9601.0,134.0,10000.0,-145.7643077976746,9854.235692202326,-1.457643077976746,3.737910718804999,517.6336322919999,0.18167550567455026,-145.5826322920002,1638.2994779550872,-1784.0637857527618,20.737968075380852,-55.751993304773805,22.871537500000002,-58.00844435982,0.9182964706969985,0.7117117117117117,-0.026351963020240877,-0.15294422036369087,0.099902943934793,0.09900617529643056,0.12535813831667142,8.9009009009009,117.86931962749988,0.392894358905082,0.0,0.5,2.0
BTCUSD,atr_adx,5.0,1.0,310418310d96,169474.0,9950.0,ok,684.0,1.1623729893671004,588.4513888888889,6813.0,743.0,10000.0,-2179.1242563221062,7820.875743677877,-21.791242563221065,23.833898025141014,2648.7832585980004,13.491997724105952,-2165.6322585980233,8584.063021122904,-10763.18727744501,18.824699607725666,-47.20696174317987,22.90312176,-57.0897919200555,0.7975391303569892,0.6666666666666666,-0.07137912512894523,-0.12532852466547578,-0.01893990376228518,0.04287854161000871,0.11425766673895396,44.56432748538012,131.87948432334161,0.3569764307603545,0.0,0.5,4.0
BTCUSD,atr_adx,5.0,1.0,04f32e110040,169474.0,9827.0,ok,979.0,1.6636888254245488,588.4513888888889,1468.0,983.0,10000.0,-3972.883878308322,6023.773237592218,-39.72883878308322,40.63604345001187,2747.03876881,-42.04989050167826,-4016.840879370011,9750.637649037355,-13723.521527345678,16.696297344242048,-34.74309247429286,23.30160114,-56.23366686000001,0.710505509071276,0.5965270684371808,-0.10438691508216259,-0.14763530628016305,-0.06113287949751345,-0.011977229632132028,0.09240968545003057,109.11746680286006,173.49940477947325,0.28678515042126523,0.0,0.5,8.0
BTCUSD,atr_adx,5.0,1.0,3e2825ddfa53,169474.0,9955.0,ok,108.0,0.18353257726848957,588.4513888888889,9579.0,120.0,10000.0,325.6514638431343,10325.65146384314,3.256514638431343,2.5588888318760667,527.547350484,3.7596856728656505,329.41114951600684,2396.5526725484106,-2070.9012087052756,33.754262993639585,-55.97030293798042,36.47435992100001,-60.17897856,1.1572510858916016,0.6574074074074074,0.06063939619718153,-0.08981388772187825,0.22089551169606153,0.18587273906284663,0.12523334286566512,15.064814814814815,117.76480575836324,0.3920223338801215,0.0,0.75,2.0
BTCUSD,atr_adx,5.0,1.0,507eeeee65b7,169474.0,9950.0,ok,572.0,0.972042909236815,588.4513888888889,6423.0,612.0,10000.0,-2586.406426357182,7413.593573642791,-25.864064263571823,28.45251669470286,2224.156816044,-3.4158896868179482,-2589.822316044022,8850.762887077737,-11437.169313434919,28.097659958976944,-44.50260433243159,34.479021668,-57.2448079896672,0.7738595665171273,0.5506993006993007,-0.10457470484015535,-0.17829042905901127,-0.03164999037750182,0.009763357703007782,0.11433806254316316,69.92657342657343,131.5975847395462,0.35695524354110364,0.0,0.75,4.0
BTCUSD,atr_adx,5.0,1.0,8bbecddc9b1f,169474.0,9827.0,ok,799.0,1.3578011966437329,588.4513888888889,1398.0,742.0,10000.0,-3347.525889602495,6652.474110397502,-33.475258896024954,34.56816359186288,2443.01447063,-28.47708102750454,-3376.00297063,10234.421798218973,-13581.947687821466,24.720825599562737,-35.277786202133676,36.353013983000004,-56.23366686000001,0.7535312337711239,0.5181476846057572,-0.1027769893513141,-0.15483576261244958,-0.049359848058680655,-0.00998632992301526,0.09279065942829884,141.05632040050062,171.3102090018506,0.28827261432942414,0.0,0.75,8.0
BTCUSD,atr_adx,5.0,1.0,ce8f5bf45470,169474.0,9955.0,ok,107.0,0.18183320155304059,588.4513888888889,9537.0,109.0,10000.0,-60.716642270304625,9939.283357729695,-0.6071664227030462,4.092569368926275,544.1883676019999,-3.8622253316954493,-64.57886760200199,2654.870946531138,-2715.587588801443,45.773637009157554,-55.42015487349884,50.948120329331196,-59.7902642630085,0.9776414347595752,0.5420560747663551,-0.010183566343431615,-0.204314757336473,0.18186896480098835,0.11563694851044054,0.12582051485387216,23.2803738317757,117.70415213528986,0.3940914271558416,0.0,1.0,2.0
BTCUSD,atr_adx,5.0,1.0,76d014a2d577,169474.0,9950.0,ok,523.0,0.8887734991798152,588.4513888888889,6227.0,543.0,10000.0,-1725.8475960423125,8274.152403957638,-17.258475960423127,21.672850040930623,2237.384267623,-16.4866715806876,-1742.3342676230368,10539.62089042598,-12265.468486468293,40.22756065048084,-46.994132132062425,47.385244787999994,-57.2448079896672,0.8592921584734957,0.5009560229445507,-0.07107513198261131,-0.15668033891587274,0.00818657108492421,0.04357747622544919,0.11465260820806045,85.22179732313576,131.60670528860976,0.3583184994829519,0.0,1.0,4.0
BTCUSD,atr_adx,5.0,1.0,d65c8a0c1d0f,169474.0,9827.0,ok,698.0,1.1861642493833862,588.4513888888889,1381.0,603.0,10000.0,-2921.7209025110287,7078.279097488986,-29.217209025110286,31.38952045192742,2235.21082941,15.348573101028549,-2906.372329410002,9791.407717729531,-12713.12862024056,30.034992999170342,-34.17507693613054,47.0549517600996,-56.14871417999999,0.7701808115227151,0.4670487106017192,-0.09939426860396694,-0.16712664685371575,-0.034411050318714526,-0.005954406830791804,0.09343986177317512,164.61031518624642,169.62484101069845,0.2904306845309076,0.0,1.0,8.0
BTCUSD,atr_adx,5.0,1.0,89f9cdaf84bb,169474.0,9955.0,ok,94.0,0.15974131725220386,588.4513888888889,9426.0,104.0,10000.0,-633.6988288988163,9366.30117110118,-6.336988288988163,8.553585176251074,496.1060840710001,-6.576255172183698,-640.2750840709996,2470.776344157161,-3104.4751730559774,68.6326762265878,-53.525434018206504,73.46829972103961,-58.0054802551575,0.7958756976384459,0.3829787234042553,-0.13751988326698691,-0.38261227186994984,0.10128406936045206,-0.011836359340732449,0.12568352392625454,49.861702127659576,117.76480575836324,0.3941353184086557,0.0,1.5,2.0
BTCUSD,atr_adx,5.0,1.0,9de6a42ad45b,169474.0,9950.0,ok,450.0,0.7647190719520398,588.4513888888889,5766.0,431.0,10000.0,-2138.509122513494,7861.490877486525,-21.38509122513494,24.692210118671937,2005.0778387090002,-29.398716195506353,-2167.9078387089885,9762.31636917487,-11900.825491688363,53.05606722377647,-44.73994545747505,71.2153802490003,-57.2448079896672,0.8203058162640023,0.4088888888888889,-0.10547469521442782,-0.2154782828611268,0.0042390636836128264,0.009411954952348435,0.11488665016677624,119.16222222222223,130.48652764948935,0.3592634392869387,0.0,1.5,4.0
BTCUSD,atr_adx,5.0,1.0,f32d54ab822d,169474.0,9827.0,ok,614.0,1.043416689285672,588.4513888888889,1337.0,543.0,10000.0,-2992.629981361614,7002.247249006945,-29.92629981361614,31.656583146158756,2094.410008348,40.8974730136141,-2954.265742098012,9285.175157992031,-12277.805139353644,36.55580770863004,-34.10501427598235,71.23384645534395,-56.23366686000001,0.7562569248008804,0.41368078175895767,-0.11587448976428026,-0.19309275549612,-0.03715125487036085,-0.022591240960071552,0.09328324880420871,191.59609120521174,172.90004856746475,0.2899063363860702,0.0,1.5,8.0
BTCUSD,atr_adx,5.0,1.0,46cfb055642f,169474.0,9955.0,ok,92.0,0.15634256582130593,588.4513888888889,9401.0,90.0,10000.0,-62.936464383891035,9937.063535616107,-0.6293646438389103,5.984578037092464,504.40412991700003,-15.559665533108898,-78.49612991700087,3101.592835826514,-3164.529300210405,91.22331870077983,-54.56085000362767,102.269757859477,-58.4476623602928,0.980111903410183,0.3695652173913043,-0.009499450839223867,-0.3147734542132057,0.2823413030862182,0.11658058511549449,0.1260800359547183,57.90217391304348,117.84738950446825,0.3948919224081509,0.0,2.0,2.0
BTCUSD,atr_adx,5.0,1.0,5dbff6d90caa,169474.0,9950.0,ok,408.0,0.6933452919031827,588.4513888888889,5652.0,370.0,10000.0,-2284.774980463253,7715.225019536723,-22.84774980463253,25.96649501144967,1851.0427096100002,4.059770853252797,-2280.71520961002,8807.31550916437,-11092.090489627622,59.50888857543493,-42.66188649856778,96.210684768,-57.2448079896672,0.7940176396325129,0.3627450980392157,-0.12561729866383511,-0.25077326137968664,0.0013639899340611799,-0.009877087129096827,0.11574021153473826,139.26960784313727,128.6535426977589,0.36135919286871526,0.0,2.0,4.0
BTCUSD,atr_adx,5.0,1.0,239cee1d4ab2,169474.0,9827.0,ok,574.0,0.975441660667713,588.4513888888889,1358.0,469.0,10000.0,-1071.8206198490618,8921.724690415289,-10.718206198490618,17.931027316344846,2312.1671962910004,10.801423558061588,-1064.2110708160217,11540.36610041845,-12612.18672026751,47.29658237876414,-38.21874763717427,97.90626310148775,-56.23366686000001,0.9150170669352155,0.4250871080139373,-0.03853276348633135,-0.1263403779204152,0.053546846903271376,0.05705278349600576,0.09558554698233712,205.79616724738676,165.0211669496379,0.29758894963904536,0.0,2.0,8.0
BTCUSD,hwpr_v2,,,,,,family 'hwpr_v2' does not use an ATR sto,,,,,,,,,,,,,,,,,,,,,,,,,,,,,,,0.5,2.0
BTCUSD,hwpr_v2,,,,,,family 'hwpr_v2' does not use an ATR sto,,,,,,,,,,,,,,,,,,,,,,,,,,,,,,,0.5,4.0
BTCUSD,hwpr_v2,,,,,,family 'hwpr_v2' does not use an ATR sto,,,,,,,,,,,,,,,,,,,,,,,,,,,,,,,0.5,8.0
BTCUSD,hwpr_v2,,,,,,family 'hwpr_v2' does not use an ATR sto,,,,,,,,,,,,,,,,,,,,,,,,,,,,,,,0.75,2.0
BTCUSD,hwpr_v2,,,,,,family 'hwpr_v2' does not use an ATR sto,,,,,,,,,,,,,,,,,,,,,,,,,,,,,,,0.75,4.0
BTCUSD,hwpr_v2,,,,,,family 'hwpr_v2' does not use an ATR sto,,,,,,,,,,,,,,,,,,,,,,,,,,,,,,,0.75,8.0
BTCUSD,hwpr_v2,,,,,,family 'hwpr_v2' does not use an ATR sto,,,,,,,,,,,,,,,,,,,,,,,,,,,,,,,1.0,2.0
BTCUSD,hwpr_v2,,,,,,family 'hwpr_v2' does not use an ATR sto,,,,,,,,,,,,,,,,,,,,,,,,,,,,,,,1.0,4.0
BTCUSD,hwpr_v2,,,,,,family 'hwpr_v2' does not use an ATR sto,,,,,,,,,,,,,,,,,,,,,,,,,,,,,,,1.0,8.0
BTCUSD,hwpr_v2,,,,,,family 'hwpr_v2' does not use an ATR sto,,,,,,,,,,,,,,,,,,,,,,,,,,,,,,,1.5,2.0
BTCUSD,hwpr_v2,,,,,,family 'hwpr_v2' does not use an ATR sto,,,,,,,,,,,,,,,,,,,,,,,,,,,,,,,1.5,4.0
BTCUSD,hwpr_v2,,,,,,family 'hwpr_v2' does not use an ATR sto,,,,,,,,,,,,,,,,,,,,,,,,,,,,,,,1.5,8.0
BTCUSD,hwpr_v2,,,,,,family 'hwpr_v2' does not use an ATR sto,,,,,,,,,,,,,,,,,,,,,,,,,,,,,,,2.0,2.0
BTCUSD,hwpr_v2,,,,,,family 'hwpr_v2' does not use an ATR sto,,,,,,,,,,,,,,,,,,,,,,,,,,,,,,,2.0,4.0
BTCUSD,hwpr_v2,,,,,,family 'hwpr_v2' does not use an ATR sto,,,,,,,,,,,,,,,,,,,,,,,,,,,,,,,2.0,8.0
XRPUSD,atr_arm,5.0,1.0,1567baf6f48c,169475.0,24588.0,ok,782.0,1.3289039681368935,588.4548611111111,21308.0,1020.0,10000.0,-3764.0413435787254,6235.958656421303,-37.64041343578726,38.76532928810537,2926.8982131944003,8.95703038432464,-3685.8840889541734,8774.695639314084,-12538.736982892811,17.307091990757563,-45.59540721051931,23.594420399999905,-57.622610135999494,0.6998069782694871,0.6483375959079284,-0.11942665627627924,-0.1730830746747519,-0.06785702341695428,0.0002254935879867788,0.11965214986426603,7.336317135549872,124.89304371516184,0.37874679863572625,0.1278772378516624,0.5,2.0
XRPUSD,atr_arm,5.0,1.0,f62f9a3f6a42,169475.0,24512.0,ok,2176.0,3.697819737424399,588.4548611111111,9446.0,2939.0,10000.0,-6572.457404521912,3427.542595478084,-65.72457404521911,66.03681691767666,5671.2165379012,-5.560133379290018,-6578.017537901209,20274.959245477054,-26847.416649998962,14.248038823244592,-35.65393977423501,23.325140108400014,-56.48479773000037,0.7551921851474613,0.6539522058823529,-0.09711448049022575,-0.12895789158906346,-0.06606415125573674,0.008606194074965733,0.10572067456519148,30.50827205882353,144.1020708613163,0.33456054504484817,0.0,0.5,4.0
XRPUSD,atr_arm,5.0,1.0,0d8154c0bad1,169475.0,23465.0,ok,1456.0,2.4742764419530907,588.4548611111111,553.0,1717.0,10000.0,-3096.581090730003,6897.989985055876,-30.96581090730003,34.111254754892286,3394.9533952534,13.47899547661494,-3085.2775138294073,17448.76863587418,-20545.34972660418,18.54279344938808,-39.89388296427996,24.762371540948717,-57.481264984000205,0.8492806823959664,0.6462912087912088,-0.04973738023407164,-0.08356675884800693,-0.01504690660361485,0.023450748712244653,0.0731881289463163,92.81662087912088,234.93420977990877,0.23155935291490268,0.0,0.5,8.0
XRPUSD,atr_arm,5.0,1.0,94c23aa8f6ad,169475.0,24588.0,ok,731.0,1.242236318041009,588.4548611111111,21087.0,977.0,10000.0,-3737.5068426318358,6262.493157368179,-37.37506842631836,38.77293711264046,2780.8660665220004,-0.3379238901697199,-3737.844766521992,10804.857968104021,-14542.364810735859,26.678661649639558,-44.60848101452717,35.27984502719997,-57.67527620400005,0.7429918110792658,0.5540355677154583,-0.1260617351236843,-0.19108958142575694,-0.060779491761412056,-0.0064112274976644715,0.11965050762601981,10.943912448700411,125.01749311937172,0.37874822343726544,0.0,0.75,2.0
XRPUSD,atr_arm,5.0,1.0,11ac8507edfc,169475.0,24512.0,ok,1733.0,2.9450007375719136,588.4548611111111,8344.0,2382.0,10000.0,-5745.87180418813,4254.128195811871,-57.458718041881305,58.92893315436639,4918.200458638201,24.121045549926304,-5721.750758638206,22742.954133224048,-28488.82593741218,23.326106803306715,-37.58420308365723,36.66289153480003,-57.855440665999595,0.7983113864779341,0.5626081938834391,-0.0967135675752695,-0.13844129186957532,-0.05394092522629102,0.008242215295319434,0.10495578287058893,46.54933641084824,145.03069668120122,0.3321644245794065,0.0,0.75,4.0
XRPUSD,atr_arm,5.0,1.0,de515cb4ecbe,169475.0,23465.0,ok,1109.0,1.884596548163446,588.4548611111111,333.0,1259.0,10000.0,-2537.978153007547,7459.180877008712,-25.37978153007547,29.63901991081757,2804.0102495096003,28.258903497951327,-2510.84899137953,17368.95034831542,-19906.928501322967,28.614415730338415,-39.655236058412285,38.200756993485015,-59.86662112200021,0.8725077978333583,0.5473399458972047,-0.051147119842167965,-0.10042208998294846,-0.00316464469294461,0.020792215031114784,0.07193933487328275,128.98467087466184,239.4521758338847,0.22760677236291763,0.0,0.75,8.0
XRPUSD,atr_arm,5.0,1.0,ae190a209e26,169475.0,24588.0,ok,679.0,1.1538693022569702,588.4548611111111,20918.0,898.0,10000.0,-4033.6034404580914,5966.396559541899,-40.336034404580914,42.610555200386926,2578.039918253,-0.388277794915989,-4033.991718253026,11368.32385349879,-15401.927293956882,35.30535358229438,-43.14265348447306,47.96922754919992,-57.46262445699997,0.7381104738729211,0.4742268041237113,-0.14953326704837394,-0.22529146165579728,-0.07171000783862533,-0.030201662648305382,0.11933160440006858,14.622974963181148,124.84299470939726,0.3777935541876484,0.0,1.0,2.0
XRPUSD,atr_arm,5.0,1.0,fba2f87a03ea,169475.0,24512.0,ok,1453.0,2.469178344888627,588.4548611111111,7357.0,1931.0,10000.0,-4308.271547567313,5691.7284524327415,-43.082715475673126,49.8840203206494,4613.0451753474,36.90317221990459,-4271.36837534737,24982.95358990798,-29291.22513747529,34.129718018999974,-40.625832368204286,51.51460404520005,-60.58007154179983,0.8529159662203649,0.503785271851342,-0.07505835585752547,-0.12844184695809693,-0.021833527943522578,0.029309869126485866,0.10436822498401135,63.432209222298695,147.25130890052333,0.330279412941517,0.0,1.0,4.0
XRPUSD,atr_arm,5.0,1.0,ed3c5148837c,169475.0,23465.0,ok,953.0,1.6194955008113292,588.4548611111111,453.0,1104.0,10000.0,-2644.2179952336855,7353.170770682285,-26.442179952336854,33.350099193784814,2722.0453454418002,63.61304979188653,-2583.2161795258025,17793.37677824495,-20437.59477347864,38.02003585095075,-42.139370666966265,53.482496450965186,-62.28643457704458,0.8706199029513481,0.4910807974816369,-0.06236781149232251,-0.11898319191501279,-0.004567926719356269,0.009835769751243301,0.07220358124356581,152.84994753410282,239.83488132094777,0.2284764610423735,0.0,1.0,8.0
XRPUSD,atr_arm,5.0,1.0,1a0cc106f3fb,169475.0,24588.0,ok,605.0,1.02811624133353,588.4548611111111,20440.0,805.0,10000.0,-3342.0348477232315,6657.965152276786,-33.42034847723232,36.40588051553848,2590.9674450572,2.971502666021071,-3339.0633450571895,13857.133177082564,-17199.168024805793,58.71666600458713,-46.610211449338195,74.02920682079986,-58.390404650999805,0.8056862493055988,0.39008264462809916,-0.13066084947019102,-0.23097176768075067,-0.0333115266870976,-0.010844641104703462,0.11981620836548754,23.748760330578513,124.66532797858027,0.37929684534068125,0.0,1.5,2.0
XRPUSD,atr_arm,5.0,1.0,90d98bcf760c,169475.0,24512.0,ok,1152.0,1.9576692727540936,588.4548611111111,6566.0,1521.0,10000.0,-3180.601981571389,6814.222965207013,-31.80601981571389,38.07216048623589,4292.989375824,58.09280574738893,-3124.5670906690257,26764.397054109057,-29944.99903568045,55.875567962649384,-44.49479797277927,77.92170197519997,-60.04316797599977,0.8937852034063651,0.4157986111111111,-0.0628003692957822,-0.13831055425811603,0.0069444447651673,0.042041671800742586,0.10484204109652479,89.04253472222223,145.02480609596057,0.33176979920844446,0.0,1.5,4.0
XRPUSD,atr_arm,5.0,1.0,b3f56cba0e18,169475.0,23465.0,ok,828.0,1.4070747897920048,588.4548611111111,467.0,978.0,10000.0,-245.08344269442478,9751.453798653576,-2.4508344269442475,15.827797925447376,2777.1596963994,21.096246295025864,-227.4499550513956,19797.878913920395,-20042.96235661482,52.37534104211745,-44.53991634803293,81.01659980561709,-65.01271874897226,0.987772094846372,0.45652173913043476,-0.0032508715225311527,-0.07431699352340763,0.0682099946096602,0.07027385849138176,0.07352473001391292,178.89613526570048,235.28794298948563,0.23259230900899847,0.0,1.5,8.0
XRPUSD,atr_arm,5.0,1.0,5104b68fd7d7,169475.0,24588.0,ok,530.0,0.9006638147219355,588.4548611111111,20068.0,705.0,10000.0,-3154.2712488883744,6845.7287511116365,-31.542712488883744,35.004714645927365,2340.246294761,1.6671541273641495,-3152.6040947609963,13497.81423543307,-16652.085484321447,78.4756641594946,-46.51420526346773,97.19733139380024,-58.243532952000585,0.8105780052679744,0.32452830188679244,-0.137991621348037,-0.26288074776116616,-0.016432671280445035,-0.01736652848444888,0.12062509286358815,34.11698113207547,123.9952113753913,0.38187177410528045,0.0,2.0,2.0
XRPUSD,atr_arm,5.0,1.0,1245719458bf,169475.0,24512.0,ok,1019.0,1.7316536362295325,588.4548611111111,6146.0,1368.0,10000.0,-3485.616681471454,6509.44067187829,-34.85616681471454,40.46915779677897,4115.1246400956,43.64864137584325,-3443.9335360006226,26863.157864285116,-30348.77454575657,73.79988424254152,-46.33400694008636,104.66623512300008,-60.70677023000006,0.8851480254592745,0.3572129538763494,-0.07951551192532327,-0.16214860031721465,0.005791224367477619,0.02524747493156942,0.10476298685689271,105.4170755642787,144.30686155851473,0.3315256831949035,0.0,2.0,4.0
XRPUSD,atr_arm,5.0,1.0,2c1189672370,169475.0,23465.0,ok,800.0,1.3594925505236761,588.4548611111111,466.0,924.0,10000.0,-583.3955042658806,9413.261533314117,-5.833955042658806,13.91404039371707,2862.4983525458,65.1748517200807,-521.5636149658058,20394.292159957244,-20977.687664223125,59.45857772582287,-45.903036464383206,106.44740509310178,-64.22048379810855,0.9721897134896881,0.42875,-0.011650850994520739,-0.09394653900775517,0.06770294266616492,0.06405056196142776,0.0757014129559485,186.6475,227.26850697476274,0.2394866198811838,0.0,2.0,8.0
XRPUSD,wpr_only,5.0,1.0,2c570c3c53d5,169475.0,74364.0,ok,1055.0,1.7928308010030978,588.4548611111111,62162.0,4289.0,10000.0,-4043.260036014223,5956.73996398579,-40.43260036014223,42.427293232124725,3821.9081507076,-18.6338146933675,-3991.1190686991677,11731.066110295495,-15774.326146309717,16.782641073384113,-44.30990490536438,22.833600189000027,-57.61068439600016,0.7436809662414573,0.6625592417061611,-0.0968825386916711,-0.14166298675971356,-0.053867853942469436,0.023134367343654573,0.12001690603532567,7.593364928909953,124.62019463648672,0.3798572170277593,0.09478672985781991,0.5,2.0
XRPUSD,wpr_only,5.0,1.0,f5c9189ca21a,169475.0,74077.0,ok,2452.0,4.166844667355067,588.4548611111111,25009.0,9546.0,10000.0,-5549.241484252003,4450.758515748017,-55.492414842520034,56.41646481740237,6673.288352409,14.52813184302426,-5534.713352408968,24815.77898847786,-30365.020472729866,15.02165798334011,-37.956275590912334,24.420979149560054,-57.58948014600039,0.8172488805256808,0.6737357259380098,-0.0647572892381803,-0.09356907684236304,-0.03747850559595596,0.04002139713780683,0.10477868637598714,32.324225122349105,146.21351328420644,0.33153716248205345,0.0,0.5,4.0
XRPUSD,wpr_only,5.0,1.0,328efc7cd120,169475.0,70771.0,ok,1434.0,2.4368903968136895,588.4548611111111,1010.0,4827.0,10000.0,-3291.6772321232097,6709.214379056609,-32.916772321232095,35.72864315433419,3256.9731890534003,32.15234306980605,-3261.2785613894157,16638.52800665577,-19930.20523877898,18.244000007297995,-38.18046980609,24.449920780314535,-58.19077432500003,0.834839772461627,0.6359832635983264,-0.05455465448554274,-0.08907579362659064,-0.01839805101292162,0.017632445612452537,0.07218710009799527,101.37796373779638,242.06120820933356,0.22838536231972406,0.0,0.5,8.0
XRPUSD,wpr_only,5.0,1.0,dd4b974b8360,169475.0,74364.0,ok,950.0,1.6143974037468654,588.4548611111111,61322.0,3909.0,10000.0,-3690.9515849516365,6309.048415048352,-36.90951584951637,38.597558225858855,3699.1077172021996,-16.267332250557757,-3707.21891720221,14880.126451329968,-18571.078036281604,27.403547792504547,-45.62918436432827,35.74627627983745,-58.43607044999931,0.801252701768806,0.5715789473684211,-0.0950035165833376,-0.14942228660074566,-0.039795125574721577,0.025240145814705513,0.12024366239804313,11.794736842105262,123.99114629150691,0.38058147712761126,0.0,0.75,2.0
XRPUSD,wpr_only,5.0,1.0,9f03c81689e2,169475.0,74077.0,ok,1895.0,3.220297979052958,588.4548611111111,21718.0,7345.0,10000.0,-5670.257766974139,4329.742233025864,-56.70257766974138,59.662331301961515,5703.8853530432,-6.450386069054341,-5676.708153043181,27012.928113952443,-32683.185880926583,25.222155101729637,-39.66406053510508,38.37857732939992,-60.58853977999997,0.8265084136034848,0.5651715039577836,-0.08641947403821304,-0.12908285864858612,-0.045912752951111434,0.017808675307305205,0.10422814934551823,49.444854881266494,146.57557938429625,0.329852717750005,0.0,0.75,4.0
XRPUSD,wpr_only,5.0,1.0,9959b3306a38,169475.0,70771.0,ok,1088.0,1.8489098687121994,588.4548611111111,726.0,3558.0,10000.0,-2330.7637634827724,7663.204744011519,-23.307637634827724,28.182423716378057,2630.0251023996,34.12826108317746,-2299.0526590796007,16534.734921583782,-18865.498685066552,27.88319548327788,-38.11211855569,37.98008279099993,-58.108726070999516,0.8764536362175391,0.5450367647058824,-0.047184080086493045,-0.09706555550457223,0.00011446973579837418,0.022580755713040083,0.06976483579953313,138.31617647058823,249.55336784643356,0.22069451640712026,0.0,0.75,8.0
XRPUSD,wpr_only,5.0,1.0,5536e003be2a,169475.0,74364.0,ok,858.0,1.4580557604366426,588.4548611111111,60280.0,3448.0,10000.0,-3579.9707208865857,6420.029279113424,-35.799707208865854,41.302276093811265,3453.0314569176,-21.11533603100894,-3601.0860569175766,16079.877764016517,-19659.8484849031,37.56980785985168,-45.720577871867675,47.8958670972001,-58.21177648799957,0.8179044602690778,0.4988344988344988,-0.10070353950189725,-0.17229912692173252,-0.03134125162271158,0.019401481018178852,0.12010502052007611,17.166666666666668,124.44284710312508,0.3801527218671564,0.0,1.0,2.0
XRPUSD,wpr_only,5.0,1.0,d4527a09260f,169475.0,74077.0,ok,1529.0,2.598330137188376,588.4548611111111,19229.0,5899.0,10000.0,-4584.179667571754,5415.820332428239,-45.841796675717546,49.911367998973965,5120.1870245764,41.34124299535518,-4542.838424576406,28153.61988249216,-32737.799550063915,36.610689053955994,-43.07605203955778,50.90882744000013,-60.06957659200018,0.859972883621532,0.5029431000654022,-0.07767745347898072,-0.12776130875249722,-0.02751161677279332,0.02525263853866478,0.10293009201764548,67.82275997383911,148.8195615514348,0.3257612632746648,0.0,1.0,4.0
XRPUSD,wpr_only,5.0,1.0,0fea4393ac26,169475.0,70771.0,ok,937.0,1.5923056498008556,588.4548611111111,830.0,3086.0,10000.0,-2576.728618972783,7420.244269145116,-25.767286189727827,30.67397642286159,2309.0185724362,89.91974653657952,-2487.69763160021,14744.365603130924,-17321.094222103708,32.548268439582614,-35.78738475641262,50.52021814139994,-58.43985470399981,0.8512375381178527,0.4834578441835646,-0.06167468278067172,-0.11918560343414522,-0.007704838489051699,0.008786723549500636,0.07046140633017235,162.40981856990396,248.30268064896592,0.22291230217009675,0.0,1.0,8.0
XRPUSD,wpr_only,5.0,1.0,eeb0bcbce7f8,169475.0,74364.0,ok,725.0,1.2320401239120815,588.4548611111111,58332.0,2930.0,10000.0,-4257.133040364275,5742.8669596357495,-42.57133040364275,43.771726443053886,2863.9727847274003,-25.25984436312583,-4153.163267438572,14872.801441931588,-19129.93448229586,53.69242397809237,-42.700746612267544,72.81914153820013,-58.10288730000007,0.7774622257956967,0.3820689655172414,-0.14920240204224094,-0.238618753998225,-0.055234083476854094,-0.028834124752639478,0.12036827728960145,28.706206896551723,123.55658198614411,0.38107942178212023,0.13793103448275862,1.5,2.0
XRPUSD,wpr_only,5.0,1.0,9627adad441d,169475.0,74077.0,ok,1184.0,2.0120489747750407,588.4548611111111,16797.0,4536.0,10000.0,-3511.312254999516,6488.687745000506,-35.113122549995154,43.79204333812882,4502.8051766074,45.412578392118434,-3465.899676607366,28335.745072724967,-31847.057327724484,58.06505137853477,-45.757266275466215,83.18838643199997,-64.67787520000019,0.8897445305898721,0.41216216216216217,-0.0694482360489406,-0.13924606976480386,-0.00433762545293305,0.033551188667056885,0.10299942471599749,95.69256756756756,148.490697213741,0.3259774191008306,0.0,1.5,4.0
XRPUSD,wpr_only,5.0,1.0,82c67e11d27f,169475.0,70771.0,ok,809.0,1.3747868417170674,588.4548611111111,997.0,2653.0,10000.0,-410.9741960869318,9585.115335538703,-4.109741960869318,16.63980019779598,2442.8155751614,37.38372092553056,-374.73858753340755,17467.289170100143,-17878.26336618707,47.46545970135908,-40.5402797419208,76.11663045080367,-62.413365267227476,0.9770126332927728,0.45488257107540175,-0.007732699722279378,-0.08000602747257846,0.06689235806634689,0.06338342019759467,0.07111611991987407,189.8034610630408,247.61323510178963,0.22495466376653955,0.0,1.5,8.0
XRPUSD,wpr_only,5.0,1.0,461613bee59c,169475.0,74364.0,ok,665.0,1.1300781826228057,588.4548611111111,56727.0,2636.0,10000.0,-4026.5238635833357,5973.476136416653,-40.265238635833356,46.430213130683754,2825.6803162598,-19.885452676467494,-4046.4093162598065,16196.292321590307,-20222.816185173644,75.33159219344329,-44.9395915226081,106.95832385280013,-63.03409054000029,0.8008920307283719,0.3233082706766917,-0.14999599679411155,-0.2602791034995202,-0.04525900282223209,-0.029790892236951548,0.12020510455715999,37.61954887218045,123.55658198614411,0.380569990729613,0.0,2.0,2.0
XRPUSD,wpr_only,5.0,1.0,247ec2c731ff,169475.0,74077.0,ok,1029.0,1.7486472931110784,588.4548611111111,15561.0,3993.0,10000.0,-3360.818586435079,6639.181413564918,-33.60818586435079,44.49564911445496,4229.6952839448,79.96940249028185,-3280.8491839448034,27224.733540044654,-30585.552126479735,73.1847675807652,-46.55335179068453,114.52614748438992,-65.43556649000097,0.8901174458928462,0.36151603498542273,-0.07509015219931811,-0.15598556016024856,0.007200003380343264,0.02894460036403289,0.10403475256335103,114.88532555879495,147.28112987517824,0.32927448385848274,0.0,2.0,4.0
XRPUSD,wpr_only,5.0,1.0,e6e58e941c78,169475.0,70771.0,ok,771.0,1.3102109455671929,588.4548611111111,917.0,2613.0,10000.0,1475.9020767268355,11466.876691590483,14.759020767268355,19.348349059098787,2535.8692747334003,85.1606485397612,1557.4461725746023,19219.84078396031,-17743.938707233472,56.19836486538102,-41.36116248772371,116.51347066717288,-75.43901438130412,1.0831778164407868,0.44357976653696496,0.038967062429039766,-0.039082981688813925,0.11764657371777025,0.11193946062571385,0.07297239819667409,200.715953307393,237.9182156133842,0.23072330337666208,0.0,2.0,8.0
XRPUSD,adx_only,5.0,1.0,20eb9c5a7e7d,169475.0,6062.0,ok,462.0,0.785106947927423,588.4548611111111,5126.0,263.0,10000.0,-2576.142520886624,7423.8574791133815,-25.76142520886624,26.426634824959113,1777.454384332,-0.8131634453721291,-2576.9556843319915,5444.22774481827,-8020.3702657048925,18.392661300061725,-48.315483528342725,23.719223586176476,-57.720241583999574,0.6788000509275477,0.6406926406926406,-0.12759725471237413,-0.18910806382779366,-0.06068634214934325,-0.012179147809201549,0.11541810690317258,8.482683982683982,129.42112395674192,0.36535829479150445,0.0,0.5,2.0
XRPUSD,adx_only,5.0,1.0,a24f3e81a670,169475.0,6019.0,ok,1397.0,2.3740138663519694,588.4548611111111,2283.0,874.0,10000.0,-4403.8977925700465,5596.102207429963,-44.038977925700465,44.40543028969163,4000.4080262386,14.795366331446193,-4389.10242623859,14733.781119533858,-19137.678912103904,15.94565056226608,-40.46020911649874,23.91462836799997,-56.41304912599985,0.7698833901019869,0.6614173228346457,-0.08183075699936138,-0.12120732688698217,-0.04108885682783845,0.021013563923041947,0.10284432092240331,32.68790264853257,148.59735209702708,0.3254414387188153,0.0,0.5,4.0
XRPUSD,adx_only,5.0,1.0,be44b73521b9,169475.0,5610.0,ok,1175.0,1.9967546835816492,588.4548611111111,152.0,738.0,10000.0,-1722.3503841661436,8274.711943953887,-17.223503841661437,21.94439783659818,3133.4925055734,25.477978592748645,-1699.8100774533887,16396.804500432867,-18119.15488459901,21.048529525587764,-45.755441627775284,25.116226755285535,-59.254693660000314,0.9049431170970278,0.6629787234042553,-0.030997994669398905,-0.06900073355326185,0.0068291601153909936,0.0426197558694138,0.0736177505388127,92.07829787234043,234.6089167794591,0.23290068760766053,0.0,0.5,8.0
XRPUSD,adx_only,5.0,1.0,821dde5c95a0,169475.0,6062.0,ok,434.0,0.7375247086590943,588.4548611111111,5090.0,273.0,10000.0,-2729.3729440523157,7270.627055947697,-27.29372944052316,28.634564799385586,1755.1626791894,-3.1328351370773686,-2732.5057791893823,6934.911399251922,-9664.28434330424,29.510261273412436,-48.564242931177084,36.75436280457851,-58.27482011999931,0.7175814734855847,0.5414746543778802,-0.14490088678796995,-0.2326590953899355,-0.06321372930231185,-0.029629411703533202,0.11527147508443676,12.684331797235023,129.51544650104182,0.36492865626237525,0.0,0.75,2.0
XRPUSD,adx_only,5.0,1.0,da6265cfd447,169475.0,6019.0,ok,1207.0,2.0511343856025963,588.4548611111111,2099.0,760.0,10000.0,-3441.611675420968,6558.388324579049,-34.41611675420968,34.97610264705171,3941.2636877428004,42.032987678162904,-3399.5786877427927,19034.39918778748,-22476.010863208445,27.38762473062947,-43.898458717203994,35.61287497180009,-56.53386563500006,0.8468762229931723,0.575807787903894,-0.06799384743398397,-0.11692114209251878,-0.01769565370048579,0.03460232318264192,0.10259617061662589,49.07622203811102,148.86892880905066,0.324659737733504,0.0,0.75,4.0
XRPUSD,adx_only,5.0,1.0,b437b0f55cfb,169475.0,5610.0,ok,931.0,1.5821094556719282,588.4548611111111,106.0,547.0,10000.0,-1840.4254087336822,8155.477524730011,-18.40425408733682,21.42728613699284,2500.0212472528,19.374661480885685,-1822.687169131781,15650.79652215072,-17491.221930884403,30.62778184373918,-41.64576650210572,37.022188103999916,-57.658176504607894,0.8947800550466959,0.5488721804511278,-0.042045680727519734,-0.09453063328579965,0.00717706205388948,0.029853008683203557,0.07189868941072329,128.67561761546725,239.7666150059257,0.2274514018216314,0.0,0.75,8.0
XRPUSD,adx_only,5.0,1.0,8822505d8858,169475.0,6062.0,ok,411.0,0.6984392978315386,588.4548611111111,5052.0,260.0,10000.0,-2759.073477842835,7240.926522157195,-27.59073477842835,29.65811923929843,1688.4824762656,-3.62079842275684,-2762.69427626556,7675.020622075879,-10434.094099918715,39.76694622837243,-47.8628169721042,49.14811556473825,-58.75248257999931,0.7355713441510624,0.46958637469586373,-0.15451140866220547,-0.24984108837482988,-0.057839905796288525,-0.039224824144531364,0.1152865845176741,17.856447688564476,129.47199238049978,0.36497910242132814,0.0,1.0,2.0
XRPUSD,adx_only,5.0,1.0,88d2c6a947a0,169475.0,6019.0,ok,1075.0,1.8268181147661897,588.4548611111111,1951.0,671.0,10000.0,-2624.8399711441584,7375.160028855858,-26.248399711441582,32.00409900396973,3789.4623203264,61.0920508177597,-2563.74792032637,21212.185158410426,-23837.025129554582,38.427871663787,-45.57748590737014,48.313134765000065,-57.060309804960006,0.8898839113992576,0.5134883720930232,-0.0541335054139641,-0.11443341818621673,0.008068774941948412,0.04852987259746327,0.10266337801142734,63.96372093023256,148.27929622662393,0.3248453344182623,0.0,1.0,4.0
XRPUSD,adx_only,5.0,1.0,6e73e2956e15,169475.0,5610.0,ok,814.0,1.3832836701578404,588.4548611111111,117.0,437.0,10000.0,165.28452341402817,10160.178762713333,1.6528452341402817,12.551023315258297,2656.7452383778,45.76373820817235,209.00895412118734,18761.657301680294,-18596.372778266265,44.77722506367612,-47.07942475510447,56.84633896396062,-65.52368497094982,1.0088879979652376,0.5147420147420148,0.006080103558519415,-0.05970801555745484,0.06836446446398947,0.07804468079384032,0.0719645772353209,150.1068796068796,240.46060168819596,0.2276257848907415,0.0,1.0,8.0
XRPUSD,adx_only,5.0,1.0,9b74cc93a5b2,169475.0,6062.0,ok,385.0,0.6542557899395192,588.4548611111111,4989.0,260.0,10000.0,-2960.3182286304427,7039.681771369565,-29.603182286304424,31.096898876181694,1697.9438400436002,-8.967511413156316,-2969.2857400435987,8881.886183108021,-11842.204411738463,62.54849424723959,-48.73335148863565,72.35218508279989,-58.14744346399931,0.7500196647765971,0.36883116883116884,-0.1786343199959956,-0.30101436187288316,-0.05971565183291066,-0.06246486357051976,0.11616945642547585,26.433766233766235,128.77056304928706,0.3678163425093585,0.0,1.5,2.0
XRPUSD,adx_only,5.0,1.0,cb3bece8ab10,169475.0,6019.0,ok,884.0,1.502239268328662,588.4548611111111,1782.0,586.0,10000.0,-1077.8281198082118,8922.171880191825,-10.778281198082118,22.50378974248697,3589.9292247191997,75.77439508901644,-1002.0537247191696,23961.759323312894,-25039.587443121105,63.223639375495765,-49.58334147152694,75.85550083440012,-59.264912683788005,0.9569550368089506,0.4287330316742081,-0.02214335433990859,-0.10355581314362211,0.05975070750724639,0.07985701681374673,0.1020003711536553,89.79524886877829,150.62997851709014,0.3226988554970341,0.0,1.5,4.0
XRPUSD,adx_only,5.0,1.0,101a1d7ae065,169475.0,5610.0,ok,703.0,1.1946540787726805,588.4548611111111,123.0,322.0,10000.0,-378.0865963945088,9615.23973916788,-3.7808659639450877,13.174264077576101,2387.4671409588,73.4395554357166,-307.3177832148067,17167.06158259604,-17545.148178990552,54.67217064521032,-45.10320868635103,81.10626073342264,-64.42040154334046,0.9784506467236765,0.4466571834992888,-0.008220758013294385,-0.08779697651906172,0.06923562197147946,0.06476135167709851,0.07298210969039289,179.45092460881935,238.1287207612627,0.2308744607290819,0.0,1.5,8.0
XRPUSD,adx_only,5.0,1.0,b5acf63ba5bf,169475.0,6062.0,ok,360.0,0.6117716477356543,588.4548611111111,4946.0,242.0,10000.0,-2941.8574046601593,7058.142595339826,-29.41857404660159,30.799373800428864,1633.8114859774,-13.0555813172354,-2954.912985977401,9210.959196198366,-12152.816600858525,83.73599269271241,-48.6112664034341,96.74552044065591,-57.92453431599931,0.7579279354505906,0.3055555555555556,-0.18870599307858393,-0.3364544205552224,-0.04268501807193032,-0.07182502197086046,0.11688097110772347,33.419444444444444,127.7316240048343,0.3701219386983638,0.0,2.0,2.0
XRPUSD,adx_only,5.0,1.0,8f0add012268,169475.0,6019.0,ok,786.0,1.3357014308895119,588.4548611111111,1696.0,474.0,10000.0,1434.706427678978,11434.706427678955,14.347064276789778,23.773626736540567,3911.7802679522,74.17260436883141,1508.879032047811,28740.274920148568,-27305.56849246959,91.82196460111363,-57.72847461410061,121.32293449920037,-70.2263191559999,1.0525426316641109,0.3982188295165394,0.038934302886366554,-0.04837987030997267,0.13753250945062556,0.14146647396160678,0.10253217107524025,108.9910941475827,148.32757114703614,0.32428872926295793,0.0,2.0,4.0
XRPUSD,adx_only,5.0,1.0,9fbb985af08a,169475.0,5610.0,ok,654.0,1.1113851600531053,588.4548611111111,124.0,287.0,10000.0,154.93138619085937,10147.887521495093,1.5493138619085938,14.433132003883442,2383.5954577654,106.55135604374689,258.66384906664825,17328.471697140565,-17173.540310949706,61.66715906455717,-46.041663032036745,110.77909097122564,-66.66166799862567,1.0090215170189503,0.42966360856269115,0.00797987681766496,-0.07542262292678029,0.09555258232525869,0.08189609453157673,0.07391621771391177,193.94954128440367,236.97500258867427,0.2337875400158832,0.0,2.0,8.0
XRPUSD,atr_banded,5.0,1.0,5d0bd0991cb2,169475.0,6502.0,ok,240.0,0.40784776515710286,588.4548611111111,5739.0,114.0,10000.0,-1567.408479708267,8432.591520291737,-15.674084797082669,17.435065391385923,986.9553232234,1.97215648487599,-1565.4363232233882,2896.527117468513,-4463.93559717678,19.056099457029692,-50.726540877008865,22.067354836000025,-56.0250313679999,0.6488729629747401,0.6333333333333333,-0.14070982459170012,-0.23610190733446207,-0.04536179514169491,-0.02344000486740171,0.11726981972429845,7.454166666666667,130.77528969500295,0.3712541313147612,0.0,0.5,2.0
XRPUSD,atr_banded,5.0,1.0,8d0a8ca5bf5b,169475.0,6485.0,ok,980.0,1.6653783743915032,588.4548611111111,3306.0,268.0,10000.0,-3389.673694320569,6610.32630567945,-33.89673694320569,36.84812594672952,3431.2420745482,-26.024080227644586,-3342.427375181801,12243.128627025286,-15632.802321345855,18.806649196659425,-47.51611647825488,24.390363999599973,-58.15558335399977,0.783169157733663,0.6642857142857143,-0.08318674881720184,-0.1273982994299009,-0.04009866037314212,0.023074282569334633,0.10626103138653646,28.216326530612246,144.28808944335555,0.33628673258567,0.10204081632653061,0.5,4.0
XRPUSD,atr_banded,5.0,1.0,e93c952cf0fb,169475.0,6267.0,ok,1150.0,1.9542705413777843,588.4548611111111,318.0,121.0,10000.0,-3949.11860289112,6051.505094506466,-39.4911860289112,40.14970786458014,2840.7734131034003,-63.488810212272455,-4013.827690711385,12871.844849030102,-16820.96345192122,17.681105561854537,-39.86010296663796,23.95392865619997,-58.00266943799952,0.7652263727830604,0.6330434782608696,-0.08613623988340778,-0.12860398387415511,-0.043914389898028476,-0.005762771692403434,0.08037346819100435,83.9095652173913,206.50688775290024,0.254344429740859,0.0,0.5,8.0
XRPUSD,atr_banded,5.0,1.0,ad9053359a1c,169475.0,6502.0,ok,234.0,0.3976515710281753,588.4548611111111,5713.0,78.0,10000.0,-1496.709736405731,8503.29026359427,-14.967097364057311,16.346017103254436,1000.1449626732001,-1.09452626746485,-1497.8042626731967,3878.5488195062253,-5375.258555911957,30.301162652392385,-50.709986376527894,34.27758304200014,-55.910594619000854,0.7215557687435181,0.5470085470085471,-0.13658185217182608,-0.25359290196341894,-0.021630981848995798,-0.01928924637734592,0.11729260579448018,11.371794871794872,130.77528969500295,0.37131402157253596,0.0,0.75,2.0
XRPUSD,atr_banded,5.0,1.0,47ad82c55a16,169475.0,6485.0,ok,881.0,1.4971411712641984,588.4548611111111,3149.0,134.0,10000.0,-3019.7318111585096,6980.268188841486,-30.197318111585098,33.585900929960125,3170.6976709294004,-26.89815977089278,-2963.1769086493923,14739.910803462328,-17759.642614620836,29.30399762119747,-46.98318152016094,37.362178400000076,-58.66457190268402,0.8299666340879811,0.5709421112372304,-0.07969046796376622,-0.1389206834542446,-0.023708609259524855,0.025596908540012002,0.10528737650377823,42.72644721906924,145.85928396351596,0.3332027401304226,0.11350737797956867,0.75,4.0
XRPUSD,atr_banded,5.0,1.0,a9337b0a76a0,169475.0,6267.0,ok,920.0,1.5634164331022276,588.4548611111111,283.0,95.0,10000.0,-4268.481565792747,5732.109069111897,-42.684815657927466,42.86043117862915,2297.223620194,-61.192254401248384,-4330.829410310984,12424.505181852966,-16692.986747645715,26.047180674744165,-37.68168566059981,36.46361541200578,-57.369381923321626,0.7442949167622893,0.5184782608695652,-0.11926370101250286,-0.17249246018098177,-0.0669452301208089,-0.04149262036523058,0.07777108064727227,119.04021739130435,216.5537851127515,0.24615438853484423,0.0,0.75,8.0
XRPUSD,atr_banded,5.0,1.0,e4572321b76b,169475.0,6502.0,ok,224.0,0.3806579141466293,588.4548611111111,5700.0,59.0,10000.0,-1912.299426282722,8087.700573717268,-19.12299426282722,19.43237858304662,976.8099624836,-1.6504362008753,-1913.949862483605,4167.192514185076,-6079.491940467797,40.854828570441924,-49.831901151375384,46.72781835779971,-56.21951467499948,0.6854507835509072,0.45535714285714285,-0.18688590174546055,-0.32213806293073205,-0.049148140088508194,-0.06993024666645097,0.11695565507900962,15.370535714285714,130.77528969500295,0.3703368012475683,0.0,1.0,2.0
XRPUSD,atr_banded,5.0,1.0,7b0ff7abdc86,169475.0,6485.0,ok,790.0,1.3424988936421303,588.4548611111111,2914.0,92.0,10000.0,-3176.277629414816,6823.722370585186,-31.76277629414816,33.92938493405319,2809.6513206552,-30.604891240383544,-3206.8825206551983,14828.7541507522,-18005.031780167017,38.022446540390256,-45.01257945041754,49.129040006999944,-57.75311668950672,0.8235894460950874,0.4936708860759494,-0.09422977659990507,-0.16146342547768766,-0.025858279538119464,0.01049357851796923,0.10472335511787428,62.51012658227848,146.74595510311718,0.33144765771495277,0.0,1.0,4.0
XRPUSD,atr_banded,5.0,1.0,7258e7af92c4,169475.0,6267.0,ok,816.0,1.3866824015341497,588.4548611111111,245.0,86.0,10000.0,-3379.253974062778,6621.428092921111,-33.79253974062778,34.18959994315179,2201.3616189102,-66.742344847415,-3447.3307978911844,13352.728163711537,-16731.982137774314,33.97640754125073,-39.55551332807166,48.75928282580001,-56.72945168800018,0.7980362430322147,0.48161764705882354,-0.09892299678378627,-0.1590700004131558,-0.03481051976832846,-0.021714921378133665,0.0772080754056526,142.44117647058823,217.90694795338857,0.24434072662134249,0.0,1.0,8.0
XRPUSD,atr_banded,5.0,1.0,ae6a6e9cb738,169475.0,6502.0,ok,220.0,0.3738604513940109,588.4548611111111,5657.0,40.0,10000.0,-1184.146337365738,8815.853662634265,-11.84146337365738,12.33762518431875,1039.0475422948,-8.904604929059886,-1193.0509422947944,5793.389046411405,-6977.535383777142,66.59067869438397,-52.46267205847475,71.99428096399969,-56.77699269999947,0.8302916040929162,0.39545454545454545,-0.11071775284568426,-0.28223381950993376,0.06280901045454636,0.0063395868071279456,0.1170573396528122,24.51818181818182,130.22305638565462,0.3705269683730173,0.0,1.5,2.0
XRPUSD,atr_banded,5.0,1.0,64423a0eab03,169475.0,6485.0,ok,697.0,1.1844578846437528,588.4548611111111,2691.0,69.0,10000.0,-3550.6641680108705,6449.335831989141,-35.5066416801087,36.674394724061635,2468.0701513372005,-58.0022833263236,-3608.6664513371725,14446.784926213588,-17997.44909422446,53.309169469422834,-42.24753308503394,72.65330293639983,-56.15271180000038,0.8027129206243839,0.38880918220946914,-0.12225884353266567,-0.21448680591434516,-0.030890094599915867,-0.018218257827203176,0.10404058570546247,87.83644189383071,147.25130890052333,0.32931729925659736,0.0,1.5,4.0
XRPUSD,atr_banded,5.0,1.0,beae9500eeeb,169475.0,6267.0,ok,713.0,1.2116477356542263,588.4548611111111,241.0,120.0,10000.0,-3275.171553191811,6725.521534623024,-32.751715531918116,33.19795834287976,2036.9953948154,-64.36034162358514,-3340.887936293406,12521.850680500846,-15797.022233692658,40.5237886100351,-39.10154018240757,71.42896256340008,-56.254286024999814,0.7926715867876436,0.43338008415147267,-0.10862151734849965,-0.18576274173035673,-0.03481940372449858,-0.03133526589701682,0.07728625145148284,170.37166900420758,218.0778422669869,0.24458899668763215,0.0,1.5,8.0
XRPUSD,atr_banded,5.0,1.0,ddd76a9fda2b,169475.0,6502.0,ok,208.0,0.3534680631361558,588.4548611111111,5626.0,36.0,10000.0,-1485.5030370136606,8514.496962986363,-14.855030370136605,16.40557141283129,970.0028552026,-14.20881818893714,-1499.711855202584,5666.671400918938,-7152.174437932599,85.85865758968089,-50.367425619243654,93.81728228599968,-56.42796779100011,0.7923005024688605,0.3173076923076923,-0.14967186121434922,-0.3529180885113455,0.040647366213663,-0.03287278289681861,0.11679907831753057,33.69711538461539,130.22305638565462,0.3697696988478901,0.0,2.0,2.0
XRPUSD,atr_banded,5.0,1.0,bdebe113889d,169475.0,6485.0,ok,628.0,1.0672016521610856,588.4548611111111,2499.0,64.0,10000.0,-1668.6106086017423,8331.389391398208,-16.686106086017425,19.34410533515227,2572.9306791732,-56.54377057146105,-1725.1543791732438,17229.871188058532,-18898.48179666028,75.23961217492808,-47.36461603173002,97.80910610431509,-56.71737212907799,0.9117066319635992,0.3646496815286624,-0.05347264041922097,-0.1588039425010242,0.05425963741135307,0.049912417617609825,0.10338505803683076,110.10031847133757,149.07497403535996,0.3271380486144792,0.0,2.0,4.0
XRPUSD,atr_banded,5.0,1.0,a7ed0305cf62,169475.0,6267.0,ok,681.0,1.1572680336332792,588.4548611111111,250.0,119.0,10000.0,-3259.3858060487278,6741.308914481835,-32.59385806048728,32.60745041970702,1988.5053806186002,-15.043174569864398,-3275.788216540587,12170.947005084729,-15430.332811133458,43.62346596804562,-38.383912465506114,93.63333353400002,-56.254286024999814,0.7887676276368464,0.40969162995594716,-0.1127236937445725,-0.19731663637925095,-0.022734855852780445,-0.034841107580990904,0.07788258616358158,181.30396475770925,218.0778422669869,0.24651050732338292,0.0,2.0,8.0
XRPUSD,atr_adx,5.0,1.0,6d2bde0b26d0,169475.0,9534.0,ok,508.0,0.8632777695825343,588.4548611111111,8007.0,495.0,10000.0,-3056.203686693144,6943.79631330685,-30.562036866931443,30.918281284318095,1927.1079012712,2.15508542193821,-2984.968864943213,5737.476627803604,-8793.680314496745,17.873758965120263,-47.02502841976869,23.358476195999902,-57.11401297500015,0.652454538101088,0.6318897637795275,-0.1422188747738204,-0.20689331926060003,-0.07436569703684862,-0.025535399764004287,0.11668347500981609,7.5236220472440944,128.7180956945407,0.3693906492571361,0.19685039370078738,0.5,2.0
XRPUSD,atr_adx,5.0,1.0,310418310d96,169475.0,9476.0,ok,1505.0,2.5575453606726657,588.4548611111111,3378.0,1462.0,10000.0,-4089.7699802549487,5910.230019745042,-40.89769980254949,43.096049492917025,4690.550571917401,5.77430833754056,-4083.995671917416,17535.62378500169,-21625.39376525664,17.396452167660406,-43.51185868260893,24.342564913199936,-58.24545320518312,0.8108811324015949,0.6697674418604651,-0.06862058028083545,-0.10399501055785917,-0.03367545907927491,0.034715487458574446,0.10333606773940988,33.10431893687708,148.32869080779858,0.3269929886609367,0.0,0.5,4.0
XRPUSD,atr_adx,5.0,1.0,04f32e110040,169475.0,8853.0,ok,1210.0,2.05623248266706,588.4548611111111,211.0,1115.0,10000.0,-3673.4565572738634,6321.5676000951735,-36.73456557273863,38.1587516286764,2598.03898216,34.29587511387198,-3641.1545468859977,13030.372076336236,-16703.8286336101,17.07781399257698,-37.36874414677875,23.842581739600114,-55.55362259300003,0.7800829595508163,0.6305785123966943,-0.07448085549552269,-0.11268036342429794,-0.0354078687278791,-0.001295410229883265,0.07318544526563943,92.87355371900827,232.16292236335218,0.23155305035712145,0.0,0.5,8.0
XRPUSD,atr_adx,5.0,1.0,3e2825ddfa53,169475.0,9534.0,ok,488.0,0.8292904558194424,588.4548611111111,7932.0,448.0,10000.0,-2979.590491607026,7020.409508392971,-29.79590491607026,30.98594389160204,1932.6128881666,-7.84549655958347,-2987.4359881666196,7537.21225848591,-10516.802750092937,28.44231040938079,-47.160550448847246,36.07508743559997,-57.43190583600017,0.7166828586206301,0.5430327868852459,-0.14299642678350843,-0.21765935312947743,-0.06272591136823985,-0.026195659658448552,0.1168007671250599,11.069672131147541,127.88953860564945,0.3697671586177135,0.0,0.75,2.0
XRPUSD,atr_adx,5.0,1.0,507eeeee65b7,169475.0,9476.0,ok,1275.0,2.1666912523971087,588.4548611111111,3085.0,1218.0,10000.0,-2986.4080937384524,7013.591906261548,-29.864080937384525,33.981320657620735,4506.3889153256005,20.868278412843875,-2965.5398153256056,22128.499034340795,-25114.90712807925,29.702683267571537,-47.38661722279104,37.46791619879988,-60.70261577076065,0.8810902195055479,0.5843137254901961,-0.05374253411812473,-0.10337000399193338,-0.007408694910267503,0.04924647873296408,0.10298901285108879,48.82666666666667,148.1965784025287,0.32588143427426447,0.0,0.75,4.0
XRPUSD,atr_adx,5.0,1.0,8bbecddc9b1f,169475.0,8853.0,ok,955.0,1.6228942321876383,588.4548611111111,145.0,802.0,10000.0,-955.4593416721486,9037.426270624475,-9.554593416721486,18.542164501169335,2534.6571988422,57.94654282995101,-900.3635977401482,16357.655869379514,-17313.115211051663,30.291955313665767,-41.71834990614859,37.049489736000034,-59.106410004341065,0.9448129738625987,0.5654450261780105,-0.019397710281403267,-0.07202245340640574,0.032215805076814805,0.05219169216759842,0.07158940244900168,128.30785340314137,238.88154997798384,0.22644944791402438,0.0,0.75,8.0
XRPUSD,atr_adx,5.0,1.0,ce8f5bf45470,169475.0,9534.0,ok,462.0,0.785106947927423,588.4548611111111,7878.0,424.0,10000.0,-2922.4903370520315,7077.5096629479685,-29.224903370520316,33.44235019675655,1895.1783199493998,-6.062282897376588,-2928.5526199494143,8574.447828247869,-11496.9381652999,39.152729809351,-47.312502737859674,50.30444349479992,-59.750086514999964,0.745802726340418,0.474025974025974,-0.14703364070018057,-0.24012167488070493,-0.05934263801052088,-0.030215701819809197,0.11681793888037136,14.666666666666666,127.20645523555316,0.36983954552323256,0.0,1.0,2.0
XRPUSD,atr_adx,5.0,1.0,76d014a2d577,169475.0,9476.0,ok,1109.0,1.884596548163446,588.4548611111111,2905.0,1032.0,10000.0,-2844.409911394291,7155.590088605676,-28.44409911394291,37.93879315810633,3815.2656367552004,39.994274639084196,-2804.415636755227,21245.60014880894,-24090.010060203233,37.53639602263063,-44.364659411055676,49.378632657960054,-58.3042305134803,0.8819257482962505,0.5103697024346258,-0.05785653089618325,-0.11733058217002408,-0.0014425539025139853,0.0453597258613597,0.10321625675754294,64.92155094679892,147.67133661491746,0.32660346958278647,0.0,1.0,4.0
XRPUSD,atr_adx,5.0,1.0,d65c8a0c1d0f,169475.0,8853.0,ok,827.0,1.40537542410385,588.4548611111111,146.0,664.0,10000.0,-1345.978620363431,8647.215087409711,-13.45978620363431,16.433979368937937,2421.7056745540003,64.60734580943546,-1284.0986168339768,16687.393312214477,-18033.37193257791,39.826714348960564,-44.199441011220365,51.47210249398858,-58.57598091569196,0.9253617889435378,0.5066505441354293,-0.03286963778008205,-0.09364246500375722,0.02838356446136657,0.03846176433951379,0.07133140211959584,152.46916565900847,243.71953505811797,0.22566530538155863,0.0,1.0,8.0
XRPUSD,atr_adx,5.0,1.0,89f9cdaf84bb,169475.0,9534.0,ok,416.0,0.7069361262723116,588.4548611111111,7736.0,358.0,10000.0,-1735.4537037776004,8264.546296222392,-17.354537037776005,23.147818082917034,1910.0071141,-16.36671032240607,-1751.8204141000188,10862.351222578069,-12597.804926355668,64.27426758921933,-51.00325881115655,74.05503142320023,-58.133087473999964,0.8622415798686576,0.40625,-0.08777664495645963,-0.20543806448864552,0.03351563339154389,0.029666555466767806,0.11744320042322741,24.908653846153847,126.28083964067415,0.3717103976259425,0.0,1.5,2.0
XRPUSD,atr_adx,5.0,1.0,9de6a42ad45b,169475.0,9476.0,ok,909.0,1.544723410532527,588.4548611111111,2634.0,819.0,10000.0,-163.40067368759867,9836.599326312384,-1.6340067368759865,22.57613897366183,3860.9580542004,63.77721948718862,-99.62345420042038,26010.00273762465,-26173.403411312247,65.1879767860267,-51.32039884571029,79.4587986603001,-61.623596894999714,0.9937569955607312,0.4389438943894389,6.0966122315525484e-05,-0.07692084215499768,0.0798416593614049,0.10265980712286832,0.10259884100055278,92.11331133113312,150.02199736031685,0.3245498601063199,0.0,1.5,4.0
XRPUSD,atr_adx,5.0,1.0,f32d54ab822d,169475.0,8853.0,ok,723.0,1.2286413925357722,588.4548611111111,165.0,542.0,10000.0,-336.1601211289713,9656.240190449666,-3.361601211289713,10.776446242787419,2317.5934615212,89.21575960777318,-249.98962476519955,16996.09522481784,-17332.25534594681,52.29567761482412,-43.548380266198016,76.23294367863535,-63.684160302747145,0.9806049406485589,0.44951590594744123,-0.006671793843785438,-0.08168006793897763,0.07146308194801584,0.06565458645057702,0.07232638029436246,177.0276625172891,238.08418805402098,0.22879520943528212,0.0,1.5,8.0
XRPUSD,atr_adx,5.0,1.0,46cfb055642f,169475.0,9534.0,ok,377.0,0.6406608644342824,588.4548611111111,7633.0,316.0,10000.0,-1971.2277430604172,8028.772256939577,-19.71227743060417,29.370883833823374,1769.8084420136001,-13.843598953187715,-1985.071342013609,10710.714967607682,-12681.942710668098,85.00567434609272,-50.52566816999242,103.20898492199991,-59.642176968000605,0.8445642132256116,0.33421750663129973,-0.11142878855570532,-0.24985112658032435,0.033998881569372995,0.0064563425482417666,0.11788513110394713,35.684350132625994,125.97110288245261,0.3731484764047309,0.0,2.0,2.0
XRPUSD,atr_adx,5.0,1.0,5dbff6d90caa,169475.0,9476.0,ok,813.0,1.3815843044696858,588.4548611111111,2451.0,716.0,10000.0,-843.3766089203887,9156.62339107961,-8.433766089203887,26.890365403762758,3697.8820038108006,33.193705109577294,-810.1829038108044,25626.061099847113,-26469.437708767502,82.66471322531326,-52.62313659794732,113.53397776500007,-66.61568465050834,0.9681377210124477,0.3813038130381304,-0.017008058428550375,-0.11138294953323953,0.07913874815165987,0.0861214424354557,0.10312950086400607,108.22017220172202,147.52851711026793,0.3262613725062505,0.0,2.0,4.0
XRPUSD,atr_adx,5.0,1.0,239cee1d4ab2,169475.0,8853.0,ok,686.0,1.1657648620740522,588.4548611111111,164.0,481.0,10000.0,-228.89444142631294,9763.421294923435,-2.2889444142631294,10.298683476602932,2391.9704445628004,99.53789686351368,-132.43569785880754,17601.14510565297,-17830.039547079286,60.48503472732979,-45.13934062551718,106.00819448699983,-64.53617061065238,0.9871624265991148,0.42419825072886297,-0.00346099236045862,-0.09146108838161832,0.0869987698474272,0.07025820864463701,0.07371920100509562,189.8411078717201,235.09004668013642,0.23318792664838855,0.0,2.0,8.0
XRPUSD,hwpr_v2,,,,,,family 'hwpr_v2' does not use an ATR sto,,,,,,,,,,,,,,,,,,,,,,,,,,,,,,,0.5,2.0
XRPUSD,hwpr_v2,,,,,,family 'hwpr_v2' does not use an ATR sto,,,,,,,,,,,,,,,,,,,,,,,,,,,,,,,0.5,4.0
XRPUSD,hwpr_v2,,,,,,family 'hwpr_v2' does not use an ATR sto,,,,,,,,,,,,,,,,,,,,,,,,,,,,,,,0.5,8.0
XRPUSD,hwpr_v2,,,,,,family 'hwpr_v2' does not use an ATR sto,,,,,,,,,,,,,,,,,,,,,,,,,,,,,,,0.75,2.0
XRPUSD,hwpr_v2,,,,,,family 'hwpr_v2' does not use an ATR sto,,,,,,,,,,,,,,,,,,,,,,,,,,,,,,,0.75,4.0
XRPUSD,hwpr_v2,,,,,,family 'hwpr_v2' does not use an ATR sto,,,,,,,,,,,,,,,,,,,,,,,,,,,,,,,0.75,8.0
XRPUSD,hwpr_v2,,,,,,family 'hwpr_v2' does not use an ATR sto,,,,,,,,,,,,,,,,,,,,,,,,,,,,,,,1.0,2.0
XRPUSD,hwpr_v2,,,,,,family 'hwpr_v2' does not use an ATR sto,,,,,,,,,,,,,,,,,,,,,,,,,,,,,,,1.0,4.0
XRPUSD,hwpr_v2,,,,,,family 'hwpr_v2' does not use an ATR sto,,,,,,,,,,,,,,,,,,,,,,,,,,,,,,,1.0,8.0
XRPUSD,hwpr_v2,,,,,,family 'hwpr_v2' does not use an ATR sto,,,,,,,,,,,,,,,,,,,,,,,,,,,,,,,1.5,2.0
XRPUSD,hwpr_v2,,,,,,family 'hwpr_v2' does not use an ATR sto,,,,,,,,,,,,,,,,,,,,,,,,,,,,,,,1.5,4.0
XRPUSD,hwpr_v2,,,,,,family 'hwpr_v2' does not use an ATR sto,,,,,,,,,,,,,,,,,,,,,,,,,,,,,,,1.5,8.0
XRPUSD,hwpr_v2,,,,,,family 'hwpr_v2' does not use an ATR sto,,,,,,,,,,,,,,,,,,,,,,,,,,,,,,,2.0,2.0
XRPUSD,hwpr_v2,,,,,,family 'hwpr_v2' does not use an ATR sto,,,,,,,,,,,,,,,,,,,,,,,,,,,,,,,2.0,4.0
XRPUSD,hwpr_v2,,,,,,family 'hwpr_v2' does not use an ATR sto,,,,,,,,,,,,,,,,,,,,,,,,,,,,,,,2.0,8.0
